ISODateTimeUTC,SecondsSince1970,Lat,Lon,SOG,COG,Heading,Heel,Trim,TimeToGunCalc,BelowLineCalc,Leg,VMC,XTE
2026-09-26T19:48:01.000Z,1790452081.000,32.643149818,-117.188458211,5.936,211.087,198.3,-4.961,2.127,419,17.513,,,
2026-09-26T19:48:02.000Z,1790452082.000,32.64312781,-117.188471742,5.4,205.652,195.86,-8.02,7.069,418,17.047,,,
2026-09-26T19:48:03.000Z,1790452083.000,32.643105671,-117.188484361,5.1,204.275,197.162,-7.354,3.869,417,16.365,,,
2026-09-26T19:48:04.000Z,1790452084.000,32.643083367,-117.188496552,5.329,203.434,196.746,-9.287,6.505,416,15.865,,,
2026-09-26T19:48:05.000Z,1790452085.000,32.643062207,-117.18850893,5.232,202.476,196.135,-3.766,3.93,415,15.334,,,
2026-09-26T19:48:06.000Z,1790452086.000,32.643039367,-117.188519169,5.339,203.33,195.444,-5.23,3.347,414,15.048,,,
2026-09-26T19:48:07.000Z,1790452087.000,32.643016201,-117.188528772,5.677,198.2,193.823,-8.979,4.34,413,14.904,,,
2026-09-26T19:48:08.000Z,1790452088.000,32.642992887,-117.188542448,5.7,211.9,197.399,-5.696,2.744,412,13.972,,,
2026-09-26T19:48:09.000Z,1790452089.000,32.64296926,-117.188557887,6.17,211.806,199.511,-9.057,1.694,411,13.006,,,
2026-09-26T19:48:10.000Z,1790452090.000,32.642946291,-117.188571723,5.77,205.03,197.438,-8.351,7.397,410,12.507,,,
2026-09-26T19:48:11.000Z,1790452091.000,32.642924105,-117.188586149,5.332,205.514,195.217,-0.551,6.275,409,11.947,,,
2026-09-26T19:48:12.000Z,1790452092.000,32.642901496,-117.188596547,5.145,199.18,194.281,-6.155,4.766,408,11.66,,,
2026-09-26T19:48:13.000Z,1790452093.000,32.642879642,-117.188606509,5.07,202.661,195.17,-5.486,4.397,407,11.246,,,
2026-09-26T19:48:14.000Z,1790452094.000,32.642857984,-117.188617405,5.061,205.305,200.536,-12.611,4.964,406,10.38,,,
2026-09-26T19:48:15.000Z,1790452095.000,32.64283734,-117.188631762,5.4,208.263,202.9,-7.097,7.162,405,9.416,,,
2026-09-26T19:48:16.000Z,1790452096.000,32.642816314,-117.188648228,5.6,212.524,205.403,-6.103,2.979,404,8.261,,,
2026-09-26T19:48:17.000Z,1790452097.000,32.642796104,-117.188665846,5.688,218.749,208.625,-5.951,1.91,403,6.924,,,
2026-09-26T19:48:18.000Z,1790452098.000,32.642775757,-117.188684197,5.529,222.008,217.097,-13.484,1.616,402,5.133,,,
2026-09-26T19:48:19.000Z,1790452099.000,32.642761158,-117.188706837,5.273,236.318,228.26,-0.887,5.846,401,2.658,,,
2026-09-26T19:48:20.000Z,1790452100.000,32.6427502,-117.188730133,4.833,244.033,236.733,-3.967,2.4,400,0.287,,,
2026-09-26T19:48:21.000Z,1790452101.000,32.642744206,-117.188752372,4.304,254.484,242.098,-1.356,4.24,399,-1.886,,,
2026-09-26T19:48:22.000Z,1790452102.000,32.642741629,-117.188772876,3.81,262.094,245.638,3.324,5.448,398,-3.87,,,
2026-09-26T19:48:23.000Z,1790452103.000,32.642736967,-117.188793074,3.448,260.094,241.607,-2.848,3.356,397,-5.379,,,
2026-09-26T19:48:24.000Z,1790452104.000,32.642730926,-117.188812294,3.907,246.381,238.509,3.164,2.673,396,-6.8,,,
2026-09-26T19:48:25.000Z,1790452105.000,32.642724307,-117.188830814,3.765,246.96,239.262,1.843,7.065,395,-8.359,,,
2026-09-26T19:48:26.000Z,1790452106.000,32.642717919,-117.188849623,3.465,251.881,242.997,-6.587,5.078,394,-10.11,,,
2026-09-26T19:48:27.000Z,1790452107.000,32.642717087,-117.188867392,3.2,273.919,252.566,3.291,0.532,393,-12.159,,,
2026-09-26T19:48:28.000Z,1790452108.000,32.64271576,-117.188883512,3.07,263.173,256.62,-0.71,6.868,392,-13.752,,,
2026-09-26T19:48:29.000Z,1790452109.000,32.642715632,-117.188898391,2.83,260.01,254.205,2.265,4.513,391,-15.011,,,
2026-09-26T19:48:30.000Z,1790452110.000,32.642715766,-117.188912861,2.799,266.065,261.065,1.697,3.835,390,-16.575,,,
2026-09-26T19:48:31.000Z,1790452111.000,32.642715636,-117.188928164,2.671,266.468,257.286,5.443,6.229,389,-17.839,,,
2026-09-26T19:48:32.000Z,1790452112.000,32.6427141,-117.188943535,2.9,265.677,252.883,3.722,3.357,388,-19.029,,,
2026-09-26T19:48:33.000Z,1790452113.000,32.642712183,-117.188955668,2.109,257.201,251.609,0.218,3.93,387,-20.031,,,
2026-09-26T19:48:34.000Z,1790452114.000,32.642710833,-117.188967704,2.333,264.081,252.833,5.333,3.967,386,-21.144,,,
2026-09-26T19:48:35.000Z,1790452115.000,32.64270947,-117.188979726,2.205,267.857,257.855,3.05,4.43,385,-22.395,,,
2026-09-26T19:48:36.000Z,1790452116.000,32.6427085,-117.188992139,2.1,274.316,258.077,0.272,5.211,384,-23.508,,,
2026-09-26T19:48:37.000Z,1790452117.000,32.642708741,-117.189004924,2.271,274.256,260.488,4.841,3.894,383,-24.759,,,
2026-09-26T19:48:38.000Z,1790452118.000,32.642709338,-117.189015038,1.8,266.717,259,1.887,5.344,382,-25.647,,,
2026-09-26T19:48:39.000Z,1790452119.000,32.642710963,-117.189023519,1.6,290.297,261.3,3.39,2.483,381,-26.535,,,
2026-09-26T19:48:40.000Z,1790452120.000,32.642711628,-117.189031517,1.465,296.637,260.696,1.438,5.99,380,-27.262,,,
2026-09-26T19:48:41.000Z,1790452121.000,32.642712308,-117.189039584,1.6,279.725,260.438,5.215,3.924,379,-28.006,,,
2026-09-26T19:48:42.000Z,1790452122.000,32.642712009,-117.189047506,1.13,284.533,260.757,2.091,6.157,378,-28.73,,,
2026-09-26T19:48:43.000Z,1790452123.000,32.642712133,-117.189055878,1.565,277.214,262.296,2.335,2.435,377,-29.542,,,
2026-09-26T19:48:44.000Z,1790452124.000,32.642712761,-117.189061552,0.965,294.929,264.342,4.747,7.639,376,-30.131,,,
2026-09-26T19:48:45.000Z,1790452125.000,32.642713277,-117.189066393,0.877,262.545,264.73,2.245,2.295,375,-30.596,,,
2026-09-26T19:48:46.000Z,1790452126.000,32.642713439,-117.189070632,0.978,274.137,267.283,3.661,5.135,374,-31.049,,,
2026-09-26T19:48:47.000Z,1790452127.000,32.642711831,-117.189076895,0.831,267.2,262.2,1.361,6.873,373,-31.445,,,
2026-09-26T19:48:48.000Z,1790452128.000,32.6427117,-117.189081933,0.867,258.307,260.067,4.133,3.9,372,-31.835,,,
2026-09-26T19:48:49.000Z,1790452129.000,32.642711565,-117.18908489,0.5,260.415,258.325,1.625,5.415,371,-32.043,,,
2026-09-26T19:48:50.000Z,1790452130.000,32.642712264,-117.189087357,0.3,261.965,255.786,3.171,5.014,370,-32.194,,,
2026-09-26T19:48:51.000Z,1790452131.000,32.642712429,-117.189089013,0.258,245.6,252.9,2.213,4.452,369,-32.235,,,
2026-09-26T19:48:52.000Z,1790452132.000,32.642712569,-117.189090539,0.261,262.029,249.775,2.769,3.714,368,-32.243,,,
2026-09-26T19:48:53.000Z,1790452133.000,32.642712003,-117.1890912,0.334,21.2,246.542,2.908,5.1,367,-32.137,,,
2026-09-26T19:48:54.000Z,1790452134.000,32.642711105,-117.18909163,0.425,180.582,244.08,3.61,3.515,366,-32.029,,,
2026-09-26T19:48:55.000Z,1790452135.000,32.642709833,-117.189092522,0.439,212.594,240.844,5.217,6.15,365,-31.906,,,
2026-09-26T19:48:56.000Z,1790452136.000,32.64270519,-117.18909431,0.84,219.19,236.711,-0.384,2.04,364,-31.713,,,
2026-09-26T19:48:57.000Z,1790452137.000,32.642702627,-117.189095369,1.133,198.294,232.063,3.331,5.459,363,-31.458,,,
2026-09-26T19:48:58.000Z,1790452138.000,32.642699902,-117.1890963,0.467,197.204,228.739,3.57,3.832,362,-31.257,,,
2026-09-26T19:48:59.000Z,1790452139.000,32.642696146,-117.189095437,0.937,177.15,222.873,-3.763,4.863,361,-30.68,,,
2026-09-26T19:49:00.000Z,1790452140.000,32.642694133,-117.1890955,0.767,183.7,220.533,1.833,4.1,360,-30.466,,,
2026-09-26T19:49:01.000Z,1790452141.000,32.642689881,-117.189095238,1.169,189.841,215.481,-2.612,2.55,359,-29.96,,,
2026-09-26T19:49:02.000Z,1790452142.000,32.642685895,-117.189094802,0.967,184.018,214.77,-6.864,5.392,358,-29.763,,,
2026-09-26T19:49:03.000Z,1790452143.000,32.642682005,-117.189095568,0.934,167.271,210.505,-3.092,6.363,357,-29.406,,,
2026-09-26T19:49:04.000Z,1790452144.000,32.642675637,-117.189096,1.436,183.54,208.864,-2.647,3.462,356,-29.153,,,
2026-09-26T19:49:05.000Z,1790452145.000,32.642668944,-117.18909543,1.681,175.593,206.852,-5.985,6.344,355,-28.77,,,
2026-09-26T19:49:06.000Z,1790452146.000,32.642662552,-117.189097403,1.503,195.928,208.355,-1.665,2.983,354,-28.902,,,
2026-09-26T19:49:07.000Z,1790452147.000,32.642653493,-117.189098569,2.267,193.924,206.604,-10.636,5.457,353,-28.636,,,
2026-09-26T19:49:08.000Z,1790452148.000,32.64264449,-117.189104452,2.162,213.72,209.262,-5.762,7.552,352,-29.148,,,
2026-09-26T19:49:09.000Z,1790452149.000,32.642633134,-117.189112069,2.924,206.964,209.735,-10.255,3.818,351,-29.585,,,
2026-09-26T19:49:10.000Z,1790452150.000,32.642622366,-117.189121974,2.96,220.575,212.198,-5.83,5.109,350,-30.399,,,
2026-09-26T19:49:11.000Z,1790452151.000,32.642611139,-117.18912995,2.832,205.228,209.039,-8.311,3.889,349,-30.591,,,
2026-09-26T19:49:12.000Z,1790452152.000,32.642600437,-117.189137697,2.732,216.838,213.199,-5.302,4.201,348,-31.341,,,
2026-09-26T19:49:13.000Z,1790452153.000,32.642589856,-117.189145365,2.936,208.229,211.629,-6.137,4.807,347,-31.645,,,
2026-09-26T19:49:14.000Z,1790452154.000,32.642579225,-117.189153391,2.358,214.425,213.85,-7.891,8.304,346,-32.271,,,
2026-09-26T19:49:15.000Z,1790452155.000,32.642570266,-117.189164716,2.862,231.28,217.249,-2.977,3.123,345,-33.327,,,
2026-09-26T19:49:16.000Z,1790452156.000,32.642559868,-117.189174828,3.308,215.676,214.476,-9.336,2.019,344,-33.771,,,
2026-09-26T19:49:17.000Z,1790452157.000,32.642550008,-117.189185792,3.054,221.194,215.211,-2.186,5.346,343,-34.57,,,
2026-09-26T19:49:18.000Z,1790452158.000,32.642539059,-117.189197524,3.378,224.734,216.639,-3.867,2.836,342,-35.462,,,
2026-09-26T19:49:19.000Z,1790452159.000,32.642526984,-117.189208229,3.27,211.829,212.573,-9.772,5.067,341,-35.817,,,
2026-09-26T19:49:20.000Z,1790452160.000,32.642514999,-117.189219725,3.032,212.71,212.184,-1.253,8.241,340,-36.525,,,
2026-09-26T19:49:21.000Z,1790452161.000,32.642501523,-117.189231377,3.7,219.758,214.361,-6.444,0.971,339,-37.404,,,
2026-09-26T19:49:22.000Z,1790452162.000,32.642488435,-117.189244927,3.8,217.413,213.5,-5.564,6.932,338,-38.234,,,
2026-09-26T19:49:23.000Z,1790452163.000,32.642475123,-117.189258977,3.661,220.241,212.379,-6.507,4.218,337,-39.083,,,
2026-09-26T19:49:24.000Z,1790452164.000,32.642462629,-117.189270631,2.96,214.857,210.18,-8.201,9.642,336,-39.652,,,
2026-09-26T19:49:25.000Z,1790452165.000,32.642451678,-117.189280248,2.665,212.888,210.355,-5.477,2.954,335,-40.258,,,
2026-09-26T19:49:26.000Z,1790452166.000,32.642440577,-117.189288622,3,221.535,216.962,-10.18,0.735,334,-41.236,,,
2026-09-26T19:49:27.000Z,1790452167.000,32.642431328,-117.189300456,3.412,224.584,220.488,-7.66,5.636,333,-42.334,,,
2026-09-26T19:49:28.000Z,1790452168.000,32.64241993,-117.18931417,3.471,221.829,217.758,-4.891,9.112,332,-43.089,,,
2026-09-26T19:49:29.000Z,1790452169.000,32.642407707,-117.189328671,3.7,230.74,221.504,-7.011,1.139,331,-44.366,,,
2026-09-26T19:49:30.000Z,1790452170.000,32.642395291,-117.189343577,4.267,220.304,219.869,-7.508,5.969,330,-45.284,,,
2026-09-26T19:49:31.000Z,1790452171.000,32.642381979,-117.189360846,4.335,225.094,221.01,-3.645,4.44,329,-46.595,,,
2026-09-26T19:49:32.000Z,1790452172.000,32.642368848,-117.189378821,4.486,232.125,222.817,-3.362,2.317,328,-48.022,,,
2026-09-26T19:49:33.000Z,1790452173.000,32.642355448,-117.189395281,3.829,221.646,215.676,-3.386,6.663,327,-48.653,,,
2026-09-26T19:49:34.000Z,1790452174.000,32.642342433,-117.189408133,3.5,221.367,215.933,-6.133,2.967,326,-49.506,,,
2026-09-26T19:49:35.000Z,1790452175.000,32.642331101,-117.189419038,3.165,214.871,214.491,-6.821,6.071,325,-50.098,,,
2026-09-26T19:49:36.000Z,1790452176.000,32.642320522,-117.189429478,2.976,222.378,216.864,-8.377,4.499,324,-50.953,,,
2026-09-26T19:49:37.000Z,1790452177.000,32.642309943,-117.189440857,3.287,219.789,217.872,-10.581,4.864,323,-51.791,,,
2026-09-26T19:49:38.000Z,1790452178.000,32.642298606,-117.189458034,4.408,235.183,222.053,-5.784,4.209,322,-53.365,,,
2026-09-26T19:49:39.000Z,1790452179.000,32.642285868,-117.189476611,4.536,228.079,220.707,-8.332,5.004,321,-54.631,,,
2026-09-26T19:49:40.000Z,1790452180.000,32.642271997,-117.189492869,3.838,221.186,216.893,-5.31,9.127,320,-55.474,,,
2026-09-26T19:49:41.000Z,1790452181.000,32.642258204,-117.189509011,4.126,227.383,219.86,-0.143,3.713,319,-56.805,,,
2026-09-26T19:49:42.000Z,1790452182.000,32.642244404,-117.189524981,4.199,224.723,220.629,-4.316,3.14,318,-57.959,,,
2026-09-26T19:49:43.000Z,1790452183.000,32.642231608,-117.189542472,4.271,232.179,222.862,-5.885,1.414,317,-59.38,,,
2026-09-26T19:49:44.000Z,1790452184.000,32.642219751,-117.189558644,3.885,226.171,220.12,-6.22,5.986,316,-60.35,,,
2026-09-26T19:49:45.000Z,1790452185.000,32.64220772,-117.189573744,3.598,225.103,220.937,-4.137,4.893,315,-61.473,,,
2026-09-26T19:49:46.000Z,1790452186.000,32.642197458,-117.189588235,3.762,233.835,225.186,-5.403,1.099,314,-62.827,,,
2026-09-26T19:49:47.000Z,1790452187.000,32.642187785,-117.189602566,3.16,228.913,220.821,-3.147,9.389,313,-63.574,,,
2026-09-26T19:49:48.000Z,1790452188.000,32.642176813,-117.189617837,3.428,237.021,223.26,-2.527,3.53,312,-64.855,,,
2026-09-26T19:49:49.000Z,1790452189.000,32.642165867,-117.189633133,3.867,234.309,223.3,-6.1,1.667,311,-65.968,,,
2026-09-26T19:49:50.000Z,1790452190.000,32.642155839,-117.189649246,3.86,229.523,222.635,-3.085,4.389,310,-67.129,,,
2026-09-26T19:49:51.000Z,1790452191.000,32.642144777,-117.189664861,3.987,229.726,221.487,-4.012,5.562,309,-68.184,,,
2026-09-26T19:49:52.000Z,1790452192.000,32.642133059,-117.189681742,3.93,228.919,223.01,-4.72,4.17,308,-69.526,,,
2026-09-26T19:49:53.000Z,1790452193.000,32.642121882,-117.189697486,3.7,226.599,221.059,-1.371,5.816,307,-70.532,,,
2026-09-26T19:49:54.000Z,1790452194.000,32.642110366,-117.18971202,3.735,229.738,223,-5.283,1.004,306,-71.696,,,
2026-09-26T19:49:55.000Z,1790452195.000,32.642100324,-117.189726361,3.721,229.381,222.479,-1.57,5.203,305,-72.706,,,
2026-09-26T19:49:56.000Z,1790452196.000,32.642089791,-117.189740858,3.681,234.931,225.2,-5.057,1.744,304,-73.944,,,
2026-09-26T19:49:57.000Z,1790452197.000,32.642079953,-117.189755771,3.134,231.859,223.256,-7.219,7.734,303,-74.912,,,
2026-09-26T19:49:58.000Z,1790452198.000,32.642070467,-117.1897725,3.6,239.5,225.2,-2.233,1.2,302,-76.326,,,
2026-09-26T19:49:59.000Z,1790452199.000,32.642061008,-117.18978662,3.061,235.572,224.202,-6.131,6.655,301,-77.298,,,
2026-09-26T19:50:00.000Z,1790452200.000,32.64205156,-117.189802396,3.161,239.658,225.778,-2.76,4.074,300,-78.6,,,
2026-09-26T19:50:01.000Z,1790452201.000,32.642040757,-117.189818096,4.148,227.453,225.995,-9.174,4.715,299,-79.765,,,
2026-09-26T19:50:02.000Z,1790452202.000,32.642030839,-117.189833691,3,239.311,225.567,-1.763,7.32,298,-80.899,,,
2026-09-26T19:50:03.000Z,1790452203.000,32.642021488,-117.189849385,3.535,244.214,227.014,-3.248,-0.444,297,-82.186,,,
2026-09-26T19:50:04.000Z,1790452204.000,32.642013936,-117.189862316,2.863,228.395,225.8,0.699,8.968,296,-83.085,,,
2026-09-26T19:50:05.000Z,1790452205.000,32.64200642,-117.18987428,2.62,240.884,228.88,-0.46,3.66,295,-84.188,,,
2026-09-26T19:50:06.000Z,1790452206.000,32.641999349,-117.189888173,3.572,238.145,231.685,-3.462,-0.585,294,-85.452,,,
2026-09-26T19:50:07.000Z,1790452207.000,32.641991087,-117.189902666,3.528,233.505,229.794,-4.485,6.168,293,-86.437,,,
2026-09-26T19:50:08.000Z,1790452208.000,32.64198166,-117.18991802,3.215,234.592,229.085,-2.035,6.68,292,-87.545,,,
2026-09-26T19:50:09.000Z,1790452209.000,32.641972966,-117.189933081,2.975,237.692,227.362,-2.334,4.185,291,-88.577,,,
2026-09-26T19:50:10.000Z,1790452210.000,32.641964154,-117.189946861,3.1,235.578,227.131,-2.385,4.546,290,-89.588,,,
2026-09-26T19:50:11.000Z,1790452211.000,32.641955222,-117.189958816,2.8,235.632,228.249,-6.202,1.376,289,-90.521,,,
2026-09-26T19:50:12.000Z,1790452212.000,32.641948987,-117.189969986,2.57,231.439,225.935,-4.221,7.76,288,-91.221,,,
2026-09-26T19:50:13.000Z,1790452213.000,32.641942406,-117.189981656,2.668,236.515,228.135,-3.412,3.459,287,-92.262,,,
2026-09-26T19:50:14.000Z,1790452214.000,32.641934909,-117.189993004,2.664,231.552,226.206,-6.51,4.747,286,-92.972,,,
2026-09-26T19:50:15.000Z,1790452215.000,32.641927156,-117.190005373,2.572,231.996,224.228,-2.644,7.602,285,-93.761,,,
2026-09-26T19:50:16.000Z,1790452216.000,32.641917659,-117.190017775,2.831,234.657,223.892,-5.381,2.483,284,-94.622,,,
2026-09-26T19:50:17.000Z,1790452217.000,32.641906054,-117.190029312,3.498,218.054,223.38,-9.178,6.644,283,-95.336,,,
2026-09-26T19:50:18.000Z,1790452218.000,32.641896084,-117.190043504,3.431,232.975,224.997,-5.091,6.908,282,-96.484,,,
2026-09-26T19:50:19.000Z,1790452219.000,32.64188634,-117.190058442,3.239,229.271,222.309,-4.812,3.761,281,-97.404,,,
2026-09-26T19:50:20.000Z,1790452220.000,32.641877457,-117.190070296,2.77,234.963,226.572,-9.102,1.962,280,-98.55,,,
2026-09-26T19:50:21.000Z,1790452221.000,32.641870607,-117.190080125,2.472,217.719,221.844,-6.711,10.989,279,-98.939,,,
2026-09-26T19:50:22.000Z,1790452222.000,32.641863869,-117.190091697,2.466,234.846,222.071,0.198,4.661,278,-99.834,,,
2026-09-26T19:50:23.000Z,1790452223.000,32.641854824,-117.190100238,2.804,224.506,222.915,-12.754,0.697,277,-100.438,,,
2026-09-26T19:50:24.000Z,1790452224.000,32.64184781,-117.190111503,2.75,238.861,223.762,-2.412,5.025,276,-101.343,,,
2026-09-26T19:50:25.000Z,1790452225.000,32.641838103,-117.190124195,3.44,226.819,226.717,-12.641,1.64,275,-102.451,,,
2026-09-26T19:50:26.000Z,1790452226.000,32.641830578,-117.190136861,2.736,229.439,223.632,-3.079,9.882,274,-103.197,,,
2026-09-26T19:50:27.000Z,1790452227.000,32.641821033,-117.190149233,2.867,230.067,225.733,-6.967,3.367,273,-104.223,,,
2026-09-26T19:50:28.000Z,1790452228.000,32.641813276,-117.190163269,3.271,231.693,227.127,0.198,5.438,272,-105.395,,,
2026-09-26T19:50:29.000Z,1790452229.000,32.641804632,-117.190177735,3.138,239.994,228.023,-2.179,2.025,271,-106.549,,,
2026-09-26T19:50:30.000Z,1790452230.000,32.641796016,-117.190189813,3.164,225.934,224.816,-9.321,6.662,270,-107.209,,,
2026-09-26T19:50:31.000Z,1790452231.000,32.641788392,-117.190202547,2.465,236.461,226.373,-3.531,7.325,269,-108.278,,,
2026-09-26T19:50:32.000Z,1790452232.000,32.641780546,-117.190214976,2.731,232.895,226.703,-3.9,4.639,268,-109.23,,,
2026-09-26T19:50:33.000Z,1790452233.000,32.641773438,-117.190226511,2.472,229.89,226.615,-3.128,4.764,267,-110.09,,,
2026-09-26T19:50:34.000Z,1790452234.000,32.641767396,-117.190237449,2.289,239.155,229.882,-5.07,3.077,266,-111.148,,,
2026-09-26T19:50:35.000Z,1790452235.000,32.641761582,-117.190248761,2.443,237.964,229.036,-2.511,7.379,265,-111.972,,,
2026-09-26T19:50:36.000Z,1790452236.000,32.641755727,-117.190260584,2.535,243.241,230.6,-3.951,2.867,264,-113,,,
2026-09-26T19:50:37.000Z,1790452237.000,32.641750307,-117.190271451,2.1,238.581,229.966,-3.927,5.534,263,-113.808,,,
2026-09-26T19:50:38.000Z,1790452238.000,32.641744552,-117.190282301,2.278,243.517,231.505,-4.234,2.239,262,-114.747,,,
2026-09-26T19:50:39.000Z,1790452239.000,32.641738957,-117.190295326,2.619,245.318,231.238,-0.56,5.081,261,-115.771,,,
2026-09-26T19:50:40.000Z,1790452240.000,32.641731574,-117.190308179,2.832,236.616,229.332,-5.658,3.5,260,-116.627,,,
2026-09-26T19:50:41.000Z,1790452241.000,32.641723987,-117.190320503,2.735,234.39,226.842,-4.31,3.438,259,-117.387,,,
2026-09-26T19:50:42.000Z,1790452242.000,32.64171549,-117.190331176,2.703,220.734,221.776,-4.376,5.141,258,-117.787,,,
2026-09-26T19:50:43.000Z,1790452243.000,32.641707251,-117.190340887,1.932,230.286,217.975,-0.915,4.979,257,-118.182,,,
2026-09-26T19:50:44.000Z,1790452244.000,32.641697578,-117.190349852,2.53,219.243,212.413,-3.922,3.496,256,-118.33,,,
2026-09-26T19:50:45.000Z,1790452245.000,32.641687133,-117.190356133,2.7,198.767,204.233,-5.567,6.733,255,-117.991,,,
2026-09-26T19:50:46.000Z,1790452246.000,32.641677233,-117.1903641,2.833,205.144,199.533,1.067,5.733,254,-118.083,,,
2026-09-26T19:50:47.000Z,1790452247.000,32.641664634,-117.190369377,2.9,201.529,193.203,-5.616,3.846,253,-117.725,,,
2026-09-26T19:50:48.000Z,1790452248.000,32.641650755,-117.190374339,3.2,193.198,186.683,-3.851,2.086,252,-117.291,,,
2026-09-26T19:50:49.000Z,1790452249.000,32.641635775,-117.190377708,3.37,195.581,183.1,-4.755,4.543,251,-116.923,,,
2026-09-26T19:50:50.000Z,1790452250.000,32.641619043,-117.190380665,3.933,178.063,173.19,-0.545,3.231,250,-115.985,,,
2026-09-26T19:50:51.000Z,1790452251.000,32.641601146,-117.190378103,3.832,173.182,166.303,-2.168,5.604,249,-114.778,,,
2026-09-26T19:50:52.000Z,1790452252.000,32.641581605,-117.190375238,4.585,167.2,159.417,3.517,5.134,248,-113.531,,,
2026-09-26T19:50:53.000Z,1790452253.000,32.641559971,-117.19036792,4.929,162.218,154.318,-2.74,4.938,247,-111.973,,,
2026-09-26T19:50:54.000Z,1790452254.000,32.641538029,-117.190360332,4.86,163.919,147.114,1.777,4.879,246,-110.286,,,
2026-09-26T19:50:55.000Z,1790452255.000,32.641515986,-117.190350092,5.166,156.173,139.832,-0.441,3.268,245,-108.404,,,
2026-09-26T19:50:56.000Z,1790452256.000,32.641493175,-117.190336638,5.733,151.994,136.3,-4.935,4.6,244,-106.426,,,
2026-09-26T19:50:57.000Z,1790452257.000,32.641469443,-117.190318771,6.164,142.85,132.05,-0.436,3.65,243,-104.01,,,
2026-09-26T19:50:58.000Z,1790452258.000,32.641446035,-117.190294823,6.487,141.69,129.945,1.955,3.116,242,-101.145,,,
2026-09-26T19:50:59.000Z,1790452259.000,32.641425366,-117.190269383,5.993,136.085,128.916,0.193,5.807,241,-98.257,,,
2026-09-26T19:51:00.000Z,1790452260.000,32.641407498,-117.190245257,5.397,130.934,126.197,-3.662,4.835,240,-95.508,,,
2026-09-26T19:51:01.000Z,1790452261.000,32.64139082,-117.190222564,5.4,130.914,121.542,2.198,3.5,239,-92.879,,,
2026-09-26T19:51:02.000Z,1790452262.000,32.641375728,-117.190199026,5.728,129.314,118.125,-4.139,4.728,238,-90.266,,,
2026-09-26T19:51:03.000Z,1790452263.000,32.64136067,-117.190174425,5.989,125.694,114.815,-3.675,4.225,237,-87.576,,,
2026-09-26T19:51:04.000Z,1790452264.000,32.64134296,-117.190147887,6.208,128.8,113.522,5.054,3.892,236,-84.682,,,
2026-09-26T19:51:05.000Z,1790452265.000,32.641326177,-117.190119186,6.333,123.27,112.4,2.838,4.532,235,-81.62,,,
2026-09-26T19:51:06.000Z,1790452266.000,32.641311101,-117.190090135,6.065,121.507,111.634,0.014,3.962,234,-78.575,,,
2026-09-26T19:51:07.000Z,1790452267.000,32.641296636,-117.190062693,5.764,121.921,110.464,5.157,2.907,233,-75.689,,,
2026-09-26T19:51:08.000Z,1790452268.000,32.641283588,-117.190034962,6.199,115.389,108.586,3.458,3.5,232,-72.811,,,
2026-09-26T19:51:09.000Z,1790452269.000,32.641271424,-117.190007209,5.669,120.795,109.017,-0.505,2.139,231,-69.972,,,
2026-09-26T19:51:10.000Z,1790452270.000,32.641258895,-117.18997849,6.201,116.301,108.934,-3.4,4.267,230,-67.032,,,
2026-09-26T19:51:11.000Z,1790452271.000,32.641245454,-117.189948615,6.168,117.276,110.066,0.861,3.202,229,-63.974,,,
2026-09-26T19:51:12.000Z,1790452272.000,32.641232924,-117.189919786,6.1,114.902,107.287,2.764,3.836,228,-61.004,,,
2026-09-26T19:51:13.000Z,1790452273.000,32.641222796,-117.189890343,5.761,108.774,103.093,0.784,3.62,227,-58.05,,,
2026-09-26T19:51:14.000Z,1790452274.000,32.641214188,-117.189861009,5.531,107.769,99.422,0.236,2.673,226,-55.168,,,
2026-09-26T19:51:15.000Z,1790452275.000,32.641208204,-117.189831554,5.668,101.031,94.735,-0.435,3.168,225,-52.373,,,
2026-09-26T19:51:16.000Z,1790452276.000,32.641202872,-117.189802638,5.17,99.76,91.938,4.888,4.53,224,-49.641,,,
2026-09-26T19:51:17.000Z,1790452277.000,32.641200684,-117.18977317,5.626,93.547,86.652,1.532,4.069,223,-47.006,,,
2026-09-26T19:51:18.000Z,1790452278.000,32.641198958,-117.1897429,5.755,92.074,80.864,3.668,3.171,222,-44.363,,,
2026-09-26T19:51:19.000Z,1790452279.000,32.641201881,-117.189713673,5.475,83.158,72.075,-2.15,3.131,221,-42.1,,,
2026-09-26T19:51:20.000Z,1790452280.000,32.64120537,-117.189684704,5.266,82.076,66.164,3.172,4.195,220,-39.822,,,
2026-09-26T19:51:21.000Z,1790452281.000,32.641211683,-117.189658059,5.134,70.907,60.703,2.862,4.145,219,-37.844,,,
2026-09-26T19:51:22.000Z,1790452282.000,32.641218725,-117.189633116,4.815,72.241,56.783,12.283,3.638,218,-35.978,,,
2026-09-26T19:51:23.000Z,1790452283.000,32.641228856,-117.189609416,4.859,59.167,51.488,16.351,3.48,217,-34.407,,,
2026-09-26T19:51:24.000Z,1790452284.000,32.641242191,-117.189585691,5.432,55.851,41.947,6.042,3.192,216,-33.238,,,
2026-09-26T19:51:25.000Z,1790452285.000,32.641257482,-117.189560668,5.702,54.95,44.7,6.37,3.704,215,-31.161,,,
2026-09-26T19:51:26.000Z,1790452286.000,32.641273416,-117.189536141,5.761,51.239,39.87,-1.53,4.404,214,-29.682,,,
2026-09-26T19:51:27.000Z,1790452287.000,32.641289811,-117.189511882,5.6,50.951,42.375,7.5,3.748,213,-27.717,,,
2026-09-26T19:51:28.000Z,1790452288.000,32.64130755,-117.18948684,5.74,50.746,40.01,6.86,2.06,212,-26.065,,,
2026-09-26T19:51:29.000Z,1790452289.000,32.641326133,-117.1894632,6.167,45.3,39.933,4.3,3.067,211,-24.398,,,
2026-09-26T19:51:30.000Z,1790452290.000,32.641345308,-117.18943973,5.766,45.116,35.46,4.89,4.802,210,-23.087,,,
2026-09-26T19:51:31.000Z,1790452291.000,32.641365706,-117.189416367,5.973,43.303,32.829,3.72,3.253,209,-21.686,,,
2026-09-26T19:51:32.000Z,1790452292.000,32.641386241,-117.189392897,5.989,42.741,34.884,2.235,4.065,208,-19.923,,,
2026-09-26T19:51:33.000Z,1790452293.000,32.641405538,-117.189370437,5.6,45.728,34.186,-0.608,4.506,207,-18.43,,,
2026-09-26T19:51:34.000Z,1790452294.000,32.641424293,-117.189347974,5.7,45.234,30.769,1.099,3.768,206,-17.131,,,
2026-09-26T19:51:35.000Z,1790452295.000,32.641444441,-117.189326551,6.096,38.031,34.128,6.913,3.65,205,-15.443,,,
2026-09-26T19:51:36.000Z,1790452296.000,32.641465858,-117.189307523,6.036,36.273,23.635,1.589,2.992,204,-15.083,,,
2026-09-26T19:51:37.000Z,1790452297.000,32.641488128,-117.189288324,5.789,36.782,21.717,3.714,2.037,203,-14.064,,,
2026-09-26T19:51:38.000Z,1790452298.000,32.641509551,-117.189269653,5.768,38.968,28.651,6.372,5.018,202,-12.368,,,
2026-09-26T19:51:39.000Z,1790452299.000,32.641531133,-117.1892533,5.667,32,18.9,-3.467,3.467,201,-12.213,,,
2026-09-26T19:51:40.000Z,1790452300.000,32.641552725,-117.18923463,6,32.699,24.63,1.295,1.91,200,-10.611,,,
2026-09-26T19:51:41.000Z,1790452301.000,32.641575351,-117.189215635,6.286,37.173,26.848,2.262,1.996,199,-9.291,,,
2026-09-26T19:51:42.000Z,1790452302.000,32.641599337,-117.189195589,6.391,33.323,23.105,-2.565,3.327,198,-8.383,,,
2026-09-26T19:51:43.000Z,1790452303.000,32.641622669,-117.189174899,6.232,38.15,24.073,-1.886,4.336,197,-7.024,,,
2026-09-26T19:51:44.000Z,1790452304.000,32.641644591,-117.189153546,5.931,41.442,24.647,-0.328,4.985,196,-5.601,,,
2026-09-26T19:51:45.000Z,1790452305.000,32.64166481,-117.189132713,5.755,40.518,29.482,-1.557,3.557,195,-3.845,,,
2026-09-26T19:51:46.000Z,1790452306.000,32.641684944,-117.189112463,5.785,45.366,28.093,-0.866,3.077,194,-2.63,,,
2026-09-26T19:51:47.000Z,1790452307.000,32.641705005,-117.189089673,6.188,41.493,31.3,5.224,2.812,193,-0.823,,,
2026-09-26T19:51:48.000Z,1790452308.000,32.641728168,-117.189068236,6.467,34.337,25.735,4.072,5.496,192,0.094,,,
2026-09-26T19:51:49.000Z,1790452309.000,32.641752566,-117.189045196,6.8,38.373,25.62,0.288,4.4,191,1.552,,,
2026-09-26T19:51:50.000Z,1790452310.000,32.641777936,-117.189021364,7.064,38.556,27.276,2.736,3.66,190,3.198,,,
2026-09-26T19:51:51.000Z,1790452311.000,32.641804445,-117.18899819,7.297,33,27.742,3.145,3.103,189,4.659,,,
2026-09-26T19:51:52.000Z,1790452312.000,32.641831683,-117.188977106,6.993,34.54,20.555,0.718,1.476,188,5.303,,,
2026-09-26T19:51:53.000Z,1790452313.000,32.641856833,-117.188954994,6.935,34.461,27.936,3.682,3.347,187,7.254,,,
2026-09-26T19:51:54.000Z,1790452314.000,32.641882115,-117.188934473,6.6,33.243,18.397,-4.303,1.794,186,7.708,,,
2026-09-26T19:51:55.000Z,1790452315.000,32.641903691,-117.188912586,6.062,42.435,31.68,1.438,5.436,185,10.196,,,
2026-09-26T19:51:56.000Z,1790452316.000,32.641925579,-117.188892051,5.981,38.534,24.251,-5.045,3.681,184,10.918,,,
2026-09-26T19:51:57.000Z,1790452317.000,32.641946376,-117.188870353,5.965,42.767,28.265,3.326,3.839,183,12.674,,,
2026-09-26T19:51:58.000Z,1790452318.000,32.641968661,-117.188849736,6.232,38.261,25.21,2.071,3.739,182,13.734,,,
2026-09-26T19:51:59.000Z,1790452319.000,32.641992794,-117.188829593,6.53,34.353,25.329,6.121,3.43,181,14.953,,,
2026-09-26T19:52:00.000Z,1790452320.000,32.642018009,-117.18881129,6.6,30.099,23.112,3.4,3.163,180,15.792,,,
2026-09-26T19:52:01.000Z,1790452321.000,32.642045311,-117.188793656,6.74,29.403,21.513,4.486,3.94,179,16.564,,,
2026-09-26T19:52:02.000Z,1790452322.000,32.642073436,-117.188777129,6.936,24.064,12.778,-0.318,1.221,178,16.636,,,
2026-09-26T19:52:03.000Z,1790452323.000,32.642100667,-117.188759433,6.8,29.567,17.368,6.8,4,177,17.915,,,
2026-09-26T19:52:04.000Z,1790452324.000,32.642128514,-117.1887438,6.7,21.5,8.519,-2.277,4.522,176,17.902,,,
2026-09-26T19:52:05.000Z,1790452325.000,32.642156002,-117.188727695,6.4,29.362,9.084,-1.289,4.092,175,18.704,,,
2026-09-26T19:52:06.000Z,1790452326.000,32.642182519,-117.188711256,6.547,23.482,16.261,5.65,4.628,174,20.097,,,
2026-09-26T19:52:07.000Z,1790452327.000,32.642209863,-117.18869895,6.368,20.568,6.98,4.748,4.402,173,19.759,,,
2026-09-26T19:52:08.000Z,1790452328.000,32.64223695,-117.188688352,5.972,17.237,5.463,4.909,4.908,172,19.902,,,
2026-09-26T19:52:09.000Z,1790452329.000,32.642264084,-117.188679897,6.315,11.266,4.043,1.435,2.698,171,19.857,,,
2026-09-26T19:52:10.000Z,1790452330.000,32.642292546,-117.18866947,6.332,19.232,10.041,8.396,3.196,170,20.553,,,
2026-09-26T19:52:11.000Z,1790452331.000,32.642321587,-117.188660422,6.835,11.074,1.169,6.195,2.897,169,19.915,,,
2026-09-26T19:52:12.000Z,1790452332.000,32.642353242,-117.188651121,6.933,15.108,357.874,8.79,2.855,168,19.684,,,
2026-09-26T19:52:13.000Z,1790452333.000,32.642384217,-117.188642516,6.665,12.078,0.1,7.84,4.039,167,19.841,,,
2026-09-26T19:52:14.000Z,1790452334.000,32.64241389,-117.188638067,6.352,5.1,351.795,2.7,4.052,166,18.837,,,
2026-09-26T19:52:15.000Z,1790452335.000,32.642442774,-117.188635445,6.363,4.747,351.61,6.239,1.988,165,18.316,,,
2026-09-26T19:52:16.000Z,1790452336.000,32.642472458,-117.188634935,6.765,359.377,343.853,8.538,3.138,164,17.028,,,
2026-09-26T19:52:17.000Z,1790452337.000,32.642500671,-117.18863556,6.235,353.265,338.929,7.55,2.455,163,15.904,,,
2026-09-26T19:52:18.000Z,1790452338.000,32.642529116,-117.188639573,6.307,349.452,338.107,7.831,-0.449,162,14.754,,,
2026-09-26T19:52:19.000Z,1790452339.000,32.642555506,-117.188646686,5.961,344.547,342.739,10.957,7.949,161,13.733,,,
2026-09-26T19:52:20.000Z,1790452340.000,32.642580714,-117.188660272,5.552,335.535,328.381,4.721,5.434,160,10.928,,,
2026-09-26T19:52:21.000Z,1790452341.000,32.642605314,-117.188674692,5.626,335.024,323.906,6.806,3.432,159,8.732,,,
2026-09-26T19:52:22.000Z,1790452342.000,32.642628426,-117.188689875,6.297,331.219,315.176,1.724,-0.392,158,6.338,,,
2026-09-26T19:52:23.000Z,1790452343.000,32.64265198,-117.188702468,5.672,334.677,323.873,4.787,5.451,157,4.994,,,
2026-09-26T19:52:24.000Z,1790452344.000,32.642675461,-117.188715408,5.429,336.355,317.886,-0.282,7.041,156,2.914,,,
2026-09-26T19:52:25.000Z,1790452345.000,32.642701164,-117.188726393,5.761,340.176,323.169,5.392,0.932,155,1.507,,,
2026-09-26T19:52:26.000Z,1790452346.000,32.642725361,-117.188737357,5.568,340.764,326.729,3.45,10.614,154,0.075,,,
2026-09-26T19:52:27.000Z,1790452347.000,32.642749345,-117.188748656,5.001,335.294,321.134,-0.185,10.708,153,-1.869,,,
2026-09-26T19:52:28.000Z,1790452348.000,32.642774,-117.188759847,5.507,337.651,321.376,8.658,3.803,152,-3.513,,,
2026-09-26T19:52:29.000Z,1790452349.000,32.642797494,-117.188773874,5.629,333.536,314.613,5.339,2.906,151,-5.709,,,
2026-09-26T19:52:30.000Z,1790452350.000,32.642820411,-117.188786918,5.669,330.978,317.227,9.998,1.062,150,-7.374,,,
2026-09-26T19:52:31.000Z,1790452351.000,32.642843982,-117.188797589,5.397,339.949,323.397,17.068,1.74,149,-8.657,,,
2026-09-26T19:52:32.000Z,1790452352.000,32.642867085,-117.188807693,5.134,337.408,328.195,15.76,5.337,148,-9.912,,,
2026-09-26T19:52:33.000Z,1790452353.000,32.642890714,-117.188819147,5.579,338.727,328.541,11.451,3.99,147,-11.546,,,
2026-09-26T19:52:34.000Z,1790452354.000,32.642916861,-117.188827894,5.858,346.3,333.258,15.716,6.681,146,-12.736,,,
2026-09-26T19:52:35.000Z,1790452355.000,32.642942961,-117.188834872,5.737,343.979,333.26,19.686,1.894,145,-14.046,,,
2026-09-26T19:52:36.000Z,1790452356.000,32.642965513,-117.188851081,5.402,320.003,317.215,13.858,1.598,144,-16.967,,,
2026-09-26T19:52:37.000Z,1790452357.000,32.642980156,-117.188873361,5.205,306.75,290.194,3.275,2.066,143,-20.128,,,
2026-09-26T19:52:38.000Z,1790452358.000,32.642990072,-117.188897099,4.877,293.787,278.12,7.651,3.662,142,-22.559,,,
2026-09-26T19:52:39.000Z,1790452359.000,32.642994771,-117.1889219,4.606,273.585,265.465,2.929,3.024,141,-24.732,,,
2026-09-26T19:52:40.000Z,1790452360.000,32.642994763,-117.188944581,3.831,266.217,251.991,6.789,6.715,140,-26.342,,,
2026-09-26T19:52:41.000Z,1790452361.000,32.642990263,-117.188964112,3.668,249.338,236.325,4.079,4.111,139,-27.202,,,
2026-09-26T19:52:42.000Z,1790452362.000,32.642981621,-117.18898047,3.531,233.535,224.727,2.254,4.325,138,-27.719,,,
2026-09-26T19:52:43.000Z,1790452363.000,32.642969398,-117.188992994,3.562,212.053,207.768,0.106,6.554,137,-27.279,,,
2026-09-26T19:52:44.000Z,1790452364.000,32.642952129,-117.189001259,4.241,202.465,194.947,-2.041,-0.276,136,-26.558,,,
2026-09-26T19:52:45.000Z,1790452365.000,32.642933084,-117.189006491,5.037,192.371,182.746,-4.948,3.946,135,-25.558,,,
2026-09-26T19:52:46.000Z,1790452366.000,32.642909558,-117.189011201,5.467,187.026,172.162,-5.806,4.802,134,-24.554,,,
2026-09-26T19:52:47.000Z,1790452367.000,32.642883388,-117.189012766,6,181.746,165.158,-1.267,5.154,133,-23.505,,,
2026-09-26T19:52:48.000Z,1790452368.000,32.642856538,-117.189009484,5.949,170.208,154.733,5.063,3.19,132,-21.807,,,
2026-09-26T19:52:49.000Z,1790452369.000,32.642829309,-117.188998545,6.3,158.096,148.949,0.802,3.834,131,-19.756,,,
2026-09-26T19:52:50.000Z,1790452370.000,32.642803066,-117.188983738,6.774,151.963,146.657,-1.237,6.935,130,-17.599,,,
2026-09-26T19:52:51.000Z,1790452371.000,32.642776765,-117.18896728,6.063,154.976,148.031,0.843,5.243,129,-15.498,,,
2026-09-26T19:52:52.000Z,1790452372.000,32.642750793,-117.188950725,6.37,150.435,147.389,-1.367,3.638,128,-13.283,,,
2026-09-26T19:52:53.000Z,1790452373.000,32.642723898,-117.188936368,6.353,156.328,147.167,1.863,3.762,127,-11.268,,,
2026-09-26T19:52:54.000Z,1790452374.000,32.642696487,-117.188920418,6.3,156.326,146.31,-2.21,3.45,126,-9.059,,,
2026-09-26T19:52:55.000Z,1790452375.000,32.642668948,-117.188906658,6.3,159.043,145.933,-1.169,4.735,125,-7.073,,,
2026-09-26T19:52:56.000Z,1790452376.000,32.642640588,-117.188893693,6.403,157.815,146.928,-1.757,3.76,124,-5.214,,,
2026-09-26T19:52:57.000Z,1790452377.000,32.642612116,-117.188880664,6.687,159.339,148.999,-2.711,3.687,123,-3.41,,,
2026-09-26T19:52:58.000Z,1790452378.000,32.642582435,-117.188867846,6.791,161.507,153.698,-4.442,5.698,122,-1.758,,,
2026-09-26T19:52:59.000Z,1790452379.000,32.642551056,-117.18885793,6.734,166.188,154.099,1.601,4.402,121,-0.069,,,
2026-09-26T19:53:00.000Z,1790452380.000,32.642521843,-117.188845238,6.534,158.065,150.466,-2.43,4.598,120,2.064,,,
2026-09-26T19:53:01.000Z,1790452381.000,32.642494334,-117.188833435,6.227,159.455,154.118,-1.417,5.018,119,3.627,,,
2026-09-26T19:53:02.000Z,1790452382.000,32.64246678,-117.188822732,6.3,160.322,151.678,3.678,2.916,118,5.465,,,
2026-09-26T19:53:03.000Z,1790452383.000,32.642440045,-117.188809283,6.46,158.177,152.978,-6.959,5.421,117,7.301,,,
2026-09-26T19:53:04.000Z,1790452384.000,32.642411429,-117.188798074,6.464,162.373,152.76,-0.089,5.66,116,9.075,,,
2026-09-26T19:53:05.000Z,1790452385.000,32.642382798,-117.188788776,6.5,163.515,155.509,1.485,4.356,115,10.489,,,
2026-09-26T19:53:06.000Z,1790452386.000,32.642352691,-117.188781073,6.764,167.183,159.9,-6.618,4.818,114,11.68,,,
2026-09-26T19:53:07.000Z,1790452387.000,32.642322264,-117.18877279,6.605,166.58,160.99,-6.71,6.05,113,13.147,,,
2026-09-26T19:53:08.000Z,1790452388.000,32.64229313,-117.18876708,6.176,171.851,162.19,5.658,4.728,112,14.337,,,
2026-09-26T19:53:09.000Z,1790452389.000,32.642264877,-117.188760799,5.97,171.602,167.101,-1.83,3.789,111,15.29,,,
2026-09-26T19:53:10.000Z,1790452390.000,32.642237445,-117.1887587,5.897,180.705,171.532,-5.306,4.668,110,15.863,,,
2026-09-26T19:53:11.000Z,1790452391.000,32.642209338,-117.188758602,6.232,180.448,166.19,0.018,5.528,109,16.991,,,
2026-09-26T19:53:12.000Z,1790452392.000,32.642182139,-117.188753185,5.752,163.934,146.887,6.939,4.477,108,19.432,,,
2026-09-26T19:53:13.000Z,1790452393.000,32.642159563,-117.188735225,6.046,133.763,124.009,2.925,3.315,107,22.628,,,
2026-09-26T19:53:14.000Z,1790452394.000,32.642143086,-117.188708091,6.2,118.082,106.504,6.446,3.121,106,25.816,,,
2026-09-26T19:53:15.000Z,1790452395.000,32.64213592,-117.188675641,6.236,101.599,89.859,2.45,4.879,105,28.834,,,
2026-09-26T19:53:16.000Z,1790452396.000,32.6421344,-117.1886441,5.9,88.262,77.8,6.667,3.333,104,31.418,,,
2026-09-26T19:53:17.000Z,1790452397.000,32.642138543,-117.188615663,5.136,78.572,66.199,3.321,4.385,103,33.41,,,
2026-09-26T19:53:18.000Z,1790452398.000,32.642146096,-117.188589687,4.9,66.608,57.03,1.172,4.247,102,35.085,,,
2026-09-26T19:53:19.000Z,1790452399.000,32.64215742,-117.188564975,5.3,62.077,47.985,-0.954,2.085,101,36.474,,,
2026-09-26T19:53:20.000Z,1790452400.000,32.642170091,-117.188539418,5.699,58.737,44.367,-1.167,4.033,100,38.227,,,
2026-09-26T19:53:21.000Z,1790452401.000,32.642186579,-117.188511075,6.596,49.155,41.936,-2.484,2.757,99,40.21,,,
2026-09-26T19:53:22.000Z,1790452402.000,32.642206341,-117.18848092,7.038,51.682,40.348,-1.452,3.986,98,42.332,,,
2026-09-26T19:53:23.000Z,1790452403.000,32.64222703,-117.188449968,6.888,50.817,42.141,-4.561,3.763,97,44.745,,,
2026-09-26T19:53:24.000Z,1790452404.000,32.642245356,-117.188422339,6.331,50.964,45.309,-6.21,3.033,96,47.009,,,
2026-09-26T19:53:25.000Z,1790452405.000,32.642262001,-117.188397648,5.669,50.557,41.248,2.761,4.837,95,48.541,,,
2026-09-26T19:53:26.000Z,1790452406.000,32.642279336,-117.18837627,5.235,42.916,36.081,1.916,5.524,94,49.661,,,
2026-09-26T19:53:27.000Z,1790452407.000,32.642298628,-117.18835596,5.611,41.951,29.3,-1.713,3.86,93,50.493,,,
2026-09-26T19:53:28.000Z,1790452408.000,32.642318071,-117.188332696,5.961,47.32,30.839,0.317,3.6,92,52.228,,,
2026-09-26T19:53:29.000Z,1790452409.000,32.64233814,-117.188308959,6.199,43.306,29.197,-3.068,4.336,91,53.743,,,
2026-09-26T19:53:30.000Z,1790452410.000,32.642358906,-117.18828583,5.968,44.49,27.298,-5.404,2.86,90,55.164,,,
2026-09-26T19:53:31.000Z,1790452411.000,32.642377215,-117.18826261,5.575,45.785,38.525,-0.564,4.899,89,57.663,,,
2026-09-26T19:53:32.000Z,1790452412.000,32.642395116,-117.188241674,5.16,44.32,35.398,-2.732,4.152,88,58.874,,,
2026-09-26T19:53:33.000Z,1790452413.000,32.642412946,-117.18822162,5.468,42.842,33.967,3.771,5,87,60.131,,,
2026-09-26T19:53:34.000Z,1790452414.000,32.642434925,-117.188201274,6.266,39.403,22.471,1.868,3.968,86,60.515,,,
2026-09-26T19:53:35.000Z,1790452415.000,32.642458012,-117.1881767,6.8,42.812,27.976,6.965,3.935,85,62.593,,,
2026-09-26T19:53:36.000Z,1790452416.000,32.642480855,-117.188150393,6.975,46.266,28.127,-6.065,4.463,84,64.41,,,
2026-09-26T19:53:37.000Z,1790452417.000,32.642499517,-117.188119817,6.66,58.253,44.126,-6.04,3.966,83,67.906,,,
2026-09-26T19:53:38.000Z,1790452418.000,32.642512382,-117.188090829,5.8,64.855,52.741,-3.7,5.233,82,70.785,,,
2026-09-26T19:53:39.000Z,1790452419.000,32.642522659,-117.188064516,5.001,62.231,53.171,0.998,3.466,81,72.943,,,
2026-09-26T19:53:40.000Z,1790452420.000,32.642535707,-117.18804301,4.828,49.291,39.562,6.915,4.255,80,73.639,,,
2026-09-26T19:53:41.000Z,1790452421.000,32.642555894,-117.188025158,5.671,31.052,20.471,3.548,3.168,79,73.265,,,
2026-09-26T19:53:42.000Z,1790452422.000,32.642579889,-117.188008916,6.132,25.937,14.458,7.942,3.584,78,73.638,,,
2026-09-26T19:53:43.000Z,1790452423.000,32.642607071,-117.187998994,6.067,8.475,357.875,5.78,3.723,77,72.509,,,
2026-09-26T19:53:44.000Z,1790452424.000,32.642634389,-117.187997465,5.965,356.248,344.383,8.621,4.356,76,70.931,,,
2026-09-26T19:53:45.000Z,1790452425.000,32.642659704,-117.188001083,5.41,350.744,340.269,12.062,4.997,75,69.662,,,
2026-09-26T19:53:46.000Z,1790452426.000,32.642683922,-117.188007941,5.19,345.6,333.319,12.57,4.18,74,67.959,,,
2026-09-26T19:53:47.000Z,1790452427.000,32.64270791,-117.188014996,5.705,343.213,336.936,19.295,3.827,73,66.927,,,
2026-09-26T19:53:48.000Z,1790452428.000,32.642731341,-117.188025285,5.7,340.027,327.958,17.158,8.845,72,64.836,,,
2026-09-26T19:53:49.000Z,1790452429.000,32.642755695,-117.188037217,5.468,338.039,325.014,13.356,6.046,71,62.956,,,
2026-09-26T19:53:50.000Z,1790452430.000,32.642780781,-117.188048371,5.446,341.346,328.239,4.575,3.617,70,61.471,,,
2026-09-26T19:53:51.000Z,1790452431.000,32.64280805,-117.18805479,6.11,351.8,336.34,0.05,2.58,69,60.675,,,
2026-09-26T19:53:52.000Z,1790452432.000,32.642835836,-117.1880563,6.339,0.732,346.957,7.207,3.657,68,60.551,,,
2026-09-26T19:53:53.000Z,1790452433.000,32.642866116,-117.188056668,6.466,0.49,341.88,4.307,4.893,67,59.375,,,
2026-09-26T19:53:54.000Z,1790452434.000,32.64289668,-117.188055986,6.762,357.709,341.423,2.796,4.193,66,58.615,,,
2026-09-26T19:53:55.000Z,1790452435.000,32.642926974,-117.1880564,6.338,2.113,342.009,6.049,3.425,65,57.834,,,
2026-09-26T19:53:56.000Z,1790452436.000,32.642956677,-117.188055562,6.385,0.504,343.619,6.784,8.476,64,57.256,,,
2026-09-26T19:53:57.000Z,1790452437.000,32.642986141,-117.188052929,6.137,3.959,349.373,8.79,6.178,63,57.149,,,
2026-09-26T19:53:58.000Z,1790452438.000,32.643015565,-117.188047218,6.469,9.262,355.952,7.872,4.576,62,57.407,,,
2026-09-26T19:53:59.000Z,1790452439.000,32.643044877,-117.188037297,6.545,16.322,5.061,8.184,2.926,61,58.273,,,
2026-09-26T19:54:00.000Z,1790452440.000,32.643074758,-117.188025782,6.984,20.973,15.207,13.625,3.359,60,59.369,,,
2026-09-26T19:54:01.000Z,1790452441.000,32.643103982,-117.188011995,6.668,21.891,8.559,8.152,5.12,59,59.331,,,
2026-09-26T19:54:02.000Z,1790452442.000,32.643132052,-117.187994521,7.034,28.232,14.62,9.136,3.293,58,60.687,,,
2026-09-26T19:54:03.000Z,1790452443.000,32.643159759,-117.187974751,7.135,29.87,20.639,3.723,3.35,57,62.258,,,
2026-09-26T19:54:04.000Z,1790452444.000,32.643187929,-117.187957962,6.638,22.986,18.017,7.354,2.254,56,62.847,,,
2026-09-26T19:54:05.000Z,1790452445.000,32.643219248,-117.187949595,6.952,6.634,356.673,5.952,2.221,55,61.09,,,
2026-09-26T19:54:06.000Z,1790452446.000,32.643250078,-117.187944863,7.102,3.369,355.384,10.227,1.935,54,60.622,,,
2026-09-26T19:54:07.000Z,1790452447.000,32.643280992,-117.187945896,6.966,353.896,345.969,2.564,3.964,53,59.027,,,
2026-09-26T19:54:08.000Z,1790452448.000,32.643311383,-117.187948006,6.7,355.625,343.538,7.997,3.815,52,57.874,,,
2026-09-26T19:54:09.000Z,1790452449.000,32.643341774,-117.187954352,6.316,348.107,328.903,3.768,4.274,51,55.568,,,
2026-09-26T19:54:10.000Z,1790452450.000,32.643370148,-117.187958081,6.132,353.324,333.738,11.082,5.798,50,54.786,,,
2026-09-26T19:54:11.000Z,1790452451.000,32.643396517,-117.187963904,5.799,346.312,329.407,9.871,7.075,49,53.312,,,
2026-09-26T19:54:12.000Z,1790452452.000,32.64342207,-117.187973484,5.666,337.884,325.184,16.002,2.996,48,51.542,,,
2026-09-26T19:54:13.000Z,1790452453.000,32.643444053,-117.187985881,5.162,334.087,321.511,17.872,4.592,47,49.653,,,
2026-09-26T19:54:14.000Z,1790452454.000,32.643463604,-117.188003293,5.041,321.711,309.156,13.963,4.885,46,47.034,,,
2026-09-26T19:54:15.000Z,1790452455.000,32.643479674,-117.188023399,5.232,307.441,300.766,9.383,2.324,45,44.539,,,
2026-09-26T19:54:16.000Z,1790452456.000,32.643492358,-117.188046985,5.001,302.565,294,2.365,5.194,44,41.93,,,
2026-09-26T19:54:17.000Z,1790452457.000,32.643505734,-117.188069299,4.865,312.234,293.576,-2.165,5.252,43,39.547,,,
2026-09-26T19:54:18.000Z,1790452458.000,32.643520689,-117.188086774,4.453,312.382,302.392,6.234,1.985,42,37.747,,,
2026-09-26T19:54:19.000Z,1790452459.000,32.643533619,-117.188103363,4.07,307.901,300.541,16.445,5.759,41,35.856,,,
2026-09-26T19:54:20.000Z,1790452460.000,32.643538805,-117.188123565,3.468,285.195,273.394,6.103,2.873,40,33.751,,,
2026-09-26T19:54:21.000Z,1790452461.000,32.643538476,-117.188142823,3.466,264.769,249.752,3.769,2.4,39,32.715,,,
2026-09-26T19:54:22.000Z,1790452462.000,32.643532756,-117.1881575,3.192,227.445,229.976,-1.613,6.1,38,32.626,,,
2026-09-26T19:54:23.000Z,1790452463.000,32.643526034,-117.188168637,2.2,237.297,216.469,7.408,3.523,37,32.734,,,
2026-09-26T19:54:24.000Z,1790452464.000,32.643514084,-117.188174259,2.94,193.107,199.513,-4.864,-0.919,36,33.856,,,
2026-09-26T19:54:25.000Z,1790452465.000,32.643501,-117.188178567,3.233,189.499,186.3,-5.533,4.933,35,34.872,,,
2026-09-26T19:54:26.000Z,1790452466.000,32.643485884,-117.188182796,3.832,195.18,177.244,4.457,4.075,34,35.596,,,
2026-09-26T19:54:27.000Z,1790452467.000,32.643466917,-117.188182891,4.3,170.018,168.936,-5.511,6.626,33,36.71,,,
2026-09-26T19:54:28.000Z,1790452468.000,32.643446935,-117.188182754,4.484,180.747,178.898,-9.5,3.704,32,36.477,,,
2026-09-26T19:54:29.000Z,1790452469.000,32.643426481,-117.188188434,4.593,197.143,193.592,-11.428,0.26,31,35.31,,,
2026-09-26T19:54:30.000Z,1790452470.000,32.643409394,-117.188198375,4.531,213.697,208.848,-10.003,6.678,30,33.624,,,
2026-09-26T19:54:31.000Z,1790452471.000,32.643393832,-117.188212752,4.131,229.146,223.956,-14.162,13.491,29,31.594,,,
2026-09-26T19:54:32.000Z,1790452472.000,32.643381759,-117.188230409,3.976,230.033,228.358,-19.552,9.288,28,29.996,,,
2026-09-26T19:54:33.000Z,1790452473.000,32.643372829,-117.188251153,4.159,242.506,234.159,-13.376,0.182,27,27.965,,,
2026-09-26T19:54:34.000Z,1790452474.000,32.64336598,-117.188271308,4.063,250.95,240.347,-10.999,7.049,26,25.944,,,
2026-09-26T19:54:35.000Z,1790452475.000,32.643358318,-117.188292651,4.366,245.503,241.207,-11.535,4.659,25,24.152,,,
2026-09-26T19:54:36.000Z,1790452476.000,32.643352312,-117.188313858,4.328,247.785,245.654,-10.297,6.569,24,22.144,,,
2026-09-26T19:54:37.000Z,1790452477.000,32.643348916,-117.188335371,3.861,265.1,251.569,-10.188,5.132,23,19.999,,,
2026-09-26T19:54:38.000Z,1790452478.000,32.643347789,-117.188358607,4.311,269.159,256.819,-2.919,2.515,22,17.703,,,
2026-09-26T19:54:39.000Z,1790452479.000,32.643347398,-117.188379888,3.9,270.919,259.731,5.694,5.403,21,15.675,,,
2026-09-26T19:54:40.000Z,1790452480.000,32.643346601,-117.188399714,3.532,265.295,259.065,4.101,5.465,20,13.912,,,
2026-09-26T19:54:41.000Z,1790452481.000,32.643344563,-117.188418884,3.4,264.884,260.761,-0.158,4.788,19,12.164,,,
2026-09-26T19:54:42.000Z,1790452482.000,32.643346129,-117.188435324,2.871,270.868,261.4,2.138,5.262,18,10.607,,,
2026-09-26T19:54:43.000Z,1790452483.000,32.643348681,-117.188450094,2.862,280.632,261.969,1.744,-1.475,17,9.179,,,
2026-09-26T19:54:44.000Z,1790452484.000,32.643349334,-117.188464161,2.9,266.73,262.498,-2.666,8.002,16,7.866,,,
2026-09-26T19:54:45.000Z,1790452485.000,32.64335149,-117.188479121,2.635,279.702,263.86,1.895,3.02,15,6.409,,,
2026-09-26T19:54:46.000Z,1790452486.000,32.643353239,-117.188493153,2.416,269.882,263.104,4.835,6.057,14,5.107,,,
2026-09-26T19:54:47.000Z,1790452487.000,32.643352219,-117.1885071,2.559,262.97,253.841,1.674,0.593,13,4.181,,,
2026-09-26T19:54:48.000Z,1790452488.000,32.643350051,-117.188518309,2.112,252.156,244.96,2.888,5.046,12,3.619,,,
2026-09-26T19:54:49.000Z,1790452489.000,32.643344631,-117.188527936,1.699,229.345,232.696,0.162,6.468,11,3.58,,,
2026-09-26T19:54:50.000Z,1790452490.000,32.643335854,-117.188534884,2.239,211.25,223.14,-7.53,-0.987,10,3.813,,,
2026-09-26T19:54:51.000Z,1790452491.000,32.643326975,-117.188539458,2.552,197.485,208.055,-4.525,8.431,9,4.756,,,
2026-09-26T19:54:52.000Z,1790452492.000,32.643313755,-117.188544156,2.969,198.005,198.672,-10.117,5.684,8,5.418,,,
2026-09-26T19:54:53.000Z,1790452493.000,32.643297669,-117.18854804,3.935,189.966,189.322,-14.483,3.252,7,6.238,,,
2026-09-26T19:54:54.000Z,1790452494.000,32.643279792,-117.188552511,4.343,197.393,188.196,-14.585,5.489,6,6.384,,,
2026-09-26T19:54:55.000Z,1790452495.000,32.643259947,-117.188557916,4.453,189.137,182.305,-9.758,8.942,5,6.878,,,
2026-09-26T19:54:56.000Z,1790452496.000,32.643239267,-117.188560633,4.233,187.867,183.667,-11.733,5.3,4,7.056,,,
2026-09-26T19:54:57.000Z,1790452497.000,32.643219583,-117.188563015,4.714,188.747,185.744,-12.228,3.641,3,7.182,,,
2026-09-26T19:54:58.000Z,1790452498.000,32.643199289,-117.188567445,4.671,187.295,190.534,-15.386,8.685,2,6.916,,,
2026-09-26T19:54:59.000Z,1790452499.000,32.643178765,-117.188578015,5.13,211.242,204.91,-16.675,5.68,1,5.324,,,
2026-09-26T19:55:00.000Z,1790452500.000,32.643158435,-117.188595008,5.743,217.972,215.159,-21.21,3.54,0,3.506,,,
2026-09-26T19:55:01.000Z,1790452501.000,32.643139821,-117.18861757,5.83,227.9,225.389,-20.236,5.266,-1,1.193,,,
2026-09-26T19:55:02.000Z,1790452502.000,32.643124139,-117.188641508,5.362,234.015,228.634,-18.538,3.064,-2,-0.801,1,3.187,23.166
2026-09-26T19:55:03.000Z,1790452503.000,32.643110012,-117.188664598,5.337,230.065,227.502,-17.449,5.859,-3,-2.463,1,2.864,20.953
2026-09-26T19:55:04.000Z,1790452504.000,32.643095788,-117.188688326,5.437,237.409,232.461,-21.124,3.173,-4,-4.579,1,3.476,18.968
2026-09-26T19:55:05.000Z,1790452505.000,32.643083917,-117.188713251,5.438,241.465,234.2,-20.767,4.35,-5,-6.65,1,3.761,17.067
2026-09-26T19:55:06.000Z,1790452506.000,32.64307318,-117.188740321,5.531,246.895,238.586,-22.731,3.686,-6,-9.098,1,4.182,15.361
2026-09-26T19:55:07.000Z,1790452507.000,32.643065849,-117.188768726,5.668,251.942,241.788,-18.317,2.442,-7,-11.673,1,4.593,13.931
2026-09-26T19:55:08.000Z,1790452508.000,32.643057605,-117.188795682,5.135,253.79,240.735,-20.603,2.839,-8,-13.858,1,4.254,12.213
2026-09-26T19:55:09.000Z,1790452509.000,32.643048255,-117.188823069,5.538,246.052,242.521,-23.9,2.372,-9,-16.207,1,4.125,10.525
2026-09-26T19:55:10.000Z,1790452510.000,32.643039288,-117.188852069,5.962,249.35,242.876,-21.02,3.291,-10,-18.635,1,4.66,8.75
2026-09-26T19:55:11.000Z,1790452511.000,32.643030812,-117.188881884,5.4,254.034,241.021,-14.32,4.323,-11,-21.031,1,4.479,6.879
2026-09-26T19:55:12.000Z,1790452512.000,32.643020032,-117.188909198,5.505,245.652,240.584,-20.084,1.606,-12,-23.216,1,4.065,4.918
2026-09-26T19:55:13.000Z,1790452513.000,32.643010126,-117.188937853,5.933,248.199,242.664,-17.947,2.42,-13,-25.682,1,4.551,3.15
2026-09-26T19:55:14.000Z,1790452514.000,32.642999969,-117.188966606,5.895,247.185,241.305,-17.28,5.85,-14,-27.964,1,4.451,1.16
2026-09-26T19:55:15.000Z,1790452515.000,32.642990466,-117.188994287,5.6,248.25,240,-23.002,0.813,-15,-30.168,1,4.292,-0.725
2026-09-26T19:55:16.000Z,1790452516.000,32.642983282,-117.189020971,5.1,253.635,241.788,-19.947,5.459,-16,-32.51,1,4.197,-2.165
2026-09-26T19:55:17.000Z,1790452517.000,32.642977067,-117.1890467,4.7,252.733,240.333,-18.4,5.333,-17,-34.613,1,3.823,-3.654
2026-09-26T19:55:18.000Z,1790452518.000,32.642969106,-117.189073914,5.433,250.026,240.269,-18.334,3.857,-18,-36.882,1,4.262,-5.294
2026-09-26T19:55:19.000Z,1790452519.000,32.642959269,-117.189102871,5.67,246.775,239.545,-14.72,4.995,-19,-39.224,1,4.239,-7.219
2026-09-26T19:55:20.000Z,1790452520.000,32.642948765,-117.189130635,5.453,247.135,239.062,-16.176,4.532,-20,-41.454,1,4.096,-9.166
2026-09-26T19:55:21.000Z,1790452521.000,32.642937598,-117.18915846,5.361,243.932,236.448,-17.693,6.653,-21,-43.547,1,3.818,-11.294
2026-09-26T19:55:22.000Z,1790452522.000,32.642926039,-117.189184864,5.564,241.358,236.879,-20.618,3.329,-22,-45.678,1,3.78,-13.265
2026-09-26T19:55:23.000Z,1790452523.000,32.642914433,-117.189211533,5.667,242.633,237.433,-23.133,3.033,-23,-47.839,1,3.937,-15.242
2026-09-26T19:55:24.000Z,1790452524.000,32.642903228,-117.189240686,6.065,246.904,238.004,-22.05,5.257,-24,-50.238,1,4.523,-17.249
2026-09-26T19:55:25.000Z,1790452525.000,32.642891137,-117.18927008,6.076,245.699,239.352,-25.18,0.913,-25,-52.679,1,4.441,-19.314
2026-09-26T19:55:26.000Z,1790452526.000,32.642880576,-117.189298872,5.6,249.197,238.509,-21.697,6.158,-26,-54.98,1,4.315,-21.316
2026-09-26T19:55:27.000Z,1790452527.000,32.642870282,-117.189326755,5.532,245.315,238.303,-21.035,2.412,-27,-57.241,1,4.01,-23.23
2026-09-26T19:55:28.000Z,1790452528.000,32.64286104,-117.189354615,5.766,245.93,237.739,-19.174,2.971,-28,-59.507,1,4.219,-25.049
2026-09-26T19:55:29.000Z,1790452529.000,32.642850331,-117.189381213,5.5,242.686,235.328,-22.392,2.044,-29,-61.509,1,3.801,-27.08
2026-09-26T19:55:30.000Z,1790452530.000,32.642839208,-117.189407556,5.376,241.419,236.249,-22.902,4.576,-30,-63.676,1,3.625,-28.979
2026-09-26T19:55:31.000Z,1790452531.000,32.642828511,-117.189434782,5.039,248.014,237.278,-21.888,5.303,-31,-65.94,1,3.799,-30.853
2026-09-26T19:55:32.000Z,1790452532.000,32.642818696,-117.189461509,5.4,245.698,236.733,-19.665,3.201,-32,-68.088,1,3.921,-32.699
2026-09-26T19:55:33.000Z,1790452533.000,32.642806708,-117.189488181,5.633,243.457,238.464,-21.669,2.533,-33,-70.308,1,3.932,-34.656
2026-09-26T19:55:34.000Z,1790452534.000,32.642795438,-117.189516613,5.827,244.481,238.654,-18.309,5.164,-34,-72.616,1,4.137,-36.667
2026-09-26T19:55:35.000Z,1790452535.000,32.642784061,-117.189547066,6.1,248.851,240.248,-18.061,3.7,-35,-75.185,1,4.642,-38.674
2026-09-26T19:55:36.000Z,1790452536.000,32.642773107,-117.18957733,5.831,243.783,234.462,-14.872,6.186,-36,-77.32,1,4.08,-41.012
2026-09-26T19:55:37.000Z,1790452537.000,32.642761254,-117.189605294,5.667,245.68,232.869,-16.478,5.903,-37,-79.462,1,4.093,-43.157
2026-09-26T19:55:38.000Z,1790452538.000,32.642750312,-117.189631942,5.166,240.695,232.066,-14.066,8.881,-38,-81.555,1,3.403,-45.128
2026-09-26T19:55:39.000Z,1790452539.000,32.642738589,-117.189657178,5.1,243.102,233.079,-17.187,2.734,-39,-83.614,1,3.514,-47.058
2026-09-26T19:55:40.000Z,1790452540.000,32.642726459,-117.189682982,5.3,241.818,235.086,-17.972,3.827,-40,-85.774,1,3.561,-48.998
2026-09-26T19:55:41.000Z,1790452541.000,32.642714281,-117.18971025,5.869,242.188,234.169,-16.656,2.438,-41,-87.886,1,3.966,-51.126
2026-09-26T19:55:42.000Z,1790452542.000,32.642699752,-117.189737928,5.968,240.282,234.17,-22.74,1.028,-42,-90.031,1,3.879,-53.47
2026-09-26T19:55:43.000Z,1790452543.000,32.642686662,-117.189766334,5.869,242.669,235.983,-24.476,1.031,-43,-92.389,1,3.992,-55.594
2026-09-26T19:55:44.000Z,1790452544.000,32.642674192,-117.189793407,5.7,241.466,235.706,-25.023,2.075,-44,-94.516,1,3.784,-57.717
2026-09-26T19:55:45.000Z,1790452545.000,32.642662988,-117.189821296,5.457,244.56,235.299,-22.014,6.371,-45,-96.742,1,3.834,-59.736
2026-09-26T19:55:46.000Z,1790452546.000,32.642651735,-117.189848906,5.4,243.867,234.872,-19.696,5.312,-46,-98.939,1,3.743,-61.753
2026-09-26T19:55:47.000Z,1790452547.000,32.642640067,-117.1898766,5.533,244.967,236.867,-22.233,3.367,-47,-101.279,1,3.907,-63.696
2026-09-26T19:55:48.000Z,1790452548.000,32.64262918,-117.189904828,5.766,246.21,238.43,-22.476,4.064,-48,-103.659,1,4.155,-65.59
2026-09-26T19:55:49.000Z,1790452549.000,32.642619413,-117.189932808,5.662,244.505,236.162,-17.22,5.476,-49,-105.822,1,3.957,-67.556
2026-09-26T19:55:50.000Z,1790452550.000,32.642607718,-117.189961153,5.4,245.947,238.118,-21.082,4.188,-50,-108.216,1,3.866,-69.52
2026-09-26T19:55:51.000Z,1790452551.000,32.642596527,-117.189990677,6.226,246.41,239.695,-21.579,1.768,-51,-110.705,1,4.488,-71.482
2026-09-26T19:55:52.000Z,1790452552.000,32.642585733,-117.190021467,6.2,250.067,239.633,-21.1,2.8,-52,-113.226,1,4.73,-73.526
2026-09-26T19:55:53.000Z,1790452553.000,32.642575669,-117.190051467,6.105,247.936,238.34,-22.625,2.189,-53,-115.625,1,4.503,-75.534
2026-09-26T19:55:54.000Z,1790452554.000,32.642565728,-117.190080178,5.6,248.032,238.947,-22.166,3.59,-54,-118.017,1,4.133,-77.392
2026-09-26T19:55:55.000Z,1790452555.000,32.642556133,-117.190108441,5.47,245.063,238.379,-19.038,2.474,-55,-120.31,1,3.837,-79.261
2026-09-26T19:55:56.000Z,1790452556.000,32.642546108,-117.190135188,5.903,238.64,235.632,-11.674,9.942,-56,-122.326,1,3.639,-81.242
2026-09-26T19:55:57.000Z,1790452557.000,32.642533404,-117.190161424,5.467,239.972,235.931,-21.267,3.93,-57,-124.404,1,3.464,-83.336
2026-09-26T19:55:58.000Z,1790452558.000,32.642521399,-117.190188522,5.628,239.961,237.176,-24.34,4.736,-58,-126.635,1,3.561,-85.334
2026-09-26T19:55:59.000Z,1790452559.000,32.642509325,-117.190217498,5.9,244.143,238.036,-23.936,3.382,-59,-129.012,1,4.052,-87.412
2026-09-26T19:56:00.000Z,1790452560.000,32.642498062,-117.190247266,5.532,246.621,235.868,-18.584,9.823,-60,-131.304,1,3.964,-89.582
2026-09-26T19:56:01.000Z,1790452561.000,32.64248715,-117.190274879,5.407,244.829,235.293,-20.579,3.543,-61,-133.502,1,3.751,-91.57
2026-09-26T19:56:02.000Z,1790452562.000,32.642477046,-117.190302118,5.636,250.296,240.5,-24.003,0.792,-62,-136.023,1,4.276,-93.164
2026-09-26T19:56:03.000Z,1790452563.000,32.64246854,-117.190330391,5.637,249.67,240.033,-21.633,2.255,-63,-138.352,1,4.232,-94.914
2026-09-26T19:56:04.000Z,1790452564.000,32.642459008,-117.190358799,5.602,248.654,238.321,-22.083,2.906,-64,-140.596,1,4.136,-96.843
2026-09-26T19:56:05.000Z,1790452565.000,32.642449124,-117.190386585,5.294,248.504,238.013,-22.699,3.768,-65,-142.853,1,3.895,-98.715
2026-09-26T19:56:06.000Z,1790452566.000,32.642439946,-117.190412469,4.856,249.974,238.764,-20.264,4.436,-66,-145.016,1,3.654,-100.402
2026-09-26T19:56:07.000Z,1790452567.000,32.642429947,-117.190438522,5.226,243.22,237.358,-18.232,2.732,-67,-147.049,1,3.496,-102.293
2026-09-26T19:56:08.000Z,1790452568.000,32.642418694,-117.190465807,5.762,248.017,240.451,-19.94,3.049,-68,-149.419,1,4.195,-104.115
2026-09-26T19:56:09.000Z,1790452569.000,32.642408048,-117.190494587,5.818,246.658,239.659,-20.653,3.13,-69,-151.72,1,4.135,-106.124
2026-09-26T19:56:10.000Z,1790452570.000,32.642397594,-117.190525189,5.934,251.132,240.832,-20.029,3.631,-70,-154.302,1,4.526,-108.059
2026-09-26T19:56:11.000Z,1790452571.000,32.642388867,-117.190553977,5.595,249.413,239.795,-20.198,3.581,-71,-156.641,1,4.154,-109.879
2026-09-26T19:56:12.000Z,1790452572.000,32.642379858,-117.190582812,5.235,252.931,242.486,-18.935,5.184,-72,-159.181,1,4.091,-111.525
2026-09-26T19:56:13.000Z,1790452573.000,32.642371538,-117.190610949,5.229,251.016,239.458,-17.362,6.287,-73,-161.362,1,3.972,-113.393
2026-09-26T19:56:14.000Z,1790452574.000,32.642363026,-117.190639372,5.3,251.76,237.888,-15.176,4.973,-74,-163.641,1,4.067,-115.206
2026-09-26T19:56:15.000Z,1790452575.000,32.642352621,-117.190666603,5.33,246.689,237.482,-21.616,0.989,-75,-165.828,1,3.767,-117.122
2026-09-26T19:56:16.000Z,1790452576.000,32.642342507,-117.190693832,5.504,247.645,239.125,-19.132,3.343,-76,-168.141,1,3.951,-118.9
2026-09-26T19:56:17.000Z,1790452577.000,32.642333105,-117.190722281,5.401,250.65,240.266,-14.108,6.237,-77,-170.552,1,4.065,-120.664
2026-09-26T19:56:18.000Z,1790452578.000,32.642322788,-117.190749839,5.352,243.583,233.492,-10.914,7.417,-78,-172.396,1,3.559,-122.902
2026-09-26T19:56:19.000Z,1790452579.000,32.642309001,-117.190777046,5.918,240.573,234.335,-18.762,1.982,-79,-174.57,1,3.692,-125.114
2026-09-26T19:56:20.000Z,1790452580.000,32.642296794,-117.190804605,5.684,238.159,233.038,-20.177,6.599,-80,-176.684,1,3.351,-127.271
2026-09-26T19:56:21.000Z,1790452581.000,32.642283858,-117.190831284,5.499,238.426,232.936,-21.268,7.109,-81,-178.773,1,3.257,-129.422
2026-09-26T19:56:22.000Z,1790452582.000,32.64227237,-117.190858325,5.101,245.28,235.401,-20.072,2.36,-82,-181.09,1,3.486,-131.308
2026-09-26T19:56:23.000Z,1790452583.000,32.642260211,-117.190884585,5.592,239.534,233.392,-20.772,2.522,-83,-183.044,1,3.388,-133.457
2026-09-26T19:56:24.000Z,1790452584.000,32.642248802,-117.190912324,5.5,245.898,235.329,-18.072,3.301,-84,-185.394,1,3.793,-135.38
2026-09-26T19:56:25.000Z,1790452585.000,32.642235956,-117.19093868,5.661,239.448,234.894,-22.944,2.884,-85,-187.435,1,3.413,-137.528
2026-09-26T19:56:26.000Z,1790452586.000,32.642224475,-117.190966023,5.535,243.1,236.535,-18.409,6.391,-86,-189.727,1,3.608,-139.459
2026-09-26T19:56:27.000Z,1790452587.000,32.642212912,-117.190993705,5.701,242.89,235.766,-21.063,3.959,-87,-191.903,1,3.695,-141.529
2026-09-26T19:56:28.000Z,1790452588.000,32.642202396,-117.191022139,5.7,248.075,236.062,-17.465,5.285,-88,-194.239,1,4.067,-143.456
2026-09-26T19:56:29.000Z,1790452589.000,32.642189626,-117.191049932,5.558,241.461,235.823,-23.968,2.271,-89,-196.425,1,3.485,-145.629
2026-09-26T19:56:30.000Z,1790452590.000,32.642179887,-117.191078201,5.5,249.262,236.724,-18.509,6.366,-90,-198.802,1,3.994,-147.439
2026-09-26T19:56:31.000Z,1790452591.000,32.642169553,-117.191105669,5.365,245.598,236.467,-19.465,5.182,-91,-201.021,1,3.649,-149.347
2026-09-26T19:56:32.000Z,1790452592.000,32.642159902,-117.191133433,5.33,250.543,237.476,-19.362,4.166,-92,-203.359,1,3.944,-151.126
2026-09-26T19:56:33.000Z,1790452593.000,32.642149755,-117.191161087,5.625,247.268,238.3,-20.44,3.66,-93,-205.663,1,3.935,-152.964
2026-09-26T19:56:34.000Z,1790452594.000,32.642139059,-117.191189594,5.6,248.3,238.718,-20.188,1.682,-94,-208.006,1,3.985,-154.905
2026-09-26T19:56:35.000Z,1790452595.000,32.642127936,-117.191217768,5.868,241.539,236.896,-18.721,4.604,-95,-210.179,1,3.655,-156.998
2026-09-26T19:56:36.000Z,1790452596.000,32.642116284,-117.191246171,5.835,243.879,237.802,-22.429,2.363,-96,-212.517,1,3.813,-159.013
2026-09-26T19:56:37.000Z,1790452597.000,32.642105048,-117.191274962,5.934,246.533,237.536,-20.292,2.594,-97,-214.833,1,4.076,-161.055
2026-09-26T19:56:38.000Z,1790452598.000,32.642093114,-117.191303584,6.187,240.002,236.538,-19.537,5.677,-98,-217.073,1,3.705,-163.203
2026-09-26T19:56:39.000Z,1790452599.000,32.642080747,-117.191332353,5.671,243.241,236.865,-20.982,4.941,-99,-219.392,1,3.642,-165.334
2026-09-26T19:56:40.000Z,1790452600.000,32.642070149,-117.191361216,5.6,248.847,238.6,-18.262,3.14,-100,-221.848,1,3.994,-167.208
2026-09-26T19:56:41.000Z,1790452601.000,32.642060705,-117.191389316,5.2,251.534,240.33,-17.062,6.464,-101,-224.26,1,3.872,-168.934
2026-09-26T19:56:42.000Z,1790452602.000,32.642053671,-117.191417173,5.237,259.47,245.162,-18.266,1.957,-102,-226.87,1,4.342,-170.216
2026-09-26T19:56:43.000Z,1790452603.000,32.642049875,-117.191444587,5.226,265.719,254.434,-18.226,3.062,-103,-229.685,1,4.625,-170.829
2026-09-26T19:56:44.000Z,1790452604.000,32.642051754,-117.191473541,5.346,277.142,262.934,-14.684,2.776,-104,-232.659,1,5.129,-170.878
2026-09-26T19:56:45.000Z,1790452605.000,32.642059674,-117.191500785,5.055,291.971,276.284,0.393,1.323,-105,-235.603,1,5.053,-169.813
2026-09-26T19:56:46.000Z,1790452606.000,32.642070609,-117.191521012,4.3,312.525,288.806,3.973,5.184,-106,-237.743,1,4.063,-168.24
2026-09-26T19:56:47.000Z,1790452607.000,32.642086014,-117.191534184,3.868,329.461,299.605,16.412,6.644,-107,-239.175,1,3.125,-166.129
2026-09-26T19:56:48.000Z,1790452608.000,32.642100443,-117.191549358,4.286,310.498,302.849,17.569,3.708,-108,-240.853,1,4.095,-164.791
2026-09-26T19:56:49.000Z,1790452609.000,32.642115611,-117.191566474,4.811,314.463,304.952,21.274,2,-109,-242.743,1,4.486,-163.525
2026-09-26T19:56:50.000Z,1790452610.000,32.642130146,-117.191584628,4.841,310.287,301.686,22.627,3.931,-110,-244.863,1,4.629,-162.776
2026-09-26T19:56:51.000Z,1790452611.000,32.642144976,-117.19160328,4.735,310.513,300.57,23.666,4.261,-111,-246.972,1,4.522,-161.842
2026-09-26T19:56:52.000Z,1790452612.000,32.642159276,-117.191620812,4.43,323.333,299.912,19.476,7.663,-112,-248.952,1,3.832,-160.897
2026-09-26T19:56:53.000Z,1790452613.000,32.64217593,-117.191637766,4.862,315.821,302.502,21.715,1.713,-113,-250.864,1,4.488,-159.428
2026-09-26T19:56:54.000Z,1790452614.000,32.642190868,-117.191657546,5.079,312.669,303.136,20.002,4.754,-114,-253.034,1,4.787,-158.379
2026-09-26T19:56:55.000Z,1790452615.000,32.642208369,-117.191675469,4.968,321.023,301.903,19.291,4.478,-115,-255.152,1,4.391,-157.15
2026-09-26T19:56:56.000Z,1790452616.000,32.642226614,-117.191692317,4.966,320.981,303.793,20.928,3.977,-116,-257.107,1,4.389,-155.567
2026-09-26T19:56:57.000Z,1790452617.000,32.642245614,-117.19170985,5.264,318.753,305.134,22.272,5.208,-117,-259.155,1,4.742,-153.968
2026-09-26T19:56:58.000Z,1790452618.000,32.64226444,-117.191731497,5.529,314.118,301.901,18.543,3.799,-118,-261.704,1,5.158,-152.865
2026-09-26T19:56:59.000Z,1790452619.000,32.642283794,-117.191751156,5.776,318.733,304.476,20.582,3.718,-119,-263.924,1,5.202,-151.193
2026-09-26T19:57:00.000Z,1790452620.000,32.64230344,-117.191770473,5.3,319.498,305.101,18.397,4.402,-120,-266.172,1,4.74,-149.634
2026-09-26T19:57:01.000Z,1790452621.000,32.642322168,-117.191790804,5.366,322.107,304.258,16.161,5.719,-121,-268.532,1,4.683,-148.316
2026-09-26T19:57:02.000Z,1790452622.000,32.642341555,-117.191810853,5.513,315.46,301.589,15.104,3.655,-122,-270.932,1,5.09,-147.063
2026-09-26T19:57:03.000Z,1790452623.000,32.64236223,-117.19183043,5.654,318.254,305.831,18.971,-0.312,-123,-273.129,1,5.105,-145.12
2026-09-26T19:57:04.000Z,1790452624.000,32.642381181,-117.191850394,5.431,313.609,303.993,17.92,5.124,-124,-275.492,1,5.076,-143.844
2026-09-26T19:57:05.000Z,1790452625.000,32.64240146,-117.19186896,5.566,322.264,304.501,22.3,2.232,-125,-277.692,1,4.843,-142.205
2026-09-26T19:57:06.000Z,1790452626.000,32.642420783,-117.19188931,5.531,317.132,302.639,18.273,4.719,-126,-280.097,1,5.035,-140.904
2026-09-26T19:57:07.000Z,1790452627.000,32.642440776,-117.1919102,5.714,320.467,301.381,21.433,1.971,-127,-282.549,1,5.054,-139.502
2026-09-26T19:57:08.000Z,1790452628.000,32.642461256,-117.191931385,5.87,321.598,303.722,22.615,3.363,-128,-284.945,1,5.134,-137.774
2026-09-26T19:57:09.000Z,1790452629.000,32.642480104,-117.191952736,5.568,317.247,301.163,16.158,6.737,-129,-287.444,1,5.06,-136.608
2026-09-26T19:57:10.000Z,1790452630.000,32.642500067,-117.191972167,5.4,322.7,301.133,17.933,4.633,-130,-289.73,1,4.668,-135.069
2026-09-26T19:57:11.000Z,1790452631.000,32.64251979,-117.191991917,5.666,318.5,303.99,20.479,2.707,-131,-291.963,1,5.091,-133.339
2026-09-26T19:57:12.000Z,1790452632.000,32.642538296,-117.192014511,5.8,308.045,303.988,19.625,5.529,-132,-294.499,1,5.586,-132.044
2026-09-26T19:57:13.000Z,1790452633.000,32.642557538,-117.192038489,5.849,313.993,300.157,21.009,2.494,-133,-297.279,1,5.439,-131.014
2026-09-26T19:57:14.000Z,1790452634.000,32.642577168,-117.192060328,6.231,310.413,301.386,25.972,-0.383,-134,-299.745,1,5.925,-129.482
2026-09-26T19:57:15.000Z,1790452635.000,32.642594382,-117.192082513,5.368,315.279,298.944,20.044,3.038,-135,-302.267,1,4.943,-128.505
2026-09-26T19:57:16.000Z,1790452636.000,32.642612938,-117.192103545,5.6,314.377,300.087,22.611,0.245,-136,-304.637,1,5.19,-127.069
2026-09-26T19:57:17.000Z,1790452637.000,32.642629855,-117.192126065,5.676,315.029,300.258,15.672,6.355,-137,-307.121,1,5.234,-125.926
2026-09-26T19:57:18.000Z,1790452638.000,32.642648616,-117.192147086,5.26,318.798,297.119,11.014,5.986,-138,-309.588,1,4.705,-124.809
2026-09-26T19:57:19.000Z,1790452639.000,32.642669446,-117.192164279,5.364,321.739,305.718,19.586,0.289,-139,-311.476,1,4.666,-122.433
2026-09-26T19:57:20.000Z,1790452640.000,32.642689785,-117.19218242,6.063,324.345,312.036,26.961,0.875,-140,-313.434,1,5.129,-120.335
2026-09-26T19:57:21.000Z,1790452641.000,32.642709335,-117.192204474,5.965,313.704,309.249,25.461,5.086,-141,-316.051,1,5.545,-119.124
2026-09-26T19:57:22.000Z,1790452642.000,32.64272928,-117.192227563,5.722,316.478,308.41,29.682,4.452,-142,-318.699,1,5.209,-117.755
2026-09-26T19:57:23.000Z,1790452643.000,32.642749518,-117.192249509,5.708,319.067,303.259,21.383,9.454,-143,-321.379,1,5.084,-116.657
2026-09-26T19:57:24.000Z,1790452644.000,32.642770318,-117.192267877,4.792,321.675,302.876,19.354,4.834,-144,-323.6,1,4.162,-115.027
2026-09-26T19:57:25.000Z,1790452645.000,32.642792959,-117.192283295,5.634,329.847,308.902,22.27,-0.468,-145,-325.403,1,4.442,-112.62
2026-09-26T19:57:26.000Z,1790452646.000,32.642816422,-117.192298333,5.378,331.864,311.758,21.418,3.84,-146,-327.274,1,4.117,-110.366
2026-09-26T19:57:27.000Z,1790452647.000,32.642840048,-117.192315776,6.224,322.847,309.348,21.424,2.962,-147,-329.562,1,5.33,-108.561
2026-09-26T19:57:28.000Z,1790452648.000,32.642863248,-117.192334302,6.154,324.366,308.954,22.439,3.022,-148,-331.863,1,5.181,-106.682
2026-09-26T19:57:29.000Z,1790452649.000,32.642886315,-117.192352612,5.801,326.629,308.836,23.333,3.801,-149,-334.131,1,4.753,-104.789
2026-09-26T19:57:30.000Z,1790452650.000,32.642907686,-117.192373386,5.866,319.356,308.169,20.538,4.292,-150,-336.598,1,5.191,-103.189
2026-09-26T19:57:31.000Z,1790452651.000,32.642929281,-117.192393473,6.272,316.982,308.951,24.476,1.698,-151,-338.958,1,5.664,-101.436
2026-09-26T19:57:32.000Z,1790452652.000,32.642950035,-117.192414268,5.855,322.761,309.161,24.103,6.606,-152,-341.381,1,5.005,-99.836
2026-09-26T19:57:33.000Z,1790452653.000,32.642971502,-117.19243464,5.731,319.145,308.039,23.846,6.079,-153,-343.83,1,5.074,-98.249
2026-09-26T19:57:34.000Z,1790452654.000,32.642992743,-117.192454975,5.735,318.453,307.088,23.158,2.257,-154,-346.262,1,5.108,-96.672
2026-09-26T19:57:35.000Z,1790452655.000,32.643015706,-117.192474718,6.139,322.723,309.447,23.812,1.812,-155,-348.573,1,5.241,-94.643
2026-09-26T19:57:36.000Z,1790452656.000,32.643038679,-117.192492114,6.279,329.779,314.257,26.365,4.062,-156,-350.565,1,4.913,-92.368
2026-09-26T19:57:37.000Z,1790452657.000,32.643061772,-117.192510803,5.756,326.216,312.092,21.965,8.213,-157,-352.951,1,4.715,-90.634
2026-09-26T19:57:38.000Z,1790452658.000,32.643085131,-117.192531006,6.331,325.631,307.994,19.531,6.025,-158,-355.544,1,5.22,-89.065
2026-09-26T19:57:39.000Z,1790452659.000,32.643110333,-117.192549294,6.835,325.992,311.69,25.363,-0.1,-159,-357.728,1,5.606,-86.659
2026-09-26T19:57:40.000Z,1790452660.000,32.643134574,-117.192568257,6.069,328.42,312.948,23.527,5.322,-160,-360.032,1,4.822,-84.559
2026-09-26T19:57:41.000Z,1790452661.000,32.643158168,-117.19258716,6.092,324.047,308.885,18.97,6.376,-161,-362.515,1,5.105,-82.923
2026-09-26T19:57:42.000Z,1790452662.000,32.643182798,-117.192606513,6.631,321.415,311.176,23.56,1.763,-162,-364.831,1,5.713,-80.714
2026-09-26T19:57:43.000Z,1790452663.000,32.643205522,-117.192627858,6.536,319.53,309.439,22.04,3.653,-163,-367.426,1,5.734,-79.068
2026-09-26T19:57:44.000Z,1790452664.000,32.643227782,-117.192649913,6.133,322.279,306.271,19.005,6,-164,-370.116,1,5.231,-77.603
2026-09-26T19:57:45.000Z,1790452665.000,32.643250437,-117.192671337,5.996,320.329,306.774,20.036,2.896,-165,-372.637,1,5.214,-75.798
2026-09-26T19:57:46.000Z,1790452666.000,32.643272726,-117.192691442,5.925,325.508,307.285,17.921,4.489,-166,-375.027,1,4.864,-73.991
2026-09-26T19:57:47.000Z,1790452667.000,32.643296506,-117.19271113,6.3,322.91,308.569,19.783,3.014,-167,-377.391,1,5.326,-71.957
2026-09-26T19:57:48.000Z,1790452668.000,32.643320393,-117.192729788,6.467,326.631,310.561,21.964,1.392,-168,-379.637,1,5.227,-69.828
2026-09-26T19:57:49.000Z,1790452669.000,32.643343582,-117.192749247,6.3,324.035,311.164,21.034,3.558,-169,-381.986,1,5.251,-67.902
2026-09-26T19:57:50.000Z,1790452670.000,32.643366455,-117.192770724,6.234,321.396,308.34,22.737,3.1,-170,-384.634,1,5.347,-66.327
2026-09-26T19:57:51.000Z,1790452671.000,32.64338874,-117.192793064,6.589,319.207,307.143,22.119,-0.487,-171,-387.284,1,5.773,-64.717
2026-09-26T19:57:52.000Z,1790452672.000,32.64341043,-117.192814009,6.111,321.793,310.353,22.366,5.102,-172,-389.641,1,5.213,-62.794
2026-09-26T19:57:53.000Z,1790452673.000,32.643432963,-117.192833959,5.733,323.071,308.802,21.963,3.741,-173,-392.096,1,4.819,-61.114
2026-09-26T19:57:54.000Z,1790452674.000,32.6434547,-117.192854467,6.033,318.9,308.833,20.667,2.4,-174,-394.524,1,5.294,-59.415
2026-09-26T19:57:55.000Z,1790452675.000,32.643476413,-117.192875403,6.062,321.227,308.368,19.4,6.324,-175,-397.008,1,5.193,-57.769
2026-09-26T19:57:56.000Z,1790452676.000,32.643499077,-117.192895704,6.039,325.941,306.469,18.151,6.181,-176,-399.504,1,4.897,-56.113
2026-09-26T19:57:57.000Z,1790452677.000,32.643523313,-117.192915484,6.07,325.132,307.841,18.702,1.457,-177,-401.888,1,4.967,-54.026
2026-09-26T19:57:58.000Z,1790452678.000,32.643547917,-117.192932377,6.5,330.503,311.964,19.703,1.721,-178,-403.913,1,4.94,-51.61
2026-09-26T19:57:59.000Z,1790452679.000,32.643572621,-117.192949499,6.166,328.846,313.755,20.121,2.376,-179,-406.039,1,4.795,-49.369
2026-09-26T19:58:00.000Z,1790452680.000,32.64359612,-117.192966765,6.282,327.063,313.437,21.219,4.171,-180,-408.232,1,5.002,-47.414
2026-09-26T19:58:01.000Z,1790452681.000,32.643620343,-117.192985432,6.113,324.278,315.049,22.02,4.78,-181,-410.491,1,5.037,-45.284
2026-09-26T19:58:02.000Z,1790452682.000,32.643642901,-117.193005256,6.031,322.442,311.889,18.878,5.804,-182,-413.008,1,5.073,-43.711
2026-09-26T19:58:03.000Z,1790452683.000,32.643664903,-117.193026808,6.335,316.75,308.29,20.503,2.862,-183,-415.67,1,5.64,-42.288
2026-09-26T19:58:04.000Z,1790452684.000,32.64368556,-117.19304836,6,319.194,308,23.529,3.807,-184,-418.177,1,5.218,-40.758
2026-09-26T19:58:05.000Z,1790452685.000,32.643706679,-117.193068379,5.662,322.893,304.914,23.138,3.686,-185,-420.644,1,4.731,-39.35
2026-09-26T19:58:06.000Z,1790452686.000,32.643727935,-117.19308954,5.977,315.118,305.914,25.832,0.693,-186,-423.09,1,5.39,-37.645
2026-09-26T19:58:07.000Z,1790452687.000,32.643748981,-117.193109747,6.065,318.77,307.495,21.933,1.562,-187,-425.423,1,5.288,-35.891
2026-09-26T19:58:08.000Z,1790452688.000,32.643770467,-117.193131533,6.533,317.667,307.867,21.533,1.4,-188,-427.95,1,5.754,-34.23
2026-09-26T19:58:09.000Z,1790452689.000,32.643791872,-117.19315141,5.975,325.685,305.887,14.8,7.152,-189,-430.377,1,4.813,-32.702
2026-09-26T19:58:10.000Z,1790452690.000,32.643815163,-117.193168607,5.909,325.011,310.294,20.974,3.509,-190,-432.396,1,4.795,-30.408
2026-09-26T19:58:11.000Z,1790452691.000,32.643838513,-117.193187514,5.83,326.627,308.838,20.219,5.567,-191,-434.774,1,4.63,-28.604
2026-09-26T19:58:12.000Z,1790452692.000,32.643861993,-117.193207359,6.067,319.875,308.203,23.104,2.227,-192,-437.209,1,5.214,-26.752
2026-09-26T19:58:13.000Z,1790452693.000,32.643884026,-117.193229159,6.7,320.665,308.335,26.097,0.969,-193,-439.76,1,5.707,-25.051
2026-09-26T19:58:14.000Z,1790452694.000,32.643904431,-117.19325238,6.157,315.277,303.972,21.323,4.806,-194,-442.539,1,5.522,-23.911
2026-09-26T19:58:15.000Z,1790452695.000,32.64392531,-117.193276094,5.958,313.81,302.4,22.3,2.729,-195,-445.281,1,5.408,-22.522
2026-09-26T19:58:16.000Z,1790452696.000,32.643945485,-117.193298111,5.9,319.697,303.94,22.523,4.875,-196,-447.765,1,5.07,-20.913
2026-09-26T19:58:17.000Z,1790452697.000,32.643966923,-117.193318853,5.766,321.403,305.07,23.87,3.1,-197,-450.175,1,4.861,-19.167
2026-09-26T19:58:18.000Z,1790452698.000,32.643987004,-117.193340933,6.029,321.442,305.236,21.322,3.485,-198,-452.7,1,5.078,-17.678
2026-09-26T19:58:19.000Z,1790452699.000,32.644006641,-117.193365099,6.148,317.049,302.632,20.604,2.468,-199,-455.482,1,5.415,-16.513
2026-09-26T19:58:20.000Z,1790452700.000,32.644027989,-117.19338767,6.581,315.335,306.149,25.875,1.119,-200,-457.987,1,5.883,-14.644
2026-09-26T19:58:21.000Z,1790452701.000,32.644048405,-117.193409559,6.037,315.249,304.248,24.797,4.086,-201,-460.566,1,5.399,-13.274
2026-09-26T19:58:22.000Z,1790452702.000,32.644068076,-117.1934327,5.964,306.966,301.066,20.232,4.172,-202,-463.266,1,5.661,-12.123
2026-09-26T19:58:23.000Z,1790452703.000,32.644088172,-117.193454935,6.124,317.435,302.605,21.381,3.706,-203,-465.77,1,5.363,-10.528
2026-09-26T19:58:24.000Z,1790452704.000,32.644108945,-117.19347692,6.025,318.622,304.683,18.646,7.2,-204,-468.25,1,5.212,-8.814
2026-09-26T19:58:25.000Z,1790452705.000,32.644130933,-117.193501122,6.43,313.841,303.663,21.552,2.168,-205,-471.053,1,5.809,-7.278
2026-09-26T19:58:26.000Z,1790452706.000,32.644152574,-117.19352344,6.233,322.069,302.932,24.366,2.698,-206,-473.665,1,5.187,-5.701
2026-09-26T19:58:27.000Z,1790452707.000,32.644174411,-117.193544379,6.066,320.118,303.729,21.96,3.972,-207,-476.115,1,5.156,-3.944
2026-09-26T19:58:28.000Z,1790452708.000,32.644196578,-117.193563703,5.864,324.043,305.099,21.372,5.532,-208,-478.407,1,4.757,-2.061
2026-09-26T19:58:29.000Z,1790452709.000,32.644218213,-117.193585024,6.07,320.027,304.427,18.437,5.189,-209,-480.928,1,5.158,-0.451
2026-09-26T19:58:30.000Z,1790452710.000,32.644239678,-117.193606641,6.137,320.7,306.268,19.889,5.337,-210,-483.395,1,5.172,1.328
2026-09-26T19:58:31.000Z,1790452711.000,32.64426094,-117.193629236,6.17,316.644,304.63,20.528,5.254,-211,-486.053,1,5.419,2.787
2026-09-26T19:58:32.000Z,1790452712.000,32.644281674,-117.193652396,6.164,317.783,304.322,22.828,4.501,-212,-488.707,1,5.352,4.276
2026-09-26T19:58:33.000Z,1790452713.000,32.644301373,-117.193675672,6.062,315.94,302.925,22.988,3.449,-213,-491.375,1,5.355,5.567
2026-09-26T19:58:34.000Z,1790452714.000,32.644321657,-117.193698805,6.039,317.382,303.406,20.891,3.937,-214,-493.992,1,5.259,7.072
2026-09-26T19:58:35.000Z,1790452715.000,32.644341237,-117.193722452,6.132,310.226,304.094,19.829,2.671,-215,-496.632,1,5.672,8.503
2026-09-26T19:58:36.000Z,1790452716.000,32.644362267,-117.193746167,6.4,318.367,304.967,19.867,4.233,-216,-499.31,1,5.512,10.099
2026-09-26T19:58:37.000Z,1790452717.000,32.644385051,-117.193767006,6.1,326.915,308.135,24.507,3.267,-217,-501.695,1,4.729,12.141
2026-09-26T19:58:38.000Z,1790452718.000,32.64440816,-117.193788549,6.111,320.579,305.43,19.596,6.234,-218,-504.342,1,5.131,13.745
2026-09-26T19:58:39.000Z,1790452719.000,32.644431679,-117.193808303,6.176,321.191,303.478,20.963,2.915,-219,-506.805,1,5.146,15.5
2026-09-26T19:58:40.000Z,1790452720.000,32.644454548,-117.193827614,6.034,321.732,305.867,23.803,1.396,-220,-509.085,1,4.991,17.537
2026-09-26T19:58:41.000Z,1790452721.000,32.644474696,-117.193850118,5.966,311.615,304.269,21.363,4.606,-221,-511.703,1,5.445,18.884
2026-09-26T19:58:42.000Z,1790452722.000,32.644494726,-117.193873438,6.178,315.092,301.055,21.645,3.478,-222,-514.43,1,5.472,20.066
2026-09-26T19:58:43.000Z,1790452723.000,32.64451454,-117.193896526,5.9,315.149,301.9,23.647,2.383,-223,-517.023,1,5.221,21.551
2026-09-26T19:58:44.000Z,1790452724.000,32.644532957,-117.1939195,5.833,312.039,302.461,20.49,3.498,-224,-519.577,1,5.299,22.869
2026-09-26T19:58:45.000Z,1790452725.000,32.644552474,-117.193941502,6.13,311.55,301.936,20.636,2.298,-225,-522.099,1,5.588,24.246
2026-09-26T19:58:46.000Z,1790452726.000,32.644571662,-117.193964945,6.1,313.471,302.1,21.021,3.265,-226,-524.725,1,5.471,25.601
2026-09-26T19:58:47.000Z,1790452727.000,32.644592317,-117.193987747,6.123,313.683,302.632,22.554,2.565,-227,-527.321,1,5.479,27.158
2026-09-26T19:58:48.000Z,1790452728.000,32.644612241,-117.194010734,6.046,320.177,304.25,21.217,7.051,-228,-529.883,1,5.066,28.717
2026-09-26T19:58:49.000Z,1790452729.000,32.644631927,-117.194032294,5.7,315.529,301.249,15.204,8.168,-229,-532.437,1,5.011,29.931
2026-09-26T19:58:50.000Z,1790452730.000,32.644653524,-117.194052883,5.776,314.888,303.341,17.024,1.528,-230,-534.816,1,5.105,31.776
2026-09-26T19:58:51.000Z,1790452731.000,32.644674472,-117.19407316,6.362,325.074,307.376,14.713,1.338,-231,-537.081,1,5.003,33.709
2026-09-26T19:58:52.000Z,1790452732.000,32.644696052,-117.19409401,6.213,322.965,307.661,13.558,3.513,-232,-539.528,1,5.019,35.401
2026-09-26T19:58:53.000Z,1790452733.000,32.644718463,-117.194112369,5.631,327.819,307.737,13.475,3.331,-233,-541.777,1,4.247,37.238
2026-09-26T19:58:54.000Z,1790452734.000,32.644741582,-117.194128178,5.799,329.065,312.833,20.029,2.665,-234,-543.628,1,4.284,39.601
2026-09-26T19:58:55.000Z,1790452735.000,32.644763724,-117.194146958,6,322.446,313.478,21.412,2.395,-235,-545.884,1,4.865,41.438
2026-09-26T19:58:56.000Z,1790452736.000,32.644784165,-117.194166717,5.762,321.232,310.382,20.377,5.794,-236,-548.332,1,4.739,42.79
2026-09-26T19:58:57.000Z,1790452737.000,32.644806367,-117.194185563,5.77,325.156,308.333,20.367,4.756,-237,-550.694,1,4.506,44.43
2026-09-26T19:58:58.000Z,1790452738.000,32.64482794,-117.194204205,5.262,320.083,307.858,18.208,4.499,-238,-552.966,1,4.38,46.128
2026-09-26T19:58:59.000Z,1790452739.000,32.644849448,-117.194222737,5.736,324.367,307.995,16.611,5.05,-239,-555.204,1,4.52,47.869
2026-09-26T19:59:00.000Z,1790452740.000,32.644871968,-117.194240926,5.981,324.66,308.324,16.102,7.568,-240,-557.431,1,4.689,49.741
2026-09-26T19:59:01.000Z,1790452741.000,32.64489625,-117.194258387,5.934,325.305,309.833,22.172,5.419,-241,-559.597,1,4.605,51.91
2026-09-26T19:59:02.000Z,1790452742.000,32.644919718,-117.19427742,5.934,322.242,309.769,23.268,2.127,-242,-561.939,1,4.793,53.828
2026-09-26T19:59:03.000Z,1790452743.000,32.64494135,-117.19429765,5.613,323.638,306.138,15.087,5.038,-243,-564.462,1,4.448,55.245
2026-09-26T19:59:04.000Z,1790452744.000,32.644964314,-117.194315883,5.815,326.208,309.977,18.86,1.962,-244,-566.586,1,4.439,57.431
2026-09-26T19:59:05.000Z,1790452745.000,32.64498623,-117.194335574,6.041,322.627,308.041,13.634,5.075,-245,-569.014,1,4.842,59.024
2026-09-26T19:59:06.000Z,1790452746.000,32.645010018,-117.194354093,6.166,324.96,310.019,19.163,2.459,-246,-571.245,1,4.783,61.145
2026-09-26T19:59:07.000Z,1790452747.000,32.645032903,-117.194372027,5.875,328.6,311.075,22.026,2.56,-247,-573.431,1,4.307,63.118
2026-09-26T19:59:08.000Z,1790452748.000,32.645055466,-117.19438977,5.8,324.944,310.32,20.138,4.748,-248,-575.658,1,4.49,64.927
2026-09-26T19:59:09.000Z,1790452749.000,32.645077603,-117.194407221,5.816,325.827,310.064,17.931,5.19,-249,-577.828,1,4.441,66.736
2026-09-26T19:59:10.000Z,1790452750.000,32.645099698,-117.194425189,5.632,321.185,308.989,15.662,2.821,-250,-580.074,1,4.576,68.463
2026-09-26T19:59:11.000Z,1790452751.000,32.645121948,-117.194443946,5.563,324.996,309.667,16.895,4.509,-251,-582.334,1,4.29,70.317
2026-09-26T19:59:12.000Z,1790452752.000,32.645143484,-117.194463419,6.1,319.178,309.173,17.78,4.933,-252,-584.681,1,5.069,71.986
2026-09-26T19:59:13.000Z,1790452753.000,32.64516471,-117.194484889,6.236,317.026,307.721,21.485,3.101,-253,-587.235,1,5.305,73.49
2026-09-26T19:59:14.000Z,1790452754.000,32.645184525,-117.194508275,6.137,315.5,303.162,16.6,2.75,-254,-590.015,1,5.303,74.546
2026-09-26T19:59:15.000Z,1790452755.000,32.645205889,-117.194529311,5.87,321.144,303.965,14.439,5.595,-255,-592.46,1,4.752,76.251
2026-09-26T19:59:16.000Z,1790452756.000,32.645227893,-117.194548926,5.767,319.878,305.4,14.571,3.563,-256,-594.773,1,4.738,78.114
2026-09-26T19:59:17.000Z,1790452757.000,32.645249777,-117.194569236,6.236,328.528,306.208,13.064,3.349,-257,-597.163,1,4.525,79.895
2026-09-26T19:59:18.000Z,1790452758.000,32.645272538,-117.194587363,6.2,325.523,308.155,14.8,5.083,-258,-599.339,1,4.71,81.919
2026-09-26T19:59:19.000Z,1790452759.000,32.645295953,-117.194603689,5.879,329.485,310.6,19.179,2.122,-259,-601.344,1,4.185,84.1
2026-09-26T19:59:20.000Z,1790452760.000,32.645318018,-117.194622706,5.9,320.773,310.351,17.588,4.083,-260,-603.655,1,4.775,85.857
2026-09-26T19:59:21.000Z,1790452761.000,32.645339562,-117.194641238,5.7,326.004,309.29,19.145,3.33,-261,-605.938,1,4.284,87.511
2026-09-26T19:59:22.000Z,1790452762.000,32.645361222,-117.194659002,5.736,322.608,311.057,19.628,4.081,-262,-608.051,1,4.522,89.413
2026-09-26T19:59:23.000Z,1790452763.000,32.645381609,-117.194678809,5.737,319.476,306.79,14.81,6.743,-263,-610.53,1,4.706,90.664
2026-09-26T19:59:24.000Z,1790452764.000,32.645403305,-117.194696967,5.481,330.104,309.468,16.77,4.628,-264,-612.653,1,3.835,92.629
2026-09-26T19:59:25.000Z,1790452765.000,32.645423496,-117.194716162,6.037,320.053,308.463,15.394,5.221,-265,-614.959,1,4.908,94.125
2026-09-26T19:59:26.000Z,1790452766.000,32.645444616,-117.194736354,5.869,320.575,307.68,19.576,2.951,-266,-617.37,1,4.736,95.706
2026-09-26T19:59:27.000Z,1790452767.000,32.645465344,-117.194757178,6,318.484,304.977,18.016,3.384,-267,-619.887,1,4.964,97.079
2026-09-26T19:59:28.000Z,1790452768.000,32.645486041,-117.194777246,5.8,317.629,305.535,17.591,0.917,-268,-622.232,1,4.842,98.722
2026-09-26T19:59:29.000Z,1790452769.000,32.645507779,-117.194797334,6.138,324.118,306.969,17.338,3.387,-269,-624.579,1,4.705,100.542
2026-09-26T19:59:30.000Z,1790452770.000,32.645529639,-117.194814963,5.605,327.309,309.013,16.635,4.492,-270,-626.68,1,4.083,102.492
2026-09-26T19:59:31.000Z,1790452771.000,32.645551667,-117.194833211,5.87,323.248,310.265,14.265,2.732,-271,-628.867,1,4.545,104.38
2026-09-26T19:59:32.000Z,1790452772.000,32.645574458,-117.194850884,5.989,329.779,312.868,12.095,6.126,-272,-630.964,1,4.17,106.465
2026-09-26T19:59:33.000Z,1790452773.000,32.645598877,-117.194867492,5.979,329.943,313.916,13.403,8.58,-273,-633.066,1,4.143,108.636
2026-09-26T19:59:34.000Z,1790452774.000,32.645624447,-117.194882762,5.807,335.497,312.707,19.145,4.051,-274,-635.167,1,3.592,110.803
2026-09-26T19:59:35.000Z,1790452775.000,32.645648259,-117.194898461,5.868,327,314.471,19.104,1.963,-275,-637.139,1,4.264,112.988
2026-09-26T19:59:36.000Z,1790452776.000,32.645670828,-117.194913986,5.83,331.129,316.808,22.198,3.61,-276,-639.036,1,3.931,115.087
2026-09-26T19:59:37.000Z,1790452777.000,32.645692799,-117.194929827,5.347,332.795,312.706,17.882,8.834,-277,-641.217,1,3.484,116.646
2026-09-26T19:59:38.000Z,1790452778.000,32.645716312,-117.194946222,5.83,324.14,312.059,21.438,2.771,-278,-643.345,1,4.415,118.604
2026-09-26T19:59:39.000Z,1790452779.000,32.645738043,-117.194964072,5.903,324.558,311.126,23.555,2.418,-279,-645.568,1,4.437,120.309
2026-09-26T19:59:40.000Z,1790452780.000,32.645759538,-117.194984904,6.198,317.447,309.304,24.13,2.832,-280,-648.087,1,5.124,121.834
2026-09-26T19:59:41.000Z,1790452781.000,32.645780779,-117.195006263,5.989,319.195,306.284,20.963,4.237,-281,-650.682,1,4.843,123.223
2026-09-26T19:59:42.000Z,1790452782.000,32.645803181,-117.195025776,6.161,321.631,309.387,23.822,4.222,-282,-652.934,1,4.817,125.256
2026-09-26T19:59:43.000Z,1790452783.000,32.645825904,-117.195046228,6.138,322.885,309.266,24.542,3.979,-283,-655.388,1,4.708,127.049
2026-09-26T19:59:44.000Z,1790452784.000,32.645847574,-117.195067573,6.067,319.465,305.098,19.696,5.037,-284,-658.028,1,4.874,128.395
2026-09-26T19:59:45.000Z,1790452785.000,32.645870563,-117.195086742,6.165,325.225,305.57,21.921,2.265,-285,-660.354,1,4.553,130.3
2026-09-26T19:59:46.000Z,1790452786.000,32.645892276,-117.195105521,5.673,323.934,305.827,17.852,2.419,-286,-662.617,1,4.269,132.065
2026-09-26T19:59:47.000Z,1790452787.000,32.645914677,-117.195124459,6.149,322.506,308.794,14.733,2.215,-287,-664.823,1,4.72,134.105
2026-09-26T19:59:48.000Z,1790452788.000,32.64593717,-117.195143124,6.068,326.522,310.291,19.677,2.591,-288,-667.051,1,4.368,136.049
2026-09-26T19:59:49.000Z,1790452789.000,32.645960658,-117.195161594,6.134,326.596,314.197,24.029,4.405,-289,-669.187,1,4.402,138.28
2026-09-26T19:59:50.000Z,1790452790.000,32.64598336,-117.195180081,6.093,323.876,312.18,22.766,7.013,-290,-671.538,1,4.564,139.989
2026-09-26T19:59:51.000Z,1790452791.000,32.646006151,-117.195199131,6.114,326.123,309.224,24.516,3.232,-291,-673.972,1,4.411,141.619
2026-09-26T19:59:52.000Z,1790452792.000,32.646029321,-117.195217758,5.623,326.876,310.228,24.544,6.745,-292,-676.23,1,3.999,143.597
2026-09-26T19:59:53.000Z,1790452793.000,32.646050447,-117.195237613,5.734,319.229,308.503,17.796,7.982,-293,-678.646,1,4.574,145.119
2026-09-26T19:59:54.000Z,1790452794.000,32.646072738,-117.195257906,5.966,322.614,306.612,18.546,2.052,-294,-681.133,1,4.533,146.735
2026-09-26T19:59:55.000Z,1790452795.000,32.646096575,-117.195274731,6.338,329.461,311.042,24.038,0.214,-295,-683.127,1,4.281,149.098
2026-09-26T19:59:56.000Z,1790452796.000,32.646120056,-117.195291597,5.938,327.459,313.559,23.948,4.779,-296,-685.172,1,4.154,151.272
2026-09-26T19:59:57.000Z,1790452797.000,32.646142227,-117.195311413,5.493,322.127,309.765,19.8,6.896,-297,-687.694,1,4.186,152.753
2026-09-26T19:59:58.000Z,1790452798.000,32.646164177,-117.19532968,5.765,324.752,309.797,20.794,3.128,-298,-689.924,1,4.211,154.54
2026-09-26T19:59:59.000Z,1790452799.000,32.64618561,-117.195349779,5.969,320.118,310.234,18.168,7.007,-299,-692.292,1,4.671,156.249
2026-09-26T20:00:00.000Z,1790452800.000,32.646206795,-117.195370248,5.629,320.49,309.521,19.621,6.816,-300,-694.729,1,4.377,157.836
2026-09-26T20:00:01.000Z,1790452801.000,32.646229099,-117.195390876,5.8,323.673,308.116,22.697,5.902,-301,-697.234,1,4.295,159.482
2026-09-26T20:00:02.000Z,1790452802.000,32.646251694,-117.195410349,5.932,325.853,307.372,25.368,3.748,-302,-699.616,1,4.231,161.243
2026-09-26T20:00:03.000Z,1790452803.000,32.646273693,-117.195430792,5.966,318.939,306.201,24.004,4.331,-303,-702.084,1,4.723,162.88
2026-09-26T20:00:04.000Z,1790452804.000,32.646296082,-117.195452019,6.274,319.362,305.484,24.215,1.863,-304,-704.617,1,4.932,164.569
2026-09-26T20:00:05.000Z,1790452805.000,32.646318168,-117.195471614,5.731,326.054,306.861,19.184,4.463,-305,-706.929,1,4.055,166.436
2026-09-26T20:00:06.000Z,1790452806.000,32.646341814,-117.19548866,5.779,333.427,308.139,19.521,6.852,-306,-709.049,1,3.523,168.533
2026-09-26T20:00:07.000Z,1790452807.000,32.646365825,-117.195505018,5.967,329.141,311.967,27.203,1.533,-307,-711.022,1,3.973,170.88
2026-09-26T20:00:08.000Z,1790452808.000,32.646387037,-117.195526368,6,319.004,307.413,21.657,4.904,-308,-713.677,1,4.716,172.153
2026-09-26T20:00:09.000Z,1790452809.000,32.646408323,-117.195547066,5.943,321.068,305.721,20.708,4.177,-309,-716.166,1,4.531,173.667
2026-09-26T20:00:10.000Z,1790452810.000,32.646429868,-117.195567108,5.96,320.481,308.4,23.92,1.75,-310,-718.461,1,4.577,175.563
2026-09-26T20:00:11.000Z,1790452811.000,32.64645029,-117.195588622,6.2,317.32,307.976,20.268,6.408,-311,-720.962,1,4.967,177.059
2026-09-26T20:00:12.000Z,1790452812.000,32.646472307,-117.195609774,5.734,321.534,306.666,24.398,2.904,-312,-723.501,1,4.324,178.666
2026-09-26T20:00:13.000Z,1790452813.000,32.64649391,-117.195629983,5.769,321.97,304.831,21.523,4.915,-313,-725.956,1,4.316,180.216
2026-09-26T20:00:14.000Z,1790452814.000,32.646515771,-117.195649832,5.939,319.133,304.604,23.18,1.337,-314,-728.335,1,4.627,181.927
2026-09-26T20:00:15.000Z,1790452815.000,32.64653816,-117.195670449,6.24,322.042,305.417,21.547,1.53,-315,-730.767,1,4.65,183.753
2026-09-26T20:00:16.000Z,1790452816.000,32.646560121,-117.195689814,6.1,322.879,307.386,20.8,3.921,-316,-733.035,1,4.479,185.659
2026-09-26T20:00:17.000Z,1790452817.000,32.646580833,-117.19571183,5.968,317.12,306.324,15.766,6.014,-317,-735.61,1,4.762,187.122
2026-09-26T20:00:18.000Z,1790452818.000,32.646601506,-117.195733099,6.038,321.492,306.377,16.285,5.115,-318,-738.079,1,4.52,188.688
2026-09-26T20:00:19.000Z,1790452819.000,32.646623064,-117.195754596,5.862,316.407,308.529,23.268,1.586,-319,-740.522,1,4.709,190.502
2026-09-26T20:00:20.000Z,1790452820.000,32.646644849,-117.195774732,5.746,323.766,306.94,25.68,2.283,-320,-742.973,1,4.134,192.094
2026-09-26T20:00:21.000Z,1790452821.000,32.646668059,-117.195791462,5.436,333.454,307.098,27.197,4.533,-321,-745.091,1,3.212,194.069
2026-09-26T20:00:22.000Z,1790452822.000,32.646691024,-117.195809858,5.934,322.444,307.26,24.418,3.516,-322,-747.354,1,4.35,195.969
2026-09-26T20:00:23.000Z,1790452823.000,32.646712908,-117.195829671,5.8,322.322,304.899,16,5.335,-323,-749.798,1,4.254,197.52
2026-09-26T20:00:24.000Z,1790452824.000,32.646736203,-117.195849225,6.309,323.181,306.952,18.791,1.879,-324,-752.117,1,4.554,199.568
2026-09-26T20:00:25.000Z,1790452825.000,32.646759283,-117.195869104,6.337,324.216,309.437,24.868,2.89,-325,-754.439,1,4.486,201.615
2026-09-26T20:00:26.000Z,1790452826.000,32.646781741,-117.195889173,6.134,322.671,307.735,27.169,5.599,-326,-756.906,1,4.451,203.271
2026-09-26T20:00:27.000Z,1790452827.000,32.646802924,-117.195910524,6.466,317.76,306.403,28.572,1.703,-327,-759.441,1,5.05,204.783
2026-09-26T20:00:28.000Z,1790452828.000,32.646822035,-117.195932285,5.6,317.549,305.837,22.512,5.163,-328,-761.934,1,4.382,206.122
2026-09-26T20:00:29.000Z,1790452829.000,32.646842441,-117.19595465,5.9,314.843,304.477,21.806,5.254,-329,-764.539,1,4.78,207.518
2026-09-26T20:00:30.000Z,1790452830.000,32.646861749,-117.195978441,6.034,309.009,301.875,20.914,2.421,-330,-767.275,1,5.219,208.659
2026-09-26T20:00:31.000Z,1790452831.000,32.646881373,-117.196000866,6.007,316.237,301.107,21.164,1.657,-331,-769.844,1,4.77,210.016
2026-09-26T20:00:32.000Z,1790452832.000,32.646901502,-117.196022376,5.963,320.885,300.712,18.858,3.751,-332,-772.333,1,4.42,211.482
2026-09-26T20:00:33.000Z,1790452833.000,32.646921617,-117.196044651,6,317.583,301.114,17.57,3.016,-333,-774.871,1,4.666,212.988
2026-09-26T20:00:34.000Z,1790452834.000,32.646942755,-117.196066616,6.232,323.886,302.857,19.396,2.089,-334,-777.373,1,4.38,214.717
2026-09-26T20:00:35.000Z,1790452835.000,32.6469639,-117.1960879,5.967,320.034,304.767,21.267,3.533,-335,-779.804,1,4.463,216.478
2026-09-26T20:00:36.000Z,1790452836.000,32.646983216,-117.196110967,5.929,315.352,302.587,17.052,5.716,-336,-782.465,1,4.736,217.674
2026-09-26T20:00:37.000Z,1790452837.000,32.647003403,-117.196133041,5.824,317.875,301.12,17.448,4.73,-337,-785.034,1,4.488,219.045
2026-09-26T20:00:38.000Z,1790452838.000,32.647024185,-117.196155125,6.009,315.814,302.761,19.268,3.771,-338,-787.54,1,4.759,220.725
2026-09-26T20:00:39.000Z,1790452839.000,32.647045526,-117.196176058,6.064,320.937,304.26,21.264,2.689,-339,-789.956,1,4.446,222.485
2026-09-26T20:00:40.000Z,1790452840.000,32.647066693,-117.196198258,6.2,318.723,304.21,21.675,3.514,-340,-792.526,1,4.699,224.068
2026-09-26T20:00:41.000Z,1790452841.000,32.647088559,-117.196219635,6.049,321.3,305.716,24.241,1.617,-341,-794.993,1,4.395,225.87
2026-09-26T20:00:42.000Z,1790452842.000,32.647109461,-117.19624108,5.921,320.388,305.147,18.942,6.478,-342,-797.503,1,4.36,227.407
2026-09-26T20:00:43.000Z,1790452843.000,32.647131703,-117.196261234,5.9,319.471,304.354,18.88,3.191,-343,-799.937,1,4.401,229.106
2026-09-26T20:00:44.000Z,1790452844.000,32.64715329,-117.196280208,6.039,328.225,306.207,19.458,3.836,-344,-802.166,1,3.832,230.976
2026-09-26T20:00:45.000Z,1790452845.000,32.647174993,-117.196299758,5.7,320.934,308.766,23.663,3.554,-345,-804.423,1,4.139,232.893
2026-09-26T20:00:46.000Z,1790452846.000,32.647195685,-117.196323513,6.2,312.261,306.699,22.481,3.819,-346,-807.19,1,5.089,234.227
2026-09-26T20:00:47.000Z,1790452847.000,32.647216394,-117.196347094,6.041,316.53,302.847,18.571,4.012,-347,-809.986,1,4.682,235.426
2026-09-26T20:00:48.000Z,1790452848.000,32.647237702,-117.196368339,6.065,316.357,303.59,19.882,2.313,-348,-812.451,1,4.706,237.114
2026-09-26T20:00:49.000Z,1790452849.000,32.647259938,-117.196388172,6.3,320.284,307.668,22.974,1.666,-349,-814.707,1,4.596,239.199
2026-09-26T20:00:50.000Z,1790452850.000,32.647282041,-117.196409118,6,323.057,304.965,16.347,6.003,-350,-817.271,1,4.166,240.714
2026-09-26T20:00:51.000Z,1790452851.000,32.647305702,-117.196427242,5.813,326.566,307.262,21.389,2.759,-351,-819.461,1,3.764,242.861
2026-09-26T20:00:52.000Z,1790452852.000,32.647328475,-117.196445626,5.99,322.643,308.92,22.21,2.88,-352,-821.667,1,4.173,244.856
2026-09-26T20:00:53.000Z,1790452853.000,32.647350043,-117.196465811,5.968,321.595,307.191,19.655,3.845,-353,-824.121,1,4.228,246.412
2026-09-26T20:00:54.000Z,1790452854.000,32.647371468,-117.196487202,6.035,319.329,306.992,19.544,1.861,-354,-826.629,1,4.434,248.035
2026-09-26T20:00:55.000Z,1790452855.000,32.647392683,-117.196509529,6.138,318.031,306.085,20.093,2.354,-355,-829.239,1,4.597,249.554
2026-09-26T20:00:56.000Z,1790452856.000,32.647415303,-117.196530159,6.517,322.772,306.508,23.67,1.034,-356,-831.689,1,4.498,251.373
2026-09-26T20:00:57.000Z,1790452857.000,32.647437722,-117.196550951,6.139,323.282,307.304,22.764,4.857,-357,-834.137,1,4.189,253.195
2026-09-26T20:00:58.000Z,1790452858.000,32.647458854,-117.196572788,5.798,317.569,305.067,20.189,4.911,-358,-836.742,1,4.352,254.617
2026-09-26T20:00:59.000Z,1790452859.000,32.647479745,-117.196593483,5.639,321.973,304.223,18.057,3.692,-359,-839.191,1,3.927,256.153
2026-09-26T20:01:00.000Z,1790452860.000,32.647500645,-117.196612076,5.615,323.284,307.107,18.53,5.038,-360,-841.335,1,3.81,258.041
2026-09-26T20:01:01.000Z,1790452861.000,32.647522094,-117.196631753,5.641,321.065,306.418,16.418,6.3,-361,-843.704,1,3.978,259.679
2026-09-26T20:01:02.000Z,1790452862.000,32.647543661,-117.196652565,5.865,317.173,308.49,20.651,2.484,-362,-846.088,1,4.401,261.508
2026-09-26T20:01:03.000Z,1790452863.000,32.647564519,-117.196675451,6.2,318.637,305.241,20.435,1.437,-363,-848.815,1,4.54,262.792
2026-09-26T20:01:04.000Z,1790452864.000,32.647586024,-117.196697218,6.205,317.578,304.462,19.449,2.435,-364,-851.376,1,4.614,264.368
2026-09-26T20:01:05.000Z,1790452865.000,32.647607435,-117.196717848,6.086,323.762,303.951,16.565,2.765,-365,-853.823,1,4.052,265.987
2026-09-26T20:01:06.000Z,1790452866.000,32.647630765,-117.196736062,6.069,327.356,307.898,16.381,5.622,-366,-855.962,1,3.739,268.224
2026-09-26T20:01:07.000Z,1790452867.000,32.6476534,-117.1967553,6,323.767,309.8,21,3.733,-367,-858.233,1,3.975,270.197
2026-09-26T20:01:08.000Z,1790452868.000,32.647675253,-117.196776324,6.13,320.124,307.505,19.865,4.813,-368,-860.792,1,4.337,271.717
2026-09-26T20:01:09.000Z,1790452869.000,32.647697304,-117.196796967,6.011,321.197,306.894,23.583,1.821,-369,-863.261,1,4.165,273.396
2026-09-26T20:01:10.000Z,1790452870.000,32.647720095,-117.196818204,6.33,322.321,307.269,22.121,2.538,-370,-865.772,1,4.287,275.212
2026-09-26T20:01:11.000Z,1790452871.000,32.647741994,-117.19683779,5.996,322.343,307.608,22.4,4.464,-371,-868.11,1,4.05,276.979
2026-09-26T20:01:12.000Z,1790452872.000,32.647763485,-117.196858354,6.001,321.924,304.298,18.304,5.989,-372,-870.641,1,4.079,278.393
2026-09-26T20:01:13.000Z,1790452873.000,32.647786046,-117.196877293,5.906,322.128,304.377,18.424,3.917,-373,-872.947,1,3.99,280.229
2026-09-26T20:01:14.000Z,1790452874.000,32.647808819,-117.196895248,6,324.105,307.515,20.762,2.153,-374,-875.073,1,3.889,282.352
2026-09-26T20:01:15.000Z,1790452875.000,32.647830619,-117.196915679,6,319.528,307.613,19.423,6.213,-375,-877.493,1,4.233,284.066
2026-09-26T20:01:16.000Z,1790452876.000,32.647851142,-117.196937179,5.931,316.397,304.548,18.769,7.337,-376,-880.077,1,4.401,285.369
2026-09-26T20:01:17.000Z,1790452877.000,32.647871108,-117.196958272,5.534,316.79,304.874,24.244,1.22,-377,-882.504,1,4.074,286.887
2026-09-26T20:01:18.000Z,1790452878.000,32.647889687,-117.196980655,5.916,317.547,303.971,23.906,3.639,-378,-885.049,1,4.296,288.125
2026-09-26T20:01:19.000Z,1790452879.000,32.647908154,-117.197004142,5.778,312.872,301.234,21.781,3.353,-379,-887.738,1,4.5,289.175
2026-09-26T20:01:20.000Z,1790452880.000,32.64792735,-117.197026381,5.6,319.569,299.969,16.356,3.744,-380,-890.29,1,3.916,290.452
2026-09-26T20:01:21.000Z,1790452881.000,32.647948631,-117.197045002,5.7,322.831,305.839,18.71,1.556,-381,-892.376,1,3.738,292.617
2026-09-26T20:01:22.000Z,1790452882.000,32.647970879,-117.197063924,6.166,326.28,310.372,17.869,2.838,-382,-894.521,1,3.745,294.76
2026-09-26T20:01:23.000Z,1790452883.000,32.647994196,-117.197084433,6.346,320.765,309.074,19.573,2.726,-383,-897.038,1,4.311,296.525
2026-09-26T20:01:24.000Z,1790452884.000,32.648019554,-117.19710413,6.5,328.235,308.486,19.649,2.7,-384,-899.507,1,3.746,298.584
2026-09-26T20:01:25.000Z,1790452885.000,32.648045338,-117.197121449,6.54,328.568,310.264,21.056,2.792,-385,-901.688,1,3.725,300.936
2026-09-26T20:01:26.000Z,1790452886.000,32.648070308,-117.197139682,6.3,327.131,309.698,17.534,4.534,-386,-904.014,1,3.706,302.999
2026-09-26T20:01:27.000Z,1790452887.000,32.648094802,-117.19715616,5.865,332.912,311.787,17.864,7.157,-387,-906.068,1,2.943,305.26
2026-09-26T20:01:28.000Z,1790452888.000,32.648118251,-117.197173207,5.776,325.982,310.892,19.648,7.879,-388,-908.262,1,3.47,307.173
2026-09-26T20:01:29.000Z,1790452889.000,32.648141655,-117.197191555,5.839,321.13,312.898,25.886,0.184,-389,-910.459,1,3.88,309.258
2026-09-26T20:01:30.000Z,1790452890.000,32.648162333,-117.197211933,6.1,319.4,310.633,25.167,4.733,-390,-912.937,1,4.181,310.679
2026-09-26T20:01:31.000Z,1790452891.000,32.648182472,-117.19723274,5.602,317.914,306.768,23.762,3.492,-391,-915.486,1,3.938,311.905
2026-09-26T20:01:32.000Z,1790452892.000,32.648201947,-117.197255089,6.19,311.122,306.383,26.619,2.48,-392,-918.037,1,4.835,313.279
2026-09-26T20:01:33.000Z,1790452893.000,32.648219697,-117.197281219,6.155,309.416,300.329,19.116,5.329,-393,-921.042,1,4.915,313.917
2026-09-26T20:01:34.000Z,1790452894.000,32.648239597,-117.197303634,6.036,315.46,299.519,21.628,4.922,-394,-923.616,1,4.404,315.3
2026-09-26T20:01:35.000Z,1790452895.000,32.648259327,-117.197325292,5.767,313.475,300.3,24.601,2.7,-395,-926.081,1,4.334,316.813
2026-09-26T20:01:36.000Z,1790452896.000,32.648277889,-117.197348244,5.9,313.379,300.672,21.838,2.566,-396,-928.641,1,4.434,318.133
2026-09-26T20:01:37.000Z,1790452897.000,32.648297379,-117.197370165,5.9,320.497,301.759,18.763,7.218,-397,-931.113,1,3.909,319.637
2026-09-26T20:01:38.000Z,1790452898.000,32.648318535,-117.197392115,6.01,318.22,303.258,17.899,3.951,-398,-933.62,1,4.148,321.348
2026-09-26T20:01:39.000Z,1790452899.000,32.648339027,-117.197414098,5.933,316.761,304.224,16.155,3.463,-399,-936.124,1,4.194,322.946
2026-09-26T20:01:40.000Z,1790452900.000,32.648361367,-117.1974343,6.2,324.233,305.967,21.5,1.6,-400,-938.489,1,3.765,324.851
2026-09-26T20:01:41.000Z,1790452901.000,32.648382379,-117.197455301,6.261,316.876,306.104,19.512,2.828,-401,-940.939,1,4.399,326.467
2026-09-26T20:01:42.000Z,1790452902.000,32.648403603,-117.197475134,5.969,323.871,306.416,18.991,2.904,-402,,1,3.635,328.154
2026-09-26T20:01:43.000Z,1790452903.000,32.648425118,-117.197494548,6.178,320.129,308.847,18.956,3.69,-403,,1,4.064,330.046
2026-09-26T20:01:44.000Z,1790452904.000,32.648444994,-117.197515359,5.767,318.096,308.266,20.165,3.337,-404,,1,3.937,331.493
2026-09-26T20:01:45.000Z,1790452905.000,32.648464824,-117.197535799,5.531,323.213,304.516,16.776,6.346,-405,,1,3.394,332.702
2026-09-26T20:01:46.000Z,1790452906.000,32.648485504,-117.197554258,5.763,317.846,307.167,22.31,0.996,-406,,1,3.937,334.552
2026-09-26T20:01:47.000Z,1790452907.000,32.648504938,-117.1975761,5.87,316.991,309.087,22.087,2.855,-407,,1,4.065,336.113
2026-09-26T20:01:48.000Z,1790452908.000,32.648523811,-117.197599254,5.98,314.18,304.094,18.96,5.36,-408,,1,4.342,337.046
2026-09-26T20:01:49.000Z,1790452909.000,32.648543767,-117.197622162,5.866,314.32,299.766,17.942,4.048,-409,,1,4.242,338.144
2026-09-26T20:01:50.000Z,1790452910.000,32.6485639,-117.197645513,5.97,310.989,299.592,16.508,1.678,-410,,1,4.542,339.574
2026-09-26T20:01:51.000Z,1790452911.000,32.648583676,-117.197667606,5.938,321.706,299.395,11.57,5.841,-411,,1,3.713,341.002
2026-09-26T20:01:52.000Z,1790452912.000,32.648605699,-117.197686347,5.662,324.172,300.173,13.411,4.759,-412,,1,3.337,342.843
2026-09-26T20:01:53.000Z,1790452913.000,32.648626636,-117.197705033,5.538,321.487,303.665,14.26,2.5,-413,,1,3.46,344.784
2026-09-26T20:01:54.000Z,1790452914.000,32.648646437,-117.197723981,5.5,325.368,306.678,16.095,4.518,-414,,1,3.128,346.555
2026-09-26T20:01:55.000Z,1790452915.000,32.648666431,-117.197742451,5.39,324.055,306.557,18.663,4.112,-415,,1,3.157,348.119
2026-09-26T20:01:56.000Z,1790452916.000,32.648687211,-117.19776,5.389,323.627,309.197,27.292,1.822,-416,,1,3.18,350.003
2026-09-26T20:01:57.000Z,1790452917.000,32.648706099,-117.197780309,5.737,315.711,308.6,28.179,1.4,-417,,1,3.983,351.359
2026-09-26T20:01:58.000Z,1790452918.000,32.648724509,-117.197802434,5.505,314.719,303.184,25.954,3.956,-418,,1,3.884,352.239
2026-09-26T20:01:59.000Z,1790452919.000,32.648742846,-117.197825651,5.965,306.614,299.499,23.084,1.24,-419,,1,4.757,353.206
2026-09-26T20:02:00.000Z,1790452920.000,32.648760194,-117.197848817,5.9,310.736,299.776,20.502,1.793,-420,,1,4.43,354.384
2026-09-26T20:02:01.000Z,1790452921.000,32.648779493,-117.19787026,5.533,320.163,302.967,21.235,2.571,-421,,1,3.49,356.048
2026-09-26T20:02:02.000Z,1790452922.000,32.648799598,-117.197888249,5.457,325.072,307.471,23.756,3.694,-422,,1,3.057,357.996
2026-09-26T20:02:03.000Z,1790452923.000,32.648821047,-117.197905626,5.562,327.72,310.392,22.468,7.387,-423,,1,2.888,359.975
2026-09-26T20:02:04.000Z,1790452924.000,32.648842367,-117.1979241,5.8,324.825,306.375,21.2,4.817,-424,,1,3.249,361.382
2026-09-26T20:02:05.000Z,1790452925.000,32.648863966,-117.197942214,5.759,326.804,308.059,24.044,5.852,-425,,1,3.048,363.263
2026-09-26T20:02:06.000Z,1790452926.000,32.648884955,-117.197962864,5.804,316.398,306.217,21.187,5.24,-426,,1,3.902,364.736
2026-09-26T20:02:07.000Z,1790452927.000,32.648904551,-117.197984306,5.991,315.346,305.217,17.852,3.828,-427,,1,4.1,366.102
2026-09-26T20:02:08.000Z,1790452928.000,32.648925317,-117.198004817,5.925,319.804,308.374,21.523,2.165,-428,,1,3.695,367.939
2026-09-26T20:02:09.000Z,1790452929.000,32.64894545,-117.198027932,6.179,317.966,306.05,15.911,4.221,-429,,1,3.997,369.212
2026-09-26T20:02:10.000Z,1790452930.000,32.648967909,-117.198049073,6.133,326.171,305.901,18.903,3.765,-430,,1,3.247,370.956
2026-09-26T20:02:11.000Z,1790452931.000,32.648991495,-117.198067485,6.155,324.296,307.527,18.718,3.146,-431,,1,3.415,373.034
2026-09-26T20:02:12.000Z,1790452932.000,32.649014464,-117.198086284,6.1,323.538,309.52,20.836,2.247,-432,,1,3.438,375.063
2026-09-26T20:02:13.000Z,1790452933.000,32.649036816,-117.198104282,5.8,326.063,307.493,16.391,5.381,-433,,1,3.044,376.744
2026-09-26T20:02:14.000Z,1790452934.000,32.64906046,-117.198119065,5.917,332.831,311.465,23.039,5.117,-434,,1,2.476,379.11
2026-09-26T20:02:15.000Z,1790452935.000,32.649083133,-117.198137194,5.77,320.227,309.711,21.941,3.517,-435,,1,3.489,380.844
2026-09-26T20:02:16.000Z,1790452936.000,32.649103569,-117.198157671,6.005,316.465,306.452,17.622,2.705,-436,,1,3.928,382.156
2026-09-26T20:02:17.000Z,1790452937.000,32.649123913,-117.198177148,5.801,321.2,308.731,22.256,3.078,-437,,1,3.409,383.91
2026-09-26T20:02:18.000Z,1790452938.000,32.649143395,-117.198196902,5.528,321.304,307.882,21.516,6.964,-438,,1,3.231,385.326
2026-09-26T20:02:19.000Z,1790452939.000,32.64916392,-117.198218357,5.929,311.746,308.212,25.921,3.796,-439,,1,4.206,386.893
2026-09-26T20:02:20.000Z,1790452940.000,32.649183058,-117.198243147,6.331,314.279,304.831,24.107,4.531,-440,,1,4.281,387.93
2026-09-26T20:02:21.000Z,1790452941.000,32.64920348,-117.198267049,6.032,314.723,302.134,22.836,3.701,-441,,1,4.035,389.178
2026-09-26T20:02:22.000Z,1790452942.000,32.649224019,-117.198290112,6.069,314.127,300.804,17.566,3.603,-442,,1,4.097,390.568
2026-09-26T20:02:23.000Z,1790452943.000,32.649245789,-117.198310122,6.078,324.494,301.044,15,1.272,-443,,1,3.216,392.302
2026-09-26T20:02:24.000Z,1790452944.000,32.64927034,-117.198324677,6.17,334.451,310.249,24.338,0.777,-444,,1,2.292,395.182
2026-09-26T20:02:25.000Z,1790452945.000,32.649293062,-117.198341618,6.04,325.407,310.215,21.508,2.56,-445,,1,3.085,397.085
2026-09-26T20:02:26.000Z,1790452946.000,32.649315251,-117.198361019,6.265,322.102,309.604,23.133,2.472,-446,,1,3.492,398.816
2026-09-26T20:02:27.000Z,1790452947.000,32.649336545,-117.198382175,5.996,317.361,306.147,21.335,4.047,-447,,1,3.732,400.183
2026-09-26T20:02:28.000Z,1790452948.000,32.649357868,-117.198403635,6.461,318.382,305.766,25.311,1.1,-448,,1,3.919,401.779
2026-09-26T20:02:29.000Z,1790452949.000,32.649378481,-117.198426262,5.963,314.769,305.744,22.975,3.481,-449,,1,3.897,403.294
2026-09-26T20:02:30.000Z,1790452950.000,32.649398662,-117.198447529,5.767,319.149,305.476,22.272,5.161,-450,,1,3.415,404.784
2026-09-26T20:02:31.000Z,1790452951.000,32.649418372,-117.198468972,5.735,319.62,306.39,20.907,4.8,-451,,1,3.347,406.31
2026-09-26T20:02:32.000Z,1790452952.000,32.649437129,-117.19849137,5.811,314.144,305.126,14.585,5.155,-452,,1,3.817,407.539
2026-09-26T20:02:33.000Z,1790452953.000,32.649457039,-117.198512097,5.487,321.748,306.006,16.094,6.384,-453,,1,3.014,409.105
2026-09-26T20:02:34.000Z,1790452954.000,32.649478159,-117.198529995,5.599,329.526,305.394,14.43,7.427,-454,,1,2.403,410.765
2026-09-26T20:02:35.000Z,1790452955.000,32.649500038,-117.198548108,5.932,324.268,306.334,13.438,4.094,-455,,1,3.013,412.62
2026-09-26T20:02:36.000Z,1790452956.000,32.649522097,-117.198567368,5.966,323.293,306.839,15.171,3.137,-456,,1,3.104,414.427
2026-09-26T20:02:37.000Z,1790452957.000,32.649544242,-117.198587133,6.185,321.503,307.891,18.536,2.884,-457,,1,3.368,416.269
2026-09-26T20:02:38.000Z,1790452958.000,32.649566603,-117.198608913,6.33,319.638,308.46,22.332,3.922,-458,,1,3.605,418.038
2026-09-26T20:02:39.000Z,1790452959.000,32.64958694,-117.198632314,6,313.758,303.358,15.875,4.606,-459,,1,3.894,419.109
2026-09-26T20:02:40.000Z,1790452960.000,32.649608455,-117.198652629,5.966,324.449,304.869,18.706,2.722,-460,,1,2.949,420.906
2026-09-26T20:02:41.000Z,1790452961.000,32.649630211,-117.198672055,5.9,322.761,308.736,25.964,3.042,-461,,1,3.053,422.934
2026-09-26T20:02:42.000Z,1790452962.000,32.649651074,-117.198694028,6.183,317.404,306.358,25.15,2.601,-462,,1,3.668,424.314
2026-09-26T20:02:43.000Z,1790452963.000,32.649672065,-117.198714627,5.631,320.106,304.903,25.275,4.863,-463,,1,3.112,425.816
2026-09-26T20:02:44.000Z,1790452964.000,32.649693825,-117.198733727,5.699,325.495,305.261,23.262,6.599,-464,,1,2.677,427.584
2026-09-26T20:02:45.000Z,1790452965.000,32.649714751,-117.198753889,5.697,317.434,303.859,16.693,6.513,-465,,1,3.343,429.097
2026-09-26T20:02:46.000Z,1790452966.000,32.649736757,-117.198774172,6.029,321.534,308.029,21.306,2.489,-466,,1,3.166,431.151
2026-09-26T20:02:47.000Z,1790452967.000,32.649758973,-117.198794224,6.07,322.643,307.948,22.538,5.859,-467,,1,3.073,432.906
2026-09-26T20:02:48.000Z,1790452968.000,32.649780873,-117.198814873,5.905,319.952,307.163,23.574,4.784,-468,,1,3.213,434.556
2026-09-26T20:02:49.000Z,1790452969.000,32.6498015,-117.198836167,5.833,319.634,304.367,22.9,3.8,-469,,1,3.189,435.897
2026-09-26T20:02:50.000Z,1790452970.000,32.649822966,-117.198855966,5.895,320.072,306.645,25.56,1.545,-470,,1,3.172,437.762
2026-09-26T20:02:51.000Z,1790452971.000,32.649843524,-117.198876624,6.022,319.588,307.217,22.127,3.159,-471,,1,3.27,439.374
2026-09-26T20:02:52.000Z,1790452972.000,32.64986569,-117.1988968,5.92,325.51,308,22.3,5.69,-472,,1,2.67,441.186
2026-09-26T20:02:53.000Z,1790452973.000,32.649887759,-117.198917627,5.735,319.227,306.269,20.603,3.463,-473,,1,3.119,442.776
2026-09-26T20:02:54.000Z,1790452974.000,32.649909741,-117.198938445,6.131,322.001,307.773,24.584,2.577,-474,,1,3.067,444.606
2026-09-26T20:02:55.000Z,1790452975.000,32.649931212,-117.198959212,6.1,319.546,305.509,23.945,4.265,-475,,1,3.262,446.093
2026-09-26T20:02:56.000Z,1790452976.000,32.649952728,-117.198980088,6.03,320.12,303.618,22.637,3.627,-476,,1,3.16,447.609
2026-09-26T20:02:57.000Z,1790452977.000,32.649974604,-117.199000709,6.2,314.389,305.074,25.516,1.2,-477,,1,3.747,449.43
2026-09-26T20:02:58.000Z,1790452978.000,32.649994726,-117.199023726,6.032,315.404,302.935,21.733,3.268,-478,,1,3.549,450.717
2026-09-26T20:02:59.000Z,1790452979.000,32.650016354,-117.199044906,6.126,317.915,304.216,25.958,3.8,-479,,1,3.369,452.483
2026-09-26T20:03:00.000Z,1790452980.000,32.650036029,-117.19906911,5.614,311.7,299.676,19.619,5.286,-480,,1,3.567,453.496
2026-09-26T20:03:01.000Z,1790452981.000,32.650056879,-117.19909286,6.17,313.862,299.347,19.777,0.6,-481,,1,3.725,454.978
2026-09-26T20:03:02.000Z,1790452982.000,32.650076736,-117.199114404,6.003,316.501,303.687,19.239,2.074,-482,,1,3.386,456.789
2026-09-26T20:03:03.000Z,1790452983.000,32.650096833,-117.199135737,5.865,322.66,306.161,19.612,3.524,-483,,1,2.756,458.481
2026-09-26T20:03:04.000Z,1790452984.000,32.650117685,-117.199157422,6.036,315.142,304.49,18.609,3.526,-484,,1,3.497,459.921
2026-09-26T20:03:05.000Z,1790452985.000,32.650137494,-117.199180437,6.018,315.936,302.753,16.988,3.553,-485,,1,3.405,461.205
2026-09-26T20:03:06.000Z,1790452986.000,32.650157781,-117.199203056,6.031,315.625,304.288,16.9,3.419,-486,,1,3.427,462.807
2026-09-26T20:03:07.000Z,1790452987.000,32.650177446,-117.199224881,5.799,315.069,303.468,14.367,4.738,-487,,1,3.329,464.183
2026-09-26T20:03:08.000Z,1790452988.000,32.650198136,-117.199244511,5.73,322.405,307.326,19.838,3.444,-488,,1,2.649,466.094
2026-09-26T20:03:09.000Z,1790452989.000,32.650218198,-117.199264688,5.474,315.796,304.248,17.743,4.715,-489,,1,3.062,467.386
2026-09-26T20:03:10.000Z,1790452990.000,32.65023889,-117.199285122,5.738,321.189,304.481,20.437,2.413,-490,,1,2.734,468.993
2026-09-26T20:03:11.000Z,1790452991.000,32.650258501,-117.199306406,5.935,318.787,304.592,19.592,2.62,-491,,1,3.032,470.451
2026-09-26T20:03:12.000Z,1790452992.000,32.650278574,-117.199327473,5.767,323.977,304.77,17.135,6.667,-492,,1,2.472,471.97
2026-09-26T20:03:13.000Z,1790452993.000,32.650299889,-117.199347135,5.635,323.219,303.778,16.3,4.946,-493,,1,2.469,473.57
2026-09-26T20:03:14.000Z,1790452994.000,32.650322376,-117.199366429,6,325.028,307.332,20.434,2.717,-494,,1,2.44,475.657
2026-09-26T20:03:15.000Z,1790452995.000,32.650344042,-117.199388652,6.03,316.38,305.57,16.449,3.949,-495,,1,3.239,477.16
2026-09-26T20:03:16.000Z,1790452996.000,32.650365786,-117.199409782,6.064,322.893,304.946,18.954,2.086,-496,,1,2.641,478.791
2026-09-26T20:03:17.000Z,1790452997.000,32.650387179,-117.199429445,5.8,322.59,306.204,21.631,2.689,-497,,1,2.539,480.574
2026-09-26T20:03:18.000Z,1790452998.000,32.65040752,-117.199449496,5.662,321.664,307.461,19.449,5.327,-498,,1,2.546,482.234
2026-09-26T20:03:19.000Z,1790452999.000,32.650427535,-117.199471069,5.689,315.801,307.318,18.121,4.57,-499,,1,3.051,483.707
2026-09-26T20:03:20.000Z,1790453000.000,32.65044634,-117.199493341,5.733,315.407,306.168,19.802,4.799,-500,,1,3.096,484.954
2026-09-26T20:03:21.000Z,1790453001.000,32.650464754,-117.199515952,5.7,314.539,303.169,16.901,3.832,-501,,1,3.139,486.006
2026-09-26T20:03:22.000Z,1790453002.000,32.650484416,-117.199536574,5.794,319.484,304.42,19.4,1.913,-502,,1,2.748,487.578
2026-09-26T20:03:23.000Z,1790453003.000,32.650503849,-117.199558177,5.9,314.863,307.655,20.533,2.737,-503,,1,3.194,489.249
2026-09-26T20:03:24.000Z,1790453004.000,32.650522967,-117.19958344,5.937,314.13,302.41,12.963,6.351,-504,,1,3.266,490.123
2026-09-26T20:03:25.000Z,1790453005.000,32.65054477,-117.199604261,5.936,322.754,303.023,14.6,4.906,-505,,1,2.47,491.866
2026-09-26T20:03:26.000Z,1790453006.000,32.650567759,-117.199623294,6.167,323.234,306.034,15.466,3.165,-506,,1,2.5,493.973
2026-09-26T20:03:27.000Z,1790453007.000,32.650591272,-117.199641773,6.075,325.349,305.051,14.738,3.737,-507,,1,2.24,495.841
2026-09-26T20:03:28.000Z,1790453008.000,32.6506169,-117.199657555,6.4,332.937,310.634,24.332,1.872,-508,,1,1.531,498.514
2026-09-26T20:03:29.000Z,1790453009.000,32.650641104,-117.199675671,6.139,326.197,311.959,21.728,6.558,-509,,1,2.14,500.64
2026-09-26T20:03:30.000Z,1790453010.000,32.650663667,-117.199693933,5.867,327.468,306.8,17.3,6.367,-510,,1,1.907,502.1
2026-09-26T20:03:31.000Z,1790453011.000,32.650686941,-117.199710183,5.996,325.759,310.8,25.904,1.996,-511,,1,2.099,504.387
2026-09-26T20:03:32.000Z,1790453012.000,32.650707117,-117.199728226,5.647,319.141,313.211,24.602,3.193,-512,,1,2.559,506.171
2026-09-26T20:03:33.000Z,1790453013.000,32.650725171,-117.199750518,5.512,310.165,308.476,18.141,5.018,-513,,1,3.224,507.072
2026-09-26T20:03:34.000Z,1790453014.000,32.650743094,-117.199772683,5.768,311.174,308.311,18.716,2.027,-514,,1,3.279,508.305
2026-09-26T20:03:35.000Z,1790453015.000,32.650760587,-117.19979492,5.366,315.429,307.157,17.391,6.97,-515,,1,2.703,509.415
2026-09-26T20:03:36.000Z,1790453016.000,32.650778316,-117.199817133,5.504,310.934,303.565,13.566,5.429,-516,,1,3.126,510.361
2026-09-26T20:03:37.000Z,1790453017.000,32.650797941,-117.199837117,5.8,320.631,305.076,17.12,0.996,-517,,1,2.427,511.968
2026-09-26T20:03:38.000Z,1790453018.000,32.650818094,-117.199858194,5.909,322.364,307.034,15.723,2.689,-518,,1,2.294,513.632
2026-09-26T20:03:39.000Z,1790453019.000,32.650840494,-117.199878111,6.168,327.097,307.197,17.565,7.589,-519,,1,1.899,515.428
2026-09-26T20:03:40.000Z,1790453020.000,32.650863677,-117.19989768,6,323.289,305.468,19.172,4.686,-520,,1,2.205,517.173
2026-09-26T20:03:41.000Z,1790453021.000,32.650887524,-117.199915695,6.036,328.191,305.948,22.214,4.471,-521,,1,1.712,519.203
2026-09-26T20:03:42.000Z,1790453022.000,32.650910003,-117.199936445,5.929,315.959,304.288,21.442,4.741,-522,,1,2.833,520.842
2026-09-26T20:03:43.000Z,1790453023.000,32.650929954,-117.199959899,6.032,316.217,301.519,18.687,3.272,-523,,1,2.843,522.047
2026-09-26T20:03:44.000Z,1790453024.000,32.6509503,-117.1999826,6.033,319.133,301.367,21.767,3.867,-524,,1,2.553,523.521
2026-09-26T20:03:45.000Z,1790453025.000,32.650970366,-117.200004101,5.605,321.005,300.996,19.896,6.77,-525,,1,2.19,524.983
2026-09-26T20:03:46.000Z,1790453026.000,32.650990972,-117.200024557,5.776,318.748,302.785,22.658,2.956,-526,,1,2.449,526.704
2026-09-26T20:03:47.000Z,1790453027.000,32.651010012,-117.200047788,5.859,312.918,303.171,19.029,5.129,-527,,1,2.996,528.066
2026-09-26T20:03:48.000Z,1790453028.000,32.651028405,-117.200070979,5.768,314.258,302.629,19.491,3.806,-528,,1,2.819,529.289
2026-09-26T20:03:49.000Z,1790453029.000,32.651047778,-117.200093709,6.031,316.768,303.035,22.345,2.055,-529,,1,2.698,530.704
2026-09-26T20:03:50.000Z,1790453030.000,32.651066929,-117.200115752,5.8,317.302,302.57,19.362,5.821,-530,,1,2.532,532.046
2026-09-26T20:03:51.000Z,1790453031.000,32.651086844,-117.200138637,6.062,315.725,301.192,21.668,2.287,-531,,1,2.78,533.373
2026-09-26T20:03:52.000Z,1790453032.000,32.651105918,-117.200163475,6.03,311.03,297.234,14.028,4.866,-532,,1,3.181,534.347
2026-09-26T20:03:53.000Z,1790453033.000,32.651125894,-117.200184826,5.767,317.04,298.701,18.737,2.566,-533,,1,2.496,535.95
2026-09-26T20:03:54.000Z,1790453034.000,32.651145899,-117.200204967,5.632,321.072,302.895,18.971,3.378,-534,,1,2.059,537.807
2026-09-26T20:03:55.000Z,1790453035.000,32.65116425,-117.200226965,5.626,315.043,303.303,15.026,5.214,-535,,1,2.581,539.135
2026-09-26T20:03:56.000Z,1790453036.000,32.651184318,-117.200250005,5.852,315.894,302.652,15.794,3.412,-536,,1,2.591,540.531
2026-09-26T20:03:57.000Z,1790453037.000,32.651204724,-117.200273739,6.095,315.275,300.24,13.367,2.733,-537,,1,2.742,541.802
2026-09-26T20:03:58.000Z,1790453038.000,32.651226526,-117.200294826,6.301,321.798,302.968,18.298,1.266,-538,,1,2.157,543.705
2026-09-26T20:03:59.000Z,1790453039.000,32.651247165,-117.200315665,5.935,318.215,304.315,17.295,3.335,-539,,1,2.36,545.382
2026-09-26T20:04:00.000Z,1790453040.000,32.651268448,-117.200334872,5.838,321.181,307.052,19.971,-1.041,-540,,1,2.023,547.28
2026-09-26T20:04:01.000Z,1790453041.000,32.651289936,-117.200353757,6.07,323.827,311.815,22.703,2.318,-541,,1,1.819,549.359
2026-09-26T20:04:02.000Z,1790453042.000,32.651309687,-117.200374689,5.733,317.069,305.794,16.963,5.033,-542,,1,2.336,550.377
2026-09-26T20:04:03.000Z,1790453043.000,32.651330298,-117.200395133,5.834,319.777,303.21,18.473,2.482,-543,,1,2.107,551.755
2026-09-26T20:04:04.000Z,1790453044.000,32.651350162,-117.20041501,5.624,316.919,304.178,18.503,2.376,-544,,1,2.275,553.349
2026-09-26T20:04:05.000Z,1790453045.000,32.651369498,-117.200436559,5.922,315.442,304.283,17.839,4.305,-545,,1,2.518,554.77
2026-09-26T20:04:06.000Z,1790453046.000,32.651390452,-117.200458655,6.2,317.27,303.896,19.236,3.904,-546,,1,2.438,556.308
2026-09-26T20:04:07.000Z,1790453047.000,32.651410993,-117.200481293,6.034,315.029,300.501,16.57,4.962,-547,,1,2.571,557.549
2026-09-26T20:04:08.000Z,1790453048.000,32.651433324,-117.20050033,5.9,325.342,303.025,17.778,4.245,-548,,1,1.499,559.551
2026-09-26T20:04:09.000Z,1790453049.000,32.651455557,-117.200518486,5.615,324.201,306.671,16.673,3.542,-549,,1,1.516,561.652
2026-09-26T20:04:10.000Z,1790453050.000,32.651478185,-117.200537394,5.86,326.429,305.62,13.56,3.692,-550,,1,1.343,563.409
2026-09-26T20:04:11.000Z,1790453051.000,32.651501846,-117.200554462,5.963,325.142,307.984,19.163,2.126,-551,,1,1.477,565.592
2026-09-26T20:04:12.000Z,1790453052.000,32.651524238,-117.200572638,6.036,321.756,311.876,24.294,1.978,-552,,1,1.818,567.719
2026-09-26T20:04:13.000Z,1790453053.000,32.651542516,-117.200597476,6.13,303.074,301.46,22.12,5.84,-553,,1,3.609,568.124
2026-09-26T20:04:14.000Z,1790453054.000,32.651558604,-117.20062311,5.8,303.631,295.454,24.22,3.693,-554,,1,3.357,568.596
2026-09-26T20:04:15.000Z,1790453055.000,32.651573166,-117.200648894,5.6,300.86,292.154,27.215,3.009,-555,,1,3.448,569.114
2026-09-26T20:04:16.000Z,1790453056.000,32.651583678,-117.200677106,5.733,287.063,284.818,21.394,3.337,-556,,1,4.499,568.805
2026-09-26T20:04:17.000Z,1790453057.000,32.651590355,-117.200707065,5.531,281.838,273.269,18.817,3.448,-557,,1,4.632,567.712
2026-09-26T20:04:18.000Z,1790453058.000,32.651591125,-117.200735867,5.364,264.498,257.182,6.819,0.834,-558,,1,5.162,565.755
2026-09-26T20:04:19.000Z,1790453059.000,32.651586789,-117.200761325,4.29,251.529,241.367,-4.584,5.089,-559,,1,4.285,563.557
2026-09-26T20:04:20.000Z,1790453060.000,32.651579617,-117.200782205,3.868,243.806,228.817,-9.842,5,-560,,1,3.853,561.579
2026-09-26T20:04:21.000Z,1790453061.000,32.651569663,-117.200800673,3.967,239.233,224.233,-19.436,4.371,-561,,1,3.911,559.811
2026-09-26T20:04:22.000Z,1790453062.000,32.651558295,-117.200820833,4.8,236.018,223.644,-19.358,3.256,-562,,1,4.679,558
2026-09-26T20:04:23.000Z,1790453063.000,32.651543809,-117.200840806,5.485,229.747,224.238,-21.985,2.601,-563,,1,5.179,555.907
2026-09-26T20:04:24.000Z,1790453064.000,32.65152861,-117.200863275,5.2,232.272,225.839,-18.827,5.739,-564,,1,4.98,553.704
2026-09-26T20:04:25.000Z,1790453065.000,32.65151285,-117.200886556,5.298,230.983,225.43,-18.472,4.144,-565,,1,5.036,551.343
2026-09-26T20:04:26.000Z,1790453066.000,32.65149713,-117.200908155,5.169,229.861,227.066,-20.703,3.843,-566,,1,4.879,549.114
2026-09-26T20:04:27.000Z,1790453067.000,32.651482002,-117.200930064,5.264,229.813,228.787,-20.471,3.716,-567,,1,4.967,546.945
2026-09-26T20:04:28.000Z,1790453068.000,32.651468316,-117.200954839,5.443,241.915,232.801,-19.844,2.957,-568,,1,5.399,544.951
2026-09-26T20:04:29.000Z,1790453069.000,32.651455726,-117.200979943,5.3,239.131,230.982,-23.909,3.777,-569,,1,5.218,542.805
2026-09-26T20:04:30.000Z,1790453070.000,32.651444382,-117.201004934,4.934,242.488,231.632,-22.524,4.508,-570,,1,4.9,540.905
2026-09-26T20:04:31.000Z,1790453071.000,32.651434259,-117.201029042,4.69,248.465,233.663,-21.847,3.563,-571,,1,4.69,539.225
2026-09-26T20:04:32.000Z,1790453072.000,32.651424179,-117.201053891,4.717,246.095,233.317,-20.983,4.816,-572,,1,4.71,537.418
2026-09-26T20:04:33.000Z,1790453073.000,32.651412328,-117.201080123,5.4,242.879,232.43,-21.427,3.539,-573,,1,5.366,535.358
2026-09-26T20:04:34.000Z,1790453074.000,32.651398394,-117.201105976,5.567,233.696,231.734,-18.84,6.531,-574,,1,5.361,533.099
2026-09-26T20:04:35.000Z,1790453075.000,32.651383549,-117.201133205,6.065,239.744,233.334,-17.735,5.784,-575,,1,5.979,530.809
2026-09-26T20:04:36.000Z,1790453076.000,32.651367873,-117.201162238,6.271,236.931,231.304,-16.211,2.773,-576,,1,6.122,528.212
2026-09-26T20:04:37.000Z,1790453077.000,32.65135006,-117.201189153,6.4,230.869,229.571,-21.57,1.632,-577,,1,6.064,525.469
2026-09-26T20:04:38.000Z,1790453078.000,32.651334918,-117.201214391,5.22,240.163,229.617,-23.471,5.877,-578,,1,5.15,523.134
2026-09-26T20:04:39.000Z,1790453079.000,32.651323577,-117.201238775,4.935,242.863,232.162,-21.471,6.931,-579,,1,4.902,521.335
2026-09-26T20:04:40.000Z,1790453080.000,32.65131462,-117.201264498,4.9,248.202,234.753,-23.801,4.553,-580,,1,4.899,519.758
2026-09-26T20:04:41.000Z,1790453081.000,32.651306133,-117.20129027,5.139,245.642,232.032,-16.626,8.163,-581,,1,5.126,517.981
2026-09-26T20:04:42.000Z,1790453082.000,32.651294097,-117.201315368,5.331,239.577,231.539,-21.153,2.897,-582,,1,5.249,515.954
2026-09-26T20:04:43.000Z,1790453083.000,32.651280809,-117.201341881,5.765,240.701,232.769,-19.469,3.095,-583,,1,5.695,513.832
2026-09-26T20:04:44.000Z,1790453084.000,32.651266591,-117.201369252,5.895,238.719,233.832,-18.234,1.176,-584,,1,5.787,511.579
2026-09-26T20:04:45.000Z,1790453085.000,32.651252371,-117.201397258,5.96,239.619,236.337,-16.279,4.748,-585,,1,5.867,509.381
2026-09-26T20:04:46.000Z,1790453086.000,32.651239328,-117.201426557,6.039,243.356,235.884,-14.893,4.923,-586,,1,6.001,507.124
2026-09-26T20:04:47.000Z,1790453087.000,32.651226917,-117.201455135,5.769,240.227,232.514,-13.3,4.249,-587,,1,5.688,504.818
2026-09-26T20:04:48.000Z,1790453088.000,32.651215078,-117.201480474,5.369,240.777,231.166,-15.238,0.78,-588,,1,5.302,502.766
2026-09-26T20:04:49.000Z,1790453089.000,32.651203805,-117.201504794,5.3,239.755,231.63,-15.191,3.701,-589,,1,5.218,500.885
2026-09-26T20:04:50.000Z,1790453090.000,32.651191535,-117.201529907,5.623,237.562,230.915,-14,3.42,-590,,1,5.494,498.823
2026-09-26T20:04:51.000Z,1790453091.000,32.651178724,-117.201556312,5.741,238.712,228.324,-11.694,4.5,-591,,1,5.631,496.589
2026-09-26T20:04:52.000Z,1790453092.000,32.651164354,-117.201581074,5.6,235.774,223.959,-12.3,4.9,-592,,1,5.428,494.181
2026-09-26T20:04:53.000Z,1790453093.000,32.651149001,-117.201604132,5.564,232.858,226.939,-18.387,1.719,-593,,1,5.316,491.996
2026-09-26T20:04:54.000Z,1790453094.000,32.65113466,-117.201628993,5.694,237.736,231.329,-15.689,2.841,-594,,1,5.562,489.938
2026-09-26T20:04:55.000Z,1790453095.000,32.651120486,-117.201655489,5.684,242.451,232.761,-14.345,3.653,-595,,1,5.633,487.731
2026-09-26T20:04:56.000Z,1790453096.000,32.65110607,-117.20168287,5.66,236.999,231.92,-16.37,5.57,-596,,1,5.511,485.37
2026-09-26T20:04:57.000Z,1790453097.000,32.651092195,-117.201709838,5.66,237.397,231.336,-16.517,6.176,-597,,1,5.519,483.09
2026-09-26T20:04:58.000Z,1790453098.000,32.651079416,-117.201735864,5.698,241.088,233.898,-19.376,2.804,-598,,1,5.625,481.097
2026-09-26T20:04:59.000Z,1790453099.000,32.651068826,-117.20176225,5.236,244.534,232.318,-13.18,5.927,-599,,1,5.21,479.134
2026-09-26T20:05:00.000Z,1790453100.000,32.651056365,-117.201786788,5.171,239.006,230.147,-13.241,4.165,-600,,1,5.07,477.005
2026-09-26T20:05:01.000Z,1790453101.000,32.651043488,-117.201810423,5.332,237.761,231.648,-17.566,4.903,-601,,1,5.203,475.02
2026-09-26T20:05:02.000Z,1790453102.000,32.651029997,-117.201837073,5.852,231.93,228.837,-12.618,8.229,-602,,1,5.55,472.695
2026-09-26T20:05:03.000Z,1790453103.000,32.651015373,-117.201863061,5.374,235.936,224.696,-12.852,6.046,-603,,1,5.201,470.23
2026-09-26T20:05:04.000Z,1790453104.000,32.650998786,-117.201887271,5.821,231.058,226.478,-19.417,2.179,-604,,1,5.487,467.837
2026-09-26T20:05:05.000Z,1790453105.000,32.650984698,-117.201913334,5.538,240.24,230.907,-16.949,4,-605,,1,5.448,465.769
2026-09-26T20:05:06.000Z,1790453106.000,32.650971381,-117.201938747,5.6,236.072,230.255,-19.779,3.361,-606,,1,5.42,463.592
2026-09-26T20:05:07.000Z,1790453107.000,32.650957876,-117.201964349,5.592,237.321,230.819,-18.781,3.745,-607,,1,5.44,461.441
2026-09-26T20:05:08.000Z,1790453108.000,32.65094533,-117.201990065,5.433,237.325,231.267,-17.34,3.019,-608,,1,5.285,459.384
2026-09-26T20:05:09.000Z,1790453109.000,32.65093296,-117.202015662,5.359,239.841,231.245,-14.741,4.785,-609,,1,5.262,457.328
2026-09-26T20:05:10.000Z,1790453110.000,32.650919556,-117.202041094,5.465,237.975,232.065,-15.919,3.873,-610,,1,5.328,455.206
2026-09-26T20:05:11.000Z,1790453111.000,32.650906554,-117.202067479,5.7,241.595,233.744,-17.027,6.302,-611,,1,5.626,453.139
2026-09-26T20:05:12.000Z,1790453112.000,32.650894432,-117.202094782,5.528,242.413,231.998,-13.972,2.076,-612,,1,5.468,450.98
2026-09-26T20:05:13.000Z,1790453113.000,32.650881693,-117.202123941,6.037,245.53,233.596,-15.682,2.144,-613,,1,6.011,448.856
2026-09-26T20:05:14.000Z,1790453114.000,32.650868509,-117.202151843,5.56,239.161,229.67,-15.611,3.289,-614,,1,5.442,446.473
2026-09-26T20:05:15.000Z,1790453115.000,32.650855659,-117.202176683,5.095,237.048,230.489,-16.521,2.842,-615,,1,4.944,444.425
2026-09-26T20:05:16.000Z,1790453116.000,32.650844883,-117.202200891,5.068,241.177,233.671,-13.358,4.237,-616,,1,4.994,442.723
2026-09-26T20:05:17.000Z,1790453117.000,32.650833309,-117.202226322,5.271,244.087,236.158,-18.473,3.946,-617,,1,5.232,440.878
2026-09-26T20:05:18.000Z,1790453118.000,32.650821381,-117.202252925,5.649,241.251,234.811,-19.547,3.7,-618,,1,5.566,438.774
2026-09-26T20:05:19.000Z,1790453119.000,32.650808346,-117.202281988,6.075,241.004,235.188,-18.512,2.912,-619,,1,5.98,436.566
2026-09-26T20:05:20.000Z,1790453120.000,32.650795691,-117.202310786,5.833,241.861,234.131,-15.239,6.058,-620,,1,5.756,434.337
2026-09-26T20:05:21.000Z,1790453121.000,32.650783787,-117.202338812,5.769,244.757,235.072,-19.146,1.091,-621,,1,5.732,432.306
2026-09-26T20:05:22.000Z,1790453122.000,32.650773399,-117.202365902,5.618,245.417,235.054,-17.454,4.735,-622,,1,5.59,430.416
2026-09-26T20:05:23.000Z,1790453123.000,32.650762376,-117.202390718,4.971,241.665,231.365,-17.641,8.047,-623,,1,4.901,428.355
2026-09-26T20:05:24.000Z,1790453124.000,32.65075105,-117.202414063,4.662,236.294,229.837,-18.694,5.394,-624,,1,4.503,426.41
2026-09-26T20:05:25.000Z,1790453125.000,32.650738618,-117.2024377,5.332,237.398,232.502,-20.294,4.162,-625,,1,5.175,424.523
2026-09-26T20:05:26.000Z,1790453126.000,32.650726101,-117.202463629,5.731,240.593,234.273,-18.623,4.888,-626,,1,5.63,422.526
2026-09-26T20:05:27.000Z,1790453127.000,32.650713143,-117.202490762,5.725,241.5,234.5,-19.3,5.545,-627,,1,5.639,420.375
2026-09-26T20:05:28.000Z,1790453128.000,32.650699954,-117.202518781,6,242.027,234.76,-20.89,1.478,-628,,1,5.919,418.176
2026-09-26T20:05:29.000Z,1790453129.000,32.650687576,-117.202547281,5.932,240.449,232.803,-16.662,5.936,-629,,1,5.821,415.943
2026-09-26T20:05:30.000Z,1790453130.000,32.650672956,-117.202575819,6.2,239.515,232.432,-19.102,3.493,-630,,1,6.063,413.548
2026-09-26T20:05:31.000Z,1790453131.000,32.650659339,-117.202603813,5.9,240.489,233.081,-16.995,5.194,-631,,1,5.789,411.321
2026-09-26T20:05:32.000Z,1790453132.000,32.650646049,-117.202631377,5.489,243.931,233.07,-19.189,1.77,-632,,1,5.439,409.111
2026-09-26T20:05:33.000Z,1790453133.000,32.650633732,-117.20265743,5.832,233.96,233.032,-18.851,2.536,-633,,1,5.554,407.047
2026-09-26T20:05:34.000Z,1790453134.000,32.650621354,-117.202683627,5.336,243.583,234.969,-20.04,4.221,-634,,1,5.282,405.066
2026-09-26T20:05:35.000Z,1790453135.000,32.650610196,-117.202710173,5.3,240.491,234.213,-18.464,8.085,-635,,1,5.197,403.075
2026-09-26T20:05:36.000Z,1790453136.000,32.650598583,-117.202737313,5.553,245.927,235.1,-20.531,1.354,-636,,1,5.524,401.098
2026-09-26T20:05:37.000Z,1790453137.000,32.650588237,-117.202765129,5.6,246.273,236.639,-19.839,1.928,-637,,1,5.574,399.269
2026-09-26T20:05:38.000Z,1790453138.000,32.650577331,-117.202793551,5.8,245.463,235.191,-17.364,4.327,-638,,1,5.764,397.215
2026-09-26T20:05:39.000Z,1790453139.000,32.650564495,-117.202821409,5.533,239.797,232.867,-16.103,6.366,-639,,1,5.41,394.934
2026-09-26T20:05:40.000Z,1790453140.000,32.650550396,-117.202849244,5.878,238.418,233.309,-16.558,6.776,-640,,1,5.714,392.652
2026-09-26T20:05:41.000Z,1790453141.000,32.650535002,-117.202877899,6.271,234.884,231.338,-17.322,5.438,-641,,1,5.991,390.099
2026-09-26T20:05:42.000Z,1790453142.000,32.65052109,-117.202905084,5.8,237.92,232.364,-14.582,4.495,-642,,1,5.623,387.881
2026-09-26T20:05:43.000Z,1790453143.000,32.650506596,-117.202932636,6.275,236.714,232.368,-14.314,3.196,-643,,1,6.048,385.545
2026-09-26T20:05:44.000Z,1790453144.000,32.650492033,-117.202960867,5.933,238.667,230.367,-14.1,4.1,-644,,1,5.767,383.093
2026-09-26T20:05:45.000Z,1790453145.000,32.650478681,-117.202987254,5.684,239.035,227.986,-12.168,5.491,-645,,1,5.532,380.812
2026-09-26T20:05:46.000Z,1790453146.000,32.650464776,-117.203013941,5.418,244.606,231.518,-19.206,0.7,-646,,1,5.368,378.713
2026-09-26T20:05:47.000Z,1790453147.000,32.650454151,-117.203039911,5.644,240.388,233.175,-18.574,5.895,-647,,1,5.52,376.907
2026-09-26T20:05:48.000Z,1790453148.000,32.650443419,-117.203065965,4.731,244.312,231.167,-16.223,7.296,-648,,1,4.683,374.921
2026-09-26T20:05:49.000Z,1790453149.000,32.650430722,-117.203091656,5.512,242.053,234.212,-18.473,1.128,-649,,1,5.421,372.969
2026-09-26T20:05:50.000Z,1790453150.000,32.650418047,-117.203119194,5.888,240.878,234.775,-17.963,3.014,-650,,1,5.767,370.853
2026-09-26T20:05:51.000Z,1790453151.000,32.650404099,-117.203149018,6.069,241.993,231.969,-13.392,5.093,-651,,1,5.965,368.377
2026-09-26T20:05:52.000Z,1790453152.000,32.65038911,-117.2031756,5.735,232.341,227.729,-14.957,1.041,-652,,1,5.376,365.836
2026-09-26T20:05:53.000Z,1790453153.000,32.6503744,-117.20319941,5.434,233.583,230.786,-17.924,6.848,-653,,1,5.132,363.714
2026-09-26T20:05:54.000Z,1790453154.000,32.650361725,-117.203224978,5.043,239.586,228.187,-15.479,4.431,-654,,1,4.909,361.519
2026-09-26T20:05:55.000Z,1790453155.000,32.650348519,-117.203248996,5.412,234.73,228.883,-18.546,2.459,-655,,1,5.142,359.45
2026-09-26T20:05:56.000Z,1790453156.000,32.650335986,-117.203274202,5.663,241.457,232.237,-17.889,2.18,-656,,1,5.549,357.536
2026-09-26T20:05:57.000Z,1790453157.000,32.650322805,-117.203302391,6.066,241.129,231.068,-15.369,4.266,-657,,1,5.936,355.267
2026-09-26T20:05:58.000Z,1790453158.000,32.650309202,-117.203329772,5.962,234.852,227.138,-13.237,3.739,-658,,1,5.662,352.866
2026-09-26T20:05:59.000Z,1790453159.000,32.650295103,-117.203354537,5.262,237.263,228.868,-18.072,4.214,-659,,1,5.06,350.723
2026-09-26T20:06:00.000Z,1790453160.000,32.650281344,-117.203379392,5.33,238.871,230.108,-18.565,6.062,-660,,1,5.163,348.596
2026-09-26T20:06:01.000Z,1790453161.000,32.650267564,-117.203405461,5.696,237.354,231.304,-16.271,6.157,-661,,1,5.477,346.43
2026-09-26T20:06:02.000Z,1790453162.000,32.650253947,-117.203432739,5.797,239.391,233.862,-18.126,3.875,-662,,1,5.626,344.312
2026-09-26T20:06:03.000Z,1790453163.000,32.650241021,-117.203460087,5.735,240.079,233.881,-17.244,5.367,-663,,1,5.581,342.149
2026-09-26T20:06:04.000Z,1790453164.000,32.650229584,-117.203488024,5.429,245.229,234.504,-12.679,4.292,-664,,1,5.373,340.154
2026-09-26T20:06:05.000Z,1790453165.000,32.650217975,-117.203513652,5.162,239.886,232.171,-15.795,2.711,-665,,1,5.016,338.07
2026-09-26T20:06:06.000Z,1790453166.000,32.650207244,-117.203539242,5.132,243.615,231.105,-14.372,6.025,-666,,1,5.055,336.141
2026-09-26T20:06:07.000Z,1790453167.000,32.65019444,-117.203565119,5.635,238.912,229.896,-20.235,2.635,-667,,1,5.449,333.979
2026-09-26T20:06:08.000Z,1790453168.000,32.650181351,-117.203590961,5.438,239.077,228.676,-19.052,4.796,-668,,1,5.261,331.79
2026-09-26T20:06:09.000Z,1790453169.000,32.650166581,-117.203617391,5.739,236.548,229.309,-19.104,3.43,-669,,1,5.481,329.484
2026-09-26T20:06:10.000Z,1790453170.000,32.650151807,-117.203645186,6.1,239.731,233.887,-17.575,1.194,-670,,1,5.915,327.316
2026-09-26T20:06:11.000Z,1790453171.000,32.650139497,-117.203674343,5.733,245.852,240.471,-16.267,7.134,-671,,1,5.677,325.5
2026-09-26T20:06:12.000Z,1790453172.000,32.650132844,-117.20370382,5.116,264.74,250.892,-15.028,2.608,-672,,1,5.023,324.559
2026-09-26T20:06:13.000Z,1790453173.000,32.65013459,-117.203731434,5.156,283.275,266.518,-8.928,-0.703,-673,,1,4.478,325.036
2026-09-26T20:06:14.000Z,1790453174.000,32.650144694,-117.203753761,4.74,309.922,285.264,0.687,2.883,-674,,1,2.604,326.93
2026-09-26T20:06:15.000Z,1790453175.000,32.650158361,-117.203771356,4.269,321.93,296.084,6.958,5.733,-675,,1,1.534,328.735
2026-09-26T20:06:16.000Z,1790453176.000,32.650173672,-117.20378547,4.033,325.873,303.869,9.969,4.17,-676,,1,1.171,330.559
2026-09-26T20:06:17.000Z,1790453177.000,32.650190509,-117.203794593,4.074,333.906,312.998,16.386,2.351,-677,,1,0.609,332.765
2026-09-26T20:06:18.000Z,1790453178.000,32.650207286,-117.203805143,4.129,329.2,315.057,16.2,4.057,-678,,1,0.934,334.379
2026-09-26T20:06:19.000Z,1790453179.000,32.650223497,-117.203818366,4.331,321.865,312.693,15.293,4.495,-679,,1,1.497,335.533
2026-09-26T20:06:20.000Z,1790453180.000,32.650238667,-117.203834167,4.467,317.9,310.833,13.067,4.3,-680,,1,1.815,336.535
2026-09-26T20:06:21.000Z,1790453181.000,32.650254018,-117.203850221,4.661,317.4,313.328,16.412,1.455,-681,,1,1.915,337.873
2026-09-26T20:06:22.000Z,1790453182.000,32.650269895,-117.203867181,4.643,322.296,311.528,12.343,6.845,-682,,1,1.523,338.922
2026-09-26T20:06:23.000Z,1790453183.000,32.650287736,-117.203881193,4.606,326.588,312.2,14.119,3.944,-683,,1,1.163,340.447
2026-09-26T20:06:24.000Z,1790453184.000,32.650306473,-117.203894237,4.733,334.171,310.736,11.17,4.633,-684,,1,0.561,341.936
2026-09-26T20:06:25.000Z,1790453185.000,32.650326628,-117.203905643,4.938,332.664,315.026,12.517,4.411,-685,,1,0.691,344.048
2026-09-26T20:06:26.000Z,1790453186.000,32.650346668,-117.20391882,4.888,330.193,312.078,9.031,4.708,-686,,1,0.872,345.564
2026-09-26T20:06:27.000Z,1790453187.000,32.65036852,-117.203930531,5.3,336.764,314.311,13.836,0.667,-687,,1,0.317,347.695
2026-09-26T20:06:28.000Z,1790453188.000,32.650390921,-117.203939557,5.168,341.704,322.957,19.568,2.799,-688,,1,-0.163,350.402
2026-09-26T20:06:29.000Z,1790453189.000,32.650413359,-117.203952395,5.4,330.334,319.2,16.867,5.167,-689,,1,0.872,352.141
2026-09-26T20:06:30.000Z,1790453190.000,32.650435098,-117.203967858,5.563,324.612,315.796,16.684,4.129,-690,,1,1.416,353.745
2026-09-26T20:06:31.000Z,1790453191.000,32.65045654,-117.20398656,5.66,321.34,312.19,16.03,2.36,-691,,1,1.724,355.2
2026-09-26T20:06:32.000Z,1790453192.000,32.650477473,-117.204004499,5.81,325.195,312.048,19.037,1.99,-692,,1,1.366,356.877
2026-09-26T20:06:33.000Z,1790453193.000,32.650496006,-117.20402364,5.4,319.801,309.532,18.201,4.162,-693,,1,1.735,358.088
2026-09-26T20:06:34.000Z,1790453194.000,32.6505132,-117.204044294,5.1,314.609,306.473,18.4,5.044,-694,,1,2.049,359.067
2026-09-26T20:06:35.000Z,1790453195.000,32.650529313,-117.204065997,5.586,308.983,304.849,17.276,4.465,-695,,1,2.715,360.009
2026-09-26T20:06:36.000Z,1790453196.000,32.650545559,-117.204088959,5.541,308.712,304.324,17.371,2.412,-696,,1,2.695,361.014
2026-09-26T20:06:37.000Z,1790453197.000,32.650562085,-117.204109753,5.4,317.207,303.08,14.488,5.976,-697,,1,1.878,362.055
2026-09-26T20:06:38.000Z,1790453198.000,32.6505814,-117.204126933,5.167,321.833,302.067,13.5,4.133,-698,,1,1.378,363.514
2026-09-26T20:06:39.000Z,1790453199.000,32.650601044,-117.204143671,5.362,323.028,303.482,10.906,3.934,-699,,1,1.297,365.211
2026-09-26T20:06:40.000Z,1790453200.000,32.650622345,-117.204161774,5.6,319.972,306.9,11.489,4.196,-700,,1,1.613,367.198
2026-09-26T20:06:41.000Z,1790453201.000,32.650643477,-117.204181808,6.069,320.615,310.185,16.392,0.908,-701,,1,1.651,369.095
2026-09-26T20:06:42.000Z,1790453202.000,32.650665363,-117.204202965,6.535,319.981,310.935,21.339,4.519,-702,,1,1.813,370.845
2026-09-26T20:06:43.000Z,1790453203.000,32.650686111,-117.204225445,5.904,318.78,303.708,18.539,5.158,-703,,1,1.729,371.826
2026-09-26T20:06:44.000Z,1790453204.000,32.650707894,-117.204244991,5.937,325.818,302.963,23.537,2.115,-704,,1,0.999,373.498
2026-09-26T20:06:45.000Z,1790453205.000,32.650728584,-117.204263824,5.46,317.922,301.111,19.403,4.217,-705,,1,1.623,374.988
2026-09-26T20:06:46.000Z,1790453206.000,32.650749237,-117.204282078,5.668,319.959,302.214,26.058,-0.012,-706,,1,1.463,376.723
2026-09-26T20:06:47.000Z,1790453207.000,32.650764067,-117.2043061,5.533,300.329,293.767,21.4,2.767,-707,,1,3.124,376.913
2026-09-26T20:06:48.000Z,1790453208.000,32.650772681,-117.204334938,5.675,282.566,278.673,18.32,3.09,-708,,1,4.473,375.761
2026-09-26T20:06:49.000Z,1790453209.000,32.650773052,-117.204364951,5.528,262.383,259.337,9.665,0.574,-709,,1,5.264,373.45
2026-09-26T20:06:50.000Z,1790453210.000,32.650764991,-117.204392452,5.393,244.765,242.695,-3.664,4.713,-710,,1,5.393,370.722
2026-09-26T20:06:51.000Z,1790453211.000,32.650752919,-117.204417488,4.734,239.303,229.052,-7.904,4.51,-711,,1,4.712,368.04
2026-09-26T20:06:52.000Z,1790453212.000,32.65073801,-117.204438553,5.034,227.357,222.336,-17.428,1.07,-712,,1,4.797,365.597
2026-09-26T20:06:53.000Z,1790453213.000,32.650723479,-117.20445726,4.688,227.175,223.563,-21.528,5.884,-713,,1,4.462,363.557
2026-09-26T20:06:54.000Z,1790453214.000,32.650709355,-117.204475598,4.2,223.371,222.635,-25.263,6.088,-714,,1,3.901,361.497
2026-09-26T20:06:55.000Z,1790453215.000,32.650696726,-117.20449468,4.263,236.932,227.3,-24.638,4.062,-715,,1,4.219,359.776
2026-09-26T20:06:56.000Z,1790453216.000,32.650684396,-117.204514841,4.7,231.996,227.601,-25.935,2.861,-716,,1,4.576,357.897
2026-09-26T20:06:57.000Z,1790453217.000,32.650672328,-117.204536301,4.807,236.4,227.365,-22.043,8.329,-717,,1,4.75,355.986
2026-09-26T20:06:58.000Z,1790453218.000,32.650659351,-117.204560893,5.372,236.079,225.973,-15.039,3.939,-718,,1,5.303,353.842
2026-09-26T20:06:59.000Z,1790453219.000,32.650642439,-117.204585072,5.939,232.364,228.317,-20.3,2.531,-719,,1,5.787,351.441
2026-09-26T20:07:00.000Z,1790453220.000,32.65062629,-117.204611695,6.371,230.122,227.3,-19.325,7.132,-720,,1,6.145,348.916
2026-09-26T20:07:01.000Z,1790453221.000,32.650609872,-117.204639391,6.2,238.099,228.767,-22.733,6.029,-721,,1,6.149,346.432
2026-09-26T20:07:02.000Z,1790453222.000,32.650595034,-117.204665843,5.852,236.879,230.6,-24.111,2.448,-722,,1,5.786,344.169
2026-09-26T20:07:03.000Z,1790453223.000,32.650581589,-117.204692878,5.772,240.364,232.528,-21.148,4.156,-723,,1,5.748,342.045
2026-09-26T20:07:04.000Z,1790453224.000,32.650568076,-117.204718711,5.637,238.176,231.675,-20.375,3.106,-724,,1,5.59,339.824
2026-09-26T20:07:05.000Z,1790453225.000,32.650553851,-117.20474566,5.666,235.932,227.693,-16.475,7.481,-725,,1,5.584,337.366
2026-09-26T20:07:06.000Z,1790453226.000,32.650538653,-117.204772202,5.712,237.769,226.635,-20.212,4.609,-726,,1,5.656,334.943
2026-09-26T20:07:07.000Z,1790453227.000,32.650523259,-117.204797581,5.876,234.173,229.101,-25.65,1.9,-727,,1,5.755,332.674
2026-09-26T20:07:08.000Z,1790453228.000,32.650509364,-117.204825858,5.892,245.377,230.753,-22.545,4.111,-728,,1,5.892,330.451
2026-09-26T20:07:09.000Z,1790453229.000,32.65049548,-117.204853499,5.463,236.62,226.957,-16.859,4.973,-729,,1,5.392,328.02
2026-09-26T20:07:10.000Z,1790453230.000,32.650479849,-117.20488107,6.566,237.943,231.4,-23.012,2.023,-730,,1,6.503,325.748
2026-09-26T20:07:11.000Z,1790453231.000,32.650464921,-117.204909369,6.4,235.401,230.789,-22.139,5.398,-731,,1,6.292,323.318
2026-09-26T20:07:12.000Z,1790453232.000,32.650450612,-117.204937718,5.271,241.204,231.772,-19.2,3.901,-732,,1,5.252,321.021
2026-09-26T20:07:13.000Z,1790453233.000,32.65043838,-117.204964392,5.593,242.409,233.778,-17.366,3.534,-733,,1,5.582,319.042
2026-09-26T20:07:14.000Z,1790453234.000,32.65042518,-117.204990278,5.632,241.797,235.398,-20.217,0.315,-734,,1,5.617,316.969
2026-09-26T20:07:15.000Z,1790453235.000,32.650413913,-117.205017745,6.026,246.211,236.707,-20.533,0.952,-735,,1,6.026,315.042
2026-09-26T20:07:16.000Z,1790453236.000,32.650403199,-117.20504594,5.547,247.624,234.484,-19.689,5.5,-736,,1,5.545,312.976
2026-09-26T20:07:17.000Z,1790453237.000,32.650391161,-117.205073947,5.48,243.22,231.73,-23.56,3.079,-737,,1,5.473,310.758
2026-09-26T20:07:18.000Z,1790453238.000,32.650378654,-117.205101729,5.995,241.258,232.258,-23.432,3.084,-738,,1,5.973,308.649
2026-09-26T20:07:19.000Z,1790453239.000,32.650364451,-117.205130161,6.336,237.008,230.496,-18.922,4.242,-739,,1,6.255,306.24
2026-09-26T20:07:20.000Z,1790453240.000,32.650348065,-117.205157668,6.535,233.219,227.716,-17.8,1.954,-740,,1,6.366,303.589
2026-09-26T20:07:21.000Z,1790453241.000,32.650329491,-117.205184902,6.5,232.303,228.47,-18.461,3.252,-741,,1,6.304,300.862
2026-09-26T20:07:22.000Z,1790453242.000,32.650311401,-117.205212902,6.4,234.103,226.731,-18.928,5.06,-742,,1,6.25,298.064
2026-09-26T20:07:23.000Z,1790453243.000,32.65029537,-117.205240652,5.965,236.267,226.862,-18.559,6.057,-743,,1,5.868,295.564
2026-09-26T20:07:24.000Z,1790453244.000,32.650281233,-117.205265967,5.467,239.4,228.5,-23.9,1.867,-744,,1,5.423,293.397
2026-09-26T20:07:25.000Z,1790453245.000,32.650270608,-117.205289949,4.861,244.298,228.184,-23.483,1.992,-745,,1,4.857,291.561
2026-09-26T20:07:26.000Z,1790453246.000,32.650258272,-117.205312978,5.06,232.992,225.83,-25.379,2.051,-746,,1,4.915,289.493
2026-09-26T20:07:27.000Z,1790453247.000,32.650244522,-117.205337983,5.764,238.427,228.386,-19.323,4.018,-747,,1,5.702,287.41
2026-09-26T20:07:28.000Z,1790453248.000,32.650228061,-117.205365209,6.434,232.726,226.765,-18.098,4.735,-748,,1,6.238,284.811
2026-09-26T20:07:29.000Z,1790453249.000,32.65020979,-117.205392229,6.336,231.162,228.106,-21.727,2.523,-749,,1,6.095,282.145
2026-09-26T20:07:30.000Z,1790453250.000,32.6501926,-117.205421758,6.5,238.565,231.871,-18.739,4.239,-750,,1,6.429,279.627
2026-09-26T20:07:31.000Z,1790453251.000,32.650177231,-117.205451719,6.256,237.738,228.231,-15.769,4.45,-751,,1,6.172,276.972
2026-09-26T20:07:32.000Z,1790453252.000,32.650160411,-117.205479549,6.035,235.746,226.604,-17.336,5.525,-752,,1,5.913,274.318
2026-09-26T20:07:33.000Z,1790453253.000,32.650144061,-117.205506513,6.134,237.148,230.5,-23.709,0.485,-753,,1,6.038,271.962
2026-09-26T20:07:34.000Z,1790453254.000,32.650131458,-117.205533031,5.477,240.748,231.545,-18.177,4.635,-754,,1,5.44,269.902
2026-09-26T20:07:35.000Z,1790453255.000,32.65011904,-117.20555758,5.02,235.526,225.46,-17.09,8.94,-755,,1,4.911,267.624
2026-09-26T20:07:36.000Z,1790453256.000,32.650106161,-117.205581563,5.406,244.265,231.628,-20.683,5.087,-756,,1,5.397,265.816
2026-09-26T20:07:37.000Z,1790453257.000,32.650093791,-117.205610152,6,239.251,231.6,-17.101,4.939,-757,,1,5.938,263.672
2026-09-26T20:07:38.000Z,1790453258.000,32.650080309,-117.205639077,6.04,241.472,231.585,-15.164,3.981,-758,,1,6.006,261.402
2026-09-26T20:07:39.000Z,1790453259.000,32.650065218,-117.205667471,6.272,235.378,230.683,-16.683,1.128,-759,,1,6.129,258.938
2026-09-26T20:07:40.000Z,1790453260.000,32.650049974,-117.205695051,6.439,232.851,231.039,-14.047,4.96,-760,,1,6.223,256.538
2026-09-26T20:07:41.000Z,1790453261.000,32.650034051,-117.205722293,5.767,235.222,229,-13.072,5.706,-761,,1,5.628,253.972
2026-09-26T20:07:42.000Z,1790453262.000,32.650018979,-117.205749606,5.666,242.266,229.672,-13.043,2.025,-762,,1,5.639,251.611
2026-09-26T20:07:43.000Z,1790453263.000,32.650004521,-117.205775856,5.888,233.97,227.25,-16.476,2.51,-763,,1,5.711,249.217
2026-09-26T20:07:44.000Z,1790453264.000,32.6499904,-117.205801229,5.357,233.771,227.086,-16.571,4.986,-764,,1,5.19,246.978
2026-09-26T20:07:45.000Z,1790453265.000,32.649977832,-117.205826882,5.468,243.786,229.8,-16.591,3.727,-765,,1,5.452,245.011
2026-09-26T20:07:46.000Z,1790453266.000,32.649965324,-117.205854212,5.837,241.457,231.569,-16.734,4.275,-766,,1,5.797,242.969
2026-09-26T20:07:47.000Z,1790453267.000,32.649952281,-117.205880967,5.406,242.178,229.565,-14.041,4.17,-767,,1,5.375,240.722
2026-09-26T20:07:48.000Z,1790453268.000,32.649936578,-117.20590703,5.8,231.494,226.072,-14.385,3.704,-768,,1,5.549,238.162
2026-09-26T20:07:49.000Z,1790453269.000,32.649920038,-117.205931454,5.769,231.146,223.846,-10.931,7.762,-769,,1,5.504,235.619
2026-09-26T20:07:50.000Z,1790453270.000,32.649900728,-117.205956184,6.029,229.673,224.494,-17.688,2.227,-770,,1,5.698,232.88
2026-09-26T20:07:51.000Z,1790453271.000,32.649882,-117.205981633,6.4,233.467,226.2,-21.633,2.067,-771,,1,6.169,230.221
2026-09-26T20:07:52.000Z,1790453272.000,32.64986496,-117.206008522,6.187,230.875,227.022,-20.655,3.694,-772,,1,5.879,227.667
2026-09-26T20:07:53.000Z,1790453273.000,32.649849382,-117.206036424,5.658,238.511,227.826,-19.224,8.508,-773,,1,5.561,225.238
2026-09-26T20:07:54.000Z,1790453274.000,32.649837438,-117.206063738,5.308,244.406,234.346,-19.585,2.331,-774,,1,5.29,223.466
2026-09-26T20:07:55.000Z,1790453275.000,32.649831763,-117.206090669,4.833,263.81,248.151,-16.596,3.269,-775,,1,4.669,222.843
2026-09-26T20:07:56.000Z,1790453276.000,32.649834223,-117.206116133,4.568,287.463,264.012,-13.673,0.987,-776,,1,3.551,223.445
2026-09-26T20:07:57.000Z,1790453277.000,32.649844736,-117.206137666,4.611,306.472,282.975,4.294,-0.306,-777,,1,2.408,225.408
2026-09-26T20:07:58.000Z,1790453278.000,32.649857235,-117.206155455,4.47,312.056,296.203,4.364,4.188,-778,,1,1.921,227.279
2026-09-26T20:07:59.000Z,1790453279.000,32.649872493,-117.206171092,4.335,319.245,304.348,14.795,5.75,-779,,1,1.329,229.079
2026-09-26T20:08:00.000Z,1790453280.000,32.64988887,-117.206185436,4.403,320.722,308.878,24.437,3.134,-780,,1,1.212,230.739
2026-09-26T20:08:01.000Z,1790453281.000,32.649904349,-117.20620007,4.463,324,306.61,26.387,3.699,-781,,1,0.956,231.774
2026-09-26T20:08:02.000Z,1790453282.000,32.649918754,-117.206216343,4.17,312.487,304.607,25.27,6.568,-782,,1,1.666,232.665
2026-09-26T20:08:03.000Z,1790453283.000,32.649932202,-117.206235655,4.664,303.406,304.072,22.947,3.889,-783,,1,2.491,233.48
2026-09-26T20:08:04.000Z,1790453284.000,32.649946059,-117.206257127,4.988,305.259,302,17.263,4.997,-784,,1,2.5,234.154
2026-09-26T20:08:05.000Z,1790453285.000,32.649962082,-117.206277725,5.224,311.849,301.562,15.581,5.495,-785,,1,2.048,235.21
2026-09-26T20:08:06.000Z,1790453286.000,32.649981211,-117.206295348,5.434,323.505,308.156,19.258,4.242,-786,,1,1.032,237.228
2026-09-26T20:08:07.000Z,1790453287.000,32.650000491,-117.206313927,5.364,321.322,306.622,16.003,6.311,-787,,1,1.178,238.605
2026-09-26T20:08:08.000Z,1790453288.000,32.650021115,-117.206334141,5.737,318.654,306.386,17.286,2.351,-788,,1,1.473,240.175
2026-09-26T20:08:09.000Z,1790453289.000,32.65004204,-117.206355081,6.059,317.268,304.564,15.055,4.813,-789,,1,1.647,241.633
2026-09-26T20:08:10.000Z,1790453290.000,32.650064698,-117.20637414,6.033,327.507,303.15,12.566,4.516,-790,,1,0.529,243.359
2026-09-26T20:08:11.000Z,1790453291.000,32.650088793,-117.206390204,5.7,331.679,304.795,11.093,4.611,-791,,1,0.033,245.563
2026-09-26T20:08:12.000Z,1790453292.000,32.650112232,-117.206405585,5.735,329.536,307.853,14.088,3.017,-792,,1,0.196,247.826
2026-09-26T20:08:13.000Z,1790453293.000,32.650133587,-117.20642171,5.43,327.596,306.008,13.03,6.01,-793,,1,0.325,249.469
2026-09-26T20:08:14.000Z,1790453294.000,32.650154927,-117.206438316,5.474,321.751,311.668,18.797,1.681,-794,,1,0.835,251.668
2026-09-26T20:08:15.000Z,1790453295.000,32.65017455,-117.206459608,5.8,313.915,310.682,20.894,5.261,-795,,1,1.611,253.045
2026-09-26T20:08:16.000Z,1790453296.000,32.650192911,-117.206482894,5.972,310.842,306.532,24.211,3.353,-796,,1,1.918,253.989
2026-09-26T20:08:17.000Z,1790453297.000,32.650209044,-117.206508002,5.598,307.296,300.294,18.072,8.148,-797,,1,2.084,254.472
2026-09-26T20:08:18.000Z,1790453298.000,32.65022673,-117.206530175,5.165,310.808,300.406,22.642,1.703,-798,,1,1.585,255.702
2026-09-26T20:08:19.000Z,1790453299.000,32.65024393,-117.206551968,5.677,311.784,301.469,19.362,3.207,-799,,1,1.606,256.966
2026-09-26T20:08:20.000Z,1790453300.000,32.650262152,-117.206576018,6.207,309.803,302.165,19.465,1.407,-800,,1,1.909,258.243
2026-09-26T20:08:21.000Z,1790453301.000,32.650281233,-117.206598933,6.033,319.033,301.4,17,4.467,-801,,1,0.859,259.529
2026-09-26T20:08:22.000Z,1790453302.000,32.650303228,-117.206619246,6.035,329.838,304.056,19.352,2.262,-802,,1,-0.333,261.468
2026-09-26T20:08:23.000Z,1790453303.000,32.650325964,-117.206638541,6.19,324.72,305.369,11.104,5.769,-803,,1,0.153,263.408
2026-09-26T20:08:24.000Z,1790453304.000,32.650351492,-117.206654913,6.07,335.684,307.504,12.607,4.03,-804,,1,-1.066,265.791
2026-09-26T20:08:25.000Z,1790453305.000,32.650376167,-117.206668767,6.033,335.633,312.667,14.8,4.7,-805,,1,-1.109,268.382
2026-09-26T20:08:26.000Z,1790453306.000,32.650399806,-117.206683822,5.831,328.881,315.615,18.219,4.824,-806,,1,-0.442,270.654
2026-09-26T20:08:27.000Z,1790453307.000,32.650421508,-117.206702421,5.89,322.478,313.483,21.152,5.103,-807,,1,0.159,272.249
2026-09-26T20:08:28.000Z,1790453308.000,32.650442038,-117.206723849,5.789,318.287,311.34,23.479,4.972,-808,,1,0.528,273.633
2026-09-26T20:08:29.000Z,1790453309.000,32.650460492,-117.206745761,5.6,317.306,306.763,19.065,3.678,-809,,1,0.559,274.596
2026-09-26T20:08:30.000Z,1790453310.000,32.650479769,-117.206765404,5.4,320.78,307.71,19.69,2.88,-810,,1,0.167,276.131
2026-09-26T20:08:31.000Z,1790453311.000,32.650499187,-117.20678421,5.645,317.514,309.033,19.078,3.106,-811,,1,0.449,277.733
2026-09-26T20:08:32.000Z,1790453312.000,32.650519186,-117.206805089,5.767,317.617,306.93,18.359,3.945,-812,,1,0.398,279.076
2026-09-26T20:08:33.000Z,1790453313.000,32.650539822,-117.206826923,6.266,316.067,305.924,16.828,1.169,-813,,1,0.544,280.54
2026-09-26T20:08:34.000Z,1790453314.000,32.650561418,-117.206848021,6.324,325.156,306.19,14.062,3.093,-814,,1,-0.512,282.226
2026-09-26T20:08:35.000Z,1790453315.000,32.65058591,-117.206866373,5.887,331.034,308.526,15.839,3.687,-815,,1,-1.131,284.456
2026-09-26T20:08:36.000Z,1790453316.000,32.650610284,-117.206883079,6.3,329.294,312.1,17.135,3.396,-816,,1,-1.08,286.812
2026-09-26T20:08:37.000Z,1790453317.000,32.650634184,-117.206900323,5.833,330.194,309.562,13.366,6.261,-817,,1,-1.141,288.643
2026-09-26T20:08:38.000Z,1790453318.000,32.650659087,-117.206915817,5.908,327.492,313.03,18.358,2.755,-818,,1,-0.935,291.08
2026-09-26T20:08:39.000Z,1790453319.000,32.650682694,-117.206932855,6.032,324.961,314.435,21.606,1.439,-819,,1,-0.745,293.179
2026-09-26T20:08:40.000Z,1790453320.000,32.650704671,-117.206950296,5.732,325.245,312.32,19.927,3.162,-820,,1,-0.785,294.835
2026-09-26T20:08:41.000Z,1790453321.000,32.65072709,-117.206966399,5.8,328.898,315.194,26.654,2.718,-821,,1,-1.206,296.944
2026-09-26T20:08:42.000Z,1790453322.000,32.650747229,-117.206985706,5.547,323.164,310.01,20.71,7.587,-822,,1,-0.652,298.124
2026-09-26T20:08:43.000Z,1790453323.000,32.650768509,-117.207004768,5.73,322.66,308.438,24.1,2.102,-823,,1,-0.673,299.697
2026-09-26T20:08:44.000Z,1790453324.000,32.650789011,-117.207025757,6,314.645,307.179,25.218,1.761,-824,,1,0.08,301.153
2026-09-26T20:08:45.000Z,1790453325.000,32.650806648,-117.207050576,6,312.829,301.672,22.188,4.188,-825,,1,0.218,301.863
2026-09-26T20:08:46.000Z,1790453326.000,32.650821594,-117.207075475,5.438,300.764,289.126,18.325,6.67,-826,,1,1.29,301.706
2026-09-26T20:08:47.000Z,1790453327.000,32.650829838,-117.20710342,4.821,286.633,274.016,10.705,2.245,-827,,1,2.229,300.547
2026-09-26T20:08:48.000Z,1790453328.000,32.650831367,-117.207129391,4.734,267.175,258.373,0.536,0.034,-828,,1,3.453,298.777
2026-09-26T20:08:49.000Z,1790453329.000,32.650827155,-117.20715378,4.752,252.605,245.375,-5.164,2.172,-829,,1,4.17,296.772
2026-09-26T20:08:50.000Z,1790453330.000,32.65081877,-117.207176846,4.243,245.21,235.527,-12.916,5.598,-830,,1,3.953,294.674
2026-09-26T20:08:51.000Z,1790453331.000,32.650808032,-117.207197167,4.1,240.096,231.926,-20.021,5.594,-831,,1,3.937,292.776
2026-09-26T20:08:52.000Z,1790453332.000,32.650796596,-117.20721764,4.567,241.5,231.366,-25.405,1.902,-832,,1,4.351,290.945
2026-09-26T20:08:53.000Z,1790453333.000,32.650784967,-117.207240238,5.036,238.316,228.914,-22.159,5.344,-833,,1,4.874,288.951
2026-09-26T20:08:54.000Z,1790453334.000,32.650769258,-117.207263333,5.64,232.301,226,-26.319,1.9,-834,,1,5.577,286.501
2026-09-26T20:08:55.000Z,1790453335.000,32.650752594,-117.207286408,5.6,224.995,220.932,-24.102,3.996,-835,,1,5.599,283.891
2026-09-26T20:08:56.000Z,1790453336.000,32.650734202,-117.207308847,5.865,225.608,219.159,-24.248,5.433,-836,,1,5.862,281.239
2026-09-26T20:08:57.000Z,1790453337.000,32.650715362,-117.207331424,5.848,223.143,217.51,-22.867,6.414,-837,,1,5.847,278.543
2026-09-26T20:08:58.000Z,1790453338.000,32.650695929,-117.207355935,5.992,226.52,219.678,-23.022,4.212,-838,,1,5.984,275.835
2026-09-26T20:08:59.000Z,1790453339.000,32.650677528,-117.207381016,6.032,230.277,214.849,-17.732,5.883,-839,,1,5.993,273.031
2026-09-26T20:09:00.000Z,1790453340.000,32.650657334,-117.207403202,5.993,220.728,210.143,-20.393,3.057,-840,,1,5.984,270.155
2026-09-26T20:09:01.000Z,1790453341.000,32.650635449,-117.207425573,6.383,221.366,213.411,-22.411,3.127,-841,,1,6.378,267.252
2026-09-26T20:09:02.000Z,1790453342.000,32.650612698,-117.207450734,6.8,221.779,212.488,-16.328,6.435,-842,,1,6.796,264.094
2026-09-26T20:09:03.000Z,1790453343.000,32.650586749,-117.20747475,7.301,218.869,213.241,-22.438,3.359,-843,,1,7.274,260.667
2026-09-26T20:09:04.000Z,1790453344.000,32.650562472,-117.207501116,7.225,222.599,214.112,-20.051,6.287,-844,,1,7.223,257.35
2026-09-26T20:09:05.000Z,1790453345.000,32.650537904,-117.207526583,6.657,222.663,215.302,-24.703,4.127,-845,,1,6.655,254.038
2026-09-26T20:09:06.000Z,1790453346.000,32.650516178,-117.207550858,6.572,221.939,215.939,-24.343,3.435,-846,,1,6.568,251.049
2026-09-26T20:09:07.000Z,1790453347.000,32.650495376,-117.207575152,6.266,225.061,215.972,-21.848,4.409,-847,,1,6.264,248.143
2026-09-26T20:09:08.000Z,1790453348.000,32.650473875,-117.207600539,6.73,226.316,217.465,-22.002,4.26,-848,,1,6.723,245.168
2026-09-26T20:09:09.000Z,1790453349.000,32.650452064,-117.207627591,6.9,226.156,217.586,-20.114,2.7,-849,,1,6.894,242.077
2026-09-26T20:09:10.000Z,1790453350.000,32.650430393,-117.207654943,6.9,228.236,217.198,-17.665,4.636,-850,,1,6.879,238.978
2026-09-26T20:09:11.000Z,1790453351.000,32.650408049,-117.20768195,6.9,225.805,216.135,-18.068,1.767,-851,,1,6.896,235.801
2026-09-26T20:09:12.000Z,1790453352.000,32.650385877,-117.207707,6.763,223.184,215.992,-22.117,4.094,-852,,1,6.762,232.724
2026-09-26T20:09:13.000Z,1790453353.000,32.650364597,-117.207733292,6.47,225.854,217.121,-19.635,3.892,-853,,1,6.465,229.736
2026-09-26T20:09:14.000Z,1790453354.000,32.650343693,-117.207758409,6.501,225.631,219.634,-18.899,5.397,-854,,1,6.497,226.865
2026-09-26T20:09:15.000Z,1790453355.000,32.650323187,-117.207785107,6.466,226.44,219.399,-18.831,5.962,-855,,1,6.458,223.912
2026-09-26T20:09:16.000Z,1790453356.000,32.650303053,-117.207812488,6.637,231.347,219.061,-17.186,5.378,-856,,1,6.575,220.975
2026-09-26T20:09:17.000Z,1790453357.000,32.650282051,-117.207840011,6.6,227.501,219.775,-21.156,4.712,-857,,1,6.583,217.973
2026-09-26T20:09:18.000Z,1790453358.000,32.650263373,-117.207867824,6.5,233.105,221.634,-20.767,6.861,-858,,1,6.405,215.245
2026-09-26T20:09:19.000Z,1790453359.000,32.650245492,-117.207894557,5.926,230.202,220.301,-17.889,5.659,-859,,1,5.882,212.533
2026-09-26T20:09:20.000Z,1790453360.000,32.650225888,-117.207920982,6.359,229.6,224.065,-21.371,-0.176,-860,,1,6.317,209.814
2026-09-26T20:09:21.000Z,1790453361.000,32.650207657,-117.207949192,6.906,233.156,224.844,-16.769,5.307,-861,,1,6.796,207.092
2026-09-26T20:09:22.000Z,1790453362.000,32.650188074,-117.207977657,6.699,229.501,222.765,-17.663,4.572,-862,,1,6.654,204.119
2026-09-26T20:09:23.000Z,1790453363.000,32.65016873,-117.208005356,6.164,226.363,217.914,-14.026,10.295,-863,,1,6.153,201.118
2026-09-26T20:09:24.000Z,1790453364.000,32.650148195,-117.208033174,6.5,233.635,224.329,-21.907,1.615,-864,,1,6.379,198.338
2026-09-26T20:09:25.000Z,1790453365.000,32.650130425,-117.208060723,6.871,230.425,222.535,-21.032,2.143,-865,,1,6.805,195.594
2026-09-26T20:09:26.000Z,1790453366.000,32.650112688,-117.208088025,6.564,231.679,222.221,-17.729,3.803,-866,,1,6.477,192.913
2026-09-26T20:09:27.000Z,1790453367.000,32.650094007,-117.208115828,6.538,228.905,220.612,-18.523,4.812,-867,,1,6.493,190.075
2026-09-26T20:09:28.000Z,1790453368.000,32.650073713,-117.208143813,6.492,228.11,217.592,-17.364,7.573,-868,,1,6.457,187.026
2026-09-26T20:09:29.000Z,1790453369.000,32.650052546,-117.208169859,6.5,226.116,217.73,-15.33,5.512,-869,,1,6.484,184.033
2026-09-26T20:09:30.000Z,1790453370.000,32.650031051,-117.208196228,6.761,229.329,220.084,-18.839,4.13,-870,,1,6.706,181.059
2026-09-26T20:09:31.000Z,1790453371.000,32.650009981,-117.208225398,6.828,230.675,220.412,-17.072,4.231,-871,,1,6.747,177.991
2026-09-26T20:09:32.000Z,1790453372.000,32.64999031,-117.208252002,6.4,228.107,217.392,-15.785,6.472,-872,,1,6.361,175.049
2026-09-26T20:09:33.000Z,1790453373.000,32.6499709,-117.208276867,6.133,228.633,217.933,-16.1,3.8,-873,,1,6.088,172.287
2026-09-26T20:09:34.000Z,1790453374.000,32.649951846,-117.208301637,6.229,227.707,216.135,-16.806,3.135,-874,,1,6.194,169.503
2026-09-26T20:09:35.000Z,1790453375.000,32.649931322,-117.208326958,6.513,230.22,217.796,-16.558,3.167,-875,,1,6.437,166.639
2026-09-26T20:09:36.000Z,1790453376.000,32.649910998,-117.208351102,6.236,222.4,212.654,-12.955,9.178,-876,,1,6.236,163.664
2026-09-26T20:09:37.000Z,1790453377.000,32.649887522,-117.208375673,7.1,224.513,219.025,-17.838,1.859,-877,,1,7.09,160.623
2026-09-26T20:09:38.000Z,1790453378.000,32.649865469,-117.208405175,7.363,229.698,221.385,-13.885,4.36,-878,,1,7.282,157.503
2026-09-26T20:09:39.000Z,1790453379.000,32.649843144,-117.208436263,7.289,230.167,222.663,-15.674,2.193,-879,,1,7.195,154.278
2026-09-26T20:09:40.000Z,1790453380.000,32.649823492,-117.208465626,6.868,232.009,222.158,-12.903,4.237,-880,,1,6.736,151.328
2026-09-26T20:09:41.000Z,1790453381.000,32.649805298,-117.208491808,6.089,232.119,220.097,-12.682,5.434,-881,,1,5.966,148.576
2026-09-26T20:09:42.000Z,1790453382.000,32.649787487,-117.208515035,5.438,227.165,216.089,-12.641,3.508,-882,,1,5.402,145.905
2026-09-26T20:09:43.000Z,1790453383.000,32.649768805,-117.20853731,6,223.385,215.807,-12.769,1.278,-883,,1,5.993,143.273
2026-09-26T20:09:44.000Z,1790453384.000,32.64974952,-117.208559716,6.2,224.272,215.733,-10.867,5.795,-884,,1,6.186,140.58
2026-09-26T20:09:45.000Z,1790453385.000,32.649727901,-117.208584132,6.737,224.69,217.77,-17.454,2.027,-885,,1,6.717,137.635
2026-09-26T20:09:46.000Z,1790453386.000,32.649706184,-117.208610753,6.612,225.58,217.054,-17.171,5.421,-886,,1,6.583,134.544
2026-09-26T20:09:47.000Z,1790453387.000,32.649684527,-117.208637893,6.763,227.431,216.195,-13.095,5.2,-887,,1,6.708,131.441
2026-09-26T20:09:48.000Z,1790453388.000,32.649661367,-117.2086636,6.867,223.667,215.6,-18.767,2.3,-888,,1,6.853,128.229
2026-09-26T20:09:49.000Z,1790453389.000,32.649638144,-117.208689178,7.293,222.15,215.58,-22.771,2.239,-889,,1,7.288,125.028
2026-09-26T20:09:50.000Z,1790453390.000,32.649614864,-117.208715778,6.657,224.397,216.856,-23.929,6.057,-890,,1,6.636,121.823
2026-09-26T20:09:51.000Z,1790453391.000,32.649593042,-117.208741838,6.532,226.673,218.28,-23.156,2.579,-891,,1,6.482,118.795
2026-09-26T20:09:52.000Z,1790453392.000,32.649573132,-117.208767658,6.4,227.163,216.539,-18.268,4.137,-892,,1,6.342,115.891
2026-09-26T20:09:53.000Z,1790453393.000,32.649553421,-117.208792157,5.989,227.079,213.108,-12.782,5.462,-893,,1,5.935,113.013
2026-09-26T20:09:54.000Z,1790453394.000,32.649531573,-117.208816647,6.393,224.211,216.855,-16.042,0.286,-894,,1,6.368,110.077
2026-09-26T20:09:55.000Z,1790453395.000,32.649510282,-117.208841796,6.9,226.136,216.129,-15.2,2.271,-895,,1,6.847,107.075
2026-09-26T20:09:56.000Z,1790453396.000,32.649488406,-117.208866771,6.689,224.637,215.332,-17.929,5.816,-896,,1,6.655,104.015
2026-09-26T20:09:57.000Z,1790453397.000,32.649466841,-117.208892744,6.376,223.316,212.505,-11.362,7.546,-897,,1,6.357,100.916
2026-09-26T20:09:58.000Z,1790453398.000,32.649443523,-117.208915845,6.437,221.142,212.4,-12.774,2.4,-898,,1,6.431,97.775
2026-09-26T20:09:59.000Z,1790453399.000,32.649420926,-117.208938141,6.533,219.766,212.602,-14.534,2.731,-899,,1,6.532,94.741
2026-09-26T20:10:00.000Z,1790453400.000,32.649399252,-117.208959748,6.135,219.906,212.641,-12.553,5.052,-900,,1,6.134,91.821
2026-09-26T20:10:01.000Z,1790453401.000,32.649376506,-117.208981407,6.086,220.799,214.284,-17.786,2.874,-901,,1,6.082,88.82
2026-09-26T20:10:02.000Z,1790453402.000,32.649355704,-117.209005147,6.468,227.314,217.573,-16.373,4.754,-902,,1,6.388,86.01
2026-09-26T20:10:03.000Z,1790453403.000,32.649335286,-117.209032585,6.834,228.34,216.665,-13.134,5.332,-903,,1,6.722,83.028
2026-09-26T20:10:04.000Z,1790453404.000,32.649313037,-117.209058041,6.952,223.422,213.309,-20.561,3.928,-904,,1,6.92,79.855
2026-09-26T20:10:05.000Z,1790453405.000,32.649290374,-117.209084424,6.671,226.789,213.245,-16.771,6.471,-905,,1,6.585,76.689
2026-09-26T20:10:06.000Z,1790453406.000,32.649267322,-117.209108313,6.497,220.944,212.426,-17.726,3.215,-906,,1,6.485,73.539
2026-09-26T20:10:07.000Z,1790453407.000,32.649244653,-117.209130576,6.3,221.747,213.371,-17.665,2.371,-907,,1,6.281,70.513
2026-09-26T20:10:08.000Z,1790453408.000,32.649222606,-117.209153094,6.526,221.51,213.063,-14.326,3.334,-908,,1,6.507,67.519
2026-09-26T20:10:09.000Z,1790453409.000,32.649199167,-117.209176455,6.569,218.339,210.436,-12.378,5.858,-909,,1,6.568,64.311
2026-09-26T20:10:10.000Z,1790453410.000,32.649174434,-117.20919844,6.9,219.555,212.023,-18.227,3.635,-910,,1,6.894,61.085
2026-09-26T20:10:11.000Z,1790453411.000,32.649150252,-117.209221823,6.724,218.542,211.749,-17.935,4.045,-911,,1,6.722,57.842
2026-09-26T20:10:12.000Z,1790453412.000,32.649126554,-117.209245117,6.527,219.038,214.227,-17.323,2.893,-912,,1,6.522,54.709
2026-09-26T20:10:13.000Z,1790453413.000,32.649104315,-117.209269628,6.694,221.494,213.148,-15.843,4.466,-913,,1,6.668,51.62
2026-09-26T20:10:14.000Z,1790453414.000,32.6490813,-117.209293438,6.702,217.769,210.536,-14.611,6.264,-914,,1,6.7,48.443
2026-09-26T20:10:15.000Z,1790453415.000,32.649058846,-117.209317049,6.435,224.619,212.516,-7.608,7.435,-915,,1,6.359,45.419
2026-09-26T20:10:16.000Z,1790453416.000,32.649034104,-117.209340271,6.488,217.546,211.088,-9.99,3.493,-916,,1,6.485,42.099
2026-09-26T20:10:17.000Z,1790453417.000,32.649010179,-117.209362621,6.668,221.24,214.971,-16.629,1.282,-917,,1,6.63,38.999
2026-09-26T20:10:18.000Z,1790453418.000,32.6489888,-117.209386229,6.237,225.32,215.737,-17.788,3.649,-918,,1,6.123,36.069
2026-09-26T20:10:19.000Z,1790453419.000,32.648969389,-117.209410049,5.961,227.897,213.97,-13.28,4.507,-919,,1,5.775,33.282
2026-09-26T20:10:20.000Z,1790453420.000,32.648948959,-117.209433017,6.169,223.772,212.122,-11.984,2.903,-920,,1,6.057,30.414
2026-09-26T20:10:21.000Z,1790453421.000,32.648928741,-117.209454959,5.766,219.331,211.498,-9.933,7.039,-921,,1,5.718,27.625
2026-09-26T20:10:22.000Z,1790453422.000,32.648906834,-117.209476748,5.962,216.248,208.073,-5.153,6.477,-922,,1,5.942,24.619
2026-09-26T20:10:23.000Z,1790453423.000,32.648881172,-117.20949769,7.115,217.616,211.942,-11.034,-1.027,-923,,1,7.056,21.36
2026-09-26T20:10:24.000Z,1790453424.000,32.648856728,-117.209520685,6.708,216.792,209.117,-6.994,7.181,-924,,1,6.653,18.057
2026-09-26T20:10:25.000Z,1790453425.000,32.64883194,-117.209541933,6.232,216.029,207.405,-7.878,3.29,-925,,1,6.178,14.793
2026-09-26T20:10:26.000Z,1790453426.000,32.648809022,-117.209561166,5.841,213.873,208.783,-9.948,3.023,-926,,1,5.789,11.83
2026-09-26T20:10:27.000Z,1790453427.000,32.648787539,-117.209580305,6.1,213.297,211.658,-9.186,3.33,-927,,1,5.967,9.049
2026-09-26T20:10:28.000Z,1790453428.000,32.648766699,-117.209599438,5.735,219.679,213.978,-12.162,4.595,-928,,1,5.086,6.337
2026-09-26T20:10:29.000Z,1790453429.000,32.64874745,-117.209622441,6.032,228.225,221.425,-12.572,3.143,-929,,1,2.61,3.833
2026-09-26T20:10:30.000Z,1790453430.000,32.648730144,-117.209647371,5.912,230.526,216.773,-8.364,7.115,-930,,1,-1.625,1.141
2026-09-26T20:10:31.000Z,1790453431.000,32.648709163,-117.209668981,5.97,213.745,198.47,0.63,4.867,-931,,2,-1.654,1.916
2026-09-26T20:10:32.000Z,1790453432.000,32.648684881,-117.209679812,5.677,192.846,176.048,1.126,5.641,-932,,2,0.469,4.469
2026-09-26T20:10:33.000Z,1790453433.000,32.648658134,-117.209678074,5.7,170.208,154.824,-1.668,3.796,-933,,2,2.616,6.34
2026-09-26T20:10:34.000Z,1790453434.000,32.648631878,-117.209668639,6.05,157.552,139.914,3.637,4.9,-934,,2,3.883,7.924
2026-09-26T20:10:35.000Z,1790453435.000,32.648605577,-117.209651406,6.669,146.347,131.478,2.324,2.576,-935,,2,5.189,9.615
2026-09-26T20:10:36.000Z,1790453436.000,32.648582285,-117.20962925,6.434,136.597,125.495,-1.263,4.366,-936,,2,5.616,10.997
2026-09-26T20:10:37.000Z,1790453437.000,32.648563527,-117.209602747,6.438,125.321,116.031,-0.141,4.476,-937,,2,6.125,11.481
2026-09-26T20:10:38.000Z,1790453438.000,32.648546224,-117.209576592,6.112,128.88,113.771,9.503,4.2,-938,,2,5.686,12.387
2026-09-26T20:10:39.000Z,1790453439.000,32.648532855,-117.209549435,5.463,118.76,113.006,-3.525,3.711,-939,,2,5.354,12.967
2026-09-26T20:10:40.000Z,1790453440.000,32.648518683,-117.209523393,5.932,125.117,113.898,-4.837,4.035,-940,,2,5.648,13.798
2026-09-26T20:10:41.000Z,1790453441.000,32.648501853,-117.20949751,5.836,127.177,115.788,-0.76,3.992,-941,,2,5.487,14.995
2026-09-26T20:10:42.000Z,1790453442.000,32.648485602,-117.209468968,6.6,123.666,114.753,2.535,4.129,-942,,2,6.331,15.82
2026-09-26T20:10:43.000Z,1790453443.000,32.648470514,-117.209439459,6.098,118.029,116.604,0.494,5.198,-943,,2,5.99,16.725
2026-09-26T20:10:44.000Z,1790453444.000,32.648455744,-117.209411133,5.735,126.003,121.184,-4.028,4.331,-944,,2,5.428,17.847
2026-09-26T20:10:45.000Z,1790453445.000,32.648438239,-117.209387928,5.488,131.451,122.5,2.526,4.65,-945,,2,5.001,19.143
2026-09-26T20:10:46.000Z,1790453446.000,32.648421325,-117.209364427,5.5,132.624,120.051,-1.479,4.03,-946,,2,4.963,20.072
2026-09-26T20:10:47.000Z,1790453447.000,32.648404406,-117.209340609,5.666,135.021,115.635,-1.234,4.032,-947,,2,5.006,20.832
2026-09-26T20:10:48.000Z,1790453448.000,32.64838847,-117.2093157,5.513,123.358,110.825,2.457,3.762,-948,,2,5.292,21.422
2026-09-26T20:10:49.000Z,1790453449.000,32.64837325,-117.209287514,6.3,122.963,110.037,0.66,4.426,-949,,2,6.058,22.167
2026-09-26T20:10:50.000Z,1790453450.000,32.648356557,-117.209259248,6.218,127.503,110.993,3.807,4.245,-950,,2,5.824,23.207
2026-09-26T20:10:51.000Z,1790453451.000,32.648341159,-117.209230651,6.532,121.715,111.332,1.404,4.072,-951,,2,6.317,24.05
2026-09-26T20:10:52.000Z,1790453452.000,32.648326875,-117.20920288,6.27,122.586,111.326,-5.222,4.809,-952,,2,6.038,24.771
2026-09-26T20:10:53.000Z,1790453453.000,32.648310389,-117.209176255,5.916,126.551,112.671,2.105,4.213,-953,,2,5.572,25.867
2026-09-26T20:10:54.000Z,1790453454.000,32.648294754,-117.209148849,6.073,123.614,111.741,2.223,4.077,-954,,2,5.816,26.667
2026-09-26T20:10:55.000Z,1790453455.000,32.648280824,-117.209121515,6.001,119.901,113.035,-3.562,4.33,-955,,2,5.846,27.468
2026-09-26T20:10:56.000Z,1790453456.000,32.648266405,-117.209095503,5.664,121.415,112.215,3.777,5.1,-956,,2,5.482,28.188
2026-09-26T20:10:57.000Z,1790453457.000,32.648253738,-117.209067482,5.931,115.697,110.669,0.592,4.469,-957,,2,5.86,28.606
2026-09-26T20:10:58.000Z,1790453458.000,32.648242314,-117.209039251,5.732,113.522,112.265,1.038,3.973,-958,,2,5.693,29.14
2026-09-26T20:10:59.000Z,1790453459.000,32.648230484,-117.209010006,6.268,115.52,111.7,-4.264,4.094,-959,,2,6.195,29.514
2026-09-26T20:11:00.000Z,1790453460.000,32.648216418,-117.20898085,6.086,120.52,111,-0.394,3.988,-960,,2,5.912,30.116
2026-09-26T20:11:01.000Z,1790453461.000,32.648201427,-117.208951853,6.476,118.735,110.215,3.024,3.331,-961,,2,6.335,30.814
2026-09-26T20:11:02.000Z,1790453462.000,32.648185118,-117.208923304,6.233,123.1,110.1,1.958,3.998,-962,,2,5.98,31.719
2026-09-26T20:11:03.000Z,1790453463.000,32.648169741,-117.208894334,6.3,121.716,109.826,-3.068,4.026,-963,,2,6.085,32.499
2026-09-26T20:11:04.000Z,1790453464.000,32.648153346,-117.20886643,6.38,125.323,109.321,2.694,5.639,-964,,2,6.045,33.4
2026-09-26T20:11:05.000Z,1790453465.000,32.648138728,-117.208839264,5.535,120.973,107.107,4.621,5,-965,,2,5.362,33.994
2026-09-26T20:11:06.000Z,1790453466.000,32.648126133,-117.208812947,5.581,119.374,104.99,1.11,4.902,-966,,2,5.444,34.406
2026-09-26T20:11:07.000Z,1790453467.000,32.648114887,-117.208786498,5.5,114.773,103.177,1.261,4.863,-967,,2,5.444,34.697
2026-09-26T20:11:08.000Z,1790453468.000,32.648103787,-117.208757193,5.765,110.033,101.798,2.906,-0.328,-968,,2,5.755,34.926
2026-09-26T20:11:09.000Z,1790453469.000,32.648094724,-117.208725524,6.2,105.694,100.657,2.082,-0.757,-969,,2,6.199,34.891
2026-09-26T20:11:10.000Z,1790453470.000,32.648085921,-117.208691422,6.581,107.789,103.944,-0.242,0.154,-970,,2,6.579,35.117
2026-09-26T20:11:11.000Z,1790453471.000,32.648075916,-117.208657548,6.38,111.402,108.821,-3.197,-0.039,-971,,2,6.357,35.607
2026-09-26T20:11:12.000Z,1790453472.000,32.648063676,-117.208625289,6.468,115.934,110.864,1.067,-0.835,-972,,2,6.382,36.15
2026-09-26T20:11:13.000Z,1790453473.000,32.648050087,-117.208595607,6.334,118.638,112.196,1.34,-0.9,-973,,2,6.193,36.851
2026-09-26T20:11:14.000Z,1790453474.000,32.64803539,-117.208567188,6.038,121.478,112.723,-2.839,-0.27,-974,,2,5.834,37.64
2026-09-26T20:11:15.000Z,1790453475.000,32.648018227,-117.208539821,6.4,128.969,113.116,-0.956,-0.07,-975,,2,5.913,38.71
2026-09-26T20:11:16.000Z,1790453476.000,32.647998685,-117.208511495,6.768,129.411,112.9,0.496,-0.696,-976,,2,6.231,39.955
2026-09-26T20:11:17.000Z,1790453477.000,32.647979104,-117.208480963,7.037,124.784,110.237,1.346,0.04,-977,,2,6.678,40.943
2026-09-26T20:11:18.000Z,1790453478.000,32.647959728,-117.208449716,7.344,126.896,110.746,4.554,-0.4,-978,,2,6.877,42.146
2026-09-26T20:11:19.000Z,1790453479.000,32.647941343,-117.208417295,6.769,122.128,110.2,-1.124,-0.092,-979,,2,6.513,43.125
2026-09-26T20:11:20.000Z,1790453480.000,32.64792539,-117.208384677,6.602,118.273,109.366,0.433,-0.966,-980,,2,6.458,43.817
2026-09-26T20:11:21.000Z,1790453481.000,32.647911214,-117.208351125,6.795,116.108,108.441,0.146,-0.441,-981,,2,6.695,44.288
2026-09-26T20:11:22.000Z,1790453482.000,32.64789827,-117.208317982,6.639,113.653,108.078,2.406,-0.116,-982,,2,6.584,44.685
2026-09-26T20:11:23.000Z,1790453483.000,32.647885463,-117.208284784,6.531,115.751,108.5,3.739,-1,-983,,2,6.441,45.129
2026-09-26T20:11:24.000Z,1790453484.000,32.647873504,-117.208252311,6.4,114.336,108.566,0.634,-1.033,-984,,2,6.336,45.476
2026-09-26T20:11:25.000Z,1790453485.000,32.647860213,-117.20822128,6.462,118.207,108.415,-1.361,0.085,-985,,2,6.32,45.987
2026-09-26T20:11:26.000Z,1790453486.000,32.647844817,-117.208189463,6.7,119.141,109.241,2.63,-0.766,-986,,2,6.529,46.778
2026-09-26T20:11:27.000Z,1790453487.000,32.647829763,-117.208157677,6.496,116.643,108.064,0.36,-0.468,-987,,2,6.387,47.371
2026-09-26T20:11:28.000Z,1790453488.000,32.647815866,-117.208125644,6.562,116.686,107.173,3.662,-0.324,-988,,2,6.451,47.857
2026-09-26T20:11:29.000Z,1790453489.000,32.647803675,-117.208095568,5.655,117.206,105.955,2.727,0.918,-989,,2,5.55,48.193
2026-09-26T20:11:30.000Z,1790453490.000,32.647791678,-117.208066764,5.723,115.471,105.477,2.377,-2.223,-990,,2,5.647,48.603
2026-09-26T20:11:31.000Z,1790453491.000,32.647779851,-117.208040503,5.8,120.438,103.492,0.444,-2.456,-991,,2,5.619,48.947
2026-09-26T20:11:32.000Z,1790453492.000,32.647766865,-117.208013582,5.694,121.945,102.719,0.274,0.813,-992,,2,5.476,49.493
2026-09-26T20:11:33.000Z,1790453493.000,32.647753508,-117.207984588,5.939,115.782,104.261,1.508,-0.488,-993,,2,5.853,50.206
2026-09-26T20:11:34.000Z,1790453494.000,32.647741459,-117.207953077,6.231,110.251,103.706,0.547,-1.7,-994,,2,6.215,50.539
2026-09-26T20:11:35.000Z,1790453495.000,32.647733108,-117.207920933,6.366,105.232,99.071,1.335,-0.231,-995,,2,6.366,50.134
2026-09-26T20:11:36.000Z,1790453496.000,32.647729976,-117.207890348,5.338,94.376,93.071,1.633,-0.2,-996,,2,5.227,49.117
2026-09-26T20:11:37.000Z,1790453497.000,32.647731053,-117.207861359,5.162,82.102,85.378,2.286,-0.684,-997,,2,4.715,47.585
2026-09-26T20:11:38.000Z,1790453498.000,32.647734503,-117.207834973,4.833,81.031,76.927,0.53,-0.6,-998,,2,4.375,45.855
2026-09-26T20:11:39.000Z,1790453499.000,32.647736,-117.207808889,4.9,88.447,77.525,-3.01,0.266,-999,,2,4.666,44.995
2026-09-26T20:11:40.000Z,1790453500.000,32.647733734,-117.207780204,5.317,97.454,81.51,3.8,-1.239,-1000,,2,5.255,44.702
2026-09-26T20:11:41.000Z,1790453501.000,32.647730886,-117.207748681,6.107,96.131,82.883,4.042,-0.383,-1001,,2,6.012,44.206
2026-09-26T20:11:42.000Z,1790453502.000,32.647728301,-117.207716489,6,94.995,81.499,0.808,-0.529,-1002,,2,5.885,43.461
2026-09-26T20:11:43.000Z,1790453503.000,32.647726877,-117.207685032,5.646,94.54,78.563,1.546,0.663,-1003,,2,5.527,42.504
2026-09-26T20:11:44.000Z,1790453504.000,32.647727714,-117.207654613,5.044,86.081,74.988,1.858,0.814,-1004,,2,4.733,41.3
2026-09-26T20:11:45.000Z,1790453505.000,32.647729768,-117.207626154,5.24,87.993,73.032,-3.571,0.808,-1005,,2,4.973,40.139
2026-09-26T20:11:46.000Z,1790453506.000,32.647730732,-117.207595808,5.666,89.084,75.328,-0.276,-0.206,-1006,,2,5.41,39.327
2026-09-26T20:11:47.000Z,1790453507.000,32.647731948,-117.207563662,6.238,87.662,76.196,-1.466,-0.272,-1007,,2,5.907,38.342
2026-09-26T20:11:48.000Z,1790453508.000,32.647734919,-117.207527598,6.88,82.569,76.151,-4.149,-0.13,-1008,,2,6.29,36.996
2026-09-26T20:11:49.000Z,1790453509.000,32.647738,-117.207490033,6.667,84.333,78.133,-1.333,-0.533,-1009,,2,6.174,35.738
2026-09-26T20:11:50.000Z,1790453510.000,32.647739986,-117.207452752,6.6,87.161,80.714,-2.01,0.31,-1010,,2,6.226,34.649
2026-09-26T20:11:51.000Z,1790453511.000,32.6477409,-117.20741617,6.548,90.918,81.86,-2.448,0.403,-1011,,2,6.306,33.593
2026-09-26T20:11:52.000Z,1790453512.000,32.647741538,-117.207379727,6.469,88.636,81.493,-4.893,-0.247,-1012,,2,6.154,32.46
2026-09-26T20:11:53.000Z,1790453513.000,32.647741533,-117.207343812,6.733,89.325,80.867,-5.532,-0.567,-1013,,2,6.428,31.391
2026-09-26T20:11:54.000Z,1790453514.000,32.647740576,-117.207307359,6.511,94.249,80.565,-6.505,-0.476,-1014,,2,6.358,30.432
2026-09-26T20:11:55.000Z,1790453515.000,32.647737507,-117.207270429,6.8,95.807,82.793,-2.411,-0.448,-1015,,2,6.678,29.867
2026-09-26T20:11:56.000Z,1790453516.000,32.647734121,-117.207234307,6.658,97.374,84.479,-3.468,-1.305,-1016,,2,6.57,29.321
2026-09-26T20:11:57.000Z,1790453517.000,32.647730004,-117.207199723,6.299,100.432,83.901,-2.266,0.604,-1017,,2,6.261,28.728
2026-09-26T20:11:58.000Z,1790453518.000,32.64772538,-117.207165286,6.314,98.9,84.266,-1.29,0.114,-1018,,2,6.255,28.264
2026-09-26T20:11:59.000Z,1790453519.000,32.647721416,-117.207129058,6.631,96.367,83.462,0.145,0.231,-1019,,2,6.522,27.591
2026-09-26T20:12:00.000Z,1790453520.000,32.647717531,-117.207093709,6.632,96.108,82.635,-1.332,-0.8,-1020,,2,6.517,26.934
2026-09-26T20:12:01.000Z,1790453521.000,32.647715176,-117.207055145,7.141,93.082,83.688,-3.306,-0.224,-1021,,2,6.937,26.162
2026-09-26T20:12:02.000Z,1790453522.000,32.647713789,-117.207014266,7.577,91.645,85.682,-6.511,-0.37,-1022,,2,7.313,25.293
2026-09-26T20:12:03.000Z,1790453523.000,32.647711829,-117.206973904,7.561,92.421,87.671,-3.657,-0.236,-1023,,2,7.322,24.501
2026-09-26T20:12:04.000Z,1790453524.000,32.647710468,-117.206934518,7.132,90.576,88.568,-4.126,0.232,-1024,,2,6.845,23.591
2026-09-26T20:12:05.000Z,1790453525.000,32.647708627,-117.206897187,6.589,94.705,88.324,-4.003,-0.311,-1025,,2,6.44,22.703
2026-09-26T20:12:06.000Z,1790453526.000,32.647705275,-117.20686107,6.4,98.394,88.122,-2.875,0.269,-1026,,2,6.329,22.013
2026-09-26T20:12:07.000Z,1790453527.000,32.6477016,-117.206826833,6.1,98.633,86,-1.533,-0.433,-1027,,2,6.036,21.265
2026-09-26T20:12:08.000Z,1790453528.000,32.647697714,-117.206793191,6.1,96.921,85.029,-4.093,-0.064,-1028,,2,6.006,20.645
2026-09-26T20:12:09.000Z,1790453529.000,32.647691918,-117.206759021,6.384,100.986,86.727,-4.369,-0.813,-1029,,2,6.349,20.413
2026-09-26T20:12:10.000Z,1790453530.000,32.647684452,-117.206726611,6.303,106.843,89.005,-3.865,-0.473,-1030,,2,6.303,20.454
2026-09-26T20:12:11.000Z,1790453531.000,32.647677072,-117.206693754,6.067,105.193,90.966,-6.735,-0.198,-1031,,2,6.064,20.451
2026-09-26T20:12:12.000Z,1790453532.000,32.647669091,-117.20666064,6.285,104.9,91.222,-0.444,0.104,-1032,,2,6.281,20.372
2026-09-26T20:12:13.000Z,1790453533.000,32.647663548,-117.206626296,5.989,96.981,90.389,-1.385,0.022,-1033,,2,5.897,19.916
2026-09-26T20:12:14.000Z,1790453534.000,32.647659759,-117.206592798,6.3,98.7,90.029,-1.871,0.071,-1034,,2,6.234,19.334
2026-09-26T20:12:15.000Z,1790453535.000,32.647657785,-117.206557685,6.248,93.369,90.84,-7.526,-0.311,-1035,,2,6.071,18.605
2026-09-26T20:12:16.000Z,1790453536.000,32.647655224,-117.206523708,6.575,94.557,91.125,-7.425,-0.288,-1036,,2,6.418,17.93
2026-09-26T20:12:17.000Z,1790453537.000,32.647651013,-117.206489933,6.294,98.925,91.7,-6.238,-0.294,-1037,,2,6.23,17.458
2026-09-26T20:12:18.000Z,1790453538.000,32.647645908,-117.206457124,6.232,97.796,90.697,-6.258,-1.563,-1038,,2,6.15,16.986
2026-09-26T20:12:19.000Z,1790453539.000,32.647639409,-117.206422279,6.636,102.256,89.409,-6.409,0.027,-1039,,2,6.612,16.582
2026-09-26T20:12:20.000Z,1790453540.000,32.647631571,-117.206386047,6.929,106.712,90.382,-6.635,-0.782,-1040,,2,6.929,16.454
2026-09-26T20:12:21.000Z,1790453541.000,32.647622488,-117.206351386,6.6,106.139,91.067,-5.096,-0.269,-1041,,2,6.599,16.481
2026-09-26T20:12:22.000Z,1790453542.000,32.647614085,-117.206318054,6.131,103.36,91.269,-4.523,-0.065,-1042,,2,6.117,16.437
2026-09-26T20:12:23.000Z,1790453543.000,32.647606542,-117.206285553,6.162,106.074,90.775,-3.966,-0.538,-1043,,2,6.161,16.271
2026-09-26T20:12:24.000Z,1790453544.000,32.647598899,-117.206253467,6.1,102.546,89.861,-1.769,-0.069,-1044,,2,6.08,16.095
2026-09-26T20:12:25.000Z,1790453545.000,32.647594732,-117.206219688,6.367,99.37,89.7,-6.866,-0.733,-1045,,2,6.308,15.562
2026-09-26T20:12:26.000Z,1790453546.000,32.647591,-117.206183654,7.1,95.888,90.25,-8.55,-0.475,-1046,,2,6.963,14.972
2026-09-26T20:12:27.000Z,1790453547.000,32.647586628,-117.206144123,7.157,97.103,92.543,-7.558,0.2,-1047,,2,7.046,14.487
2026-09-26T20:12:28.000Z,1790453548.000,32.647582425,-117.206106972,6.768,97.962,94.235,-7.392,-0.397,-1048,,2,6.68,14.006
2026-09-26T20:12:29.000Z,1790453549.000,32.647576105,-117.206070956,6.735,104.262,94.799,-3.67,-0.766,-1049,,2,6.726,13.694
2026-09-26T20:12:30.000Z,1790453550.000,32.647569327,-117.206037458,6.338,103.425,93.962,-8.175,-0.65,-1050,,2,6.324,13.391
2026-09-26T20:12:31.000Z,1790453551.000,32.647560466,-117.206004236,6.07,109.415,93.83,-8.07,-0.209,-1051,,2,6.066,13.372
2026-09-26T20:12:32.000Z,1790453552.000,32.647550917,-117.205971644,6.17,111.007,92.232,-4.422,-0.8,-1052,,2,6.157,13.329
2026-09-26T20:12:33.000Z,1790453553.000,32.64754229,-117.20593961,6.2,106.395,89.87,-0.735,-0.43,-1053,,2,6.199,13.146
2026-09-26T20:12:34.000Z,1790453554.000,32.647535814,-117.205907245,6.025,101.548,88.362,-3.599,-0.7,-1054,,2,5.995,12.794
2026-09-26T20:12:35.000Z,1790453555.000,32.647530138,-117.20587359,6.039,100.446,88.7,-3.616,-0.061,-1055,,2,5.996,12.461
2026-09-26T20:12:36.000Z,1790453556.000,32.647526233,-117.205839767,6.133,96.333,89.7,-7.6,0.133,-1056,,2,6.022,11.988
2026-09-26T20:12:37.000Z,1790453557.000,32.647522391,-117.205806376,6.007,100.194,91.464,-8.798,-0.458,-1057,,2,5.961,11.58
2026-09-26T20:12:38.000Z,1790453558.000,32.647518504,-117.205773033,5.904,96.411,90.204,-6.133,0.484,-1058,,2,5.797,10.943
2026-09-26T20:12:39.000Z,1790453559.000,32.647515529,-117.205741261,5.496,95.696,87.893,-2.868,-0.764,-1059,,2,5.383,10.175
2026-09-26T20:12:40.000Z,1790453560.000,32.647513934,-117.205710344,5.93,90.69,84.304,-6.496,-0.198,-1060,,2,5.68,9.192
2026-09-26T20:12:41.000Z,1790453561.000,32.647510958,-117.205678473,6.126,96.601,82.4,-5.815,-0.511,-1061,,2,6.018,8.458
2026-09-26T20:12:42.000Z,1790453562.000,32.647507442,-117.205644075,6.449,97.556,82.64,-5.419,-0.84,-1062,,2,6.354,7.868
2026-09-26T20:12:43.000Z,1790453563.000,32.647504735,-117.205608679,6.767,97.299,82.767,-7.733,-0.634,-1063,,2,6.661,7.155
2026-09-26T20:12:44.000Z,1790453564.000,32.647500895,-117.205571789,6.847,97.726,84.542,-4.195,-1.247,-1064,,2,6.749,6.642
2026-09-26T20:12:45.000Z,1790453565.000,32.64749704,-117.205533225,7.028,94.843,85.016,-2.856,-0.988,-1065,,2,6.857,5.986
2026-09-26T20:12:46.000Z,1790453566.000,32.647494395,-117.205496714,6.627,93.611,83.49,-2.51,0.021,-1066,,2,6.432,5.112
2026-09-26T20:12:47.000Z,1790453567.000,32.647492968,-117.205462788,5.703,92.69,82.505,-3.195,0.297,-1067,,2,5.512,4.224
2026-09-26T20:12:48.000Z,1790453568.000,32.647492037,-117.205430929,5.852,91.531,81.411,-3.663,-0.248,-1068,,2,5.624,3.334
2026-09-26T20:12:49.000Z,1790453569.000,32.647491563,-117.205400485,5.5,93.049,79.906,-6.869,-0.58,-1069,,2,5.323,2.408
2026-09-26T20:12:50.000Z,1790453570.000,32.647490233,-117.205370378,5.568,93.669,78.966,-7.333,-0.501,-1070,,2,5.403,1.623
2026-09-26T20:12:51.000Z,1790453571.000,32.647489,-117.205336914,6.274,90.333,79.389,-4.889,-0.752,-1071,,2,5.988,0.83
2026-09-26T20:12:52.000Z,1790453572.000,32.647489042,-117.205300732,6.914,87.947,80.427,-6.385,-1.1,-1072,,2,6.506,-0.131
2026-09-26T20:12:53.000Z,1790453573.000,32.647489668,-117.205262466,7.065,88.16,81.305,-3.462,-1.268,-1073,,2,6.655,-1.224
2026-09-26T20:12:54.000Z,1790453574.000,32.6474909,-117.205223147,7.1,87.795,81.599,-1.267,-0.666,-1074,,2,6.671,-2.454
2026-09-26T20:12:55.000Z,1790453575.000,32.6474923,-117.205185792,6.925,86.645,81.913,-2.015,0.462,-1075,,2,6.455,-3.644
2026-09-26T20:12:56.000Z,1790453576.000,32.647493478,-117.20514904,6.461,86.492,80.606,-3.994,0.139,-1076,,2,6.015,-4.912
2026-09-26T20:12:57.000Z,1790453577.000,32.647493733,-117.205115434,6.066,90.343,77.397,-2.534,-0.164,-1077,,2,5.781,-6.125
2026-09-26T20:12:58.000Z,1790453578.000,32.647493078,-117.205084316,5.761,92.382,74.917,-6.427,-0.683,-1078,,2,5.548,-7.114
2026-09-26T20:12:59.000Z,1790453579.000,32.647491586,-117.205051234,5.757,93.155,74.529,-6.057,-0.686,-1079,,2,5.564,-7.925
2026-09-26T20:13:00.000Z,1790453580.000,32.647489795,-117.205016619,6.568,91.886,76.773,-4.022,-0.327,-1080,,2,6.308,-8.568
2026-09-26T20:13:01.000Z,1790453581.000,32.647488634,-117.204980279,6.7,91.136,79.033,-5.5,-0.4,-1081,,2,6.408,-9.322
2026-09-26T20:13:02.000Z,1790453582.000,32.647487474,-117.204944862,6.726,91.285,81.063,-5.6,0.052,-1082,,2,6.438,-10.063
2026-09-26T20:13:03.000Z,1790453583.000,32.647487171,-117.204910031,6.159,87.793,82.941,-4.271,-0.805,-1083,,2,5.773,-10.886
2026-09-26T20:13:04.000Z,1790453584.000,32.647487267,-117.204877232,6.136,88.766,80.731,-5.198,-0.534,-1084,,2,5.786,-11.993
2026-09-26T20:13:05.000Z,1790453585.000,32.6474878,-117.204844542,6.125,90.078,78.812,-3.037,-0.963,-1085,,2,5.82,-13.118
2026-09-26T20:13:06.000Z,1790453586.000,32.647488227,-117.2048096,6.5,88.682,77.619,-5.591,0.191,-1086,,2,6.123,-14.244
2026-09-26T20:13:07.000Z,1790453587.000,32.647488768,-117.204770989,7,88.874,78.764,-6.336,-0.628,-1087,,2,6.6,-15.321
2026-09-26T20:13:08.000Z,1790453588.000,32.647488235,-117.204731173,7.035,93.031,81.131,-4.137,-1.034,-1088,,2,6.784,-16.229
2026-09-26T20:13:09.000Z,1790453589.000,32.647486809,-117.204693112,6.709,92.892,82.964,-2.237,-0.181,-1089,,2,6.464,-17.029
2026-09-26T20:13:10.000Z,1790453590.000,32.64748707,-117.204657357,5.951,87.582,81.73,-2.151,-0.72,-1090,,2,5.56,-18.167
2026-09-26T20:13:11.000Z,1790453591.000,32.6474885,-117.204626133,5.367,87.533,76.6,-2.667,0.567,-1091,,2,5.011,-19.573
2026-09-26T20:13:12.000Z,1790453592.000,32.647489425,-117.204597759,5,89.088,73.7,-3.175,0.325,-1092,,2,4.714,-20.678
2026-09-26T20:13:13.000Z,1790453593.000,32.647490648,-117.204568568,5.81,85.296,71.076,-6.944,-0.934,-1093,,2,5.336,-21.814
2026-09-26T20:13:14.000Z,1790453594.000,32.6474921,-117.204535973,6.268,87.525,70.44,-10.564,-0.912,-1094,,2,5.846,-22.938
2026-09-26T20:13:15.000Z,1790453595.000,32.6474921,-117.204499386,7.203,88.365,71.874,-6.156,-1.177,-1095,,2,6.754,-23.887
2026-09-26T20:13:16.000Z,1790453596.000,32.647493161,-117.204458662,7.765,87.152,74.461,-1.814,-0.479,-1096,,2,7.22,-24.988
2026-09-26T20:13:17.000Z,1790453597.000,32.647496963,-117.204415673,8.082,82.504,75.511,-5.545,-1.004,-1097,,2,7.244,-26.544
2026-09-26T20:13:18.000Z,1790453598.000,32.647500911,-117.2043728,7.764,83.646,77.739,-3.636,0.436,-1098,,2,7.023,-28.03
2026-09-26T20:13:19.000Z,1790453599.000,32.647504687,-117.204332729,7,84.065,80.887,-4.054,0.623,-1099,,2,6.351,-29.347
2026-09-26T20:13:20.000Z,1790453600.000,32.647508315,-117.204296722,6.674,82.887,81.948,-7.792,0.526,-1100,,2,5.993,-30.68
2026-09-26T20:13:21.000Z,1790453601.000,32.647511105,-117.204262867,5.9,84.295,79.827,-9.223,-0.564,-1101,,2,5.357,-32.095
2026-09-26T20:13:22.000Z,1790453602.000,32.647512067,-117.204229644,6.201,89.037,78.666,-8.433,-0.633,-1102,,2,5.824,-33.226
2026-09-26T20:13:23.000Z,1790453603.000,32.647511272,-117.204196059,6.264,92.275,79.264,-7.255,-0.117,-1103,,2,5.994,-34.057
2026-09-26T20:13:24.000Z,1790453604.000,32.647509616,-117.204160361,6.613,92.158,79.458,-7.932,-0.303,-1104,,2,6.323,-34.885
2026-09-26T20:13:25.000Z,1790453605.000,32.647506756,-117.204124652,6.706,95.019,80.306,-4.156,-0.331,-1105,,2,6.501,-35.539
2026-09-26T20:13:26.000Z,1790453606.000,32.647504668,-117.204089568,6.334,91.271,78.372,-4.037,-0.368,-1106,,2,6.024,-36.456
2026-09-26T20:13:27.000Z,1790453607.000,32.647504137,-117.20405522,6.21,89.253,76.183,-4.407,-0.81,-1107,,2,5.833,-37.532
2026-09-26T20:13:28.000Z,1790453608.000,32.64750443,-117.204020045,6.47,90.526,76.689,-6.379,-0.949,-1108,,2,6.124,-38.531
2026-09-26T20:13:29.000Z,1790453609.000,32.647504,-117.203985567,6.233,89.967,78.7,-8.733,-0,-1109,,2,5.878,-39.327
2026-09-26T20:13:30.000Z,1790453610.000,32.647503931,-117.203950252,6.5,88.422,81.331,-8.72,-1.1,-1110,,2,6.068,-40.137
2026-09-26T20:13:31.000Z,1790453611.000,32.647504243,-117.203914823,6.386,86.369,80.815,-5.942,-0.657,-1111,,2,5.873,-41.218
2026-09-26T20:13:32.000Z,1790453612.000,32.647505206,-117.203881607,6.1,86.143,79.263,-3.994,-0.343,-1112,,2,5.599,-42.378
2026-09-26T20:13:33.000Z,1790453613.000,32.647507433,-117.203848767,6.3,82.667,77.133,-4.833,-0.5,-1113,,2,5.617,-43.7
2026-09-26T20:13:34.000Z,1790453614.000,32.647510615,-117.203815259,6.4,83.923,75.652,-5.063,-0.289,-1114,,2,5.765,-45.095
2026-09-26T20:13:35.000Z,1790453615.000,32.64751372,-117.203779364,6.54,84.97,76.23,-8.769,-0.02,-1115,,2,5.939,-46.407
2026-09-26T20:13:36.000Z,1790453616.000,32.647514969,-117.203742449,6.767,86.773,78.498,-4.531,0.404,-1116,,2,6.23,-47.433
2026-09-26T20:13:37.000Z,1790453617.000,32.6475155,-117.203704954,6.975,89.81,80.075,-5.925,-0.575,-1117,,2,6.554,-48.446
2026-09-26T20:13:38.000Z,1790453618.000,32.647515271,-117.203665883,7.086,90.285,81.114,-4,-0.644,-1118,,2,6.676,-49.46
2026-09-26T20:13:39.000Z,1790453619.000,32.6475153,-117.203627846,6.937,91.15,80.606,-6.888,-1.5,-1119,,2,6.568,-50.584
2026-09-26T20:13:40.000Z,1790453620.000,32.647514233,-117.2035912,6.633,92.9,79.833,-3.933,-0.933,-1120,,2,6.341,-51.571
2026-09-26T20:13:41.000Z,1790453621.000,32.647512913,-117.203555892,6.338,93.312,79.937,-4.887,-0.924,-1121,,2,6.07,-52.431
2026-09-26T20:13:42.000Z,1790453622.000,32.647511688,-117.203521341,5.918,92.2,80.241,-9.647,-0.512,-1122,,2,5.633,-53.264
2026-09-26T20:13:43.000Z,1790453623.000,32.647508636,-117.203487757,6.432,96.773,80.999,-9.767,-0.497,-1123,,2,6.259,-53.843
2026-09-26T20:13:44.000Z,1790453624.000,32.647504442,-117.20345289,6.235,97,82.8,-8.769,-0.3,-1124,,2,6.072,-54.261
2026-09-26T20:13:45.000Z,1790453625.000,32.6475011,-117.203417508,6.775,95.101,84.212,-8.687,-0.487,-1125,,2,6.543,-54.811
2026-09-26T20:13:46.000Z,1790453626.000,32.647498157,-117.203381201,6.437,95.291,84.526,-6.663,-0.126,-1126,,2,6.221,-55.511
2026-09-26T20:13:47.000Z,1790453627.000,32.647496766,-117.203345243,6.367,91.639,83.767,-5.534,-1.299,-1127,,2,6.035,-56.445
2026-09-26T20:13:48.000Z,1790453628.000,32.6474963,-117.203310311,6.428,90.313,82.557,-3.257,-1.157,-1128,,2,6.042,-57.481
2026-09-26T20:13:49.000Z,1790453629.000,32.647497613,-117.203275221,6.371,84.984,80.744,-8.225,-0.298,-1129,,2,5.757,-58.753
2026-09-26T20:13:50.000Z,1790453630.000,32.647499607,-117.203240696,6.393,86.832,79.54,-8.962,0.238,-1130,,2,5.859,-60.034
2026-09-26T20:13:51.000Z,1790453631.000,32.647499767,-117.203206044,6.234,86.838,79.632,-4.7,-0.265,-1131,,2,5.712,-61.033
2026-09-26T20:13:52.000Z,1790453632.000,32.647500963,-117.20317127,6.626,88.765,79.548,-5.252,-0.697,-1132,,2,6.154,-62.157
2026-09-26T20:13:53.000Z,1790453633.000,32.647501771,-117.203134193,6.588,86.964,80.253,-7.188,-1.236,-1133,,2,6.037,-63.248
2026-09-26T20:13:54.000Z,1790453634.000,32.647501798,-117.203097396,6.833,90.879,80.805,-5.292,-1.5,-1134,,2,6.431,-64.26
2026-09-26T20:13:55.000Z,1790453635.000,32.647500763,-117.203060958,6.8,89.745,80.876,-4.514,-0.827,-1135,,2,6.352,-65.184
2026-09-26T20:13:56.000Z,1790453636.000,32.647499612,-117.203026022,6.186,93.422,82.276,-4.951,-0.802,-1136,,2,5.907,-65.956
2026-09-26T20:13:57.000Z,1790453637.000,32.647498356,-117.202992596,6.131,93.018,81.669,-8.45,-0.775,-1137,,2,5.84,-66.821
2026-09-26T20:13:58.000Z,1790453638.000,32.647495668,-117.202960377,5.733,97.565,81.067,-6.703,-0.734,-1138,,2,5.581,-67.498
2026-09-26T20:13:59.000Z,1790453639.000,32.647491854,-117.20292833,5.577,99.109,80.694,-4.542,-1.277,-1139,,2,5.461,-68.035
2026-09-26T20:14:00.000Z,1790453640.000,32.647488776,-117.2028944,6.129,96.018,80.371,-7.553,-0.771,-1140,,2,5.925,-68.699
2026-09-26T20:14:01.000Z,1790453641.000,32.647485431,-117.202860354,6.467,94.992,82.035,-5.3,-0.235,-1141,,2,6.22,-69.195
2026-09-26T20:14:02.000Z,1790453642.000,32.647483768,-117.202824814,6.566,92.236,82.4,-6.844,-1.068,-1142,,2,6.219,-70.005
2026-09-26T20:14:03.000Z,1790453643.000,32.647482573,-117.202788791,6.627,91.728,83.218,-4.736,-0.481,-1143,,2,6.256,-70.845
2026-09-26T20:14:04.000Z,1790453644.000,32.647483008,-117.202752413,6.608,88.182,85.169,-7.477,0.108,-1144,,2,6.089,-71.783
2026-09-26T20:14:05.000Z,1790453645.000,32.647484164,-117.202718236,6.1,87.8,86.5,-7.943,0.121,-1145,,2,5.603,-72.779
2026-09-26T20:14:06.000Z,1790453646.000,32.647483521,-117.202686711,5.54,90.398,87.141,-3.461,-0.181,-1146,,2,5.181,-73.561
2026-09-26T20:14:07.000Z,1790453647.000,32.64748189,-117.202655037,5.48,92.968,86.89,-6.149,0.04,-1147,,2,5.205,-74.311
2026-09-26T20:14:08.000Z,1790453648.000,32.647480474,-117.202624588,5.6,94.714,86.304,-14.431,-0.926,-1148,,2,5.369,-75.073
2026-09-26T20:14:09.000Z,1790453649.000,32.6474762,-117.2025929,5.9,100.227,85.282,-10.527,0.036,-1149,,2,5.791,-75.6
2026-09-26T20:14:10.000Z,1790453650.000,32.647469685,-117.202559423,6.063,103.214,85.686,-3.761,0.251,-1150,,2,6.003,-75.834
2026-09-26T20:14:11.000Z,1790453651.000,32.647463707,-117.202525787,6.169,99.759,85.284,-3.54,-0.323,-1151,,2,6.045,-76.19
2026-09-26T20:14:12.000Z,1790453652.000,32.647458989,-117.202493609,6.008,99.28,83.844,-5.364,-0.716,-1152,,2,5.876,-76.715
2026-09-26T20:14:13.000Z,1790453653.000,32.647455407,-117.202461351,6.185,96.339,81.8,-7.8,-0.523,-1153,,2,5.973,-77.406
2026-09-26T20:14:14.000Z,1790453654.000,32.6474524,-117.20242895,6.059,89.918,80.987,-7.154,0.105,-1154,,2,5.637,-78.07
2026-09-26T20:14:15.000Z,1790453655.000,32.647451567,-117.202395521,6.166,89.197,79.299,-8.533,-0.099,-1155,,2,5.706,-79.056
2026-09-26T20:14:16.000Z,1790453656.000,32.647450535,-117.202361063,6.461,91.712,79.104,-6.861,-0.704,-1156,,2,6.079,-79.943
2026-09-26T20:14:17.000Z,1790453657.000,32.647450638,-117.202323992,7.125,89.373,79.087,-5.363,-0.7,-1157,,2,6.596,-81.012
2026-09-26T20:14:18.000Z,1790453658.000,32.647451215,-117.202284323,7.1,88.028,80.415,-5.743,-0.5,-1158,,2,6.505,-82.109
2026-09-26T20:14:19.000Z,1790453659.000,32.647452534,-117.202245158,7.234,88.727,82.536,-6.969,-0.433,-1159,,2,6.66,-83.21
2026-09-26T20:14:20.000Z,1790453660.000,32.6474532,-117.202206471,6.966,90.834,83.666,-6.971,-0.732,-1160,,2,6.506,-84.3
2026-09-26T20:14:21.000Z,1790453661.000,32.647453963,-117.20216992,6.663,88.165,82.212,-7.386,-0.214,-1161,,2,6.102,-85.53
2026-09-26T20:14:22.000Z,1790453662.000,32.647455312,-117.202134229,6.329,86.436,81.359,-7.918,0.035,-1162,,2,5.714,-86.753
2026-09-26T20:14:23.000Z,1790453663.000,32.647455968,-117.202100166,6.371,89.506,81.635,-8.735,-0.165,-1163,,2,5.887,-87.773
2026-09-26T20:14:24.000Z,1790453664.000,32.647456167,-117.2020675,6,89.5,81.167,-11.833,-0.733,-1164,,2,5.542,-88.76
2026-09-26T20:14:25.000Z,1790453665.000,32.647454091,-117.202034879,6.176,95.085,80.662,-9.109,-0.847,-1165,,2,5.907,-89.506
2026-09-26T20:14:26.000Z,1790453666.000,32.647450064,-117.202000435,5.97,99.061,81.07,-7.77,-0.761,-1166,,2,5.815,-90.032
2026-09-26T20:14:27.000Z,1790453667.000,32.647444452,-117.201965066,6.668,99.296,83.172,-8.388,-0.732,-1167,,2,6.501,-90.292
2026-09-26T20:14:28.000Z,1790453668.000,32.647438182,-117.201928019,7.026,101.7,85.877,-8.834,-0.789,-1168,,2,6.909,-90.482
2026-09-26T20:14:29.000Z,1790453669.000,32.647430714,-117.201890418,7.13,103.952,87.911,-6.47,-1.189,-1169,,2,7.056,-90.609
2026-09-26T20:14:30.000Z,1790453670.000,32.647424384,-117.201852997,6.9,101.264,87.768,-3.96,-1.136,-1170,,2,6.774,-91.016
2026-09-26T20:14:31.000Z,1790453671.000,32.647420339,-117.201815896,6.793,96.673,87.368,-4.398,-0.534,-1171,,2,6.543,-91.676
2026-09-26T20:14:32.000Z,1790453672.000,32.647417382,-117.201779352,6.655,93.199,87.291,-3.954,-0.809,-1172,,2,6.288,-92.41
2026-09-26T20:14:33.000Z,1790453673.000,32.64741586,-117.201742054,6.84,91.3,87.26,-5.73,-0.5,-1173,,2,6.382,-93.315
2026-09-26T20:14:34.000Z,1790453674.000,32.647414632,-117.201706018,6.668,92.914,85.796,-2.661,-0.771,-1174,,2,6.285,-94.323
2026-09-26T20:14:35.000Z,1790453675.000,32.647414635,-117.201669906,6.9,89.652,84.435,-3.226,-0.056,-1175,,2,6.358,-95.454
2026-09-26T20:14:36.000Z,1790453676.000,32.647415625,-117.201635928,6.138,89.504,83.938,-7.013,-0.187,-1176,,2,5.647,-96.565
2026-09-26T20:14:37.000Z,1790453677.000,32.647416038,-117.201604415,5.707,87.322,82.893,-6.846,-0.138,-1177,,2,5.159,-97.584
2026-09-26T20:14:38.000Z,1790453678.000,32.647416,-117.201574633,5.4,91.7,81.9,-6.567,-0.6,-1178,,2,5.042,-98.502
2026-09-26T20:14:39.000Z,1790453679.000,32.647415806,-117.201545159,5.7,90.771,80.529,-6.389,-0.565,-1179,,2,5.286,-99.421
2026-09-26T20:14:40.000Z,1790453680.000,32.647414758,-117.201514339,5.429,91.6,80.358,-7.983,-0.612,-1180,,2,5.062,-100.201
2026-09-26T20:14:41.000Z,1790453681.000,32.64741269,-117.201481946,6.31,95.837,80.563,-7.368,-0.305,-1181,,2,6.034,-100.891
2026-09-26T20:14:42.000Z,1790453682.000,32.647408767,-117.201445967,6.733,97.6,83.433,-5.3,0.033,-1182,,2,6.495,-101.291
2026-09-26T20:14:43.000Z,1790453683.000,32.647403938,-117.201409542,6.662,98.475,85.575,-4.15,-1.425,-1183,,2,6.452,-101.658
2026-09-26T20:14:44.000Z,1790453684.000,32.647399411,-117.201372702,6.77,97.651,86.719,-4.849,-1.11,-1184,,2,6.53,-102.143
2026-09-26T20:14:45.000Z,1790453685.000,32.647395661,-117.201337319,6.669,97,86.802,-4.657,-0.441,-1185,,2,6.411,-102.748
2026-09-26T20:14:46.000Z,1790453686.000,32.647392688,-117.201305491,5.575,93.35,85.888,-5.113,-0.3,-1186,,2,5.249,-103.409
2026-09-26T20:14:47.000Z,1790453687.000,32.647389488,-117.201275785,5.587,96.14,84.551,-3.599,-0.1,-1187,,2,5.344,-104.018
2026-09-26T20:14:48.000Z,1790453688.000,32.647387564,-117.201245883,5.664,93.5,83.436,-8.268,-1.3,-1188,,2,5.334,-104.749
2026-09-26T20:14:49.000Z,1790453689.000,32.647385303,-117.201215931,5.866,97.493,82.828,-9.838,-1.562,-1189,,2,5.647,-105.408
2026-09-26T20:14:50.000Z,1790453690.000,32.647383106,-117.201183333,6.224,94.594,84.929,-8.659,0.335,-1190,,2,5.897,-105.949
2026-09-26T20:14:51.000Z,1790453691.000,32.647380572,-117.201148211,6.7,94.426,88.714,-6.672,0.013,-1191,,2,6.34,-106.395
2026-09-26T20:14:52.000Z,1790453692.000,32.647378497,-117.201113829,6.165,92.398,90.171,-4.203,-0.958,-1192,,2,5.758,-107.043
2026-09-26T20:14:53.000Z,1790453693.000,32.647376267,-117.201080953,5.735,91.4,89.632,-3.999,-1.331,-1193,,2,5.318,-107.786
2026-09-26T20:14:54.000Z,1790453694.000,32.647374174,-117.201050081,5.774,94.504,88.148,-6.089,-0.315,-1194,,2,5.461,-108.558
2026-09-26T20:14:55.000Z,1790453695.000,32.647371754,-117.201019374,5.677,95.807,86.631,-7.546,-0.361,-1195,,2,5.409,-109.292
2026-09-26T20:14:56.000Z,1790453696.000,32.647367905,-117.200989295,5.435,100.191,86.5,-7.632,-1.202,-1196,,2,5.289,-109.752
2026-09-26T20:14:57.000Z,1790453697.000,32.647363218,-117.200959844,5.6,101.393,85.248,-4.618,-1.414,-1197,,2,5.474,-110.19
2026-09-26T20:14:58.000Z,1790453698.000,32.647359056,-117.200929267,5.643,101.501,82.972,-4.156,-0.958,-1198,,2,5.517,-110.79
2026-09-26T20:14:59.000Z,1790453699.000,32.64735579,-117.200899666,5.563,96.785,80.595,-3.073,-0.11,-1199,,2,5.323,-111.461
2026-09-26T20:15:00.000Z,1790453700.000,32.647352602,-117.200869853,5.334,97.51,79.467,-2.93,-0.633,-1200,,2,5.122,-112.054
2026-09-26T20:15:01.000Z,1790453701.000,32.647350905,-117.200838684,5.895,92.294,78.489,-6.141,-0.93,-1201,,2,5.485,-112.833
2026-09-26T20:15:02.000Z,1790453702.000,32.647348716,-117.200804337,6.342,93.046,80.242,-3.467,-0.729,-1202,,2,5.929,-113.455
2026-09-26T20:15:03.000Z,1790453703.000,32.647348,-117.200767657,6.729,90.971,83.813,-4.803,-1.126,-1203,,2,6.198,-114.164
2026-09-26T20:15:04.000Z,1790453704.000,32.647346372,-117.200730617,6.769,93.828,90.045,-8.931,-0.669,-1204,,2,6.357,-114.575
2026-09-26T20:15:05.000Z,1790453705.000,32.647341091,-117.200694347,6.563,103.624,97.262,-3.743,-1.137,-1205,,2,6.457,-114.482
2026-09-26T20:15:06.000Z,1790453706.000,32.647333024,-117.200660704,5.942,109.746,102.496,-3.633,-0.525,-1206,,2,5.926,-114.166
2026-09-26T20:15:07.000Z,1790453707.000,32.647323924,-117.200631137,5.602,111.872,103.231,-4.195,-0.236,-1207,,2,5.598,-113.985
2026-09-26T20:15:08.000Z,1790453708.000,32.647313503,-117.200605019,5.425,119.176,102.575,-6.327,-0.574,-1208,,2,5.402,-113.679
2026-09-26T20:15:09.000Z,1790453709.000,32.647301041,-117.200579525,5.343,121.016,100.328,-1.356,0.599,-1209,,2,5.302,-113.267
2026-09-26T20:15:10.000Z,1790453710.000,32.647287753,-117.200553105,5.568,121.589,99.395,-1.011,-0.047,-1210,,2,5.519,-112.688
2026-09-26T20:15:11.000Z,1790453711.000,32.64727498,-117.20052348,6.433,113.835,99.268,-2.535,-0.097,-1211,,2,6.432,-112.19
2026-09-26T20:15:12.000Z,1790453712.000,32.647262474,-117.200490513,6.835,114.404,100.095,0.595,-0.095,-1212,,2,6.835,-111.739
2026-09-26T20:15:13.000Z,1790453713.000,32.647252533,-117.20045535,6.671,104.176,99.473,0.191,0.529,-1213,,2,6.575,-111.738
2026-09-26T20:15:14.000Z,1790453714.000,32.647244303,-117.200422612,6.143,106.577,100.131,-0.237,-0.294,-1214,,2,6.092,-111.747
2026-09-26T20:15:15.000Z,1790453715.000,32.647237357,-117.20039036,5.931,104.367,98.431,1.573,-0.769,-1215,,2,5.847,-112.067
2026-09-26T20:15:16.000Z,1790453716.000,32.647230914,-117.200360757,5.675,101.904,95.201,-0.087,0.4,-1216,,2,5.549,-112.486
2026-09-26T20:15:17.000Z,1790453717.000,32.647225107,-117.20033103,5.484,104.29,95.3,-4.813,-0.304,-1217,,2,5.404,-112.711
2026-09-26T20:15:18.000Z,1790453718.000,32.647217672,-117.200301981,5.737,108.823,95.737,-1.343,-0.431,-1218,,2,5.713,-112.717
2026-09-26T20:15:19.000Z,1790453719.000,32.647208603,-117.200271914,6.13,109.705,97.395,0.308,-0.335,-1219,,2,6.112,-112.481
2026-09-26T20:15:20.000Z,1790453720.000,32.647198791,-117.200239787,6.262,109.751,97.523,0.9,-0.584,-1220,,2,6.244,-112.348
2026-09-26T20:15:21.000Z,1790453721.000,32.647187885,-117.200205324,6.991,112.922,100.27,0.128,-0.189,-1221,,2,6.989,-111.955
2026-09-26T20:15:22.000Z,1790453722.000,32.647175584,-117.200172388,6.535,113.621,101.233,0.198,0.798,-1222,,2,6.534,-111.513
2026-09-26T20:15:23.000Z,1790453723.000,32.647162408,-117.200140265,6.587,116.113,102.912,1.713,0.166,-1223,,2,6.582,-110.898
2026-09-26T20:15:24.000Z,1790453724.000,32.64714972,-117.200107697,6.651,114.084,101.275,3.935,-0.639,-1224,,2,6.651,-110.615
2026-09-26T20:15:25.000Z,1790453725.000,32.647138682,-117.200075108,6.64,109.347,99.465,4.065,-0.675,-1225,,2,6.617,-110.521
2026-09-26T20:15:26.000Z,1790453726.000,32.647128814,-117.200042878,6.262,110.506,97.932,3.936,-1.294,-1226,,2,6.25,-110.517
2026-09-26T20:15:27.000Z,1790453727.000,32.647119643,-117.20001055,6.036,109.2,97.8,2.286,-0.236,-1227,,2,6.013,-110.478
2026-09-26T20:15:28.000Z,1790453728.000,32.647110811,-117.199977254,6.16,107.229,98.7,1.35,-0.06,-1228,,2,6.115,-110.42
2026-09-26T20:15:29.000Z,1790453729.000,32.64710083,-117.199944989,6.199,110.764,100.301,2.9,-0.433,-1229,,2,6.189,-110.154
2026-09-26T20:15:30.000Z,1790453730.000,32.647090921,-117.199913677,6.228,107.204,99.9,0.138,-0.321,-1230,,2,6.181,-110.029
2026-09-26T20:15:31.000Z,1790453731.000,32.647080955,-117.199881632,6.117,112.929,99.778,2.167,0.217,-1231,,2,6.115,-109.897
2026-09-26T20:15:32.000Z,1790453732.000,32.647070058,-117.199849406,6.263,111.867,98.825,3.376,-0.494,-1232,,2,6.258,-109.738
2026-09-26T20:15:33.000Z,1790453733.000,32.647060196,-117.199815288,6.6,111.135,98.999,2.235,0.235,-1233,,2,6.59,-109.652
2026-09-26T20:15:34.000Z,1790453734.000,32.647050166,-117.199781442,6.6,110.353,100.564,0.008,-0.073,-1234,,2,6.585,-109.429
2026-09-26T20:15:35.000Z,1790453735.000,32.647039443,-117.199748067,6.523,110.962,101.492,3.949,0.279,-1235,,2,6.513,-109.17
2026-09-26T20:15:36.000Z,1790453736.000,32.647028463,-117.19971457,6.321,111.583,101.19,3.13,0.189,-1236,,2,6.314,-108.986
2026-09-26T20:15:37.000Z,1790453737.000,32.647018225,-117.19968314,6.169,110.758,100.135,3.435,-0.238,-1237,,2,6.158,-108.883
2026-09-26T20:15:38.000Z,1790453738.000,32.647008445,-117.199652951,6.124,109.72,99.662,1.962,-0.503,-1238,,2,6.105,-108.746
2026-09-26T20:15:39.000Z,1790453739.000,32.646998224,-117.199622784,6.037,112.477,99.013,2.488,-0.888,-1239,,2,6.034,-108.575
2026-09-26T20:15:40.000Z,1790453740.000,32.646988281,-117.199591062,6.439,107.474,98.674,1.055,-0.939,-1240,,2,6.393,-108.454
2026-09-26T20:15:41.000Z,1790453741.000,32.646978067,-117.199558067,6.6,111.367,99.767,1.767,-0,-1241,,2,6.591,-108.225
2026-09-26T20:15:42.000Z,1790453742.000,32.646967238,-117.199524838,6.2,114.329,101.662,4.071,0.052,-1242,,2,6.2,-107.873
2026-09-26T20:15:43.000Z,1790453743.000,32.646956759,-117.199492594,6,110.641,101.712,4.135,-0.629,-1243,,2,5.988,-107.678
2026-09-26T20:15:44.000Z,1790453744.000,32.646947178,-117.199463441,5.6,114.747,102.071,1.974,0.061,-1244,,2,5.6,-107.465
2026-09-26T20:15:45.000Z,1790453745.000,32.646936246,-117.199436935,5.138,116.788,102.134,2.836,0.132,-1245,,2,5.133,-107.058
2026-09-26T20:15:46.000Z,1790453746.000,32.646925562,-117.199410759,5.464,115.482,101.564,1.827,-0.446,-1246,,2,5.463,-106.719
2026-09-26T20:15:47.000Z,1790453747.000,32.646913841,-117.199382119,5.77,118.93,101.078,0.8,0.641,-1247,,2,5.752,-106.333
2026-09-26T20:15:48.000Z,1790453748.000,32.646902218,-117.199351222,6.335,112.088,103.267,2.365,-0.759,-1248,,2,6.33,-105.806
2026-09-26T20:15:49.000Z,1790453749.000,32.646890909,-117.199317822,6.67,111.1,104.359,1.354,-0.319,-1249,,2,6.66,-105.472
2026-09-26T20:15:50.000Z,1790453750.000,32.646880337,-117.199285958,6.176,111.035,105.538,3.216,1,-1250,,2,6.166,-105.165
2026-09-26T20:15:51.000Z,1790453751.000,32.646868897,-117.199255728,5.821,115.872,106.539,4.321,0.139,-1251,,2,5.819,-104.734
2026-09-26T20:15:52.000Z,1790453752.000,32.646857371,-117.199228709,5.466,116.937,105.867,3.034,-0.601,-1252,,2,5.461,-104.338
2026-09-26T20:15:53.000Z,1790453753.000,32.646844836,-117.199201071,5.508,120.929,103.508,5.857,-0.204,-1253,,2,5.471,-103.989
2026-09-26T20:15:54.000Z,1790453754.000,32.646832458,-117.199171076,6.277,116.151,102.423,1.42,-0.592,-1254,,2,6.273,-103.621
2026-09-26T20:15:55.000Z,1790453755.000,32.64681843,-117.199137633,7.076,116.793,104.783,-2.517,-0.976,-1255,,2,7.069,-102.898
2026-09-26T20:15:56.000Z,1790453756.000,32.646802428,-117.199103393,7.434,117.927,106.832,-0.097,0.966,-1256,,2,7.419,-102.013
2026-09-26T20:15:57.000Z,1790453757.000,32.646786657,-117.199068946,6.809,119.461,109.639,1.137,1.153,-1257,,2,6.78,-101.097
2026-09-26T20:15:58.000Z,1790453758.000,32.646771813,-117.199037618,6.146,120.636,110.462,4.978,0.7,-1258,,2,6.108,-100.351
2026-09-26T20:15:59.000Z,1790453759.000,32.646757394,-117.199010164,5.564,123.406,107.755,6.3,-0.136,-1259,,2,5.492,-99.826
2026-09-26T20:16:00.000Z,1790453760.000,32.6467445,-117.198985167,5.067,123.267,102.667,3.333,-0.567,-1260,,2,5.003,-99.586
2026-09-26T20:16:01.000Z,1790453761.000,32.646734179,-117.198955383,6.285,111.089,99.762,-1.229,-1.415,-1261,,2,6.276,-99.576
2026-09-26T20:16:02.000Z,1790453762.000,32.646723358,-117.198920252,6.73,111.08,100.24,0.36,-0.149,-1262,,2,6.72,-99.393
2026-09-26T20:16:03.000Z,1790453763.000,32.646712835,-117.198883751,6.932,109.713,102.641,2.005,-0.736,-1263,,2,6.91,-99.125
2026-09-26T20:16:04.000Z,1790453764.000,32.646702537,-117.198848945,6.667,108.932,103.733,1.967,-0.2,-1264,,2,6.638,-98.939
2026-09-26T20:16:05.000Z,1790453765.000,32.646691662,-117.198816386,6.418,112.783,105.355,1.927,-0.064,-1265,,2,6.416,-98.584
2026-09-26T20:16:06.000Z,1790453766.000,32.646680015,-117.198786517,6.17,113.483,105.419,2.03,0,-1266,,2,6.17,-98.196
2026-09-26T20:16:07.000Z,1790453767.000,32.646668989,-117.198758171,5.867,112.134,101.13,3.8,-0.169,-1267,,2,5.863,-98.184
2026-09-26T20:16:08.000Z,1790453768.000,32.646657588,-117.198730347,5.561,118.92,99.139,6.063,0.163,-1268,,2,5.543,-97.929
2026-09-26T20:16:09.000Z,1790453769.000,32.646645381,-117.198701052,6.123,113.845,98.423,3.507,-0.577,-1269,,2,6.123,-97.529
2026-09-26T20:16:10.000Z,1790453770.000,32.646632942,-117.198668996,6.431,115.939,99.975,0.581,-0.569,-1270,,2,6.428,-97.001
2026-09-26T20:16:11.000Z,1790453771.000,32.646621663,-117.198635488,6.868,108.395,101.701,0.8,-0.332,-1271,,2,6.832,-96.623
2026-09-26T20:16:12.000Z,1790453772.000,32.646611352,-117.19860188,6.762,107.199,102.797,1.169,-0.097,-1272,-990.647,2,6.711,-96.4
2026-09-26T20:16:13.000Z,1790453773.000,32.646602108,-117.198570506,5.852,108.448,102.39,6.262,0.876,-1273,-987.552,2,5.822,-96.349
2026-09-26T20:16:14.000Z,1790453774.000,32.6465937,-117.19854115,5.431,108.812,101.588,5.719,0.262,-1274,-984.663,2,5.406,-96.36
2026-09-26T20:16:15.000Z,1790453775.000,32.646585285,-117.198513109,5.532,108.618,99.688,5.988,0.306,-1275,-981.9,2,5.505,-96.421
2026-09-26T20:16:16.000Z,1790453776.000,32.646576945,-117.198484375,5.676,110.401,98.79,1.473,-0.29,-1276,-979.073,2,5.662,-96.429
2026-09-26T20:16:17.000Z,1790453777.000,32.646567801,-117.198453503,6.176,110.588,98.391,0.976,-0.338,-1277,-976.028,2,6.163,-96.372
2026-09-26T20:16:18.000Z,1790453778.000,32.646557528,-117.198419599,6.506,110.019,98.506,2.469,-0.474,-1278,-972.674,2,6.487,-96.242
2026-09-26T20:16:19.000Z,1790453779.000,32.646548112,-117.198386478,6.33,108.386,99.466,2.23,0.502,-1279,-969.409,2,6.295,-96.112
2026-09-26T20:16:20.000Z,1790453780.000,32.646537195,-117.198354876,6.008,113.556,100.636,3.756,0.136,-1280,-966.243,2,6.008,-95.762
2026-09-26T20:16:21.000Z,1790453781.000,32.646525206,-117.198325506,5.8,117.324,101.971,2.706,0.3,-1281,-963.255,2,5.793,-95.222
2026-09-26T20:16:22.000Z,1790453782.000,32.646512753,-117.198297805,5.834,117.87,102.664,1.867,-0.197,-1282,-960.409,2,5.824,-94.637
2026-09-26T20:16:23.000Z,1790453783.000,32.64650032,-117.198270313,5.766,118.197,101.595,3.268,-0.461,-1283,-957.586,2,5.753,-94.19
2026-09-26T20:16:24.000Z,1790453784.000,32.646487729,-117.198242298,6.128,112.389,101.872,6.424,0.636,-1284,-954.709,2,6.124,-93.633
2026-09-26T20:16:25.000Z,1790453785.000,32.646476276,-117.198210324,6.476,114.583,103.641,1.688,-0.947,-1285,-951.5,2,6.476,-93.189
2026-09-26T20:16:26.000Z,1790453786.000,32.646464551,-117.198177822,6.531,112.69,103.004,2.396,-0.735,-1286,-948.237,2,6.528,-92.925
2026-09-26T20:16:27.000Z,1790453787.000,32.646453494,-117.198144381,6.7,112.162,104.224,2.652,-0.635,-1287,-944.906,2,6.695,-92.609
2026-09-26T20:16:28.000Z,1790453788.000,32.646442843,-117.198109828,6.813,111.264,104.462,2.96,-0.425,-1288,-941.485,2,6.803,-92.446
2026-09-26T20:16:29.000Z,1790453789.000,32.6464315,-117.19807623,6.92,109.19,103.24,4.86,0.15,-1289,-938.131,2,6.891,-92.302
2026-09-26T20:16:30.000Z,1790453790.000,32.646420582,-117.198042815,6.57,112.463,104.734,0.604,0.364,-1290,-934.808,2,6.566,-91.977
2026-09-26T20:16:31.000Z,1790453791.000,32.646408039,-117.198009793,6.428,117.484,105.9,0.134,0.242,-1291,-931.479,2,6.419,-91.496
2026-09-26T20:16:32.000Z,1790453792.000,32.646394168,-117.197979121,6.214,118.552,104.691,2.324,0.095,-1292,-928.325,2,6.198,-90.999
2026-09-26T20:16:33.000Z,1790453793.000,32.646379458,-117.197947861,6.493,119.366,103.131,4.476,-0.631,-1293,-925.097,2,6.468,-90.458
2026-09-26T20:16:34.000Z,1790453794.000,32.646365457,-117.197916884,6.234,117.956,101.103,4.834,0.771,-1294,-921.918,2,6.222,-90.022
2026-09-26T20:16:35.000Z,1790453795.000,32.646351432,-117.197885545,6.638,117.797,101.138,6.791,-0.738,-1295,-918.701,2,6.626,-89.428
2026-09-26T20:16:36.000Z,1790453796.000,32.646339076,-117.197853638,6.424,111.153,99.348,4.124,-0.367,-1296,-915.485,2,6.414,-89.173
2026-09-26T20:16:37.000Z,1790453797.000,32.646329587,-117.197821054,6.302,106.05,98.294,4.698,0.937,-1297,-912.279,2,6.235,-89.181
2026-09-26T20:16:38.000Z,1790453798.000,32.64632191,-117.197787858,6.297,101.032,98.734,5.795,-0.103,-1298,-909.055,2,6.126,-89.279
2026-09-26T20:16:39.000Z,1790453799.000,32.646315038,-117.197754994,6.2,103.064,99.321,5.015,-0.951,-1299,-905.881,2,6.077,-89.441
2026-09-26T20:16:40.000Z,1790453800.000,32.646306611,-117.197722693,6.03,107.058,100.74,2.061,-0.32,-1300,-902.715,2,5.979,-89.356
2026-09-26T20:16:41.000Z,1790453801.000,32.646297122,-117.197691035,6.163,111.897,102.234,-2.763,-0.498,-1301,-899.582,2,6.156,-89.133
2026-09-26T20:16:42.000Z,1790453802.000,32.646284057,-117.197659087,6.468,116.39,103.895,1.7,-0.834,-1302,-896.335,2,6.465,-88.525
2026-09-26T20:16:43.000Z,1790453803.000,32.646269598,-117.197626189,6.91,118.207,105.471,-1.068,-0.173,-1303,-892.968,2,6.895,-87.804
2026-09-26T20:16:44.000Z,1790453804.000,32.646252326,-117.197592917,7.03,125.652,107.6,0.152,0.439,-1304,-889.501,2,6.896,-86.751
2026-09-26T20:16:45.000Z,1790453805.000,32.646233553,-117.197560299,7.368,124.519,110.2,1.525,0.065,-1305,-886.065,2,7.252,-85.482
2026-09-26T20:16:46.000Z,1790453806.000,32.646215609,-117.197525726,7.304,120.212,110.2,3.031,0.2,-1306,-882.453,2,7.265,-84.567
2026-09-26T20:16:47.000Z,1790453807.000,32.646199536,-117.197492322,6.6,120.441,107.979,7.238,0.124,-1307,-878.979,2,6.562,-83.997
2026-09-26T20:16:48.000Z,1790453808.000,32.646185214,-117.197459121,6.67,114.332,106.14,4.241,-1,-1308,-875.575,2,6.67,-83.576
2026-09-26T20:16:49.000Z,1790453809.000,32.646172448,-117.1974272,6.598,116.222,104.232,3.366,-0.632,-1309,-872.334,2,6.595,-83.288
2026-09-26T20:16:50.000Z,1790453810.000,32.646159262,-117.197395227,6.5,114.89,102.938,3.89,0.152,-1310,-869.081,2,6.5,-82.908
2026-09-26T20:16:51.000Z,1790453811.000,32.646145662,-117.197362327,6.676,119.066,103.914,4.91,-0.327,-1311,-865.734,2,6.653,-82.327
2026-09-26T20:16:52.000Z,1790453812.000,32.646131814,-117.197328419,7.033,114.869,104.265,1.661,-0.365,-1312,-862.288,2,7.032,-81.798
2026-09-26T20:16:53.000Z,1790453813.000,32.646119243,-117.197293657,7.166,113.921,104.6,-1.464,-0.365,-1313,-858.798,2,7.166,-81.431
2026-09-26T20:16:54.000Z,1790453814.000,32.646103832,-117.197260566,7.313,119.13,105.389,5.483,-0,-1314,-855.389,2,7.287,-80.678
2026-09-26T20:16:55.000Z,1790453815.000,32.646089128,-117.197225211,6.859,116.011,104.718,3.155,0.352,-1315,-851.787,2,6.856,-80.183
2026-09-26T20:16:56.000Z,1790453816.000,32.646075777,-117.197191913,6.665,114.415,105.668,0.832,-0.295,-1316,-848.412,2,6.665,-79.641
2026-09-26T20:16:57.000Z,1790453817.000,32.646062199,-117.197158855,6.922,115.851,106.057,1.464,-0.8,-1317,-845.052,2,6.919,-79.114
2026-09-26T20:16:58.000Z,1790453818.000,32.646050042,-117.197125916,6.346,112.975,104.483,4.456,0.61,-1318,-841.735,2,6.345,-78.893
2026-09-26T20:16:59.000Z,1790453819.000,32.646038485,-117.197093247,6.2,113.885,104.409,5.262,0.351,-1319,-838.461,2,6.2,-78.607
2026-09-26T20:17:00.000Z,1790453820.000,32.646027251,-117.197062623,6.135,111.645,103.933,4.198,-0.2,-1320,-835.381,2,6.128,-78.329
2026-09-26T20:17:01.000Z,1790453821.000,32.64601629,-117.197032869,5.803,111.517,103.807,2.355,0.131,-1321,-832.388,2,5.797,-78.026
2026-09-26T20:17:02.000Z,1790453822.000,32.646004652,-117.197002962,6.571,112.657,102.776,3.41,-0.576,-1322,-829.364,2,6.569,-77.73
2026-09-26T20:17:03.000Z,1790453823.000,32.645992715,-117.196971638,5.849,114.389,101.83,3.249,0.14,-1323,-826.205,2,5.849,-77.435
2026-09-26T20:17:04.000Z,1790453824.000,32.645981159,-117.196942146,6.169,113.718,103.367,0.465,-0.365,-1324,-823.219,2,6.169,-76.928
2026-09-26T20:17:05.000Z,1790453825.000,32.645968114,-117.196911446,6.609,116.032,104.764,0.546,-0.728,-1325,-820.087,2,6.605,-76.308
2026-09-26T20:17:06.000Z,1790453826.000,32.64595449,-117.196881563,6.1,117.035,103.321,2.135,0.342,-1326,-817.013,2,6.093,-75.834
2026-09-26T20:17:07.000Z,1790453827.000,32.645941043,-117.19685086,6.195,118.086,103.765,2.905,-0.105,-1327,-813.869,2,6.181,-75.249
2026-09-26T20:17:08.000Z,1790453828.000,32.64592734,-117.196820284,6.465,119.411,105.496,-0.965,-0.935,-1328,-810.734,2,6.438,-74.529
2026-09-26T20:17:09.000Z,1790453829.000,32.645913147,-117.196788321,6.746,117.769,106.718,-1.05,-0.469,-1329,-807.461,2,6.732,-73.838
2026-09-26T20:17:10.000Z,1790453830.000,32.645898389,-117.196756259,6.427,116.834,105.827,3.785,-0.097,-1330,-804.156,2,6.42,-73.262
2026-09-26T20:17:11.000Z,1790453831.000,32.645886284,-117.196722854,6.166,111.513,104.4,3.844,0.068,-1331,-800.798,2,6.159,-73.048
2026-09-26T20:17:12.000Z,1790453832.000,32.645875825,-117.196692488,6.037,111.938,102.85,3.287,0.175,-1332,-797.762,2,6.033,-72.931
2026-09-26T20:17:13.000Z,1790453833.000,32.645865619,-117.196663475,5.559,112.246,100.991,2.2,0.605,-1333,-794.86,2,5.556,-72.827
2026-09-26T20:17:14.000Z,1790453834.000,32.645854594,-117.196633156,6.168,112.358,100.958,-0.479,0.279,-1334,-791.814,2,6.165,-72.527
2026-09-26T20:17:15.000Z,1790453835.000,32.645843108,-117.196601956,6.7,112.97,101.633,-0.232,-0.999,-1335,-788.674,2,6.698,-72.146
2026-09-26T20:17:16.000Z,1790453836.000,32.645830294,-117.196566862,7.265,112.826,101,-1.206,-0.358,-1336,-785.149,2,7.262,-71.84
2026-09-26T20:17:17.000Z,1790453837.000,32.645816259,-117.196529704,7.411,113.905,102.179,2.716,-0.637,-1337,-781.399,2,7.411,-71.318
2026-09-26T20:17:18.000Z,1790453838.000,32.645802762,-117.196491956,7.261,111.796,103.3,0.188,-0.3,-1338,-777.612,2,7.255,-70.874
2026-09-26T20:17:19.000Z,1790453839.000,32.645790042,-117.19645639,6.966,113.74,103.901,0.497,-0.502,-1339,-774.045,2,6.966,-70.492
2026-09-26T20:17:20.000Z,1790453840.000,32.645776631,-117.196422459,6.712,115.806,101.212,5.198,-0.637,-1340,-770.611,2,6.709,-70.256
2026-09-26T20:17:21.000Z,1790453841.000,32.645764785,-117.196389856,6.623,112.554,99.723,2.562,-1.323,-1341,-767.343,2,6.62,-70.051
2026-09-26T20:17:22.000Z,1790453842.000,32.645753158,-117.196355832,6.531,111.216,99.3,-1.349,-0.419,-1342,-763.946,2,6.522,-69.824
2026-09-26T20:17:23.000Z,1790453843.000,32.645742863,-117.196322055,6.6,109.431,98.1,0.934,-0.234,-1343,-760.612,2,6.576,-69.793
2026-09-26T20:17:24.000Z,1790453844.000,32.645733268,-117.196288657,6.289,110.747,99.389,0.159,-0.506,-1344,-757.314,2,6.277,-69.625
2026-09-26T20:17:25.000Z,1790453845.000,32.645723349,-117.196255769,6.239,112.653,100.684,0.846,-0.461,-1345,-754.057,2,6.236,-69.408
2026-09-26T20:17:26.000Z,1790453846.000,32.64571297,-117.196223011,6.232,110.813,101.84,0.504,-0.636,-1346,-750.802,2,6.22,-69.15
2026-09-26T20:17:27.000Z,1790453847.000,32.645702677,-117.196191134,6.4,109.808,101.566,0.935,-0.595,-1347,-747.634,2,6.38,-68.991
2026-09-26T20:17:28.000Z,1790453848.000,32.645691775,-117.19615951,6.514,111.811,101.238,4.758,-0.324,-1348,-744.473,2,6.508,-68.764
2026-09-26T20:17:29.000Z,1790453849.000,32.645680884,-117.196126332,6.53,112.962,102.503,1.689,-1.122,-1349,-741.168,2,6.528,-68.454
2026-09-26T20:17:30.000Z,1790453850.000,32.645669179,-117.196093875,6.57,113.639,102.9,-0.543,-0.038,-1350,-737.909,2,6.57,-68.108
2026-09-26T20:17:31.000Z,1790453851.000,32.645656184,-117.196061046,6.9,114.978,103.002,-0.34,0.032,-1351,-734.583,2,6.9,-67.66
2026-09-26T20:17:32.000Z,1790453852.000,32.64564206,-117.196027647,7.007,114.729,101.542,6.958,0.2,-1352,-731.179,2,7.007,-67.234
2026-09-26T20:17:33.000Z,1790453853.000,32.64562921,-117.195994422,6.559,115.523,101.159,4.693,-0.559,-1353,-727.823,2,6.558,-66.851
2026-09-26T20:17:34.000Z,1790453854.000,32.645618248,-117.195962209,6.268,112.377,99.668,1.534,0.098,-1354,-724.612,2,6.264,-66.728
2026-09-26T20:17:35.000Z,1790453855.000,32.645608415,-117.195928852,6.071,109.624,99.5,2.1,0.032,-1355,-721.321,2,6.05,-66.652
2026-09-26T20:17:36.000Z,1790453856.000,32.645599191,-117.195897942,6.154,106.815,99.438,4.507,-0.346,-1356,-718.269,2,6.099,-66.561
2026-09-26T20:17:37.000Z,1790453857.000,32.645590562,-117.195866673,5.825,110.664,99.275,4.494,-0.613,-1357,-715.199,2,5.812,-66.552
2026-09-26T20:17:38.000Z,1790453858.000,32.64558154,-117.195835589,6.099,109.196,98.898,2.803,-0.363,-1358,-712.138,2,6.073,-66.513
2026-09-26T20:17:39.000Z,1790453859.000,32.645570952,-117.195804308,6.487,111.745,100.664,2.823,-0.123,-1359,-709.006,2,6.479,-66.141
2026-09-26T20:17:40.000Z,1790453860.000,32.645559287,-117.195771261,6.784,111.091,101.439,2.554,0.107,-1360,-705.693,2,6.772,-65.785
2026-09-26T20:17:41.000Z,1790453861.000,32.645547646,-117.195736045,6.869,111.876,102.638,2.476,-0.193,-1361,-702.182,2,6.862,-65.46
2026-09-26T20:17:42.000Z,1790453862.000,32.645535788,-117.195701098,6.898,113.076,101.564,5.066,0.834,-1362,-698.696,2,6.896,-65.287
2026-09-26T20:17:43.000Z,1790453863.000,32.645524046,-117.195666812,6.749,114.06,101.9,7.008,-0.765,-1363,-695.269,2,6.748,-64.994
2026-09-26T20:17:44.000Z,1790453864.000,32.645512422,-117.195632767,6.637,110.726,100.012,4.26,-0.713,-1364,-691.875,2,6.622,-64.886
2026-09-26T20:17:45.000Z,1790453865.000,32.645501239,-117.195597481,7.1,111.947,99.1,-0.296,-0.364,-1365,-688.378,2,7.092,-64.78
2026-09-26T20:17:46.000Z,1790453866.000,32.645488878,-117.195563535,6.732,115.674,98.932,3.306,-0.502,-1366,-684.968,2,6.731,-64.453
2026-09-26T20:17:47.000Z,1790453867.000,32.645477574,-117.195527721,6.873,111.199,98.818,1.527,-0.8,-1367,-681.415,2,6.86,-64.286
2026-09-26T20:17:48.000Z,1790453868.000,32.645465921,-117.195491488,6.9,109.923,97.9,6.366,-0.193,-1368,-677.821,2,6.876,-64.158
2026-09-26T20:17:49.000Z,1790453869.000,32.645456328,-117.195455042,6.767,106.246,98.7,6.729,0.165,-1369,-674.248,2,6.693,-64.117
2026-09-26T20:17:50.000Z,1790453870.000,32.645447262,-117.195420668,6.47,108.665,99.53,2.544,-0.4,-1370,-670.879,2,6.433,-64.07
2026-09-26T20:17:51.000Z,1790453871.000,32.645436899,-117.195386306,6.691,109.445,101.309,-0.046,-0.646,-1371,-667.474,2,6.662,-63.809
2026-09-26T20:17:52.000Z,1790453872.000,32.645424553,-117.195351738,6.88,112.911,103.4,-0.429,-0.159,-1372,-664.004,2,6.876,-63.319
2026-09-26T20:17:53.000Z,1790453873.000,32.645411367,-117.195316333,7.033,114.567,103.7,2.733,0.467,-1373,-660.439,2,7.033,-62.907
2026-09-26T20:17:54.000Z,1790453874.000,32.645397361,-117.195281769,7.066,114.476,101.669,7.522,-0.163,-1374,-656.932,2,7.066,-62.574
2026-09-26T20:17:55.000Z,1790453875.000,32.645384975,-117.195247362,6.862,112.056,100.314,6.08,-0.352,-1375,-653.483,2,6.854,-62.352
2026-09-26T20:17:56.000Z,1790453876.000,32.645372562,-117.195212003,6.952,112.255,100.809,1.635,-1.091,-1376,-649.94,2,6.945,-62.006
2026-09-26T20:17:57.000Z,1790453877.000,32.645360192,-117.195177143,6.769,112.722,100.367,-1.633,-0.332,-1377,-646.448,2,6.764,-61.725
2026-09-26T20:17:58.000Z,1790453878.000,32.645348155,-117.195142166,6.822,110.456,100.3,2.401,0.329,-1378,-642.952,2,6.801,-61.453
2026-09-26T20:17:59.000Z,1790453879.000,32.645336917,-117.195107661,6.839,109.15,100.7,6.167,0.261,-1379,-639.517,2,6.804,-61.214
2026-09-26T20:18:00.000Z,1790453880.000,32.645327034,-117.195072436,6.463,106.253,101.8,5.063,0.274,-1380,-636.051,2,6.389,-61.083
2026-09-26T20:18:01.000Z,1790453881.000,32.645317843,-117.195040166,6.3,106.419,102.666,1.297,-0.968,-1381,-632.873,2,6.23,-60.96
2026-09-26T20:18:02.000Z,1790453882.000,32.645307966,-117.195009558,5.8,110.966,100.562,2.353,-0.3,-1382,-629.836,2,5.785,-60.956
2026-09-26T20:18:03.000Z,1790453883.000,32.645297176,-117.194978892,6.037,111.054,99.5,2.318,-0.163,-1383,-626.77,2,6.022,-60.773
2026-09-26T20:18:04.000Z,1790453884.000,32.645286178,-117.194946834,6.297,111.74,100.865,1.913,0.5,-1384,-623.56,2,6.286,-60.413
2026-09-26T20:18:05.000Z,1790453885.000,32.645274012,-117.194914665,6.534,111.685,101.303,3.659,0.297,-1385,-620.314,2,6.522,-60.006
2026-09-26T20:18:06.000Z,1790453886.000,32.645262482,-117.19488284,6.371,112.151,99.971,5.916,-0.878,-1386,-617.124,2,6.363,-59.799
2026-09-26T20:18:07.000Z,1790453887.000,32.645252627,-117.194850772,6.2,106.816,97.512,3.58,-0.578,-1387,-613.965,2,6.135,-59.867
2026-09-26T20:18:08.000Z,1790453888.000,32.645244531,-117.194819489,6,106.164,96.299,1.834,-0.267,-1388,-610.918,2,5.925,-59.998
2026-09-26T20:18:09.000Z,1790453889.000,32.645236074,-117.194787234,6.466,103.946,95.866,0.935,-0.463,-1389,-607.767,2,6.34,-60.057
2026-09-26T20:18:10.000Z,1790453890.000,32.645226657,-117.194754186,6.649,107.457,96.314,1.541,0.065,-1390,-604.509,2,6.586,-59.966
2026-09-26T20:18:11.000Z,1790453891.000,32.645217952,-117.194719881,6.46,105.902,95.741,1.189,0.67,-1391,-601.166,2,6.372,-60.068
2026-09-26T20:18:12.000Z,1790453892.000,32.645211194,-117.194685766,6.1,103.652,91.527,2.637,0.302,-1392,-597.943,2,5.97,-60.656
2026-09-26T20:18:13.000Z,1790453893.000,32.645206182,-117.194652141,6.129,100.688,86.782,5.871,-1.153,-1393,-594.847,2,5.921,-61.449
2026-09-26T20:18:14.000Z,1790453894.000,32.645204339,-117.194618174,5.827,90.052,79.913,3.699,-0.714,-1394,-591.897,2,5.244,-62.73
2026-09-26T20:18:15.000Z,1790453895.000,32.645205406,-117.194583719,6.25,86.938,77.406,2.806,-0.694,-1395,-588.872,2,5.458,-64.003
2026-09-26T20:18:16.000Z,1790453896.000,32.645206466,-117.194549056,6.303,87.834,78.463,5.867,-1.161,-1396,-585.706,2,5.541,-65.029
2026-09-26T20:18:17.000Z,1790453897.000,32.645208424,-117.194514534,6.228,86.496,79.376,-3.282,-0.038,-1397,-582.582,2,5.394,-66.156
2026-09-26T20:18:18.000Z,1790453898.000,32.645209,-117.194479808,6.017,92.399,79.235,-4.458,0.272,-1398,-579.439,2,5.484,-67.217
2026-09-26T20:18:19.000Z,1790453899.000,32.645208868,-117.194446041,6.04,89.927,79.532,0.448,-0.252,-1399,-576.351,2,5.384,-68.145
2026-09-26T20:18:20.000Z,1790453900.000,32.645208569,-117.194412954,6.161,90.127,79.792,-1.973,-1.104,-1400,-573.322,2,5.493,-69.038
2026-09-26T20:18:21.000Z,1790453901.000,32.645206947,-117.194380714,5.61,95.006,80.59,-3.137,-0.01,-1401,-570.318,2,5.194,-69.728
2026-09-26T20:18:22.000Z,1790453902.000,32.645204912,-117.194347316,5.612,98.404,83.7,-2.609,0.006,-1402,-567.133,2,5.307,-70.237
2026-09-26T20:18:23.000Z,1790453903.000,32.645202497,-117.194315501,5.831,97.981,84.87,-2.664,-0.537,-1403,-564.142,2,5.496,-70.801
2026-09-26T20:18:24.000Z,1790453904.000,32.645200235,-117.194283872,5.64,92.79,84.94,-4.145,0.6,-1404,-561.201,2,5.117,-71.458
2026-09-26T20:18:25.000Z,1790453905.000,32.645197991,-117.194254392,5.585,94.542,84.638,-7.415,-0.615,-1405,-558.467,2,5.131,-72.084
2026-09-26T20:18:26.000Z,1790453906.000,32.645194986,-117.194223349,5.807,95.797,84.569,-5.883,-0.362,-1406,-555.564,2,5.378,-72.656
2026-09-26T20:18:27.000Z,1790453907.000,32.645192269,-117.194190767,5.869,95.265,83.769,-6.131,0.165,-1407,-552.548,2,5.408,-73.357
2026-09-26T20:18:28.000Z,1790453908.000,32.645189214,-117.19415771,5.986,93.757,84.3,-2.686,-0.408,-1408,-549.444,2,5.445,-73.936
2026-09-26T20:18:29.000Z,1790453909.000,32.645187209,-117.194125313,5.701,95.479,84.241,-4.19,-1.41,-1409,-546.444,2,5.248,-74.652
2026-09-26T20:18:30.000Z,1790453910.000,32.645185898,-117.194093233,5.631,94.241,82.831,-6.702,0.127,-1410,-543.528,2,5.127,-75.532
2026-09-26T20:18:31.000Z,1790453911.000,32.645184568,-117.194061086,5.8,93.269,82.971,-5.895,0.424,-1411,-540.562,2,5.231,-76.298
2026-09-26T20:18:32.000Z,1790453912.000,32.645183612,-117.194028726,6.112,93.299,83,-6.011,-0.675,-1412,-537.589,2,5.504,-77.117
2026-09-26T20:18:33.000Z,1790453913.000,32.64518277,-117.193995344,6.281,89.152,81.019,-6.474,-0.041,-1413,-534.586,2,5.432,-78.125
2026-09-26T20:18:34.000Z,1790453914.000,32.645182233,-117.193961176,6.2,91.927,81.399,-5.436,-0.1,-1414,-531.449,2,5.495,-79.014
2026-09-26T20:18:35.000Z,1790453915.000,32.6451818,-117.193926518,6.494,90.519,81.477,-3.358,0.529,-1415,-528.28,2,5.667,-79.951
2026-09-26T20:18:36.000Z,1790453916.000,32.645181625,-117.193892058,6.275,89.228,81.313,-1.737,-0.362,-1416,-525.142,2,5.392,-80.927
2026-09-26T20:18:37.000Z,1790453917.000,32.645182907,-117.193858352,5.862,86.899,78.693,-3.938,0.055,-1417,-522.19,2,4.896,-82.212
2026-09-26T20:18:38.000Z,1790453918.000,32.645183767,-117.193826022,5.934,89.034,78.665,-5.967,0.968,-1418,-519.269,2,5.061,-83.227
2026-09-26T20:18:39.000Z,1790453919.000,32.645183177,-117.193793575,5.861,92.4,80.861,-5.849,-0.655,-1419,-516.228,2,5.16,-83.932
2026-09-26T20:18:40.000Z,1790453920.000,32.645181778,-117.193760129,5.959,95.088,81.192,-8.57,-0.881,-1420,-513.136,2,5.363,-84.714
2026-09-26T20:18:41.000Z,1790453921.000,32.645177457,-117.193727544,6.1,100.597,84.54,-6.792,-0.41,-1421,-509.961,2,5.714,-84.939
2026-09-26T20:18:42.000Z,1790453922.000,32.645171642,-117.193694512,6.3,103.456,88.06,-5.808,-0.96,-1422,-506.719,2,6,-84.999
2026-09-26T20:18:43.000Z,1790453923.000,32.645165009,-117.193660779,6.491,102.864,91.537,-5.291,-0.864,-1423,-503.409,2,6.156,-84.99
2026-09-26T20:18:44.000Z,1790453924.000,32.645158425,-117.193625595,6.6,103.782,92.461,-5.643,-0.057,-1424,-500.02,2,6.287,-85.224
2026-09-26T20:18:45.000Z,1790453925.000,32.645151833,-117.193592067,6.167,100.9,92.533,-0.333,0.2,-1425,-496.795,2,5.766,-85.476
2026-09-26T20:18:46.000Z,1790453926.000,32.645146885,-117.193560135,5.745,101.42,93.025,-1.5,-0.71,-1426,-493.752,2,5.384,-85.824
2026-09-26T20:18:47.000Z,1790453927.000,32.645142651,-117.193530282,5.617,99.219,92.517,-4.5,-0.217,-1427,-490.931,2,5.178,-86.267
2026-09-26T20:18:48.000Z,1790453928.000,32.645138079,-117.193499632,5.4,101.407,91.238,-5.824,-0.807,-1428,-488.043,2,5.048,-86.756
2026-09-26T20:18:49.000Z,1790453929.000,32.645132338,-117.193470254,5.633,104.237,91.597,-8.099,-0.496,-1429,-485.213,2,5.353,-86.958
2026-09-26T20:18:50.000Z,1790453930.000,32.6451265,-117.193440148,5.6,103.976,93.8,-11.285,0.069,-1430,-482.287,2,5.31,-87.026
2026-09-26T20:18:51.000Z,1790453931.000,32.645119093,-117.193409791,5.76,105.805,95.66,-7.195,0.121,-1431,-479.309,2,5.514,-86.96
2026-09-26T20:18:52.000Z,1790453932.000,32.645110782,-117.193377991,5.832,106.521,96.568,-0.421,-0.564,-1432,-476.189,2,5.6,-86.914
2026-09-26T20:18:53.000Z,1790453933.000,32.645104635,-117.193346311,5.9,100.038,94.601,-1.498,-0.267,-1433,-473.167,2,5.434,-87.322
2026-09-26T20:18:54.000Z,1790453934.000,32.645099806,-117.193315897,5.5,98.477,91.859,-1.93,0.6,-1434,-470.312,2,4.997,-87.893
2026-09-26T20:18:55.000Z,1790453935.000,32.64509621,-117.193285137,5.37,99.51,87.799,-0.91,-0.31,-1435,-467.495,2,4.908,-88.703
2026-09-26T20:18:56.000Z,1790453936.000,32.645093698,-117.193256661,5.233,93.12,83.8,-3.443,0,-1436,-464.935,2,4.504,-89.55
2026-09-26T20:18:57.000Z,1790453937.000,32.645091373,-117.193227335,5.469,97.203,83.997,-9.828,-0.669,-1437,-462.199,2,4.884,-90.125
2026-09-26T20:18:58.000Z,1790453938.000,32.645087482,-117.193196269,5.791,101.703,84.818,-7.297,-2.015,-1438,-459.248,2,5.352,-90.538
2026-09-26T20:18:59.000Z,1790453939.000,32.645082373,-117.193161922,6.461,99.579,86.057,-4.034,-0.709,-1439,-455.957,2,5.865,-90.883
2026-09-26T20:19:00.000Z,1790453940.000,32.645078544,-117.193126349,6.6,96.17,87.105,-4.59,0.1,-1440,-452.594,2,5.801,-91.413
2026-09-26T20:19:01.000Z,1790453941.000,32.645075509,-117.193090271,6.565,95.096,88.296,-5.178,-0.087,-1441,-449.204,2,5.695,-92.029
2026-09-26T20:19:02.000Z,1790453942.000,32.645071412,-117.193057233,5.9,96.8,88.539,-3.151,0.551,-1442,-446.084,2,5.19,-92.519
2026-09-26T20:19:03.000Z,1790453943.000,32.645067986,-117.193025063,5.669,95.821,89.186,-5.441,0.176,-1443,-443.053,2,4.927,-93.024
2026-09-26T20:19:04.000Z,1790453944.000,32.645064035,-117.19299551,5.434,102.403,87.767,-7.934,-0.799,-1444,-440.289,2,4.99,-93.556
2026-09-26T20:19:05.000Z,1790453945.000,32.645058252,-117.192966073,5.825,101.74,88.2,-5.351,0.138,-1445,-437.45,2,5.314,-93.75
2026-09-26T20:19:06.000Z,1790453946.000,32.645053003,-117.192933162,6.279,100.7,89.47,-7.752,-1.33,-1446,-434.291,2,5.669,-94.035
2026-09-26T20:19:07.000Z,1790453947.000,32.645047755,-117.192898729,6.5,99.591,88.1,-5.062,0.1,-1447,-431.048,2,5.799,-94.567
2026-09-26T20:19:08.000Z,1790453948.000,32.645042706,-117.192863446,6.5,98.96,88.636,0.866,-0.336,-1448,-427.693,2,5.751,-94.997
2026-09-26T20:19:09.000Z,1790453949.000,32.645039391,-117.192828873,6.364,96.091,87.045,-3.155,-0.564,-1449,-424.494,2,5.455,-95.753
2026-09-26T20:19:10.000Z,1790453950.000,32.645036354,-117.192795372,5.885,96.046,86.8,-4.485,0.492,-1450,-421.37,2,5.025,-96.405
2026-09-26T20:19:11.000Z,1790453951.000,32.645032235,-117.192763877,5.967,98.735,87.6,-5.066,-0.533,-1451,-418.377,2,5.221,-96.806
2026-09-26T20:19:12.000Z,1790453952.000,32.645028543,-117.192733049,5.565,98.035,87.365,-9.684,0.3,-1452,-415.48,2,4.822,-97.312
2026-09-26T20:19:13.000Z,1790453953.000,32.645023138,-117.192703729,5.485,104.602,90.169,-7.377,-1.007,-1453,-412.612,2,5.026,-97.361
2026-09-26T20:19:14.000Z,1790453954.000,32.645017075,-117.192672704,5.662,103.438,91.05,-6.95,-1.269,-1454,-409.615,2,5.131,-97.535
2026-09-26T20:19:15.000Z,1790453955.000,32.645012133,-117.1926421,5.767,97.633,90.767,-6.467,-0.167,-1455,-406.705,2,4.938,-97.906
2026-09-26T20:19:16.000Z,1790453956.000,32.645007807,-117.192611865,5.477,99.737,89.045,-2.345,0.085,-1456,-403.873,2,4.775,-98.443
2026-09-26T20:19:17.000Z,1790453957.000,32.645004114,-117.192581385,5.676,98.395,87.689,-3.167,0.065,-1457,-401.03,2,4.865,-99.025
2026-09-26T20:19:18.000Z,1790453958.000,32.645001926,-117.19254986,5.605,95.38,87.021,-9.031,0.5,-1458,-398.118,2,4.626,-99.743
2026-09-26T20:19:19.000Z,1790453959.000,32.644998339,-117.192517989,5.566,98.969,87.629,-4.247,-0.939,-1459,-395.109,2,4.764,-100.226
2026-09-26T20:19:20.000Z,1790453960.000,32.644994417,-117.192484876,5.955,96.808,90.468,-3.621,-1.419,-1460,-391.936,2,4.959,-100.536
2026-09-26T20:19:21.000Z,1790453961.000,32.644989599,-117.192450953,5.979,103.441,95.931,-10.101,0.74,-1461,-388.642,2,5.314,-100.564
2026-09-26T20:19:22.000Z,1790453962.000,32.644981614,-117.192419374,5.726,112.069,102.009,-5.535,-0.571,-1462,-385.522,2,5.419,-100.132
2026-09-26T20:19:23.000Z,1790453963.000,32.644971724,-117.192390663,5.431,115.334,102.396,1.369,-0.059,-1463,-382.651,2,5.226,-99.872
2026-09-26T20:19:24.000Z,1790453964.000,32.644961461,-117.192364758,5.208,116.458,107.798,-8.209,1.021,-1464,-380.039,2,5.036,-99.086
2026-09-26T20:19:25.000Z,1790453965.000,32.644947051,-117.192340412,5.492,128.586,112.747,-10.43,-1.6,-1465,-377.497,2,5.486,-97.853
2026-09-26T20:19:26.000Z,1790453966.000,32.6449305,-117.1923153,5.967,127.167,111.4,-4.733,-0.067,-1466,-374.766,2,5.952,-96.925
2026-09-26T20:19:27.000Z,1790453967.000,32.64491371,-117.192287272,6.435,124.355,111.973,-1.828,0.031,-1467,-371.787,2,6.387,-95.9
2026-09-26T20:19:28.000Z,1790453968.000,32.644899175,-117.19225925,5.915,122.15,111.415,-6.092,-0.446,-1468,-368.853,2,5.838,-95.204
2026-09-26T20:19:29.000Z,1790453969.000,32.644886068,-117.19223174,5.839,116.318,108.934,-4.23,0.9,-1469,-365.985,2,5.632,-94.802
2026-09-26T20:19:30.000Z,1790453970.000,32.6448746,-117.1922061,5.267,116.3,105.833,1.367,-0.033,-1470,-363.337,2,5.074,-94.57
2026-09-26T20:19:31.000Z,1790453971.000,32.644863091,-117.192180382,5.378,119.933,107.144,-2.831,-0.829,-1471,-360.703,2,5.26,-93.978
2026-09-26T20:19:32.000Z,1790453972.000,32.644849905,-117.19215401,5.979,123.143,110.019,-8.459,-0.537,-1472,-357.981,2,5.907,-93.1
2026-09-26T20:19:33.000Z,1790453973.000,32.644834227,-117.192123921,6.832,119.458,111.732,-6.519,-0.164,-1473,-354.854,2,6.664,-92.159
2026-09-26T20:19:34.000Z,1790453974.000,32.644819339,-117.192091444,6.866,117.395,111.7,-3.304,0.399,-1474,-351.511,2,6.632,-91.511
2026-09-26T20:19:35.000Z,1790453975.000,32.644805472,-117.192061083,6.44,117.018,111.921,-2.3,0.201,-1475,-348.391,2,6.203,-90.89
2026-09-26T20:19:36.000Z,1790453976.000,32.644793328,-117.192034018,5.2,118.801,110.016,-2.484,0.484,-1476,-345.592,2,5.045,-90.53
2026-09-26T20:19:37.000Z,1790453977.000,32.644781887,-117.192008394,4.9,116.531,109.119,-2.75,-0.687,-1477,-342.955,2,4.698,-90.122
2026-09-26T20:19:38.000Z,1790453978.000,32.644770446,-117.191984224,5.1,121.565,107.166,-4.666,-0.635,-1478,-340.445,2,4.994,-89.758
2026-09-26T20:19:39.000Z,1790453979.000,32.644757708,-117.191960034,5.438,120.61,109.533,-6.155,-0.524,-1479,-337.929,2,5.304,-88.906
2026-09-26T20:19:40.000Z,1790453980.000,32.644742592,-117.191934003,5.8,126.158,112.32,-7.881,1.25,-1480,-335.198,2,5.753,-87.822
2026-09-26T20:19:41.000Z,1790453981.000,32.644725942,-117.191909002,5.865,128.633,114.104,-6.505,0.165,-1481,-332.515,2,5.844,-86.627
2026-09-26T20:19:42.000Z,1790453982.000,32.644708612,-117.19188585,5.698,131.095,116.197,-10.061,0.468,-1482,-329.993,2,5.693,-85.284
2026-09-26T20:19:43.000Z,1790453983.000,32.644689305,-117.191860549,6.262,132.899,118.909,-10.694,0.176,-1483,-327.244,2,6.262,-83.743
2026-09-26T20:19:44.000Z,1790453984.000,32.644667116,-117.191834209,6.871,135.049,119.429,-4.722,0.488,-1484,-324.283,2,6.868,-82.103
2026-09-26T20:19:45.000Z,1790453985.000,32.644644767,-117.1918051,7.333,130,120.167,-1.333,-0.1,-1485,-321.071,2,7.321,-80.508
2026-09-26T20:19:46.000Z,1790453986.000,32.64462266,-117.191772292,7.731,126.027,121.3,-3.892,-0.227,-1486,-317.54,2,7.666,-79.012
2026-09-26T20:19:47.000Z,1790453987.000,32.644600517,-117.191739193,7.792,125.895,120.817,-3.014,1,-1487,-313.941,2,7.722,-77.649
2026-09-26T20:19:48.000Z,1790453988.000,32.644578338,-117.191706392,7.77,130.089,120.53,-0.178,-0.259,-1488,-310.374,2,7.755,-76.258
2026-09-26T20:19:49.000Z,1790453989.000,32.644555992,-117.191675722,7.567,129.498,119.665,-0.002,0.502,-1489,-306.984,2,7.546,-74.834
2026-09-26T20:19:50.000Z,1790453990.000,32.644534106,-117.191644072,7.265,129.325,119.795,-5.295,0.145,-1490,-303.538,2,7.242,-73.409
2026-09-26T20:19:51.000Z,1790453991.000,32.644511548,-117.191613584,7.35,131.112,119.375,-1.313,0.6,-1491,-300.169,2,7.341,-71.922
2026-09-26T20:19:52.000Z,1790453992.000,32.644488696,-117.191584537,6.962,133.617,119.5,-0.948,0.5,-1492,-296.936,2,6.962,-70.32
2026-09-26T20:19:53.000Z,1790453993.000,32.644466729,-117.191556219,7.068,132.641,118.835,-0.79,0.095,-1493,-293.775,2,7.066,-68.854
2026-09-26T20:19:54.000Z,1790453994.000,32.644447,-117.19152796,6.7,129.78,119.845,-4.29,0.735,-1494,-290.715,2,6.681,-67.49
2026-09-26T20:19:55.000Z,1790453995.000,32.644427717,-117.191500789,6.427,131.554,122.636,-1.754,0.055,-1495,-287.811,2,6.421,-66.002
2026-09-26T20:19:56.000Z,1790453996.000,32.644408391,-117.191474007,6.418,129.802,120.821,0.509,-0.291,-1496,-284.826,2,6.399,-64.862
2026-09-26T20:19:57.000Z,1790453997.000,32.644390191,-117.191446605,6.368,125.548,119.134,2.794,-0.802,-1497,-281.821,2,6.292,-63.85
2026-09-26T20:19:58.000Z,1790453998.000,32.644372984,-117.191417555,6.7,123.429,117.026,1.183,-0.017,-1498,-278.688,2,6.571,-63.024
2026-09-26T20:19:59.000Z,1790453999.000,32.644354786,-117.191390517,6.462,127.108,117.808,1.2,-0.377,-1499,-275.771,2,6.403,-61.805
2026-09-26T20:20:00.000Z,1790454000.000,32.64433654,-117.191362333,6.177,128.168,116.238,0.423,0.454,-1500,-272.702,2,6.133,-60.802
2026-09-26T20:20:01.000Z,1790454001.000,32.644318527,-117.191335557,6.367,128.33,117.267,-0.602,0.567,-1501,-269.818,2,6.322,-59.575
2026-09-26T20:20:02.000Z,1790454002.000,32.644299165,-117.191308255,6.535,132.81,119.3,-3.595,-1.19,-1502,-266.873,2,6.529,-58.141
2026-09-26T20:20:03.000Z,1790454003.000,32.644278019,-117.191279931,7.438,131.097,119.062,-6.275,0.02,-1503,-263.742,2,7.418,-56.728
2026-09-26T20:20:04.000Z,1790454004.000,32.644254819,-117.19124902,7.262,132.693,118.1,-0.101,1.493,-1504,-260.307,2,7.253,-55.229
2026-09-26T20:20:05.000Z,1790454005.000,32.644231851,-117.191218247,7.667,131.576,120.901,-2.568,-0.23,-1505,-256.974,2,7.649,-53.452
2026-09-26T20:20:06.000Z,1790454006.000,32.644209002,-117.191187459,7.5,131.329,117.988,-0.73,0.261,-1506,-253.515,2,7.477,-52.141
2026-09-26T20:20:07.000Z,1790454007.000,32.644187742,-117.191156567,7.359,127.295,113.51,2.525,-0.336,-1507,-250.074,2,7.271,-51.13
2026-09-26T20:20:08.000Z,1790454008.000,32.64416808,-117.191123657,7.065,122.679,111.735,-0.667,-0.001,-1508,-246.546,2,6.856,-50.129
2026-09-26T20:20:09.000Z,1790454009.000,32.644151603,-117.191089772,7.072,116.058,110.6,-1.793,-0.379,-1509,-243.022,2,6.592,-49.442
2026-09-26T20:20:10.000Z,1790454010.000,32.644135499,-117.191056798,6.751,120.165,109.858,0.53,-0.31,-1510,-239.596,2,6.429,-48.737
2026-09-26T20:20:11.000Z,1790454011.000,32.644119856,-117.191023372,6.942,115.588,110.116,1.826,-0.177,-1511,-236.15,2,6.387,-48.013
2026-09-26T20:20:12.000Z,1790454012.000,32.644105468,-117.190989347,6.635,116.442,109.069,0.411,-0.1,-1512,-232.67,2,6.103,-47.544
2026-09-26T20:20:13.000Z,1790454013.000,32.644089904,-117.190956257,6.958,115.948,111.758,-3.703,-0.278,-1513,-229.281,2,6.342,-46.621
2026-09-26T20:20:14.000Z,1790454014.000,32.644072388,-117.190922583,7.384,121.971,112.625,-3.792,-0.945,-1514,-225.773,2,6.98,-45.656
2026-09-26T20:20:15.000Z,1790454015.000,32.644053443,-117.190888481,7.411,124.589,111.216,-0.074,2.869,-1515,-222.161,2,7.075,-44.736
2026-09-26T20:20:16.000Z,1790454016.000,32.644034604,-117.190854827,7.236,123.081,111.198,0.245,6.172,-1516,-218.609,2,6.812,-43.702
2026-09-26T20:20:17.000Z,1790454017.000,32.644017812,-117.190822514,6.9,123.437,111.837,-0.643,4.335,-1517,-215.239,2,6.47,-42.794
2026-09-26T20:20:18.000Z,1790454018.000,32.644002371,-117.190792284,6.299,124.755,110.999,1.984,4.179,-1518,-212.078,2,5.915,-42.088
2026-09-26T20:20:19.000Z,1790454019.000,32.643987068,-117.190762067,6.17,120.09,107.51,2.09,4.84,-1519,-208.902,2,5.541,-41.612
2026-09-26T20:20:20.000Z,1790454020.000,32.643972685,-117.190732269,6.367,117.803,106.998,1.497,4.403,-1520,-205.814,2,5.531,-40.98
2026-09-26T20:20:21.000Z,1790454021.000,32.643958211,-117.190701346,6.6,117.661,107.064,-2.95,4.089,-1521,-202.624,2,5.638,-40.323
2026-09-26T20:20:22.000Z,1790454022.000,32.643944033,-117.190670329,6.324,121.491,106.84,-0.782,6.013,-1522,-199.432,2,5.524,-39.725
2026-09-26T20:20:23.000Z,1790454023.000,32.64393078,-117.190638377,6.446,112.41,106.531,4.162,4.315,-1523,-196.178,2,4.924,-39.257
2026-09-26T20:20:24.000Z,1790454024.000,32.643922036,-117.190607811,5.866,105.633,103.7,1.304,3.633,-1524,-193.162,2,3.821,-39.432
2026-09-26T20:20:25.000Z,1790454025.000,32.643915462,-117.190578959,5.358,104.316,102.1,-0.981,4.594,-1525,-190.366,2,3.215,-39.688
2026-09-26T20:20:26.000Z,1790454026.000,32.643907593,-117.190551212,5.163,112.237,104.215,0.637,3.726,-1526,-187.635,2,3.492,-39.475
2026-09-26T20:20:27.000Z,1790454027.000,32.64389842,-117.190523904,5.214,114.328,106.766,-0.579,4.396,-1527,-184.918,2,3.513,-39.075
2026-09-26T20:20:28.000Z,1790454028.000,32.643885633,-117.1904982,5.467,123.3,115.4,-2.233,5,-1528,-182.34,2,4.16,-37.755
2026-09-26T20:20:29.000Z,1790454029.000,32.643869078,-117.190473504,5.971,129.948,124.997,-4.329,5.194,-1529,-179.888,2,4.871,-35.947
2026-09-26T20:20:30.000Z,1790454030.000,32.643848243,-117.190452675,5.915,146.472,132.265,-1.952,3.691,-1530,-177.703,2,5.558,-33.784
2026-09-26T20:20:31.000Z,1790454031.000,32.643825051,-117.19043363,6.1,150.146,135.458,4.068,3.199,-1531,-175.5,2,5.809,-31.638
2026-09-26T20:20:32.000Z,1790454032.000,32.643804077,-117.190411939,6.034,141.021,131.675,-3.724,5.969,-1532,-172.829,2,5.234,-30.311
2026-09-26T20:20:33.000Z,1790454033.000,32.643783779,-117.190391249,5.789,140.439,124.96,5.733,4.112,-1533,-170.191,2,4.803,-29.261
2026-09-26T20:20:34.000Z,1790454034.000,32.643766305,-117.190367377,5.94,126.049,116.07,7.226,4.881,-1534,-167.354,2,3.577,-28.794
2026-09-26T20:20:35.000Z,1790454035.000,32.64375253,-117.19033871,5.437,116.73,107.776,-0.132,4.405,-1535,-164.288,2,2.041,-28.823
2026-09-26T20:20:36.000Z,1790454036.000,32.643743436,-117.190310476,5.399,106.804,94.705,5.631,5.066,-1536,-161.524,2,0.63,-29.716
2026-09-26T20:20:37.000Z,1790454037.000,32.6437411,-117.190281522,5.171,90.919,79.158,8.962,3.706,-1537,-159.183,3,-4.974,31.47
2026-09-26T20:20:38.000Z,1790454038.000,32.643745849,-117.190254207,5.247,70.845,63.133,7.858,2.636,-1538,-157.512,3,-4.252,33.791
2026-09-26T20:20:39.000Z,1790454039.000,32.643756979,-117.190227119,5.468,58.214,45.447,11.756,3.924,-1539,-156.413,3,-3.629,36.594
2026-09-26T20:20:40.000Z,1790454040.000,32.643773804,-117.190203932,5.507,41.733,33.379,14.821,4.298,-1540,-155.614,3,-2.344,39.4
2026-09-26T20:20:41.000Z,1790454041.000,32.643795317,-117.190190274,5.059,18.617,10.523,7.11,0.86,-1541,-156.748,3,-0.19,42.188
2026-09-26T20:20:42.000Z,1790454042.000,32.643816881,-117.190186492,4.841,353.624,0.403,19.432,3.309,-1542,-157.773,3,1.873,44.42
2026-09-26T20:20:43.000Z,1790454043.000,32.643834602,-117.19019516,4.432,327.536,322.224,9.546,4.868,-1543,-161.594,3,3.338,44.244
2026-09-26T20:20:44.000Z,1790454044.000,32.643851101,-117.190208701,4.431,318.606,314.618,9.969,1.531,-1544,-163.609,3,3.748,45.076
2026-09-26T20:20:45.000Z,1790454045.000,32.643866952,-117.190221871,4.227,331.659,313.698,4.652,6.83,-1545,-165.256,3,2.972,46.312
2026-09-26T20:20:46.000Z,1790454046.000,32.643885579,-117.190230375,4.401,337.297,320.965,15.836,4.698,-1546,-166.184,3,2.768,48.555
2026-09-26T20:20:47.000Z,1790454047.000,32.643902645,-117.190242875,4.532,329.7,312.973,17.15,6.268,-1547,-168.12,3,3.289,49.441
2026-09-26T20:20:48.000Z,1790454048.000,32.643919849,-117.190258179,4.365,320.326,304.635,15.47,3.8,-1548,-170.248,3,3.614,50.196
2026-09-26T20:20:49.000Z,1790454049.000,32.643936611,-117.190274625,4.737,318.938,301.278,15.12,1.142,-1549,-172.269,3,3.984,51.239
2026-09-26T20:20:50.000Z,1790454050.000,32.643952601,-117.190292032,4.9,321.859,301.192,16.151,4.597,-1550,-174.271,3,3.978,52.43
2026-09-26T20:20:51.000Z,1790454051.000,32.643968777,-117.190309312,4.4,315.868,299.866,15.63,5.068,-1551,-176.295,3,3.819,53.545
2026-09-26T20:20:52.000Z,1790454052.000,32.643984798,-117.19032681,4.762,316.275,298.95,15.638,3.599,-1552,-178.323,3,4.116,54.67
2026-09-26T20:20:53.000Z,1790454053.000,32.644000918,-117.190346323,5.2,313.931,299.46,16.002,1.137,-1553,-180.504,3,4.595,55.861
2026-09-26T20:20:54.000Z,1790454054.000,32.644016495,-117.190365734,5.147,318.153,301.47,16.066,6.189,-1554,-182.627,3,4.357,57.117
2026-09-26T20:20:55.000Z,1790454055.000,32.644032656,-117.190384654,4.834,313.396,298.965,18.232,4.398,-1555,-184.827,3,4.29,58.091
2026-09-26T20:20:56.000Z,1790454056.000,32.644048633,-117.190403792,4.871,316.68,300.929,20.393,4.719,-1556,-186.938,3,4.185,59.393
2026-09-26T20:20:57.000Z,1790454057.000,32.644062621,-117.190426413,5.347,300.446,295.473,18.817,5.45,-1557,-189.472,3,5.176,59.794
2026-09-26T20:20:58.000Z,1790454058.000,32.644074444,-117.190450895,4.725,296.734,286.481,17.706,6.094,-1558,-192.103,3,4.641,59.62
2026-09-26T20:20:59.000Z,1790454059.000,32.644081674,-117.190475752,4.703,286.018,272.36,11.454,2.038,-1559,-194.471,3,4.703,58.547
2026-09-26T20:21:00.000Z,1790454060.000,32.644081676,-117.190500317,4.37,264.896,255.336,-0.839,2.817,-1560,-196.246,3,4.078,56.589
2026-09-26T20:21:01.000Z,1790454061.000,32.644076943,-117.190522677,4.3,254.653,242.382,-3.051,6.135,-1561,-197.567,3,3.67,54.633
2026-09-26T20:21:02.000Z,1790454062.000,32.644068854,-117.190543101,3.806,238.4,231.685,-3.758,6.686,-1562,-198.59,3,2.561,52.645
2026-09-26T20:21:03.000Z,1790454063.000,32.644056345,-117.190559249,3.932,228.674,226.765,-17.758,2.942,-1563,-199.414,3,2.113,50.65
2026-09-26T20:21:04.000Z,1790454064.000,32.644044889,-117.190576383,3.976,227.611,224.452,-15.496,7.325,-1564,-200.519,3,2.071,48.861
2026-09-26T20:21:05.000Z,1790454065.000,32.644030898,-117.190595626,4.777,233.263,226.377,-20.485,1.27,-1565,-202.042,3,2.873,46.903
2026-09-26T20:21:06.000Z,1790454066.000,32.644017074,-117.190615412,4.774,228.168,224.812,-19.809,8.242,-1566,-203.379,3,2.517,44.815
2026-09-26T20:21:07.000Z,1790454067.000,32.644003018,-117.190635572,4.7,232.856,226.962,-20.772,5.288,-1567,-204.999,3,2.792,42.834
2026-09-26T20:21:08.000Z,1790454068.000,32.643988789,-117.190657775,5.29,237.089,230.524,-21.694,2.586,-1568,-206.889,3,3.444,40.842
2026-09-26T20:21:09.000Z,1790454069.000,32.643975255,-117.190682919,5.429,238.758,231.042,-20.671,4.819,-1569,-208.862,3,3.649,38.715
2026-09-26T20:21:10.000Z,1790454070.000,32.6439621,-117.190708467,5.633,239.867,230.3,-19,2.6,-1570,-210.801,3,3.861,36.56
2026-09-26T20:21:11.000Z,1790454071.000,32.643948927,-117.190733148,5.497,239.518,230.497,-17.997,4.518,-1571,-212.721,3,3.739,34.47
2026-09-26T20:21:12.000Z,1790454072.000,32.64393586,-117.190757858,5.3,238.678,231.4,-15.987,3.522,-1572,-214.691,3,3.543,32.421
2026-09-26T20:21:13.000Z,1790454073.000,32.643923035,-117.190784041,5.559,242.224,229.482,-13.365,5.459,-1573,-216.62,3,3.96,30.233
2026-09-26T20:21:14.000Z,1790454074.000,32.643907639,-117.190809146,5.865,232.404,230.613,-22.708,0.592,-1574,-218.581,3,3.409,27.935
2026-09-26T20:21:15.000Z,1790454075.000,32.64389382,-117.19083713,5.966,237.63,231.228,-16.932,9.324,-1575,-220.812,3,3.89,25.701
2026-09-26T20:21:16.000Z,1790454076.000,32.6438808,-117.190865356,5.8,243.776,230.244,-15.848,5.852,-1576,-222.983,3,4.226,23.473
2026-09-26T20:21:17.000Z,1790454077.000,32.643867163,-117.190892074,5.575,236.879,229.822,-16.858,1.108,-1577,-225.036,3,3.569,21.249
2026-09-26T20:21:18.000Z,1790454078.000,32.643854509,-117.190915209,5.24,235.075,229.51,-18.683,2.115,-1578,-226.795,3,3.222,19.236
2026-09-26T20:21:19.000Z,1790454079.000,32.643841001,-117.190938544,5.3,232.393,228.524,-17.676,4.797,-1579,-228.506,3,3.055,17.098
2026-09-26T20:21:20.000Z,1790454080.000,32.643826503,-117.190963808,5.71,237.718,233.172,-22.428,4.284,-1580,-230.731,3,3.705,15.048
2026-09-26T20:21:21.000Z,1790454081.000,32.643812509,-117.190992793,5.96,239.412,233.85,-23.41,4.31,-1581,-233.051,3,3.994,12.771
2026-09-26T20:21:22.000Z,1790454082.000,32.643799357,-117.191020986,6.201,240.372,231.902,-22.271,3.532,-1582,-235.157,3,4.227,10.483
2026-09-26T20:21:23.000Z,1790454083.000,32.643786792,-117.191049202,5.871,243.098,231.914,-19.486,4.329,-1583,-237.402,3,4.197,8.348
2026-09-26T20:21:24.000Z,1790454084.000,32.643774293,-117.191075799,5.638,239.739,231.3,-19.885,3.111,-1584,-239.462,3,3.788,6.238
2026-09-26T20:21:25.000Z,1790454085.000,32.643760549,-117.191102593,5.63,235.658,232.976,-22.948,4.264,-1585,-241.653,3,3.471,4.096
2026-09-26T20:21:26.000Z,1790454086.000,32.643748604,-117.191130224,5.666,242.602,234.699,-21.766,5.534,-1586,-243.967,3,4.002,2.125
2026-09-26T20:21:27.000Z,1790454087.000,32.643737128,-117.191157737,5.534,240.296,232.355,-19.179,6.714,-1587,-246.03,3,3.744,0.014
2026-09-26T20:21:28.000Z,1790454088.000,32.64372487,-117.191184666,5.4,238.777,228.182,-14.476,5.625,-1588,-247.895,3,3.541,-2.235
2026-09-26T20:21:29.000Z,1790454089.000,32.64371032,-117.191211551,5.491,241.264,228.434,-18.582,2.041,-1589,-249.984,3,3.772,-4.532
2026-09-26T20:21:30.000Z,1790454090.000,32.643695143,-117.19123848,6.167,237.987,231.301,-22.905,0.934,-1590,-252.231,3,3.968,-6.784
2026-09-26T20:21:31.000Z,1790454091.000,32.643680835,-117.191264431,5.623,234.318,228.753,-21.835,8.588,-1591,-254.058,3,3.328,-9.15
2026-09-26T20:21:32.000Z,1790454092.000,32.643666821,-117.191291304,5.554,241.355,231.077,-23.484,4.45,-1592,-256.295,3,3.806,-11.3
2026-09-26T20:21:33.000Z,1790454093.000,32.643653806,-117.191318756,5.724,238.41,231.255,-23.755,2.659,-1593,-258.47,3,3.698,-13.453
2026-09-26T20:21:34.000Z,1790454094.000,32.643640467,-117.191345533,5.633,238.567,229.933,-21.9,3.533,-1594,-260.478,3,3.646,-15.688
2026-09-26T20:21:35.000Z,1790454095.000,32.643626335,-117.19137039,5.641,237.816,230.42,-23.495,1.52,-1595,-262.408,3,3.589,-17.872
2026-09-26T20:21:36.000Z,1790454096.000,32.643612158,-117.191396293,5.639,233.749,227.507,-22.158,4.526,-1596,-264.208,3,3.264,-20.235
2026-09-26T20:21:37.000Z,1790454097.000,32.643597157,-117.191422777,5.7,236.415,228.632,-20.215,4.077,-1597,-266.307,3,3.506,-22.533
2026-09-26T20:21:38.000Z,1790454098.000,32.64358125,-117.191450235,6.265,237.93,229.99,-22.815,1.04,-1598,-268.486,3,3.977,-24.943
2026-09-26T20:21:39.000Z,1790454099.000,32.643565819,-117.191476544,6.008,230.624,224.415,-20.34,2.984,-1599,-270.107,3,3.184,-27.55
2026-09-26T20:21:40.000Z,1790454100.000,32.643549449,-117.191501402,5.948,235.463,230.154,-25.879,1.806,-1600,-272.334,3,3.561,-29.763
2026-09-26T20:21:41.000Z,1790454101.000,32.643535995,-117.19152841,5.6,240.764,231.635,-22.034,4.198,-1601,-274.541,3,3.748,-31.892
2026-09-26T20:21:42.000Z,1790454102.000,32.643522897,-117.191557033,5.966,242.121,229.71,-16.241,5.093,-1602,-276.685,3,4.091,-34.181
2026-09-26T20:21:43.000Z,1790454103.000,32.643508097,-117.191585052,6.273,236.602,227.002,-14.902,0.69,-1603,-278.674,3,3.836,-36.659
2026-09-26T20:21:44.000Z,1790454104.000,32.643491443,-117.191611232,6.221,232.568,227.264,-18.372,4.467,-1604,-280.645,3,3.441,-39.159
2026-09-26T20:21:45.000Z,1790454105.000,32.643475202,-117.191636773,5.765,230.107,221.897,-15.65,7.508,-1605,-282.179,3,2.972,-41.804
2026-09-26T20:21:46.000Z,1790454106.000,32.64345757,-117.191661198,5.642,234.322,223.69,-20.467,1.545,-1606,-284.074,3,3.249,-44.306
2026-09-26T20:21:47.000Z,1790454107.000,32.643440331,-117.191683637,5.786,228.017,224.797,-28.439,2.293,-1607,-285.748,3,2.785,-46.731
2026-09-26T20:21:48.000Z,1790454108.000,32.643424545,-117.191709084,5.878,234.674,228.209,-24.861,5.73,-1608,-287.89,3,3.402,-48.997
2026-09-26T20:21:49.000Z,1790454109.000,32.643409257,-117.191735853,6.201,238.683,231.636,-27.36,1.899,-1609,-290.156,3,3.927,-51.231
2026-09-26T20:21:50.000Z,1790454110.000,32.643396119,-117.191763832,6.03,238.532,231.519,-24.395,4.198,-1610,-292.357,3,3.801,-53.425
2026-09-26T20:21:51.000Z,1790454111.000,32.643383322,-117.191792218,5.714,242.103,229.743,-17.371,5.829,-1611,-294.497,3,3.865,-55.668
2026-09-26T20:21:52.000Z,1790454112.000,32.643368111,-117.19182106,6.4,242.652,231.549,-23.986,1.127,-1612,-296.847,3,4.368,-58.023
2026-09-26T20:21:53.000Z,1790454113.000,32.64335389,-117.191849586,6.3,239.2,229.932,-25.43,1.527,-1613,-298.973,3,4.008,-60.414
2026-09-26T20:21:54.000Z,1790454114.000,32.643339805,-117.191876229,5.896,236.639,230.088,-25.227,2.566,-1614,-301.045,3,3.538,-62.658
2026-09-26T20:21:55.000Z,1790454115.000,32.643326627,-117.191902023,5.586,238.208,232.258,-24.648,3.399,-1615,-303.192,3,3.468,-64.693
2026-09-26T20:21:56.000Z,1790454116.000,32.643314067,-117.191929066,5.604,239.656,230.636,-17.642,9.024,-1616,-305.227,3,3.583,-66.867
2026-09-26T20:21:57.000Z,1790454117.000,32.643300467,-117.191956933,5.833,241.133,228.767,-18.533,2.233,-1617,-307.291,3,3.838,-69.182
2026-09-26T20:21:58.000Z,1790454118.000,32.64328652,-117.191985361,6.139,240.802,228.87,-18.386,3.6,-1618,-309.526,3,4.006,-71.466
2026-09-26T20:21:59.000Z,1790454119.000,32.643270445,-117.192014418,6.245,236.818,227.436,-18.918,4.018,-1619,-311.661,3,3.73,-74.056
2026-09-26T20:22:00.000Z,1790454120.000,32.643254673,-117.192042088,5.97,234.06,224.682,-15.743,6.013,-1620,-313.585,3,3.323,-76.622
2026-09-26T20:22:01.000Z,1790454121.000,32.643237767,-117.192068933,5.933,234.6,224.067,-18.8,0.933,-1621,-315.55,3,3.342,-79.2
2026-09-26T20:22:02.000Z,1790454122.000,32.643220351,-117.192094422,6.1,229.829,224.507,-21.064,2.384,-1622,-317.452,3,2.996,-81.756
2026-09-26T20:22:03.000Z,1790454123.000,32.643202584,-117.192119423,5.728,229.925,224.759,-24.263,4.106,-1623,-319.287,3,2.814,-84.341
2026-09-26T20:22:04.000Z,1790454124.000,32.643186211,-117.192144995,5.837,234.416,227.274,-23.479,5.937,-1624,-321.364,3,3.25,-86.708
2026-09-26T20:22:05.000Z,1790454125.000,32.643171029,-117.192171881,5.869,236.615,228.337,-23.44,3.057,-1625,-323.491,3,3.446,-89.039
2026-09-26T20:22:06.000Z,1790454126.000,32.643157398,-117.192199435,6.077,241.179,229.607,-22.176,3.492,-1626,-325.732,3,3.942,-91.215
2026-09-26T20:22:07.000Z,1790454127.000,32.643143259,-117.192227581,5.931,238.7,230.332,-25.853,2.246,-1627,-327.977,3,3.642,-93.484
2026-09-26T20:22:08.000Z,1790454128.000,32.643130091,-117.192256045,5.964,238.787,229.24,-20.452,5.74,-1628,-330.157,3,3.663,-95.737
2026-09-26T20:22:09.000Z,1790454129.000,32.643115888,-117.192285816,6.302,243.424,228.442,-18.351,4.373,-1629,-332.449,3,4.254,-98.124
2026-09-26T20:22:10.000Z,1790454130.000,32.643099915,-117.192315834,6.555,235.474,225.48,-17.255,0.949,-1630,-334.569,3,3.704,-100.789
2026-09-26T20:22:11.000Z,1790454131.000,32.643082439,-117.192343119,6.4,232.975,225.892,-20,0.034,-1631,-336.63,3,3.375,-103.402
2026-09-26T20:22:12.000Z,1790454132.000,32.643065855,-117.192368751,6.001,230.624,227.374,-21.271,6.688,-1632,-338.636,3,2.945,-105.831
2026-09-26T20:22:13.000Z,1790454133.000,32.643051635,-117.192395103,5.204,238.82,226.569,-16.177,8.338,-1633,-340.614,3,3.168,-108.121
2026-09-26T20:22:14.000Z,1790454134.000,32.643036822,-117.192420807,5.614,237.443,229.586,-20.565,-0.257,-1634,-342.774,3,3.304,-110.299
2026-09-26T20:22:15.000Z,1790454135.000,32.643024373,-117.192448568,5.731,242.798,231.388,-15.073,2.816,-1635,-345.096,3,3.785,-112.33
2026-09-26T20:22:16.000Z,1790454136.000,32.643009294,-117.192475254,5.966,234.038,227.432,-19.237,2.608,-1636,-346.878,3,3.204,-114.857
2026-09-26T20:22:17.000Z,1790454137.000,32.642992621,-117.192501787,6.387,231.136,226.972,-22.37,4.658,-1637,-348.832,3,3.145,-117.397
2026-09-26T20:22:18.000Z,1790454138.000,32.64297612,-117.192530167,5.944,236.984,229.533,-22.259,5.318,-1638,-351.16,3,3.431,-119.849
2026-09-26T20:22:19.000Z,1790454139.000,32.642960885,-117.192559904,6.563,242.674,232.395,-23.169,3.247,-1639,-353.659,3,4.294,-122.183
2026-09-26T20:22:20.000Z,1790454140.000,32.642946872,-117.192588591,6.067,238.532,228.001,-17.999,4.734,-1640,-355.623,3,3.62,-124.677
2026-09-26T20:22:21.000Z,1790454141.000,32.642933117,-117.192614966,5.571,239.181,228.758,-18.029,2,-1641,-357.72,3,3.369,-126.854
2026-09-26T20:22:22.000Z,1790454142.000,32.642919559,-117.192639859,5.781,237.97,228.541,-19.863,4.293,-1642,-359.622,3,3.392,-129.009
2026-09-26T20:22:23.000Z,1790454143.000,32.642905627,-117.192666019,5.736,240.382,232.582,-23.554,2.955,-1643,-361.906,3,3.552,-131.053
2026-09-26T20:22:24.000Z,1790454144.000,32.642892662,-117.192694643,5.766,240.962,233.198,-20.264,3.767,-1644,-364.216,3,3.61,-133.214
2026-09-26T20:22:25.000Z,1790454145.000,32.642878949,-117.192723011,6.291,241.589,234.154,-22.436,3.019,-1645,-366.504,3,3.985,-135.43
2026-09-26T20:22:26.000Z,1790454146.000,32.642865816,-117.192753118,6.109,240.617,231.658,-21.226,5.789,-1646,-368.75,3,3.782,-137.796
2026-09-26T20:22:27.000Z,1790454147.000,32.6428522,-117.1927832,6.2,241.7,232.067,-19.533,5.833,-1647,-371.164,3,3.923,-140.077
2026-09-26T20:22:28.000Z,1790454148.000,32.642838593,-117.192813143,5.903,242.713,231.634,-19.706,4.248,-1648,-373.511,3,3.809,-142.392
2026-09-26T20:22:29.000Z,1790454149.000,32.64282548,-117.192841928,6.1,238.329,230.364,-17.436,2.599,-1649,-375.712,3,3.561,-144.658
2026-09-26T20:22:30.000Z,1790454150.000,32.642811844,-117.192870171,5.87,238.406,230.102,-17.611,3.179,-1650,-377.915,3,3.426,-146.919
2026-09-26T20:22:31.000Z,1790454151.000,32.642798625,-117.192896652,5.699,240.142,232.604,-24.067,2.43,-1651,-380.145,3,3.459,-148.962
2026-09-26T20:22:32.000Z,1790454152.000,32.642786889,-117.192923061,5.486,240.716,234.044,-24.192,5.684,-1652,-382.336,3,3.368,-150.89
2026-09-26T20:22:33.000Z,1790454153.000,32.642775009,-117.192951176,5.637,243.751,234.706,-24.442,6.249,-1653,-384.63,3,3.686,-152.918
2026-09-26T20:22:34.000Z,1790454154.000,32.642762696,-117.192981634,5.921,245.73,234.411,-22.511,4.009,-1654,-387.067,3,4.018,-155.104
2026-09-26T20:22:35.000Z,1790454155.000,32.642750972,-117.193010867,6.039,245.386,232.65,-18.297,3.811,-1655,-389.317,3,4.065,-157.263
2026-09-26T20:22:36.000Z,1790454156.000,32.642738541,-117.193038822,5.638,243.527,233.538,-18.097,1.276,-1656,-391.597,3,3.652,-159.336
2026-09-26T20:22:37.000Z,1790454157.000,32.642725986,-117.193067622,5.937,241.771,233.411,-15.091,2.848,-1657,-393.887,3,3.699,-161.493
2026-09-26T20:22:38.000Z,1790454158.000,32.642711801,-117.193095411,6.169,236.456,228.9,-17.675,-0.162,-1658,-395.762,3,3.372,-163.989
2026-09-26T20:22:39.000Z,1790454159.000,32.642696594,-117.193121543,6.068,234.56,229.434,-19.674,7.624,-1659,-397.784,3,3.139,-166.322
2026-09-26T20:22:40.000Z,1790454160.000,32.642682815,-117.193148752,5.5,243.562,231.875,-21.908,7.4,-1660,-400.063,3,3.541,-168.45
2026-09-26T20:22:41.000Z,1790454161.000,32.642670557,-117.193175814,5.3,242.229,231.414,-23.5,5.857,-1661,-402.182,3,3.311,-170.541
2026-09-26T20:22:42.000Z,1790454162.000,32.642659857,-117.193203142,5.394,245.162,232.613,-20.213,4.468,-1662,-404.47,3,3.576,-172.398
2026-09-26T20:22:43.000Z,1790454163.000,32.6426483,-117.193230467,5.567,240.5,231.467,-17.8,4.733,-1663,-406.587,3,3.334,-174.454
2026-09-26T20:22:44.000Z,1790454164.000,32.642634723,-117.193257231,5.794,236.912,229.7,-19.141,3.759,-1664,-408.559,3,3.166,-176.733
2026-09-26T20:22:45.000Z,1790454165.000,32.642619846,-117.193285065,6.072,236.792,230.213,-20.287,1.885,-1665,-410.743,3,3.299,-179.08
2026-09-26T20:22:46.000Z,1790454166.000,32.642604789,-117.193314186,6.599,237.469,230.233,-23.67,3.266,-1666,-413.007,3,3.642,-181.504
2026-09-26T20:22:47.000Z,1790454167.000,32.64259045,-117.193343697,5.936,241.716,231.242,-23.51,4.124,-1667,-415.389,3,3.626,-183.82
2026-09-26T20:22:48.000Z,1790454168.000,32.642576609,-117.193370681,5.663,238.852,231.088,-26.698,0.812,-1668,-417.479,3,3.224,-186.062
2026-09-26T20:22:49.000Z,1790454169.000,32.642563606,-117.193396988,5.54,237.582,232.831,-24.84,3.428,-1669,-419.649,3,3.047,-188.11
2026-09-26T20:22:50.000Z,1790454170.000,32.642550821,-117.193424894,5.73,242.47,232.531,-19.225,6.15,-1670,-421.841,3,3.541,-190.274
2026-09-26T20:22:51.000Z,1790454171.000,32.642536958,-117.193453975,6.137,243.157,232.543,-22.146,2.085,-1671,-424.132,3,3.843,-192.571
2026-09-26T20:22:52.000Z,1790454172.000,32.642523185,-117.193482675,6.245,241.878,232.861,-24.378,1.294,-1672,-426.409,3,3.793,-194.833
2026-09-26T20:22:53.000Z,1790454173.000,32.642510473,-117.193513182,6.2,243.371,234.009,-21.298,2.58,-1673,-428.93,3,3.886,-196.995
2026-09-26T20:22:54.000Z,1790454174.000,32.642498604,-117.193542223,5.999,244.537,233.436,-18.738,3.634,-1674,-431.233,3,3.848,-199.107
2026-09-26T20:22:55.000Z,1790454175.000,32.642485401,-117.193570649,6.089,239.6,233.189,-22.611,2.209,-1675,-433.465,3,3.481,-201.328
2026-09-26T20:22:56.000Z,1790454176.000,32.642472727,-117.193598697,5.889,238.607,231.577,-19.129,5.545,-1676,-435.59,3,3.275,-203.545
2026-09-26T20:22:57.000Z,1790454177.000,32.642458807,-117.193627606,6.262,244.186,235.327,-21.907,1.204,-1677,-438.096,3,3.965,-205.666
2026-09-26T20:22:58.000Z,1790454178.000,32.642446766,-117.193656734,5.969,239.948,232.041,-15.521,6.576,-1678,-440.234,3,3.421,-207.928
2026-09-26T20:22:59.000Z,1790454179.000,32.642433168,-117.193685326,5.824,240.75,232.367,-16.281,2.871,-1679,-442.506,3,3.397,-210.169
2026-09-26T20:23:00.000Z,1790454180.000,32.642419826,-117.193714116,5.913,241.261,233.168,-18.558,5.781,-1680,-444.834,3,3.484,-212.365
2026-09-26T20:23:01.000Z,1790454181.000,32.642407575,-117.193744665,6.371,247.122,234.426,-19.52,2.422,-1681,-447.377,3,4.253,-214.474
2026-09-26T20:23:02.000Z,1790454182.000,32.642395247,-117.193774838,6.135,241.669,232.672,-14.934,5.035,-1682,-449.697,3,3.636,-216.723
2026-09-26T20:23:03.000Z,1790454183.000,32.642382064,-117.193803748,5.836,242.856,232.864,-16.048,3.972,-1683,-452.001,3,3.548,-218.935
2026-09-26T20:23:04.000Z,1790454184.000,32.642369862,-117.193832714,5.56,244.177,232.89,-11.831,4.928,-1684,-454.326,3,3.475,-221.052
2026-09-26T20:23:05.000Z,1790454185.000,32.642357572,-117.193860831,5.696,242.8,230.489,-10.318,4.457,-1685,-456.415,3,3.445,-223.264
2026-09-26T20:23:06.000Z,1790454186.000,32.642343818,-117.193887632,5.5,240.516,229.81,-13.188,4.01,-1686,-458.456,3,3.142,-225.515
2026-09-26T20:23:07.000Z,1790454187.000,32.642329021,-117.193913681,5.9,236.548,231.725,-21.959,-0.538,-1687,-460.57,3,3.02,-227.74
2026-09-26T20:23:08.000Z,1790454188.000,32.642314506,-117.193941018,6.073,236.292,230.04,-19.094,5.668,-1688,-462.576,3,3.077,-230.132
2026-09-26T20:23:09.000Z,1790454189.000,32.642300807,-117.193969182,5.6,241.084,230.035,-16.195,6.251,-1689,-464.786,3,3.224,-232.386
2026-09-26T20:23:10.000Z,1790454190.000,32.642286898,-117.193996717,5.924,237.164,228.414,-15.935,3.414,-1690,-466.827,3,3.063,-234.713
2026-09-26T20:23:11.000Z,1790454191.000,32.642273057,-117.194024685,6.04,242.777,229.12,-17.34,4.321,-1691,-469.064,3,3.606,-236.947
2026-09-26T20:23:12.000Z,1790454192.000,32.642257811,-117.194052815,5.901,235.322,226.699,-21.532,4.463,-1692,-471.069,3,2.871,-239.463
2026-09-26T20:23:13.000Z,1790454193.000,32.642243061,-117.19407932,5.929,238.416,229.917,-22.739,1.25,-1693,-473.316,3,3.152,-241.648
2026-09-26T20:23:14.000Z,1790454194.000,32.642230177,-117.194106205,5.72,241.299,231.28,-16.761,7.358,-1694,-475.52,3,3.274,-243.719
2026-09-26T20:23:15.000Z,1790454195.000,32.642217001,-117.194133455,5.6,239.073,228.533,-11.726,6.171,-1695,-477.481,3,3.017,-246.01
2026-09-26T20:23:16.000Z,1790454196.000,32.642201651,-117.194159468,5.906,236.509,228.494,-19.293,0.866,-1696,-479.451,3,2.948,-248.379
2026-09-26T20:23:17.000Z,1790454197.000,32.64218707,-117.194186398,6.196,236.88,232.824,-22.424,1.963,-1697,-481.806,3,3.119,-250.501
2026-09-26T20:23:18.000Z,1790454198.000,32.642173881,-117.19421596,6.225,244.017,234.038,-22.236,3.864,-1698,-484.233,3,3.77,-252.683
2026-09-26T20:23:19.000Z,1790454199.000,32.642160974,-117.194245149,5.9,239.851,231,-16.642,8.305,-1699,-486.366,3,3.215,-255.023
2026-09-26T20:23:20.000Z,1790454200.000,32.642147618,-117.194273708,5.669,244.14,231.7,-14.72,4.177,-1700,-488.667,3,3.428,-257.22
2026-09-26T20:23:21.000Z,1790454201.000,32.642134954,-117.194302527,5.799,242.106,227.924,-7.657,7.92,-1701,-490.717,3,3.333,-259.546
2026-09-26T20:23:22.000Z,1790454202.000,32.642119207,-117.194328879,5.879,231.493,225.257,-18.907,1.471,-1702,-492.529,3,2.426,-262.07
2026-09-26T20:23:23.000Z,1790454203.000,32.64210385,-117.194354375,5.641,238.54,228.547,-19.681,2.988,-1703,-494.677,3,2.934,-264.293
2026-09-26T20:23:24.000Z,1790454204.000,32.642089766,-117.194379054,5.369,235.874,230.305,-22.343,5.316,-1704,-496.675,3,2.569,-266.413
2026-09-26T20:23:25.000Z,1790454205.000,32.642077767,-117.194405033,5.133,239.699,226.667,-14.233,7.467,-1705,-498.489,3,2.745,-268.576
2026-09-26T20:23:26.000Z,1790454206.000,32.642062699,-117.194430125,5.777,239.648,228.1,-19.184,-0.523,-1706,-500.482,3,3.077,-270.83
2026-09-26T20:23:27.000Z,1790454207.000,32.642047583,-117.194456932,6.27,236.585,230.07,-18.506,1.767,-1707,-502.662,3,3.042,-273.112
2026-09-26T20:23:28.000Z,1790454208.000,32.642031655,-117.194484051,6.033,234.566,226.533,-16.701,8.434,-1708,-504.485,3,2.73,-275.719
2026-09-26T20:23:29.000Z,1790454209.000,32.642014124,-117.194510997,5.974,233.144,228.103,-25.503,2.207,-1709,-506.591,3,2.56,-278.281
2026-09-26T20:23:30.000Z,1790454210.000,32.641998267,-117.194539992,6.474,238.801,233.584,-27.589,0.626,-1710,-509.175,3,3.328,-280.544
2026-09-26T20:23:31.000Z,1790454211.000,32.641984259,-117.194567461,6.069,232.769,229.838,-24.232,7.706,-1711,-511.076,3,2.547,-282.981
2026-09-26T20:23:32.000Z,1790454212.000,32.641971026,-117.194593617,5.233,243.514,233.501,-27.841,2.566,-1712,-513.35,3,3.037,-284.962
2026-09-26T20:23:33.000Z,1790454213.000,32.641960731,-117.194620434,5.4,247.357,237.115,-23.964,6.237,-1713,-515.744,3,3.416,-286.639
2026-09-26T20:23:34.000Z,1790454214.000,32.641950874,-117.194649105,5.671,248.331,238.128,-25.586,3.741,-1714,-518.159,3,3.656,-288.447
2026-09-26T20:23:35.000Z,1790454215.000,32.641941475,-117.194679271,5.825,250.196,238.014,-23.693,1.882,-1715,-520.657,3,3.892,-290.309
2026-09-26T20:23:36.000Z,1790454216.000,32.641931101,-117.194708686,6.031,245.34,234.547,-20.75,3.589,-1716,-522.861,3,3.627,-292.422
2026-09-26T20:23:37.000Z,1790454217.000,32.641918072,-117.19473764,6.092,241.212,234.672,-22.748,3.148,-1717,-525.169,3,3.296,-294.621
2026-09-26T20:23:38.000Z,1790454218.000,32.64190447,-117.194767622,6.2,241.552,235.037,-21.048,3.463,-1718,-527.57,3,3.377,-296.899
2026-09-26T20:23:39.000Z,1790454219.000,32.6418896,-117.194796604,6.232,238.075,236.643,-26.696,1.025,-1719,-529.921,3,3.062,-299.22
2026-09-26T20:23:40.000Z,1790454220.000,32.641877746,-117.194828223,6.334,250.278,240.168,-26.012,2.08,-1720,-532.697,3,4.2,-301.191
2026-09-26T20:23:41.000Z,1790454221.000,32.64186739,-117.194858049,5.726,246.505,237.574,-23.242,6.669,-1721,-534.998,3,3.5,-303.276
2026-09-26T20:23:42.000Z,1790454222.000,32.641856957,-117.194885911,5.437,245.3,236.931,-22.425,6.7,-1722,-537.227,3,3.226,-305.209
2026-09-26T20:23:43.000Z,1790454223.000,32.641847546,-117.194914164,5.502,248.903,239.028,-22.828,3.958,-1723,-539.679,3,3.53,-306.902
2026-09-26T20:23:44.000Z,1790454224.000,32.641838453,-117.194943477,6.013,246.079,238.388,-19.588,4.484,-1724,-542.077,3,3.619,-308.734
2026-09-26T20:23:45.000Z,1790454225.000,32.641828079,-117.194974175,6.048,250.96,237.393,-18.997,1.292,-1725,-544.546,3,4.031,-310.76
2026-09-26T20:23:46.000Z,1790454226.000,32.641816771,-117.195004136,5.964,242.829,235.561,-18.764,6.011,-1726,-546.874,3,3.298,-312.906
2026-09-26T20:23:47.000Z,1790454227.000,32.641804878,-117.195034271,6.002,246.419,236.132,-20.074,3.759,-1727,-549.345,3,3.618,-314.996
2026-09-26T20:23:48.000Z,1790454228.000,32.641793882,-117.195063954,5.965,244.662,233.824,-14.429,4.788,-1728,-551.624,3,3.44,-317.12
2026-09-26T20:23:49.000Z,1790454229.000,32.641781057,-117.195093241,5.813,243.949,230.733,-10.667,6.896,-1729,-553.764,3,3.285,-319.456
2026-09-26T20:23:50.000Z,1790454230.000,32.64176634,-117.195120623,5.635,241.55,232.974,-21.655,5.189,-1730,-556.02,3,2.979,-321.693
2026-09-26T20:23:51.000Z,1790454231.000,32.64175251,-117.195147782,5.865,237.171,232.595,-26.486,3.205,-1731,-558.112,3,2.703,-323.95
2026-09-26T20:23:52.000Z,1790454232.000,32.641740352,-117.19517618,5.775,245.812,237.288,-21.605,4.36,-1732,-560.669,3,3.394,-325.818
2026-09-26T20:23:53.000Z,1790454233.000,32.641729242,-117.195206835,6.131,249.744,235.181,-15.853,-0.061,-1733,-563.048,3,3.927,-327.974
2026-09-26T20:23:54.000Z,1790454234.000,32.641717151,-117.195234229,6.005,236.452,231.87,-16.356,6.379,-1734,-565.025,3,2.674,-330.194
2026-09-26T20:23:55.000Z,1790454235.000,32.641704418,-117.195261011,5.462,241.082,232.818,-21.121,3.894,-1735,-567.195,3,2.812,-332.262
2026-09-26T20:23:56.000Z,1790454236.000,32.641691901,-117.195288497,5.725,245.01,232.925,-17.438,2.687,-1736,-569.381,3,3.27,-334.367
2026-09-26T20:23:57.000Z,1790454237.000,32.641677828,-117.195316937,6.1,239.469,233.536,-22.41,2.128,-1737,-571.646,3,2.975,-336.639
2026-09-26T20:23:58.000Z,1790454238.000,32.641664781,-117.195345072,5.999,238.71,234.432,-16.994,8.14,-1738,-573.926,3,2.847,-338.78
2026-09-26T20:23:59.000Z,1790454239.000,32.64165144,-117.195374115,5.651,250.051,235.114,-20.581,2.293,-1739,-576.268,3,3.6,-340.988
2026-09-26T20:24:00.000Z,1790454240.000,32.641638155,-117.195402774,6.3,238.384,232.348,-18.329,1.468,-1740,-578.363,3,2.939,-343.344
2026-09-26T20:24:01.000Z,1790454241.000,32.641624508,-117.195429922,5.932,239.451,232.477,-22.038,2.165,-1741,-580.491,3,2.856,-345.558
2026-09-26T20:24:02.000Z,1790454242.000,32.64161248,-117.195458273,5.734,241.295,231.54,-18.675,6.251,-1742,-582.702,3,2.913,-347.683
2026-09-26T20:24:03.000Z,1790454243.000,32.641598625,-117.195484914,5.607,239.837,231.8,-27.122,-1.098,-1743,-584.787,3,2.716,-349.898
2026-09-26T20:24:04.000Z,1790454244.000,32.641587441,-117.195512911,5.689,244.988,234.567,-21.919,2.137,-1744,-587.22,3,3.184,-351.751
2026-09-26T20:24:05.000Z,1790454245.000,32.641576122,-117.195540229,5.703,244.711,234.036,-20.491,5.594,-1745,-589.383,3,3.162,-353.754
2026-09-26T20:24:06.000Z,1790454246.000,32.641563061,-117.195568512,6.031,238.343,230.6,-19.134,2.834,-1746,-591.404,3,2.757,-356.102
2026-09-26T20:24:07.000Z,1790454247.000,32.641549111,-117.195596667,6.224,237.181,231.859,-17.578,3.838,-1747,-593.689,3,2.723,-358.326
2026-09-26T20:24:08.000Z,1790454248.000,32.641535235,-117.195625499,5.869,238.912,232.176,-15.831,7.593,-1748,-595.976,3,2.716,-360.604
2026-09-26T20:24:09.000Z,1790454249.000,32.64152099,-117.195653018,5.767,237.531,229.769,-18.773,3,-1749,-597.959,3,2.536,-363.004
2026-09-26T20:24:10.000Z,1790454250.000,32.641506775,-117.195680031,5.919,241.151,231.48,-20.619,3.642,-1750,-600.162,3,2.924,-365.205
2026-09-26T20:24:11.000Z,1790454251.000,32.641493065,-117.195709356,6,242.703,231.572,-22.862,1.597,-1751,-602.484,3,3.095,-367.489
2026-09-26T20:24:12.000Z,1790454252.000,32.641480885,-117.195736725,5.637,240.838,229.363,-20.6,10.326,-1752,-604.519,3,2.741,-369.656
2026-09-26T20:24:13.000Z,1790454253.000,32.641467674,-117.195763816,5.535,241.42,231.1,-21.506,4.06,-1753,-606.758,3,2.732,-371.752
2026-09-26T20:24:14.000Z,1790454254.000,32.641455088,-117.195790266,5.7,238.699,230.229,-23.165,3.183,-1754,-608.785,3,2.567,-373.878
2026-09-26T20:24:15.000Z,1790454255.000,32.641441911,-117.19581807,5.93,241.289,231.415,-22.385,1.093,-1755,-611.053,3,2.898,-376.013
2026-09-26T20:24:16.000Z,1790454256.000,32.641427278,-117.195845237,6.4,233.92,229.559,-24.369,0.969,-1756,-613.028,3,2.375,-378.419
2026-09-26T20:24:17.000Z,1790454257.000,32.641411256,-117.195871663,6.262,234.759,232.086,-30.388,2.931,-1757,-615.183,3,2.399,-380.757
2026-09-26T20:24:18.000Z,1790454258.000,32.64139707,-117.195900499,5.976,239.554,232,-23.667,6.842,-1758,-617.438,3,2.733,-383.087
2026-09-26T20:24:19.000Z,1790454259.000,32.641382616,-117.195930378,6.16,241.398,232.26,-20.276,3.515,-1759,-619.802,3,2.982,-385.458
2026-09-26T20:24:20.000Z,1790454260.000,32.641368949,-117.19595984,6.198,240.688,231.363,-21.169,0.814,-1760,-622.075,3,2.922,-387.786
2026-09-26T20:24:21.000Z,1790454261.000,32.641355681,-117.195986902,5.936,240.446,230.682,-21.637,2.872,-1761,-624.153,3,2.768,-389.993
2026-09-26T20:24:22.000Z,1790454262.000,32.641343335,-117.196014936,5.838,245.204,232.804,-19.701,5.175,-1762,-626.522,3,3.133,-392.004
2026-09-26T20:24:23.000Z,1790454263.000,32.641330919,-117.196043956,6,244.181,235,-25.656,-0.9,-1763,-628.979,3,3.12,-394.041
2026-09-26T20:24:24.000Z,1790454264.000,32.641318272,-117.19607159,5.966,236.566,233.264,-27.362,4.439,-1764,-631.062,3,2.39,-396.252
2026-09-26T20:24:25.000Z,1790454265.000,32.641305235,-117.196099978,5.985,241.661,233.115,-22.425,4.715,-1765,-633.301,3,2.866,-398.449
2026-09-26T20:24:26.000Z,1790454266.000,32.641291775,-117.19613061,6.259,244.287,237.1,-23.334,2.136,-1766,-635.984,3,3.236,-400.552
2026-09-26T20:24:27.000Z,1790454267.000,32.64128025,-117.196161894,6.131,244.993,236.856,-18.531,4.181,-1767,-638.521,3,3.225,-402.677
2026-09-26T20:24:28.000Z,1790454268.000,32.641268186,-117.196193016,6.105,246.209,236.376,-19.439,2.419,-1768,-641.015,3,3.312,-404.867
2026-09-26T20:24:29.000Z,1790454269.000,32.641257048,-117.19622266,5.811,247.085,233.864,-18.606,3.142,-1769,-643.275,3,3.218,-407.015
2026-09-26T20:24:30.000Z,1790454270.000,32.641244389,-117.196251905,5.943,242.818,234.298,-24.143,1.203,-1770,-645.638,3,2.904,-409.169
2026-09-26T20:24:31.000Z,1790454271.000,32.641233295,-117.196280681,6.04,240.74,231.596,-18.253,5.601,-1771,-647.803,3,2.75,-411.291
2026-09-26T20:24:32.000Z,1790454272.000,32.641220002,-117.196309453,6.027,240.886,232.135,-18.424,2.429,-1772,-650.114,3,2.747,-413.495
2026-09-26T20:24:33.000Z,1790454273.000,32.641205659,-117.196337657,6.225,237.425,230.876,-18.713,3.835,-1773,-652.231,3,2.488,-415.875
2026-09-26T20:24:34.000Z,1790454274.000,32.641190849,-117.196367097,6.032,238.495,228.332,-17.942,4.894,-1774,-654.363,3,2.502,-418.392
2026-09-26T20:24:35.000Z,1790454275.000,32.641175843,-117.196396483,6.1,238.237,230.095,-20.3,3.032,-1775,-656.767,3,2.495,-420.745
2026-09-26T20:24:36.000Z,1790454276.000,32.641161472,-117.196425682,6.425,242.102,232.625,-22.347,1.324,-1776,-659.217,3,3.006,-422.986
2026-09-26T20:24:37.000Z,1790454277.000,32.64114831,-117.196455603,6.262,240.211,232.106,-16.823,3.646,-1777,-661.569,3,2.735,-425.257
2026-09-26T20:24:38.000Z,1790454278.000,32.641134458,-117.196484856,5.968,241.768,232.777,-17.568,3.945,-1778,-663.917,3,2.742,-427.527
2026-09-26T20:24:39.000Z,1790454279.000,32.641121815,-117.196514206,6.002,241.431,233.331,-16.463,3.321,-1779,-666.298,3,2.716,-429.677
2026-09-26T20:24:40.000Z,1790454280.000,32.641108236,-117.196542156,5.772,239.48,232.284,-19.684,4.948,-1780,-668.427,3,2.426,-431.961
2026-09-26T20:24:41.000Z,1790454281.000,32.641095221,-117.196570187,5.8,239.71,229.517,-17.755,2.405,-1781,-670.465,3,2.449,-434.262
2026-09-26T20:24:42.000Z,1790454282.000,32.641081663,-117.196598192,6,244.856,233.254,-20.85,3.218,-1782,-672.904,3,3.002,-436.328
2026-09-26T20:24:43.000Z,1790454283.000,32.641068118,-117.196627959,6.398,241.798,233.906,-21.244,2.7,-1783,-675.305,3,2.89,-438.58
2026-09-26T20:24:44.000Z,1790454284.000,32.641055101,-117.196657509,6.238,243.424,234.862,-21.975,3.127,-1784,-677.719,3,2.964,-440.755
2026-09-26T20:24:45.000Z,1790454285.000,32.641042978,-117.19668692,5.971,243.186,233.905,-22.005,3.883,-1785,-680.025,3,2.806,-442.924
2026-09-26T20:24:46.000Z,1790454286.000,32.641032555,-117.196715213,5.569,243.566,232.075,-14.923,4.717,-1786,-682.218,3,2.641,-444.921
2026-09-26T20:24:47.000Z,1790454287.000,32.641019636,-117.196741532,5.686,237.198,229.346,-19.04,-1.002,-1787,-684.105,3,2.115,-447.16
2026-09-26T20:24:48.000Z,1790454288.000,32.641005745,-117.196768162,5.849,234.502,229.498,-17.955,9.134,-1788,-686.181,3,1.908,-449.384
2026-09-26T20:24:49.000Z,1790454289.000,32.640990412,-117.196796692,5.937,235.918,226.058,-18.289,8.819,-1789,-688.153,3,2.064,-451.961
2026-09-26T20:24:50.000Z,1790454290.000,32.640973472,-117.196824158,6.033,236.462,228.8,-24.003,2.363,-1790,-690.4,3,2.139,-454.428
2026-09-26T20:24:51.000Z,1790454291.000,32.640958835,-117.19685342,6.463,245.183,231.699,-22.135,1.613,-1791,-692.875,3,3.17,-456.686
2026-09-26T20:24:52.000Z,1790454292.000,32.6409439,-117.196881712,6.171,234.382,229.165,-21.794,4.853,-1792,-694.902,3,1.954,-459.186
2026-09-26T20:24:53.000Z,1790454293.000,32.640930636,-117.196909509,5.704,245.345,231.3,-20.556,4.688,-1793,-697.229,3,2.793,-461.29
2026-09-26T20:24:54.000Z,1790454294.000,32.6409174,-117.196937233,5.8,238.567,230.6,-21.567,3.5,-1794,-699.367,3,2.213,-463.514
2026-09-26T20:24:55.000Z,1790454295.000,32.640903764,-117.196965329,6.2,242.593,230.064,-19.664,3.214,-1795,-701.538,3,2.752,-465.782
2026-09-26T20:24:56.000Z,1790454296.000,32.640889033,-117.196993963,6.271,237.061,228.815,-19.245,2.9,-1796,-703.683,3,2.217,-468.213
2026-09-26T20:24:57.000Z,1790454297.000,32.640874272,-117.197020444,5.7,234.542,226.503,-18.273,6.208,-1797,-705.559,3,1.769,-470.625
2026-09-26T20:24:58.000Z,1790454298.000,32.640859829,-117.197046956,5.835,235.954,226.161,-16.777,4.523,-1798,-707.576,3,1.936,-472.923
2026-09-26T20:24:59.000Z,1790454299.000,32.640843827,-117.197074659,6.175,236.363,227.126,-20.139,1.486,-1799,-709.751,3,2.079,-475.37
2026-09-26T20:25:00.000Z,1790454300.000,32.640826883,-117.197102502,6.319,234.891,226.421,-22.779,1.757,-1800,-711.801,3,1.961,-477.987
2026-09-26T20:25:01.000Z,1790454301.000,32.640810905,-117.197130583,6.502,234.115,228.343,-22.905,2.345,-1801,-714.075,3,1.922,-480.402
2026-09-26T20:25:02.000Z,1790454302.000,32.64079505,-117.197159086,6.226,235.758,228.015,-22.329,6.36,-1802,-716.239,3,1.997,-482.908
2026-09-26T20:25:03.000Z,1790454303.000,32.640778968,-117.197186928,6.213,233.175,227.399,-22.813,2.901,-1803,-718.318,3,1.714,-485.43
2026-09-26T20:25:04.000Z,1790454304.000,32.640763259,-117.197214937,6.031,237.056,230.298,-23.491,1.933,-1804,-720.654,3,2.041,-487.771
2026-09-26T20:25:05.000Z,1790454305.000,32.640750309,-117.197243681,6.1,243.633,229.34,-17.705,4.665,-1805,-722.875,3,2.697,-490.003
2026-09-26T20:25:06.000Z,1790454306.000,32.640735014,-117.197270877,5.905,235.371,228.02,-24.665,1.304,-1806,-724.869,3,1.812,-492.454
2026-09-26T20:25:07.000Z,1790454307.000,32.640720673,-117.197298199,5.984,236.869,230.625,-24.38,2.276,-1807,-727.158,3,1.973,-494.641
2026-09-26T20:25:08.000Z,1790454308.000,32.640707408,-117.197326893,6.032,242.423,234.68,-24.626,4.243,-1808,-729.683,3,2.521,-496.676
2026-09-26T20:25:09.000Z,1790454309.000,32.640695124,-117.197356852,5.868,241.352,230.631,-14.828,9.782,-1809,-731.839,3,2.342,-499.019
2026-09-26T20:25:10.000Z,1790454310.000,32.64068119,-117.197385397,5.595,240.322,228.85,-14.328,3.665,-1810,-733.963,3,2.13,-501.385
2026-09-26T20:25:11.000Z,1790454311.000,32.640666392,-117.197414841,6.271,240.867,232.159,-18.116,1.584,-1811,-736.476,3,2.43,-503.647
2026-09-26T20:25:12.000Z,1790454312.000,32.640651857,-117.197444689,6.533,239.129,233.405,-22.565,1.619,-1812,-738.896,3,2.336,-505.979
2026-09-26T20:25:13.000Z,1790454313.000,32.640640014,-117.197474597,5.702,246.824,235.72,-20.514,7.094,-1813,-741.455,3,2.724,-507.973
2026-09-26T20:25:14.000Z,1790454314.000,32.640632597,-117.197503697,5.223,261.138,246.403,-19.716,0.91,-1814,-744.498,3,3.546,-508.995
2026-09-26T20:25:15.000Z,1790454315.000,32.640632894,-117.197531349,4.978,281.464,261.683,-12.725,4.706,-1815,-747.629,3,4.438,-508.723
2026-09-26T20:25:16.000Z,1790454316.000,32.640639027,-117.19755705,4.833,291.078,271.854,-5.88,5.724,-1816,-750.363,3,4.613,-508.037
2026-09-26T20:25:17.000Z,1790454317.000,32.640648901,-117.197581973,5.1,292.69,284.377,2.711,2.307,-1817,-752.985,3,4.909,-506.702
2026-09-26T20:25:18.000Z,1790454318.000,32.640661531,-117.19760336,4.715,309.9,293.044,12.501,3.771,-1818,-755.194,3,4.713,-505.272
2026-09-26T20:25:19.000Z,1790454319.000,32.640676041,-117.197619009,4.236,322.394,303.073,22.201,5,-1819,-756.788,3,4.109,-503.382
2026-09-26T20:25:20.000Z,1790454320.000,32.640691014,-117.197635976,4.432,314.84,303.234,23.542,3.96,-1820,-758.717,3,4.403,-502.267
2026-09-26T20:25:21.000Z,1790454321.000,32.640705529,-117.197654679,4.888,313.862,302.327,22.854,6.012,-1821,-760.819,3,4.865,-501.334
2026-09-26T20:25:22.000Z,1790454322.000,32.640721799,-117.197674278,4.712,315.22,300.736,19.934,6.081,-1822,-763.065,3,4.678,-500.295
2026-09-26T20:25:23.000Z,1790454323.000,32.640737595,-117.197693942,4.932,312.52,300.906,17.317,6.033,-1823,-765.26,3,4.919,-499.169
2026-09-26T20:25:24.000Z,1790454324.000,32.640755766,-117.197711768,5.051,325.14,300.015,15.564,1.523,-1824,-767.374,3,4.834,-497.824
2026-09-26T20:25:25.000Z,1790454325.000,32.640775603,-117.197726783,5.538,328.897,310.818,20.996,0.933,-1825,-768.927,3,5.181,-495.317
2026-09-26T20:25:26.000Z,1790454326.000,32.64079473,-117.197744603,5,317.938,305.948,15.4,4.849,-1826,-771.21,3,4.928,-494.169
2026-09-26T20:25:27.000Z,1790454327.000,32.640814447,-117.197760844,5.167,326.47,304.836,16.302,4.929,-1827,-773.233,3,4.906,-492.63
2026-09-26T20:25:28.000Z,1790454328.000,32.640833769,-117.197777113,5.1,321.253,307.084,18.796,4.637,-1828,-775.144,3,4.967,-490.874
2026-09-26T20:25:29.000Z,1790454329.000,32.640851687,-117.197796084,5.471,312.747,306.876,19.35,2.784,-1829,-777.341,3,5.453,-489.533
2026-09-26T20:25:30.000Z,1790454330.000,32.640868731,-117.197816199,5.268,314.231,306.332,18.595,4.105,-1830,-779.631,3,5.238,-488.343
2026-09-26T20:25:31.000Z,1790454331.000,32.640887687,-117.19783602,5.534,317.855,307.601,20.302,3.794,-1831,-781.885,3,5.453,-486.803
2026-09-26T20:25:32.000Z,1790454332.000,32.640907302,-117.197856427,5.775,319.875,307.212,20.7,2.914,-1832,-784.263,3,5.653,-485.337
2026-09-26T20:25:33.000Z,1790454333.000,32.640928266,-117.197876526,5.751,319.052,306.553,19.332,0.97,-1833,-786.656,3,5.645,-483.741
2026-09-26T20:25:34.000Z,1790454334.000,32.640949233,-117.197895533,5.733,323.2,309.967,22.533,3,-1834,-788.813,3,5.533,-481.802
2026-09-26T20:25:35.000Z,1790454335.000,32.64097089,-117.197915522,6.394,314.977,308.146,18.788,1.658,-1835,-791.257,3,6.346,-480.216
2026-09-26T20:25:36.000Z,1790454336.000,32.640993292,-117.197934219,5.949,327.36,307.657,13.747,8.625,-1836,-793.553,3,5.611,-478.414
2026-09-26T20:25:37.000Z,1790454337.000,32.641017019,-117.19795061,5.439,330.79,307.548,12.707,7.913,-1837,-795.664,3,5.01,-476.376
2026-09-26T20:25:38.000Z,1790454338.000,32.641040683,-117.197965109,5.767,335.877,311.941,19.041,4.205,-1838,-797.438,3,5.089,-473.953
2026-09-26T20:25:39.000Z,1790454339.000,32.641063182,-117.197980808,5.738,324.856,313.728,20.764,3.099,-1839,-799.378,3,5.484,-471.887
2026-09-26T20:25:40.000Z,1790454340.000,32.641084929,-117.197999891,6.062,319.756,311.474,23.408,1.808,-1840,-801.767,3,5.929,-470.293
2026-09-26T20:25:41.000Z,1790454341.000,32.641106592,-117.198021386,6,320.637,310.168,25.643,5.469,-1841,-804.333,3,5.848,-468.709
2026-09-26T20:25:42.000Z,1790454342.000,32.641127373,-117.19804274,5.867,314.907,306.735,21.768,5.204,-1842,-806.933,3,5.821,-467.377
2026-09-26T20:25:43.000Z,1790454343.000,32.641147605,-117.198064093,5.963,316.725,307.673,22.774,1.777,-1843,-809.369,3,5.888,-465.771
2026-09-26T20:25:44.000Z,1790454344.000,32.641168526,-117.198086213,5.9,322.515,307.148,22.884,1.329,-1844,-811.942,3,5.703,-464.226
2026-09-26T20:25:45.000Z,1790454345.000,32.641190248,-117.198106374,6.106,321.337,306.852,18.975,4.36,-1845,-814.349,3,5.932,-462.523
2026-09-26T20:25:46.000Z,1790454346.000,32.641211955,-117.198125296,5.9,325.993,308.131,16.112,4.3,-1846,-816.591,3,5.598,-460.666
2026-09-26T20:25:47.000Z,1790454347.000,32.64123589,-117.198143541,6.463,328.927,310.496,19.212,3.669,-1847,-818.787,3,6.018,-458.473
2026-09-26T20:25:48.000Z,1790454348.000,32.641260686,-117.19816191,6.309,326.434,310.409,16.488,5.045,-1848,-821.104,3,5.967,-456.376
2026-09-26T20:25:49.000Z,1790454349.000,32.641285208,-117.198179765,6.23,326.702,312.76,21.935,2.068,-1849,-823.274,3,5.881,-454.114
2026-09-26T20:25:50.000Z,1790454350.000,32.641307963,-117.198199597,6.098,324.653,312.078,19.239,2.107,-1850,-825.695,3,5.823,-452.32
2026-09-26T20:25:51.000Z,1790454351.000,32.641328847,-117.19822056,5.862,319.211,309.948,12.611,7.537,-1851,-828.223,3,5.738,-450.864
2026-09-26T20:25:52.000Z,1790454352.000,32.641351291,-117.198241541,5.975,321.176,307.981,11.757,6.079,-1852,-830.783,3,5.802,-449.234
2026-09-26T20:25:53.000Z,1790454353.000,32.641375188,-117.198258339,6.036,327.222,312.839,16.807,4.353,-1853,-832.752,3,5.674,-446.818
2026-09-26T20:25:54.000Z,1790454354.000,32.641399307,-117.198274816,5.996,329.299,312.838,18.1,3.66,-1854,-834.876,3,5.556,-444.734
2026-09-26T20:25:55.000Z,1790454355.000,32.641423931,-117.198291754,6.487,325.486,314.274,22.301,3.65,-1855,-836.996,3,6.158,-442.504
2026-09-26T20:25:56.000Z,1790454356.000,32.64144852,-117.198310804,6.195,325.374,307.774,16.247,5.689,-1856,-839.611,3,5.884,-440.927
2026-09-26T20:25:57.000Z,1790454357.000,32.641473684,-117.198329169,6.297,331.67,310.9,19.326,2.457,-1857,-841.822,3,5.726,-438.549
2026-09-26T20:25:58.000Z,1790454358.000,32.641497561,-117.198346749,6.322,325.796,312.937,19.07,3.324,-1858,-843.961,3,5.986,-436.371
2026-09-26T20:25:59.000Z,1790454359.000,32.641521526,-117.198365049,6.137,324.092,313.293,19.134,3.333,-1859,-846.232,3,5.865,-434.328
2026-09-26T20:26:00.000Z,1790454360.000,32.641545248,-117.198383581,5.962,327.338,311.6,14.563,2.844,-1860,-848.601,3,5.588,-432.469
2026-09-26T20:26:01.000Z,1790454361.000,32.641569415,-117.198400578,6.232,326.695,314.597,17.066,1.507,-1861,-850.653,3,5.863,-430.174
2026-09-26T20:26:02.000Z,1790454362.000,32.641593097,-117.198418148,6.175,326.625,313.876,19.512,3.475,-1862,-852.895,3,5.81,-428.219
2026-09-26T20:26:03.000Z,1790454363.000,32.6416174,-117.198435711,5.987,327.046,312.1,23.204,3.628,-1863,-855.193,3,5.616,-426.276
2026-09-26T20:26:04.000Z,1790454364.000,32.641639478,-117.198453672,5.871,325.195,311.858,22.114,3.355,-1864,-857.409,3,5.569,-424.468
2026-09-26T20:26:05.000Z,1790454365.000,32.641661733,-117.198471267,5.833,330.167,312,19.833,2.833,-1865,-859.581,3,5.351,-422.602
2026-09-26T20:26:06.000Z,1790454366.000,32.641683407,-117.198490107,5.764,320.151,316.885,19.658,8.876,-1866,-861.651,3,5.605,-420.49
2026-09-26T20:26:07.000Z,1790454367.000,32.641705772,-117.19851146,6.198,330.857,309.878,14.867,10.743,-1867,-864.458,3,5.652,-419.242
2026-09-26T20:26:08.000Z,1790454368.000,32.641729268,-117.198531786,6.169,320.427,308.66,21.04,2.818,-1868,-866.96,3,5.99,-417.424
2026-09-26T20:26:09.000Z,1790454369.000,32.641751819,-117.198551775,6.137,322.717,308.127,18.69,2.221,-1869,-869.381,3,5.894,-415.646
2026-09-26T20:26:10.000Z,1790454370.000,32.641773661,-117.198572432,6.116,321.037,307.861,10.393,5.57,-1870,-871.836,3,5.921,-413.942
2026-09-26T20:26:11.000Z,1790454371.000,32.641798823,-117.198591037,6.2,331.973,308.924,17.603,6.245,-1871,-874.143,3,5.596,-411.727
2026-09-26T20:26:12.000Z,1790454372.000,32.641824152,-117.198608689,6.5,326.419,310.391,21.028,5.253,-1872,-876.354,3,6.107,-409.437
2026-09-26T20:26:13.000Z,1790454373.000,32.641849566,-117.198625122,6.349,333.961,307.754,22.363,5.308,-1873,-878.599,3,5.626,-407.413
2026-09-26T20:26:14.000Z,1790454374.000,32.641875249,-117.198640927,5.977,327.564,309.148,22.188,1.119,-1874,-880.654,3,5.569,-405.038
2026-09-26T20:26:15.000Z,1790454375.000,32.641899134,-117.198658858,6.433,329.77,311.259,19.633,1.628,-1875,-882.828,3,5.897,-402.861
2026-09-26T20:26:16.000Z,1790454376.000,32.641921049,-117.198678502,6.352,312.375,312.054,18.137,3.177,-1876,-885.152,3,6.315,-401.041
2026-09-26T20:26:17.000Z,1790454377.000,32.641942724,-117.198696959,5.925,327.81,313.592,22.045,5.359,-1877,-887.332,3,5.506,-399.159
2026-09-26T20:26:18.000Z,1790454378.000,32.641964096,-117.198716357,5.48,324.399,311.358,22.219,7.237,-1878,-889.739,3,5.203,-397.612
2026-09-26T20:26:19.000Z,1790454379.000,32.641985138,-117.198737512,6.105,314.177,309.394,26.81,1.78,-1879,-892.281,3,6.044,-396.134
2026-09-26T20:26:20.000Z,1790454380.000,32.642005498,-117.198759628,6.2,318.143,307.442,27.058,2.147,-1880,-894.888,3,6.062,-394.756
2026-09-26T20:26:21.000Z,1790454381.000,32.642027233,-117.198781133,6.235,320.47,305.1,28.861,3.283,-1881,-897.482,3,6.038,-393.247
2026-09-26T20:26:22.000Z,1790454382.000,32.642048217,-117.198802411,5.861,321.76,303.964,24.615,5.769,-1882,-899.995,3,5.641,-391.72
2026-09-26T20:26:23.000Z,1790454383.000,32.642070374,-117.198822832,5.589,322.558,301.984,15.684,9.174,-1883,-902.48,3,5.357,-390.111
2026-09-26T20:26:24.000Z,1790454384.000,32.642093171,-117.198842065,6.032,324.486,305.075,16.72,2.898,-1884,-904.736,3,5.718,-388.003
2026-09-26T20:26:25.000Z,1790454385.000,32.642115379,-117.198861393,6.266,324.531,304.203,11.545,3.007,-1885,-907.096,3,5.936,-386.269
2026-09-26T20:26:26.000Z,1790454386.000,32.642139965,-117.198877211,6.117,330.854,312.556,19.249,1.73,-1886,-908.886,3,5.54,-383.483
2026-09-26T20:26:27.000Z,1790454387.000,32.642163048,-117.198895668,5.794,324.772,311.937,19.34,7.14,-1887,-911.188,3,5.477,-381.61
2026-09-26T20:26:28.000Z,1790454388.000,32.64218532,-117.198915421,5.998,319.522,309.119,21.492,1.453,-1888,-913.665,3,5.825,-380.025
2026-09-26T20:26:29.000Z,1790454389.000,32.64220715,-117.1989344,6.125,324.45,313.225,25.963,1.062,-1889,-915.803,3,5.798,-377.948
2026-09-26T20:26:30.000Z,1790454390.000,32.642228429,-117.198952477,5.926,324.671,311.451,23.571,4.931,-1890,-918.069,3,5.6,-376.341
2026-09-26T20:26:31.000Z,1790454391.000,32.642249786,-117.198973586,6.006,319.731,310.063,22.8,4.15,-1891,-920.595,3,5.824,-374.784
2026-09-26T20:26:32.000Z,1790454392.000,32.642270098,-117.198995762,6.066,314.316,306.7,19.334,5.485,-1892,-923.255,3,5.995,-373.52
2026-09-26T20:26:33.000Z,1790454393.000,32.642291767,-117.199016467,6.037,320.381,306.012,23.1,2.25,-1893,-925.722,3,5.835,-371.868
2026-09-26T20:26:34.000Z,1790454394.000,32.642314301,-117.199038058,6.342,322.571,305.435,23.066,1.913,-1894,-928.288,3,6.062,-370.142
2026-09-26T20:26:35.000Z,1790454395.000,32.642337075,-117.199057055,6.576,326.942,310.915,29.249,3.08,-1895,-930.42,3,6.116,-367.855
2026-09-26T20:26:36.000Z,1790454396.000,32.642357942,-117.199079078,5.735,315.857,307.53,15.268,11.092,-1896,-933.084,3,5.64,-366.529
2026-09-26T20:26:37.000Z,1790454397.000,32.64238068,-117.199100932,6.044,326.397,302.728,14.172,3.46,-1897,-935.807,3,5.641,-365.115
2026-09-26T20:26:38.000Z,1790454398.000,32.642404987,-117.199119911,6.429,330.918,308.071,15.384,2.271,-1898,-938.001,3,5.796,-362.668
2026-09-26T20:26:39.000Z,1790454399.000,32.642429243,-117.199138524,6.164,327.32,309.982,14.273,4.582,-1899,-940.256,3,5.711,-360.486
2026-09-26T20:26:40.000Z,1790454400.000,32.642453933,-117.1991554,6.267,331.9,311.267,17.733,3.133,-1900,-942.383,3,5.596,-358.256
2026-09-26T20:26:41.000Z,1790454401.000,32.642477723,-117.199171158,5.629,331.043,314.6,18.657,6.915,-1901,-944.3,3,5.06,-355.941
2026-09-26T20:26:42.000Z,1790454402.000,32.642501368,-117.199187755,5.686,326.346,311.973,23.529,0.928,-1902,-946.528,3,5.297,-354.102
2026-09-26T20:26:43.000Z,1790454403.000,32.642523561,-117.199203813,5.836,329.5,316.036,31.184,1.651,-1903,-948.397,3,5.309,-351.913
2026-09-26T20:26:44.000Z,1790454404.000,32.642543406,-117.199224665,6.064,315.464,313.644,29.206,3.416,-1904,-950.909,3,5.962,-350.579
2026-09-26T20:26:45.000Z,1790454405.000,32.642562201,-117.199247981,5.954,315.995,309.107,28.313,5.202,-1905,-953.691,3,5.843,-349.59
2026-09-26T20:26:46.000Z,1790454406.000,32.642583088,-117.199271728,5.8,314.611,304.782,22.255,5.679,-1906,-956.533,3,5.717,-348.386
2026-09-26T20:26:47.000Z,1790454407.000,32.642605342,-117.199293745,6.132,317.782,306.509,21.962,4.147,-1907,-959.06,3,5.977,-346.523
2026-09-26T20:26:48.000Z,1790454408.000,32.64262754,-117.199316278,6.335,319.661,305.665,16.677,3.953,-1908,-961.713,3,6.124,-344.88
2026-09-26T20:26:49.000Z,1790454409.000,32.642652003,-117.199335844,6.5,330.51,306.897,12.435,3.952,-1909,-964.087,3,5.855,-342.752
2026-09-26T20:26:50.000Z,1790454410.000,32.64267863,-117.199352452,6.541,333.589,310.526,12.633,3.589,-1910,-966.162,3,5.725,-340.13
2026-09-26T20:26:51.000Z,1790454411.000,32.642705895,-117.199365145,6.431,341.027,314.537,19.039,3.359,-1911,-967.865,3,5.173,-337.309
2026-09-26T20:26:52.000Z,1790454412.000,32.642732364,-117.199377384,6.134,338.332,317.69,22.086,4.248,-1912,-969.525,3,5.093,-334.63
2026-09-26T20:26:53.000Z,1790454413.000,32.642757177,-117.19939316,5.912,329.151,317.014,24.87,4.488,-1913,-971.634,3,5.368,-332.499
2026-09-26T20:26:54.000Z,1790454414.000,32.642779773,-117.199413933,5.89,321.11,313.441,24.751,4.889,-1914,-974.262,3,5.641,-330.955
2026-09-26T20:26:55.000Z,1790454415.000,32.642801448,-117.199437149,6.333,313.843,307.026,21.991,3.573,-1915,-977.17,3,6.246,-329.802
2026-09-26T20:26:56.000Z,1790454416.000,32.642824195,-117.199459463,6.437,320.315,310.439,30.093,0.364,-1916,-979.672,3,6.187,-327.77
2026-09-26T20:26:57.000Z,1790454417.000,32.64284614,-117.19948024,5.875,320.813,307.326,20.588,8.9,-1917,-982.24,3,5.632,-326.274
2026-09-26T20:26:58.000Z,1790454418.000,32.642870203,-117.199499109,5.788,323.201,308.029,22.072,2.745,-1918,-984.557,3,5.473,-324.209
2026-09-26T20:26:59.000Z,1790454419.000,32.64289246,-117.199517942,6.275,329.376,310.154,20.593,3.007,-1919,,3,5.676,-322.229
2026-09-26T20:27:00.000Z,1790454420.000,32.64291541,-117.199536311,5.775,331.386,312.674,24.298,3.651,-1920,,3,5.131,-320.134
2026-09-26T20:27:01.000Z,1790454421.000,32.64293962,-117.199556742,6.374,320.395,312.023,25.626,4.181,-1921,,3,6.115,-318.201
2026-09-26T20:27:02.000Z,1790454422.000,32.6429638,-117.199578519,6.494,322.744,306.756,22.55,4.425,-1922,,3,6.149,-316.657
2026-09-26T20:27:03.000Z,1790454423.000,32.642987982,-117.199600414,6.431,321.646,307.065,26.528,0.974,-1923,,3,6.126,-314.697
2026-09-26T20:27:04.000Z,1790454424.000,32.64301042,-117.199622316,6.448,322.468,305.348,18.189,3.826,-1924,,3,6.112,-313.077
2026-09-26T20:27:05.000Z,1790454425.000,32.64303454,-117.199641986,6.3,325.028,306.33,18.542,4.491,-1925,,3,5.873,-311.007
2026-09-26T20:27:06.000Z,1790454426.000,32.64305933,-117.199661111,6.225,323.525,310.537,22.163,3.262,-1926,,3,5.857,-308.607
2026-09-26T20:27:07.000Z,1790454427.000,32.643081956,-117.199681321,6.002,319.711,307.031,20.937,5.106,-1927,,3,5.769,-307.053
2026-09-26T20:27:08.000Z,1790454428.000,32.643104865,-117.199700064,6.063,325.808,306.663,23.851,3.474,-1928,,3,5.614,-305.189
2026-09-26T20:27:09.000Z,1790454429.000,32.643127358,-117.199719287,5.884,320.299,311.009,28.907,2.906,-1929,,3,5.635,-303.026
2026-09-26T20:27:10.000Z,1790454430.000,32.643146593,-117.199744125,6.1,311.465,308.132,20.831,6.332,-1930,,3,6.042,-301.913
2026-09-26T20:27:11.000Z,1790454431.000,32.643167731,-117.199767297,6,315.849,305.775,17.583,9.063,-1931,,3,5.862,-300.516
2026-09-26T20:27:12.000Z,1790454432.000,32.643190483,-117.199789935,6.071,315.417,307.892,20.277,2.689,-1932,,3,5.939,-298.589
2026-09-26T20:27:13.000Z,1790454433.000,32.643213803,-117.199811591,6.712,320.424,306.812,20.598,2.371,-1933,,3,6.418,-296.819
2026-09-26T20:27:14.000Z,1790454434.000,32.643237974,-117.199831092,6.068,326.478,307.787,14.223,6.709,-1934,,3,5.58,-294.74
2026-09-26T20:27:15.000Z,1790454435.000,32.643263026,-117.199850036,6.437,326.239,308.368,16.613,3.553,-1935,,3,5.926,-292.583
2026-09-26T20:27:16.000Z,1790454436.000,32.643288142,-117.199868225,6.435,323.851,311.753,21.053,1.3,-1936,,3,6.021,-290.187
2026-09-26T20:27:17.000Z,1790454437.000,32.643312374,-117.199887381,6.4,324.733,311.929,17.038,3.944,-1937,,3,5.95,-288.154
2026-09-26T20:27:18.000Z,1790454438.000,32.643336366,-117.199903981,6.068,327.267,313.848,16.62,8.233,-1938,,3,5.533,-285.945
2026-09-26T20:27:19.000Z,1790454439.000,32.643361558,-117.199919507,6.495,328.102,312.861,20.837,5.041,-1939,,3,5.879,-283.792
2026-09-26T20:27:20.000Z,1790454440.000,32.64338682,-117.199934613,6.063,330.205,314.46,22.597,2.44,-1940,,3,5.385,-281.43
2026-09-26T20:27:21.000Z,1790454441.000,32.643411145,-117.199951899,5.961,329.203,316.27,23.848,4.27,-1941,,3,5.338,-279.216
2026-09-26T20:27:22.000Z,1790454442.000,32.643433192,-117.199973693,6.134,319.924,310.97,20.706,4.194,-1942,,3,5.861,-277.889
2026-09-26T20:27:23.000Z,1790454443.000,32.643456602,-117.199995006,6.266,320.386,308.564,22.056,4.288,-1943,,3,5.97,-276.198
2026-09-26T20:27:24.000Z,1790454444.000,32.643481529,-117.200013814,6.554,320.171,313.162,28.07,0.392,-1944,,3,6.248,-273.752
2026-09-26T20:27:25.000Z,1790454445.000,32.643505307,-117.200033374,6.27,323.33,311.5,26.011,2.878,-1945,,3,5.862,-271.913
2026-09-26T20:27:26.000Z,1790454446.000,32.643529143,-117.200051025,5.932,329.261,307.632,17.522,4.413,-1946,,3,5.297,-270.183
2026-09-26T20:27:27.000Z,1790454447.000,32.64355476,-117.200065739,6.266,331,315.02,25.564,-1.302,-1947,,3,5.5,-267.341
2026-09-26T20:27:28.000Z,1790454448.000,32.643578925,-117.200082821,6.488,328.153,317.169,23.112,1.042,-1948,,3,5.838,-265.115
2026-09-26T20:27:29.000Z,1790454449.000,32.643604179,-117.200099227,6.312,331.003,319.698,27.627,7.632,-1949,,3,5.53,-262.732
2026-09-26T20:27:30.000Z,1790454450.000,32.643629417,-117.200118208,6.471,322.231,314.938,29.018,5.848,-1950,,3,6.077,-260.935
2026-09-26T20:27:31.000Z,1790454451.000,32.643653918,-117.200140252,6.834,324.47,310.049,31.125,2.209,-1951,,3,6.319,-259.329
2026-09-26T20:27:32.000Z,1790454452.000,32.643677623,-117.200162388,6.289,323.413,303.162,22.378,5.584,-1952,,3,5.857,-257.977
2026-09-26T20:27:33.000Z,1790454453.000,32.643701796,-117.200181904,6.13,323.773,304.763,19.57,4.307,-1953,,3,5.691,-255.849
2026-09-26T20:27:34.000Z,1790454454.000,32.643725059,-117.200199028,6.066,329.005,309.961,20.726,4.734,-1954,,3,5.399,-253.476
2026-09-26T20:27:35.000Z,1790454455.000,32.643747557,-117.200217795,5.962,325.026,312.306,20.473,5.18,-1955,,3,5.479,-251.453
2026-09-26T20:27:36.000Z,1790454456.000,32.643769651,-117.200237293,6.076,324.027,309.448,22.734,4.32,-1956,,3,5.623,-249.882
2026-09-26T20:27:37.000Z,1790454457.000,32.643792866,-117.200257118,6.208,324.524,309.656,25.521,0.975,-1957,,3,5.721,-247.973
2026-09-26T20:27:38.000Z,1790454458.000,32.643814845,-117.200277345,6.001,320.315,313.334,28.328,2.06,-1958,,3,5.684,-245.949
2026-09-26T20:27:39.000Z,1790454459.000,32.643835285,-117.200299872,6.2,319.165,309.7,23.187,4.965,-1959,,3,5.91,-244.696
2026-09-26T20:27:40.000Z,1790454460.000,32.643856987,-117.200322629,6.3,319.68,306.74,24.165,5.431,-1960,,3,5.987,-243.271
2026-09-26T20:27:41.000Z,1790454461.000,32.643878468,-117.200344831,6.269,319.036,304.92,19.538,6.527,-1961,,3,5.977,-241.769
2026-09-26T20:27:42.000Z,1790454462.000,32.643901167,-117.200365367,6.133,322.932,304.533,22.367,3.667,-1962,,3,5.706,-239.98
2026-09-26T20:27:43.000Z,1790454463.000,32.643922722,-117.200386822,6.224,317.732,304.12,16.71,3.281,-1963,,3,5.972,-238.341
2026-09-26T20:27:44.000Z,1790454464.000,32.643946592,-117.200405044,6.23,324.88,310.138,23.327,1.725,-1964,,3,5.708,-235.872
2026-09-26T20:27:45.000Z,1790454465.000,32.64396995,-117.200423735,6.342,322.348,309.821,17.373,4.486,-1965,,3,5.914,-233.955
2026-09-26T20:27:46.000Z,1790454466.000,32.643994976,-117.200441614,6.301,327.164,311.39,22.023,6.001,-1966,,3,5.661,-231.697
2026-09-26T20:27:47.000Z,1790454467.000,32.644017707,-117.200461655,5.994,324.043,306.388,14.977,6.821,-1967,,3,5.518,-230.239
2026-09-26T20:27:48.000Z,1790454468.000,32.644042106,-117.200478041,5.759,328.633,312.259,23.624,2.053,-1968,,3,5.099,-227.679
2026-09-26T20:27:49.000Z,1790454469.000,32.644063643,-117.20049664,5.7,324.389,310.155,20.132,3.235,-1969,,3,5.227,-226.085
2026-09-26T20:27:50.000Z,1790454470.000,32.644085503,-117.200514095,5.53,323.978,315.51,29.378,3.277,-1970,,3,5.083,-223.874
2026-09-26T20:27:51.000Z,1790454471.000,32.644106705,-117.200533209,6.461,321.489,311.691,25.78,4.998,-1971,,3,6.041,-222.452
2026-09-26T20:27:52.000Z,1790454472.000,32.644128032,-117.200558079,6.138,309.747,308.147,21.83,3.181,-1972,,3,6.062,-221.168
2026-09-26T20:27:53.000Z,1790454473.000,32.644150169,-117.200579214,6.369,323.459,310.037,28.153,-0.035,-1973,,3,5.87,-219.283
2026-09-26T20:27:54.000Z,1790454474.000,32.644173093,-117.200600657,6.192,325.393,309.804,22.928,5.052,-1974,,3,5.62,-217.484
2026-09-26T20:27:55.000Z,1790454475.000,32.644196565,-117.200621514,6.536,323.005,307.071,19.775,4.025,-1975,,3,6.038,-215.8
2026-09-26T20:27:56.000Z,1790454476.000,32.644222143,-117.200641443,6.4,327.457,307.714,20.329,1.971,-1976,,3,5.7,-213.61
2026-09-26T20:27:57.000Z,1790454477.000,32.644247141,-117.200659761,6.369,324.625,306.95,14.77,3.058,-1977,,3,5.805,-211.543
2026-09-26T20:27:58.000Z,1790454478.000,32.644273735,-117.200676211,6.636,331.656,312.816,20.412,-0.868,-1978,,3,5.66,-208.755
2026-09-26T20:27:59.000Z,1790454479.000,32.644298575,-117.200691765,6.409,328.955,315.11,15.638,7.935,-1979,,3,5.613,-206.401
2026-09-26T20:28:00.000Z,1790454480.000,32.644325219,-117.200706811,5.813,333.443,312.974,18.562,4.421,-1980,,3,4.849,-204.162
2026-09-26T20:28:01.000Z,1790454481.000,32.644351103,-117.200720504,6.537,333.758,320.513,29.976,0.575,-1981,,3,5.425,-201.277
2026-09-26T20:28:02.000Z,1790454482.000,32.644373423,-117.20074023,6.036,319.545,313.045,24.662,3.451,-1982,,3,5.681,-200.004
2026-09-26T20:28:03.000Z,1790454483.000,32.644395921,-117.200761404,6.273,322.377,309.192,27.591,4.064,-1983,,3,5.79,-198.512
2026-09-26T20:28:04.000Z,1790454484.000,32.644418925,-117.200782101,5.962,317.843,306.893,27.242,3.12,-1984,,3,5.665,-196.84
2026-09-26T20:28:05.000Z,1790454485.000,32.644439402,-117.200803834,5.895,321.601,306.068,24.48,3.43,-1985,,3,5.467,-195.354
2026-09-26T20:28:06.000Z,1790454486.000,32.644459651,-117.200825995,6,317.656,304.416,20.108,4.188,-1986,,3,5.704,-193.969
2026-09-26T20:28:07.000Z,1790454487.000,32.644481696,-117.200845506,5.964,324.611,310.036,27.236,1.556,-1987,,3,5.399,-191.761
2026-09-26T20:28:08.000Z,1790454488.000,32.644503138,-117.200868827,6.31,319.672,310.14,24.54,4.231,-1988,,3,5.919,-190.147
2026-09-26T20:28:09.000Z,1790454489.000,32.644525497,-117.200891357,6.336,322.333,307.18,20.437,6.227,-1989,,3,5.833,-188.646
2026-09-26T20:28:10.000Z,1790454490.000,32.644549207,-117.200911023,6.272,326.6,305.86,18.968,3.292,-1990,,3,5.572,-186.796
2026-09-26T20:28:11.000Z,1790454491.000,32.644574231,-117.200929163,6.242,330.805,313.935,19.01,5.364,-1991,,3,5.313,-184.058
2026-09-26T20:28:12.000Z,1790454492.000,32.644598605,-117.200947613,6.4,331.746,310.69,14.309,5.8,-1992,,3,5.387,-182.241
2026-09-26T20:28:13.000Z,1790454493.000,32.644625368,-117.200963344,6.604,333.864,314.32,21.856,1.1,-1993,,3,5.414,-179.587
2026-09-26T20:28:14.000Z,1790454494.000,32.644649559,-117.200981346,6.461,324.409,311.779,19.051,1.953,-1994,,3,5.828,-177.724
2026-09-26T20:28:15.000Z,1790454495.000,32.644674218,-117.200999655,6.273,324.345,318.809,25.473,4.027,-1995,,3,5.655,-175.129
2026-09-26T20:28:16.000Z,1790454496.000,32.644697731,-117.201020376,6.3,322.884,313.48,21.818,7.963,-1996,,3,5.745,-173.61
2026-09-26T20:28:17.000Z,1790454497.000,32.644721415,-117.201040168,6.332,327.739,308.268,21.409,5.212,-1997,,3,5.53,-172.054
2026-09-26T20:28:18.000Z,1790454498.000,32.64474543,-117.201058307,6.334,326.729,310.095,26.582,2.714,-1998,,3,5.58,-169.89
2026-09-26T20:28:19.000Z,1790454499.000,32.644768121,-117.201077483,6,315.952,310.683,22.119,5.257,-1999,,3,5.721,-167.989
2026-09-26T20:28:20.000Z,1790454500.000,32.644789831,-117.201099093,6.162,320.193,306.373,17.985,3.122,-2000,,3,5.72,-166.633
2026-09-26T20:28:21.000Z,1790454501.000,32.644812912,-117.201121042,6.491,321.018,309.588,19.72,0.832,-2001,,3,5.985,-164.569
2026-09-26T20:28:22.000Z,1790454502.000,32.644836635,-117.201140915,6.62,322.672,312.364,19.7,3.093,-2002,,3,6.022,-162.416
2026-09-26T20:28:23.000Z,1790454503.000,32.644860119,-117.201162385,5.972,329.891,309.864,19.67,5.707,-2003,,3,5.074,-160.727
2026-09-26T20:28:24.000Z,1790454504.000,32.644883376,-117.201182992,6.2,323.257,307.676,19.469,5.49,-2004,,3,5.607,-159.017
2026-09-26T20:28:25.000Z,1790454505.000,32.644906337,-117.201202211,6.168,322.524,306.87,20.664,2.502,-2005,,3,5.607,-157.194
2026-09-26T20:28:26.000Z,1790454506.000,32.644929371,-117.201220771,6.391,321.647,309.153,22.753,2.503,-2006,,3,5.846,-155.11
2026-09-26T20:28:27.000Z,1790454507.000,32.644952779,-117.201239391,5.957,326.563,309.449,19.875,9.631,-2007,,3,5.217,-153.14
2026-09-26T20:28:28.000Z,1790454508.000,32.644974916,-117.201258904,5.857,322.983,306.1,16.982,5.923,-2008,,3,5.292,-151.606
2026-09-26T20:28:29.000Z,1790454509.000,32.644997917,-117.201277669,6.108,321.75,307.532,23.504,2.136,-2009,,3,5.57,-149.595
2026-09-26T20:28:30.000Z,1790454510.000,32.645019052,-117.201299744,6.209,317.259,304.641,17.06,2.159,-2010,,3,5.842,-148.209
2026-09-26T20:28:31.000Z,1790454511.000,32.645040818,-117.201319398,6.28,319.128,310.231,23.08,0.451,-2011,,3,5.832,-146.037
2026-09-26T20:28:32.000Z,1790454512.000,32.645061903,-117.201339368,6.067,323.222,308.633,17.053,3.93,-2012,,3,5.456,-144.493
2026-09-26T20:28:33.000Z,1790454513.000,32.645083979,-117.201359051,6.328,319.82,310.984,22.367,3.657,-2013,,3,5.84,-142.539
2026-09-26T20:28:34.000Z,1790454514.000,32.645105856,-117.201379149,5.786,326.748,310.356,19.738,10.845,-2014,,3,5.029,-140.843
2026-09-26T20:28:35.000Z,1790454515.000,32.645130701,-117.201397637,5.789,324.14,309.223,22.125,6.353,-2015,,3,5.151,-138.823
2026-09-26T20:28:36.000Z,1790454516.000,32.645153597,-117.201416491,5.967,325.33,309.998,19.794,3.533,-2016,,3,5.247,-136.877
2026-09-26T20:28:37.000Z,1790454517.000,32.645176139,-117.201434871,5.589,323.658,310.214,14.894,6.474,-2017,,3,4.986,-134.998
2026-09-26T20:28:38.000Z,1790454518.000,32.645200998,-117.20145142,6.028,336.468,311.535,18.422,3.655,-2018,,3,4.631,-132.738
2026-09-26T20:28:39.000Z,1790454519.000,32.645224985,-117.201468374,6.13,327.049,314.801,21.019,6.752,-2019,,3,5.281,-130.441
2026-09-26T20:28:40.000Z,1790454520.000,32.64524827,-117.201488833,6.098,321.005,310.287,18.382,2.483,-2020,,3,5.547,-128.89
2026-09-26T20:28:41.000Z,1790454521.000,32.645273362,-117.201507208,6.536,327.634,310.215,20.42,2.687,-2021,,3,5.586,-126.762
2026-09-26T20:28:42.000Z,1790454522.000,32.645299702,-117.201523423,6.355,331.676,312.455,26.052,1.514,-2022,,3,5.175,-124.268
2026-09-26T20:28:43.000Z,1790454523.000,32.645324906,-117.20154008,6.024,327.758,313.882,26.409,3.565,-2023,,3,5.126,-121.969
2026-09-26T20:28:44.000Z,1790454524.000,32.645348008,-117.20155953,6.17,323.54,309.308,17.535,6.865,-2024,,3,5.47,-120.416
2026-09-26T20:28:45.000Z,1790454525.000,32.645371678,-117.201578116,5.999,323.186,311.397,23.499,3.599,-2025,,3,5.33,-118.282
2026-09-26T20:28:46.000Z,1790454526.000,32.645395457,-117.201597571,5.943,327.74,309.371,19.943,7.343,-2026,,3,5.041,-116.47
2026-09-26T20:28:47.000Z,1790454527.000,32.645420021,-117.201615998,6.157,323.774,310.304,23.361,1.476,-2027,,3,5.43,-114.323
2026-09-26T20:28:48.000Z,1790454528.000,32.645444352,-117.201633704,6.465,328.129,314.246,23.917,0.785,-2028,,3,5.445,-111.96
2026-09-26T20:28:49.000Z,1790454529.000,32.645466829,-117.201653811,6.427,319.807,310.928,21.61,5.191,-2029,,3,5.854,-110.397
2026-09-26T20:28:50.000Z,1790454530.000,32.645491049,-117.201672492,6,324.351,311.473,24.803,3.915,-2030,,3,5.245,-108.323
2026-09-26T20:28:51.000Z,1790454531.000,32.645513145,-117.201691906,6,323,309.845,21.857,5.374,-2031,,3,5.308,-106.658
2026-09-26T20:28:52.000Z,1790454532.000,32.645535735,-117.201710867,6.16,321.47,312.117,27.552,0.04,-2032,,3,5.519,-104.637
2026-09-26T20:28:53.000Z,1790454533.000,32.645558114,-117.201729815,6.191,328.629,311.61,24.992,2.102,-2033,,3,5.154,-102.844
2026-09-26T20:28:54.000Z,1790454534.000,32.645582579,-117.201746796,6.17,330.67,314.292,26.779,5.139,-2034,,3,5.003,-100.54
2026-09-26T20:28:55.000Z,1790454535.000,32.645606237,-117.201766255,6.2,321.018,312.744,24.169,5.678,-2035,,3,5.559,-98.702
2026-09-26T20:28:56.000Z,1790454536.000,32.645629891,-117.20178725,6.5,321.186,308.195,21.352,3.726,-2036,,3,5.816,-97.136
2026-09-26T20:28:57.000Z,1790454537.000,32.645655175,-117.201806904,6.509,324.988,308.999,22.053,3.611,-2037,,3,5.611,-94.957
2026-09-26T20:28:58.000Z,1790454538.000,32.645680575,-117.20182448,6.189,328.938,308.555,16.741,5.256,-2038,,3,5.098,-92.802
2026-09-26T20:28:59.000Z,1790454539.000,32.645706695,-117.201840161,6.563,331.226,313.109,19.844,0.769,-2039,,3,5.241,-90.142
2026-09-26T20:29:00.000Z,1790454540.000,32.645732373,-117.201855087,6.528,337.736,318.276,21.478,4.954,-2040,,3,4.72,-87.478
2026-09-26T20:29:01.000Z,1790454541.000,32.645758696,-117.201871055,6.454,330.77,317.165,24.875,7.601,-2041,,3,5.163,-85.224
2026-09-26T20:29:02.000Z,1790454542.000,32.645784077,-117.201890085,6.836,316.296,314.711,25.411,3.953,-2042,,3,6.315,-83.253
2026-09-26T20:29:03.000Z,1790454543.000,32.645808129,-117.201909717,6.056,326.552,312.54,30.268,3.716,-2043,,3,5.085,-81.423
2026-09-26T20:29:04.000Z,1790454544.000,32.645829116,-117.201930816,5.634,319.291,307.63,24.301,6.524,-2044,,3,5.077,-80.17
2026-09-26T20:29:05.000Z,1790454545.000,32.645849982,-117.201953586,6.157,315.418,305.126,23.637,2.908,-2045,,3,5.712,-78.802
2026-09-26T20:29:06.000Z,1790454546.000,32.645869419,-117.201976941,6.1,316.327,304.973,21.65,2.146,-2046,,3,5.62,-77.421
2026-09-26T20:29:07.000Z,1790454547.000,32.645890154,-117.201997855,6.166,324.183,306.161,22.164,2.169,-2047,,3,5.293,-75.729
2026-09-26T20:29:08.000Z,1790454548.000,32.645910638,-117.202020625,6.33,313.848,307.896,21.352,1.592,-2048,,3,5.925,-74.076
2026-09-26T20:29:09.000Z,1790454549.000,32.645932273,-117.202044036,6.536,319.681,307.418,22.155,4.072,-2049,,3,5.847,-72.488
2026-09-26T20:29:10.000Z,1790454550.000,32.645954586,-117.202065227,6.125,322.579,307.498,20.519,6.705,-2050,,3,5.327,-70.723
2026-09-26T20:29:11.000Z,1790454551.000,32.645978044,-117.20208656,6.172,322.74,305.232,19.416,6.22,-2051,,3,5.354,-69.021
2026-09-26T20:29:12.000Z,1790454552.000,32.646002209,-117.202106687,6.639,317.769,304.356,17.101,2.177,-2052,,3,6.018,-67.103
2026-09-26T20:29:13.000Z,1790454553.000,32.646026543,-117.202126393,6.368,324.256,307.272,14.973,1.504,-2053,,3,5.423,-64.862
2026-09-26T20:29:14.000Z,1790454554.000,32.646050511,-117.202144107,6.37,328.995,313.495,15.33,3.734,-2054,,3,5.118,-62.363
2026-09-26T20:29:15.000Z,1790454555.000,32.646075357,-117.202160471,6.255,329.056,314.781,14.476,4.161,-2055,,3,5.012,-60.104
2026-09-26T20:29:16.000Z,1790454556.000,32.646099245,-117.202177089,6.076,329.489,317.419,15.373,4.441,-2056,,3,4.83,-57.86
2026-09-26T20:29:17.000Z,1790454557.000,32.646123709,-117.202192571,5.9,333.905,317.037,14.772,6.167,-2057,,3,4.391,-55.737
2026-09-26T20:29:18.000Z,1790454558.000,32.646148758,-117.202207028,5.899,332.128,319.268,18.566,3.869,-2058,,3,4.499,-53.34
2026-09-26T20:29:19.000Z,1790454559.000,32.646173552,-117.202220904,6.119,333.604,322.575,24.96,3.987,-2059,,3,4.55,-50.885
2026-09-26T20:29:20.000Z,1790454560.000,32.646196852,-117.202238776,5.662,330.15,315.4,16.423,9.184,-2060,,3,4.424,-49.424
2026-09-26T20:29:21.000Z,1790454561.000,32.646223333,-117.202252514,6.031,327.31,320.105,25.768,0.27,-2061,,3,4.882,-46.681
2026-09-26T20:29:22.000Z,1790454562.000,32.646247821,-117.202268507,6.563,336.207,318.578,27.414,0.415,-2062,,3,4.64,-44.648
2026-09-26T20:29:23.000Z,1790454563.000,32.646272751,-117.202287154,6.232,324.861,316.898,28.127,5.177,-2063,,3,5.178,-42.657
2026-09-26T20:29:24.000Z,1790454564.000,32.646295063,-117.202308297,6.209,321.572,309.54,21.187,7.936,-2064,,3,5.344,-41.435
2026-09-26T20:29:25.000Z,1790454565.000,32.646318199,-117.20232932,5.791,320.15,305.318,16.896,6.648,-2065,,3,5.051,-39.906
2026-09-26T20:29:26.000Z,1790454566.000,32.646342136,-117.202347891,6.195,324.914,308.482,19.068,1.123,-2066,,3,5.123,-37.658
2026-09-26T20:29:27.000Z,1790454567.000,32.646364415,-117.202367245,5.972,326.219,309.366,18.036,3.845,-2067,,3,4.852,-35.783
2026-09-26T20:29:28.000Z,1790454568.000,32.64638828,-117.202385358,6.129,333.336,308.158,16.93,6.615,-2068,,3,4.488,-33.864
2026-09-26T20:29:29.000Z,1790454569.000,32.646413715,-117.202403306,6.37,324.002,310.632,17.383,1.121,-2069,,3,5.296,-31.495
2026-09-26T20:29:30.000Z,1790454570.000,32.646438222,-117.202421492,6.468,329.733,312.932,19.078,3.628,-2070,,3,4.979,-29.247
2026-09-26T20:29:31.000Z,1790454571.000,32.646462936,-117.202439148,6.431,326.432,315.32,21.905,3.192,-2071,,3,5.167,-26.959
2026-09-26T20:29:32.000Z,1790454572.000,32.646486439,-117.202458785,6.027,323.682,311.221,21.219,2.59,-2072,,3,5.002,-25.33
2026-09-26T20:29:33.000Z,1790454573.000,32.646509155,-117.202475003,5.66,330.96,312.251,24.101,3.99,-2073,,3,4.249,-23.31
2026-09-26T20:29:34.000Z,1790454574.000,32.646531685,-117.202492578,6.096,321.16,312.111,24.168,1.871,-2074,,3,5.187,-21.435
2026-09-26T20:29:35.000Z,1790454575.000,32.646554003,-117.202511251,6.2,321.51,312.497,23.813,1.59,-2075,,3,5.247,-19.575
2026-09-26T20:29:36.000Z,1790454576.000,32.646577076,-117.202533698,6.472,316.639,312.801,21.606,1.55,-2076,,3,5.743,-17.748
2026-09-26T20:29:37.000Z,1790454577.000,32.646601746,-117.202553946,6.462,327.831,311.192,19.078,7.477,-2077,,3,5.035,-15.832
2026-09-26T20:29:38.000Z,1790454578.000,32.646629863,-117.202570571,6.429,334.307,312.064,21.493,3.093,-2078,,3,4.507,-13.263
2026-09-26T20:29:39.000Z,1790454579.000,32.646657591,-117.202586843,6.734,334.43,315.293,21.132,4.7,-2079,,3,4.692,-10.554
2026-09-26T20:29:40.000Z,1790454580.000,32.646684411,-117.202604895,6.257,326.372,314.062,20.047,6.462,-2080,,3,4.933,-8.317
2026-09-26T20:29:41.000Z,1790454581.000,32.64670859,-117.202624222,6.085,326.999,310.207,13.807,7.399,-2081,,3,4.747,-6.592
2026-09-26T20:29:42.000Z,1790454582.000,32.646733528,-117.202640916,6.004,329.475,314.28,20.332,4.096,-2082,,3,4.503,-4.126
2026-09-26T20:29:43.000Z,1790454583.000,32.646757592,-117.202658162,6.292,327.512,313.508,21.802,3.492,-2083,,3,4.847,-2.125
2026-09-26T20:29:44.000Z,1790454584.000,32.646781307,-117.202677195,6.03,325.55,311.53,20.13,3.37,-2084,,3,4.765,-0.301
2026-09-26T20:29:45.000Z,1790454585.000,32.646804791,-117.202693741,6.1,326.591,314.225,23.5,1.863,-2085,,3,4.739,1.912
2026-09-26T20:29:46.000Z,1790454586.000,32.646827738,-117.202712835,6.238,326.529,313.165,23.71,4.395,-2086,,3,4.839,3.721
2026-09-26T20:29:47.000Z,1790454587.000,32.646850442,-117.202734478,6.227,315.974,309.447,22.42,4.234,-2087,,3,5.462,5.232
2026-09-26T20:29:48.000Z,1790454588.000,32.646874305,-117.202756012,6.248,324.548,309.486,25.389,0.83,-2088,,3,4.962,7.149
2026-09-26T20:29:49.000Z,1790454589.000,32.646898629,-117.202774075,6.268,331.439,312.989,24.661,6.011,-2089,,3,4.469,9.471
2026-09-26T20:29:50.000Z,1790454590.000,32.646922679,-117.202794838,6.364,323.236,310.636,22.053,5.345,-2090,,3,5.117,11.252
2026-09-26T20:29:51.000Z,1790454591.000,32.646947492,-117.202815754,6.408,322.683,309.831,20.393,2.469,-2091,,3,5.178,13.223
2026-09-26T20:29:52.000Z,1790454592.000,32.646974587,-117.20283272,6.729,335.907,310.028,22.583,-0.635,-2092,,3,4.367,15.624
2026-09-26T20:29:53.000Z,1790454593.000,32.647001212,-117.202847554,6.636,334.65,318.8,25.832,3.005,-2093,,3,4.393,18.657
2026-09-26T20:29:54.000Z,1790454594.000,32.647026657,-117.202863437,6.273,333.768,315.434,21.634,8.487,-2094,,3,4.21,20.66
2026-09-26T20:29:55.000Z,1790454595.000,32.647052418,-117.202880367,6.625,315.905,313.271,19.094,4.217,-2095,,3,5.728,22.75
2026-09-26T20:29:56.000Z,1790454596.000,32.647077538,-117.202897066,6.43,330.502,317.51,28.551,1.018,-2096,,3,4.547,25.24
2026-09-26T20:29:57.000Z,1790454597.000,32.647100625,-117.202914662,6.066,330.102,314.095,19.428,9.467,-2097,,3,4.308,26.938
2026-09-26T20:29:58.000Z,1790454598.000,32.647123687,-117.202934487,5.967,318.566,312.971,23.072,4.158,-2098,,3,4.983,28.734
2026-09-26T20:29:59.000Z,1790454599.000,32.647145372,-117.202957034,6.517,317.13,307.64,21.528,2.472,-2099,,3,5.523,29.989
2026-09-26T20:30:00.000Z,1790454600.000,32.647166805,-117.202979583,6.519,317.99,306.097,20.108,2.883,-2100,,3,5.462,31.498
2026-09-26T20:30:01.000Z,1790454601.000,32.647188224,-117.202998988,6,321.587,309.224,21.78,4.548,-2101,,3,4.801,33.452
2026-09-26T20:30:02.000Z,1790454602.000,32.647209456,-117.203020788,5.969,318.215,308.128,16.834,5.009,-2102,,3,4.969,34.996
2026-09-26T20:30:03.000Z,1790454603.000,32.647231725,-117.203043142,5.981,327.117,304.581,15.153,4.439,-2103,,3,4.397,36.445
2026-09-26T20:30:04.000Z,1790454604.000,32.647255335,-117.203061273,6.13,329.047,307.04,18.2,2.992,-2104,,3,4.348,38.619
2026-09-26T20:30:05.000Z,1790454605.000,32.647279055,-117.203078755,6.201,322.091,311.328,19.915,3.777,-2105,,3,4.88,40.956
2026-09-26T20:30:06.000Z,1790454606.000,32.64730188,-117.203099492,6.341,323.282,307.123,15.493,3.355,-2106,,3,4.897,42.465
2026-09-26T20:30:07.000Z,1790454607.000,32.647326654,-117.203117447,6.372,330.135,309.58,18.705,3.207,-2107,,3,4.385,44.764
2026-09-26T20:30:08.000Z,1790454608.000,32.647349955,-117.203134397,6.06,331.064,313.89,20.54,1.13,-2108,,3,4.081,47.068
2026-09-26T20:30:09.000Z,1790454609.000,32.647372996,-117.20315228,6.132,322.644,312.82,16.6,3.9,-2109,,3,4.736,48.921
2026-09-26T20:30:10.000Z,1790454610.000,32.647398127,-117.203170067,6.756,327.896,317.044,26.168,1.705,-2110,,3,4.783,51.38
2026-09-26T20:30:11.000Z,1790454611.000,32.647422086,-117.203191354,6.285,326.435,312.363,21.652,6.924,-2111,,3,4.548,52.972
2026-09-26T20:30:12.000Z,1790454612.000,32.647446083,-117.203209947,6.138,330.39,310.319,16.814,7.079,-2112,,3,4.124,54.832
2026-09-26T20:30:13.000Z,1790454613.000,32.64747115,-117.203226679,6.266,326.547,312.735,17.993,3.904,-2113,,3,4.493,57.19
2026-09-26T20:30:14.000Z,1790454614.000,32.647494751,-117.203245109,6.2,325.006,314.442,20.064,2.872,-2114,,3,4.544,59.289
2026-09-26T20:30:15.000Z,1790454615.000,32.647516769,-117.203268469,6.4,318.795,308.603,12.539,5.433,-2115,,3,5.125,60.521
2026-09-26T20:30:16.000Z,1790454616.000,32.647540214,-117.203285609,5.693,328.71,310.005,16.074,5.279,-2116,,3,3.887,62.622
2026-09-26T20:30:17.000Z,1790454617.000,32.647563645,-117.203300713,6.036,328.523,314.58,20.972,4.736,-2117,,3,4.117,65.01
2026-09-26T20:30:18.000Z,1790454618.000,32.647587683,-117.203316794,5.892,333.834,314.782,19.197,6.546,-2118,,3,3.585,67.112
2026-09-26T20:30:19.000Z,1790454619.000,32.647612002,-117.203333929,6.019,324.13,314.411,22.294,4.522,-2119,,3,4.399,69.173
2026-09-26T20:30:20.000Z,1790454620.000,32.647637132,-117.203352388,6.5,322.883,313.38,25.78,2.916,-2120,,3,4.829,71.234
2026-09-26T20:30:21.000Z,1790454621.000,32.647660444,-117.20337305,6.401,325.799,309.799,23.131,5.634,-2121,,3,4.517,72.848
2026-09-26T20:30:22.000Z,1790454622.000,32.647684676,-117.203393632,6.4,318.789,308.411,25.85,2.655,-2122,,3,5.021,74.723
2026-09-26T20:30:23.000Z,1790454623.000,32.647707021,-117.203414391,6.23,319.943,309.216,22.762,2.873,-2123,,3,4.794,76.559
2026-09-26T20:30:24.000Z,1790454624.000,32.647728881,-117.203437239,6.435,321.894,306.117,18.859,2.774,-2124,,3,4.796,77.987
2026-09-26T20:30:25.000Z,1790454625.000,32.647754044,-117.203454735,6.566,333.761,310.675,24.666,4.359,-2125,,3,3.863,80.499
2026-09-26T20:30:26.000Z,1790454626.000,32.647779079,-117.203471675,5.955,329.266,311.422,20.69,7.067,-2126,,3,3.851,82.723
2026-09-26T20:30:27.000Z,1790454627.000,32.647803808,-117.203490408,6.4,319.059,312.324,22.312,3.134,-2127,,3,4.921,84.875
2026-09-26T20:30:28.000Z,1790454628.000,32.64782699,-117.203511115,6.163,321.584,309.033,21.982,2.769,-2128,,3,4.546,86.495
2026-09-26T20:30:29.000Z,1790454629.000,32.647849553,-117.203532317,6.328,318.599,307.356,22.743,2.42,-2129,,3,4.87,88.152
2026-09-26T20:30:30.000Z,1790454630.000,32.64787171,-117.203554266,6.484,321.248,307.844,22.62,2.713,-2130,,3,4.777,89.911
2026-09-26T20:30:31.000Z,1790454631.000,32.647892546,-117.203576314,5.837,316.909,308.87,17.611,4.934,-2131,,3,4.573,91.567
2026-09-26T20:30:32.000Z,1790454632.000,32.647914766,-117.203595654,5.998,328.451,310.763,14.597,8.151,-2132,,3,3.84,93.511
2026-09-26T20:30:33.000Z,1790454633.000,32.647938865,-117.203612254,6.119,328.31,313.549,18.922,5.879,-2133,,3,3.907,95.797
2026-09-26T20:30:34.000Z,1790454634.000,32.64796415,-117.203631094,6.5,320.335,311.702,19.031,3.153,-2134,,3,4.786,97.802
2026-09-26T20:30:35.000Z,1790454635.000,32.647988608,-117.203650129,6.461,323.779,312.54,24.774,1.274,-2135,,3,4.465,99.912
2026-09-26T20:30:36.000Z,1790454636.000,32.648011193,-117.203670871,6.021,322.407,306.986,21.957,3.686,-2136,,3,4.25,101.295
2026-09-26T20:30:37.000Z,1790454637.000,32.648034509,-117.203690325,6.34,325.483,309.112,25.52,2.696,-2137,,3,4.206,103.372
2026-09-26T20:30:38.000Z,1790454638.000,32.648057011,-117.203712326,5.615,321.985,304.886,17.53,4.329,-2138,,3,3.96,104.805
2026-09-26T20:30:39.000Z,1790454639.000,32.648080949,-117.203730678,6.4,330.123,309.895,24.697,2.502,-2139,,3,3.801,107.199
2026-09-26T20:30:40.000Z,1790454640.000,32.64810377,-117.203749913,6.096,324.79,308.6,22.373,5.3,-2140,,3,4.042,108.971
2026-09-26T20:30:41.000Z,1790454641.000,32.648126917,-117.203770862,6.428,318.56,307.485,24.005,2.26,-2141,,3,4.741,110.74
2026-09-26T20:30:42.000Z,1790454642.000,32.64814904,-117.203792408,6.232,318.823,306.433,21.301,2.421,-2142,,3,4.56,112.388
2026-09-26T20:30:43.000Z,1790454643.000,32.648172409,-117.203811591,6.464,324.895,310.332,24.791,2.464,-2143,,3,4.214,114.613
2026-09-26T20:30:44.000Z,1790454644.000,32.648193973,-117.203833307,5.966,315.464,308.698,17.679,5.786,-2144,,3,4.563,116.155
2026-09-26T20:30:45.000Z,1790454645.000,32.648216211,-117.203856517,6.345,316.404,307.994,17.215,3.111,-2145,,3,4.768,117.795
2026-09-26T20:30:46.000Z,1790454646.000,32.64823894,-117.203877814,6.47,327.214,307.4,17.605,2.174,-2146,,3,3.954,119.55
2026-09-26T20:30:47.000Z,1790454647.000,32.648263209,-117.203896095,6.335,329.98,313.97,20.492,2.193,-2147,,3,3.596,122.09
2026-09-26T20:30:48.000Z,1790454648.000,32.648286621,-117.203915057,6.328,319.645,316.379,21.459,5.431,-2148,,3,4.447,124.203
2026-09-26T20:30:49.000Z,1790454649.000,32.648309757,-117.203937243,6.671,319,308.357,20.457,2.5,-2149,,3,4.724,125.43
2026-09-26T20:30:50.000Z,1790454650.000,32.648332637,-117.203955873,6.131,325.786,309.18,20.993,2.813,-2150,,3,3.777,127.384
2026-09-26T20:30:51.000Z,1790454651.000,32.648355645,-117.203973633,5.964,325.948,311.004,22.232,3.324,-2151,,3,3.638,129.452
2026-09-26T20:30:52.000Z,1790454652.000,32.648378884,-117.203993557,6.319,319.94,311.589,18.205,4.535,-2152,,3,4.336,131.389
2026-09-26T20:30:53.000Z,1790454653.000,32.648402147,-117.204014443,6.578,326.826,307.178,18.387,5.348,-2153,,3,3.885,132.925
2026-09-26T20:30:54.000Z,1790454654.000,32.648427457,-117.204032146,6.525,327.229,309.393,25.871,0.571,-2154,,3,3.787,135.269
2026-09-26T20:30:55.000Z,1790454655.000,32.648451243,-117.204052184,6.404,324.281,308.929,22.335,2.607,-2155,,3,3.956,137.182
2026-09-26T20:30:56.000Z,1790454656.000,32.648474825,-117.204071402,6.055,324.613,310.494,21.699,2.689,-2156,,3,3.689,139.25
2026-09-26T20:30:57.000Z,1790454657.000,32.648497208,-117.204092427,6.23,321.48,311.401,20.64,2.181,-2157,,3,4.037,141.089
2026-09-26T20:30:58.000Z,1790454658.000,32.648519696,-117.20411576,6.532,318.096,307.812,19.18,4.276,-2158,,3,4.498,142.536
2026-09-26T20:30:59.000Z,1790454659.000,32.648543267,-117.20413647,6.4,326.983,306.147,19.837,2.157,-2159,,3,3.612,144.314
2026-09-26T20:31:00.000Z,1790454660.000,32.64856839,-117.204153985,6.115,330.94,312.38,22.108,3.669,-2160,,3,3.063,146.946
2026-09-26T20:31:01.000Z,1790454661.000,32.648591876,-117.204173354,5.993,322.769,313.197,18.605,6.51,-2161,,3,3.684,148.942
2026-09-26T20:31:02.000Z,1790454662.000,32.648614681,-117.204194002,5.858,323.742,309.642,15.994,4.811,-2162,,3,3.5,150.505
2026-09-26T20:31:03.000Z,1790454663.000,32.648638797,-117.204212391,5.953,328.767,309.913,16.314,4.672,-2163,,3,3.099,152.555
2026-09-26T20:31:04.000Z,1790454664.000,32.648662405,-117.20422895,6.189,325.706,310.008,16.87,3.759,-2164,,3,3.472,154.591
2026-09-26T20:31:05.000Z,1790454665.000,32.648685575,-117.204245219,5.795,328.162,312.737,18.59,3.01,-2165,,3,3.016,156.784
2026-09-26T20:31:06.000Z,1790454666.000,32.64870792,-117.204264687,6.066,321.573,313.004,17.271,3.965,-2166,,3,3.706,158.615
2026-09-26T20:31:07.000Z,1790454667.000,32.6487306,-117.204285821,6.311,322.645,308.955,17.285,4.662,-2167,,3,3.738,160.113
2026-09-26T20:31:08.000Z,1790454668.000,32.648753492,-117.204305267,6.169,326.449,309.408,16.953,3.971,-2168,,3,3.289,162.018
2026-09-26T20:31:09.000Z,1790454669.000,32.648775462,-117.204326562,6.467,318.127,308.829,14.425,4.175,-2169,,3,4.179,163.694
2026-09-26T20:31:10.000Z,1790454670.000,32.648798927,-117.204347736,6.5,320.5,309.173,17.327,3.382,-2170,,3,3.963,165.602
2026-09-26T20:31:11.000Z,1790454671.000,32.648823916,-117.204368763,6.67,329.291,307.883,18.182,4.744,-2171,,3,3.178,167.551
2026-09-26T20:31:12.000Z,1790454672.000,32.648848698,-117.204387774,6.431,326.119,308.087,17.987,5.281,-2172,,3,3.341,169.65
2026-09-26T20:31:13.000Z,1790454673.000,32.648873399,-117.204405422,6.031,327.489,309.916,15.469,5.277,-2173,,3,2.977,171.901
2026-09-26T20:31:14.000Z,1790454674.000,32.648898001,-117.204422571,6.072,328.195,312.177,13.1,5.383,-2174,,3,2.9,174.186
2026-09-26T20:31:15.000Z,1790454675.000,32.648923649,-117.204438557,6.13,333.645,315.461,18.53,2.669,-2175,,3,2.367,176.687
2026-09-26T20:31:16.000Z,1790454676.000,32.648947467,-117.204454867,6.3,328.167,316.067,20.167,5.067,-2176,,3,2.944,178.788
2026-09-26T20:31:17.000Z,1790454677.000,32.648970275,-117.20447312,5.773,322.055,311.446,18.545,5.692,-2177,,3,3.202,180.347
2026-09-26T20:31:18.000Z,1790454678.000,32.648992803,-117.204492475,5.728,320.713,312.643,20.299,3.586,-2178,,3,3.262,182.27
2026-09-26T20:31:19.000Z,1790454679.000,32.649013592,-117.204514124,6.012,319.224,310.718,18.725,6.269,-2179,,3,3.526,183.712
2026-09-26T20:31:20.000Z,1790454680.000,32.649034973,-117.204536442,6.334,313.85,309.565,21.598,3.57,-2180,,3,4.154,185.254
2026-09-26T20:31:21.000Z,1790454681.000,32.649056414,-117.204559247,6.236,321.469,306.203,22.231,3.368,-2181,,3,3.404,186.618
2026-09-26T20:31:22.000Z,1790454682.000,32.649077596,-117.204580204,6.041,321.026,304.789,22.852,2.859,-2182,,3,3.31,188.155
2026-09-26T20:31:23.000Z,1790454683.000,32.649099984,-117.204599041,6.148,320.808,307.561,25.155,0.285,-2183,,3,3.358,190.203
2026-09-26T20:31:24.000Z,1790454684.000,32.64912263,-117.204619865,6.469,322.088,308.582,25.547,0.147,-2184,,3,3.379,192.085
2026-09-26T20:31:25.000Z,1790454685.000,32.649146272,-117.204638381,6.492,331.24,308.97,21.298,5.771,-2185,,3,2.431,194.091
2026-09-26T20:31:26.000Z,1790454686.000,32.649171563,-117.204656298,6.424,330.847,311.096,23.6,5.69,-2186,,3,2.406,196.419
2026-09-26T20:31:27.000Z,1790454687.000,32.649195338,-117.204677543,5.961,324.456,307.256,18.048,5.93,-2187,,3,2.804,198.042
2026-09-26T20:31:28.000Z,1790454688.000,32.649220258,-117.204698629,6.571,321.167,308.322,21.255,3.538,-2188,,3,3.382,200.161
2026-09-26T20:31:29.000Z,1790454689.000,32.649244252,-117.204718205,5.836,323.52,308.373,19.636,4.5,-2189,,3,2.763,202.149
2026-09-26T20:31:30.000Z,1790454690.000,32.64926863,-117.204734872,6.276,333.192,310.422,23.441,3.119,-2190,,3,1.962,204.41
2026-09-26T20:31:31.000Z,1790454691.000,32.649292128,-117.204753256,6.172,320.227,311.664,24.436,3.664,-2191,,3,3.162,206.467
2026-09-26T20:31:32.000Z,1790454692.000,32.649314437,-117.204772762,5.872,323.734,308.5,21.411,4.439,-2192,,3,2.665,208.037
2026-09-26T20:31:33.000Z,1790454693.000,32.649338056,-117.204793071,6.487,318.407,311.224,25.322,1.872,-2193,,3,3.431,210.164
2026-09-26T20:31:34.000Z,1790454694.000,32.649359192,-117.204817688,6.561,313.482,306.791,23.301,4.369,-2194,,3,3.907,211.366
2026-09-26T20:31:35.000Z,1790454695.000,32.649379388,-117.204842225,6.604,317.433,304.642,21.636,7.031,-2195,,3,3.527,212.64
2026-09-26T20:31:36.000Z,1790454696.000,32.649399278,-117.204866794,6.322,313.378,303.787,20.913,4.438,-2196,,3,3.717,213.98
2026-09-26T20:31:37.000Z,1790454697.000,32.649419939,-117.204891507,6.4,312.505,301.842,18.829,4.381,-2197,,3,3.812,215.312
2026-09-26T20:31:38.000Z,1790454698.000,32.649441121,-117.204913698,6.469,323.122,303.438,17.745,5.462,-2198,,3,2.794,217.048
2026-09-26T20:31:39.000Z,1790454699.000,32.649463,-117.204932927,5.749,327.21,305.402,19.107,4.931,-2199,,3,2.072,218.97
2026-09-26T20:31:40.000Z,1790454700.000,32.649486843,-117.204952289,6.345,321.408,306.41,17.456,2.263,-2200,,3,2.836,221.021
2026-09-26T20:31:41.000Z,1790454701.000,32.649510347,-117.204968186,6.078,333.857,309.595,18.995,4.818,-2201,,3,1.44,223.3
2026-09-26T20:31:42.000Z,1790454702.000,32.649534856,-117.20498421,6.032,324.997,311.168,19.207,3.807,-2202,,3,2.276,225.557
2026-09-26T20:31:43.000Z,1790454703.000,32.64955898,-117.205002238,6.279,327.623,312.973,22.466,1.994,-2203,,3,2.059,227.731
2026-09-26T20:31:44.000Z,1790454704.000,32.649583519,-117.205022244,6.085,325.087,311.946,24.649,5.513,-2204,,3,2.209,229.684
2026-09-26T20:31:45.000Z,1790454705.000,32.649606136,-117.205044866,5.811,322.348,307.261,22.96,3.599,-2205,,3,2.333,231.082
2026-09-26T20:31:46.000Z,1790454706.000,32.649628645,-117.205066542,6.265,321.512,307.356,21.956,2.926,-2206,,3,2.561,232.856
2026-09-26T20:31:47.000Z,1790454707.000,32.649650923,-117.205086573,6.157,321.604,307.071,22.85,2.757,-2207,,3,2.471,234.623
2026-09-26T20:31:48.000Z,1790454708.000,32.649674511,-117.2051076,6.116,322.676,308.797,24.221,4.089,-2208,,3,2.308,236.653
2026-09-26T20:31:49.000Z,1790454709.000,32.649696936,-117.205129223,6.438,318.854,304.693,19.167,5.095,-2209,,3,2.786,238.097
2026-09-26T20:31:50.000Z,1790454710.000,32.649720065,-117.205148937,6.064,323.147,306.27,21.668,1.643,-2210,,3,2.167,240.107
2026-09-26T20:31:51.000Z,1790454711.000,32.649743791,-117.205168436,6.127,326.173,308.009,20.918,3.709,-2211,,3,1.843,242.197
2026-09-26T20:31:52.000Z,1790454712.000,32.649766295,-117.205190155,6.5,318.342,307.42,19.589,4.571,-2212,,3,2.741,243.917
2026-09-26T20:31:53.000Z,1790454713.000,32.649788567,-117.205212637,6.198,315.955,305.4,22.115,2.907,-2213,,3,2.808,245.48
2026-09-26T20:31:54.000Z,1790454714.000,32.649809893,-117.205236249,6.336,317.169,302.895,19.115,3.769,-2214,,3,2.713,246.871
2026-09-26T20:31:55.000Z,1790454715.000,32.649832431,-117.205257757,5.956,320.534,304.331,21.759,4.074,-2215,,3,2.191,248.757
2026-09-26T20:31:56.000Z,1790454716.000,32.649853919,-117.205279639,6.162,316.685,306.104,21.605,3.572,-2216,,3,2.607,250.546
2026-09-26T20:31:57.000Z,1790454717.000,32.649875393,-117.205301957,6.536,319.579,303.129,20.893,3.279,-2217,,3,2.423,251.954
2026-09-26T20:31:58.000Z,1790454718.000,32.64989673,-117.20532423,5.887,318.745,302.598,16.836,5.457,-2218,,3,2.225,253.537
2026-09-26T20:31:59.000Z,1790454719.000,32.649919115,-117.205345566,6.14,322.94,303.229,13.38,3.79,-2219,,3,1.856,255.349
2026-09-26T20:32:00.000Z,1790454720.000,32.649942221,-117.205365073,6.1,323.876,308.95,15.871,5.511,-2220,,3,1.703,257.681
2026-09-26T20:32:01.000Z,1790454721.000,32.649965659,-117.205383761,6.1,326.934,309.768,15.068,3.234,-2221,,3,1.345,259.693
2026-09-26T20:32:02.000Z,1790454722.000,32.64999093,-117.20539938,6.172,333.524,314.802,21.42,2.793,-2222,,3,0.612,262.295
2026-09-26T20:32:03.000Z,1790454723.000,32.650015683,-117.20541601,6.143,328.67,317.622,23.568,5.5,-2223,,3,1.078,264.644
2026-09-26T20:32:04.000Z,1790454724.000,32.65003975,-117.205434445,6.402,325.904,311.831,22.337,3.897,-2224,,3,1.383,266.249
2026-09-26T20:32:05.000Z,1790454725.000,32.650065502,-117.205450578,6.446,333.297,315.315,27.113,4.777,-2225,,3,0.52,268.771
2026-09-26T20:32:06.000Z,1790454726.000,32.650090975,-117.205467209,5.919,330.892,314.033,24.341,6.858,-2226,,3,0.68,270.903
2026-09-26T20:32:07.000Z,1790454727.000,32.650116426,-117.205485304,6.357,329.655,313.469,26.126,3.85,-2227,,3,0.818,273.042
2026-09-26T20:32:08.000Z,1790454728.000,32.650139358,-117.205507972,6.528,317.449,310.474,22.324,3.077,-2228,,3,2.145,274.603
2026-09-26T20:32:09.000Z,1790454729.000,32.650162218,-117.205529818,6.091,326.873,306.209,17.909,5.491,-2229,,3,0.989,276.078
2026-09-26T20:32:10.000Z,1790454730.000,32.650186096,-117.205547562,6.031,327.262,310.061,22.892,1.895,-2230,,3,0.892,278.394
2026-09-26T20:32:11.000Z,1790454731.000,32.650208196,-117.205568451,6.66,316.892,312.569,22.609,2.385,-2231,,3,2.108,280.325
2026-09-26T20:32:12.000Z,1790454732.000,32.650230078,-117.20559017,6.439,323.568,306.935,18.19,4.849,-2232,,3,1.27,281.601
2026-09-26T20:32:13.000Z,1790454733.000,32.650255704,-117.205610723,6.604,326.757,307.091,26.415,0.777,-2233,,3,0.887,283.741
2026-09-26T20:32:14.000Z,1790454734.000,32.650277101,-117.205633465,6.178,319.059,302.42,17.342,4.378,-2234,,3,1.6,284.997
2026-09-26T20:32:15.000Z,1790454735.000,32.650298496,-117.20565617,6.1,315.697,300.997,15.584,5.977,-2235,,3,1.881,286.504
2026-09-26T20:32:16.000Z,1790454736.000,32.650319944,-117.205678439,5.782,318.069,298.51,16.782,3.171,-2236,,3,1.514,287.943
2026-09-26T20:32:17.000Z,1790454737.000,32.650338436,-117.205702737,5.941,307.08,295.07,18.724,2.376,-2237,,3,2.585,288.934
2026-09-26T20:32:18.000Z,1790454738.000,32.650351421,-117.205729034,5.328,297.258,283.086,15.735,6.093,-2238,,3,3.084,288.589
2026-09-26T20:32:19.000Z,1790454739.000,32.650355214,-117.205756713,4.99,267.338,262.766,5.796,4.255,-2239,,3,4.532,286.617
2026-09-26T20:32:20.000Z,1790454740.000,32.65034981,-117.205784359,4.932,255.216,246.32,-6.474,2.437,-2240,,3,4.814,284.144
2026-09-26T20:32:21.000Z,1790454741.000,32.650341194,-117.20580765,4.369,244.746,235.094,-9.58,7.13,-2241,,3,4.367,281.948
2026-09-26T20:32:22.000Z,1790454742.000,32.650329135,-117.205827784,4.636,236.428,227.691,-19.436,2.611,-2242,,3,4.606,279.763
2026-09-26T20:32:23.000Z,1790454743.000,32.650315463,-117.205846587,4.9,230.653,228.364,-26.903,1.246,-2243,,3,4.787,277.807
2026-09-26T20:32:24.000Z,1790454744.000,32.650301436,-117.205868088,5.137,230.133,230.38,-27.629,4.602,-2244,,3,5.007,275.794
2026-09-26T20:32:25.000Z,1790454745.000,32.650287871,-117.205891558,5.335,239.745,232.965,-27.039,3.826,-2245,,3,5.326,273.805
2026-09-26T20:32:26.000Z,1790454746.000,32.650275455,-117.205917051,5.376,241.559,231.453,-24.115,4.106,-2246,,3,5.374,271.694
2026-09-26T20:32:27.000Z,1790454747.000,32.650263547,-117.205941625,5.14,237.804,228.059,-19.69,5.992,-2247,,3,5.118,269.587
2026-09-26T20:32:28.000Z,1790454748.000,32.65025042,-117.205964891,5.198,236.711,228.498,-23.662,2.147,-2248,,3,5.165,267.551
2026-09-26T20:32:29.000Z,1790454749.000,32.65023741,-117.205989359,5.565,237.33,230.139,-21.853,0.653,-2249,,3,5.536,265.545
2026-09-26T20:32:30.000Z,1790454750.000,32.65022317,-117.206014537,5.669,235.34,227.408,-19.353,6.878,-2250,,3,5.614,263.205
2026-09-26T20:32:31.000Z,1790454751.000,32.650206287,-117.206039709,5.731,231.08,227.917,-18.31,9.334,-2251,,3,5.599,260.721
2026-09-26T20:32:32.000Z,1790454752.000,32.650191123,-117.206066153,6.068,236.996,233.338,-20.171,3.202,-2252,,3,6.03,258.599
2026-09-26T20:32:33.000Z,1790454753.000,32.650176475,-117.206094301,5.907,238.491,230,-18.299,10.019,-2253,,3,5.885,256.094
2026-09-26T20:32:34.000Z,1790454754.000,32.650162294,-117.206122062,5.512,241.016,230.537,-19.161,3.508,-2254,,3,5.506,253.824
2026-09-26T20:32:35.000Z,1790454755.000,32.650149707,-117.206149856,6.039,244.148,233.515,-20.123,0.531,-2255,,3,6.038,251.835
2026-09-26T20:32:36.000Z,1790454756.000,32.650137668,-117.206177929,5.629,242.314,230.046,-15.064,4.161,-2256,,3,5.627,249.603
2026-09-26T20:32:37.000Z,1790454757.000,32.650123421,-117.206202893,5.675,236.618,229.627,-22.603,4.574,-2257,,3,5.632,247.364
2026-09-26T20:32:38.000Z,1790454758.000,32.65011036,-117.206229444,5.437,245.205,232.688,-19.787,4.965,-2258,,3,5.435,245.36
2026-09-26T20:32:39.000Z,1790454759.000,32.650097539,-117.206257259,5.631,242.928,232.124,-15.818,4.303,-2259,,3,5.631,243.184
2026-09-26T20:32:40.000Z,1790454760.000,32.650084046,-117.206284971,5.8,242.582,231.335,-14.445,3.163,-2260,,3,5.799,240.929
2026-09-26T20:32:41.000Z,1790454761.000,32.650068772,-117.206312088,5.807,232.642,226.607,-17.858,4.69,-2261,,3,5.697,238.339
2026-09-26T20:32:42.000Z,1790454762.000,32.650051858,-117.206338383,6.04,234.07,228.901,-21.83,1.639,-2262,,3,5.952,235.891
2026-09-26T20:32:43.000Z,1790454763.000,32.650038,-117.206366136,6.168,239.268,231.832,-15.821,5.068,-2263,,3,6.148,233.761
2026-09-26T20:32:44.000Z,1790454764.000,32.650023996,-117.206394178,5.931,240.613,229.44,-12.672,5.128,-2264,,3,5.921,231.373
2026-09-26T20:32:45.000Z,1790454765.000,32.650009253,-117.206421206,5.862,238.995,226.75,-17.399,5.934,-2265,,3,5.84,228.931
2026-09-26T20:32:46.000Z,1790454766.000,32.649993916,-117.206447674,5.731,237.341,226.944,-23.944,2.498,-2266,,3,5.69,226.559
2026-09-26T20:32:47.000Z,1790454767.000,32.649979658,-117.206473718,5.9,242.84,231.132,-26.095,2.103,-2267,,3,5.898,224.484
2026-09-26T20:32:48.000Z,1790454768.000,32.649967236,-117.206500803,5.875,243.462,232.325,-23.799,2.025,-2268,,3,5.874,222.45
2026-09-26T20:32:49.000Z,1790454769.000,32.649954092,-117.206528913,6.1,237.726,229.749,-17.016,5.055,-2269,,3,6.061,220.142
2026-09-26T20:32:50.000Z,1790454770.000,32.649937013,-117.206556968,6.407,232.12,227.184,-15.722,6.867,-2270,,3,6.262,217.427
2026-09-26T20:32:51.000Z,1790454771.000,32.649919361,-117.206585843,6.601,236.467,228.901,-18.099,4.706,-2271,,3,6.537,214.804
2026-09-26T20:32:52.000Z,1790454772.000,32.649902659,-117.206615968,6.246,237.594,228.916,-16.143,5.17,-2272,,3,6.2,212.178
2026-09-26T20:32:53.000Z,1790454773.000,32.649886944,-117.206644016,5.787,236.802,228.175,-20.613,2.4,-2273,,3,5.734,209.683
2026-09-26T20:32:54.000Z,1790454774.000,32.649874089,-117.206669559,5.366,242.65,230.1,-23.394,3.806,-2274,,3,5.362,207.675
2026-09-26T20:32:55.000Z,1790454775.000,32.649862178,-117.206695141,5.532,241.157,231.834,-25.137,0.931,-2275,,3,5.522,205.761
2026-09-26T20:32:56.000Z,1790454776.000,32.649850122,-117.20672198,5.749,242.295,230.578,-21.589,5.549,-2276,,3,5.744,203.663
2026-09-26T20:32:57.000Z,1790454777.000,32.649834185,-117.206748518,5.87,234.319,230.531,-28.002,2.81,-2277,,3,5.772,201.217
2026-09-26T20:32:58.000Z,1790454778.000,32.649818407,-117.206777186,6.468,237.135,234.365,-28.895,1.303,-2278,,3,6.409,198.905
2026-09-26T20:32:59.000Z,1790454779.000,32.649802953,-117.20680683,6.3,238.247,233.363,-26.151,5.437,-2279,,3,6.257,196.376
2026-09-26T20:33:00.000Z,1790454780.000,32.649788578,-117.206837304,6.243,246.468,233.83,-24.57,3.857,-2280,,3,6.241,194.007
2026-09-26T20:33:01.000Z,1790454781.000,32.649776846,-117.206867304,6.4,243.315,233.462,-25.265,-0.599,-2281,,3,6.397,191.892
2026-09-26T20:33:02.000Z,1790454782.000,32.649764524,-117.206896954,6.201,242.672,230.265,-19.774,7.75,-2282,,3,6.196,189.596
2026-09-26T20:33:03.000Z,1790454783.000,32.649749954,-117.206925997,6.135,238.827,228.67,-20.589,4.559,-2283,,3,6.098,187.157
2026-09-26T20:33:04.000Z,1790454784.000,32.649734448,-117.206955515,6.341,241.595,231.517,-20.044,3.932,-2284,,3,6.329,184.797
2026-09-26T20:33:05.000Z,1790454785.000,32.649719613,-117.206984406,5.963,237.854,231.037,-20.263,4.928,-2285,,3,5.914,182.38
2026-09-26T20:33:06.000Z,1790454786.000,32.649705305,-117.207012058,5.7,240.196,231.799,-20.1,4.265,-2286,,3,5.677,180.111
2026-09-26T20:33:07.000Z,1790454787.000,32.649691243,-117.207040664,6.214,241.502,233.175,-21.412,2.843,-2287,,3,6.2,177.87
2026-09-26T20:33:08.000Z,1790454788.000,32.64967765,-117.20707164,6.24,244.05,233.62,-21.8,3.57,-2288,,3,6.238,175.569
2026-09-26T20:33:09.000Z,1790454789.000,32.649664445,-117.207101451,6.1,241.785,233.635,-23.325,1.587,-2289,,3,6.088,173.321
2026-09-26T20:33:10.000Z,1790454790.000,32.649651888,-117.207130821,6.038,242.266,232.238,-22.954,4.429,-2290,,3,6.029,171.088
2026-09-26T20:33:11.000Z,1790454791.000,32.649638951,-117.207161067,6.013,243.704,234.513,-25.52,1.816,-2291,,3,6.011,168.964
2026-09-26T20:33:12.000Z,1790454792.000,32.649626546,-117.207190397,5.762,243.887,234.713,-26.689,3.718,-2292,,3,5.76,166.824
2026-09-26T20:33:13.000Z,1790454793.000,32.649614838,-117.207219291,5.767,243.767,233.434,-20.799,3.804,-2293,,3,5.764,164.699
2026-09-26T20:33:14.000Z,1790454794.000,32.649600874,-117.207246378,5.829,235.139,229.22,-17.756,6.059,-2294,,3,5.731,162.258
2026-09-26T20:33:15.000Z,1790454795.000,32.649582436,-117.207274303,6.288,236.569,232.066,-26.354,-0.207,-2295,,3,6.206,159.635
2026-09-26T20:33:16.000Z,1790454796.000,32.649567542,-117.207304888,6.768,241.331,235.83,-25.03,1.62,-2296,,3,6.747,157.366
2026-09-26T20:33:17.000Z,1790454797.000,32.64955452,-117.207334951,6.071,245.976,235.566,-24.634,2.178,-2297,,3,6.071,155.117
2026-09-26T20:33:18.000Z,1790454798.000,32.649542908,-117.207364105,5.8,244.284,234.449,-24.311,3.924,-2298,,3,5.798,153.001
2026-09-26T20:33:19.000Z,1790454799.000,32.649532253,-117.207394726,5.939,252.024,236.9,-25.084,2.623,-2299,,3,5.904,151.122
2026-09-26T20:33:20.000Z,1790454800.000,32.649522886,-117.207424706,5.8,250.189,234.723,-17.651,4.265,-2300,,3,5.783,149.167
2026-09-26T20:33:21.000Z,1790454801.000,32.649509716,-117.20745248,6.162,238.935,232.249,-22.924,-0.447,-2301,,3,6.116,146.863
2026-09-26T20:33:22.000Z,1790454802.000,32.649495876,-117.20748239,6.225,242.704,231.646,-12.154,7.355,-2302,,3,6.214,144.517
2026-09-26T20:33:23.000Z,1790454803.000,32.649480449,-117.20751226,6.195,239.786,228.585,-16.037,3.262,-2303,,3,6.156,141.899
2026-09-26T20:33:24.000Z,1790454804.000,32.649464055,-117.207538717,5.933,233.134,227.997,-21.532,1.671,-2304,,3,5.775,139.384
2026-09-26T20:33:25.000Z,1790454805.000,32.649448164,-117.207564815,6.058,239.074,232.329,-23.084,0.7,-2305,,3,6.008,137.145
2026-09-26T20:33:26.000Z,1790454806.000,32.64943343,-117.207594522,6.3,240.189,232.63,-21.526,5.211,-2306,,3,6.261,134.752
2026-09-26T20:33:27.000Z,1790454807.000,32.649418981,-117.20762346,5.968,236.946,229.353,-20.352,6.936,-2307,,3,5.881,132.251
2026-09-26T20:33:28.000Z,1790454808.000,32.649404237,-117.207651658,5.767,243.229,231.368,-23.404,1.695,-2308,,3,5.755,129.974
2026-09-26T20:33:29.000Z,1790454809.000,32.6493916,-117.207679363,6.012,244.862,231.737,-23.212,3.713,-2309,,3,6.009,127.862
2026-09-26T20:33:30.000Z,1790454810.000,32.649379203,-117.207707588,5.692,242.959,230.792,-24.953,0.425,-2310,,3,5.677,125.702
2026-09-26T20:33:31.000Z,1790454811.000,32.649367513,-117.207735073,5.666,240.898,228.603,-20.537,5.762,-2311,,3,5.633,123.587
2026-09-26T20:33:32.000Z,1790454812.000,32.649352836,-117.207762124,6.131,240.164,230.161,-21.412,1.645,-2312,,3,6.084,121.328
2026-09-26T20:33:33.000Z,1790454813.000,32.649338495,-117.207792167,6.371,240.5,230.658,-17.309,3.335,-2313,,3,6.326,118.974
2026-09-26T20:33:34.000Z,1790454814.000,32.649322893,-117.207821032,6.168,236.832,225.454,-13.175,7.093,-2314,,3,6.058,116.286
2026-09-26T20:33:35.000Z,1790454815.000,32.649304233,-117.2078469,6.067,227.9,224.233,-21.767,5.067,-2315,,3,5.697,113.528
2026-09-26T20:33:36.000Z,1790454816.000,32.649287251,-117.20787352,5.9,236.035,227.84,-21.971,4.091,-2316,,3,5.768,111.109
2026-09-26T20:33:37.000Z,1790454817.000,32.64927045,-117.20790155,6.29,233.36,226.62,-21.03,2.43,-2317,,3,6.072,108.481
2026-09-26T20:33:38.000Z,1790454818.000,32.649253082,-117.207928329,6.536,232.83,226.198,-22.264,1.364,-2318,,3,6.284,105.862
2026-09-26T20:33:39.000Z,1790454819.000,32.649235161,-117.207955024,5.974,231.242,222.484,-21.248,5,-2319,,3,5.682,103.068
2026-09-26T20:33:40.000Z,1790454820.000,32.649217289,-117.207981169,5.9,233.997,225.989,-24.92,4.274,-2320,,3,5.686,100.557
2026-09-26T20:33:41.000Z,1790454821.000,32.64920241,-117.208007678,5.635,239.187,227.77,-25.5,2.98,-2321,,3,5.541,98.296
2026-09-26T20:33:42.000Z,1790454822.000,32.64918948,-117.208034913,5.668,243.973,228.792,-24.425,3.858,-2322,,3,5.638,96.192
2026-09-26T20:33:43.000Z,1790454823.000,32.649175879,-117.208062273,5.965,239.44,229,-28.864,-0.655,-2323,,3,5.864,93.981
2026-09-26T20:33:44.000Z,1790454824.000,32.649160971,-117.208090443,6.3,235.586,226.271,-23.157,4.528,-2324,,3,6.093,91.488
2026-09-26T20:33:45.000Z,1790454825.000,32.649143713,-117.208118788,6.368,233.732,225.968,-20.777,5.382,-2325,,3,6.091,88.841
2026-09-26T20:33:46.000Z,1790454826.000,32.649125578,-117.208148614,6.6,234.63,227.603,-19.541,4.724,-2326,,3,6.331,86.135
2026-09-26T20:33:47.000Z,1790454827.000,32.649106333,-117.208177707,6.763,230.7,224.736,-19.201,4.153,-2327,,3,6.318,83.156
2026-09-26T20:33:48.000Z,1790454828.000,32.649086524,-117.208207574,6.588,235.281,226.046,-23.263,3.786,-2328,,3,6.308,80.256
2026-09-26T20:33:49.000Z,1790454829.000,32.649069055,-117.208235473,6.132,233.748,226.8,-24.5,4.772,-2329,,3,5.808,77.64
2026-09-26T20:33:50.000Z,1790454830.000,32.649054516,-117.208260883,5.148,243.179,230.211,-27.382,1.907,-2330,,3,5.077,75.517
2026-09-26T20:33:51.000Z,1790454831.000,32.649043391,-117.208286469,5.126,243.051,229.209,-24.4,6.006,-2331,,3,5.049,73.567
2026-09-26T20:33:52.000Z,1790454832.000,32.649029949,-117.208313639,5.931,240.103,231.123,-30.026,3.477,-2332,,3,5.777,71.452
2026-09-26T20:33:53.000Z,1790454833.000,32.649016461,-117.208344635,6.697,244.528,233.612,-26.012,1.991,-2333,,3,6.617,69.255
2026-09-26T20:33:54.000Z,1790454834.000,32.64900107,-117.208376443,7.029,236.005,230.771,-24.765,3.617,-2334,,3,6.69,66.588
2026-09-26T20:33:55.000Z,1790454835.000,32.64898272,-117.208407105,6.657,232.162,228.356,-25.126,5.971,-2335,,3,6.156,63.667
2026-09-26T20:33:56.000Z,1790454836.000,32.648965548,-117.208438109,6.663,240.416,233.463,-24.169,3.778,-2336,,3,6.452,61.191
2026-09-26T20:33:57.000Z,1790454837.000,32.648951509,-117.208469746,6.735,242.688,233.406,-18.265,-0.757,-2337,,3,6.573,58.8
2026-09-26T20:33:58.000Z,1790454838.000,32.648939306,-117.208498776,5.9,244.767,231.373,-11.551,8.325,-2338,,3,5.793,56.586
2026-09-26T20:33:59.000Z,1790454839.000,32.648926122,-117.208526489,5.048,245.461,230.367,-18.522,2.607,-2339,,3,4.96,54.355
2026-09-26T20:34:00.000Z,1790454840.000,32.648913035,-117.208552701,5.832,239.623,234.747,-25.689,-0.179,-2340,,3,5.583,52.425
2026-09-26T20:34:01.000Z,1790454841.000,32.648902473,-117.208581556,5.826,248.269,236.406,-20.853,6.483,-2341,,3,5.764,50.566
2026-09-26T20:34:02.000Z,1790454842.000,32.64889089,-117.208611349,5.874,246.956,232.645,-18.8,3.103,-2342,,3,5.781,48.308
2026-09-26T20:34:03.000Z,1790454843.000,32.648876102,-117.208640039,6.309,236.541,232.405,-24.486,2.924,-2343,,3,5.878,45.913
2026-09-26T20:34:04.000Z,1790454844.000,32.648863655,-117.208668896,5.666,245.598,233.905,-20.098,7.642,-2344,,3,5.528,43.842
2026-09-26T20:34:05.000Z,1790454845.000,32.64885035,-117.208699041,6.412,243.14,235.012,-20.214,0.24,-2345,,3,6.174,41.628
2026-09-26T20:34:06.000Z,1790454846.000,32.648836823,-117.208727802,5.94,237.751,232.009,-12.734,6.768,-2346,,3,5.513,39.233
2026-09-26T20:34:07.000Z,1790454847.000,32.648822032,-117.208755696,5.8,238.196,228.214,-11.014,4.236,-2347,,3,5.362,36.706
2026-09-26T20:34:08.000Z,1790454848.000,32.64880529,-117.208781032,5.832,232.494,227.796,-19.848,2.244,-2348,,3,5.091,34.194
2026-09-26T20:34:09.000Z,1790454849.000,32.648791306,-117.208808188,5.675,238.083,229.661,-19.563,5.992,-2349,,3,5.167,32.017
2026-09-26T20:34:10.000Z,1790454850.000,32.648777303,-117.208835332,5.831,238.44,230.707,-23.849,3.175,-2350,,3,5.286,29.805
2026-09-26T20:34:11.000Z,1790454851.000,32.648764882,-117.208863227,5.566,245.74,235.356,-26.002,4.858,-2351,,3,5.285,27.913
2026-09-26T20:34:12.000Z,1790454852.000,32.648755755,-117.208892893,5.537,252.376,239.804,-22.628,4.606,-2352,,3,5.416,26.332
2026-09-26T20:34:13.000Z,1790454853.000,32.648749959,-117.208922608,5.526,260.7,252.624,-20.868,-0.803,-2353,,3,5.518,25.648
2026-09-26T20:34:14.000Z,1790454854.000,32.648750982,-117.208950828,4.869,277.101,264.832,-15.422,6.358,-2354,,3,4.711,25.818
2026-09-26T20:34:15.000Z,1790454855.000,32.648758636,-117.208975707,4.333,298.11,278.005,-2.437,2.704,-2355,,3,3.425,26.942
2026-09-26T20:34:16.000Z,1790454856.000,32.648770779,-117.208994454,4.435,311.82,294.387,6.419,-0.633,-2356,,3,2.589,29.018
2026-09-26T20:34:17.000Z,1790454857.000,32.648786027,-117.209010157,4.339,322.731,305.205,19.531,5.043,-2357,,3,1.638,31.042
2026-09-26T20:34:18.000Z,1790454858.000,32.648803249,-117.209025009,4.936,322.611,307.427,26.675,-0.34,-2358,,3,1.684,32.614
2026-09-26T20:34:19.000Z,1790454859.000,32.648820387,-117.209040356,4.766,326.433,309.498,25.727,5.663,-2359,,3,1.131,34.149
2026-09-26T20:34:20.000Z,1790454860.000,32.648835987,-117.209058028,4.5,314.092,303.595,18.563,8.624,-2360,,3,1.834,34.845
2026-09-26T20:34:21.000Z,1790454861.000,32.648853168,-117.209077476,5.17,315.264,300.67,15.648,2.918,-2361,,3,1.802,35.88
2026-09-26T20:34:22.000Z,1790454862.000,32.648870228,-117.209096627,5.1,314.93,302.83,13.931,7.466,-2362,,3,1.573,37.311
2026-09-26T20:34:23.000Z,1790454863.000,32.648889317,-117.209115029,5.088,321.499,303.538,17.123,5.517,-2363,,3,0.747,38.864
2026-09-26T20:34:24.000Z,1790454864.000,32.648910203,-117.209132303,5.4,325.064,308.302,21.933,2.04,-2364,,3,0.154,40.951
2026-09-26T20:34:25.000Z,1790454865.000,32.648930046,-117.209150714,5.771,318.293,311.304,23.404,5.382,-2365,,3,0.533,42.754
2026-09-26T20:34:26.000Z,1790454866.000,32.64894976,-117.209170495,5.601,325.592,308.795,21.529,4.965,-2366,,3,-0.496,44.09
2026-09-26T20:34:27.000Z,1790454867.000,32.648971736,-117.209186791,5.563,328.567,312.061,16.985,7.6,-2367,,3,-1.079,46.198
2026-09-26T20:34:28.000Z,1790454868.000,32.648995567,-117.2092026,5.53,330.37,317.074,16.522,4.83,-2368,,3,-1.535,48.634
2026-09-26T20:34:29.000Z,1790454869.000,32.649020516,-117.20921532,6.405,341.244,325.568,14.046,2.173,-2369,,3,-3.178,51.486
2026-09-26T20:34:30.000Z,1790454870.000,32.649047194,-117.209226457,5.889,342.863,323.855,18.835,13.177,-2370,,3,-3.303,53.883
2026-09-26T20:34:31.000Z,1790454871.000,32.649072919,-117.20924328,6.216,320.84,314.613,27.953,1.483,-2371,,3,-1.63,55.49
2026-09-26T20:34:32.000Z,1790454872.000,32.649087031,-117.209268817,5.769,291.807,292.776,19.551,1.814,-2372,,3,1.1,54.565
2026-09-26T20:34:33.000Z,1790454873.000,32.649088827,-117.209296304,4.802,263.059,264.206,2.063,4.841,-2373,,3,2.977,51.709
2026-09-26T20:34:34.000Z,1790454874.000,32.649082483,-117.209322472,4.496,260.489,241.639,-3.091,5.361,-2374,,3,2.917,48.798
2026-09-26T20:34:35.000Z,1790454875.000,32.649069771,-117.209345857,4.871,232.586,227.5,-10.729,0.329,-2375,,3,4.524,46.098
2026-09-26T20:34:36.000Z,1790454876.000,32.649057026,-117.209365161,4.732,229.933,226.032,-16.542,4.525,-2376,,3,4.446,44.139
2026-09-26T20:34:37.000Z,1790454877.000,32.649044804,-117.20938496,4.467,233.362,226.333,-15.604,5.134,-2377,,3,4.058,42.292
2026-09-26T20:34:38.000Z,1790454878.000,32.649033081,-117.20940347,4.3,227.952,218.422,-10.951,6.09,-2378,,3,4.049,40.256
2026-09-26T20:34:39.000Z,1790454879.000,32.649017548,-117.209422004,4.7,226.185,217.759,-13.389,3.948,-2379,,3,4.447,38.063
2026-09-26T20:34:40.000Z,1790454880.000,32.649000292,-117.209440302,5.338,219.165,211.529,-13.915,9.222,-2380,,3,5.22,35.567
2026-09-26T20:34:41.000Z,1790454881.000,32.648979343,-117.209459319,5.677,221.777,215.561,-19.063,1.46,-2381,,3,5.453,32.895
2026-09-26T20:34:42.000Z,1790454882.000,32.648957265,-117.20948061,6.538,218.36,215.262,-20.524,4.677,-2382,,3,6.34,29.943
2026-09-26T20:34:43.000Z,1790454883.000,32.648934075,-117.209503363,6.431,220.075,217.025,-21.294,3.881,-2383,,3,6.117,26.883
2026-09-26T20:34:44.000Z,1790454884.000,32.648912582,-117.209526253,6.233,216.883,213.568,-20.592,5.769,-2384,,3,5.968,23.87
2026-09-26T20:34:45.000Z,1790454885.000,32.648890877,-117.209547872,6,223.6,217.237,-26.187,3.288,-2385,,3,5.338,21.045
2026-09-26T20:34:46.000Z,1790454886.000,32.648870832,-117.209571452,5.7,222.077,215.023,-16.339,5.755,-2386,,3,4.947,18.194
2026-09-26T20:34:47.000Z,1790454887.000,32.64884977,-117.20959249,6.168,216.525,213.128,-12.383,2.704,-2387,,3,5.397,15.319
2026-09-26T20:34:48.000Z,1790454888.000,32.648829133,-117.209613467,5.7,220.267,210.767,-5.967,5.2,-2388,,3,4.419,12.49
2026-09-26T20:34:49.000Z,1790454889.000,32.648804938,-117.209631008,6.212,210.455,206.678,-14.853,2.583,-2389,,3,4.984,9.363
2026-09-26T20:34:50.000Z,1790454890.000,32.648781833,-117.209651774,6.141,219.466,205.093,-5.007,6.137,-2390,,3,3.008,6.306
2026-09-26T20:34:51.000Z,1790454891.000,32.648756339,-117.209668583,6.3,207.628,196.027,-9.334,1.333,-2391,,3,2.343,3.09
2026-09-26T20:34:52.000Z,1790454892.000,32.648730294,-117.209682372,6.125,204.666,183.431,-3.367,5.023,-2392,,3,-0.622,0.085
2026-09-26T20:34:53.000Z,1790454893.000,32.648701271,-117.209685251,6.673,177.473,158.865,0.951,2.938,-2393,,4,2.039,2.11
2026-09-26T20:34:54.000Z,1790454894.000,32.648671305,-117.209675122,6.723,157.256,141.607,3.985,1.931,-2394,,4,4.135,4.087
2026-09-26T20:34:55.000Z,1790454895.000,32.6486441,-117.2096544,7.233,141.334,127.9,5.667,4.567,-2395,,4,5.84,5.526
2026-09-26T20:34:56.000Z,1790454896.000,32.648622162,-117.209626958,7.128,127.537,121.087,3.779,3.2,-2396,,4,6.59,6.678
2026-09-26T20:34:57.000Z,1790454897.000,32.648604082,-117.209597146,6.429,127.08,116.402,4.769,4.487,-2397,,4,5.962,7.51
2026-09-26T20:34:58.000Z,1790454898.000,32.648591378,-117.209568545,5.268,120.053,112.626,0.297,4.468,-2398,,4,5.089,7.862
2026-09-26T20:34:59.000Z,1790454899.000,32.648579686,-117.20954221,5.4,116.386,108.542,3.434,3.402,-2399,,4,5.295,8.135
2026-09-26T20:35:00.000Z,1790454900.000,32.64856807,-117.209517003,5.213,121.911,106.5,-2.113,5.051,-2400,,4,4.99,8.591
2026-09-26T20:35:01.000Z,1790454901.000,32.648554645,-117.209489498,5.8,120.277,108.14,-5.502,4.323,-2401,,4,5.597,9.484
2026-09-26T20:35:02.000Z,1790454902.000,32.648539051,-117.209461304,6.1,124.575,109.636,-2.031,3.369,-2402,,4,5.748,10.58
2026-09-26T20:35:03.000Z,1790454903.000,32.64852302,-117.20943227,6.348,125.928,110.2,2.25,4.522,-2403,,4,5.929,11.626
2026-09-26T20:35:04.000Z,1790454904.000,32.648508706,-117.209404151,5.938,116.606,108.889,3.789,4.413,-2404,,4,5.816,12.359
2026-09-26T20:35:05.000Z,1790454905.000,32.648497372,-117.209376595,5.3,116.177,106.628,-1.096,4.9,-2405,,4,5.199,12.71
2026-09-26T20:35:06.000Z,1790454906.000,32.648485792,-117.209351316,5.367,120.957,107.467,2.165,3.062,-2406,,4,5.159,13.394
2026-09-26T20:35:07.000Z,1790454907.000,32.64847455,-117.209324153,5.565,116.171,109.611,-5.104,4.548,-2407,,4,5.458,14.102
2026-09-26T20:35:08.000Z,1790454908.000,32.648462293,-117.209295204,6.029,116.624,113.356,-2.322,2.866,-2408,,4,5.903,15.002
2026-09-26T20:35:09.000Z,1790454909.000,32.648451269,-117.209266228,5.863,110.648,111.284,1.726,6.326,-2409,,4,5.834,15.301
2026-09-26T20:35:10.000Z,1790454910.000,32.648441587,-117.209238432,5.131,111.984,108.473,5.317,2.245,-2410,,4,5.092,15.424
2026-09-26T20:35:11.000Z,1790454911.000,32.648433181,-117.209213206,5.062,111.251,107.276,-1.759,2.679,-2411,,4,5.031,15.604
2026-09-26T20:35:12.000Z,1790454912.000,32.648421483,-117.20918786,5.364,122.103,108.032,-4.768,0.731,-2412,,4,5.123,16.293
2026-09-26T20:35:13.000Z,1790454913.000,32.648405573,-117.209162855,6.1,127.927,109.545,-4.073,-0.045,-2413,,4,5.611,17.503
2026-09-26T20:35:14.000Z,1790454914.000,32.648387027,-117.209136153,6.539,131.044,111.083,-1.361,0.274,-2414,,4,5.864,18.956
2026-09-26T20:35:15.000Z,1790454915.000,32.648366455,-117.209108371,6.874,134.323,115.274,0.912,0.152,-2415,,4,5.977,20.811
2026-09-26T20:35:16.000Z,1790454916.000,32.648346694,-117.209080914,6.571,131.792,117,1.773,-0.049,-2416,,4,5.849,22.389
2026-09-26T20:35:17.000Z,1790454917.000,32.648327958,-117.209054598,6.211,127.388,113.77,3.87,0.026,-2417,,4,5.728,23.489
2026-09-26T20:35:18.000Z,1790454918.000,32.648312726,-117.209026729,6,119.887,112.8,-0.242,-0.424,-2418,,4,5.788,24.355
2026-09-26T20:35:19.000Z,1790454919.000,32.648298919,-117.208998308,6.232,117.408,112.1,-0.058,-0.862,-2419,,4,6.077,25.076
2026-09-26T20:35:20.000Z,1790454920.000,32.648286333,-117.208967118,6.215,116.549,111.772,2.518,-0.536,-2420,,4,6.08,25.628
2026-09-26T20:35:21.000Z,1790454921.000,32.648272968,-117.208935783,6.4,116.174,113.016,0.542,-0.474,-2421,,4,6.269,26.386
2026-09-26T20:35:22.000Z,1790454922.000,32.648258723,-117.208903966,6.56,117.618,110.72,0.441,-0.979,-2422,,4,6.39,26.942
2026-09-26T20:35:23.000Z,1790454923.000,32.648241987,-117.208872579,6.567,120.857,109.933,5.038,-1.034,-2423,,4,6.302,27.896
2026-09-26T20:35:24.000Z,1790454924.000,32.648224531,-117.208841588,6.963,124.113,109.234,0.576,0.461,-2424,,4,6.558,28.945
2026-09-26T20:35:25.000Z,1790454925.000,32.648207266,-117.208809948,6.866,125.866,106.094,3.122,-1.355,-2425,,4,6.392,29.759
2026-09-26T20:35:26.000Z,1790454926.000,32.648191928,-117.208778733,6.341,118.837,102.689,7.882,0.5,-2426,,4,6.142,30.356
2026-09-26T20:35:27.000Z,1790454927.000,32.648178085,-117.208749236,6.136,119.009,103.302,6.753,-0.033,-2427,,4,5.938,31.16
2026-09-26T20:35:28.000Z,1790454928.000,32.648165039,-117.208721466,5.835,120.969,104.431,0.814,-1.465,-2428,,4,5.592,31.964
2026-09-26T20:35:29.000Z,1790454929.000,32.6481513,-117.208693677,5.934,118.051,103.338,3.134,-0.772,-2429,,4,5.766,32.661
2026-09-26T20:35:30.000Z,1790454930.000,32.648139058,-117.208661985,6.031,109.624,101.193,0.5,-0.245,-2430,,4,6.005,33.016
2026-09-26T20:35:31.000Z,1790454931.000,32.648127856,-117.208627189,7.331,105.828,100.4,1.742,-1.469,-2431,,4,7.328,33.292
2026-09-26T20:35:32.000Z,1790454932.000,32.648116887,-117.208588763,7.493,107.608,101.193,4.307,-1.472,-2432,,4,7.48,33.582
2026-09-26T20:35:33.000Z,1790454933.000,32.648106122,-117.20854831,7.839,106.618,102.978,2.904,0.761,-2433,,4,7.833,33.88
2026-09-26T20:35:34.000Z,1790454934.000,32.648095071,-117.208507572,7.7,110.391,105,1.947,-0.7,-2434,,4,7.657,34.222
2026-09-26T20:35:35.000Z,1790454935.000,32.648084168,-117.208471233,6.935,109.468,102.959,6.363,-1.006,-2435,,4,6.907,34.326
2026-09-26T20:35:36.000Z,1790454936.000,32.648073891,-117.208437875,6.442,114.413,102.258,3.777,-0.223,-2436,,4,6.341,34.546
2026-09-26T20:35:37.000Z,1790454937.000,32.648062476,-117.208406306,5.771,115.371,101.106,2.035,0.441,-2437,,4,5.663,34.896
2026-09-26T20:35:38.000Z,1790454938.000,32.648050747,-117.208378119,5.7,116.062,100.2,2.762,0.132,-2438,,4,5.58,35.383
2026-09-26T20:35:39.000Z,1790454939.000,32.648037401,-117.208350567,5.766,118.904,100.596,5.072,-0.397,-2439,,4,5.578,36.165
2026-09-26T20:35:40.000Z,1790454940.000,32.648023385,-117.208321764,6.339,120.69,102.722,3.845,0.116,-2440,,4,6.078,37.128
2026-09-26T20:35:41.000Z,1790454941.000,32.648009267,-117.208290758,6.596,119.925,105.104,3.461,0.143,-2441,,4,6.349,38.068
2026-09-26T20:35:42.000Z,1790454942.000,32.647996376,-117.208259822,6.534,117.537,107.564,2.002,-1.066,-2442,,4,6.356,38.884
2026-09-26T20:35:43.000Z,1790454943.000,32.647984199,-117.208228758,6.172,118.376,109.392,1.973,0.192,-2443,,4,5.982,39.57
2026-09-26T20:35:44.000Z,1790454944.000,32.64797159,-117.208198759,6.239,117.152,106.125,6.148,0.175,-2444,,4,6.078,39.915
2026-09-26T20:35:45.000Z,1790454945.000,32.647960363,-117.208167906,6.1,114.309,104.422,4.505,-1.118,-2445,,4,6.004,40.217
2026-09-26T20:35:46.000Z,1790454946.000,32.647948197,-117.208135813,6.831,113.282,103,2.531,-0.969,-2446,,4,6.743,40.613
2026-09-26T20:35:47.000Z,1790454947.000,32.647935027,-117.2081011,7.252,113.301,102.106,1.352,-1.93,-2447,,4,7.158,41.094
2026-09-26T20:35:48.000Z,1790454948.000,32.647920798,-117.208063447,7.318,115.448,101.37,6.634,-1.175,-2448,,4,7.174,41.629
2026-09-26T20:35:49.000Z,1790454949.000,32.647907512,-117.208025936,7.532,109.856,101.9,3.603,-0.695,-2449,,4,7.494,42.168
2026-09-26T20:35:50.000Z,1790454950.000,32.647895866,-117.207990233,6.665,110.834,100.83,2.331,-0.409,-2450,,4,6.618,42.447
2026-09-26T20:35:51.000Z,1790454951.000,32.647885064,-117.207959154,5.8,111.838,100.029,6.794,-0.224,-2451,,4,5.746,42.772
2026-09-26T20:35:52.000Z,1790454952.000,32.647875735,-117.207931251,5.037,114.21,99.3,3.9,-0.127,-2452,,4,4.957,43.023
2026-09-26T20:35:53.000Z,1790454953.000,32.64786633,-117.207904919,5.135,112.289,99.2,2.81,-0.785,-2453,,4,5.081,43.372
2026-09-26T20:35:54.000Z,1790454954.000,32.647856624,-117.20787711,5.714,111.486,98.624,3.786,-1.662,-2454,,4,5.665,43.679
2026-09-26T20:35:55.000Z,1790454955.000,32.647847293,-117.207844556,6.577,106.624,97.669,5.338,-0.808,-2455,,4,6.57,43.797
2026-09-26T20:35:56.000Z,1790454956.000,32.647838791,-117.207808159,6.802,104.551,98.436,1.953,-0.631,-2456,,4,6.801,43.87
2026-09-26T20:35:57.000Z,1790454957.000,32.64782909,-117.207771208,7.231,109.341,99.863,3.737,-0.966,-2457,,4,7.199,44.111
2026-09-26T20:35:58.000Z,1790454958.000,32.647819196,-117.207736231,6.836,110.396,100.172,3,-0.183,-2458,,4,6.793,44.332
2026-09-26T20:35:59.000Z,1790454959.000,32.647808448,-117.20770116,6.669,108.869,99.685,1.822,-0.554,-2459,,4,6.645,44.577
2026-09-26T20:36:00.000Z,1790454960.000,32.647797514,-117.207666706,6.935,111.948,96.662,2.47,-1.062,-2460,,4,6.867,44.654
2026-09-26T20:36:01.000Z,1790454961.000,32.647786921,-117.207631106,6.997,107.034,94.897,3.966,-1.334,-2461,,4,6.987,44.768
2026-09-26T20:36:02.000Z,1790454962.000,32.647777908,-117.207595724,6.4,108.755,93.548,2.972,-1.41,-2462,,4,6.377,44.752
2026-09-26T20:36:03.000Z,1790454963.000,32.647770676,-117.20756054,6.924,100.479,90.631,4.847,-1.139,-2463,,4,6.911,44.427
2026-09-26T20:36:04.000Z,1790454964.000,32.647765735,-117.207526945,6.066,97.807,89.532,5.537,-1.499,-2464,,4,6.032,44.039
2026-09-26T20:36:05.000Z,1790454965.000,32.647761894,-117.207494183,6.121,99.272,91.508,0.01,-1.408,-2465,,4,6.101,43.796
2026-09-26T20:36:06.000Z,1790454966.000,32.647756663,-117.207462391,5.939,104.351,95.091,-0.771,-0.244,-2466,,4,5.938,43.854
2026-09-26T20:36:07.000Z,1790454967.000,32.647750324,-117.207432593,5.608,102.153,96.528,1.137,1.028,-2467,,4,5.606,43.912
2026-09-26T20:36:08.000Z,1790454968.000,32.647743976,-117.207404368,4.966,106.788,96.936,0.1,0.396,-2468,,4,4.96,43.927
2026-09-26T20:36:09.000Z,1790454969.000,32.647736607,-117.207377964,4.921,111.807,97.971,0.643,-0.043,-2469,,4,4.875,44.147
2026-09-26T20:36:10.000Z,1790454970.000,32.647726844,-117.207350477,5.577,112.485,98.231,-0.485,-0.592,-2470,,4,5.515,44.535
2026-09-26T20:36:11.000Z,1790454971.000,32.64771587,-117.207320644,6.067,113.241,98.299,-0.201,-0.868,-2471,,4,5.987,44.979
2026-09-26T20:36:12.000Z,1790454972.000,32.647704469,-117.207287429,6.6,110.539,99.159,2.07,-1.176,-2472,,4,6.556,45.449
2026-09-26T20:36:13.000Z,1790454973.000,32.64769441,-117.207252177,6.807,108.67,99.1,3.16,-0.739,-2473,,4,6.783,45.651
2026-09-26T20:36:14.000Z,1790454974.000,32.647684772,-117.207216804,6.377,105.288,98.782,4.054,-0.612,-2474,,4,6.375,45.784
2026-09-26T20:36:15.000Z,1790454975.000,32.647676776,-117.207184883,6.096,109.869,99.568,1.452,-0.2,-2475,,4,6.062,45.915
2026-09-26T20:36:16.000Z,1790454976.000,32.647670022,-117.20715341,5.725,106.453,99.375,-1.275,-0.263,-2476,,4,5.72,45.845
2026-09-26T20:36:17.000Z,1790454977.000,32.647662669,-117.207123671,5.471,106.26,97.359,1.807,-0.295,-2477,,4,5.466,45.735
2026-09-26T20:36:18.000Z,1790454978.000,32.647654871,-117.207094922,5.531,108.503,96.469,1.508,-0.494,-2478,,4,5.513,45.789
2026-09-26T20:36:19.000Z,1790454979.000,32.647646249,-117.207065187,5.963,108.818,97.663,-0.705,-0.737,-2479,,4,5.941,46.074
2026-09-26T20:36:20.000Z,1790454980.000,32.647636717,-117.207035388,5.836,111.467,100.192,1.249,0.277,-2480,,4,5.784,46.563
2026-09-26T20:36:21.000Z,1790454981.000,32.647626951,-117.207006538,5.318,116.336,101.841,2.875,-0.123,-2481,,4,5.192,47.03
2026-09-26T20:36:22.000Z,1790454982.000,32.647617523,-117.206980841,5.233,110.747,101.967,1.33,-0.039,-2482,,4,5.194,47.415
2026-09-26T20:36:23.000Z,1790454983.000,32.64760788,-117.2069555,5.202,115.373,102.236,-0.77,-0.304,-2483,,4,5.096,47.844
2026-09-26T20:36:24.000Z,1790454984.000,32.64759672,-117.206928687,5.5,115.394,101.3,1.761,-0.949,-2484,,4,5.387,48.302
2026-09-26T20:36:25.000Z,1790454985.000,32.647583518,-117.206898475,6.406,117.772,101.806,1.857,-0.663,-2485,,4,6.214,49.011
2026-09-26T20:36:26.000Z,1790454986.000,32.647569719,-117.206865467,6.669,118.637,103.233,4.3,0.469,-2486,,4,6.444,49.79
2026-09-26T20:36:27.000Z,1790454987.000,32.647556235,-117.206832829,6.526,115.376,104.778,2.07,-1.2,-2487,,4,6.391,50.553
2026-09-26T20:36:28.000Z,1790454988.000,32.647543673,-117.206800331,6.612,114.182,104.4,3.283,0.329,-2488,,4,6.501,51.066
2026-09-26T20:36:29.000Z,1790454989.000,32.647532418,-117.206770229,5.796,114.243,104.465,6.171,-0.335,-2489,,4,5.697,51.533
2026-09-26T20:36:30.000Z,1790454990.000,32.647522672,-117.206742518,5.267,110.144,104.7,3.902,-0.303,-2490,,4,5.233,51.912
2026-09-26T20:36:31.000Z,1790454991.000,32.647513949,-117.206714659,5.675,113.926,105.75,0.551,-1.425,-2491,,4,5.583,52.243
2026-09-26T20:36:32.000Z,1790454992.000,32.647502522,-117.206685778,5.87,111.793,103.67,4.463,-0.941,-2492,,4,5.81,52.585
2026-09-26T20:36:33.000Z,1790454993.000,32.647490463,-117.206655581,6.132,116.968,104.836,2.5,-0.892,-2493,,4,5.965,53.226
2026-09-26T20:36:34.000Z,1790454994.000,32.647476725,-117.20662462,6.766,118.566,105.893,0.168,-0.995,-2494,,4,6.535,54.019
2026-09-26T20:36:35.000Z,1790454995.000,32.647462396,-117.206593555,6.625,120.167,106,1.35,-0.137,-2495,,4,6.347,54.796
2026-09-26T20:36:36.000Z,1790454996.000,32.647448343,-117.206563011,6.094,119.225,105.238,3.175,-0.669,-2496,,4,5.865,55.485
2026-09-26T20:36:37.000Z,1790454997.000,32.647435607,-117.206534918,5.734,116.008,102.666,5.039,-0.398,-2497,,4,5.597,55.947
2026-09-26T20:36:38.000Z,1790454998.000,32.647424394,-117.20650855,5.488,117.235,101.7,2.988,-1.7,-2498,,4,5.33,56.419
2026-09-26T20:36:39.000Z,1790454999.000,32.647413441,-117.206480038,5.843,110.898,99.357,5.828,-1.044,-2499,,4,5.794,56.699
2026-09-26T20:36:40.000Z,1790455000.000,32.647403929,-117.206447675,6.437,109.44,99.563,1.737,-0.494,-2500,,4,6.402,56.935
2026-09-26T20:36:41.000Z,1790455001.000,32.647395009,-117.206412702,6.734,106.499,99.765,0.763,-1.2,-2501,,4,6.724,57.043
2026-09-26T20:36:42.000Z,1790455002.000,32.647386005,-117.206377145,7.026,105.329,99.589,2.923,-0.24,-2502,,4,7.022,57.114
2026-09-26T20:36:43.000Z,1790455003.000,32.647377291,-117.206341635,6.671,106.744,101.071,2.418,-0.444,-2503,,4,6.66,57.29
2026-09-26T20:36:44.000Z,1790455004.000,32.647368546,-117.206309525,6.164,107.075,101.639,-0.175,-0.464,-2504,,4,6.152,57.479
2026-09-26T20:36:45.000Z,1790455005.000,32.64735878,-117.206280402,5.602,115.098,102.564,1.724,-1.498,-2505,,4,5.485,57.881
2026-09-26T20:36:46.000Z,1790455006.000,32.647348519,-117.206253057,5.462,113.519,98.862,1.443,-0.946,-2506,,4,5.377,58.005
2026-09-26T20:36:47.000Z,1790455007.000,32.64733952,-117.206223565,5.8,109.494,97.053,0.875,-0.317,-2507,,4,5.767,58.095
2026-09-26T20:36:48.000Z,1790455008.000,32.647331087,-117.206193182,5.835,108.89,95.997,4.908,-0.138,-2508,,4,5.808,58.163
2026-09-26T20:36:49.000Z,1790455009.000,32.647323096,-117.20616311,5.751,108.068,96.839,4.088,-0.351,-2509,,4,5.731,58.343
2026-09-26T20:36:50.000Z,1790455010.000,32.647314851,-117.206133851,5.315,110.207,98.2,2.369,0.772,-2510,,4,5.277,58.613
2026-09-26T20:36:51.000Z,1790455011.000,32.647306188,-117.206106401,5.455,111.705,98.424,1.276,-0.555,-2511,,4,5.396,58.881
2026-09-26T20:36:52.000Z,1790455012.000,32.647296507,-117.206079585,5.399,114.137,95.67,2.631,0.434,-2512,,4,5.303,59.035
2026-09-26T20:36:53.000Z,1790455013.000,32.647287252,-117.206050132,5.938,110.561,94.426,5.299,-0.65,-2513,,4,5.89,59.199
2026-09-26T20:36:54.000Z,1790455014.000,32.647278452,-117.206016647,6.47,103.46,93.53,2.812,-0.481,-2514,,4,6.47,59.243
2026-09-26T20:36:55.000Z,1790455015.000,32.647270794,-117.20598211,6.767,106.071,94.968,0.269,-1.199,-2515,,4,6.759,59.324
2026-09-26T20:36:56.000Z,1790455016.000,32.647262557,-117.205947203,6.57,106.156,96.356,1.304,-0.67,-2516,,4,6.561,59.455
2026-09-26T20:36:57.000Z,1790455017.000,32.647255439,-117.205913141,6.2,103.531,97.969,2.362,-0.831,-2517,,4,6.2,59.505
2026-09-26T20:36:58.000Z,1790455018.000,32.647249253,-117.205881967,5.296,101.25,98.396,2.9,0.807,-2518,,4,5.293,59.431
2026-09-26T20:36:59.000Z,1790455019.000,32.647244479,-117.205855655,4.503,104.238,98.934,1.362,-0.269,-2519,,4,4.503,59.335
2026-09-26T20:37:00.000Z,1790455020.000,32.647238171,-117.205831879,4.6,110.372,97.271,2.843,-0.6,-2520,,4,4.565,59.29
2026-09-26T20:37:01.000Z,1790455021.000,32.647230139,-117.205807109,5.071,110.319,95.488,4.605,-1.3,-2521,,4,5.032,59.395
2026-09-26T20:37:02.000Z,1790455022.000,32.64722365,-117.205778293,5.8,103.575,93.475,0.236,-0.675,-2522,,4,5.8,59.218
2026-09-26T20:37:03.000Z,1790455023.000,32.64721537,-117.205748377,5.8,111.03,96.099,3.4,0.067,-2523,,4,5.746,59.575
2026-09-26T20:37:04.000Z,1790455024.000,32.647207343,-117.205718733,5.624,108.429,98.011,0.641,-0.624,-2524,,4,5.601,59.856
2026-09-26T20:37:05.000Z,1790455025.000,32.647198085,-117.205691207,5.091,112.085,97.191,1.621,0.143,-2525,,4,5.03,60.102
2026-09-26T20:37:06.000Z,1790455026.000,32.647190052,-117.205665189,4.968,110.665,94.857,0.732,0.103,-2526,,4,4.926,60.132
2026-09-26T20:37:07.000Z,1790455027.000,32.647180523,-117.205637968,5.638,112.514,94.324,3.438,-1.052,-2527,,4,5.564,60.438
2026-09-26T20:37:08.000Z,1790455028.000,32.647171092,-117.20560694,6.038,110.057,94.687,2.487,-0.611,-2528,,4,5.995,60.711
2026-09-26T20:37:09.000Z,1790455029.000,32.647161484,-117.20557429,6.446,108.809,95.9,5.077,0.8,-2529,,4,6.415,61.03
2026-09-26T20:37:10.000Z,1790455030.000,32.647153208,-117.20554253,5.902,105.138,97.866,6.665,-0.235,-2530,,4,5.898,61.29
2026-09-26T20:37:11.000Z,1790455031.000,32.647146157,-117.205512605,5.536,104.871,96.571,6.071,0.436,-2531,,4,5.533,61.201
2026-09-26T20:37:12.000Z,1790455032.000,32.647140465,-117.205484476,5.182,103.829,96.829,2.659,-0.459,-2532,,4,5.182,61.137
2026-09-26T20:37:13.000Z,1790455033.000,32.64713425,-117.205457112,5.2,106.009,94.127,3.186,-0.441,-2533,,4,5.194,60.91
2026-09-26T20:37:14.000Z,1790455034.000,32.647128307,-117.205428662,5.334,106.85,92.935,1.035,-0.401,-2534,,4,5.323,60.749
2026-09-26T20:37:15.000Z,1790455035.000,32.647120999,-117.205398059,6.012,107.325,93.088,-0.3,-1.15,-2535,,4,5.997,60.787
2026-09-26T20:37:16.000Z,1790455036.000,32.64711286,-117.205364887,6.339,105.877,93.331,2.931,-0.031,-2536,,4,6.332,60.858
2026-09-26T20:37:17.000Z,1790455037.000,32.647105862,-117.205330444,6.4,102.028,92.732,3.402,-0.164,-2537,,4,6.399,60.709
2026-09-26T20:37:18.000Z,1790455038.000,32.647098418,-117.205297869,6.1,106.515,90.922,6.678,-0.274,-2538,,4,6.09,60.559
2026-09-26T20:37:19.000Z,1790455039.000,32.647091533,-117.205264877,6.1,104.491,89.687,5.127,-0.416,-2539,,4,6.098,60.384
2026-09-26T20:37:20.000Z,1790455040.000,32.647084746,-117.205233044,5.963,103.092,89.474,0.557,-1.3,-2540,,4,5.963,60.308
2026-09-26T20:37:21.000Z,1790455041.000,32.647077997,-117.205201089,6.1,104.234,90.834,1.669,-0.267,-2541,,4,6.099,60.347
2026-09-26T20:37:22.000Z,1790455042.000,32.647071766,-117.205168679,5.963,101.722,91.527,2.856,-0.107,-2542,,4,5.962,60.268
2026-09-26T20:37:23.000Z,1790455043.000,32.647065906,-117.205136953,5.8,100.123,90.429,5.971,-0.482,-2543,,4,5.792,60.025
2026-09-26T20:37:24.000Z,1790455044.000,32.647061558,-117.205106628,5.737,95.542,88.968,3.448,-0.874,-2544,,4,5.686,59.627
2026-09-26T20:37:25.000Z,1790455045.000,32.647058337,-117.205076628,5.597,97.094,87.069,2.934,-0.494,-2545,,4,5.565,59.083
2026-09-26T20:37:26.000Z,1790455046.000,32.647055524,-117.205045248,5.949,96.339,88.839,1.139,-1.075,-2546,,4,5.906,58.745
2026-09-26T20:37:27.000Z,1790455047.000,32.647051942,-117.205012424,6.04,96.121,90.509,1.16,-0.6,-2547,,4,5.993,58.447
2026-09-26T20:37:28.000Z,1790455048.000,32.647046692,-117.20497989,6.267,101.635,92.804,1.7,-0.337,-2548,,4,6.265,58.386
2026-09-26T20:37:29.000Z,1790455049.000,32.647040359,-117.204948273,5.649,105.232,96.051,0.312,0.024,-2549,,4,5.646,58.542
2026-09-26T20:37:30.000Z,1790455050.000,32.647031623,-117.204918284,5.587,110.745,97.8,0.929,-0.558,-2550,,4,5.539,58.877
2026-09-26T20:37:31.000Z,1790455051.000,32.647022301,-117.204890977,5.437,113.432,97.3,2.363,-0.321,-2551,,4,5.35,59.161
2026-09-26T20:37:32.000Z,1790455052.000,32.64701359,-117.204863947,5.622,109.886,94.604,2.796,-0.6,-2552,,4,5.584,59.21
2026-09-26T20:37:33.000Z,1790455053.000,32.647004665,-117.204836033,5.448,111.359,92.848,5.652,0.089,-2553,,4,5.392,59.337
2026-09-26T20:37:34.000Z,1790455054.000,32.64699544,-117.20480721,5.69,109.66,93.03,4.07,-0.22,-2554,,4,5.653,59.628
2026-09-26T20:37:35.000Z,1790455055.000,32.646986564,-117.204777523,6.133,107.098,94.667,2.999,-0.499,-2555,,4,6.118,59.975
2026-09-26T20:37:36.000Z,1790455056.000,32.646977223,-117.20474612,6.263,106.893,96.317,3.817,-0.51,-2556,,4,6.25,60.332
2026-09-26T20:37:37.000Z,1790455057.000,32.646968067,-117.204714695,6.087,106.89,97.8,7.013,0.413,-2557,,4,6.073,60.655
2026-09-26T20:37:38.000Z,1790455058.000,32.646960913,-117.204683471,6.005,102.018,99.8,2.427,0.246,-2558,,4,6.004,60.811
2026-09-26T20:37:39.000Z,1790455059.000,32.646953436,-117.20465401,5.434,105.602,98.734,7.833,-0.033,-2559,,4,5.428,60.798
2026-09-26T20:37:40.000Z,1790455060.000,32.646947027,-117.204625327,5.336,102.202,96.649,5.536,0.08,-2560,,4,5.335,60.608
2026-09-26T20:37:41.000Z,1790455061.000,32.64694101,-117.204594372,5.9,104.807,94.571,2.624,-1.271,-2561,,4,5.897,60.321
2026-09-26T20:37:42.000Z,1790455062.000,32.646933074,-117.204562049,6.458,104.689,93.637,3.616,-0.279,-2562,,4,6.455,60.298
2026-09-26T20:37:43.000Z,1790455063.000,32.646925039,-117.204527158,7,103.992,96.199,-0.664,0.002,-2563,,4,6.999,60.5
2026-09-26T20:37:44.000Z,1790455064.000,32.646914889,-117.204492267,6.738,109.688,99.25,-0.375,0.875,-2564,,4,6.692,60.971
2026-09-26T20:37:45.000Z,1790455065.000,32.646904467,-117.204456729,6.46,106.437,99.66,4.521,-0.427,-2565,,4,6.448,61.242
2026-09-26T20:37:46.000Z,1790455066.000,32.646894937,-117.204423378,6.267,106.86,96.5,4.801,-1.4,-2566,,4,6.253,61.185
2026-09-26T20:37:47.000Z,1790455067.000,32.646886161,-117.20439158,5.787,107.082,94.15,7.7,-0.837,-2567,,4,5.772,61.151
2026-09-26T20:37:48.000Z,1790455068.000,32.646878404,-117.204360802,5.762,106.536,93.209,7.366,-1.223,-2568,,4,5.751,61.147
2026-09-26T20:37:49.000Z,1790455069.000,32.646869266,-117.204330281,5.974,107.312,94.911,3.94,-0.623,-2569,,4,5.957,61.507
2026-09-26T20:37:50.000Z,1790455070.000,32.64686017,-117.204299311,6.166,109.901,97.434,-1.666,1.534,-2570,,4,6.121,61.918
2026-09-26T20:37:51.000Z,1790455071.000,32.646848117,-117.204268551,6.3,115.229,101.782,1.312,1.095,-2571,,4,6.156,62.801
2026-09-26T20:37:52.000Z,1790455072.000,32.646835414,-117.20423617,6.46,116.67,105.019,3.259,-0.332,-2572,,4,6.275,63.624
2026-09-26T20:37:53.000Z,1790455073.000,32.646821557,-117.20420488,6.367,119.661,107.602,5.268,-0.798,-2573,,4,6.095,64.545
2026-09-26T20:37:54.000Z,1790455074.000,32.64680692,-117.204173576,6.732,118.218,108.066,5,-1.4,-2574,,4,6.491,65.378
2026-09-26T20:37:55.000Z,1790455075.000,32.646792725,-117.204141237,6.922,117.012,107.2,5.061,-0.584,-2575,,4,6.711,66.03
2026-09-26T20:37:56.000Z,1790455076.000,32.646777821,-117.204108495,6.808,118.934,107.469,2.769,-0.477,-2576,,4,6.539,66.84
2026-09-26T20:37:57.000Z,1790455077.000,32.646762506,-117.204075711,7.066,119.893,107.3,2.332,0.234,-2577,,4,6.752,67.657
2026-09-26T20:37:58.000Z,1790455078.000,32.646746957,-117.204043369,6.993,119.781,107.639,2.493,-0.416,-2578,,4,6.684,68.552
2026-09-26T20:37:59.000Z,1790455079.000,32.646731264,-117.204010041,6.875,120.075,108.65,1.425,-1.05,-2579,,4,6.559,69.492
2026-09-26T20:38:00.000Z,1790455080.000,32.646715275,-117.203976623,6.732,120.147,110.979,-0.568,-0.332,-2580,,4,6.418,70.568
2026-09-26T20:38:01.000Z,1790455081.000,32.646698873,-117.20394581,6.7,123.198,113.567,1.599,0.266,-2581,,4,6.269,71.773
2026-09-26T20:38:02.000Z,1790455082.000,32.646682473,-117.203916856,6.236,124.053,111.907,5.364,-0.8,-2582,,4,5.8,72.682
2026-09-26T20:38:03.000Z,1790455083.000,32.646668453,-117.203888002,5.995,118.331,108.458,3.995,-0.01,-2583,,4,5.767,73.192
2026-09-26T20:38:04.000Z,1790455084.000,32.646657063,-117.20385919,5.833,114.033,107.067,2.033,0.067,-2584,,4,5.714,73.588
2026-09-26T20:38:05.000Z,1790455085.000,32.646645125,-117.203830636,5.766,116.086,108.628,1.376,-1.441,-2585,,4,5.602,74.288
2026-09-26T20:38:06.000Z,1790455086.000,32.646632247,-117.203801305,6.322,117.457,109.873,1.388,-1.151,-2586,,4,6.105,75.044
2026-09-26T20:38:07.000Z,1790455087.000,32.646617016,-117.203771662,6.308,121.524,111.008,1.492,-0.3,-2587,,4,5.958,76.036
2026-09-26T20:38:08.000Z,1790455088.000,32.646600251,-117.203742564,6.866,123.815,110.534,4.002,-0.969,-2588,,4,6.388,77.076
2026-09-26T20:38:09.000Z,1790455089.000,32.646583975,-117.203712975,6.676,122.448,109.848,2.724,-0.673,-2589,,4,6.265,78.033
2026-09-26T20:38:10.000Z,1790455090.000,32.646567168,-117.203682349,6.641,123.432,112.412,0.365,0.029,-2590,,4,6.19,79.285
2026-09-26T20:38:11.000Z,1790455091.000,32.646549602,-117.203651784,6.697,127.315,114.065,-0.595,0.473,-2591,,4,6.061,80.545
2026-09-26T20:38:12.000Z,1790455092.000,32.646531821,-117.203621191,6.836,123.789,114.264,0.951,-0.323,-2592,,4,6.351,81.711
2026-09-26T20:38:13.000Z,1790455093.000,32.646515521,-117.203590186,6.7,124.083,114.883,0.617,-0.606,-2593,,4,6.21,82.741
2026-09-26T20:38:14.000Z,1790455094.000,32.646497797,-117.203559287,6.9,124.676,116.397,-3.158,0.032,-2594,,4,6.366,83.998
2026-09-26T20:38:15.000Z,1790455095.000,32.646479763,-117.203529205,6.835,124.556,118.13,-4.175,-1.005,-2595,,4,6.309,85.325
2026-09-26T20:38:16.000Z,1790455096.000,32.646461876,-117.203499732,6.824,125.812,116.162,-0.697,0.753,-2596,,4,6.236,86.358
2026-09-26T20:38:17.000Z,1790455097.000,32.646443624,-117.203471197,6.615,127.573,116.158,5.477,-0.434,-2597,,4,5.958,87.609
2026-09-26T20:38:18.000Z,1790455098.000,32.646426485,-117.203443461,6.066,127.817,116.968,-2.135,-0.063,-2598,,4,5.449,88.825
2026-09-26T20:38:19.000Z,1790455099.000,32.646406772,-117.203416247,6.763,130.908,117.963,-2.275,-0.754,-2599,,4,5.903,90.345
2026-09-26T20:38:20.000Z,1790455100.000,32.646384163,-117.203388387,7.5,136.41,120.467,2.985,-1.626,-2600,,4,6.158,92.277
2026-09-26T20:38:21.000Z,1790455101.000,32.64635915,-117.203358477,7.733,132.365,118.464,2.024,0.735,-2601,,4,6.639,94.062
2026-09-26T20:38:22.000Z,1790455102.000,32.646335303,-117.203326155,8.072,130.85,118.854,0.42,-0.407,-2602,,4,7.032,95.85
2026-09-26T20:38:23.000Z,1790455103.000,32.646313285,-117.203291891,7.575,126.413,116.3,6.313,-0.889,-2603,,4,6.864,97.161
2026-09-26T20:38:24.000Z,1790455104.000,32.646295477,-117.203257104,7,119.276,116.7,2.525,0.137,-2604,,4,6.659,98.242
2026-09-26T20:38:25.000Z,1790455105.000,32.646279606,-117.203225817,6.362,120.346,117.035,5.738,-0.4,-2605,,4,6.013,99.196
2026-09-26T20:38:26.000Z,1790455106.000,32.646264491,-117.203200625,5.706,124.742,117.959,4.782,-0.483,-2606,,4,5.232,100.267
2026-09-26T20:38:27.000Z,1790455107.000,32.646248868,-117.203177543,5.464,130.714,117.092,2.846,-0.4,-2607,,4,4.753,101.302
2026-09-26T20:38:28.000Z,1790455108.000,32.646231959,-117.203154393,5.961,132.482,114.676,2.969,-0.024,-2608,,4,5.09,102.35
2026-09-26T20:38:29.000Z,1790455109.000,32.646213046,-117.203128129,6.096,131.089,114.396,1.783,-0.36,-2609,,4,5.277,103.706
2026-09-26T20:38:30.000Z,1790455110.000,32.646192877,-117.203099458,7.166,129.79,116.066,1.05,-0.463,-2610,,4,6.279,105.293
2026-09-26T20:38:31.000Z,1790455111.000,32.64617269,-117.203069005,7.445,127.571,117.467,0.245,-0.071,-2611,,4,6.653,106.816
2026-09-26T20:38:32.000Z,1790455112.000,32.646151826,-117.203039355,6.631,130.558,116.969,3.739,-0.269,-2612,,4,5.758,108.28
2026-09-26T20:38:33.000Z,1790455113.000,32.646133548,-117.203009969,6.666,124.545,118.47,1.405,-0.503,-2613,,4,6.1,109.632
2026-09-26T20:38:34.000Z,1790455114.000,32.646116127,-117.202983966,5.935,126.714,115.306,3.946,-0.565,-2614,,4,5.335,110.605
2026-09-26T20:38:35.000Z,1790455115.000,32.646100757,-117.202956841,5.849,123.047,113.275,2.412,-0.275,-2615,,4,5.409,111.419
2026-09-26T20:38:36.000Z,1790455116.000,32.64608584,-117.202928119,6.17,123.658,113.439,1.8,-1.121,-2616,,4,5.678,112.322
2026-09-26T20:38:37.000Z,1790455117.000,32.646069837,-117.20289783,6.759,122.637,114.491,-1.194,-0.028,-2617,,4,6.265,113.373
2026-09-26T20:38:38.000Z,1790455118.000,32.646050553,-117.202868143,7.036,129.127,116.836,1.973,0.355,-2618,,4,6.176,114.893
2026-09-26T20:38:39.000Z,1790455119.000,32.646030379,-117.202839304,7.005,131.054,118.366,2.166,-0.388,-2619,,4,6.027,116.464
2026-09-26T20:38:40.000Z,1790455120.000,32.64600911,-117.202811569,6.802,132.353,119.402,2.295,-0.2,-2620,,4,5.767,118.14
2026-09-26T20:38:41.000Z,1790455121.000,32.645988249,-117.202783997,6.7,132.003,119.596,-0.314,-0.693,-2621,,4,5.698,119.711
2026-09-26T20:38:42.000Z,1790455122.000,32.645966483,-117.202756338,7.14,132.042,118.636,0.775,0.498,-2622,,4,6.064,121.285
2026-09-26T20:38:43.000Z,1790455123.000,32.645943918,-117.202725369,7.231,130.653,116.684,3.547,0.331,-2623,,4,6.227,122.784
2026-09-26T20:38:44.000Z,1790455124.000,32.645923178,-117.202695102,7.166,127.853,116.598,4.102,0.169,-2624,,4,6.338,124.252
2026-09-26T20:38:45.000Z,1790455125.000,32.645904226,-117.202663442,7.005,122.006,116.565,-1.015,-0.38,-2625,,4,6.493,125.498
2026-09-26T20:38:46.000Z,1790455126.000,32.645885645,-117.202632171,7.263,126.485,117.515,1.97,-1.667,-2626,,4,6.495,126.792
2026-09-26T20:38:47.000Z,1790455127.000,32.645867287,-117.202600963,6.769,124.389,118.469,-0.589,0.424,-2627,,4,6.157,128.064
2026-09-26T20:38:48.000Z,1790455128.000,32.645848873,-117.202571676,6.633,129.868,118.835,2.762,0.799,-2628,,4,5.738,129.343
2026-09-26T20:38:49.000Z,1790455129.000,32.645830601,-117.202544588,6.319,129.483,116.664,5.325,-0.9,-2629,,4,5.485,130.46
2026-09-26T20:38:50.000Z,1790455130.000,32.645813031,-117.202518614,5.961,127.966,114.783,4.357,-0.752,-2630,,4,5.247,131.552
2026-09-26T20:38:51.000Z,1790455131.000,32.645795712,-117.202491211,6.505,127.478,113.868,0.895,-2.282,-2631,,4,5.749,132.658
2026-09-26T20:38:52.000Z,1790455132.000,32.645778249,-117.202463343,6.565,127.953,113.031,1.176,-0.992,-2632,,4,5.774,133.773
2026-09-26T20:38:53.000Z,1790455133.000,32.645759888,-117.202433588,6.839,128.008,114.878,2.565,-0.017,-2633,,4,6.007,135.154
2026-09-26T20:38:54.000Z,1790455134.000,32.645741431,-117.20240139,6.715,123.014,115.9,0.27,0.242,-2634,,4,6.151,136.419
2026-09-26T20:38:55.000Z,1790455135.000,32.645723314,-117.202370449,6.668,124.48,115.468,2.56,-0.015,-2635,,4,6.035,137.561
2026-09-26T20:38:56.000Z,1790455136.000,32.645704464,-117.202340984,6.734,125.868,116.061,2.451,-0.705,-2636,,4,6.02,138.901
2026-09-26T20:38:57.000Z,1790455137.000,32.645685112,-117.202310708,6.964,126.229,116.072,-3.11,-0.236,-2637,,4,6.201,140.228
2026-09-26T20:38:58.000Z,1790455138.000,32.64566515,-117.202280816,6.77,128.724,115.351,-0.303,0.397,-2638,,4,5.885,141.571
2026-09-26T20:38:59.000Z,1790455139.000,32.64564506,-117.202251157,6.8,125.687,112.165,4.002,-0.166,-2639,,4,6.077,142.736
2026-09-26T20:39:00.000Z,1790455140.000,32.64562842,-117.20221968,7.09,121.17,109.805,1.915,0.32,-2640,,4,6.565,143.551
2026-09-26T20:39:01.000Z,1790455141.000,32.645613227,-117.202187666,6.5,121.837,108.763,4.049,-1.288,-2641,,4,5.987,144.304
2026-09-26T20:39:02.000Z,1790455142.000,32.645600107,-117.202154818,6.562,114.417,105.055,7.145,-0.831,-2642,,4,6.323,144.597
2026-09-26T20:39:03.000Z,1790455143.000,32.645588814,-117.202122714,6.692,109.709,101.806,1.382,-0.638,-2643,,4,6.573,144.75
2026-09-26T20:39:04.000Z,1790455144.000,32.645577036,-117.202089734,6.556,115.908,100.571,4.053,-2.293,-2644,,4,6.267,145.098
2026-09-26T20:39:05.000Z,1790455145.000,32.645565089,-117.202054939,6.985,111.222,104.299,-0.099,0.243,-2645,,4,6.821,145.82
2026-09-26T20:39:06.000Z,1790455146.000,32.645554272,-117.202020468,6.632,113.779,105.894,-3.229,0.051,-2646,,4,6.406,146.256
2026-09-26T20:39:07.000Z,1790455147.000,32.645541825,-117.201987611,6.469,110.831,103.824,5.948,-1.769,-2647,,4,6.325,146.61
2026-09-26T20:39:08.000Z,1790455148.000,32.645530721,-117.201955742,6.328,112.373,102.444,6.096,0.008,-2648,,4,6.148,146.9
2026-09-26T20:39:09.000Z,1790455149.000,32.645519311,-117.201924178,5.919,113.263,99.848,3.241,-0.378,-2649,,4,5.728,147.132
2026-09-26T20:39:10.000Z,1790455150.000,32.645506828,-117.20189429,6.299,114.774,98.267,6.564,-0.502,-2650,,4,6.051,147.604
2026-09-26T20:39:11.000Z,1790455151.000,32.645494635,-117.201863293,6.2,112.556,100.891,1.6,0.283,-2651,,4,6.016,148.356
2026-09-26T20:39:12.000Z,1790455152.000,32.645483112,-117.201831207,6.462,113.675,102.738,-0.762,-0.69,-2652,,4,6.238,148.948
2026-09-26T20:39:13.000Z,1790455153.000,32.645471863,-117.201797916,6.4,108.174,101.532,4.705,0.705,-2653,,4,6.309,149.232
2026-09-26T20:39:14.000Z,1790455154.000,32.645462203,-117.201765611,6.201,107.071,99.334,11.101,-0.399,-2654,,4,6.131,149.291
2026-09-26T20:39:15.000Z,1790455155.000,32.645454189,-117.201733788,6.038,106.202,96.606,6.966,0.683,-2655,,4,5.983,149.144
2026-09-26T20:39:16.000Z,1790455156.000,32.645445855,-117.201700401,6.13,107.1,95.852,5.921,-0.152,-2656,,4,6.061,149.151
2026-09-26T20:39:17.000Z,1790455157.000,32.645438152,-117.201666744,6.1,110.605,95.297,2.255,-0.03,-2657,,4,5.963,149.099
2026-09-26T20:39:18.000Z,1790455158.000,32.645430218,-117.201633077,6.1,108.255,96.293,1.352,-0.303,-2658,,4,6.01,149.197
2026-09-26T20:39:19.000Z,1790455159.000,32.645422407,-117.201600889,6.038,107.49,97.738,0.259,0.127,-2659,,4,5.962,149.354
2026-09-26T20:39:20.000Z,1790455160.000,32.645414225,-117.201569653,5.693,109.344,96.24,0.898,0.36,-2660,,4,5.589,149.338
2026-09-26T20:39:21.000Z,1790455161.000,32.645406395,-117.201538913,5.632,107.87,93.801,4.737,-1.266,-2661,,4,5.555,149.222
2026-09-26T20:39:22.000Z,1790455162.000,32.645398866,-117.201507977,5.962,104.952,92.285,4.751,-0.121,-2662,,4,5.923,149.144
2026-09-26T20:39:23.000Z,1790455163.000,32.645389451,-117.201476866,6.038,110.925,94.4,6.474,0.713,-2663,,4,5.892,149.552
2026-09-26T20:39:24.000Z,1790455164.000,32.645379759,-117.201444956,5.938,108.951,94.855,9.131,-0.086,-2664,,4,5.835,149.838
2026-09-26T20:39:25.000Z,1790455165.000,32.64537147,-117.201413644,5.901,106.727,95.034,5.368,-0.335,-2665,,4,5.836,149.966
2026-09-26T20:39:26.000Z,1790455166.000,32.645363233,-117.201381532,6.316,109.772,95.446,3.246,-1.439,-2666,,4,6.188,150.087
2026-09-26T20:39:27.000Z,1790455167.000,32.645355577,-117.201347161,6.642,101.152,95.568,0.048,-1.581,-2667,,4,6.633,150.067
2026-09-26T20:39:28.000Z,1790455168.000,32.645348218,-117.201312281,6.661,102.638,95.107,3.393,-0.511,-2668,,4,6.641,149.957
2026-09-26T20:39:29.000Z,1790455169.000,32.64534211,-117.201276294,6.702,101.842,95.898,3.905,-0.495,-2669,,4,6.689,149.784
2026-09-26T20:39:30.000Z,1790455170.000,32.645335393,-117.201241802,6.276,103.273,95.338,5.09,0.303,-2670,,4,6.251,149.606
2026-09-26T20:39:31.000Z,1790455171.000,32.645327902,-117.20120797,6.176,103.196,95.9,2.707,-0.662,-2671,,4,6.153,149.617
2026-09-26T20:39:32.000Z,1790455172.000,32.645319839,-117.201177021,5.866,108.067,94.801,3.068,-0.133,-2672,,4,5.779,149.628
2026-09-26T20:39:33.000Z,1790455173.000,32.645311724,-117.201145814,5.935,108.591,95.065,3.031,0.127,-2673,,4,5.836,149.747
2026-09-26T20:39:34.000Z,1790455174.000,32.64530315,-117.201115531,5.9,108.609,95.762,5.533,0.147,-2674,,4,5.801,149.973
2026-09-26T20:39:35.000Z,1790455175.000,32.645294022,-117.201085034,5.924,111.134,97.6,6.831,0.32,-2675,,4,5.771,150.345
2026-09-26T20:39:36.000Z,1790455176.000,32.645283622,-117.201055437,6.098,113.621,98.067,8.233,-0.633,-2676,,4,5.874,150.765
2026-09-26T20:39:37.000Z,1790455177.000,32.645273908,-117.201024695,5.942,109.942,95.977,6.771,-0.275,-2677,,4,5.813,150.878
2026-09-26T20:39:38.000Z,1790455178.000,32.645264868,-117.200991819,6.459,107.244,93.646,5.841,-0.229,-2678,,4,6.374,150.848
2026-09-26T20:39:39.000Z,1790455179.000,32.645256646,-117.20095765,6.368,104.929,91.868,6.129,-0.936,-2679,,4,6.321,150.743
2026-09-26T20:39:40.000Z,1790455180.000,32.645249624,-117.200922216,6.923,100.978,89.865,6.583,-0.74,-2680,,4,6.914,150.462
2026-09-26T20:39:41.000Z,1790455181.000,32.645244207,-117.200886197,6.777,98.209,89.062,7.03,-0.715,-2681,,4,6.777,150.089
2026-09-26T20:39:42.000Z,1790455182.000,32.645241155,-117.20085064,6.493,94.725,87.993,4.313,-0.569,-2682,,4,6.483,149.453
2026-09-26T20:39:43.000Z,1790455183.000,32.645238541,-117.200817608,5.962,97.051,88.462,2.131,-0.662,-2683,,4,5.961,148.952
2026-09-26T20:39:44.000Z,1790455184.000,32.64523306,-117.200785791,5.762,104.823,91.432,-1.165,0.215,-2684,,4,5.72,148.985
2026-09-26T20:39:45.000Z,1790455185.000,32.645225834,-117.200754727,5.986,102.853,96.138,-2.491,0.109,-2685,,4,5.963,149.365
2026-09-26T20:39:46.000Z,1790455186.000,32.645217659,-117.200722933,6.134,107.702,95.697,3.342,-0.195,-2686,,4,6.044,149.42
2026-09-26T20:39:47.000Z,1790455187.000,32.645210967,-117.2006905,6.133,102.467,92.133,7.8,-0.4,-2687,,4,6.114,149.051
2026-09-26T20:39:48.000Z,1790455188.000,32.645205059,-117.200658368,5.936,100.312,89.895,14.602,0.364,-2688,,4,5.931,148.714
2026-09-26T20:39:49.000Z,1790455189.000,32.645200842,-117.200624658,6.179,97.997,87.451,9.396,-1.23,-2689,,4,6.179,148.142
2026-09-26T20:39:50.000Z,1790455190.000,32.64519679,-117.200590607,6.373,100.761,86.068,3.657,-0.57,-2690,,4,6.365,147.627
2026-09-26T20:39:51.000Z,1790455191.000,32.645192083,-117.200555516,6.465,98.128,88.181,1.648,-0.929,-2691,,4,6.465,147.426
2026-09-26T20:39:52.000Z,1790455192.000,32.6451858,-117.200522187,6.092,104.615,91.492,3.885,0.031,-2692,,4,6.05,147.534
2026-09-26T20:39:53.000Z,1790455193.000,32.645178461,-117.200490344,5.823,105.393,93.469,3.392,-0.008,-2693,,4,5.772,147.69
2026-09-26T20:39:54.000Z,1790455194.000,32.64517124,-117.20046073,5.432,104.521,93.966,2.997,0.002,-2694,,4,5.395,147.771
2026-09-26T20:39:55.000Z,1790455195.000,32.645163501,-117.200432441,5.425,108,94.95,2.763,0.563,-2695,,4,5.339,147.979
2026-09-26T20:39:56.000Z,1790455196.000,32.645153788,-117.200402435,6,111.247,97.7,6.247,-0.694,-2696,,4,5.834,148.498
2026-09-26T20:39:57.000Z,1790455197.000,32.645144401,-117.200371086,6.332,110.663,97.242,4.448,-0.674,-2697,,4,6.17,148.692
2026-09-26T20:39:58.000Z,1790455198.000,32.645134793,-117.200338454,6.469,109.332,96.873,5.443,0.523,-2698,,4,6.336,148.885
2026-09-26T20:39:59.000Z,1790455199.000,32.645125515,-117.200304331,6.645,104.483,97.872,2.032,-0.798,-2699,,4,6.597,149.116
2026-09-26T20:40:00.000Z,1790455200.000,32.645116444,-117.200269523,6.7,108.153,98.477,1.085,-0.8,-2700,,4,6.586,149.276
2026-09-26T20:40:01.000Z,1790455201.000,32.645106964,-117.200236389,6.4,108.469,98.999,1.697,0.501,-2701,,4,6.284,149.515
2026-09-26T20:40:02.000Z,1790455202.000,32.645098046,-117.200204501,6.006,112.645,100.865,-0.348,-0.542,-2702,,4,5.798,149.833
2026-09-26T20:40:03.000Z,1790455203.000,32.645088253,-117.200174811,5.778,112.5,99.816,2.478,-0.433,-2703,,4,5.58,150.063
2026-09-26T20:40:04.000Z,1790455204.000,32.645078044,-117.200144749,5.792,114.126,98.385,4.039,-1.209,-2704,,4,5.549,150.299
2026-09-26T20:40:05.000Z,1790455205.000,32.645066538,-117.200116077,5.967,115.304,97.9,7.234,-0.199,-2705,,4,5.678,150.784
2026-09-26T20:40:06.000Z,1790455206.000,32.645056278,-117.200085711,5.983,109.333,96.239,7.339,-0.133,-2706,,4,5.853,150.999
2026-09-26T20:40:07.000Z,1790455207.000,32.645046994,-117.200053387,6.313,107.765,94.329,10.368,-0.113,-2707,,4,6.209,151.042
2026-09-26T20:40:08.000Z,1790455208.000,32.645039724,-117.200022591,5.765,106.137,93.063,10.333,0.469,-2708,,4,5.697,150.959
2026-09-26T20:40:09.000Z,1790455209.000,32.645034676,-117.199990752,5.966,98.151,92.537,0.378,-1.3,-2709,,4,5.965,150.671
2026-09-26T20:40:10.000Z,1790455210.000,32.64502784,-117.199958584,6.361,105.604,91.139,3.437,-0.723,-2710,,4,6.295,150.498
2026-09-26T20:40:11.000Z,1790455211.000,32.645020844,-117.199922922,6.852,104.126,91.5,1.904,-0.233,-2711,,4,6.803,150.394
2026-09-26T20:40:12.000Z,1790455212.000,32.645012755,-117.199886116,7.067,104.667,94.765,3.029,0.404,-2712,,4,7.008,150.609
2026-09-26T20:40:13.000Z,1790455213.000,32.645004227,-117.199849607,6.765,104.691,97.496,1.044,-0.87,-2713,,4,6.708,150.839
2026-09-26T20:40:14.000Z,1790455214.000,32.644995366,-117.199814706,6.8,108.811,99.623,0.008,0.247,-2714,,4,6.66,151.097
2026-09-26T20:40:15.000Z,1790455215.000,32.644984683,-117.199781488,6.367,112.926,102.837,-0.233,-0.33,-2715,,4,6.126,151.68
2026-09-26T20:40:16.000Z,1790455216.000,32.644972496,-117.199749923,6.367,115.164,101.699,5.234,-0.466,-2716,,4,6.052,152.114
2026-09-26T20:40:17.000Z,1790455217.000,32.644961457,-117.199719871,5.976,112.335,99.503,7.789,-0.327,-2717,,4,5.764,152.376
2026-09-26T20:40:18.000Z,1790455218.000,32.644951121,-117.199687822,6.27,109.718,97.089,4.789,-0.777,-2718,,4,6.117,152.497
2026-09-26T20:40:19.000Z,1790455219.000,32.644941017,-117.199655865,6.5,107.405,95.503,6.32,-1.603,-2719,,4,6.392,152.663
2026-09-26T20:40:20.000Z,1790455220.000,32.64493111,-117.199622068,6.899,109.266,95.465,1.066,-1.534,-2720,,4,6.739,152.886
2026-09-26T20:40:21.000Z,1790455221.000,32.644919765,-117.199586971,7.1,111.065,96.437,0.124,-0.699,-2721,,4,6.883,153.311
2026-09-26T20:40:22.000Z,1790455222.000,32.644907817,-117.199549976,6.869,110.757,99.269,0.888,-0.362,-2722,,4,6.666,153.905
2026-09-26T20:40:23.000Z,1790455223.000,32.644895396,-117.199513521,7.099,112.767,100.6,2.534,-1.166,-2723,,4,6.824,154.442
2026-09-26T20:40:24.000Z,1790455224.000,32.644884238,-117.199477266,7.135,108.47,99.37,2.446,-0.705,-2724,,4,6.985,154.642
2026-09-26T20:40:25.000Z,1790455225.000,32.644875106,-117.199441887,6.638,105.916,98.2,3.027,-0.735,-2725,,4,6.552,154.652
2026-09-26T20:40:26.000Z,1790455226.000,32.644866547,-117.199407843,6.252,109.268,98.8,2.161,-0.309,-2726,,4,6.101,154.775
2026-09-26T20:40:27.000Z,1790455227.000,32.644857903,-117.199376244,6,108.829,101.932,0.565,-0.634,-2727,,4,5.864,155.173
2026-09-26T20:40:28.000Z,1790455228.000,32.644848123,-117.199345558,6.062,109.269,102.186,1.276,-0.948,-2728,,4,5.913,155.483
2026-09-26T20:40:29.000Z,1790455229.000,32.644837438,-117.199314844,6.077,113.508,103.254,2.046,-0.716,-2729,,4,5.811,155.955
2026-09-26T20:40:30.000Z,1790455230.000,32.644825875,-117.199284537,6,114.702,104.665,1.755,-0.432,-2730,,4,5.698,156.56
2026-09-26T20:40:31.000Z,1790455231.000,32.644813986,-117.199253519,6.134,115.118,104.9,-2.195,0.1,-2731,,4,5.809,157.086
2026-09-26T20:40:32.000Z,1790455232.000,32.644801427,-117.199223239,5.916,116.014,104.661,5.107,-0.4,-2732,,4,5.57,157.664
2026-09-26T20:40:33.000Z,1790455233.000,32.644788448,-117.199193665,5.761,119.128,104.979,4.139,-0.279,-2733,-997.435,4,5.308,158.35
2026-09-26T20:40:34.000Z,1790455234.000,32.644775629,-117.199165823,5.767,118.333,105.366,3.034,-0.434,-2734,-994.569,4,5.342,159.067
2026-09-26T20:40:35.000Z,1790455235.000,32.644763628,-117.199136703,6,115.61,101.907,4.131,-0.531,-2735,-991.606,4,5.657,159.353
2026-09-26T20:40:36.000Z,1790455236.000,32.644752617,-117.199107154,5.924,113.372,99.153,7.471,0.015,-2736,-988.642,4,5.657,159.579
2026-09-26T20:40:37.000Z,1790455237.000,32.644743397,-117.199076096,5.769,106.9,97.918,6.493,0.145,-2737,-985.584,4,5.666,159.7
2026-09-26T20:40:38.000Z,1790455238.000,32.644735497,-117.199044989,6.234,109.273,96.599,4.335,-0.734,-2738,-982.559,4,6.068,159.671
2026-09-26T20:40:39.000Z,1790455239.000,32.644727102,-117.199013771,6.039,105.325,95.823,5.597,-0.498,-2739,-979.507,4,5.959,159.737
2026-09-26T20:40:40.000Z,1790455240.000,32.644719705,-117.198980362,6.23,105.049,95.53,1.411,-0.762,-2740,-976.276,4,6.152,159.68
2026-09-26T20:40:41.000Z,1790455241.000,32.644711082,-117.19894605,6.532,104.836,96.1,4.668,-0.796,-2741,-972.923,4,6.454,159.801
2026-09-26T20:40:42.000Z,1790455242.000,32.644702806,-117.198911689,6.367,107.087,97.765,-0.2,-0.398,-2742,-969.564,4,6.247,159.972
2026-09-26T20:40:43.000Z,1790455243.000,32.644693794,-117.198878812,6.111,106.734,99.2,1.4,0.477,-2743,-966.327,4,6.002,160.24
2026-09-26T20:40:44.000Z,1790455244.000,32.644684463,-117.198847149,5.86,112.125,101.419,0.838,-1,-2744,-963.193,4,5.624,160.636
2026-09-26T20:40:45.000Z,1790455245.000,32.644672871,-117.198819768,5.736,115.811,100.8,5.368,0.196,-2745,-960.402,4,5.388,161.152
2026-09-26T20:40:46.000Z,1790455246.000,32.644661963,-117.198791642,5.765,114.896,99.908,5.769,-0.769,-2746,-957.563,4,5.445,161.553
2026-09-26T20:40:47.000Z,1790455247.000,32.644651043,-117.198762776,6.223,112.192,97.33,8.223,-0.632,-2747,-954.669,4,5.966,161.802
2026-09-26T20:40:48.000Z,1790455248.000,32.644641237,-117.198729611,6.668,106.168,97.211,5.153,-1.305,-2748,-951.397,4,6.555,162.023
2026-09-26T20:40:49.000Z,1790455249.000,32.644631977,-117.198694903,6.898,107.775,97.698,1.665,-0.163,-2749,-947.993,4,6.742,162.196
2026-09-26T20:40:50.000Z,1790455250.000,32.644622723,-117.198658714,7.124,107.558,100.286,1.138,-0.19,-2750,-944.442,4,6.967,162.502
2026-09-26T20:40:51.000Z,1790455251.000,32.644612218,-117.1986227,6.6,110.477,102.565,3.459,-0.541,-2751,-940.884,4,6.374,162.922
2026-09-26T20:40:52.000Z,1790455252.000,32.644602837,-117.198588778,6.599,109.263,104.165,1.702,-0.832,-2752,-937.552,4,6.407,163.218
2026-09-26T20:40:53.000Z,1790455253.000,32.64459262,-117.198557286,6.461,112.28,105.463,2.232,-0.366,-2753,-934.423,4,6.18,163.639
2026-09-26T20:40:54.000Z,1790455254.000,32.644580401,-117.198526406,6.472,114.051,104.26,3.696,0.128,-2754,-931.293,4,6.128,164.088
2026-09-26T20:40:55.000Z,1790455255.000,32.64456698,-117.19849382,6.32,114.24,102.79,6.22,-0.12,-2755,-927.978,4,5.975,164.601
2026-09-26T20:40:56.000Z,1790455256.000,32.644553357,-117.198461288,6.6,117.19,103.4,3.305,-0.171,-2756,-924.663,4,6.117,165.306
2026-09-26T20:40:57.000Z,1790455257.000,32.644539879,-117.198428938,6.595,115.674,103.33,1.52,-1.04,-2757,-921.369,4,6.173,165.945
2026-09-26T20:40:58.000Z,1790455258.000,32.644526772,-117.198398589,6.148,113.727,100.7,5.265,-0.386,-2758,-918.272,4,5.823,166.387
2026-09-26T20:40:59.000Z,1790455259.000,32.64451526,-117.198367987,5.826,113.523,98.857,8.169,-0.2,-2759,-915.197,4,5.522,166.715
2026-09-26T20:41:00.000Z,1790455260.000,32.644505863,-117.198338857,5.634,111.942,99,3.498,0.334,-2760,-912.3,4,5.386,167.013
2026-09-26T20:41:01.000Z,1790455261.000,32.644496155,-117.198309077,6.1,108.668,99.987,-1.011,-1.175,-2761,-909.332,4,5.923,167.397
2026-09-26T20:41:02.000Z,1790455262.000,32.644484602,-117.198276289,6.629,113.35,100.471,2.078,-0.388,-2762,-906.046,4,6.284,167.864
2026-09-26T20:41:03.000Z,1790455263.000,32.644472922,-117.198240795,7.2,109.323,104.403,-0.969,-0.159,-2763,-902.506,4,6.966,168.556
2026-09-26T20:41:04.000Z,1790455264.000,32.644459363,-117.198204005,7.371,114.757,109.501,-2.314,-1.607,-2764,-898.831,4,6.919,169.513
2026-09-26T20:41:05.000Z,1790455265.000,32.64444484,-117.1981694,6.937,115.578,111.253,-0.041,0.121,-2765,-895.321,4,6.472,170.356
2026-09-26T20:41:06.000Z,1790455266.000,32.644430454,-117.1981362,6.64,113.676,110.302,4.589,0.789,-2766,-891.916,4,6.268,171
2026-09-26T20:41:07.000Z,1790455267.000,32.644417125,-117.19810688,6.067,117.764,107.632,6.635,-0.765,-2767,-888.881,4,5.567,171.487
2026-09-26T20:41:08.000Z,1790455268.000,32.644404874,-117.198078959,5.595,116.396,105.13,4.075,-1.035,-2768,-886.011,4,5.183,171.907
2026-09-26T20:41:09.000Z,1790455269.000,32.644391563,-117.198050109,6.178,121.067,103.239,3.441,-0.267,-2769,-883.038,4,5.511,172.467
2026-09-26T20:41:10.000Z,1790455270.000,32.64437723,-117.198018908,6.604,115.819,102.628,2.93,-0.436,-2770,-879.826,4,6.136,173.182
2026-09-26T20:41:11.000Z,1790455271.000,32.644364029,-117.197985222,7.001,114.534,101.166,0.367,-0.834,-2771,-876.421,4,6.558,173.646
2026-09-26T20:41:12.000Z,1790455272.000,32.64435095,-117.197950378,7.029,113.269,100.277,5.334,-0.294,-2772,-872.913,4,6.634,174.114
2026-09-26T20:41:13.000Z,1790455273.000,32.644340974,-117.197914033,6.87,106.143,99.53,6.17,-0.063,-2773,-869.349,4,6.715,174.224
2026-09-26T20:41:14.000Z,1790455274.000,32.644332445,-117.197880565,6.364,106.837,99.728,4.036,-0.536,-2774,-866.08,4,6.202,174.326
2026-09-26T20:41:15.000Z,1790455275.000,32.644322557,-117.197848909,6.063,111.483,101.339,1.323,-0.823,-2775,-862.935,4,5.776,174.734
2026-09-26T20:41:16.000Z,1790455276.000,32.644311551,-117.197818096,6.222,118.905,102.517,1.689,-0.561,-2776,-859.842,4,5.631,175.247
2026-09-26T20:41:17.000Z,1790455277.000,32.644299085,-117.197786445,6.168,114.011,103.3,4.421,-0.934,-2777,-856.637,4,5.783,175.863
2026-09-26T20:41:18.000Z,1790455278.000,32.644286715,-117.197754273,6.529,109.706,101.742,5.612,0.571,-2778,-853.389,4,6.272,176.267
2026-09-26T20:41:19.000Z,1790455279.000,32.644275447,-117.197720841,6.537,112.456,102.137,4.348,-0.187,-2779,-850.053,4,6.183,176.68
2026-09-26T20:41:20.000Z,1790455280.000,32.644264232,-117.197686974,6.8,110.564,102.879,4.821,-0.858,-2780,-846.678,4,6.498,177.105
2026-09-26T20:41:21.000Z,1790455281.000,32.644253518,-117.197651819,6.698,110.346,104.906,1.206,-1.067,-2781,-843.201,4,6.406,177.548
2026-09-26T20:41:22.000Z,1790455282.000,32.644241922,-117.19761807,6.737,112.662,107.831,0.337,0.047,-2782,-839.84,4,6.354,178.194
2026-09-26T20:41:23.000Z,1790455283.000,32.644228278,-117.197587615,6.394,120.067,110.482,3.17,-0.265,-2783,-836.735,4,5.702,179.118
2026-09-26T20:41:24.000Z,1790455284.000,32.644212413,-117.197558943,6.1,124.339,109.683,6.5,1.17,-2784,-833.707,4,5.213,180.045
2026-09-26T20:41:25.000Z,1790455285.000,32.644196055,-117.197530737,6.168,126.875,111.564,2.298,-0.736,-2785,-830.735,4,5.117,181.253
2026-09-26T20:41:26.000Z,1790455286.000,32.644179372,-117.197503059,6.365,126.032,110.629,1.89,-0.229,-2786,-827.773,4,5.325,182.281
2026-09-26T20:41:27.000Z,1790455287.000,32.644162118,-117.19747445,6.527,125.775,110.173,0.837,0.188,-2787,-824.717,4,5.469,183.387
2026-09-26T20:41:28.000Z,1790455288.000,32.644143784,-117.197443197,7.04,125.613,110.57,0.24,-0.681,-2788,-821.401,4,5.901,184.611
2026-09-26T20:41:29.000Z,1790455289.000,32.644125784,-117.1974104,7.266,123.643,108.666,3.369,-0.868,-2789,-817.933,4,6.216,185.576
2026-09-26T20:41:30.000Z,1790455290.000,32.64410941,-117.197376212,7.23,115.815,106.77,7.804,-0.121,-2790,-814.385,4,6.632,186.332
2026-09-26T20:41:31.000Z,1790455291.000,32.644096284,-117.197340325,7.276,112.284,108.014,2.524,0.2,-2791,-810.784,4,6.835,186.952
2026-09-26T20:41:32.000Z,1790455292.000,32.644083606,-117.197304387,6.523,112.401,109.123,4.331,0.201,-2792,-807.192,4,6.12,187.512
2026-09-26T20:41:33.000Z,1790455293.000,32.64407213,-117.197270856,6.534,111.927,109.734,4.134,-0.934,-2793,-803.847,4,6.145,187.962
2026-09-26T20:41:34.000Z,1790455294.000,32.644060462,-117.197241056,5.815,116.23,107.946,7.077,0.062,-2794,-800.818,4,5.303,188.331
2026-09-26T20:41:35.000Z,1790455295.000,32.644048035,-117.197212747,5.671,114.941,104.571,6.6,-0.865,-2795,-797.905,4,5.219,188.689
2026-09-26T20:41:36.000Z,1790455296.000,32.644034164,-117.197185835,5.836,123.772,102.196,9.575,0.3,-2796,-795.096,4,4.952,189.318
2026-09-26T20:41:37.000Z,1790455297.000,32.644020286,-117.197156474,6.134,117.788,101.366,3.774,-0.968,-2797,-792.066,4,5.511,190.012
2026-09-26T20:41:38.000Z,1790455298.000,32.644006513,-117.197123823,6.728,115.244,101.028,1.472,-0.162,-2798,-788.737,4,6.164,190.654
2026-09-26T20:41:39.000Z,1790455299.000,32.643992809,-117.197089706,6.76,114.48,103.23,3.32,-0.59,-2799,-785.272,4,6.224,191.457
2026-09-26T20:41:40.000Z,1790455300.000,32.643978538,-117.197057311,6.534,118.566,105.532,6.7,0.2,-2800,-781.956,4,5.813,192.373
2026-09-26T20:41:41.000Z,1790455301.000,32.643965786,-117.197025586,6.198,114.273,106.729,5.007,-0.468,-2801,-778.742,4,5.706,193.052
2026-09-26T20:41:42.000Z,1790455302.000,32.643954179,-117.196994507,6.376,112.671,108.394,1.662,-1.362,-2802,-775.622,4,5.934,193.662
2026-09-26T20:41:43.000Z,1790455303.000,32.643942638,-117.196962404,6.261,112.593,108.13,1.536,0.439,-2803,-772.398,4,5.826,194.084
2026-09-26T20:41:44.000Z,1790455304.000,32.643930812,-117.196929799,6.532,112.726,108.105,7.391,0.229,-2804,-769.123,4,6.069,194.543
2026-09-26T20:41:45.000Z,1790455305.000,32.643919072,-117.196897509,6.4,112.875,107.2,8.295,-0.155,-2805,-765.874,4,5.936,194.93
2026-09-26T20:41:46.000Z,1790455306.000,32.643906401,-117.19686601,6.1,113.296,107.025,4.85,-0.588,-2806,-762.677,4,5.637,195.495
2026-09-26T20:41:47.000Z,1790455307.000,32.643891928,-117.196837167,6.2,123.45,109.304,3.215,-0.6,-2807,-759.692,4,5.215,196.517
2026-09-26T20:41:48.000Z,1790455308.000,32.643875815,-117.196808597,6.368,121.674,108.998,1.269,-0.3,-2808,-756.671,4,5.452,197.513
2026-09-26T20:41:49.000Z,1790455309.000,32.643858754,-117.196780307,6.5,126.577,109.6,6.598,-0.164,-2809,-753.659,4,5.249,198.691
2026-09-26T20:41:50.000Z,1790455310.000,32.643841728,-117.196750397,6.56,122.551,109.9,3.15,-0.2,-2810,-750.498,4,5.547,199.801
2026-09-26T20:41:51.000Z,1790455311.000,32.643825067,-117.196721067,6.467,123.967,109.133,5.633,0.5,-2811,-747.39,4,5.373,200.8
2026-09-26T20:41:52.000Z,1790455312.000,32.643809919,-117.196690679,6.43,120.624,107.811,6.47,-0.341,-2812,-744.221,4,5.535,201.565
2026-09-26T20:41:53.000Z,1790455313.000,32.643794545,-117.196660302,6.425,123.189,107.462,5.125,-1.425,-2813,-741.056,4,5.371,202.434
2026-09-26T20:41:54.000Z,1790455314.000,32.643778811,-117.196627984,6.8,118.889,106.905,2.668,-0.316,-2814,-737.703,4,5.941,203.276
2026-09-26T20:41:55.000Z,1790455315.000,32.643763267,-117.1965954,6.833,117.933,107.733,5.367,-0.367,-2815,-734.338,4,6.017,204.203
2026-09-26T20:41:56.000Z,1790455316.000,32.643747888,-117.196562629,6.9,118.979,107.13,9.302,-0.608,-2816,-730.953,4,6.008,204.993
2026-09-26T20:41:57.000Z,1790455317.000,32.643734236,-117.196526868,7.138,114.921,106.293,8.048,0.269,-2817,-727.34,4,6.442,205.503
2026-09-26T20:41:58.000Z,1790455318.000,32.643722622,-117.196491597,6.633,111.469,107.367,2.197,-0.567,-2818,-723.833,4,6.142,205.963
2026-09-26T20:41:59.000Z,1790455319.000,32.643709854,-117.196458653,6.403,116.424,106.903,5.592,0.034,-2819,-720.5,4,5.693,206.479
2026-09-26T20:42:00.000Z,1790455320.000,32.643697869,-117.196427172,6.181,114.61,104.226,7.809,0.083,-2820,-717.316,4,5.578,206.768
2026-09-26T20:42:01.000Z,1790455321.000,32.643684394,-117.196395587,6.3,120.713,104.791,4.711,-1.23,-2821,-714.092,4,5.358,207.477
2026-09-26T20:42:02.000Z,1790455322.000,32.643668812,-117.196364657,6.735,121.567,106.335,4.329,-0.269,-2822,-710.877,4,5.665,208.508
2026-09-26T20:42:03.000Z,1790455323.000,32.643652499,-117.196332998,6.834,118.954,106.503,2.425,0.303,-2823,-707.573,4,5.902,209.487
2026-09-26T20:42:04.000Z,1790455324.000,32.643636461,-117.196301469,6.624,122.733,108.038,4.156,-0.038,-2824,-704.296,4,5.478,210.551
2026-09-26T20:42:05.000Z,1790455325.000,32.643620005,-117.196271553,6.306,122.56,108.494,7.392,0.363,-2825,-701.149,4,5.216,211.612
2026-09-26T20:42:06.000Z,1790455326.000,32.643606167,-117.196242167,5.867,121.867,106.867,6.8,-0.133,-2826,-698.106,4,4.886,212.237
2026-09-26T20:42:07.000Z,1790455327.000,32.643592585,-117.196213225,6.022,119.146,105.316,8.045,-0.861,-2827,-695.113,4,5.162,212.851
2026-09-26T20:42:08.000Z,1790455328.000,32.643580273,-117.196180289,6.571,112.88,101.217,9.117,-0.871,-2828,-691.797,4,5.963,213.024
2026-09-26T20:42:09.000Z,1790455329.000,32.643571714,-117.196142604,7.132,102.804,94.257,9.149,-1.239,-2829,-688.2,4,6.895,212.45
2026-09-26T20:42:10.000Z,1790455330.000,32.643566914,-117.196103818,7.261,96.692,87.792,11.397,-0.217,-2830,-684.657,4,7.177,211.497
2026-09-26T20:42:11.000Z,1790455331.000,32.643568137,-117.196066504,6.462,85.328,79.601,8.465,-0.95,-2831,-681.515,4,6.455,209.825
2026-09-26T20:42:12.000Z,1790455332.000,32.643573885,-117.196033778,5.8,74.452,68.87,5.489,0.637,-2832,-679.107,4,5.635,207.654
2026-09-26T20:42:13.000Z,1790455333.000,32.643580865,-117.196006276,4.899,78.568,63.468,4.035,-0.201,-2833,-677.048,4,4.83,205.885
2026-09-26T20:42:14.000Z,1790455334.000,32.643585984,-117.19597902,5.162,75.332,65.362,1.465,0.986,-2834,-674.601,4,5.031,204.777
2026-09-26T20:42:15.000Z,1790455335.000,32.643590186,-117.195948485,5.676,85.525,66.286,-1.489,-1.727,-2835,-671.883,4,5.669,203.628
2026-09-26T20:42:16.000Z,1790455336.000,32.643594102,-117.195913454,6.567,80.597,66.937,2.434,-2.335,-2836,-668.763,4,6.508,202.383
2026-09-26T20:42:17.000Z,1790455337.000,32.643596928,-117.195875922,6.969,84.962,74.486,4.373,-0.131,-2837,-665.087,4,6.957,201.654
2026-09-26T20:42:18.000Z,1790455338.000,32.643599921,-117.195837852,7,84.849,76.064,-2.021,-1.371,-2838,-661.637,4,6.987,200.502
2026-09-26T20:42:19.000Z,1790455339.000,32.643603485,-117.195799332,6.961,83.101,75.3,-2.977,0.023,-2839,-658.25,4,6.932,199.112
2026-09-26T20:42:20.000Z,1790455340.000,32.643606168,-117.195762255,6.567,85.228,76.099,1.068,0.202,-2840,-654.913,4,6.557,197.963
2026-09-26T20:42:21.000Z,1790455341.000,32.643608948,-117.195727348,6.238,85.644,76.5,1.194,-0.414,-2841,-651.791,4,6.231,196.829
2026-09-26T20:42:22.000Z,1790455342.000,32.643611248,-117.195694102,6.062,85.959,74.876,0.245,-0.265,-2842,-648.884,4,6.057,195.645
2026-09-26T20:42:23.000Z,1790455343.000,32.643613641,-117.195662203,5.632,84.791,73.305,1.795,-0.873,-2843,-646.103,4,5.621,194.49
2026-09-26T20:42:24.000Z,1790455344.000,32.643615929,-117.195630653,5.8,84.759,73.329,0.615,-0.995,-2844,-643.288,4,5.788,193.465
2026-09-26T20:42:25.000Z,1790455345.000,32.643617792,-117.195598894,6.043,85.206,75.813,-0.713,-0.436,-2845,-640.347,4,6.034,192.652
2026-09-26T20:42:26.000Z,1790455346.000,32.643618639,-117.195565884,5.831,88.556,76.861,-0.047,-0.778,-2846,-637.324,4,5.831,191.819
2026-09-26T20:42:27.000Z,1790455347.000,32.64361996,-117.195533773,5.965,86.67,73.605,0.215,0.29,-2847,-634.559,4,5.962,190.654
2026-09-26T20:42:28.000Z,1790455348.000,32.643622228,-117.195500462,6.036,86.593,71.657,2.178,0.079,-2848,-631.665,4,6.033,189.453
2026-09-26T20:42:29.000Z,1790455349.000,32.643623423,-117.195468609,5.9,87.109,71.377,1.802,-0.093,-2849,-628.807,4,5.898,188.518
2026-09-26T20:42:30.000Z,1790455350.000,32.643624972,-117.195435824,5.832,85.554,73.972,-1.983,-0.093,-2850,-625.754,4,5.825,187.717
2026-09-26T20:42:31.000Z,1790455351.000,32.6436259,-117.1954033,6,89.63,76.166,-5.364,-0.066,-2851,-622.731,4,5.999,186.966
2026-09-26T20:42:32.000Z,1790455352.000,32.643625436,-117.195370393,6.036,89.314,79.536,-2.729,0.064,-2852,-619.604,4,6.035,186.444
2026-09-26T20:42:33.000Z,1790455353.000,32.6436251,-117.195337587,5.76,88.74,80.76,0.74,0.11,-2853,-616.569,4,5.76,185.758
2026-09-26T20:42:34.000Z,1790455354.000,32.643625066,-117.195305544,5.634,90.812,81.999,2.669,-1.167,-2854,-613.612,4,5.629,185.06
2026-09-26T20:42:35.000Z,1790455355.000,32.643626031,-117.195272645,6.131,88.531,81,-1.679,-0.062,-2855,-610.672,4,6.131,184.068
2026-09-26T20:42:36.000Z,1790455356.000,32.643625275,-117.195237909,6.413,93.014,80.587,-1.001,-0.55,-2856,-607.502,4,6.392,183.259
2026-09-26T20:42:37.000Z,1790455357.000,32.643623893,-117.195201601,6.545,92.765,82.02,0.051,-0.327,-2857,-604.116,4,6.525,182.615
2026-09-26T20:42:38.000Z,1790455358.000,32.643621335,-117.195165313,6.766,96.098,83.732,-2.334,-0.598,-2858,-600.696,4,6.703,182.119
2026-09-26T20:42:39.000Z,1790455359.000,32.643617913,-117.195129853,6.358,97.216,84.42,0.42,0.607,-2859,-597.36,4,6.28,181.66
2026-09-26T20:42:40.000Z,1790455360.000,32.643615748,-117.195095352,5.941,92.634,83.777,-2.123,0.4,-2860,-594.179,4,5.923,180.99
2026-09-26T20:42:41.000Z,1790455361.000,32.643613631,-117.195061465,6.333,93.175,79.595,-0.928,-0.034,-2861,-591.164,4,6.309,180.067
2026-09-26T20:42:42.000Z,1790455362.000,32.643612866,-117.195028144,5.93,88.984,77.24,0.228,0.762,-2862,-588.191,4,5.929,179.154
2026-09-26T20:42:43.000Z,1790455363.000,32.643613785,-117.194994306,6.238,89.632,75.053,-3.21,0.262,-2863,-585.215,4,6.236,178.063
2026-09-26T20:42:44.000Z,1790455364.000,32.643615974,-117.194959197,6.5,86.639,75.143,-7.8,-0.369,-2864,-582.07,4,6.497,176.966
2026-09-26T20:42:45.000Z,1790455365.000,32.643617298,-117.194923271,6.565,85.877,76.097,-6.832,-0.298,-2865,-578.797,4,6.559,176.001
2026-09-26T20:42:46.000Z,1790455366.000,32.6436175,-117.194885519,6.976,90.458,77.8,-3.89,0.262,-2866,-575.303,4,6.971,175.167
2026-09-26T20:42:47.000Z,1790455367.000,32.643618312,-117.194845811,7.441,87.017,78.359,-2.712,0.2,-2867,-571.688,4,7.44,174.137
2026-09-26T20:42:48.000Z,1790455368.000,32.643619432,-117.194806793,7.2,89.937,78.668,-1.172,0.068,-2868,-568.153,4,7.197,173.074
2026-09-26T20:42:49.000Z,1790455369.000,32.643620662,-117.194768588,6.935,87.369,79.297,-4.562,0.638,-2869,-564.685,4,6.934,172.042
2026-09-26T20:42:50.000Z,1790455370.000,32.643621724,-117.194732512,6.414,88.946,80.9,-8.451,0.286,-2870,-561.375,4,6.413,171.152
2026-09-26T20:42:51.000Z,1790455371.000,32.6436217,-117.194697421,6.1,89.681,80.99,-6.251,0.03,-2871,-558.176,4,6.098,170.293
2026-09-26T20:42:52.000Z,1790455372.000,32.643621433,-117.194664867,6.1,90,79.433,-4.133,0.167,-2872,-555.254,4,6.097,169.401
2026-09-26T20:42:53.000Z,1790455373.000,32.643621462,-117.194631716,6.062,90.586,74.151,1.549,-0.038,-2873,-552.429,4,6.057,168.201
2026-09-26T20:42:54.000Z,1790455374.000,32.643625085,-117.194596863,6.443,81.285,67.772,3.873,-0.928,-2874,-549.626,4,6.394,166.523
2026-09-26T20:42:55.000Z,1790455375.000,32.64363198,-117.194561003,6.87,76.144,62.238,1.125,0.357,-2875,-546.818,4,6.713,164.554
2026-09-26T20:42:56.000Z,1790455376.000,32.643639819,-117.194524062,7.198,72.827,61.068,-1.788,-0.834,-2876,-543.719,4,6.93,162.73
2026-09-26T20:42:57.000Z,1790455377.000,32.643648536,-117.194486804,7.238,75.917,60.38,-1.388,0.176,-2877,-540.59,4,7.062,160.833
2026-09-26T20:42:58.000Z,1790455378.000,32.643658493,-117.194448908,7.179,72.998,58.661,0.153,0.7,-2878,-537.492,4,6.91,158.73
2026-09-26T20:42:59.000Z,1790455379.000,32.643668981,-117.194412684,7.104,70.349,58.504,1.035,1.033,-2879,-534.474,4,6.738,156.7
2026-09-26T20:43:00.000Z,1790455380.000,32.643679435,-117.194377271,7,69.475,61.575,-0.473,0.299,-2880,-531.348,4,6.601,154.878
2026-09-26T20:43:01.000Z,1790455381.000,32.64369142,-117.194341693,6.887,66.94,58.389,-0.971,0.084,-2881,-528.595,4,6.379,152.53
2026-09-26T20:43:02.000Z,1790455382.000,32.643704437,-117.194306457,7.1,66.872,57.377,2.155,0.136,-2882,-525.782,4,6.566,150.206
2026-09-26T20:43:03.000Z,1790455383.000,32.643717819,-117.194270537,7.4,65.803,56.466,0.771,-0.399,-2883,-522.91,4,6.782,147.833
2026-09-26T20:43:04.000Z,1790455384.000,32.643731703,-117.19423177,7.8,67.926,57.005,2.728,-0.413,-2884,-519.707,4,7.251,145.414
2026-09-26T20:43:05.000Z,1790455385.000,32.643744783,-117.194190539,8.094,70.68,58.917,-0.931,0.431,-2885,-516.179,4,7.653,143.095
2026-09-26T20:43:06.000Z,1790455386.000,32.643755339,-117.194148871,7.833,75.706,61.801,-3.294,0.701,-2886,-512.498,4,7.597,141.097
2026-09-26T20:43:07.000Z,1790455387.000,32.643763649,-117.194109247,7.238,75.973,65.43,0.138,0.862,-2887,-508.916,4,7.027,139.445
2026-09-26T20:43:08.000Z,1790455388.000,32.64377187,-117.194071439,7,77.238,63.986,-1.051,0.297,-2888,-505.758,4,6.828,137.539
2026-09-26T20:43:09.000Z,1790455389.000,32.643778446,-117.194034872,6.565,76.138,67.565,-2.216,-0.697,-2889,-502.421,4,6.373,136.152
2026-09-26T20:43:10.000Z,1790455390.000,32.643784655,-117.193999651,6.631,78.28,66.093,-1.794,-0.376,-2890,-499.445,4,6.49,134.521
2026-09-26T20:43:11.000Z,1790455391.000,32.643790405,-117.193963255,6.772,80.529,66.608,-3.164,-0.479,-2891,-496.254,4,6.676,133.036
2026-09-26T20:43:12.000Z,1790455392.000,32.643796043,-117.193924894,7.13,79.753,66.951,0.4,-0.87,-2892,-492.89,4,7.01,131.503
2026-09-26T20:43:13.000Z,1790455393.000,32.643802278,-117.193886614,7.267,75.853,67.135,2.929,-0.465,-2893,-489.556,4,7.036,129.899
2026-09-26T20:43:14.000Z,1790455394.000,32.643810655,-117.193848587,7.243,74.287,64.622,-1.122,0.421,-2894,-486.434,4,6.956,127.902
2026-09-26T20:43:15.000Z,1790455395.000,32.643819419,-117.193810939,7.076,74.081,64.976,-0.979,0.246,-2895,-483.214,4,6.784,126.052
2026-09-26T20:43:16.000Z,1790455396.000,32.643827386,-117.193774079,6.836,74.446,65.925,-4.707,0.196,-2896,-480.016,4,6.563,124.344
2026-09-26T20:43:17.000Z,1790455397.000,32.643833128,-117.193737803,6.832,78.674,68.634,-2.599,1.131,-2897,-476.731,4,6.682,123.003
2026-09-26T20:43:18.000Z,1790455398.000,32.643837815,-117.193700969,6.893,82.422,72.058,-4.28,0.022,-2898,-473.346,4,6.82,121.816
2026-09-26T20:43:19.000Z,1790455399.000,32.643841524,-117.193663576,6.859,83.918,74.135,-6.512,-1.1,-2899,-469.952,4,6.809,120.636
2026-09-26T20:43:20.000Z,1790455400.000,32.643844334,-117.193626421,6.967,84.562,75.836,-5.698,-0.902,-2900,-466.575,4,6.925,119.534
2026-09-26T20:43:21.000Z,1790455401.000,32.643844934,-117.19358813,7.132,88.732,81.122,-7.298,-0.461,-2901,-462.923,4,7.127,118.904
2026-09-26T20:43:22.000Z,1790455402.000,32.643841128,-117.193549768,7.2,99.817,89.834,-7.162,-0.275,-2902,-459.113,4,7.108,119.026
2026-09-26T20:43:23.000Z,1790455403.000,32.643833416,-117.193512586,7,103.934,95.018,-5.255,-0.796,-2903,-455.447,4,6.809,119.343
2026-09-26T20:43:24.000Z,1790455404.000,32.643824664,-117.193477788,6.667,106.093,95.934,-3.973,-0.434,-2904,-452.042,4,6.418,119.493
2026-09-26T20:43:25.000Z,1790455405.000,32.643815258,-117.193445527,6.262,110.614,99.035,-7.429,-0.162,-2905,-448.835,4,5.87,119.952
2026-09-26T20:43:26.000Z,1790455406.000,32.643803102,-117.193413402,6.383,114.585,99.417,-5.448,-0.605,-2906,-445.593,4,5.807,120.492
2026-09-26T20:43:27.000Z,1790455407.000,32.643790949,-117.193381254,6.602,115.155,99.433,-0.12,-0.428,-2907,-442.351,4,5.97,121
2026-09-26T20:43:28.000Z,1790455408.000,32.643778559,-117.193346608,7.094,112.687,99.697,2.716,-0.337,-2908,-438.874,4,6.531,121.493
2026-09-26T20:43:29.000Z,1790455409.000,32.643767304,-117.193309984,7.6,109.479,100.375,1.772,-1.202,-2909,-435.245,4,7.144,121.848
2026-09-26T20:43:30.000Z,1790455410.000,32.643756296,-117.193272301,7.288,109.161,97.651,6.806,0.033,-2910,-431.546,4,6.859,121.876
2026-09-26T20:43:31.000Z,1790455411.000,32.643747603,-117.193234946,6.967,102.706,96.601,3.704,-0.068,-2911,-427.929,4,6.777,121.799
2026-09-26T20:43:32.000Z,1790455412.000,32.643740127,-117.193198271,6.665,103.243,94.751,2.851,0.43,-2912,-424.416,4,6.465,121.545
2026-09-26T20:43:33.000Z,1790455413.000,32.643734231,-117.193164764,5.9,102.765,94.39,2.069,0.024,-2913,-421.217,4,5.733,121.319
2026-09-26T20:43:34.000Z,1790455414.000,32.643727142,-117.193131925,5.948,102.293,93.555,3.49,0.283,-2914,-418.054,4,5.789,121.2
2026-09-26T20:43:35.000Z,1790455415.000,32.643720107,-117.193100996,5.601,104.3,92.237,0.159,-0.606,-2915,-415.075,4,5.4,121.084
2026-09-26T20:43:36.000Z,1790455416.000,32.643713327,-117.193070408,6.087,102.436,90.986,-0.801,-1.374,-2916,-412.135,4,5.916,120.955
2026-09-26T20:43:37.000Z,1790455417.000,32.643704896,-117.193037226,6.411,109.121,95.683,0.33,-0.3,-2917,-408.829,4,6.005,121.411
2026-09-26T20:43:38.000Z,1790455418.000,32.643694868,-117.193003662,6.632,107.245,99.273,-3.468,0.268,-2918,-405.483,4,6.277,121.944
2026-09-26T20:43:39.000Z,1790455419.000,32.643683374,-117.19296859,6.865,111.462,103.264,0.501,-0.037,-2919,-401.979,4,6.307,122.631
2026-09-26T20:43:40.000Z,1790455420.000,32.643671315,-117.192935016,7.027,113.173,106.237,2.834,0.517,-2920,-398.616,4,6.357,123.334
2026-09-26T20:43:41.000Z,1790455421.000,32.643659157,-117.192901707,6.5,113.583,108.039,3.276,-0.261,-2921,-395.278,4,5.849,123.96
2026-09-26T20:43:42.000Z,1790455422.000,32.643647258,-117.192871179,6.168,116.82,106.266,4.196,0.867,-2922,-392.181,4,5.38,124.336
2026-09-26T20:43:43.000Z,1790455423.000,32.643635566,-117.192841741,5.665,116.434,107.396,3.635,-0.6,-2923,-389.203,4,4.95,124.953
2026-09-26T20:43:44.000Z,1790455424.000,32.64362317,-117.192813951,6.098,119.253,107.449,-1.609,-0.311,-2924,-386.352,4,5.164,125.598
2026-09-26T20:43:45.000Z,1790455425.000,32.643608421,-117.192783768,6.237,119.965,107.122,-0.208,0.237,-2925,-383.221,4,5.225,126.406
2026-09-26T20:43:46.000Z,1790455426.000,32.643592505,-117.192753078,6.501,118.372,104.934,4.832,-0.166,-2926,-380.006,4,5.527,127.176
2026-09-26T20:43:47.000Z,1790455427.000,32.643579653,-117.192720655,6.714,113.27,105.209,3.047,-0.086,-2927,-376.722,4,5.988,127.774
2026-09-26T20:43:48.000Z,1790455428.000,32.643566135,-117.192687528,6.458,116.061,105.585,1.842,0.058,-2928,-373.357,4,5.596,128.434
2026-09-26T20:43:49.000Z,1790455429.000,32.643553831,-117.192656939,6.032,114.14,106.164,1.123,-0.154,-2929,-370.255,4,5.313,129.043
2026-09-26T20:43:50.000Z,1790455430.000,32.643541586,-117.19262592,6.534,112.673,104.668,-0.402,-0.934,-2930,-367.11,4,5.822,129.467
2026-09-26T20:43:51.000Z,1790455431.000,32.643529089,-117.192594372,6.576,115.773,104.334,0.076,-0.324,-2931,-363.913,4,5.675,129.999
2026-09-26T20:43:52.000Z,1790455432.000,32.643515076,-117.192562481,6.838,117.021,105.631,2.642,0.862,-2932,-360.65,4,5.807,130.817
2026-09-26T20:43:53.000Z,1790455433.000,32.643501762,-117.192530489,6.667,117.896,107.966,1.367,-0.333,-2933,-357.404,4,5.589,131.643
2026-09-26T20:43:54.000Z,1790455434.000,32.643489202,-117.192499006,6.391,111.193,104.492,2.609,-0.036,-2934,-354.198,4,5.717,131.928
2026-09-26T20:43:55.000Z,1790455435.000,32.643478289,-117.192466829,6.038,111.662,100.538,4.338,-0.075,-2935,-350.991,4,5.37,131.982
2026-09-26T20:43:56.000Z,1790455436.000,32.64346833,-117.192434822,6.367,111.201,98.967,1.2,-0.167,-2936,-347.827,4,5.677,132.131
2026-09-26T20:43:57.000Z,1790455437.000,32.643457138,-117.192403677,6.433,113.735,99.001,-0.201,0.201,-2937,-344.701,4,5.587,132.562
2026-09-26T20:43:58.000Z,1790455438.000,32.643444835,-117.192371382,6.928,112.496,98.564,2.728,-0.284,-2938,-341.445,4,6.075,133.047
2026-09-26T20:43:59.000Z,1790455439.000,32.643432088,-117.192336252,7.07,111.758,100.99,2.499,0.851,-2939,-337.904,4,6.225,133.74
2026-09-26T20:44:00.000Z,1790455440.000,32.643420707,-117.192299925,7.165,111.514,104.768,-4.552,0.374,-2940,-334.299,4,6.304,134.368
2026-09-26T20:44:01.000Z,1790455441.000,32.643407712,-117.192264634,6.901,114.344,104.9,5.86,-0.268,-2941,-330.749,4,5.884,134.898
2026-09-26T20:44:02.000Z,1790455442.000,32.643397555,-117.192231977,6.238,110.13,102.449,2.215,0.466,-2942,-327.512,4,5.533,134.98
2026-09-26T20:44:03.000Z,1790455443.000,32.643385985,-117.192202028,5.581,116.172,101.868,6.417,1.491,-2943,-324.486,4,4.637,135.432
2026-09-26T20:44:04.000Z,1790455444.000,32.643374355,-117.192173136,6.033,117.436,100.728,3.322,0.103,-2944,-321.558,4,4.922,135.872
2026-09-26T20:44:05.000Z,1790455445.000,32.643362169,-117.192142208,6.36,115.063,99.575,2.175,0.285,-2945,-318.432,4,5.32,136.32
2026-09-26T20:44:06.000Z,1790455446.000,32.643351014,-117.192107981,7,113.057,100.924,-1.105,-0.605,-2946,-315.021,4,5.966,136.778
2026-09-26T20:44:07.000Z,1790455447.000,32.643339227,-117.192072176,6.868,110.132,101.605,1.932,-0.232,-2947,-311.453,4,6.012,137.211
2026-09-26T20:44:08.000Z,1790455448.000,32.64332792,-117.192035559,7.132,110.422,103.766,1.661,-0.571,-2948,-307.824,4,6.204,137.692
2026-09-26T20:44:09.000Z,1790455449.000,32.643316833,-117.192000087,7.027,110.349,103.224,2.908,-0.862,-2949,-304.307,4,6.1,137.959
2026-09-26T20:44:10.000Z,1790455450.000,32.643305595,-117.191964992,6.589,109.468,101.77,4.268,-0.559,-2950,-300.823,4,5.753,138.177
2026-09-26T20:44:11.000Z,1790455451.000,32.643295043,-117.191932589,6.268,111.939,100.064,3.161,-0.468,-2951,-297.605,4,5.32,138.369
2026-09-26T20:44:12.000Z,1790455452.000,32.64328422,-117.191900553,6.366,113.842,99.503,0.173,0.366,-2952,-294.411,4,5.27,138.691
2026-09-26T20:44:13.000Z,1790455453.000,32.643271712,-117.191869706,6.228,117.077,101.064,2.128,0.636,-2953,-291.272,4,4.926,139.395
2026-09-26T20:44:14.000Z,1790455454.000,32.643258159,-117.191838978,6.17,118.178,104.663,-0.852,0.211,-2954,-288.12,4,4.78,140.379
2026-09-26T20:44:15.000Z,1790455455.000,32.64324355,-117.19180927,5.935,119.235,106.465,3.072,0.27,-2955,-285.042,4,4.5,141.356
2026-09-26T20:44:16.000Z,1790455456.000,32.643230082,-117.191780789,6.058,121.621,108.339,4.385,0.142,-2956,-282.111,4,4.396,142.248
2026-09-26T20:44:17.000Z,1790455457.000,32.643216011,-117.191751428,6.041,118.588,108.282,0.523,-0.818,-2957,-279.073,4,4.571,143.025
2026-09-26T20:44:18.000Z,1790455458.000,32.643203113,-117.191718436,6.768,112.855,104.571,0.326,-1.031,-2958,-275.72,4,5.514,143.29
2026-09-26T20:44:19.000Z,1790455459.000,32.643190994,-117.191682641,7.1,108.416,99.865,5.844,0.89,-2959,-272.155,4,6.066,143.323
2026-09-26T20:44:20.000Z,1790455460.000,32.643181799,-117.191644596,7.384,103.819,99.374,3.548,-0.542,-2960,-268.455,4,6.576,143.327
2026-09-26T20:44:21.000Z,1790455461.000,32.643172455,-117.191607183,6.898,106.855,101.174,-0.745,-0.233,-2961,-264.799,4,5.945,143.549
2026-09-26T20:44:22.000Z,1790455462.000,32.643161443,-117.191574021,6.455,115.042,105.591,-0.727,0.073,-2962,-261.494,4,5.01,144.267
2026-09-26T20:44:23.000Z,1790455463.000,32.643149251,-117.191544372,5.811,116.007,105.974,-2.678,0.8,-2963,-258.48,4,4.422,144.871
2026-09-26T20:44:24.000Z,1790455464.000,32.643135976,-117.19151715,5.878,123.24,105.606,0.892,0.859,-2964,-255.657,4,3.927,145.591
2026-09-26T20:44:25.000Z,1790455465.000,32.643121252,-117.19148927,6.033,121.47,103.464,6.37,-0.067,-2965,-252.734,4,4.135,146.306
2026-09-26T20:44:26.000Z,1790455466.000,32.643106106,-117.191459355,6.735,118.065,103.569,6.712,-1.216,-2966,-249.618,4,4.86,147.198
2026-09-26T20:44:27.000Z,1790455467.000,32.64309223,-117.191424972,7.628,115.242,102.954,-2.125,-1.988,-2967,-246.128,4,5.717,147.785
2026-09-26T20:44:28.000Z,1790455468.000,32.643078148,-117.191388057,7.6,113.162,106.383,-3.448,-0.031,-2968,-242.409,4,5.828,148.659
2026-09-26T20:44:29.000Z,1790455469.000,32.643062864,-117.191350813,7.432,115.785,110.836,-1.553,0.268,-2969,-238.654,4,5.422,149.737
2026-09-26T20:44:30.000Z,1790455470.000,32.643047484,-117.191316747,6.866,115.482,112.234,2.37,0.062,-2970,-235.17,4,4.988,150.656
2026-09-26T20:44:31.000Z,1790455471.000,32.643035779,-117.191285331,5.985,113.55,111.376,-1.138,0.538,-2971,-231.997,4,4.454,151.064
2026-09-26T20:44:32.000Z,1790455472.000,32.643023781,-117.19125747,5.57,117.363,110.337,2.474,0.359,-2972,-229.139,4,3.858,151.577
2026-09-26T20:44:33.000Z,1790455473.000,32.643012517,-117.191232259,5.23,118.26,104.755,4.83,0.038,-2973,-226.519,4,3.54,151.708
2026-09-26T20:44:34.000Z,1790455474.000,32.64300208,-117.191206668,5.336,112.69,101.604,0.23,-1.038,-2974,-223.92,4,3.954,151.938
2026-09-26T20:44:35.000Z,1790455475.000,32.642991141,-117.191178131,6.176,111.31,99.215,0.1,-0.215,-2975,-221.049,4,4.646,152.212
2026-09-26T20:44:36.000Z,1790455476.000,32.642979349,-117.191146457,6.3,114.762,99.87,1.51,-0.329,-2976,-217.856,4,4.442,152.745
2026-09-26T20:44:37.000Z,1790455477.000,32.642967767,-117.191114933,6.433,111.8,101,-0.733,-0.367,-2977,-214.681,4,4.727,153.298
2026-09-26T20:44:38.000Z,1790455478.000,32.642955884,-117.191083582,6.362,116.324,103.969,-2.4,0,-2978,-211.515,4,4.274,154.037
2026-09-26T20:44:39.000Z,1790455479.000,32.642943677,-117.191053329,6.275,117.1,106.838,-2.313,0.712,-2979,-208.452,4,4.106,154.83
2026-09-26T20:44:40.000Z,1790455480.000,32.642929564,-117.191023863,6.132,121.125,106.932,2.247,-0.475,-2980,-205.404,4,3.629,155.621
2026-09-26T20:44:41.000Z,1790455481.000,32.642916594,-117.190993277,6.466,113.452,104.034,4.531,-0.428,-2981,-202.275,4,4.446,156.02
2026-09-26T20:44:42.000Z,1790455482.000,32.642905021,-117.190960457,6.436,113.179,103.636,1.214,-0.614,-2982,-198.987,4,4.403,156.416
2026-09-26T20:44:43.000Z,1790455483.000,32.642893373,-117.190925536,6.959,110.327,103.949,-2.866,-1.354,-2983,-195.506,4,4.958,156.826
2026-09-26T20:44:44.000Z,1790455484.000,32.642880632,-117.190891357,6.461,115.915,107.039,-0.693,0.336,-2984,-192.073,4,4.083,157.597
2026-09-26T20:44:45.000Z,1790455485.000,32.64286748,-117.19085728,7.03,115.955,108.095,-3.035,-0.295,-2985,-188.636,4,4.377,158.249
2026-09-26T20:44:46.000Z,1790455486.000,32.64285277,-117.190825382,6.616,115.975,106.833,5.061,0.922,-2986,-185.344,4,4.059,158.935
2026-09-26T20:44:47.000Z,1790455487.000,32.64284045,-117.19079292,6.16,115.65,105.51,0.94,1.71,-2987,-182.064,4,3.756,159.345
2026-09-26T20:44:48.000Z,1790455488.000,32.642826283,-117.190762973,6.295,123.089,106.031,6.648,-0.927,-2988,-178.972,4,3.097,160.165
2026-09-26T20:44:49.000Z,1790455489.000,32.642812792,-117.19073284,6.262,114.17,101.611,-2.368,-1.387,-2989,-175.877,4,3.839,160.507
2026-09-26T20:44:50.000Z,1790455490.000,32.642798564,-117.190698954,6.95,118.775,101.813,-2.064,-0,-2990,-172.423,4,3.733,161.21
2026-09-26T20:44:51.000Z,1790455491.000,32.642782391,-117.190662429,7.504,116.768,101.304,5.415,-0.772,-2991,-168.68,4,4.164,161.999
2026-09-26T20:44:52.000Z,1790455492.000,32.642767905,-117.19062348,7.834,114.228,103.866,-3.699,0.767,-2992,-164.756,4,4.538,162.796
2026-09-26T20:44:53.000Z,1790455493.000,32.642752042,-117.190585641,7.764,118.422,106.55,1.257,0.172,-2993,-160.906,4,3.92,163.778
2026-09-26T20:44:54.000Z,1790455494.000,32.642736507,-117.190547323,7.888,114.949,106.059,3.727,-1.205,-2994,-157.013,4,4.29,164.455
2026-09-26T20:44:55.000Z,1790455495.000,32.642724557,-117.190509295,7.433,107.6,102.433,3.4,0.433,-2995,-153.237,4,4.734,164.501
2026-09-26T20:44:56.000Z,1790455496.000,32.642715581,-117.190472457,6.302,104.149,100.739,6.868,0.9,-2996,-149.655,4,4.244,164.415
2026-09-26T20:44:57.000Z,1790455497.000,32.642707538,-117.190438821,6.1,106.192,97.453,6.777,-0.307,-2997,-146.404,4,3.895,164.18
2026-09-26T20:44:58.000Z,1790455498.000,32.642700635,-117.190405325,5.955,106.796,90.966,6.5,-0.593,-2998,-143.26,4,3.711,163.574
2026-09-26T20:44:59.000Z,1790455499.000,32.6426959,-117.190371267,6.667,95.5,81.667,4,-0.933,-2999,-140.258,4,5.062,162.527
2026-09-26T20:45:00.000Z,1790455500.000,32.642695562,-117.190334187,6.848,91.437,72.47,5.789,-0.852,-3000,-137.204,4,5.476,160.988
2026-09-26T20:45:01.000Z,1790455501.000,32.642699001,-117.190294566,7.428,78.227,65.856,7.398,-1.458,-3001,-133.986,4,6.783,159.205
2026-09-26T20:45:02.000Z,1790455502.000,32.642707864,-117.190256716,7.086,74.015,58.55,0.836,-1.082,-3002,-131.159,4,6.657,156.886
2026-09-26T20:45:03.000Z,1790455503.000,32.642718834,-117.190219407,7,69.156,57.739,4.722,-0.687,-3003,-128.092,4,6.746,154.741
2026-09-26T20:45:04.000Z,1790455504.000,32.642731635,-117.190184278,6.744,65.684,55.512,9.323,-0.764,-3004,-125.355,4,6.592,152.379
2026-09-26T20:45:05.000Z,1790455505.000,32.642744397,-117.190151913,6.228,65.65,54.028,10.104,-1.188,-3005,-122.828,4,6.084,150.133
2026-09-26T20:45:06.000Z,1790455506.000,32.642756833,-117.190122133,6.1,64.033,53.067,10.133,0.1,-3006,-120.497,4,5.991,148.013
2026-09-26T20:45:07.000Z,1790455507.000,32.642771063,-117.190092051,6.214,63.466,49.727,7.176,0.103,-3007,-118.339,4,6.113,145.583
2026-09-26T20:45:08.000Z,1790455508.000,32.642787575,-117.190061285,6.862,57.043,43.721,7.884,-0.967,-3008,-116.371,4,6.847,142.797
2026-09-26T20:45:09.000Z,1790455509.000,32.642804712,-117.190029169,7.012,56.105,45.194,13.6,1.694,-3009,-113.787,4,7.003,140.222
2026-09-26T20:45:10.000Z,1790455510.000,32.642823572,-117.189998948,6.703,53.295,44.044,5.608,1.161,-3010,-111.603,4,6.702,137.406
2026-09-26T20:45:11.000Z,1790455511.000,32.642843504,-117.189968068,7.064,55.348,44.936,4.568,1.388,-3011,-109.244,4,7.059,134.54
2026-09-26T20:45:12.000Z,1790455512.000,32.642865215,-117.189937396,7.059,53.787,38.559,1.234,-1.33,-3012,-107.467,4,7.059,131.222
2026-09-26T20:45:13.000Z,1790455513.000,32.642884279,-117.189904344,7.633,56.124,43.198,9.772,1.7,-3013,-104.616,4,7.623,128.521
2026-09-26T20:45:14.000Z,1790455514.000,32.642905983,-117.189870414,7.934,53.021,39.645,3.328,-0.041,-3014,-102.342,4,7.934,125.227
2026-09-26T20:45:15.000Z,1790455515.000,32.64292621,-117.189834727,8.076,56.894,43.094,7.165,-0.824,-3015,-99.367,4,8.059,122.297
2026-09-26T20:45:16.000Z,1790455516.000,32.642947089,-117.189799298,7.733,52.422,44.003,3.838,-0.164,-3016,-96.617,4,7.732,119.216
2026-09-26T20:45:17.000Z,1790455517.000,32.64296629,-117.189766048,7.624,51.931,44.067,4.464,-0.565,-3017,-94.081,4,7.623,116.337
2026-09-26T20:45:18.000Z,1790455518.000,32.642986129,-117.189733596,7.3,52.126,42.823,5.172,1.043,-3018,-91.726,4,7.299,113.358
2026-09-26T20:45:19.000Z,1790455519.000,32.643005042,-117.189701364,7.139,52.948,42.86,4.953,1.378,-3019,-89.277,4,7.139,110.533
2026-09-26T20:45:20.000Z,1790455520.000,32.643025489,-117.189670202,7.231,51.223,41.964,4.124,0.033,-3020,-87.031,4,7.228,107.536
2026-09-26T20:45:21.000Z,1790455521.000,32.643044963,-117.189636794,7.428,58.194,44.813,3.969,-0.592,-3021,-84.292,4,7.395,104.729
2026-09-26T20:45:22.000Z,1790455522.000,32.643064096,-117.189601839,7.7,58.233,45.397,-0.224,-0.644,-3022,-81.564,4,7.663,101.836
2026-09-26T20:45:23.000Z,1790455523.000,32.643082198,-117.189565586,7.67,58.113,47.705,5.987,0.107,-3023,-78.573,4,7.631,99.094
2026-09-26T20:45:24.000Z,1790455524.000,32.643099861,-117.189530745,7.334,60.295,48.428,9.463,1.199,-3024,-75.809,4,7.259,96.37
2026-09-26T20:45:25.000Z,1790455525.000,32.643119364,-117.189497093,7.6,53.186,44.1,1.507,0.707,-3025,-73.543,4,7.599,93.264
2026-09-26T20:45:26.000Z,1790455526.000,32.64313893,-117.189461377,7.771,56.995,47.212,7.99,1.771,-3026,-70.582,4,7.74,90.408
2026-09-26T20:45:27.000Z,1790455527.000,32.643159454,-117.189425626,8.033,57.288,42.098,2.657,0.599,-3027,-68.212,4,7.998,87.119
2026-09-26T20:45:28.000Z,1790455528.000,32.643177556,-117.18938747,7.904,62.907,49.988,3.385,0.296,-3028,-64.666,4,7.741,84.56
2026-09-26T20:45:29.000Z,1790455529.000,32.643193651,-117.189348977,8.014,63.865,54.324,-0.784,-1.443,-3029,-61.303,4,7.799,82.092
2026-09-26T20:45:30.000Z,1790455530.000,32.643208789,-117.189309487,7.763,64.572,52.971,5.712,-0.626,-3030,-58.182,4,7.513,79.423
2026-09-26T20:45:31.000Z,1790455531.000,32.643226364,-117.18927101,8.169,60.74,49.165,7.281,-0.475,-3031,-55.377,4,8.017,76.406
2026-09-26T20:45:32.000Z,1790455532.000,32.643244612,-117.189231716,8.336,63.624,49.432,7.304,-0.688,-3032,-52.252,4,8.071,73.487
2026-09-26T20:45:33.000Z,1790455533.000,32.643264268,-117.189191252,8.6,57.803,46.916,-0.697,0.029,-3033,-49.243,4,8.492,70.267
2026-09-26T20:45:34.000Z,1790455534.000,32.643282528,-117.18915198,8.205,59.013,49.686,3.95,0.4,-3034,-45.955,4,8.051,67.459
2026-09-26T20:45:35.000Z,1790455535.000,32.643300536,-117.189114328,7.932,58.978,51.093,6.466,0.1,-3035,-42.9,4,7.764,64.661
2026-09-26T20:45:36.000Z,1790455536.000,32.643318873,-117.189078467,7.638,57.889,48.326,5.777,-1.287,-3036,-40.29,4,7.493,61.68
2026-09-26T20:45:37.000Z,1790455537.000,32.643336505,-117.189043207,7.531,58.882,50.316,7.4,0.745,-3037,-37.404,4,7.338,59.007
2026-09-26T20:45:38.000Z,1790455538.000,32.643353289,-117.189010123,6.902,58.259,51.067,0.265,-0.265,-3038,-34.776,4,6.721,56.422
2026-09-26T20:45:39.000Z,1790455539.000,32.643370073,-117.188978327,6.938,57.752,47.827,2.438,0.117,-3039,-32.527,4,6.757,53.688
2026-09-26T20:45:40.000Z,1790455540.000,32.643388479,-117.188944907,7.411,56.869,42.848,5.384,0.548,-3040,-30.302,4,7.233,50.685
2026-09-26T20:45:41.000Z,1790455541.000,32.64340805,-117.188909014,8.004,56.678,42.732,9.779,0.421,-3041,-27.548,4,7.787,47.694
2026-09-26T20:45:42.000Z,1790455542.000,32.643430248,-117.188871622,8.334,55.217,41.262,10.003,0.497,-3042,-24.821,4,8.129,44.333
2026-09-26T20:45:43.000Z,1790455543.000,32.643453297,-117.188833577,8.624,54.473,43.808,6.914,-0.189,-3043,-21.772,4,8.39,41.015
2026-09-26T20:45:44.000Z,1790455544.000,32.643475372,-117.18879594,8.1,57.077,45.676,6.675,1.192,-3044,-18.786,4,7.719,37.789
2026-09-26T20:45:45.000Z,1790455545.000,32.643496293,-117.188761445,7.467,55.001,44.4,6.399,0.801,-3045,-16.273,4,7.142,34.64
2026-09-26T20:45:46.000Z,1790455546.000,32.64351547,-117.18872947,7.262,55.533,43.627,5.975,1.212,-3046,-13.911,4,6.861,31.762
2026-09-26T20:45:47.000Z,1790455547.000,32.643534747,-117.188698326,6.659,53.737,42.28,3.088,0.217,-3047,-11.669,4,6.29,28.874
2026-09-26T20:45:48.000Z,1790455548.000,32.643552802,-117.188668202,6.768,54.142,42.371,-3.026,0.823,-3048,-9.386,4,6.272,26.195
2026-09-26T20:45:49.000Z,1790455549.000,32.643568273,-117.188636366,6.731,62.876,48.822,-2.363,-1.366,-3049,-6.444,4,5.463,24.011
2026-09-26T20:45:50.000Z,1790455550.000,32.643581257,-117.188602834,6.888,66.13,53.341,2.543,-1.3,-3050,-3.435,4,4.834,22.003
2026-09-26T20:45:51.000Z,1790455551.000,32.643593118,-117.18856784,6.769,67.937,56.218,0.959,0.231,-3051,-0.38,,,
2026-09-26T20:45:52.000Z,1790455552.000,32.643602864,-117.188532579,6.7,74.794,62.232,-7.066,-0.034,-3052,2.919,,,
2026-09-26T20:45:53.000Z,1790455553.000,32.643609088,-117.188496346,6.617,80.476,67.637,-5.729,-0.085,-3053,6.331,,,
2026-09-26T20:45:54.000Z,1790455554.000,32.643613173,-117.188459592,6.676,85.284,74.035,-6.059,-0.662,-3054,9.852,,,
2026-09-26T20:45:55.000Z,1790455555.000,32.643614963,-117.188422781,6.568,89.931,75.584,-2.085,-0.1,-3055,13.218,,,
2026-09-26T20:45:56.000Z,1790455556.000,32.643614468,-117.188386159,6.873,87.322,80.168,-3.334,-0.173,-3056,16.726,,,
2026-09-26T20:45:57.000Z,1790455557.000,32.643614108,-117.188348624,6.513,93.284,82.621,-2.223,-0.387,-3057,20.229,,,
2026-09-26T20:45:58.000Z,1790455558.000,32.643612148,-117.188309363,6.73,95.107,84.481,-1.559,-0.659,-3058,23.906,,,
2026-09-26T20:45:59.000Z,1790455559.000,32.643608292,-117.188270099,7.403,98.752,86.55,2.54,-0.325,-3059,27.632,,,
2026-09-26T20:46:00.000Z,1790455560.000,32.643602441,-117.188231071,7.348,99.774,89.986,1.707,-0.335,-3060,31.411,,,
2026-09-26T20:46:01.000Z,1790455561.000,32.643596063,-117.188191717,7.175,103.088,91.487,-3.588,-1.2,-3061,35.187,,,
2026-09-26T20:46:02.000Z,1790455562.000,32.643587706,-117.188152834,7.305,105.516,92.268,3.784,0.268,-3062,38.956,,,
2026-09-26T20:46:03.000Z,1790455563.000,32.643580327,-117.188115965,6.433,102.578,94.4,2.294,-0.733,-3063,42.535,,,
2026-09-26T20:46:04.000Z,1790455564.000,32.643573531,-117.188083164,6.038,103.835,93.3,-2.152,-0.721,-3064,45.683,,,
2026-09-26T20:46:05.000Z,1790455565.000,32.643564595,-117.188051575,5.8,108.877,93.558,2.775,-0.367,-3065,48.794,,,
2026-09-26T20:46:06.000Z,1790455566.000,32.643557009,-117.188021344,5.969,104.743,92.526,-1.111,-0.563,-3066,51.728,,,
2026-09-26T20:46:07.000Z,1790455567.000,32.643549792,-117.187988892,6.335,103.092,92.713,-0.424,-1.57,-3067,54.873,,,
2026-09-26T20:46:08.000Z,1790455568.000,32.643542835,-117.187954389,6.709,102.471,96.171,-2.533,-0.024,-3068,58.238,,,
2026-09-26T20:46:09.000Z,1790455569.000,32.643536456,-117.187917974,6.77,103.181,96.248,1.356,-0.422,-3069,61.72,,,
2026-09-26T20:46:10.000Z,1790455570.000,32.643529659,-117.187884366,6.298,105.2,95.163,4.634,1.304,-3070,64.945,,,
2026-09-26T20:46:11.000Z,1790455571.000,32.643522519,-117.18785226,6.111,105.402,97.308,-3.754,2.995,-3071,68.075,,,
2026-09-26T20:46:12.000Z,1790455572.000,32.643513449,-117.187822109,5.8,110.55,97.825,-2.35,3.15,-3072,71.059,,,
2026-09-26T20:46:13.000Z,1790455573.000,32.643502886,-117.187790713,6.17,107.882,96.691,-0.714,4.253,-3073,74.182,,,
2026-09-26T20:46:14.000Z,1790455574.000,32.643493263,-117.187760257,5.833,112.233,99.867,2.933,3.633,-3074,77.227,,,
2026-09-26T20:46:15.000Z,1790455575.000,32.643485089,-117.187730697,5.762,108.68,98.13,-3.798,3.73,-3075,80.119,,,
2026-09-26T20:46:16.000Z,1790455576.000,32.643476489,-117.187701377,5.13,107.087,93.229,5.91,4.51,-3076,82.958,,,
2026-09-26T20:46:17.000Z,1790455577.000,32.643472128,-117.187672619,5.44,94.12,87.672,1.967,4.672,-3077,85.588,,,
2026-09-26T20:46:18.000Z,1790455578.000,32.643469039,-117.187642419,5.624,95.422,82.876,-1.273,3.461,-3078,88.297,,,
2026-09-26T20:46:19.000Z,1790455579.000,32.643467262,-117.187612015,5.949,90.817,79.277,3.249,4.587,-3079,91,,,
2026-09-26T20:46:20.000Z,1790455580.000,32.643470157,-117.187580813,5.809,81.066,70.947,4.618,4.5,-3080,93.446,,,
2026-09-26T20:46:21.000Z,1790455581.000,32.643475533,-117.187551067,5.367,76.033,65.133,5.9,4,-3081,95.743,,,
2026-09-26T20:46:22.000Z,1790455582.000,32.64348236,-117.187523014,5.646,73.454,63.73,-1.346,3.446,-3082,98.05,,,
2026-09-26T20:46:23.000Z,1790455583.000,32.64348982,-117.187491514,5.829,75.705,63.888,-2.524,3.246,-3083,100.734,,,
2026-09-26T20:46:24.000Z,1790455584.000,32.643495918,-117.187460739,5.809,78.877,65.223,6.641,3.773,-3084,103.446,,,
2026-09-26T20:46:25.000Z,1790455585.000,32.643503659,-117.187429664,5.901,71.557,65.035,-2.787,3.869,-3085,106.067,,,
2026-09-26T20:46:26.000Z,1790455586.000,32.643509875,-117.187398614,5.8,78.235,67.383,-9.73,4.419,-3086,108.849,,,
2026-09-26T20:46:27.000Z,1790455587.000,32.6435114,-117.18736662,5.83,90.09,74.95,-3.15,2.68,-3087,112.051,,,
2026-09-26T20:46:28.000Z,1790455588.000,32.6435109,-117.187335168,5.866,89.894,77.77,-0.766,4.363,-3088,115.032,,,
2026-09-26T20:46:29.000Z,1790455589.000,32.643510738,-117.187304336,5.7,91.762,77.501,0.539,4.126,-3089,117.834,,,
2026-09-26T20:46:30.000Z,1790455590.000,32.643510038,-117.187273732,5.638,91.301,75.363,1.325,4.8,-3090,120.561,,,
2026-09-26T20:46:31.000Z,1790455591.000,32.643509257,-117.187241881,5.763,94.5,76.343,-0.794,4.231,-3091,123.518,,,
2026-09-26T20:46:32.000Z,1790455592.000,32.643507999,-117.187209089,6.001,92.669,77.733,-2.966,3.932,-3092,126.587,,,
2026-09-26T20:46:33.000Z,1790455593.000,32.6435062,-117.18717884,5.736,90.731,77.991,0.818,4.658,-3093,129.397,,,
2026-09-26T20:46:34.000Z,1790455594.000,32.643505759,-117.187148226,5.459,90.439,76.129,-0.117,5.083,-3094,132.13,,,
2026-09-26T20:46:35.000Z,1790455595.000,32.643504831,-117.187119604,5.169,95.635,79.8,-2.475,4.269,-3095,134.888,,,
2026-09-26T20:46:36.000Z,1790455596.000,32.643504635,-117.187090279,5.3,90.868,78.181,-5.265,3.869,-3096,137.509,,,
2026-09-26T20:46:37.000Z,1790455597.000,32.643504523,-117.187059141,5.962,88.054,76.569,0.923,4.608,-3097,140.29,,,
2026-09-26T20:46:38.000Z,1790455598.000,32.643505637,-117.187023552,6.631,87.062,79.387,-1.568,2.969,-3098,143.601,,,
2026-09-26T20:46:39.000Z,1790455599.000,32.643505568,-117.186987364,6.766,91.306,83.458,-7.605,3.979,-3099,147.022,,,
2026-09-26T20:46:40.000Z,1790455600.000,32.643502581,-117.186952473,6.36,97.863,88.059,2.135,4.4,-3100,150.39,,,
2026-09-26T20:46:41.000Z,1790455601.000,32.643499615,-117.186918872,5.661,96.695,87.345,6.107,4.777,-3101,153.511,,,
2026-09-26T20:46:42.000Z,1790455602.000,32.643498032,-117.186889016,5.435,92.314,82.022,-1.248,3.932,-3102,156.131,,,
2026-09-26T20:46:43.000Z,1790455603.000,32.643496935,-117.186861168,4.995,94.519,75.427,-4.813,4.335,-3103,158.472,,,
2026-09-26T20:46:44.000Z,1790455604.000,32.643496325,-117.186831891,5.587,88.153,70.513,1.874,4.487,-3104,160.952,,,
2026-09-26T20:46:45.000Z,1790455605.000,32.643498085,-117.186800472,5.831,82.761,66.915,2.407,3.508,-3105,163.601,,,
2026-09-26T20:46:46.000Z,1790455606.000,32.643504265,-117.186767745,6.334,77.396,63.899,-7.931,3.567,-3106,166.271,,,
2026-09-26T20:46:47.000Z,1790455607.000,32.643508473,-117.186733674,6.376,83.232,68.432,-4.633,4.214,-3107,169.487,,,
2026-09-26T20:46:48.000Z,1790455608.000,32.643512144,-117.186699752,6.128,81.2,71.657,2.315,4.4,-3108,172.626,,,
2026-09-26T20:46:49.000Z,1790455609.000,32.643517855,-117.186668776,5.7,75.29,67.682,0.018,4.532,-3109,175.12,,,
2026-09-26T20:46:50.000Z,1790455610.000,32.643523692,-117.186639937,5.3,75.652,62.274,-1.364,4.236,-3110,177.322,,,
2026-09-26T20:46:51.000Z,1790455611.000,32.643530204,-117.186612612,5.263,72.806,59.486,2.598,4.575,-3111,179.489,,,
2026-09-26T20:46:52.000Z,1790455612.000,32.643539841,-117.186585139,5.369,68.355,54.224,-2.362,3.8,-3112,181.432,,,
2026-09-26T20:46:53.000Z,1790455613.000,32.643550092,-117.186555687,6.099,66.974,53.732,-2.967,4.001,-3113,183.819,,,
2026-09-26T20:46:54.000Z,1790455614.000,32.643562407,-117.186523736,6.824,66.147,52.494,-1.879,4.147,-3114,186.333,,,
2026-09-26T20:46:55.000Z,1790455615.000,32.64357481,-117.18648976,6.729,63.178,52.322,-1.32,4.312,-3115,189.095,,,
2026-09-26T20:46:56.000Z,1790455616.000,32.6435889,-117.186456889,6.764,60.09,51.657,2.164,4.4,-3116,191.682,,,
2026-09-26T20:46:57.000Z,1790455617.000,32.643602987,-117.18642553,6.468,58.518,47.232,3.29,4.765,-3117,193.883,,,
2026-09-26T20:46:58.000Z,1790455618.000,32.643616463,-117.186395799,6.338,57.345,49.376,3.569,5.262,-3118,196.385,,,
2026-09-26T20:46:59.000Z,1790455619.000,32.643632728,-117.18636697,5.882,53.472,42.838,-4.17,3.809,-3119,198.143,,,
2026-09-26T20:47:00.000Z,1790455620.000,32.643648372,-117.186337683,6.203,57.068,44.295,7.55,4.529,-3120,200.508,,,
2026-09-26T20:47:01.000Z,1790455621.000,32.643666683,-117.186310563,6.462,44.385,38.578,1.67,4.3,-3121,202.094,,,
2026-09-26T20:47:02.000Z,1790455622.000,32.643686871,-117.186283918,6.259,51.229,32.853,-4.435,3.341,-3122,203.57,,,
2026-09-26T20:47:03.000Z,1790455623.000,32.643703708,-117.186256903,6.168,54.357,41.536,0.596,4.696,-3123,206.239,,,
2026-09-26T20:47:04.000Z,1790455624.000,32.643719912,-117.186231964,5.434,50.482,41.406,-3.024,5,-3124,208.082,,,
2026-09-26T20:47:05.000Z,1790455625.000,32.643735511,-117.18620859,5.275,52.186,38.251,-0.188,3.424,-3125,209.577,,,
2026-09-26T20:47:06.000Z,1790455626.000,32.64375254,-117.186187091,5.308,43.47,32.4,6.82,3.731,-3126,210.655,,,
2026-09-26T20:47:07.000Z,1790455627.000,32.643774257,-117.186171018,5.769,26.192,19.039,2.953,2.03,-3127,210.5,,,
2026-09-26T20:47:08.000Z,1790455628.000,32.643799322,-117.186158814,5.85,21.584,3.514,5.212,3.15,-3128,209.709,,,
2026-09-26T20:47:09.000Z,1790455629.000,32.643825682,-117.186150446,5.771,5.698,1.425,3.411,0.458,-3129,209.624,,,