ISODateTimeUTC,SecondsSince1970,Lat,Lon,SOG,COG,COG_Mag,Heading,Heading_Mag,MagneticVariation,Heel,Trim,TWS,TWA,TWD,TimeToGunCalc,BelowLineCalc,Leg,VMC,XTE
2026-09-27T20:53:01.000Z,1790542381.000,32.640434049,-117.190956424,4.034,159.91,149.21,147.161,136.461,10.7,-3.076,5.339,4.767,106.015,253.176,419,-23.061,,,
2026-09-27T20:53:02.000Z,1790542382.000,32.640415879,-117.190950077,4.129,172.121,161.421,149.217,138.517,10.7,-4.654,2.824,4.768,104.582,253.799,418,-21.756,,,
2026-09-27T20:53:03.000Z,1790542383.000,32.640397635,-117.190944937,4.084,161.452,150.752,145.533,134.833,10.7,-1.449,6.349,4.768,108.985,254.518,417,-20.299,,,
2026-09-27T20:53:04.000Z,1790542384.000,32.640379454,-117.190936951,3.99,167.092,156.392,153.28,142.58,10.7,-4.303,3.248,4.769,101.68,254.96,416,-19.117,,,
2026-09-27T20:53:05.000Z,1790542385.000,32.640362249,-117.190928022,4.267,152.653,141.953,149.734,139.034,10.7,-2.809,4.733,4.769,105.73,255.465,415,-17.377,,,
2026-09-27T20:53:06.000Z,1790542386.000,32.640345196,-117.190919476,4,159.18,148.48,152.203,141.503,10.7,1.69,4.034,4.77,103.754,255.957,414,-15.965,,,
2026-09-27T20:53:07.000Z,1790542387.000,32.640327728,-117.19091277,3.808,162.961,152.261,149.017,138.317,10.7,1.444,4.217,4.771,107.402,256.419,413,-14.422,,,
2026-09-27T20:53:08.000Z,1790542388.000,32.640310604,-117.190904848,3.8,156.763,146.063,143.313,132.613,10.7,-5.583,4.891,4.771,113.357,256.67,412,-12.703,,,
2026-09-27T20:53:09.000Z,1790542389.000,32.640293231,-117.190896882,4.1,158.495,147.795,141.055,130.355,10.7,-1.752,6.435,4.772,115.545,256.6,411,-11.124,,,
2026-09-27T20:53:10.000Z,1790542390.000,32.640275256,-117.190889412,4.1,157.506,146.806,135.546,124.846,10.7,6.436,4.796,4.772,121.074,256.62,410,-9.467,,,
2026-09-27T20:53:11.000Z,1790542391.000,32.640259555,-117.190876716,4.115,143.754,133.054,128.239,117.539,10.7,1.008,4.269,4.773,128.648,256.887,409,-7.478,,,
2026-09-27T20:53:12.000Z,1790542392.000,32.640246091,-117.190860547,4.04,132.062,121.362,117.791,107.091,10.7,2.798,4.681,4.773,139.669,257.46,408,-5.356,,,
2026-09-27T20:53:13.000Z,1790542393.000,32.640235733,-117.190842433,3.933,120.7,110,107.7,97,10.7,5.7,5.367,4.774,150.353,258.053,407,-3.365,,,
2026-09-27T20:53:14.000Z,1790542394.000,32.640228742,-117.190823398,3.768,107.369,96.669,98.376,87.676,10.7,5.042,2.997,4.774,160.172,258.548,406,-1.579,,,
2026-09-27T20:53:15.000Z,1790542395.000,32.640225757,-117.190803266,3.6,97.892,87.192,88.666,77.966,10.7,0.343,4.631,4.775,170.387,259.052,405,-0.022,,,
2026-09-27T20:53:16.000Z,1790542396.000,32.64022424,-117.19078268,3.64,93.84,83.14,81.38,70.68,10.7,9.62,5.34,4.776,177.886,259.266,404,1.499,,,
2026-09-27T20:53:17.000Z,1790542397.000,32.640226745,-117.190763214,3.428,77.585,66.885,72.371,61.671,10.7,6.335,4.664,4.776,-172.689,259.681,403,2.579,,,
2026-09-27T20:53:18.000Z,1790542398.000,32.640233085,-117.190744502,3.669,65.997,55.297,61.124,50.424,10.7,3.603,4.863,4.777,-161.275,259.849,402,3.185,,,
2026-09-27T20:53:19.000Z,1790542399.000,32.640240519,-117.190726644,3.764,63.564,52.864,51.945,41.245,10.7,5.873,6.409,4.777,-151.99,259.955,401,3.713,,,
2026-09-27T20:53:20.000Z,1790542400.000,32.640250332,-117.190709205,3.677,55.048,44.348,46.606,35.906,10.7,5.314,3.385,4.778,-146.713,259.893,400,4.333,,,
2026-09-27T20:53:21.000Z,1790542401.000,32.640261669,-117.19069389,3.432,48.656,37.956,40.981,30.281,10.7,1.6,5.741,4.778,-141.243,259.738,399,4.664,,,
2026-09-27T20:53:22.000Z,1790542402.000,32.640273618,-117.190681316,3.302,44.528,33.828,30.78,20.08,10.7,-3.034,4.098,4.779,-131.162,259.619,398,4.354,,,
2026-09-27T20:53:23.000Z,1790542403.000,32.640284556,-117.190669273,3.2,39.905,29.205,32.933,22.233,10.7,3.233,5.092,4.779,-133.303,259.63,397,5.031,,,
2026-09-27T20:53:24.000Z,1790542404.000,32.640297014,-117.190658807,3.261,38.008,27.308,27.508,16.808,10.7,3.235,5.539,4.78,-127.626,259.882,396,4.892,,,
2026-09-27T20:53:25.000Z,1790542405.000,32.640311011,-117.19064803,3.537,34.14,23.44,20.214,9.514,10.7,-0.103,5.183,4.781,-120.136,260.079,395,4.554,,,
2026-09-27T20:53:26.000Z,1790542406.000,32.640325685,-117.190635946,3.8,33.648,22.948,20.06,9.36,10.7,1.134,4.732,4.781,-119.812,260.248,394,4.873,,,
2026-09-27T20:53:27.000Z,1790542407.000,32.640341046,-117.190624673,3.805,31.319,20.619,16.035,5.335,10.7,-3.927,3.808,4.782,-115.879,260.157,393,4.78,,,
2026-09-27T20:53:28.000Z,1790542408.000,32.640356068,-117.190612324,4.077,32.362,21.662,24.062,13.362,10.7,4.847,4.385,4.782,-123.866,260.196,392,5.765,,,
2026-09-27T20:53:29.000Z,1790542409.000,32.640372489,-117.190601791,3.726,36.262,25.562,19.074,8.374,10.7,2.149,5.646,4.783,-118.867,260.208,391,5.479,,,
2026-09-27T20:53:30.000Z,1790542410.000,32.640387933,-117.1905928,3.7,26.5,15.8,16.667,5.967,10.7,-0.333,4.567,4.783,-116.475,260.192,390,5.318,,,
2026-09-27T20:53:31.000Z,1790542411.000,32.640402846,-117.190584327,3.6,24.176,13.476,16.376,5.676,10.7,1.584,3.824,4.784,-116.388,259.988,389,5.309,,,
2026-09-27T20:53:32.000Z,1790542412.000,32.64041741,-117.190576799,3.462,23.446,12.746,14.167,3.467,10.7,1.621,5.346,4.784,-114.539,259.628,388,5.083,,,
2026-09-27T20:53:33.000Z,1790542413.000,32.640432679,-117.190569222,3.569,25.347,14.647,15.277,4.577,10.7,3.669,3.916,4.785,-116.02,259.257,387,5.093,,,
2026-09-27T20:53:34.000Z,1790542414.000,32.640447738,-117.190561464,3.633,23.841,13.141,10.23,359.53,10.7,-1.567,3.367,4.786,-111.373,258.857,386,4.64,,,
2026-09-27T20:53:35.000Z,1790542415.000,32.640461664,-117.190550928,3.5,33.703,23.003,20.5,9.8,10.7,4.066,4.07,4.786,-122.028,258.472,385,5.696,,,
2026-09-27T20:53:36.000Z,1790542416.000,32.640477336,-117.190542166,4.023,27.138,16.438,13.24,2.54,10.7,0.132,6.585,4.787,-115.125,258.115,384,5.116,,,
2026-09-27T20:53:37.000Z,1790542417.000,32.640494144,-117.190531721,4.131,27.038,16.338,15.083,4.383,10.7,3.252,5.331,4.787,-117.377,257.705,383,5.355,,,
2026-09-27T20:53:38.000Z,1790542418.000,32.6405118,-117.190523167,4.167,17.568,6.868,14.367,3.667,10.7,2.7,4.767,4.788,-117.08,257.286,382,5.189,,,
2026-09-27T20:53:39.000Z,1790542419.000,32.6405295,-117.190515292,4.259,16.508,5.808,14.849,4.149,10.7,1.467,6.6,4.788,-117.942,256.907,381,5.059,,,
2026-09-27T20:53:40.000Z,1790542420.000,32.640546972,-117.190507453,4.038,19.221,8.521,11.547,0.847,10.7,1.225,4.986,4.789,-114.998,256.549,380,4.637,,,
2026-09-27T20:53:41.000Z,1790542421.000,32.640564357,-117.19049996,4,18.548,7.848,11.531,0.831,10.7,-1.747,4.115,4.789,-115.343,256.188,379,4.45,,,
2026-09-27T20:53:42.000Z,1790542422.000,32.640580612,-117.190491846,3.8,25.14,14.44,13.204,2.504,10.7,-2.696,5.506,4.79,-117.422,255.782,378,4.503,,,
2026-09-27T20:53:43.000Z,1790542423.000,32.64059576,-117.190480367,3.965,37.276,26.576,17.033,6.333,10.7,0.923,4.988,4.791,-121.583,255.451,377,5.067,,,
2026-09-27T20:53:44.000Z,1790542424.000,32.640611262,-117.190467006,4.177,38.596,27.896,18.08,7.38,10.7,-0.081,4.493,4.791,-122.782,255.298,376,5.552,,,
2026-09-27T20:53:45.000Z,1790542425.000,32.640627506,-117.190453069,4.3,38.952,28.252,19.838,9.138,10.7,-0.507,4.893,4.792,-124.708,255.13,375,6.108,,,
2026-09-27T20:53:46.000Z,1790542426.000,32.640642477,-117.190439458,4.101,38.364,27.664,24.008,13.308,10.7,0.437,5,4.792,-129.029,254.98,374,6.893,,,
2026-09-27T20:53:47.000Z,1790542427.000,32.640656734,-117.190427693,3.762,33.606,22.906,26.286,15.586,10.7,0.71,5.352,4.793,-131.502,254.784,373,7.402,,,
2026-09-27T20:53:48.000Z,1790542428.000,32.640669706,-117.190416872,3.422,39.314,28.614,24.028,13.328,10.7,-1.177,5.911,4.793,-129.331,254.696,372,7.523,,,
2026-09-27T20:53:49.000Z,1790542429.000,32.640683526,-117.190404818,3.731,34.707,24.007,26.362,15.662,10.7,2.438,5.469,4.794,-131.711,254.651,371,8.082,,,
2026-09-27T20:53:50.000Z,1790542430.000,32.6406988,-117.190392767,4.1,34.601,23.901,24.767,14.067,10.7,-0.967,3.967,4.794,-130.368,254.399,370,8.253,,,
2026-09-27T20:53:51.000Z,1790542431.000,32.640714062,-117.190380428,4.166,29.6,18.9,22.959,12.259,10.7,-3.183,4.176,4.795,-128.977,253.981,369,8.432,,,
2026-09-27T20:53:52.000Z,1790542432.000,32.640729412,-117.19036792,3.962,35.243,24.543,27.336,16.636,10.7,-0.61,4.815,4.796,-133.837,253.5,368,9.123,,,
2026-09-27T20:53:53.000Z,1790542433.000,32.640744341,-117.19035449,4,39.77,29.07,27.562,16.862,10.7,0.9,4.577,4.796,-134.55,253.013,367,9.575,,,
2026-09-27T20:53:54.000Z,1790542434.000,32.640758995,-117.190340372,4.3,38.671,27.971,27.167,16.467,10.7,-0.666,3.566,4.797,-134.609,252.559,366,10.048,,,
2026-09-27T20:53:55.000Z,1790542435.000,32.64077428,-117.19032565,4.265,37.42,26.72,24.54,13.84,10.7,-1.845,3.315,4.797,-132.353,252.187,365,10.361,,,
2026-09-27T20:53:56.000Z,1790542436.000,32.640789801,-117.190309915,4.545,41.885,31.185,26.088,15.388,10.7,2.045,3.3,4.798,-134.191,251.897,364,11.087,,,
2026-09-27T20:53:57.000Z,1790542437.000,32.64080543,-117.190294549,4.23,36.149,25.449,25.885,15.185,10.7,-4.424,5.112,4.798,-134.226,251.659,363,11.636,,,
2026-09-27T20:53:58.000Z,1790542438.000,32.640820095,-117.190280105,4.1,41.601,30.901,28.834,18.134,10.7,-1.503,5.831,4.799,-137.373,251.461,362,12.407,,,
2026-09-27T20:53:59.000Z,1790542439.000,32.640834346,-117.190265454,4.1,41.302,30.602,29.935,19.235,10.7,2.049,3.535,4.799,-138.787,251.148,361,13.065,,,
2026-09-27T20:54:00.000Z,1790542440.000,32.640848874,-117.190250735,4.262,37.598,26.898,29.107,18.407,10.7,2.551,4.692,4.8,-138.357,250.749,360,13.56,,,
2026-09-27T20:54:01.000Z,1790542441.000,32.640864701,-117.19023698,4.162,33.192,22.492,26.093,15.393,10.7,-1.463,4.394,4.801,-135.834,250.259,359,13.734,,,
2026-09-27T20:54:02.000Z,1790542442.000,32.640879223,-117.190224541,3.7,33.971,23.271,30.302,19.602,10.7,1.368,5.27,4.801,-140.728,249.574,358,14.444,,,
2026-09-27T20:54:03.000Z,1790542443.000,32.640893286,-117.19021408,3.626,32.293,21.593,26.423,15.723,10.7,2.311,2.62,4.802,-137.652,248.771,357,14.353,,,
2026-09-27T20:54:04.000Z,1790542444.000,32.640907651,-117.190203067,3.919,34.258,23.558,25.537,14.837,10.7,4.101,5.906,4.802,-137.386,248.151,356,14.536,,,
2026-09-27T20:54:05.000Z,1790542445.000,32.640924035,-117.190191374,4.1,33.39,22.69,22.513,11.813,10.7,0.852,5.206,4.803,-134.844,247.669,355,14.509,,,
2026-09-27T20:54:06.000Z,1790542446.000,32.640940249,-117.190177811,4.5,36.46,25.76,20.7,10,10.7,0.679,2.835,4.803,-133.516,247.184,354,14.746,,,
2026-09-27T20:54:07.000Z,1790542447.000,32.64095622,-117.190162388,4.5,41.334,30.634,20.58,9.88,10.7,1.2,4.068,4.804,-133.627,246.953,353,15.29,,,
2026-09-27T20:54:08.000Z,1790542448.000,32.640972192,-117.190147089,4.34,37.323,26.623,21.477,10.777,10.7,-1.185,4.596,4.804,-134.788,246.689,352,15.905,,,
2026-09-27T20:54:09.000Z,1790542449.000,32.640988234,-117.190132684,4.406,34.354,23.654,23.815,13.115,10.7,-2.43,3.775,4.805,-137.592,246.223,351,16.559,,,
2026-09-27T20:54:10.000Z,1790542450.000,32.641003197,-117.190119764,3.935,38.631,27.931,27.847,17.147,10.7,3.485,4.6,4.806,-142.187,245.66,350,17.274,,,
2026-09-27T20:54:11.000Z,1790542451.000,32.641017762,-117.19010908,3.5,29.516,18.816,25.528,14.828,10.7,3.415,4.821,4.806,-140.303,245.226,349,17.304,,,
2026-09-27T20:54:12.000Z,1790542452.000,32.641031656,-117.19010047,3.3,30.903,20.203,23.479,12.779,10.7,1.592,3.834,4.807,-138.489,244.99,348,17.212,,,
2026-09-27T20:54:13.000Z,1790542453.000,32.641045984,-117.190092634,3.169,29.993,19.293,20.135,9.435,10.7,0.718,7.263,4.807,-135.392,244.744,347,16.929,,,
2026-09-27T20:54:14.000Z,1790542454.000,32.64106051,-117.190083661,3.566,27.52,16.82,22.498,11.798,10.7,2.063,5.505,4.808,-137.987,244.511,346,17.195,,,
2026-09-27T20:54:15.000Z,1790542455.000,32.641075755,-117.190073501,3.835,31.129,20.429,19.7,9,10.7,-0.518,3.765,4.808,-135.317,244.383,345,17.11,,,
2026-09-27T20:54:16.000Z,1790542456.000,32.641091432,-117.190060495,4.327,36.735,26.035,16.372,5.672,10.7,0.88,2.665,4.809,-132.031,244.34,344,17.205,,,
2026-09-27T20:54:17.000Z,1790542457.000,32.641107572,-117.190045128,4.5,39.951,29.251,20.819,10.119,10.7,2.408,5.489,4.809,-136.545,244.274,343,18.104,,,
2026-09-27T20:54:18.000Z,1790542458.000,32.641123043,-117.19002989,4.166,41.464,30.764,24.799,14.099,10.7,-2.674,4.635,4.81,-140.535,244.264,342,18.988,,,
2026-09-27T20:54:19.000Z,1790542459.000,32.641137802,-117.190016491,3.871,33.307,22.607,25.1,14.4,10.7,-1.335,4.414,4.811,-140.775,244.325,341,19.451,,,
2026-09-27T20:54:20.000Z,1790542460.000,32.641151964,-117.190004221,3.554,37.175,26.475,27.554,16.854,10.7,5.562,5.047,4.811,-142.995,244.559,340,20.022,,,
2026-09-27T20:54:21.000Z,1790542461.000,32.641166951,-117.189993567,3.67,32.821,22.121,24.597,13.897,10.7,3.418,4.388,4.812,-140.046,244.55,339,19.977,,,
2026-09-27T20:54:22.000Z,1790542462.000,32.64118141,-117.189983227,3.6,29.673,18.973,24.704,14.004,10.7,1.768,3.934,4.812,-140.126,244.578,338,20.18,,,
2026-09-27T20:54:23.000Z,1790542463.000,32.641194156,-117.189973098,3.173,30.57,19.87,24.29,13.59,10.7,0.09,5.753,4.813,-139.331,244.959,337,20.403,,,
2026-09-27T20:54:24.000Z,1790542464.000,32.641206552,-117.18996332,3.224,31.577,20.877,26.445,15.745,10.7,1.793,4.81,4.813,-141.105,245.34,336,20.822,,,
2026-09-27T20:54:25.000Z,1790542465.000,32.641219471,-117.189953075,3.369,35.5,24.8,20.493,9.793,10.7,1.67,4.176,4.814,-134.806,245.687,335,20.598,,,
2026-09-27T20:54:26.000Z,1790542466.000,32.641232953,-117.189941351,3.635,36.086,25.386,19.177,8.477,10.7,-0.484,4.702,4.814,-133.229,245.948,334,20.849,,,
2026-09-27T20:54:27.000Z,1790542467.000,32.641246882,-117.189928324,3.9,39.517,28.817,22.2,11.5,10.7,-2.217,4.053,4.815,-135.972,246.228,333,21.54,,,
2026-09-27T20:54:28.000Z,1790542468.000,32.641260322,-117.189914401,3.9,39.5,28.8,27.9,17.2,10.7,0.185,3.577,4.816,-141.347,246.554,332,22.548,,,
2026-09-27T20:54:29.000Z,1790542469.000,32.641274281,-117.189900549,3.83,43.233,32.533,26.245,15.545,10.7,1.897,4.712,4.816,-139.344,246.901,331,22.929,,,
2026-09-27T20:54:30.000Z,1790542470.000,32.641288972,-117.189887162,4.1,35.455,24.755,28.066,17.366,10.7,2.832,4.666,4.817,-140.565,247.501,330,23.518,,,
2026-09-27T20:54:31.000Z,1790542471.000,32.641304986,-117.18987424,4.23,36.431,25.731,27.178,16.478,10.7,0.582,6.161,4.817,-138.895,248.282,329,23.785,,,
2026-09-27T20:54:32.000Z,1790542472.000,32.641320662,-117.189861728,4.061,32.438,21.738,28.777,18.077,10.7,-1.416,3.632,4.818,-139.922,248.855,328,24.235,,,
2026-09-27T20:54:33.000Z,1790542473.000,32.641335377,-117.189848723,3.73,39.976,29.276,32.826,22.126,10.7,2.587,5.739,4.818,-143.429,249.396,327,24.97,,,
2026-09-27T20:54:34.000Z,1790542474.000,32.641349412,-117.189835385,3.798,42.386,31.686,31.564,20.864,10.7,1.436,4.305,4.819,-141.557,250.007,326,25.336,,,
2026-09-27T20:54:35.000Z,1790542475.000,32.641363333,-117.189821767,3.843,40.079,29.379,30.657,19.957,10.7,0.7,4.234,4.819,-140.141,250.516,325,25.76,,,
2026-09-27T20:54:36.000Z,1790542476.000,32.641376575,-117.189807025,3.96,41.187,30.487,32.779,22.079,10.7,0.18,4.54,4.82,-141.761,251.018,324,26.556,,,
2026-09-27T20:54:37.000Z,1790542477.000,32.641388574,-117.189791142,3.868,49.153,38.453,33.742,23.042,10.7,0.979,4.605,4.821,-142.269,251.473,323,27.413,,,
2026-09-27T20:54:38.000Z,1790542478.000,32.641399859,-117.189775444,3.6,51.466,40.766,36.627,25.927,10.7,1.698,3.7,4.821,-144.631,251.995,322,28.441,,,
2026-09-27T20:54:39.000Z,1790542479.000,32.641411116,-117.189761662,3.464,45.176,34.476,34.77,24.07,10.7,-2.165,4.128,4.822,-142.21,252.56,321,28.93,,,
2026-09-27T20:54:40.000Z,1790542480.000,32.641421519,-117.189748455,3.2,52.794,42.094,35.27,24.57,10.7,0.87,5.217,4.822,-142.191,253.08,320,29.598,,,
2026-09-27T20:54:41.000Z,1790542481.000,32.641432359,-117.189735063,3.231,50.526,39.826,36.869,26.169,10.7,-1,5.356,4.823,-143.202,253.667,319,30.349,,,
2026-09-27T20:54:42.000Z,1790542482.000,32.64144307,-117.189722496,3.333,45.1,34.4,39.396,28.696,10.7,-2.269,3.634,4.823,-145.159,254.238,318,31.108,,,
2026-09-27T20:54:43.000Z,1790542483.000,32.641454203,-117.189709936,3.531,47.949,37.249,38.253,27.553,10.7,1.184,3.8,4.824,-143.467,254.786,317,31.558,,,
2026-09-27T20:54:44.000Z,1790542484.000,32.641466279,-117.189696536,3.538,43.258,32.558,36.9,26.2,10.7,0.577,3.962,4.824,-141.702,255.198,316,32.016,,,
2026-09-27T20:54:45.000Z,1790542485.000,32.641478833,-117.189682259,3.631,46.039,35.339,37.538,26.838,10.7,-2.147,6.585,4.825,-142.323,255.215,315,32.684,,,
2026-09-27T20:54:46.000Z,1790542486.000,32.641490076,-117.18966695,3.566,54.25,43.55,40.434,29.734,10.7,1.573,5.308,4.826,-145.681,254.753,314,33.679,,,
2026-09-27T20:54:47.000Z,1790542487.000,32.64150112,-117.1896513,3.671,50.497,39.797,40.648,29.948,10.7,-0.174,3.571,4.826,-146.684,253.964,313,34.501,,,
2026-09-27T20:54:48.000Z,1790542488.000,32.641512137,-117.189635416,3.718,51.996,41.296,38.122,27.422,10.7,-1.235,4.768,4.827,-145.057,253.064,312,35.129,,,
2026-09-27T20:54:49.000Z,1790542489.000,32.641523563,-117.189618182,3.961,49.187,38.487,41.747,31.047,10.7,0.108,3.331,4.827,-149.592,252.155,311,36.335,,,
2026-09-27T20:54:50.000Z,1790542490.000,32.641534386,-117.18960252,3.5,50.592,39.892,40.622,29.922,10.7,-0.074,5.77,4.828,-149.461,251.161,310,37.064,,,
2026-09-27T20:54:51.000Z,1790542491.000,32.641544538,-117.189588771,3.1,45.66,34.96,42.992,32.292,10.7,-0.461,5.591,4.828,-152.778,250.214,309,37.934,,,
2026-09-27T20:54:52.000Z,1790542492.000,32.641553809,-117.189577245,2.9,43.68,32.98,41.315,30.615,10.7,-0.654,3.493,4.829,-151.537,249.779,308,38.344,,,
2026-09-27T20:54:53.000Z,1790542493.000,32.641562048,-117.189565137,3.008,48.267,37.567,41.808,31.108,10.7,1.792,2.845,4.829,-152.503,249.305,307,39.019,,,
2026-09-27T20:54:54.000Z,1790542494.000,32.64157136,-117.18955231,3.365,51.964,41.264,39.131,28.431,10.7,-0.299,3.204,4.83,-150.491,248.64,306,39.458,,,
2026-09-27T20:54:55.000Z,1790542495.000,32.641581494,-117.189537336,3.829,53.6,42.9,37.405,26.705,10.7,-1.053,5.671,4.831,-149.562,247.844,305,40.112,,,
2026-09-27T20:54:56.000Z,1790542496.000,32.641591988,-117.189520076,3.855,54.137,43.437,40.564,29.864,10.7,0.625,3.577,4.831,-153.632,246.932,304,41.329,,,
2026-09-27T20:54:57.000Z,1790542497.000,32.641603794,-117.189502105,4.2,53.274,42.574,41.532,30.832,10.7,1.616,4.793,4.832,-155.291,246.241,303,42.37,,,
2026-09-27T20:54:58.000Z,1790542498.000,32.641615874,-117.189485523,3.732,49.095,38.395,41.235,30.535,10.7,-1.165,4.7,4.832,-155.785,245.45,302,43.182,,,
2026-09-27T20:54:59.000Z,1790542499.000,32.641626497,-117.189470719,3.47,52.319,41.619,42.892,32.192,10.7,0.502,5.135,4.833,-158.123,244.769,301,44.064,,,
2026-09-27T20:55:00.000Z,1790542500.000,32.641636508,-117.189458151,3.179,43.283,32.583,40.013,29.313,10.7,-1.44,3.8,4.833,-155.848,244.165,300,44.433,,,
2026-09-27T20:55:01.000Z,1790542501.000,32.641646379,-117.189445207,3.3,47.99,37.29,38.262,27.562,10.7,2.507,4.707,4.834,-154.552,243.711,299,44.926,,,
2026-09-27T20:55:02.000Z,1790542502.000,32.641657671,-117.189432329,3.467,42.594,31.894,35.132,24.432,10.7,0.099,2.934,4.834,-151.542,243.59,298,45.236,,,
2026-09-27T20:55:03.000Z,1790542503.000,32.641668892,-117.189420144,3.235,44.762,34.062,31.87,21.17,10.7,0.841,5.233,4.835,-148.411,243.46,297,45.478,,,
2026-09-27T20:55:04.000Z,1790542504.000,32.641679955,-117.189410053,2.915,34.257,23.557,26.415,15.715,10.7,0.685,5.315,4.836,-143.114,243.301,296,45.369,,,
2026-09-27T20:55:05.000Z,1790542505.000,32.64169169,-117.189401724,3.007,32.417,21.717,21.431,10.731,10.7,2.384,4.1,4.836,-138.015,243.415,295,45.117,,,
2026-09-27T20:55:06.000Z,1790542506.000,32.641704471,-117.189394365,3.233,18.985,8.285,12.491,1.791,10.7,-0.106,4.3,4.837,-128.493,243.998,294,44.421,,,
2026-09-27T20:55:07.000Z,1790542507.000,32.641718655,-117.189386918,3.5,21.989,11.289,12.104,1.404,10.7,4.591,5.026,4.837,-127.4,244.704,293,44.351,,,
2026-09-27T20:55:08.000Z,1790542508.000,32.641734153,-117.189382795,3.5,7.595,356.895,3.901,353.201,10.7,-1.566,4.783,4.838,-118.44,245.462,292,43.334,,,
2026-09-27T20:55:09.000Z,1790542509.000,32.641749537,-117.189379786,3.469,11.818,1.118,1.969,351.269,10.7,-1.835,3.807,4.838,-115.65,246.319,291,42.717,,,
2026-09-27T20:55:10.000Z,1790542510.000,32.641764461,-117.189376801,3.433,6.706,356.006,359.499,348.799,10.7,1.931,5.7,4.839,-112.066,247.433,290,42.083,,,
2026-09-27T20:55:11.000Z,1790542511.000,32.641779481,-117.189372816,3.365,12.527,1.827,0.543,349.843,10.7,2.035,4.849,4.839,-111.775,248.768,289,41.788,,,
2026-09-27T20:55:12.000Z,1790542512.000,32.64179434,-117.189370055,3.177,5.74,355.04,1.744,351.044,10.7,-4.701,4.619,4.84,-112.305,249.44,288,41.41,,,
2026-09-27T20:55:13.000Z,1790542513.000,32.641809135,-117.189366502,3.193,18.477,7.777,1.226,350.526,10.7,0.494,5.653,4.841,-111.046,250.181,287,40.975,,,
2026-09-27T20:55:14.000Z,1790542514.000,32.641823438,-117.189361709,3.234,16.759,6.059,1.222,350.522,10.7,2.7,5.194,4.841,-110.077,251.145,286,40.705,,,
2026-09-27T20:55:15.000Z,1790542515.000,32.641836705,-117.189356694,2.872,22.529,11.829,2.149,351.449,10.7,-0.629,5.743,4.842,-110.162,251.987,285,40.573,,,
2026-09-27T20:55:16.000Z,1790542516.000,32.641849236,-117.189351986,2.939,20.279,9.579,3.1,352.4,10.7,-0.879,4.386,4.842,-110.235,252.865,284,40.451,,,
2026-09-27T20:55:17.000Z,1790542517.000,32.641862057,-117.189349062,2.938,6.624,355.924,4.313,353.613,10.7,2.087,6.356,4.843,-110.612,253.701,283,40.185,,,
2026-09-27T20:55:18.000Z,1790542518.000,32.641874289,-117.189349168,2.402,3.722,353.022,359.702,349.002,10.7,-0.774,6.197,4.843,-105.141,254.56,282,39.255,,,
2026-09-27T20:55:19.000Z,1790542519.000,32.641885723,-117.189346795,2.783,12.575,1.875,4.039,353.339,10.7,5.322,2.905,4.844,-108.599,255.44,281,39.239,,,
2026-09-27T20:55:20.000Z,1790542520.000,32.641898236,-117.189345716,2.9,1.592,350.892,358.97,348.27,10.7,1.463,5.34,4.844,-102.67,256.3,280,38.363,,,
2026-09-27T20:55:21.000Z,1790542521.000,32.641912021,-117.189342694,3.302,13.499,2.799,0.458,349.758,10.7,1.369,4.855,4.845,-103.371,257.087,279,38.078,,,
2026-09-27T20:55:22.000Z,1790542522.000,32.641926335,-117.189337112,3.5,15.406,4.706,359.997,349.297,10.7,-1.7,5.003,4.846,-102.28,257.717,278,37.841,,,
2026-09-27T20:55:23.000Z,1790542523.000,32.641941328,-117.189331169,3.4,18.348,7.648,3.262,352.562,10.7,0.309,5.975,4.846,-104.943,258.32,277,37.88,,,
2026-09-27T20:55:24.000Z,1790542524.000,32.641955553,-117.18932681,3.116,11.745,1.045,359.043,348.343,10.7,-6.335,4.096,4.847,-100.15,258.893,276,37.265,,,
2026-09-27T20:55:25.000Z,1790542525.000,32.641968474,-117.189321618,2.964,17.146,6.446,4.272,353.572,10.7,-1.16,3.573,4.847,-104.796,259.476,275,37.484,,,
2026-09-27T20:55:26.000Z,1790542526.000,32.641981357,-117.18931657,3.099,16.167,5.467,3.936,353.236,10.7,-0.665,2.869,4.848,-103.864,260.072,274,37.278,,,
2026-09-27T20:55:27.000Z,1790542527.000,32.641993015,-117.189311046,2.662,18.978,8.278,10.354,359.654,10.7,0.754,5.808,4.848,-109.712,260.642,273,37.691,,,
2026-09-27T20:55:28.000Z,1790542528.000,32.642004517,-117.189307192,2.623,13.24,2.54,9.991,359.291,10.7,-2.315,4.001,4.849,-108.762,261.229,272,37.447,,,
2026-09-27T20:55:29.000Z,1790542529.000,32.642015365,-117.189303924,2.608,12.61,1.91,7.668,356.968,10.7,-2.396,3.445,4.849,-105.887,261.781,271,37.03,,,
2026-09-27T20:55:30.000Z,1790542530.000,32.642026575,-117.189299833,2.763,10.17,359.47,7.707,357.007,10.7,-1.13,2.889,4.85,-105.301,262.406,270,36.852,,,
2026-09-27T20:55:31.000Z,1790542531.000,32.642039095,-117.18929211,3.424,26.233,15.533,8.195,357.495,10.7,-1.21,3.643,4.851,-105.184,263.012,269,36.952,,,
2026-09-27T20:55:32.000Z,1790542532.000,32.642053958,-117.18928221,3.629,31.162,20.462,9.439,358.739,10.7,-3.161,3.764,4.851,-105.922,263.517,268,37.187,,,
2026-09-27T20:55:33.000Z,1790542533.000,32.642068591,-117.189271114,3.765,33.674,22.974,13.973,3.273,10.7,-1.378,5.662,4.852,-109.877,264.095,267,37.794,,,
2026-09-27T20:55:34.000Z,1790542534.000,32.642082528,-117.189261855,3.535,25.42,14.72,14.596,3.896,10.7,-0.994,4.412,4.852,-109.921,264.675,266,37.97,,,
2026-09-27T20:55:35.000Z,1790542535.000,32.642096222,-117.189254946,3.323,14.254,3.554,13.915,3.215,10.7,-1.008,4.738,4.853,-108.677,265.239,265,37.855,,,
2026-09-27T20:55:36.000Z,1790542536.000,32.642108927,-117.189248427,2.83,21.484,10.784,19.343,8.643,10.7,2.7,3.986,4.853,-113.514,265.829,264,38.244,,,
2026-09-27T20:55:37.000Z,1790542537.000,32.642120865,-117.189242518,2.836,22.621,11.921,16.875,6.175,10.7,-0.693,6.093,4.854,-110.445,266.43,263,37.982,,,
2026-09-27T20:55:38.000Z,1790542538.000,32.642132922,-117.189236074,2.832,25.955,15.255,16.443,5.743,10.7,-0.994,3.465,4.854,-109.456,266.987,262,37.925,,,
2026-09-27T20:55:39.000Z,1790542539.000,32.642143598,-117.189228511,2.6,29.871,19.171,20.882,10.182,10.7,-0.036,5.506,4.855,-113.347,267.535,261,38.419,,,
2026-09-27T20:55:40.000Z,1790542540.000,32.642155132,-117.189220298,2.879,34.642,23.942,19.254,8.554,10.7,-0.767,4.562,4.856,-111.135,268.119,260,38.44,,,
2026-09-27T20:55:41.000Z,1790542541.000,32.642167509,-117.189211327,3.434,31.81,21.11,17.228,6.528,10.7,-3.005,1.999,4.856,-108.524,268.704,259,38.452,,,
2026-09-27T20:55:42.000Z,1790542542.000,32.642179954,-117.189199714,3.734,40.365,29.665,20.292,9.592,10.7,2.463,4.903,4.857,-110.936,269.356,258,39.096,,,
2026-09-27T20:55:43.000Z,1790542543.000,32.642193165,-117.189187643,3.715,35.186,24.486,20.085,9.385,10.7,-2.155,5.079,4.857,-110.143,269.942,257,39.479,,,
2026-09-27T20:55:44.000Z,1790542544.000,32.642207597,-117.189176302,3.76,29.732,19.032,25.17,14.47,10.7,-1.26,3.78,4.858,-114.68,270.49,256,40.171,,,
2026-09-27T20:55:45.000Z,1790542545.000,32.642222458,-117.189167349,3.732,30.79,20.09,19.132,8.432,10.7,-1.457,4.138,4.858,-108.115,271.017,255,39.739,,,
2026-09-27T20:55:46.000Z,1790542546.000,32.642237456,-117.18915744,3.867,27.293,16.593,20.704,10.004,10.7,2.735,2.541,4.859,-109.113,271.591,254,39.998,,,
2026-09-27T20:55:47.000Z,1790542547.000,32.642252698,-117.189147914,3.822,29.141,18.441,15.208,4.508,10.7,0.402,4.182,4.859,-103.013,272.195,253,39.644,,,
2026-09-27T20:55:48.000Z,1790542548.000,32.642267847,-117.189138371,3.5,28.947,18.247,14.241,3.541,10.7,2.671,5.365,4.86,-101.456,272.785,252,39.66,,,
2026-09-27T20:55:49.000Z,1790542549.000,32.642281951,-117.189132259,3.065,17.934,7.234,13.231,2.531,10.7,2,4.333,4.861,-99.857,273.374,251,39.432,,,
2026-09-27T20:55:50.000Z,1790542550.000,32.642295548,-117.189129302,3.2,5.496,354.796,5.312,354.612,10.7,-0.432,3.498,4.861,-91.273,274.04,250,38.423,,,
2026-09-27T20:55:51.000Z,1790542551.000,32.642309416,-117.189126736,3.092,6.481,355.781,2.928,352.228,10.7,3.336,4.856,4.862,-88.099,274.829,249,37.806,,,
2026-09-27T20:55:52.000Z,1790542552.000,32.642324097,-117.189122501,3.51,14.185,3.485,358.392,347.692,10.7,2.321,3.621,4.862,-82.974,275.418,248,37.137,,,
2026-09-27T20:55:53.000Z,1790542553.000,32.642339388,-117.189116592,3.633,16.453,5.753,359.549,348.849,10.7,2.069,5.037,4.863,-83.681,275.869,247,37,,,
2026-09-27T20:55:54.000Z,1790542554.000,32.642355285,-117.189110971,3.502,15.273,4.573,359.865,349.165,10.7,-0.362,4.537,4.863,-83.545,276.32,246,36.749,,,
2026-09-27T20:55:55.000Z,1790542555.000,32.642370616,-117.189107608,3.408,4.925,354.225,358.397,347.697,10.7,1.258,5.214,4.864,-81.863,276.534,245,36.203,,,
2026-09-27T20:55:56.000Z,1790542556.000,32.642386068,-117.189108141,2.919,357.062,346.362,351.632,340.932,10.7,0.673,5.332,4.864,-74.611,277.021,244,34.954,,,
2026-09-27T20:55:57.000Z,1790542557.000,32.642400586,-117.189110469,3.065,351.19,340.49,348.316,337.616,10.7,2.469,4.163,4.865,-70.85,277.466,243,33.851,,,
2026-09-27T20:55:58.000Z,1790542558.000,32.642415214,-117.18911222,3.465,348.036,337.336,346.716,336.016,10.7,4.63,3.325,4.866,-68.837,277.879,242,32.91,,,
2026-09-27T20:55:59.000Z,1790542559.000,32.642429914,-117.189116465,3.34,346.537,335.837,339.446,328.746,10.7,2.456,6.7,4.866,-61.413,278.034,241,31.418,,,
2026-09-27T20:56:00.000Z,1790542560.000,32.642444772,-117.189122677,3.442,338.268,327.568,331.243,320.543,10.7,0.566,2.973,4.867,-53.309,277.934,240,29.761,,,
2026-09-27T20:56:01.000Z,1790542561.000,32.642457676,-117.189129472,3.067,333.367,322.667,323.086,312.386,10.7,0.497,4.698,4.867,-45.199,277.887,239,28.226,,,
2026-09-27T20:56:02.000Z,1790542562.000,32.642468455,-117.189136932,2.736,323.084,312.384,313.561,302.861,10.7,1.452,2.606,4.868,-35.574,277.987,238,26.778,,,
2026-09-27T20:56:03.000Z,1790542563.000,32.642477325,-117.189146534,2.5,314.675,303.975,303.836,293.136,10.7,-4.762,4.54,4.868,-25.688,278.148,237,25.361,,,
2026-09-27T20:56:04.000Z,1790542564.000,32.642484887,-117.189158475,2.7,304.293,293.593,292.525,281.825,10.7,-1.773,2.597,4.869,-14.301,278.224,236,23.943,,,
2026-09-27T20:56:05.000Z,1790542565.000,32.642488469,-117.189173988,2.763,278.648,267.948,278.879,268.179,10.7,-5.915,5.004,4.869,-0.715,278.164,235,22.64,,,
2026-09-27T20:56:06.000Z,1790542566.000,32.642490434,-117.18918911,2.834,271.804,261.104,269.529,258.829,10.7,0.27,5.299,4.87,8.614,278.143,234,21.535,,,
2026-09-27T20:56:07.000Z,1790542567.000,32.642491296,-117.189201499,2.33,272.416,261.716,259.783,249.083,10.7,-3.961,3.617,4.871,18.368,278.151,233,20.845,,,
2026-09-27T20:56:08.000Z,1790542568.000,32.642491054,-117.189213817,2.238,264.742,254.042,253.229,242.529,10.7,-7.855,2.745,4.871,24.747,277.976,232,20.144,,,
2026-09-27T20:56:09.000Z,1790542569.000,32.642488947,-117.18922552,2,250.691,239.991,245.709,235.009,10.7,-8.229,6.476,4.872,31.857,277.566,231,19.687,,,
2026-09-27T20:56:10.000Z,1790542570.000,32.642485635,-117.189237225,2.133,255.858,245.158,241.202,230.502,10.7,-8.735,2.925,4.872,35.698,276.901,230,19.138,,,
2026-09-27T20:56:11.000Z,1790542571.000,32.642482209,-117.189248742,2.266,246.684,235.984,240.037,229.337,10.7,-7.803,4.675,4.873,36.18,276.218,229,18.4,,,
2026-09-27T20:56:12.000Z,1790542572.000,32.642477082,-117.189260545,2.538,240.606,229.906,237.962,227.262,10.7,-10.142,3.824,4.873,37.868,275.83,228,17.781,,,
2026-09-27T20:56:13.000Z,1790542573.000,32.642472215,-117.189272594,2.361,248.263,237.563,239.5,228.8,10.7,-9.723,4.091,4.874,35.908,275.408,227,16.886,,,
2026-09-27T20:56:14.000Z,1790542574.000,32.642468532,-117.189284604,2.367,252.484,241.784,238.734,228.034,10.7,-7.566,4.968,4.874,36.228,274.962,226,16.093,,,
2026-09-27T20:56:15.000Z,1790542575.000,32.642464012,-117.18929773,2.665,250.673,239.973,238.773,228.073,10.7,-9.296,2.028,4.875,35.51,274.283,225,15.191,,,
2026-09-27T20:56:16.000Z,1790542576.000,32.642459221,-117.189311505,2.577,248.675,237.975,234.974,224.274,10.7,-4.506,6.07,4.876,38.486,273.46,224,14.512,,,
2026-09-27T20:56:17.000Z,1790542577.000,32.642452529,-117.189325081,2.62,242.746,232.046,231.22,220.52,10.7,-5.599,4.92,4.876,41.312,272.532,223,13.946,,,
2026-09-27T20:56:18.000Z,1790542578.000,32.642446227,-117.189336778,2.398,238.264,227.564,230.331,219.631,10.7,-4.433,2.634,4.877,41.418,271.749,222,13.317,,,
2026-09-27T20:56:19.000Z,1790542579.000,32.64243941,-117.189348314,2.437,237.042,226.342,230.266,219.566,10.7,-7.795,3.997,4.877,40.938,271.204,221,12.666,,,
2026-09-27T20:56:20.000Z,1790542580.000,32.642433836,-117.189361028,2.509,247.59,236.89,229.436,218.736,10.7,-3.882,4.445,4.878,41.144,270.58,220,11.912,,,
2026-09-27T20:56:21.000Z,1790542581.000,32.642427794,-117.189372624,2.288,238.96,228.26,226.529,215.829,10.7,-2.929,5.153,4.878,43.559,270.089,219,11.432,,,
2026-09-27T20:56:22.000Z,1790542582.000,32.642421792,-117.189383044,2.298,231.067,220.367,225.133,214.433,10.7,-2.739,5.106,4.879,44.125,269.258,218,10.938,,,
2026-09-27T20:56:23.000Z,1790542583.000,32.64241591,-117.18939418,2.566,239.685,228.985,226.405,215.705,10.7,-2.168,2.866,4.879,41.85,268.255,217,10.175,,,
2026-09-27T20:56:24.000Z,1790542584.000,32.6424097,-117.189406464,2.829,239.479,228.779,226.707,216.007,10.7,-3.886,4.207,4.88,40.614,267.321,216,9.404,,,
2026-09-27T20:56:25.000Z,1790542585.000,32.642401842,-117.189419747,2.99,234.258,223.558,223.68,212.98,10.7,-6.018,4.649,4.881,42.764,266.444,215,8.88,,,
2026-09-27T20:56:26.000Z,1790542586.000,32.642393578,-117.189433501,3.264,234.862,224.162,225.357,214.657,10.7,-3.321,2.872,4.881,40.156,265.513,214,7.975,,,
2026-09-27T20:56:27.000Z,1790542587.000,32.642384003,-117.189446795,3.366,233.321,222.621,225.301,214.601,10.7,-4.903,2.734,4.882,39.358,264.659,213,7.305,,,
2026-09-27T20:56:28.000Z,1790542588.000,32.642375523,-117.189458725,2.824,226.997,216.297,224.41,213.71,10.7,-4.734,4.956,4.882,39.575,263.985,212,6.762,,,
2026-09-27T20:56:29.000Z,1790542589.000,32.642368246,-117.189470576,2.577,236.792,226.092,226.685,215.985,10.7,-6,3.408,4.883,36.85,263.534,211,5.928,,,
2026-09-27T20:56:30.000Z,1790542590.000,32.642361687,-117.189482502,2.696,241.557,230.857,228.904,218.204,10.7,-6.804,3.418,4.883,34.277,263.182,210,5.06,,,
2026-09-27T20:56:31.000Z,1790542591.000,32.642355931,-117.189494304,2.367,235.523,224.823,227.835,217.135,10.7,-7.401,8.702,4.884,34.844,262.679,209,4.412,,,
2026-09-27T20:56:32.000Z,1790542592.000,32.642349761,-117.189507064,2.685,242.989,232.289,229.015,218.315,10.7,-7.185,0.531,4.884,32.974,261.989,208,3.533,,,
2026-09-27T20:56:33.000Z,1790542593.000,32.64234327,-117.189520235,3.024,235.419,224.719,229.8,219.1,10.7,-7.572,6.804,4.885,31.542,261.342,207,2.665,,,
2026-09-27T20:56:34.000Z,1790542594.000,32.642335848,-117.189534078,2.732,241.715,231.015,229.474,218.774,10.7,-8.163,3.5,4.886,31.618,261.091,206,1.866,,,
2026-09-27T20:56:35.000Z,1790542595.000,32.6423299,-117.189547233,3.033,236.169,225.469,232.1,221.4,10.7,-4.333,4.1,4.886,29.293,261.393,205,0.84,,,
2026-09-27T20:56:36.000Z,1790542596.000,32.642322955,-117.18956009,2.76,241.271,230.571,232.58,221.88,10.7,-7.71,4.005,4.887,28.711,261.291,204,0.043,,,
2026-09-27T20:56:37.000Z,1790542597.000,32.642317458,-117.18957303,2.9,239.809,229.109,234.894,224.194,10.7,-7.738,4.832,4.887,26.481,261.376,203,-0.959,,,
2026-09-27T20:56:38.000Z,1790542598.000,32.642312751,-117.189585641,2.231,247.7,237,237.092,226.392,10.7,-8.126,5.478,4.888,24.382,261.474,202,-1.959,,,
2026-09-27T20:56:39.000Z,1790542599.000,32.642309769,-117.189598457,2.433,252.455,241.755,242.396,231.696,10.7,-8.262,3.004,4.888,18.972,261.368,201,-3.259,,,
2026-09-27T20:56:40.000Z,1790542600.000,32.642308179,-117.189611369,2.557,258.647,247.947,249.234,238.534,10.7,-7.236,4.821,4.889,12.469,261.704,200,-4.698,,,
2026-09-27T20:56:41.000Z,1790542601.000,32.642306153,-117.189625692,2.7,260.274,249.574,253.894,243.194,10.7,-7.053,4.2,4.889,8.167,262.061,199,-6.078,,,
2026-09-27T20:56:42.000Z,1790542602.000,32.642304721,-117.18964083,2.939,266.035,255.335,259.927,249.227,10.7,-3.212,2.852,4.89,2.434,262.361,198,-7.596,,,
2026-09-27T20:56:43.000Z,1790542603.000,32.642302165,-117.189655953,2.733,263.774,253.074,265.678,254.978,10.7,-7.765,5.302,4.891,-3.048,262.629,197,-9.006,,,
2026-09-27T20:56:44.000Z,1790542604.000,32.6423028,-117.189670264,2.565,275.217,264.517,271.884,261.184,10.7,0.735,3.9,4.891,-9.032,262.851,196,-10.473,,,
2026-09-27T20:56:45.000Z,1790542605.000,32.642303535,-117.189682829,2.338,283.299,272.599,279.367,268.667,10.7,-4.768,5.489,4.892,-16.447,262.921,195,-11.775,,,
2026-09-27T20:56:46.000Z,1790542606.000,32.64230716,-117.189694571,2.16,291.059,280.359,281.4,270.7,10.7,-0.66,3.13,4.892,-18.322,263.078,194,-12.984,,,
2026-09-27T20:56:47.000Z,1790542607.000,32.642310806,-117.189705476,2.233,295.553,284.853,279.7,269,10.7,-2.833,5.634,4.893,-16.295,263.405,193,-14.046,,,
2026-09-27T20:56:48.000Z,1790542608.000,32.642317256,-117.189713687,1.968,310.513,299.813,281.766,271.066,10.7,2.805,3.903,4.893,-18.18,263.586,192,-15.088,,,
2026-09-27T20:56:49.000Z,1790542609.000,32.642321982,-117.189721255,1.573,304.253,293.553,281.127,270.427,10.7,-1.101,4.846,4.894,-17.282,263.845,191,-15.941,,,
2026-09-27T20:56:50.000Z,1790542610.000,32.642327439,-117.189729948,1.92,315.704,305.004,284.21,273.51,10.7,-0.69,2.5,4.894,-20.102,264.107,190,-16.989,,,
2026-09-27T20:56:51.000Z,1790542611.000,32.642331974,-117.18973928,1.998,301.201,290.501,288.269,277.569,10.7,-2.292,5.328,4.895,-24.298,263.972,189,-18.045,,,
2026-09-27T20:56:52.000Z,1790542612.000,32.642337323,-117.189747911,1.869,298.883,288.183,291.784,281.084,10.7,4.48,4.365,4.896,-27.948,263.835,188,-19.055,,,
2026-09-27T20:56:53.000Z,1790542613.000,32.642340657,-117.189758176,2.172,283.221,272.521,289.488,278.788,10.7,-2.853,3.506,4.896,-25.399,264.09,187,-20.067,,,
2026-09-27T20:56:54.000Z,1790542614.000,32.642344781,-117.189767735,1.9,308.351,297.651,287.742,277.042,10.7,0.645,5.116,4.897,-23.551,264.191,186,-21.057,,,
2026-09-27T20:56:55.000Z,1790542615.000,32.642348707,-117.189774979,1.228,308.244,297.544,288.743,278.043,10.7,3.657,4.804,4.897,-24.793,263.95,185,-21.866,,,
2026-09-27T20:56:56.000Z,1790542616.000,32.642351396,-117.189782156,1.434,295.581,284.881,286.736,276.036,10.7,-0.736,3.464,4.898,-23.113,263.623,184,-22.581,,,
2026-09-27T20:56:57.000Z,1790542617.000,32.642353423,-117.189790846,1.662,284.045,273.345,281.508,270.808,10.7,-2.662,4.192,4.898,-17.863,263.645,183,-23.332,,,
2026-09-27T20:56:58.000Z,1790542618.000,32.642356145,-117.18979762,1.239,282.698,271.998,283.855,273.155,10.7,2.265,3.967,4.899,-20.545,263.309,182,-24.076,,,
2026-09-27T20:56:59.000Z,1790542619.000,32.642357468,-117.189804577,1.2,263.415,252.715,283.374,272.674,10.7,-1.015,5.612,4.899,-20.132,263.241,181,-24.72,,,
2026-09-27T20:57:00.000Z,1790542620.000,32.64235919,-117.189811745,1.4,281.944,271.244,282.27,271.57,10.7,-2.2,3.765,4.9,-19.168,263.102,180,-25.39,,,
2026-09-27T20:57:01.000Z,1790542621.000,32.642361733,-117.189820089,1.638,292.668,281.968,283.924,273.224,10.7,1.294,4.438,4.901,-20.898,263.025,179,-26.245,,,
2026-09-27T20:57:02.000Z,1790542622.000,32.642364423,-117.189829817,2.023,281.765,271.065,281.769,271.069,10.7,0.737,3.716,4.901,-18.492,263.277,178,-27.16,,,
2026-09-27T20:57:03.000Z,1790542623.000,32.642366144,-117.189840606,1.862,282.831,272.131,277.044,266.344,10.7,-3.975,5.481,4.902,-13.271,263.773,177,-28.052,,,
2026-09-27T20:57:04.000Z,1790542624.000,32.642368692,-117.189848484,1.269,291.504,280.804,274.492,263.792,10.7,0.68,4.527,4.902,-10.058,264.433,176,-28.771,,,
2026-09-27T20:57:05.000Z,1790542625.000,32.642370927,-117.189852707,0.573,298.926,288.226,275.38,264.68,10.7,-0.051,5.117,4.903,-10.071,265.309,175,-29.26,,,
2026-09-27T20:57:06.000Z,1790542626.000,32.642372987,-117.189854811,0.6,306.436,295.736,278.936,268.236,10.7,-2.751,2.838,4.903,-12.782,266.154,174,-29.624,,,
2026-09-27T20:57:07.000Z,1790542627.000,32.642374,-117.189858172,0.767,295.925,285.225,282.566,271.866,10.7,-2.836,4.002,4.904,-15.721,266.845,173,-30.03,,,
2026-09-27T20:57:08.000Z,1790542628.000,32.642374865,-117.189864217,1.265,267.779,257.079,281.076,270.376,10.7,-0.035,3.776,4.904,-13.298,267.778,172,-30.556,,,
2026-09-27T20:57:09.000Z,1790542629.000,32.642376693,-117.189872527,1.472,291.772,281.072,280.536,269.836,10.7,1.593,5.064,4.905,-11.589,268.947,171,-31.336,,,
2026-09-27T20:57:10.000Z,1790542630.000,32.64237804,-117.189881162,1.6,280.381,269.681,277.62,266.92,10.7,-4.001,4.72,4.906,-7.827,269.793,170,-32.066,,,
2026-09-27T20:57:11.000Z,1790542631.000,32.642380739,-117.189887579,1.128,306.933,296.233,275.657,264.957,10.7,-0.989,4,4.906,-4.104,271.552,169,-32.687,,,
2026-09-27T20:57:12.000Z,1790542632.000,32.642382897,-117.189892956,1.034,279.296,268.596,273.406,262.706,10.7,-1.022,4.303,4.907,-0.231,273.175,168,-33.18,,,
2026-09-27T20:57:13.000Z,1790542633.000,32.642383497,-117.189897893,0.603,309.347,298.647,272.262,261.562,10.7,-4.869,4.966,4.907,2.605,274.867,167,-33.592,,,
2026-09-27T20:57:14.000Z,1790542634.000,32.6423848,-117.189901878,0.985,285.073,274.373,272.438,261.738,10.7,-0.615,3.47,4.908,4.156,276.595,166,-33.997,,,
2026-09-27T20:57:15.000Z,1790542635.000,32.642384167,-117.189906465,1,261.239,250.539,271,260.301,10.7,-1.133,4.567,4.908,7.589,278.59,165,-34.309,,,
2026-09-27T20:57:16.000Z,1790542636.000,32.6423839,-117.189910837,0.669,263.118,252.418,269.433,258.733,10.7,-1.095,4.366,4.909,11.543,280.976,164,-34.614,,,
2026-09-27T20:57:17.000Z,1790542637.000,32.642384897,-117.189914124,0.831,295.1,284.4,267.938,257.238,10.7,-2.193,3.91,4.909,15.317,283.255,163,-34.886,,,
2026-09-27T20:57:18.000Z,1790542638.000,32.642386263,-117.189916743,0.79,271.954,261.254,265.421,254.721,10.7,-2.548,4.306,4.91,20.111,285.531,162,-35.075,,,
2026-09-27T20:57:19.000Z,1790542639.000,32.642387982,-117.189919293,1.082,328.968,318.268,264.589,253.889,10.7,-2.814,4.637,4.911,23.243,287.832,161,-35.338,,,
2026-09-27T20:57:20.000Z,1790542640.000,32.642389968,-117.189923042,0.868,289.338,278.638,260.397,249.697,10.7,-1.068,4.277,4.911,29.858,290.255,160,-35.567,,,
2026-09-27T20:57:21.000Z,1790542641.000,32.642388669,-117.189927423,0.904,271.73,261.03,254.885,244.185,10.7,-6.135,3.565,4.912,37.563,292.448,159,-35.604,,,
2026-09-27T20:57:22.000Z,1790542642.000,32.6423887,-117.189929663,0.263,310.5,299.8,252.121,241.421,10.7,0.747,6.41,4.912,42.854,294.974,158,-35.647,,,
2026-09-27T20:57:23.000Z,1790542643.000,32.642387193,-117.1899306,0.5,192.484,181.784,249.885,239.185,10.7,-1.562,1.954,4.913,47.284,297.169,157,-35.529,,,
2026-09-27T20:57:24.000Z,1790542644.000,32.642384532,-117.189931668,0.632,194.066,183.366,250.535,239.835,10.7,-2.767,4.833,4.913,49.138,299.673,156,-35.531,,,
2026-09-27T20:57:25.000Z,1790542645.000,32.642382669,-117.18993549,0.931,239.655,228.955,248.976,238.276,10.7,0.003,4.234,4.914,53.193,302.169,155,-35.677,,,
2026-09-27T20:57:26.000Z,1790542646.000,32.642380439,-117.189940182,0.98,233.712,223.012,245.839,235.139,10.7,-3.142,4.981,4.914,58.973,304.812,154,-35.781,,,
2026-09-27T20:57:27.000Z,1790542647.000,32.64237863,-117.189943793,0.7,250.702,240.002,242.607,231.907,10.7,-4.789,3.6,4.915,64.707,307.314,153,-35.798,,,
2026-09-27T20:57:28.000Z,1790542648.000,32.642377264,-117.189945968,0.359,213.001,202.301,238.254,227.554,10.7,-6.264,2.964,4.916,71.49,309.744,152,-35.63,,,
2026-09-27T20:57:29.000Z,1790542649.000,32.642376134,-117.189945967,0.434,162.12,151.42,233.801,223.101,10.7,-6.534,5.766,4.916,78.265,312.065,151,-35.267,,,
2026-09-27T20:57:30.000Z,1790542650.000,32.642374678,-117.189944617,0.522,145.644,134.944,231.456,220.756,10.7,-4.195,2.622,4.917,82.69,314.146,150,-34.915,,,
2026-09-27T20:57:31.000Z,1790542651.000,32.642373191,-117.189944462,0.447,187.092,176.392,228.82,218.12,10.7,0.894,4.171,4.917,87.472,316.292,149,-34.638,,,
2026-09-27T20:57:32.000Z,1790542652.000,32.642368651,-117.189946508,1.336,201.829,191.129,223.955,213.255,10.7,-1.545,3.247,4.918,94.575,318.53,148,-34.229,,,
2026-09-27T20:57:33.000Z,1790542653.000,32.642362803,-117.189950897,1.701,228.505,217.805,219.736,209.036,10.7,-4.403,4.965,4.918,100.809,320.545,147,-33.997,,,
2026-09-27T20:57:34.000Z,1790542654.000,32.642356482,-117.189954747,1.191,204.291,193.591,212.891,202.191,10.7,-4.676,4.071,4.919,109.482,322.373,146,-33.481,,,
2026-09-27T20:57:35.000Z,1790542655.000,32.642351587,-117.1899562,1.084,171.55,160.85,206.696,195.996,10.7,-0.684,6.452,4.919,116.976,323.672,145,-32.872,,,
2026-09-27T20:57:36.000Z,1790542656.000,32.642346254,-117.1899555,1.036,191.639,180.939,207.773,197.073,10.7,-2.935,0.992,4.92,116.183,323.956,144,-32.648,,,
2026-09-27T20:57:37.000Z,1790542657.000,32.642341903,-117.189955566,0.934,185.794,175.094,204.568,193.868,10.7,-0.598,6.54,4.921,119.01,323.579,143,-32.189,,,
2026-09-27T20:57:38.000Z,1790542658.000,32.642337877,-117.189956535,0.771,178.834,168.134,201.983,191.283,10.7,-1.294,5.282,4.921,120.917,322.899,142,-31.871,,,
2026-09-27T20:57:39.000Z,1790542659.000,32.642334007,-117.189953953,1.1,154.38,143.68,197.708,187.008,10.7,-9.102,4.313,4.922,124.507,322.216,141,-31.124,,,
2026-09-27T20:57:40.000Z,1790542660.000,32.642331194,-117.1899531,0.431,200.2,189.5,199.831,189.131,10.7,0.447,4.967,4.922,120.17,320.001,140,-31.09,,,
2026-09-27T20:57:41.000Z,1790542661.000,32.6423275,-117.189952733,1,176.066,165.366,200.467,189.767,10.7,-2.133,3.033,4.923,116.904,317.371,139,-30.936,,,
2026-09-27T20:57:42.000Z,1790542662.000,32.642322955,-117.189955885,1.43,216.344,205.644,201.905,191.205,10.7,-0.84,4.67,4.923,111.895,313.8,138,-31.105,,,
2026-09-27T20:57:43.000Z,1790542663.000,32.642316173,-117.189960818,1.8,208.597,197.897,199.562,188.862,10.7,-3.871,5.5,4.924,110.583,310.145,137,-31.013,,,
2026-09-27T20:57:44.000Z,1790542664.000,32.642308682,-117.189967009,2.07,212.477,201.777,197.331,186.631,10.7,-1.04,4.619,4.924,108.978,306.31,136,-31.005,,,
2026-09-27T20:57:45.000Z,1790542665.000,32.642299596,-117.189971029,2.177,194.798,184.098,193.232,182.532,10.7,-2.168,4.539,4.925,109.33,302.562,135,-30.589,,,
2026-09-27T20:57:46.000Z,1790542666.000,32.642290124,-117.189974488,2,201.715,191.015,192.7,182,10.7,-2.404,4.231,4.926,106.144,298.844,134,-30.393,,,
2026-09-27T20:57:47.000Z,1790542667.000,32.642280085,-117.189977923,2.362,188.18,177.48,188.685,177.985,10.7,-5.046,4.638,4.926,106.242,294.927,133,-29.895,,,
2026-09-27T20:57:48.000Z,1790542668.000,32.642269745,-117.189980228,2.17,199.062,188.362,191.388,180.688,10.7,-14.921,3.4,4.927,99.821,291.209,132,-29.813,,,
2026-09-27T20:57:49.000Z,1790542669.000,32.642262071,-117.189984398,1.567,196.35,185.65,189.934,179.234,10.7,-9.368,6.396,4.927,97.866,287.799,131,-29.69,,,
2026-09-27T20:57:50.000Z,1790542670.000,32.642254735,-117.189986322,1.729,190.883,180.183,191.993,181.293,10.7,-5.121,2.35,4.928,91.975,283.968,130,-29.669,,,
2026-09-27T20:57:51.000Z,1790542671.000,32.642246735,-117.189989885,2.19,215.05,204.35,197.916,187.216,10.7,0.491,2.868,4.928,82.119,280.035,129,-30.066,,,
2026-09-27T20:57:52.000Z,1790542672.000,32.642236185,-117.189996823,2.911,210.137,199.437,197.711,187.011,10.7,-5.145,4.898,4.929,78.53,276.241,128,-30.14,,,
2026-09-27T20:57:53.000Z,1790542673.000,32.642224112,-117.190005318,3.068,217.412,206.712,198.438,187.738,10.7,-11.71,4.13,4.929,73.646,272.083,127,-30.348,,,
2026-09-27T20:57:54.000Z,1790542674.000,32.64221212,-117.190013322,2.932,207.563,196.863,197.803,187.103,10.7,-10.097,6.092,4.93,70.225,268.028,126,-30.41,,,
2026-09-27T20:57:55.000Z,1790542675.000,32.642200214,-117.190022415,3.1,210.39,199.69,197.419,186.719,10.7,-4.473,3.705,4.931,66.998,264.417,125,-30.587,,,
2026-09-27T20:57:56.000Z,1790542676.000,32.642187292,-117.190030173,3.039,202.638,191.938,194.435,183.735,10.7,-2.356,3.417,4.931,67.513,261.949,124,-30.396,,,
2026-09-27T20:57:57.000Z,1790542677.000,32.64217389,-117.190035951,3.205,199.666,188.966,189.908,179.208,10.7,-1.441,4.064,4.932,69.925,259.833,123,-29.895,,,
2026-09-27T20:57:58.000Z,1790542678.000,32.642159462,-117.190040425,3.037,194.404,183.704,185.946,175.246,10.7,-0.675,3.6,4.932,71.539,257.486,122,-29.286,,,
2026-09-27T20:57:59.000Z,1790542679.000,32.642145063,-117.190043406,3.384,188.24,177.54,178.871,168.171,10.7,-1.884,5.326,4.933,76.545,255.416,121,-28.33,,,
2026-09-27T20:58:00.000Z,1790542680.000,32.642130003,-117.19004441,3.16,181.174,170.474,174.351,163.651,10.7,-4.858,4.71,4.933,80.567,254.918,120,-27.382,,,
2026-09-27T20:58:01.000Z,1790542681.000,32.642114048,-117.190046914,3.468,190.474,179.774,173.427,162.727,10.7,-3.222,6.332,4.934,81.698,255.125,119,-26.777,,,
2026-09-27T20:58:02.000Z,1790542682.000,32.642096412,-117.190051165,3.8,186.953,176.253,169.703,159.003,10.7,-2.761,4.562,4.934,85.801,255.504,118,-26.053,,,
2026-09-27T20:58:03.000Z,1790542683.000,32.642078136,-117.190054331,4.185,187.055,176.355,167.484,156.784,10.7,-3.184,3.838,4.935,88.285,255.769,117,-25.314,,,
2026-09-27T20:58:04.000Z,1790542684.000,32.64205859,-117.190054006,4.276,173.202,162.502,160.558,149.858,10.7,-1.765,5.333,4.936,95.856,256.415,116,-23.94,,,
2026-09-27T20:58:05.000Z,1790542685.000,32.642039043,-117.190048409,4.069,163.63,152.93,159.162,148.462,10.7,-1.947,5.346,4.936,97.548,256.71,115,-22.463,,,
2026-09-27T20:58:06.000Z,1790542686.000,32.642020528,-117.190043231,3.833,163.094,152.394,157.198,146.498,10.7,1.766,5.467,4.937,99.679,256.878,114,-21.041,,,
2026-09-27T20:58:07.000Z,1790542687.000,32.642002777,-117.190037361,4.1,161.811,151.111,153.284,142.584,10.7,1.148,4.016,4.937,103.56,256.844,113,-19.501,,,
2026-09-27T20:58:08.000Z,1790542688.000,32.641985182,-117.190029329,4.2,154.999,144.299,149.145,138.445,10.7,-2.9,3.708,4.938,107.513,256.658,112,-17.791,,,
2026-09-27T20:58:09.000Z,1790542689.000,32.641967187,-117.190021275,4.069,165.275,154.575,148.206,137.506,10.7,-2.862,4.487,4.938,108.179,256.385,111,-16.217,,,
2026-09-27T20:58:10.000Z,1790542690.000,32.641948087,-117.190014429,4.367,162.05,151.35,146.866,136.166,10.7,-1.67,4.965,4.939,109.231,256.097,110,-14.676,,,
2026-09-27T20:58:11.000Z,1790542691.000,32.64192818,-117.190009179,4.331,167.342,156.641,147.076,136.376,10.7,-3.797,5.528,4.939,108.932,256.008,109,-13.3,,,
2026-09-27T20:58:12.000Z,1790542692.000,32.641908652,-117.190002688,4.4,159.467,148.767,141.935,131.235,10.7,-2.991,3.524,4.94,114.135,256.07,108,-11.624,,,
2026-09-27T20:58:13.000Z,1790542693.000,32.641891556,-117.189989749,4.538,139.355,128.655,135.285,124.585,10.7,-2.4,5.347,4.941,120.941,256.226,107,-9.505,,,
2026-09-27T20:58:14.000Z,1790542694.000,32.64187621,-117.189973611,4.366,136.97,126.27,135.035,124.335,10.7,3.292,4.763,4.941,121.289,256.323,106,-7.405,,,
2026-09-27T20:58:15.000Z,1790542695.000,32.641861239,-117.18995711,4.443,136.113,125.413,131.77,121.07,10.7,5.515,3.744,4.942,124.517,256.287,105,-5.216,,,
2026-09-27T20:58:16.000Z,1790542696.000,32.641846924,-117.189940327,4.262,131.059,120.359,124.265,113.565,10.7,-0.231,2.524,4.942,132.074,256.34,104,-2.982,,,
2026-09-27T20:58:17.000Z,1790542697.000,32.641833645,-117.189925774,3.6,139.656,128.956,116.947,106.247,10.7,-0.009,4.979,4.943,139.571,256.518,103,-1.065,,,
2026-09-27T20:58:18.000Z,1790542698.000,32.641822307,-117.189911796,3.504,131.596,120.896,111.621,100.921,10.7,-1.882,3.636,4.943,145.066,256.687,102,0.649,,,
2026-09-27T20:58:19.000Z,1790542699.000,32.641812059,-117.189898266,3.3,132.821,122.121,105.717,95.017,10.7,-0.141,4.414,4.944,151.094,256.811,101,2.226,,,
2026-09-27T20:58:20.000Z,1790542700.000,32.641803429,-117.189881598,3.524,116.405,105.705,100.142,89.442,10.7,1.738,4.347,4.944,156.751,256.893,100,3.951,,,
2026-09-27T20:58:21.000Z,1790542701.000,32.641797947,-117.189861397,4,104.472,93.772,93.54,82.84,10.7,1.6,3.569,4.945,163.313,256.853,99,5.755,,,
2026-09-27T20:58:22.000Z,1790542702.000,32.641795297,-117.189839326,4.435,92.436,81.736,85.792,75.092,10.7,5.175,4.127,4.946,170.964,256.756,98,7.481,,,
2026-09-27T20:58:23.000Z,1790542703.000,32.64179553,-117.189816932,4.17,86.387,75.687,79.457,68.757,10.7,4.004,4.2,4.946,177.405,256.862,97,9.092,,,
2026-09-27T20:58:24.000Z,1790542704.000,32.641798361,-117.189795328,3.773,75.258,64.558,72.835,62.135,10.7,3.418,4.637,4.947,-175.844,256.991,96,10.451,,,
2026-09-27T20:58:25.000Z,1790542705.000,32.641803075,-117.189776376,3.259,69.632,58.932,65.15,54.45,10.7,1.803,4.166,4.947,-167.825,257.325,95,11.387,,,
2026-09-27T20:58:26.000Z,1790542706.000,32.641807372,-117.189761014,2.6,72.488,61.788,60.996,50.296,10.7,4.8,5.5,4.948,-163.205,257.791,94,12.221,,,
2026-09-27T20:58:27.000Z,1790542707.000,32.641812311,-117.189747248,2.571,61.67,50.97,59.724,49.024,10.7,2.436,3.223,4.948,-161.545,258.179,93,13.07,,,
2026-09-27T20:58:28.000Z,1790542708.000,32.641818289,-117.189733268,3.136,61.399,50.699,54.453,43.753,10.7,2.091,3.592,4.949,-156.084,258.369,92,13.61,,,
2026-09-27T20:58:29.000Z,1790542709.000,32.641825656,-117.189716124,3.689,63.289,52.589,53.216,42.516,10.7,0.713,3.83,4.949,-154.863,258.352,91,14.628,,,
2026-09-27T20:58:30.000Z,1790542710.000,32.641833583,-117.189695664,4.2,63.705,53.005,55.135,44.435,10.7,4.497,4.662,4.95,-156.91,258.225,90,16.124,,,
2026-09-27T20:58:31.000Z,1790542711.000,32.641842951,-117.189673704,4.566,64.3,53.6,54.197,43.497,10.7,2.339,4.044,4.951,-156.113,258.084,89,17.477,,,
2026-09-27T20:58:32.000Z,1790542712.000,32.64185185,-117.189651713,4.3,66.874,56.174,54.78,44.08,10.7,0,5.39,4.951,-156.839,257.941,88,18.962,,,
2026-09-27T20:58:33.000Z,1790542713.000,32.641859535,-117.189631535,3.483,67.1,56.4,57.796,47.096,10.7,-0.47,5.635,4.952,-159.961,257.834,87,20.519,,,
2026-09-27T20:58:34.000Z,1790542714.000,32.641865343,-117.189616209,2.797,71.314,60.614,56.93,46.23,10.7,1.586,3.965,4.952,-159.076,257.854,86,21.485,,,
2026-09-27T20:58:35.000Z,1790542715.000,32.641869324,-117.189603994,2.131,65.858,55.158,51.069,40.369,10.7,6.517,4.789,4.953,-153.078,257.991,85,21.916,,,
2026-09-27T20:58:36.000Z,1790542716.000,32.641874296,-117.189592783,2.31,62.75,52.05,47.104,36.404,10.7,3.241,4.684,4.953,-148.953,258.152,84,22.338,,,
2026-09-27T20:58:37.000Z,1790542717.000,32.641881056,-117.189579839,2.9,53.658,42.958,45.637,34.937,10.7,2.011,4.223,4.954,-147.306,258.33,83,23.005,,,
2026-09-27T20:58:38.000Z,1790542718.000,32.641889473,-117.189564488,3.701,56.047,45.347,42.368,31.668,10.7,3.337,2.5,4.954,-143.831,258.537,82,23.658,,,
2026-09-27T20:58:39.000Z,1790542719.000,32.641899437,-117.189547048,4,57.625,46.925,42.78,32.08,10.7,3.943,4.316,4.955,-144.044,258.736,81,24.698,,,
2026-09-27T20:58:40.000Z,1790542720.000,32.64191169,-117.189529989,4.076,47.898,37.198,38.406,27.706,10.7,-0.317,4.494,4.956,-139.5,258.906,80,25.224,,,
2026-09-27T20:58:41.000Z,1790542721.000,32.64192537,-117.189512837,4.441,45.937,35.237,37.826,27.126,10.7,2.77,3.019,4.956,-138.751,259.075,79,25.986,,,
2026-09-27T20:58:42.000Z,1790542722.000,32.641940166,-117.189496298,4.471,39.166,28.466,34.2,23.5,10.7,5.9,3.888,4.957,-134.948,259.252,78,26.401,,,
2026-09-27T20:58:43.000Z,1790542723.000,32.641956338,-117.189480657,4.234,35.534,24.834,30.105,19.405,10.7,2.754,4.415,4.957,-130.677,259.428,77,26.633,,,
2026-09-27T20:58:44.000Z,1790542724.000,32.641973233,-117.189468745,4.177,28.664,17.964,21.099,10.399,10.7,-2.723,4.823,4.958,-121.498,259.601,76,26.116,,,
2026-09-27T20:58:45.000Z,1790542725.000,32.641989724,-117.18945832,3.933,27.091,16.391,18.73,8.03,10.7,1.139,3.624,4.958,-118.958,259.772,75,26.029,,,
2026-09-27T20:58:46.000Z,1790542726.000,32.642005217,-117.18945134,3.666,17.455,6.755,11.614,0.914,10.7,1.845,4.705,4.959,-111.661,259.953,74,25.321,,,
2026-09-27T20:58:47.000Z,1790542727.000,32.642019802,-117.189445656,3.229,17.621,6.921,10.82,0.12,10.7,2.777,5.443,4.959,-110.678,260.142,73,25.052,,,
2026-09-27T20:58:48.000Z,1790542728.000,32.642033464,-117.189441296,3.163,15.188,4.488,8.666,357.966,10.7,2.011,3.237,4.96,-108.334,260.332,72,24.608,,,
2026-09-27T20:58:49.000Z,1790542729.000,32.642047576,-117.189437346,3.131,13.263,2.563,8.401,357.701,10.7,4.815,4.954,4.961,-107.884,260.516,71,24.256,,,
2026-09-27T20:58:50.000Z,1790542730.000,32.642063745,-117.18943413,3.767,12.798,2.098,2.63,351.93,10.7,1.833,3.902,4.961,-101.95,260.679,70,23.324,,,
2026-09-27T20:58:51.000Z,1790542731.000,32.642081846,-117.189430092,4.264,7.843,357.143,358.744,348.044,10.7,2.665,3.964,4.962,-97.912,260.832,69,22.525,,,
2026-09-27T20:58:52.000Z,1790542732.000,32.642100377,-117.18942533,4.383,9.32,358.62,358.137,347.437,10.7,-0.502,2.725,4.962,-97.137,261.001,68,22.01,,,
2026-09-27T20:58:53.000Z,1790542733.000,32.642119287,-117.189418194,4.3,15.922,5.222,5.818,355.118,10.7,-0.421,3.788,4.963,-104.657,261.161,67,22.294,,,
2026-09-27T20:58:54.000Z,1790542734.000,32.642136884,-117.189407853,4.402,31.076,20.376,13.556,2.856,10.7,0.709,3.891,4.963,-112.208,261.348,66,22.945,,,
2026-09-27T20:58:55.000Z,1790542735.000,32.64215457,-117.18939491,4.765,31.12,20.42,22.77,12.07,10.7,-1.81,4.285,4.964,-121.223,261.547,65,23.948,,,
2026-09-27T20:58:56.000Z,1790542736.000,32.642171872,-117.189379182,4.815,42.389,31.689,30.218,19.518,10.7,-2.737,3.538,4.964,-128.5,261.718,64,25.068,,,
2026-09-27T20:58:57.000Z,1790542737.000,32.642187164,-117.18935907,4.9,52.619,41.919,42.071,31.371,10.7,-1.686,3.531,4.965,-140.193,261.877,63,26.993,,,
2026-09-27T20:58:58.000Z,1790542738.000,32.64219867,-117.189337992,4.566,60.202,49.502,50.705,40.005,10.7,-1.731,4.567,4.966,-148.66,262.045,62,28.889,,,
2026-09-27T20:58:59.000Z,1790542739.000,32.642206943,-117.189317472,3.87,64.866,54.166,57.994,47.294,10.7,-3.5,4.524,4.966,-155.781,262.214,61,30.754,,,
2026-09-27T20:59:00.000Z,1790542740.000,32.642211833,-117.189298314,3.415,76.662,65.962,61.462,50.762,10.7,-2.889,3.7,4.967,-159.08,262.382,60,32.379,,,
2026-09-27T20:59:01.000Z,1790542741.000,32.642212969,-117.189278935,3.561,88.293,77.593,67.448,56.748,10.7,2.732,4.323,4.967,-164.891,262.557,59,34.343,,,
2026-09-27T20:59:02.000Z,1790542742.000,32.642213934,-117.18925952,3.634,88.738,78.038,70.6,59.9,10.7,-0.099,4.265,4.968,-167.849,262.751,58,36.128,,,
2026-09-27T20:59:03.000Z,1790542743.000,32.642215355,-117.189237415,4.425,82.314,71.614,69.71,59.01,10.7,3.88,4.465,4.968,-166.766,262.944,57,37.884,,,
2026-09-27T20:59:04.000Z,1790542744.000,32.642219471,-117.189213848,4.544,79.222,68.522,65.996,55.296,10.7,4.323,3.705,4.969,-162.87,263.126,56,39.465,,,
2026-09-27T20:59:05.000Z,1790542745.000,32.642226678,-117.18919032,4.392,68.275,57.575,59.199,48.499,10.7,7.87,4.616,4.969,-155.879,263.32,55,40.682,,,
2026-09-27T20:59:06.000Z,1790542746.000,32.642236751,-117.189170637,3.865,57.074,46.374,47.877,37.177,10.7,10.373,4.535,4.97,-144.385,263.492,54,41.068,,,
2026-09-27T20:59:07.000Z,1790542747.000,32.642249243,-117.189156152,3.8,35.759,25.059,37.23,26.53,10.7,11.042,4.268,4.971,-133.57,263.66,53,40.884,,,
2026-09-27T20:59:08.000Z,1790542748.000,32.642263289,-117.189146428,3.423,29.035,18.335,24.207,13.507,10.7,12.804,5.7,4.971,-120.315,263.891,52,39.996,,,
2026-09-27T20:59:09.000Z,1790542749.000,32.642278549,-117.189140584,3.531,11.501,0.801,12.215,1.515,10.7,13.101,4.27,4.972,-108.158,264.057,51,38.806,,,
2026-09-27T20:59:10.000Z,1790542750.000,32.642294117,-117.189138768,3.266,2.629,351.929,359.269,348.569,10.7,10.092,4.469,4.972,-95.047,264.222,50,37.237,,,
2026-09-27T20:59:11.000Z,1790542751.000,32.642308931,-117.189138159,3.359,353.471,342.771,357.431,346.731,10.7,13.083,3.9,4.973,-93.035,264.396,49,36.456,,,
2026-09-27T20:59:12.000Z,1790542752.000,32.642323417,-117.189142575,3.323,340.268,329.568,339.122,328.422,10.7,9.477,4.368,4.973,-74.54,264.581,48,34.215,,,
2026-09-27T20:59:13.000Z,1790542753.000,32.642337291,-117.189148551,3.28,336.017,325.317,327.639,316.939,10.7,15.02,4.91,4.974,-62.867,264.772,47,32.477,,,
2026-09-27T20:59:14.000Z,1790542754.000,32.642347245,-117.189157315,2.733,313.891,303.191,312.114,301.414,10.7,13.459,4.174,4.974,-47.143,264.971,46,30.739,,,
2026-09-27T20:59:15.000Z,1790542755.000,32.64235306,-117.189170438,2.766,288.409,277.709,291.708,281.008,10.7,7.521,2.666,4.975,-26.549,265.159,45,29.159,,,
2026-09-27T20:59:16.000Z,1790542756.000,32.642355637,-117.189185122,2.737,276.769,266.069,276.857,266.157,10.7,3.968,3.305,4.976,-11.525,265.332,44,28.019,,,
2026-09-27T20:59:17.000Z,1790542757.000,32.64235382,-117.189200997,2.93,259.06,248.36,262.813,252.113,10.7,-6.569,3.251,4.976,2.7,265.513,43,27.242,,,
2026-09-27T20:59:18.000Z,1790542758.000,32.642352427,-117.189213888,2.232,259.028,248.328,253.425,242.725,10.7,-1.54,7.635,4.977,12.248,265.673,42,26.672,,,
2026-09-27T20:59:19.000Z,1790542759.000,32.642350034,-117.189226688,2.3,262.742,252.042,250.329,239.629,10.7,-8.035,3.056,4.977,15.504,265.833,41,25.872,,,
2026-09-27T20:59:20.000Z,1790542760.000,32.642349131,-117.189239481,2.456,263.627,252.927,250.509,239.809,10.7,-4.573,3.374,4.978,15.507,266.016,40,24.82,,,
2026-09-27T20:59:21.000Z,1790542761.000,32.642347393,-117.189253093,2.4,258.289,247.589,247.348,236.648,10.7,-8.455,4.269,4.978,18.836,266.185,39,23.933,,,
2026-09-27T20:59:22.000Z,1790542762.000,32.642345297,-117.189264322,2.097,250.766,240.066,244.197,233.497,10.7,-11.068,3.826,4.979,22.155,266.352,38,23.274,,,
2026-09-27T20:59:23.000Z,1790542763.000,32.642344001,-117.189273925,1.9,247.519,236.819,241.634,230.934,10.7,-7.228,5.165,4.979,24.885,266.519,37,22.686,,,
2026-09-27T20:59:24.000Z,1790542764.000,32.642341106,-117.18928275,1.847,242.717,232.017,238.953,228.253,10.7,-4.747,4.365,4.98,27.763,266.716,36,22.252,,,
2026-09-27T20:59:25.000Z,1790542765.000,32.642336125,-117.189292972,2.523,241.402,230.702,238.077,227.377,10.7,-5.974,3.759,4.981,28.809,266.886,35,21.68,,,
2026-09-27T20:59:26.000Z,1790542766.000,32.64232889,-117.189305155,2.969,226.872,216.172,234.131,223.431,10.7,-10.117,4.138,4.981,32.908,267.039,34,21.263,,,
2026-09-27T20:59:27.000Z,1790542767.000,32.642321933,-117.189318633,2.9,240.533,229.833,232.967,222.267,10.7,-6.5,4.767,4.982,34.245,267.211,33,20.532,,,
2026-09-27T20:59:28.000Z,1790542768.000,32.642316313,-117.189330934,2.235,246.78,236.08,230.839,220.139,10.7,-8.67,4.287,4.982,36.543,267.382,32,19.909,,,
2026-09-27T20:59:29.000Z,1790542769.000,32.642310985,-117.189340469,1.992,234.096,223.396,229.277,218.577,10.7,-10.138,3.585,4.983,38.279,267.556,31,19.467,,,
2026-09-27T20:59:30.000Z,1790542770.000,32.642306681,-117.189348458,1.6,235.469,224.769,229.855,219.155,10.7,-12.064,4.036,4.983,37.877,267.732,30,18.95,,,
2026-09-27T20:59:31.000Z,1790542771.000,32.642302995,-117.189355806,1.466,232.928,222.228,229.834,219.134,10.7,-10.405,4.669,4.984,38.074,267.908,29,18.503,,,
2026-09-27T20:59:32.000Z,1790542772.000,32.642297909,-117.189364848,2.169,240.231,229.531,229.409,218.709,10.7,-7.909,2.463,4.984,38.687,268.096,28,18.008,,,
2026-09-27T20:59:33.000Z,1790542773.000,32.642290613,-117.189375719,2.723,233.417,222.717,225.592,214.892,10.7,-10.215,6.617,4.985,42.701,268.292,27,17.717,,,
2026-09-27T20:59:34.000Z,1790542774.000,32.642281812,-117.189388438,2.86,232.293,221.593,220.101,209.401,10.7,-9.049,4.509,4.986,48.368,268.47,26,17.479,,,
2026-09-27T20:59:35.000Z,1790542775.000,32.642271903,-117.189398796,2.8,221.306,210.606,221.032,210.332,10.7,-12.635,3.101,4.986,47.594,268.626,25,16.996,,,
2026-09-27T20:59:36.000Z,1790542776.000,32.642263121,-117.18940941,2.696,222.144,211.444,221.131,210.431,10.7,-9.993,6.289,4.987,47.694,268.825,24,16.503,,,
2026-09-27T20:59:37.000Z,1790542777.000,32.642254145,-117.189419583,2.672,224.857,214.157,224.421,213.721,10.7,-10.651,3.643,4.987,44.594,269.015,23,15.81,,,
2026-09-27T20:59:38.000Z,1790542778.000,32.642246661,-117.189429939,2.43,230.828,220.128,227.16,216.46,10.7,-11.67,5.759,4.988,42.036,269.195,22,15.078,,,
2026-09-27T20:59:39.000Z,1790542779.000,32.64223949,-117.189441921,2.697,241.895,231.195,230.768,220.068,10.7,-11.865,1.375,4.988,38.597,269.364,21,14.133,,,
2026-09-27T20:59:40.000Z,1790542780.000,32.642233747,-117.189455172,2.769,240.186,229.486,233.937,223.237,10.7,-10.6,4.206,4.989,35.595,269.532,20,13.052,,,
2026-09-27T20:59:41.000Z,1790542781.000,32.642228849,-117.189468653,2.778,250.873,240.173,236.035,225.335,10.7,-11.527,3.971,4.989,33.672,269.706,19,11.993,,,
2026-09-27T20:59:42.000Z,1790542782.000,32.642224713,-117.189482206,2.6,250.137,239.437,239.453,228.753,10.7,-13.139,4.056,4.99,30.428,269.881,18,10.806,,,
2026-09-27T20:59:43.000Z,1790542783.000,32.642221922,-117.189495338,2.268,259.66,248.96,243.114,232.414,10.7,-11.491,5.509,4.991,26.953,270.067,17,9.585,,,
2026-09-27T20:59:44.000Z,1790542784.000,32.642220001,-117.189507362,2.434,256.624,245.924,250.965,240.265,10.7,-9.969,2.204,4.991,19.267,270.232,16,8.182,,,
2026-09-27T20:59:45.000Z,1790542785.000,32.642217977,-117.189520159,2.6,258.256,247.556,260.629,249.929,10.7,-11.24,4.16,4.992,9.753,270.382,15,6.697,,,
2026-09-27T20:59:46.000Z,1790542786.000,32.642218839,-117.189534243,2.777,269.131,258.431,267.623,256.923,10.7,-2.716,5.109,4.992,2.829,270.452,14,5.17,,,
2026-09-27T20:59:47.000Z,1790542787.000,32.642218193,-117.18954947,2.831,267.265,256.565,265.9,255.2,10.7,-4.707,3.466,4.993,4.356,270.256,13,3.976,,,
2026-09-27T20:59:48.000Z,1790542788.000,32.642218264,-117.189563616,2.502,274.726,264.026,262.78,252.08,10.7,0.088,4.768,4.993,7.13,269.91,12,2.904,,,
2026-09-27T20:59:49.000Z,1790542789.000,32.642217011,-117.189575127,2.2,259.997,249.297,251.508,240.808,10.7,-1.389,3.341,4.994,17.628,269.136,11,2.549,,,
2026-09-27T20:59:50.000Z,1790542790.000,32.642214291,-117.189583619,1.602,245.784,235.084,242.635,231.935,10.7,-4.574,5.698,4.994,26.327,268.962,10,2.492,,,
2026-09-27T20:59:51.000Z,1790542791.000,32.642210882,-117.189591406,1.63,229.452,218.752,232.815,222.115,10.7,-3.943,1.648,4.995,36.443,269.259,9,2.663,,,
2026-09-27T20:59:52.000Z,1790542792.000,32.642206678,-117.189597154,1.642,229.154,218.454,225.539,214.839,10.7,-2.036,6.652,4.996,44.159,269.698,8,2.913,,,
2026-09-27T20:59:53.000Z,1790542793.000,32.642201283,-117.189602552,1.4,213.712,203.012,213.788,203.088,10.7,-6.43,3.443,4.996,56.245,270.033,7,3.631,,,
2026-09-27T20:59:54.000Z,1790542794.000,32.642195537,-117.189606816,1.862,207.69,196.99,206.161,195.461,10.7,-6.493,5.129,4.997,64.026,270.187,6,4.157,,,
2026-09-27T20:59:55.000Z,1790542795.000,32.642187322,-117.189611116,2.131,199.523,188.823,199.507,188.807,10.7,-5.601,4.494,4.997,70.757,270.264,5,4.72,,,
2026-09-27T20:59:56.000Z,1790542796.000,32.642178327,-117.189614936,2.199,202.551,191.851,196.663,185.963,10.7,-7.97,4.301,4.998,73.715,270.378,4,5.05,,,
2026-09-27T20:59:57.000Z,1790542797.000,32.642167992,-117.189618609,2.236,201.484,190.784,197.309,186.609,10.7,-13.073,3.527,4.998,73.397,270.706,3,5.174,,,
2026-09-27T20:59:58.000Z,1790542798.000,32.642158425,-117.189624666,2.451,208.932,198.232,199.249,188.549,10.7,-9.049,5.905,4.999,71.973,271.222,2,4.956,,,
2026-09-27T20:59:59.000Z,1790542799.000,32.642147199,-117.189630771,2.56,201.49,190.79,200.05,189.35,10.7,-9.28,4.74,4.999,71.734,271.784,1,4.904,,,
2026-09-27T21:00:00.000Z,1790542800.000,32.642136557,-117.189636315,2.639,208.045,197.345,208.27,197.57,10.7,-14.039,4.473,5,64.056,272.326,0,4.27,,,
2026-09-27T21:00:01.000Z,1790542801.000,32.642126807,-117.189645493,2.998,221.681,210.981,213.201,202.501,10.7,-8.795,5.19,5.001,59.572,272.773,-1,3.555,,,
2026-09-27T21:00:02.000Z,1790542802.000,32.642116109,-117.189656729,3.337,226.191,215.491,214.987,204.287,10.7,-10.548,1.737,5.002,58.255,273.242,-2,2.964,,,
2026-09-27T21:00:03.000Z,1790542803.000,32.642105954,-117.189668216,3.13,224.371,213.671,212.781,202.081,10.7,-11.843,5.976,5.003,60.836,273.617,-3,2.647,,,
2026-09-27T21:00:04.000Z,1790542804.000,32.642096358,-117.189679879,2.967,228.805,218.105,214.669,203.969,10.7,-12.53,3.598,5.004,59.232,273.9,-4,1.96,,,
2026-09-27T21:00:05.000Z,1790542805.000,32.642087314,-117.189689993,2.564,221.785,211.085,213.271,202.571,10.7,-9.957,7.014,5.006,60.989,274.26,-5,1.641,,,
2026-09-27T21:00:06.000Z,1790542806.000,32.642078039,-117.189699485,2.7,220.319,209.619,216.062,205.362,10.7,-10.388,2.298,5.007,58.695,274.757,-6,1.051,,,
2026-09-27T21:00:07.000Z,1790542807.000,32.642069968,-117.189709332,2.605,220.283,209.583,218.732,208.032,10.7,-6.442,5.663,5.008,56.753,275.484,-7,0.386,,,
2026-09-27T21:00:08.000Z,1790542808.000,32.642061271,-117.189719543,2.729,230.493,219.793,222.55,211.85,10.7,-8.779,2.393,5.009,53.938,276.488,-8,-0.367,1,0.777,28.352
2026-09-27T21:00:09.000Z,1790542809.000,32.642052527,-117.189732882,3.227,229.073,218.373,222.018,211.318,10.7,-9.055,5.282,5.01,55.867,277.885,-9,-1.044,1,0.839,26.833
2026-09-27T21:00:10.000Z,1790542810.000,32.642042067,-117.189747432,3.56,227.819,217.119,220.779,210.079,10.7,-11.56,3.183,5.011,57.796,278.575,-10,-1.687,1,0.846,25.087
2026-09-27T21:00:11.000Z,1790542811.000,32.64203127,-117.189762938,3.6,228.589,217.889,220.2,209.5,10.7,-10.508,4.928,5.012,58.578,278.778,-11,-2.447,1,0.898,23.266
2026-09-27T21:00:12.000Z,1790542812.000,32.642020377,-117.189777786,3.366,229.698,218.998,220.897,210.197,10.7,-11.303,6.791,5.013,57.846,278.743,-12,-3.245,1,0.899,21.482
2026-09-27T21:00:13.000Z,1790542813.000,32.642010373,-117.189792325,3.334,228.468,217.768,219.336,208.636,10.7,-10.333,2.566,5.014,59.33,278.665,-13,-3.883,1,0.817,19.778
2026-09-27T21:00:14.000Z,1790542814.000,32.642000127,-117.18980475,3.121,229.459,218.759,221.279,210.579,10.7,-12.784,4.104,5.016,57.698,278.976,-14,-4.605,1,0.814,18.192
2026-09-27T21:00:15.000Z,1790542815.000,32.641991206,-117.189816954,2.76,224.265,213.565,219.121,208.421,10.7,-10.999,4.478,5.017,60.246,279.367,-15,-5.049,1,0.473,16.708
2026-09-27T21:00:16.000Z,1790542816.000,32.641982411,-117.189828565,2.864,230.021,219.321,221.496,210.796,10.7,-11.864,1.228,5.018,58.069,279.565,-16,-5.804,1,0.769,15.301
2026-09-27T21:00:17.000Z,1790542817.000,32.641974127,-117.189840955,3.256,231.73,221.03,223.365,212.665,10.7,-10.7,3.736,5.019,56.184,279.549,-17,-6.608,1,0.964,13.9
2026-09-27T21:00:18.000Z,1790542818.000,32.641963724,-117.189856534,3.781,233.11,222.41,223.364,212.664,10.7,-11.662,4.611,5.02,56.024,279.387,-18,-7.438,1,1.202,12.115
2026-09-27T21:00:19.000Z,1790542819.000,32.641952106,-117.189873646,4.023,228.731,218.031,220.5,209.8,10.7,-11.784,5.609,5.021,58.69,279.19,-19,-8.117,1,0.979,10.11
2026-09-27T21:00:20.000Z,1790542820.000,32.6419399,-117.189890433,3.933,229.3,218.6,220.933,210.233,10.7,-10.933,5,5.022,58.152,279.085,-20,-8.998,1,0.99,8.1
2026-09-27T21:00:21.000Z,1790542821.000,32.641927855,-117.18990655,3.934,227.225,216.525,223.239,212.539,10.7,-13.231,3.366,5.023,55.796,279.035,-21,-9.974,1,0.846,6.16
2026-09-27T21:00:22.000Z,1790542822.000,32.641916255,-117.189922636,3.866,227.015,216.315,223.031,212.331,10.7,-11.8,5.628,5.024,55.993,279.025,-22,-10.774,1,0.813,4.237
2026-09-27T21:00:23.000Z,1790542823.000,32.641905988,-117.189937754,3.438,232.953,222.253,223.233,212.533,10.7,-11.889,4.85,5.026,55.906,279.139,-23,-11.587,1,1.063,2.491
2026-09-27T21:00:24.000Z,1790542824.000,32.641897091,-117.18995241,3.169,234.034,223.334,225.061,214.361,10.7,-10.961,3.878,5.027,54.207,279.269,-24,-12.549,1,1.033,0.917
2026-09-27T21:00:25.000Z,1790542825.000,32.641889367,-117.189967833,3.467,243.167,232.467,226.833,216.133,10.7,-10.133,4.633,5.028,52.405,279.238,-25,-13.627,1,1.633,-0.588
2026-09-27T21:00:26.000Z,1790542826.000,32.641880724,-117.18998449,3.669,239.16,228.46,226.135,215.435,10.7,-12.069,1.819,5.029,53.042,279.177,-26,-14.578,1,1.494,-2.282
2026-09-27T21:00:27.000Z,1790542827.000,32.641872019,-117.190000775,3.8,236.767,226.067,225.462,214.762,10.7,-12.027,4.4,5.03,53.725,279.187,-27,-15.496,1,1.397,-3.96
2026-09-27T21:00:28.000Z,1790542828.000,32.641862899,-117.190017942,3.6,235.787,225.087,224.41,213.71,10.7,-9.48,6.19,5.031,54.567,278.977,-28,-16.441,1,1.262,-5.728
2026-09-27T21:00:29.000Z,1790542829.000,32.641852314,-117.190035805,4.1,236.708,226.008,225.668,214.968,10.7,-11.291,2.545,5.032,53.108,278.776,-29,-17.551,1,1.494,-7.634
2026-09-27T21:00:30.000Z,1790542830.000,32.64184102,-117.190054002,4.203,234.452,223.752,224.01,213.31,10.7,-8.737,3.673,5.033,54.877,278.887,-30,-18.434,1,1.371,-9.663
2026-09-27T21:00:31.000Z,1790542831.000,32.641829152,-117.190070802,3.763,227.286,216.586,220.093,209.393,10.7,-9.614,5.89,5.034,58.844,278.937,-31,-18.994,1,0.77,-11.685
2026-09-27T21:00:32.000Z,1790542832.000,32.641816879,-117.190086374,3.731,229.47,218.77,220.793,210.093,10.7,-11.454,3.452,5.036,58.249,279.041,-32,-19.789,1,0.897,-13.635
2026-09-27T21:00:33.000Z,1790542833.000,32.641804839,-117.190101472,3.864,228.425,217.725,223.2,212.5,10.7,-13.321,1.793,5.037,55.95,279.15,-33,-20.687,1,0.855,-15.519
2026-09-27T21:00:34.000Z,1790542834.000,32.641794052,-117.190117904,3.966,232.593,221.893,224.263,213.563,10.7,-13.432,3.72,5.038,54.825,279.088,-34,-21.653,1,1.152,-17.371
2026-09-27T21:00:35.000Z,1790542835.000,32.641784031,-117.190135484,3.8,237.932,227.232,223.927,213.227,10.7,-12.369,4.658,5.039,55.071,278.998,-35,-22.644,1,1.433,-19.233
2026-09-27T21:00:36.000Z,1790542836.000,32.641774396,-117.19015392,3.8,240.624,229.924,223.858,213.158,10.7,-12.566,4.912,5.04,55.146,279.004,-36,-23.747,1,1.592,-21.102
2026-09-27T21:00:37.000Z,1790542837.000,32.641764797,-117.190171363,3.763,237.492,226.792,222.92,212.22,10.7,-12.051,3.037,5.041,56.242,279.162,-37,-24.7,1,1.383,-22.925
2026-09-27T21:00:38.000Z,1790542838.000,32.641755144,-117.190187383,3.731,231.962,221.262,223.565,212.865,10.7,-12.725,3.815,5.042,55.795,279.359,-38,-25.652,1,1.027,-24.657
2026-09-27T21:00:39.000Z,1790542839.000,32.641744812,-117.190204346,3.977,232.371,221.671,227.091,216.391,10.7,-12.003,4.549,5.043,52.376,279.467,-39,-26.871,1,1.117,-26.458
2026-09-27T21:00:40.000Z,1790542840.000,32.641733551,-117.190224228,4.37,232.852,222.152,227.72,217.02,10.7,-10.06,2.931,5.044,51.785,279.505,-40,-28.072,1,1.257,-28.542
2026-09-27T21:00:41.000Z,1790542841.000,32.641722398,-117.190243362,4.2,235.556,224.856,230.614,219.914,10.7,-11.486,5.263,5.046,48.824,279.438,-41,-29.381,1,1.391,-30.528
2026-09-27T21:00:42.000Z,1790542842.000,32.64171237,-117.19026316,4.166,239.795,229.095,233.032,222.332,10.7,-11.902,2.934,5.047,46.313,279.345,-42,-30.762,1,1.661,-32.449
2026-09-27T21:00:43.000Z,1790542843.000,32.641704235,-117.190282295,3.947,248.952,238.252,238.303,227.603,10.7,-12.533,4.797,5.048,41.021,279.324,-43,-32.368,1,2.126,-34.067
2026-09-27T21:00:44.000Z,1790542844.000,32.641699816,-117.190302834,3.616,262.523,251.823,244.044,233.344,10.7,-12.361,3.943,5.049,35.478,279.522,-44,-34.277,1,2.606,-35.368
2026-09-27T21:00:45.000Z,1790542845.000,32.641699132,-117.190323787,3.968,268.385,257.685,254.161,243.461,10.7,-10.428,1.577,5.05,25.658,279.819,-45,-36.611,1,3.124,-36.098
2026-09-27T21:00:46.000Z,1790542846.000,32.641701202,-117.190341972,3.234,283.457,272.757,263.106,252.406,10.7,-7.797,7.102,5.051,16.987,280.093,-46,-38.68,1,2.977,-36.386
2026-09-27T21:00:47.000Z,1790542847.000,32.641706615,-117.190358946,3.205,292.104,281.404,272.175,261.475,10.7,-3.455,1.365,5.052,8.13,280.306,-47,-40.715,1,3.105,-36.223
2026-09-27T21:00:48.000Z,1790542848.000,32.641712924,-117.190374133,3.37,296.142,285.442,285.394,274.694,10.7,-3.214,4.676,5.053,-4.77,280.623,-48,-42.601,1,3.316,-35.505
2026-09-27T21:00:49.000Z,1790542849.000,32.641721294,-117.190388681,3.309,308.909,298.209,295.333,284.633,10.7,0.688,3.491,5.054,-14.53,280.803,-49,-44.296,1,3.306,-34.746
2026-09-27T21:00:50.000Z,1790542850.000,32.641730967,-117.190400633,2.933,313.596,302.896,306.2,295.5,10.7,8.833,3.967,5.056,-25.255,280.945,-50,-45.68,1,2.91,-33.63
2026-09-27T21:00:51.000Z,1790542851.000,32.64174171,-117.190410779,2.872,326.066,315.365,313.61,302.91,10.7,13.01,4.745,5.057,-32.247,281.363,-51,-46.894,1,2.703,-32.599
2026-09-27T21:00:52.000Z,1790542852.000,32.641751839,-117.190420815,2.752,321.213,310.513,316.062,305.362,10.7,14.162,4.682,5.058,-34.588,281.474,-52,-48.156,1,2.659,-32.02
2026-09-27T21:00:53.000Z,1790542853.000,32.641763455,-117.190430304,3.2,331.164,320.464,317.587,306.887,10.7,16.468,2.868,5.059,-36.061,281.526,-53,-49.463,1,2.903,-31.351
2026-09-27T21:00:54.000Z,1790542854.000,32.641776228,-117.190438451,3.297,331.725,321.025,317.448,306.748,10.7,18.465,5.332,5.06,-35.863,281.585,-54,-50.761,1,2.976,-30.638
2026-09-27T21:00:55.000Z,1790542855.000,32.641789392,-117.19044756,3.135,323.495,312.795,316.666,305.966,10.7,12.87,3.903,5.061,-35.014,281.652,-55,-52.179,1,2.993,-29.991
2026-09-27T21:00:56.000Z,1790542856.000,32.641802076,-117.190456025,3.046,335.918,325.218,315.62,304.92,10.7,9.549,7.402,5.062,-34.018,281.603,-56,-53.524,1,2.645,-29.374
2026-09-27T21:00:57.000Z,1790542857.000,32.641815649,-117.190464697,2.977,323.501,312.801,315.234,304.534,10.7,9.082,3.709,5.063,-33.85,281.384,-57,-54.912,1,2.842,-28.635
2026-09-27T21:00:58.000Z,1790542858.000,32.641829668,-117.190472118,3.232,337.929,327.229,318.979,308.279,10.7,9.879,3.932,5.064,-37.822,281.157,-58,-56.09,1,2.747,-27.461
2026-09-27T21:00:59.000Z,1790542859.000,32.641843454,-117.190479391,2.968,331.45,320.75,321.974,311.274,10.7,11.738,3.462,5.066,-40.976,280.998,-59,-57.253,1,2.681,-26.363
2026-09-27T21:01:00.000Z,1790542860.000,32.641856617,-117.190487942,3.261,331.656,320.956,322.941,312.242,10.7,11.777,3.055,5.067,-42.077,280.864,-60,-58.563,1,2.941,-25.549
2026-09-27T21:01:01.000Z,1790542861.000,32.641870595,-117.190497487,3.712,329.546,318.846,320.604,309.904,10.7,9.454,4.483,5.068,-39.701,280.903,-61,-60.118,1,3.404,-24.971
2026-09-27T21:01:02.000Z,1790542862.000,32.641884795,-117.190506083,3.5,331.268,320.568,321.697,310.997,10.7,12.8,2.938,5.069,-40.727,280.97,-62,-61.478,1,3.165,-24.055
2026-09-27T21:01:03.000Z,1790542863.000,32.641899133,-117.190516,3.8,326.733,316.033,321.5,310.8,10.7,8.767,5.433,5.07,-40.687,280.813,-63,-63.003,1,3.553,-23.298
2026-09-27T21:01:04.000Z,1790542864.000,32.641913455,-117.190526334,3.63,329.941,319.241,319.704,309.004,10.7,4.47,6.917,5.071,-39.115,280.589,-64,-64.617,1,3.316,-22.69
2026-09-27T21:01:05.000Z,1790542865.000,32.641929139,-117.190534665,3.662,338.254,327.554,319.065,308.365,10.7,4.938,4.312,5.072,-38.598,280.467,-65,-66.085,1,3.093,-21.76
2026-09-27T21:01:06.000Z,1790542866.000,32.641945618,-117.19054194,3.869,338.489,327.789,324.908,314.208,10.7,8.669,3.53,5.073,-44.545,280.363,-66,-67.266,1,3.258,-20.198
2026-09-27T21:01:07.000Z,1790542867.000,32.641959558,-117.190550915,3.565,330.978,320.278,319.749,309.049,10.7,2.462,3.907,5.074,-39.522,280.228,-67,-68.876,1,3.227,-19.811
2026-09-27T21:01:08.000Z,1790542868.000,32.641974555,-117.190558714,3.665,340.719,330.019,324.971,314.271,10.7,8.649,5.447,5.076,-44.908,280.063,-68,-70.051,1,3.004,-18.46
2026-09-27T21:01:09.000Z,1790542869.000,32.641988976,-117.19056907,4,327.364,316.664,322.022,311.322,10.7,7.078,4.957,5.077,-42.077,279.946,-69,-71.724,1,3.719,-17.931
2026-09-27T21:01:10.000Z,1790542870.000,32.642004107,-117.190581725,4.138,327.939,317.239,317.455,306.755,10.7,5.59,3.669,5.078,-37.543,279.912,-70,-73.666,1,3.831,-17.592
2026-09-27T21:01:11.000Z,1790542871.000,32.642020239,-117.19059217,3.999,332.37,321.67,317.834,307.134,10.7,7.366,5.501,5.079,-37.831,280.004,-71,-75.301,1,3.574,-16.654
2026-09-27T21:01:12.000Z,1790542872.000,32.642037304,-117.190601785,3.968,333.707,323.007,316.405,305.705,10.7,4.4,3.732,5.08,-35.826,280.579,-72,-76.965,1,3.503,-15.731
2026-09-27T21:01:13.000Z,1790542873.000,32.642053842,-117.190610048,3.836,335.353,324.653,316.426,305.726,10.7,3.043,4.791,5.081,-35.097,281.329,-73,-78.446,1,3.331,-14.668
2026-09-27T21:01:14.000Z,1790542874.000,32.642070628,-117.190617894,3.84,338.587,327.887,322.032,311.332,10.7,4.679,4.368,5.082,-39.943,282.088,-74,-79.718,1,3.22,-13.121
2026-09-27T21:01:15.000Z,1790542875.000,32.642085599,-117.190627486,3.735,330.247,319.547,321.842,311.142,10.7,2.1,5.865,5.083,-39.343,282.499,-75,-81.245,1,3.393,-12.288
2026-09-27T21:01:16.000Z,1790542876.000,32.642101146,-117.190636522,3.7,336.336,325.636,324.26,313.56,10.7,6.992,4.63,5.084,-41.297,282.963,-76,-82.653,1,3.177,-11.172
2026-09-27T21:01:17.000Z,1790542877.000,32.642116161,-117.190645647,3.764,329.97,319.27,325.681,314.981,10.7,8.4,3.511,5.086,-42.27,283.411,-77,-84.078,1,3.425,-10.187
2026-09-27T21:01:18.000Z,1790542878.000,32.642130902,-117.190656811,3.77,324.121,313.421,325.57,314.87,10.7,8.32,5.629,5.087,-41.771,283.798,-78,-85.725,1,3.571,-9.453
2026-09-27T21:01:19.000Z,1790542879.000,32.642146298,-117.190669128,3.868,327.018,316.318,324.323,313.623,10.7,7.417,5.12,5.088,-40.135,284.189,-79,-87.547,1,3.595,-8.809
2026-09-27T21:01:20.000Z,1790542880.000,32.642163487,-117.190680694,4.465,335.539,324.839,320.501,309.801,10.7,5.666,5.6,5.089,-35.824,284.677,-80,-89.481,1,3.86,-8.161
2026-09-27T21:01:21.000Z,1790542881.000,32.642182519,-117.190687023,4.44,348.452,337.752,320.088,309.388,10.7,7.179,3.786,5.09,-34.957,285.131,-81,-90.93,1,3.24,-6.801
2026-09-27T21:01:22.000Z,1790542882.000,32.642202264,-117.190691355,4.438,348.808,338.108,321.615,310.915,10.7,2.791,2.246,5.091,-35.98,285.635,-82,-92.176,1,3.216,-5.117
2026-09-27T21:01:23.000Z,1790542883.000,32.642221165,-117.190696493,4.139,347.383,336.683,323.009,312.309,10.7,-1.284,5.124,5.092,-36.597,286.412,-83,-93.452,1,3.066,-3.565
2026-09-27T21:01:24.000Z,1790542884.000,32.642239673,-117.190700902,4,349.396,338.696,329.706,319.006,10.7,3.538,4.569,5.093,-42.533,287.173,-84,-94.417,1,2.863,-1.611
2026-09-27T21:01:25.000Z,1790542885.000,32.64225722,-117.190707173,3.765,335.371,324.671,331.401,320.701,10.7,5.727,4.299,5.094,-43.722,287.679,-85,-95.698,1,3.25,-0.226
2026-09-27T21:01:26.000Z,1790542886.000,32.642273335,-117.190715328,3.819,337.975,327.275,333.533,322.833,10.7,9.516,3.7,5.096,-45.436,288.096,-86,-97.046,1,3.203,0.956
2026-09-27T21:01:27.000Z,1790542887.000,32.64228891,-117.190725086,3.631,329.74,319.04,329.753,319.053,10.7,8.292,4.362,5.097,-41.257,288.496,-87,-98.791,1,3.297,1.576
2026-09-27T21:01:28.000Z,1790542888.000,32.642305096,-117.190734751,3.932,332.61,321.91,331.038,320.338,10.7,9.773,3.83,5.098,-42.222,288.816,-88,-100.314,1,3.482,2.624
2026-09-27T21:01:29.000Z,1790542889.000,32.642322038,-117.190744585,4.2,332.309,321.609,326.724,316.024,10.7,6.3,6.414,5.099,-37.685,289.039,-89,-102.142,1,3.729,3.318
2026-09-27T21:01:30.000Z,1790542890.000,32.642339787,-117.190754328,4.132,333.254,322.554,321.74,311.04,10.7,4.009,3.337,5.1,-32.51,289.231,-90,-104.003,1,3.635,4.028
2026-09-27T21:01:31.000Z,1790542891.000,32.642359107,-117.190761141,4.408,344.298,333.598,327.967,317.267,10.7,7.292,3.512,5.101,-38.698,289.27,-91,-105.242,1,3.401,5.896
2026-09-27T21:01:32.000Z,1790542892.000,32.64237863,-117.190769655,4.697,342.059,331.359,322.35,311.65,10.7,3.832,3.639,5.102,-33.299,289.05,-92,-107.113,1,3.737,6.788
2026-09-27T21:01:33.000Z,1790542893.000,32.642398937,-117.190776087,4.63,348.029,337.329,322.208,311.508,10.7,4.443,5.026,5.103,-33.233,288.975,-93,-108.623,1,3.368,8.28
2026-09-27T21:01:34.000Z,1790542894.000,32.642419283,-117.190780573,4.445,349.948,339.248,329.984,319.284,10.7,7.564,4.573,5.104,-40.964,289.019,-94,-109.638,1,3.124,10.479
2026-09-27T21:01:35.000Z,1790542895.000,32.642438668,-117.190787423,4.2,340.634,329.934,326.821,316.121,10.7,3.751,5.251,5.106,-37.525,289.297,-95,-111.276,1,3.395,11.641
2026-09-27T21:01:36.000Z,1790542896.000,32.642457398,-117.190795215,4.365,340.301,329.602,330.873,320.173,10.7,7.74,5.508,5.107,-41.562,289.311,-96,-112.639,1,3.54,13.228
2026-09-27T21:01:37.000Z,1790542897.000,32.642475445,-117.190805108,3.97,339.032,328.332,330.042,319.342,10.7,11.677,5.082,5.108,-40.601,289.441,-97,-114.368,1,3.268,14.278
2026-09-27T21:01:38.000Z,1790542898.000,32.642492729,-117.190815503,4.313,331.013,320.313,330.81,320.11,10.7,12.01,4.499,5.109,-41.166,289.645,-98,-116.029,1,3.856,15.349
2026-09-27T21:01:39.000Z,1790542899.000,32.642509424,-117.190826661,3.952,332.721,322.021,329.118,318.418,10.7,11.8,4.325,5.11,-39.187,289.932,-99,-117.842,1,3.478,16.145
2026-09-27T21:01:40.000Z,1790542900.000,32.642526156,-117.190837828,4.122,331.082,320.382,320.504,309.804,10.7,5.922,3.078,5.111,-30.44,290.063,-100,-119.924,1,3.682,16.411
2026-09-27T21:01:41.000Z,1790542901.000,32.642544042,-117.19084692,4.334,335.96,325.26,325.888,315.188,10.7,7.838,2.742,5.112,-35.901,289.987,-101,-121.333,1,3.689,17.965
2026-09-27T21:01:42.000Z,1790542902.000,32.642562333,-117.190856398,4.747,337.43,326.73,323.932,313.232,10.7,6.55,2.75,5.113,-33.982,289.95,-102,-123.079,1,3.973,18.972
2026-09-27T21:01:43.000Z,1790542903.000,32.64258189,-117.190865798,4.67,338.843,328.143,320.134,309.434,10.7,2.693,5.623,5.114,-30.218,289.917,-103,-124.94,1,3.843,19.953
2026-09-27T21:01:44.000Z,1790542904.000,32.642602408,-117.190873819,4.7,341.475,330.775,323.177,312.477,10.7,6.609,3.274,5.116,-33.333,289.844,-104,-126.478,1,3.737,21.626
2026-09-27T21:01:45.000Z,1790542905.000,32.642621306,-117.190883604,4.567,333.822,323.122,326.032,315.332,10.7,5.832,4.333,5.117,-36.195,289.837,-105,-128.086,1,3.965,23.039
2026-09-27T21:01:46.000Z,1790542906.000,32.642638713,-117.190895345,4.244,331.876,321.176,321.601,310.901,10.7,3.581,5.925,5.118,-31.823,289.778,-106,-130.075,1,3.753,23.652
2026-09-27T21:01:47.000Z,1790542907.000,32.642655777,-117.190905112,3.891,334.33,323.63,326.756,316.056,10.7,9.542,4.433,5.119,-37.155,289.601,-107,-131.506,1,3.358,25.076
2026-09-27T21:01:48.000Z,1790542908.000,32.642673224,-117.190916033,4.173,334.048,323.348,324.332,313.632,10.7,9.305,4.205,5.12,-34.656,289.676,-108,-133.356,1,3.61,25.893
2026-09-27T21:01:49.000Z,1790542909.000,32.6426914,-117.190925233,4.2,337.2,326.5,325.6,314.9,10.7,11.533,4.333,5.121,-35.564,290.036,-109,-134.943,1,3.51,27.15
2026-09-27T21:01:50.000Z,1790542910.000,32.642709127,-117.190936703,4.334,328.734,318.034,322.9,312.2,10.7,7.21,2.466,5.122,-32.439,290.462,-110,-136.857,1,3.932,27.941
2026-09-27T21:01:51.000Z,1790542911.000,32.64272756,-117.190948453,4.723,333.452,322.752,319.523,308.823,10.7,7.269,3.377,5.123,-28.957,290.566,-111,-138.845,1,4.106,28.724
2026-09-27T21:01:52.000Z,1790542912.000,32.642747227,-117.190958554,4.509,334.566,323.866,319.221,308.521,10.7,6.312,4.148,5.124,-28.412,290.809,-112,-140.64,1,3.873,29.948
2026-09-27T21:01:53.000Z,1790542913.000,32.642766586,-117.190967208,4.431,336.997,326.297,319.461,308.761,10.7,4.261,3.437,5.126,-28.631,290.83,-113,-142.28,1,3.705,31.264
2026-09-27T21:01:54.000Z,1790542914.000,32.642786055,-117.190975083,4.331,342.903,332.204,324.086,313.386,10.7,4.855,3.821,5.127,-33.504,290.583,-114,-143.698,1,3.353,32.973
2026-09-27T21:01:55.000Z,1790542915.000,32.642804787,-117.190983379,4.545,338.865,328.165,327.388,316.688,10.7,6.669,6.394,5.128,-36.933,290.455,-115,-145.148,1,3.71,34.482
2026-09-27T21:01:56.000Z,1790542916.000,32.642824003,-117.190995855,4.7,325.296,314.596,326.522,315.822,10.7,9.53,2.309,5.129,-35.947,290.575,-116,-147.152,1,4.365,35.497
2026-09-27T21:01:57.000Z,1790542917.000,32.642842326,-117.191010696,4.733,328.936,318.236,321.194,310.494,10.7,7.796,8.066,5.13,-30.406,290.788,-117,-149.481,1,4.275,35.958
2026-09-27T21:01:58.000Z,1790542918.000,32.642861352,-117.191022272,4.4,334.815,324.115,323.245,312.545,10.7,10.431,5.653,5.131,-32.305,290.941,-118,-151.286,1,3.757,37.227
2026-09-27T21:01:59.000Z,1790542919.000,32.642879615,-117.191032375,4.122,337.298,326.598,319.784,309.084,10.7,7.227,5.74,5.132,-28.66,291.124,-119,-153.129,1,3.422,38.077
2026-09-27T21:02:00.000Z,1790542920.000,32.642898628,-117.191040723,4.26,340.109,329.409,319.949,309.249,10.7,5.898,2.832,5.133,-28.584,291.365,-120,-154.73,1,3.413,39.373
2026-09-27T21:02:01.000Z,1790542921.000,32.642915996,-117.191049883,4.032,333.485,322.785,321.627,310.927,10.7,2.527,4.327,5.134,-30.062,291.566,-121,-156.267,1,3.486,40.593
2026-09-27T21:02:02.000Z,1790542922.000,32.642933493,-117.19105841,4,339.558,328.858,326.124,315.424,10.7,6.559,4.7,5.136,-34.714,291.41,-122,-157.641,1,3.223,42.072
2026-09-27T21:02:03.000Z,1790542923.000,32.642950775,-117.191068307,3.928,332.044,321.344,326.404,315.705,10.7,8.704,3.676,5.137,-35.32,291.085,-123,-159.284,1,3.44,43.135
2026-09-27T21:02:04.000Z,1790542924.000,32.642968776,-117.191080702,4.682,328.411,317.711,325.017,314.317,10.7,9.955,2.484,5.138,-34.189,290.827,-124,-161.241,1,4.234,44.002
2026-09-27T21:02:05.000Z,1790542925.000,32.642986253,-117.191093111,4.534,333.163,322.463,323.358,312.658,10.7,8.664,4.085,5.139,-32.581,290.777,-125,-163.184,1,3.925,44.799
2026-09-27T21:02:06.000Z,1790542926.000,32.643005016,-117.191103622,4.432,332.476,321.776,323.905,313.205,10.7,10.269,3.335,5.14,-32.822,291.082,-126,-164.94,1,3.861,45.985
2026-09-27T21:02:07.000Z,1790542927.000,32.64302331,-117.191114712,4.743,333.014,322.314,322.3,311.6,10.7,6.843,4.488,5.141,-30.442,291.858,-127,-166.805,1,4.108,46.93
2026-09-27T21:02:08.000Z,1790542928.000,32.643041506,-117.191123856,4.141,338.572,327.872,321.979,311.279,10.7,6.356,5.004,5.142,-29.612,292.367,-128,-168.45,1,3.366,48.07
2026-09-27T21:02:09.000Z,1790542929.000,32.643059331,-117.191132263,4.305,337.389,326.689,319.132,308.432,10.7,5.252,2.584,5.143,-26.511,292.621,-129,-170.104,1,3.549,49.019
2026-09-27T21:02:10.000Z,1790542930.000,32.643077145,-117.191140172,4.27,338.97,328.27,323.953,313.253,10.7,8.305,4.044,5.144,-31.344,292.609,-130,-171.442,1,3.449,50.59
2026-09-27T21:02:11.000Z,1790542931.000,32.643093826,-117.191150683,4.137,327.194,316.494,323.963,313.263,10.7,7.507,4.317,5.146,-31.494,292.469,-131,-173.12,1,3.767,51.545
2026-09-27T21:02:12.000Z,1790542932.000,32.643110689,-117.191164519,4.611,318.748,308.048,323.808,313.108,10.7,9.081,3.27,5.147,-31.498,292.31,-132,-175.095,1,4.433,52.325
2026-09-27T21:02:13.000Z,1790542933.000,32.643128088,-117.191179238,4.532,328.105,317.405,320.164,309.464,10.7,8.951,5.368,5.148,-27.881,292.283,-133,-177.298,1,4.095,52.835
2026-09-27T21:02:14.000Z,1790542934.000,32.6431467,-117.191192,4.7,327.767,317.067,317.333,306.633,10.7,8.6,3.533,5.149,-24.997,292.336,-134,-179.351,1,4.257,53.62
2026-09-27T21:02:15.000Z,1790542935.000,32.643165141,-117.191201971,4.415,338.102,327.402,319.908,309.208,10.7,6.261,4.945,5.15,-27.494,292.414,-135,-180.983,1,3.596,54.966
2026-09-27T21:02:16.000Z,1790542936.000,32.643184659,-117.191210569,4.276,341.09,330.39,319.076,308.376,10.7,2.152,3.576,5.151,-26.698,292.378,-136,-182.662,1,3.346,56.216
2026-09-27T21:02:17.000Z,1790542937.000,32.643205195,-117.191216937,4.476,344.912,334.212,325.362,314.662,10.7,4.116,4.016,5.152,-33.198,292.164,-137,-183.939,1,3.304,58.23
2026-09-27T21:02:18.000Z,1790542938.000,32.643225326,-117.191223364,4.734,344.104,333.404,328.738,318.038,10.7,4.802,4.136,5.153,-36.862,291.877,-138,-185.288,1,3.535,59.971
2026-09-27T21:02:19.000Z,1790542939.000,32.643245181,-117.191231426,4.658,338.417,327.717,329.813,319.113,10.7,8.723,3.513,5.154,-38.186,291.627,-139,-186.861,1,3.765,61.425
2026-09-27T21:02:20.000Z,1790542940.000,32.643263712,-117.191240878,4.6,337.053,326.353,328.604,317.904,10.7,7.183,5.278,5.156,-37.1,291.504,-140,-188.592,1,3.779,62.515
2026-09-27T21:02:21.000Z,1790542941.000,32.643281976,-117.191252333,4.468,327.861,317.161,329.871,319.171,10.7,9.261,3.893,5.157,-38.338,291.533,-141,-190.367,1,4.028,63.655
2026-09-27T21:02:22.000Z,1790542942.000,32.643298616,-117.191264523,4.402,330.803,320.103,322.46,311.76,10.7,8.025,5.626,5.158,-30.761,291.7,-142,-192.497,1,3.865,63.955
2026-09-27T21:02:23.000Z,1790542943.000,32.643315846,-117.1912737,4,334.974,324.274,323.315,312.615,10.7,8.57,3.165,5.159,-31.409,291.906,-143,-194.056,1,3.362,65.096
2026-09-27T21:02:24.000Z,1790542944.000,32.643332439,-117.191283574,3.9,334.143,323.443,320.473,309.773,10.7,3.735,4.162,5.16,-28.419,292.054,-144,-195.78,1,3.307,65.855
2026-09-27T21:02:25.000Z,1790542945.000,32.643350234,-117.191292301,4.277,342.417,331.717,323.132,312.432,10.7,4.762,4.491,5.161,-31.063,292.069,-145,-197.263,1,3.26,67.213
2026-09-27T21:02:26.000Z,1790542946.000,32.643368946,-117.191300506,4.199,339.266,328.566,325.932,315.232,10.7,6.1,5.064,5.162,-34.029,291.903,-146,-198.731,1,3.341,68.69
2026-09-27T21:02:27.000Z,1790542947.000,32.643387496,-117.191310976,4.531,333.564,322.864,326.718,316.018,10.7,8.437,3.103,5.163,-35.027,291.69,-147,-200.461,1,3.858,69.875
2026-09-27T21:02:28.000Z,1790542948.000,32.643405366,-117.191323919,4.575,330.868,320.168,321.289,310.589,10.7,7.238,4.638,5.164,-29.993,291.296,-148,-202.615,1,4.003,70.39
2026-09-27T21:02:29.000Z,1790542949.000,32.643424354,-117.191334927,4.54,337.287,326.587,321.83,311.13,10.7,9.01,3.241,5.166,-30.924,290.906,-149,-204.425,1,3.699,71.569
2026-09-27T21:02:30.000Z,1790542950.000,32.643442936,-117.191343885,4.466,339.525,328.825,321.742,311.042,10.7,6.51,5.268,5.167,-30.955,290.787,-150,-206.065,1,3.532,72.773
2026-09-27T21:02:31.000Z,1790542951.000,32.643461589,-117.191352745,4.269,337.262,326.562,327.838,317.138,10.7,7.466,2.362,5.168,-37.086,290.752,-151,-207.451,1,3.473,74.459
2026-09-27T21:02:32.000Z,1790542952.000,32.643479458,-117.191363287,4.505,330.908,320.208,327.701,317.001,10.7,6.295,3.73,5.169,-36.925,290.777,-152,-209.195,1,3.931,75.51
2026-09-27T21:02:33.000Z,1790542953.000,32.643498262,-117.191374771,4.41,337.161,326.461,326.329,315.629,10.7,8.03,3.959,5.17,-35.781,290.548,-153,-211.115,1,3.588,76.501
2026-09-27T21:02:34.000Z,1790542954.000,32.64351704,-117.19138527,4.4,336.265,325.565,324.265,313.565,10.7,7.734,4.2,5.171,-33.865,290.401,-154,-212.976,1,3.617,77.49
2026-09-27T21:02:35.000Z,1790542955.000,32.643536024,-117.19139471,4.3,334.652,323.952,325.624,314.924,10.7,8.721,3.969,5.172,-35.386,290.238,-155,-214.617,1,3.6,78.814
2026-09-27T21:02:36.000Z,1790542956.000,32.643555047,-117.191402955,4.4,341.437,330.737,325.091,314.391,10.7,8.118,4.599,5.173,-34.888,290.203,-156,-216.237,1,3.371,80.062
2026-09-27T21:02:37.000Z,1790542957.000,32.643574632,-117.191410421,4.43,343.981,333.281,324.571,313.871,10.7,6.68,5.02,5.174,-34.196,290.374,-157,-217.815,1,3.26,81.404
2026-09-27T21:02:38.000Z,1790542958.000,32.643592976,-117.191419458,4.468,333.262,322.562,326.857,316.157,10.7,5.128,4.014,5.176,-36.265,290.592,-158,-219.353,1,3.791,82.762
2026-09-27T21:02:39.000Z,1790542959.000,32.64361073,-117.191429748,4.297,335.591,324.891,324.882,314.182,10.7,5.851,6.094,5.177,-34.084,290.798,-159,-221.145,1,3.548,83.676
2026-09-27T21:02:40.000Z,1790542960.000,32.64362922,-117.191438542,4.263,336.612,325.912,327.619,316.919,10.7,10.383,3.998,5.178,-36.658,290.961,-160,-222.649,1,3.474,85.094
2026-09-27T21:02:41.000Z,1790542961.000,32.643647806,-117.191448168,4.441,335.486,324.786,326.037,315.337,10.7,9.225,3.618,5.179,-35.049,290.988,-161,-224.41,1,3.666,86.149
2026-09-27T21:02:42.000Z,1790542962.000,32.643666031,-117.191458736,4.568,333.853,323.153,326.142,315.442,10.7,7.368,4.605,5.18,-35.171,290.971,-162,-226.162,1,3.841,87.248
2026-09-27T21:02:43.000Z,1790542963.000,32.643684482,-117.191470323,4.2,333.092,322.392,325.322,314.622,10.7,6.926,4.894,5.181,-34.398,290.923,-163,-228.049,1,3.559,88.243
2026-09-27T21:02:44.000Z,1790542964.000,32.643702629,-117.191480837,4.309,332.257,321.557,326.046,315.346,10.7,7.346,4.354,5.182,-35.337,290.708,-164,-229.768,1,3.682,89.385
2026-09-27T21:02:45.000Z,1790542965.000,32.643721606,-117.191491679,4.559,334.966,324.266,325.969,315.269,10.7,7.444,3.055,5.183,-35.526,290.443,-165,-231.585,1,3.777,90.524
2026-09-27T21:02:46.000Z,1790542966.000,32.643741634,-117.191500796,4.827,338.213,327.513,327.722,317.022,10.7,9.032,4.327,5.184,-37.59,290.132,-166,-233.23,1,3.836,91.99
2026-09-27T21:02:47.000Z,1790542967.000,32.643762165,-117.191510082,4.866,338.484,327.784,324.887,314.187,10.7,6.463,5.922,5.186,-34.934,289.953,-167,-235.105,1,3.85,93.145
2026-09-27T21:02:48.000Z,1790542968.000,32.643782659,-117.191520358,4.878,337.499,326.799,321.287,310.587,10.7,5.122,3.914,5.187,-31.278,290.01,-168,-237.081,1,3.907,94.181
2026-09-27T21:02:49.000Z,1790542969.000,32.643803703,-117.191528891,4.612,341.63,330.93,324.596,313.896,10.7,7.45,4.204,5.188,-34.413,290.183,-169,-238.673,1,3.481,95.894
2026-09-27T21:02:50.000Z,1790542970.000,32.643822662,-117.191536794,4.4,338.768,328.068,326.795,316.095,10.7,5.911,4.847,5.189,-36.381,290.414,-170,-240.147,1,3.458,97.362
2026-09-27T21:02:51.000Z,1790542971.000,32.643840467,-117.191545533,4.2,339.033,328.333,325.3,314.6,10.7,5.967,3.6,5.19,-34.587,290.713,-171,-241.79,1,3.286,98.4
2026-09-27T21:02:52.000Z,1790542972.000,32.643858005,-117.191553232,3.87,338.498,327.798,330.603,319.902,10.7,9.419,6,5.191,-39.599,291.004,-172,-243.038,1,3.047,99.979
2026-09-27T21:02:53.000Z,1790542973.000,32.643875007,-117.191564025,4.276,331.294,320.594,327.848,317.148,10.7,7.562,5.248,5.192,-36.559,291.288,-173,-244.881,1,3.669,100.743
2026-09-27T21:02:54.000Z,1790542974.000,32.643892226,-117.191576679,4.2,327.847,317.147,325.126,314.426,10.7,9.568,3.758,5.193,-33.446,291.681,-174,-246.882,1,3.726,101.425
2026-09-27T21:02:55.000Z,1790542975.000,32.643909326,-117.191589206,4.204,329.751,319.051,322.538,311.838,10.7,9.731,4.455,5.194,-30.52,292.018,-175,-248.852,1,3.661,102.11
2026-09-27T21:02:56.000Z,1790542976.000,32.64392723,-117.191601466,4.445,330.571,319.871,319.045,308.345,10.7,6.545,4.302,5.196,-27.009,292.036,-176,-250.859,1,3.838,102.808
2026-09-27T21:02:57.000Z,1790542977.000,32.643946033,-117.191611456,4.543,339.7,329,321.147,310.447,10.7,6.961,2.796,5.197,-29.143,292.005,-177,-252.522,1,3.506,104.148
2026-09-27T21:02:58.000Z,1790542978.000,32.643967187,-117.191620281,4.731,342.169,331.469,322.608,311.908,10.7,4.339,4.8,5.198,-30.486,292.122,-178,-254.215,1,3.513,105.713
2026-09-27T21:02:59.000Z,1790542979.000,32.643988926,-117.19162993,5.167,340.063,329.363,321.497,310.797,10.7,4.365,5.099,5.199,-29.358,292.139,-179,-256.1,1,3.957,107.087
2026-09-27T21:03:00.000Z,1790542980.000,32.644010154,-117.191638185,4.69,344.027,333.327,324.416,313.716,10.7,4.942,4.8,5.2,-32.11,292.307,-180,-257.691,1,3.37,108.801
2026-09-27T21:03:01.000Z,1790542981.000,32.644030535,-117.191645335,4.522,343.087,332.387,328.661,317.961,10.7,5.904,4.617,5.201,-36.065,292.596,-181,-259.08,1,3.295,110.593
2026-09-27T21:03:02.000Z,1790542982.000,32.644050311,-117.191653651,4.422,338.008,327.308,330.213,319.513,10.7,5.991,4.283,5.202,-37.439,292.775,-182,-260.649,1,3.474,112.061
2026-09-27T21:03:03.000Z,1790542983.000,32.644069153,-117.191662876,4.302,336.389,325.689,331.033,320.333,10.7,8.137,3.531,5.203,-37.906,293.127,-183,-262.282,1,3.451,113.341
2026-09-27T21:03:04.000Z,1790542984.000,32.644087524,-117.191672214,4.366,338.341,327.641,330.465,319.765,10.7,9.138,5.5,5.204,-37.054,293.411,-184,-263.966,1,3.408,114.469
2026-09-27T21:03:05.000Z,1790542985.000,32.644105934,-117.191681568,4.4,332.898,322.198,331.277,320.577,10.7,10.077,4.14,5.206,-37.566,293.711,-185,-265.591,1,3.678,115.703
2026-09-27T21:03:06.000Z,1790542986.000,32.644124232,-117.191692151,4.432,334.262,323.562,328.027,317.327,10.7,8.73,4.252,5.207,-34.017,294.011,-186,-267.501,1,3.644,116.56
2026-09-27T21:03:07.000Z,1790542987.000,32.644141779,-117.191702298,4.526,333.367,322.667,326.381,315.681,10.7,6.997,3.509,5.208,-32.287,294.094,-187,-269.26,1,3.758,117.488
2026-09-27T21:03:08.000Z,1790542988.000,32.644159231,-117.191711697,4.363,335.462,324.762,327.014,316.314,10.7,6.781,3.292,5.209,-33.041,293.973,-188,-270.854,1,3.529,118.62
2026-09-27T21:03:09.000Z,1790542989.000,32.644177398,-117.191720047,4.363,342.62,331.92,325.906,315.206,10.7,6.148,4.321,5.21,-32.081,293.825,-189,-272.467,1,3.178,119.741
2026-09-27T21:03:10.000Z,1790542990.000,32.644196931,-117.191727388,4.6,344.578,333.878,326.137,315.437,10.7,7.515,4.227,5.211,-32.643,293.493,-190,-274.002,1,3.237,121.143
2026-09-27T21:03:11.000Z,1790542991.000,32.644216101,-117.191735848,4.466,333.855,323.155,325.23,314.53,10.7,6.915,2.434,5.212,-32.299,292.931,-191,-275.66,1,3.675,122.364
2026-09-27T21:03:12.000Z,1790542992.000,32.644235358,-117.191745961,4.73,335.89,325.19,323.802,313.102,10.7,6.661,5.822,5.213,-31.352,292.45,-192,-277.485,1,3.791,123.465
2026-09-27T21:03:13.000Z,1790542993.000,32.644255182,-117.191755641,4.762,337.642,326.942,325.148,314.448,10.7,9.203,5.593,5.214,-33.169,291.979,-193,-279.187,1,3.725,124.852
2026-09-27T21:03:14.000Z,1790542994.000,32.644275393,-117.191767603,4.836,332.048,321.348,321.336,310.636,10.7,6.404,5.022,5.216,-29.968,291.369,-194,-281.302,1,4.056,125.756
2026-09-27T21:03:15.000Z,1790542995.000,32.64429546,-117.191778563,4.934,335.898,325.198,324.099,313.399,10.7,9.665,4.268,5.217,-33.181,290.918,-195,-283.075,1,3.944,127.207
2026-09-27T21:03:16.000Z,1790542996.000,32.644314748,-117.191790403,4.665,331.684,320.984,323.461,312.761,10.7,7.727,4.973,5.218,-32.753,290.709,-196,-285.014,1,3.922,128.278
2026-09-27T21:03:17.000Z,1790542997.000,32.644333297,-117.191801521,4.344,331.566,320.866,319.088,308.388,10.7,5.305,5.777,5.219,-28.406,290.682,-197,-286.988,1,3.655,129.028
2026-09-27T21:03:18.000Z,1790542998.000,32.644352089,-117.191809576,4.162,338.688,327.988,321.271,310.571,10.7,6.679,1.731,5.22,-30.604,290.668,-198,-288.483,1,3.192,130.477
2026-09-27T21:03:19.000Z,1790542999.000,32.644369445,-117.191816907,4.3,336.803,326.103,327.921,317.221,10.7,8.261,2.659,5.221,-37.487,290.434,-199,-289.657,1,3.383,132.171
2026-09-27T21:03:20.000Z,1790543000.000,32.64438586,-117.19182744,4.204,327.901,317.201,323.573,312.873,10.7,6.227,4.542,5.222,-33.584,289.989,-200,-291.507,1,3.668,132.77
2026-09-27T21:03:21.000Z,1790543001.000,32.644402272,-117.191840048,4.362,322.382,311.682,322.284,311.584,10.7,9.323,4.008,5.223,-32.723,289.561,-201,-293.399,1,3.991,133.487
2026-09-27T21:03:22.000Z,1790543002.000,32.644418443,-117.191855419,4.61,321.9,311.2,318.343,307.643,10.7,9.114,4.362,5.224,-29.27,289.073,-202,-295.602,1,4.233,133.824
2026-09-27T21:03:23.000Z,1790543003.000,32.644435232,-117.191870426,4.674,320.92,310.22,317.446,306.746,10.7,8.888,3.731,5.226,-29.064,288.382,-203,-297.695,1,4.322,134.475
2026-09-27T21:03:24.000Z,1790543004.000,32.64445206,-117.191884828,4.867,325.762,315.062,314.001,303.301,10.7,7.766,3.768,5.227,-26.239,287.762,-204,-299.808,1,4.326,134.959
2026-09-27T21:03:25.000Z,1790543005.000,32.644469405,-117.191898681,4.6,324.992,314.292,312.798,302.098,10.7,4.662,3.781,5.228,-25.536,287.261,-205,-301.832,1,4.115,135.697
2026-09-27T21:03:26.000Z,1790543006.000,32.644487623,-117.191910945,4.617,332.956,322.256,313.134,302.434,10.7,3.706,5.856,5.229,-26.114,287.019,-206,-303.723,1,3.802,136.723
2026-09-27T21:03:27.000Z,1790543007.000,32.644507171,-117.191921381,4.392,338.356,327.656,312.195,301.495,10.7,5.042,2.786,5.23,-25.1,287.095,-207,-305.554,1,3.363,137.866
2026-09-27T21:03:28.000Z,1790543008.000,32.64452575,-117.191931122,4.335,331.794,321.094,317.146,306.446,10.7,4.14,2.835,5.231,-29.898,287.248,-208,-307.122,1,3.613,139.43
2026-09-27T21:03:29.000Z,1790543009.000,32.644542786,-117.191942629,4.265,330.362,319.662,318.992,308.292,10.7,5.374,3.079,5.232,-31.792,287.2,-209,-308.844,1,3.61,140.509
2026-09-27T21:03:30.000Z,1790543010.000,32.644559305,-117.191954038,4.2,333.224,322.524,319.119,308.419,10.7,6.943,4.39,5.233,-31.711,287.408,-210,-310.587,1,3.436,141.409
2026-09-27T21:03:31.000Z,1790543011.000,32.644576635,-117.191964306,4.2,329.847,319.147,322.821,312.121,10.7,9.921,4.34,5.234,-35.354,287.467,-211,-312.145,1,3.569,142.724
2026-09-27T21:03:32.000Z,1790543012.000,32.644591533,-117.191976667,3.933,319.467,308.767,319.9,309.2,10.7,7.167,3.367,5.236,-32.514,287.386,-212,-314,1,3.661,143.189
2026-09-27T21:03:33.000Z,1790543013.000,32.64460622,-117.191990425,4.361,320.791,310.091,319.2,308.5,10.7,8.096,4.6,5.237,-31.987,287.213,-213,-315.884,1,4.019,143.731
2026-09-27T21:03:34.000Z,1790543014.000,32.644622125,-117.192005425,4.462,320.027,309.327,319.203,308.503,10.7,10.293,3.862,5.238,-31.93,287.274,-214,-317.906,1,4.134,144.373
2026-09-27T21:03:35.000Z,1790543015.000,32.644639292,-117.192021062,4.67,326.721,316.021,315.54,304.84,10.7,7.89,5.28,5.239,-27.827,287.713,-215,-320.155,1,4.091,144.805
2026-09-27T21:03:36.000Z,1790543016.000,32.644657486,-117.192032929,4.536,335.679,324.979,315.377,304.677,10.7,9.089,6.076,5.24,-27.233,288.144,-216,-322.023,1,3.582,145.811
2026-09-27T21:03:37.000Z,1790543017.000,32.644676135,-117.192042797,4.27,337.851,327.151,314.624,303.924,10.7,6.97,3.408,5.241,-26.25,288.374,-217,-323.762,1,3.267,146.918
2026-09-27T21:03:38.000Z,1790543018.000,32.644694514,-117.192051216,4.336,342.466,331.766,317.405,306.705,10.7,4.199,5.919,5.242,-28.913,288.493,-218,-325.262,1,3.078,148.36
2026-09-27T21:03:39.000Z,1790543019.000,32.644713628,-117.192059594,4.43,337.668,326.968,320.734,310.034,10.7,4.9,5.313,5.243,-32.078,288.656,-219,-326.766,1,3.39,149.912
2026-09-27T21:03:40.000Z,1790543020.000,32.644732419,-117.192069211,4.5,334.108,323.408,322.639,311.939,10.7,5.836,4.405,5.244,-33.987,288.652,-220,-328.399,1,3.613,151.254
2026-09-27T21:03:41.000Z,1790543021.000,32.644750558,-117.192082134,4.669,329.973,319.273,322.676,311.976,10.7,8.331,4.028,5.246,-34.208,288.468,-221,-330.35,1,3.937,152.214
2026-09-27T21:03:42.000Z,1790543022.000,32.644768192,-117.192096175,4.59,324.085,313.385,321.99,311.29,10.7,11.127,5.39,5.247,-33.6,288.39,-222,-332.398,1,4.101,153.012
2026-09-27T21:03:43.000Z,1790543023.000,32.644784964,-117.19211021,4.429,324.269,313.569,323.58,312.88,10.7,13.622,3.488,5.248,-35.06,288.521,-223,-334.32,1,3.949,153.907
2026-09-27T21:03:44.000Z,1790543024.000,32.64480052,-117.192123174,4.141,327.503,316.803,321.718,311.018,10.7,10.154,4.081,5.249,-32.927,288.791,-224,-336.223,1,3.579,154.483
2026-09-27T21:03:45.000Z,1790543025.000,32.644817988,-117.192133395,4.267,335.904,325.204,319.259,308.559,10.7,9.893,5.304,5.25,-30.082,289.178,-225,-337.999,1,3.332,155.331
2026-09-27T21:03:46.000Z,1790543026.000,32.644835856,-117.192141067,4.036,337.72,327.02,319.744,309.044,10.7,4.984,5.707,5.251,-30.288,289.456,-226,-339.477,1,3.066,156.584
2026-09-27T21:03:47.000Z,1790543027.000,32.644853606,-117.192150879,4.282,331.575,320.875,318.93,308.23,10.7,2.17,4.148,5.252,-29.519,289.411,-227,-341.175,1,3.53,157.608
2026-09-27T21:03:48.000Z,1790543028.000,32.644871418,-117.192161429,4.436,332.893,322.193,322.085,311.385,10.7,7.076,5.136,5.253,-32.747,289.338,-228,-342.8,1,3.595,158.91
2026-09-27T21:03:49.000Z,1790543029.000,32.644888727,-117.192174295,4.699,324.007,313.307,320.402,309.702,10.7,9.4,3.565,5.254,-31.156,289.246,-229,-344.768,1,4.186,159.663
2026-09-27T21:03:50.000Z,1790543030.000,32.644906453,-117.19218923,5,322.786,312.086,318.892,308.192,10.7,10.308,3.562,5.256,-29.669,289.224,-230,-346.922,1,4.499,160.355
2026-09-27T21:03:51.000Z,1790543031.000,32.644924697,-117.192204942,4.984,323.194,312.494,317.748,307.048,10.7,9.929,4.281,5.257,-28.325,289.423,-231,-349.151,1,4.467,161.082
2026-09-27T21:03:52.000Z,1790543032.000,32.644942813,-117.192219056,4.662,329.619,318.919,317.563,306.863,10.7,10.106,5.806,5.258,-27.883,289.679,-232,-351.209,1,3.919,161.958
2026-09-27T21:03:53.000Z,1790543033.000,32.644960506,-117.192232396,4.53,329.732,319.032,311.801,301.101,10.7,4.995,6.351,5.259,-21.675,290.125,-233,-353.331,1,3.801,162.391
2026-09-27T21:03:54.000Z,1790543034.000,32.644979379,-117.19224337,4.313,330.902,320.202,313.077,302.377,10.7,4.877,1.747,5.26,-22.798,290.279,-234,-355.122,1,3.567,163.622
2026-09-27T21:03:55.000Z,1790543035.000,32.644997767,-117.192253249,4.638,338.216,327.516,319.987,309.287,10.7,5.002,5.196,5.261,-29.971,290.016,-235,-356.623,1,3.468,165.314
2026-09-27T21:03:56.000Z,1790543036.000,32.645016695,-117.192262937,4.263,333.442,322.742,324.089,313.389,10.7,8.689,3.8,5.262,-34.506,289.583,-236,-358.188,1,3.408,166.835
2026-09-27T21:03:57.000Z,1790543037.000,32.645034294,-117.192274629,4.666,331.773,321.073,323.233,312.533,10.7,9.266,4.235,5.263,-33.966,289.267,-237,-360.043,1,3.807,167.743
2026-09-27T21:03:58.000Z,1790543038.000,32.64505167,-117.192287421,4.4,327.732,317.032,321.451,310.751,10.7,8.981,4.368,5.264,-32.307,289.145,-238,-362.014,1,3.758,168.499
2026-09-27T21:03:59.000Z,1790543039.000,32.645069755,-117.192298925,4.3,332.594,321.894,322.348,311.648,10.7,11.3,4.68,5.266,-33.258,289.09,-239,-363.81,1,3.467,169.597
2026-09-27T21:04:00.000Z,1790543040.000,32.645088414,-117.192310788,4.731,329.893,319.193,320.568,309.868,10.7,9.775,4.138,5.267,-31.373,289.195,-240,-365.76,1,3.939,170.52
2026-09-27T21:04:01.000Z,1790543041.000,32.645107173,-117.192323305,4.967,330.137,319.437,320.095,309.395,10.7,9.065,2.03,5.268,-30.703,289.392,-241,-367.723,1,4.121,171.518
2026-09-27T21:04:02.000Z,1790543042.000,32.645125617,-117.192335637,4.569,331.989,321.289,319.703,309.003,10.7,8.115,6.435,5.269,-30.029,289.673,-242,-369.653,1,3.703,172.503
2026-09-27T21:04:03.000Z,1790543043.000,32.645144325,-117.192347745,4.5,331.715,321.015,319.75,309.05,10.7,9.103,5.103,5.27,-29.791,289.96,-243,-371.561,1,3.656,173.559
2026-09-27T21:04:04.000Z,1790543044.000,32.645163228,-117.192360429,4.477,329.92,319.22,318.621,307.921,10.7,9.399,5.938,5.271,-28.414,290.207,-244,-373.566,1,3.714,174.51
2026-09-27T21:04:05.000Z,1790543045.000,32.645181814,-117.19237292,4.7,327.308,316.608,319.36,308.66,10.7,9.534,5.132,5.272,-28.969,290.391,-245,-375.478,1,4.012,175.589
2026-09-27T21:04:06.000Z,1790543046.000,32.645199458,-117.192386634,4.569,326.389,315.689,317.227,306.528,10.7,7.462,5.231,5.273,-26.988,290.24,-246,-377.542,1,3.936,176.29
2026-09-27T21:04:07.000Z,1790543047.000,32.645217218,-117.192398371,4.515,333.993,323.293,315.371,304.671,10.7,8.647,5.124,5.274,-25.39,289.981,-247,-379.429,1,3.549,177.128
2026-09-27T21:04:08.000Z,1790543048.000,32.645235957,-117.192408574,4.2,332.526,321.826,318.291,307.591,10.7,11.06,4.183,5.276,-28.586,289.706,-248,-381.092,1,3.363,178.518
2026-09-27T21:04:09.000Z,1790543049.000,32.645253725,-117.192420982,4.363,329.89,319.19,316.641,305.941,10.7,6.874,4.731,5.277,-27.291,289.35,-249,-383.033,1,3.607,179.338
2026-09-27T21:04:10.000Z,1790543050.000,32.645271836,-117.192434075,5.029,323.62,312.92,318.1,307.4,10.7,8,4.053,5.278,-29.079,289.021,-250,-384.954,1,4.439,180.398
2026-09-27T21:04:11.000Z,1790543051.000,32.64529025,-117.192450123,5.236,323.803,313.103,318.292,307.592,10.7,9.764,3.336,5.279,-29.538,288.754,-251,-387.177,1,4.611,181.227
2026-09-27T21:04:12.000Z,1790543052.000,32.645308692,-117.192467882,5.01,323.54,312.84,314.389,303.689,10.7,8.66,4.529,5.28,-25.87,288.519,-252,-389.668,1,4.421,181.641
2026-09-27T21:04:13.000Z,1790543053.000,32.645328922,-117.192481745,4.867,334.569,323.869,315.109,304.409,10.7,11.702,4.431,5.281,-26.675,288.435,-253,-391.778,1,3.773,182.796
2026-09-27T21:04:14.000Z,1790543054.000,32.645349035,-117.19249259,4.76,335.035,324.335,322.745,312.045,10.7,10.99,5.36,5.282,-34.334,288.411,-254,-393.398,1,3.659,184.645
2026-09-27T21:04:15.000Z,1790543055.000,32.645367935,-117.192505352,4.5,331.051,320.351,316.22,305.52,10.7,4.842,5.884,5.283,-27.873,288.347,-255,-395.59,1,3.649,185.167
2026-09-27T21:04:16.000Z,1790543056.000,32.645387728,-117.192517245,4.66,332.651,321.951,316.513,305.813,10.7,7.03,3.623,5.284,-28.057,288.456,-256,-397.524,1,3.697,186.353
2026-09-27T21:04:17.000Z,1790543057.000,32.64540549,-117.192529853,4.533,326.247,315.547,320.157,309.457,10.7,7.031,2.961,5.286,-31.56,288.597,-257,-399.315,1,3.878,187.581
2026-09-27T21:04:18.000Z,1790543058.000,32.645421771,-117.192543033,4.264,330.981,320.281,315.786,305.086,10.7,6.277,5.2,5.287,-27.176,288.61,-258,-401.338,1,3.452,188.009
2026-09-27T21:04:19.000Z,1790543059.000,32.645437943,-117.192556087,4.128,321.359,310.659,317.659,306.959,10.7,7.906,2.708,5.288,-29.058,288.602,-259,-403.152,1,3.697,188.928
2026-09-27T21:04:20.000Z,1790543060.000,32.645454208,-117.192569783,4.371,325.5,314.8,321.179,310.479,10.7,9.312,3.326,5.289,-32.646,288.533,-260,-404.964,1,3.762,189.95
2026-09-27T21:04:21.000Z,1790543061.000,32.645470229,-117.192584794,4.732,320.051,309.351,318.597,307.897,10.7,8.365,6.195,5.29,-30.177,288.42,-261,-407.081,1,4.282,190.399
2026-09-27T21:04:22.000Z,1790543062.000,32.64548727,-117.192601272,4.9,318.782,308.082,313.442,302.742,10.7,8.073,3.161,5.291,-25.022,288.42,-262,-409.431,1,4.477,190.654
2026-09-27T21:04:23.000Z,1790543063.000,32.645505741,-117.192616809,5.061,330.396,319.696,314.134,303.434,10.7,8.244,3.584,5.292,-25.77,288.364,-263,-411.603,1,4.112,191.556
2026-09-27T21:04:24.000Z,1790543064.000,32.645525726,-117.192631949,5,328.672,317.972,312.295,301.595,10.7,5.788,5.607,5.293,-24.137,288.157,-264,-413.876,1,4.145,192.414
2026-09-27T21:04:25.000Z,1790543065.000,32.645545447,-117.192645165,4.9,331.49,320.79,310.946,300.246,10.7,2.918,1.832,5.294,-22.899,288.047,-265,-415.958,1,3.919,193.391
2026-09-27T21:04:26.000Z,1790543066.000,32.645565667,-117.192654633,5.033,344.368,333.668,319.433,308.733,10.7,5.167,5.2,5.296,-31.311,288.122,-266,-417.479,1,3.242,195.4
2026-09-27T21:04:27.000Z,1790543067.000,32.645586093,-117.192663148,4.594,337.595,326.895,324.467,313.767,10.7,5.325,5.797,5.297,-36.185,288.282,-267,-418.98,1,3.347,197.192
2026-09-27T21:04:28.000Z,1790543068.000,32.645605158,-117.192673223,4.612,338.292,327.592,324.807,314.107,10.7,3.984,7.523,5.298,-36.303,288.504,-268,-420.719,1,3.317,198.412
2026-09-27T21:04:29.000Z,1790543069.000,32.645624126,-117.192684356,4.4,331.37,320.67,321.208,310.508,10.7,7.131,4.579,5.299,-32.375,288.833,-269,-422.698,1,3.506,199.264
2026-09-27T21:04:30.000Z,1790543070.000,32.645642706,-117.192695738,4.667,329.527,318.827,324.531,313.831,10.7,10.132,2.166,5.3,-35.307,289.224,-270,-424.414,1,3.804,200.6
2026-09-27T21:04:31.000Z,1790543071.000,32.645659391,-117.19270936,4.561,327.97,317.27,324.585,313.885,10.7,8.447,4.766,5.301,-34.908,289.677,-271,-426.355,1,3.785,201.391
2026-09-27T21:04:32.000Z,1790543072.000,32.645675643,-117.192723748,4.09,324.152,313.452,318.176,307.476,10.7,6.448,5.3,5.302,-28.108,290.069,-272,-428.572,1,3.538,201.599
2026-09-27T21:04:33.000Z,1790543073.000,32.64569295,-117.19273572,4.169,329.8,319.1,321.484,310.784,10.7,10.2,4.078,5.303,-31.248,290.236,-273,-430.292,1,3.379,202.79
2026-09-27T21:04:34.000Z,1790543074.000,32.645708906,-117.192747771,4.267,325.436,314.736,319.168,308.468,10.7,3.833,5.802,5.304,-28.79,290.378,-274,-432.146,1,3.636,203.414
2026-09-27T21:04:35.000Z,1790543075.000,32.645725562,-117.192759276,4.003,332.655,321.955,318.058,307.359,10.7,3.169,4.824,5.306,-27.422,290.636,-275,-433.944,1,3.118,204.225
2026-09-27T21:04:36.000Z,1790543076.000,32.645743121,-117.192769995,4.362,332.46,321.76,320.817,310.117,10.7,5.323,3.208,5.307,-30.078,290.738,-276,-435.589,1,3.402,205.464
2026-09-27T21:04:37.000Z,1790543077.000,32.645761898,-117.192781545,4.53,331.266,320.566,322.383,311.683,10.7,4.651,5.762,5.308,-31.783,290.6,-277,-437.398,1,3.588,206.674
2026-09-27T21:04:38.000Z,1790543078.000,32.64578176,-117.192794562,4.834,331.299,320.599,319.101,308.4,10.7,4.967,4.064,5.309,-28.66,290.44,-278,-439.555,1,3.823,207.527
2026-09-27T21:04:39.000Z,1790543079.000,32.645802296,-117.192806846,4.934,333.928,323.228,317.873,307.173,10.7,5.371,2.932,5.31,-27.567,290.306,-279,-441.605,1,3.755,208.639
2026-09-27T21:04:40.000Z,1790543080.000,32.645822533,-117.192816983,4.8,337.654,326.954,323.364,312.664,10.7,6.282,3.717,5.311,-33.082,290.283,-280,-443.228,1,3.436,210.366
2026-09-27T21:04:41.000Z,1790543081.000,32.645842297,-117.192826506,4.407,342.179,331.479,323.113,312.413,10.7,4.468,6.593,5.312,-32.793,290.319,-281,-444.977,1,2.897,211.634
2026-09-27T21:04:42.000Z,1790543082.000,32.645861625,-117.192835412,4.231,339.237,328.537,323.372,312.672,10.7,4.428,4.041,5.313,-32.871,290.501,-282,-446.636,1,2.936,212.935
2026-09-27T21:04:43.000Z,1790543083.000,32.645879464,-117.192844216,4.169,335.269,324.569,323.697,312.997,10.7,3.291,4.294,5.314,-32.804,290.893,-283,-448.212,1,3.09,214.111
2026-09-27T21:04:44.000Z,1790543084.000,32.645896401,-117.192853246,4.073,332.051,321.351,325.553,314.853,10.7,6.1,2.673,5.316,-34.255,291.298,-284,-449.701,1,3.164,215.309
2026-09-27T21:04:45.000Z,1790543085.000,32.645913117,-117.192863034,3.87,336.465,325.765,323.174,312.474,10.7,7.157,3.809,5.317,-31.636,291.539,-285,-451.415,1,2.807,216.123
2026-09-27T21:04:46.000Z,1790543086.000,32.645930905,-117.192871822,4.335,335.418,324.718,328.165,317.465,10.7,9.658,3.749,5.318,-36.552,291.612,-286,-452.795,1,3.193,217.649
2026-09-27T21:04:47.000Z,1790543087.000,32.645948258,-117.192882976,4.231,330.993,320.293,325.121,314.421,10.7,6.266,5.966,5.319,-33.505,291.615,-287,-454.689,1,3.325,218.4
2026-09-27T21:04:48.000Z,1790543088.000,32.645965181,-117.19289474,4.128,325.853,315.153,323.843,313.143,10.7,6.836,4.658,5.32,-32.272,291.571,-288,-456.536,1,3.457,219.211
2026-09-27T21:04:49.000Z,1790543089.000,32.645982755,-117.192906832,4.471,333.594,322.894,321.623,310.923,10.7,8.084,5.642,5.321,-30.055,291.568,-289,-458.474,1,3.377,219.989
2026-09-27T21:04:50.000Z,1790543090.000,32.646001079,-117.192917693,4.436,333.31,322.61,321.879,311.179,10.7,9.439,3.572,5.322,-30.297,291.582,-290,-460.251,1,3.361,221.094
2026-09-27T21:04:51.000Z,1790543091.000,32.646019333,-117.1929302,4.633,328.267,317.567,319.2,308.5,10.7,5.233,3.867,5.323,-27.693,291.507,-291,-462.265,1,3.759,221.874
2026-09-27T21:04:52.000Z,1790543092.000,32.646038259,-117.192941404,4.576,333.374,322.674,319.335,308.635,10.7,4.91,4.424,5.324,-27.693,291.642,-292,-464.105,1,3.455,223.005
2026-09-27T21:04:53.000Z,1790543093.000,32.646057968,-117.192949513,4.3,341.555,330.855,322.062,311.362,10.7,5.589,4.894,5.326,-30.122,291.94,-293,-465.627,1,2.807,224.577
2026-09-27T21:04:54.000Z,1790543094.000,32.646077137,-117.192955748,4.265,344.411,333.711,327.442,316.742,10.7,7.165,3.903,5.327,-35.272,292.17,-294,-466.845,1,2.612,226.398
2026-09-27T21:04:55.000Z,1790543095.000,32.646094478,-117.192964039,4.167,336.908,326.208,325.372,314.672,10.7,4.839,5.501,5.328,-33.055,292.317,-295,-468.453,1,2.957,227.374
2026-09-27T21:04:56.000Z,1790543096.000,32.646111165,-117.192974249,4.165,327.684,316.984,325.019,314.319,10.7,6.794,3.429,5.329,-32.658,292.362,-296,-470.121,1,3.384,228.318
2026-09-27T21:04:57.000Z,1790543097.000,32.646127473,-117.192986066,4.424,331.611,320.911,324.545,313.845,10.7,9.98,5.479,5.33,-32.129,292.416,-297,-471.912,1,3.406,229.132
2026-09-27T21:04:58.000Z,1790543098.000,32.646144295,-117.192998883,4.163,326.317,315.617,322.165,311.465,10.7,8.897,4.257,5.331,-29.646,292.519,-298,-473.884,1,3.434,229.791
2026-09-27T21:04:59.000Z,1790543099.000,32.646161679,-117.193010474,4.167,332.725,322.025,321.54,310.84,10.7,8.403,6.202,5.332,-28.869,292.671,-299,-475.71,1,3.149,230.702
2026-09-27T21:05:00.000Z,1790543100.000,32.646179989,-117.193021641,4.531,334.21,323.511,321.227,310.528,10.7,7.297,3.193,5.333,-28.365,292.862,-300,-477.533,1,3.342,231.745
2026-09-27T21:05:01.000Z,1790543101.000,32.646198614,-117.193031738,4.724,336.752,326.052,318.924,308.224,10.7,4.152,3.314,5.334,-25.871,293.053,-301,-479.346,1,3.335,232.717
2026-09-27T21:05:02.000Z,1790543102.000,32.646218872,-117.193039778,4.461,341.375,330.675,321.931,311.231,10.7,7.216,4.583,5.336,-28.856,293.075,-302,-480.88,1,2.877,234.365
2026-09-27T21:05:03.000Z,1790543103.000,32.646238566,-117.193047148,4.235,339.382,328.682,319.768,309.068,10.7,4.192,5.01,5.337,-26.789,292.979,-303,-482.511,1,2.837,235.593
2026-09-27T21:05:04.000Z,1790543104.000,32.646257236,-117.193056151,4.4,336.685,325.985,320.868,310.168,10.7,2.868,2.3,5.338,-28.001,292.868,-304,-484.118,1,3.093,236.895
2026-09-27T21:05:05.000Z,1790543105.000,32.646275233,-117.19306584,4.2,332.309,321.609,327.598,316.898,10.7,7.355,3.724,5.339,-34.746,292.852,-305,-485.523,1,3.166,238.528
2026-09-27T21:05:06.000Z,1790543106.000,32.646292365,-117.193075938,4.093,334.121,323.421,326.354,315.654,10.7,8.431,7.211,5.34,-33.421,292.933,-306,-487.24,1,2.995,239.451
2026-09-27T21:05:07.000Z,1790543107.000,32.646309045,-117.193086729,3.976,330.923,320.223,325.392,314.692,10.7,11.076,2.98,5.341,-32.259,293.133,-307,-488.983,1,3.053,240.317
2026-09-27T21:05:08.000Z,1790543108.000,32.646326241,-117.193098356,4.33,326.041,315.341,324.425,313.725,10.7,10.22,4.31,5.342,-31.111,293.314,-308,-490.82,1,3.545,241.184
2026-09-27T21:05:09.000Z,1790543109.000,32.646343146,-117.19310916,4.325,335.523,324.823,321.023,310.323,10.7,6.374,5.625,5.343,-27.67,293.353,-309,-492.661,1,3.08,241.879
2026-09-27T21:05:10.000Z,1790543110.000,32.646361655,-117.193117135,4.071,337.106,326.406,325.403,314.703,10.7,8.661,3.6,5.344,-32.041,293.362,-310,-494.044,1,2.814,243.473
2026-09-27T21:05:11.000Z,1790543111.000,32.64637924,-117.19312649,3.996,334.808,324.108,322.835,312.135,10.7,5.185,2.321,5.346,-29.518,293.317,-311,-495.768,1,2.872,244.374
2026-09-27T21:05:12.000Z,1790543112.000,32.646397254,-117.193136059,4.499,336.275,325.575,328.139,317.439,10.7,8.034,4.542,5.347,-35.014,293.125,-312,-497.212,1,3.146,245.903
2026-09-27T21:05:13.000Z,1790543113.000,32.646415122,-117.193146676,4.239,336.264,325.564,323.323,312.623,10.7,7.157,5.188,5.348,-30.426,292.897,-313,-499.155,1,2.961,246.594
2026-09-27T21:05:14.000Z,1790543114.000,32.64643408,-117.193155199,4.661,340.453,329.753,325.949,315.249,10.7,9.705,3.549,5.349,-33.184,292.766,-314,-500.668,1,2.996,248.063
2026-09-27T21:05:15.000Z,1790543115.000,32.646453264,-117.19316519,4.669,336.022,325.322,323.654,312.954,10.7,6.793,4.031,5.35,-30.874,292.78,-315,-502.513,1,3.264,249.097
2026-09-27T21:05:16.000Z,1790543116.000,32.64647256,-117.193176029,4.468,334.135,323.435,322.668,311.968,10.7,5.201,3.598,5.351,-29.738,292.93,-316,-504.38,1,3.221,250.195
2026-09-27T21:05:17.000Z,1790543117.000,32.646491994,-117.193185167,4.635,337.214,326.514,324.57,313.87,10.7,8.859,2.47,5.352,-31.514,293.057,-317,-505.999,1,3.159,251.62
2026-09-27T21:05:18.000Z,1790543118.000,32.646510504,-117.193194986,4.378,335.41,324.71,324.135,313.435,10.7,5.961,6.196,5.353,-30.975,293.159,-318,-507.722,1,3.077,252.744
2026-09-27T21:05:19.000Z,1790543119.000,32.646529278,-117.193205054,4.1,337.269,326.569,323.697,312.997,10.7,6.627,3.427,5.354,-30.419,293.278,-319,-509.479,1,2.781,253.878
2026-09-27T21:05:20.000Z,1790543120.000,32.646547846,-117.193214339,4.2,340.996,330.296,326.576,315.876,10.7,9.24,4.668,5.356,-33.35,293.227,-320,-511.025,1,2.636,255.289
2026-09-27T21:05:21.000Z,1790543121.000,32.646566095,-117.19322451,4.431,332.994,322.294,322.906,312.206,10.7,4.869,4.551,5.357,-29.635,293.271,-321,-512.897,1,3.23,256.124
2026-09-27T21:05:22.000Z,1790543122.000,32.646584862,-117.193234449,4.336,334.637,323.937,324.247,313.547,10.7,7.583,4.358,5.358,-30.967,293.28,-322,-514.573,1,3.069,257.401
2026-09-27T21:05:23.000Z,1790543123.000,32.646603659,-117.193243405,4.419,336.213,325.513,325.568,314.868,10.7,8.678,2.462,5.359,-32.24,293.327,-323,-516.167,1,3.035,258.732
2026-09-27T21:05:24.000Z,1790543124.000,32.646621592,-117.193252312,4.398,335.103,324.403,325.204,314.504,10.7,6.837,4.965,5.36,-32.174,293.03,-324,-517.784,1,3.077,259.858
2026-09-27T21:05:25.000Z,1790543125.000,32.646640861,-117.193261213,4.697,337.79,327.09,326.406,315.706,10.7,8.137,3.725,5.361,-33.509,292.897,-325,-519.398,1,3.118,261.225
2026-09-27T21:05:26.000Z,1790543126.000,32.646659934,-117.193270329,4.631,334.853,324.153,325.977,315.277,10.7,7.977,3.861,5.362,-33.31,292.667,-326,-521.089,1,3.243,262.44
2026-09-27T21:05:27.000Z,1790543127.000,32.646678786,-117.193280321,4.538,333.386,322.686,325.561,314.861,10.7,7.902,2.897,5.363,-33.012,292.549,-327,-522.842,1,3.254,263.587
2026-09-27T21:05:28.000Z,1790543128.000,32.646697734,-117.193291418,4.497,334.456,323.756,325.292,314.592,10.7,8.568,4.72,5.364,-32.78,292.512,-328,-524.69,1,3.16,264.695
2026-09-27T21:05:29.000Z,1790543129.000,32.646716707,-117.19330137,4.334,335.659,324.959,325.999,315.299,10.7,9.766,3.467,5.366,-33.567,292.433,-329,-526.4,1,2.974,265.942
2026-09-27T21:05:30.000Z,1790543130.000,32.646735264,-117.193311692,4.435,334.946,324.246,323.684,312.984,10.7,7.608,4.305,5.367,-31.353,292.331,-330,-528.244,1,3.078,266.9
2026-09-27T21:05:31.000Z,1790543131.000,32.646754203,-117.193321586,4.277,337.648,326.948,323.97,313.27,10.7,8.57,3.77,5.368,-31.658,292.312,-331,-529.966,1,2.814,268.114
2026-09-27T21:05:32.000Z,1790543132.000,32.646773334,-117.193331325,4.292,334.594,323.894,324.092,313.392,10.7,7.377,3.838,5.369,-31.825,292.267,-332,-531.69,1,2.987,269.342
2026-09-27T21:05:33.000Z,1790543133.000,32.646791473,-117.19334217,4.467,332.803,322.103,323.297,312.597,10.7,7.032,4.366,5.37,-31.163,292.134,-333,-533.496,1,3.202,270.349
2026-09-27T21:05:34.000Z,1790543134.000,32.646810163,-117.193352896,4.594,335.415,324.714,324.224,313.524,10.7,9.194,4.192,5.371,-32.255,291.969,-334,-535.252,1,3.139,271.546
2026-09-27T21:05:35.000Z,1790543135.000,32.646828576,-117.193363369,4.2,334.184,323.484,324.584,313.884,10.7,9.115,5.5,5.372,-32.808,291.776,-335,-536.994,1,2.929,272.687
2026-09-27T21:05:36.000Z,1790543136.000,32.64684731,-117.193374683,4.87,327.076,316.376,321.709,311.009,10.7,6.472,5.33,5.373,-30.119,291.591,-336,-538.948,1,3.797,273.563
2026-09-27T21:05:37.000Z,1790543137.000,32.646866808,-117.193385218,4.565,337.729,327.029,320.535,309.835,10.7,7.303,4.397,5.374,-29.116,291.42,-337,-540.803,1,2.964,274.68
2026-09-27T21:05:38.000Z,1790543138.000,32.646885997,-117.193395161,4.535,335.769,325.069,322.341,311.641,10.7,7.452,4.824,5.376,-31.041,291.3,-338,-542.487,1,3.054,276.033
2026-09-27T21:05:39.000Z,1790543139.000,32.646904489,-117.193405999,4.509,332.236,321.536,321.182,310.482,10.7,5.9,2.673,5.377,-30.192,290.991,-339,-544.321,1,3.231,277.044
2026-09-27T21:05:40.000Z,1790543140.000,32.646922438,-117.19341631,4.259,335.021,324.321,323.325,312.625,10.7,7.189,3.484,5.378,-32.449,290.875,-340,-545.963,1,2.898,278.29
2026-09-27T21:05:41.000Z,1790543141.000,32.646940244,-117.19342559,4.2,338.042,327.342,324.536,313.836,10.7,8.479,3.9,5.379,-33.572,290.964,-341,-547.543,1,2.686,279.505
2026-09-27T21:05:42.000Z,1790543142.000,32.646958098,-117.19343461,4.372,329.849,319.149,326.049,315.349,10.7,9.172,3.669,5.38,-35.099,290.951,-342,-549.089,1,3.241,280.761
2026-09-27T21:05:43.000Z,1790543143.000,32.646975758,-117.193444982,4.122,335.307,324.607,324.454,313.754,10.7,8.966,5.427,5.381,-33.624,290.83,-343,-550.867,1,2.774,281.69
2026-09-27T21:05:44.000Z,1790543144.000,32.646993678,-117.193456206,4.5,333.339,322.639,324.356,313.656,10.7,8.933,4.589,5.382,-33.499,290.856,-344,-552.668,1,3.135,282.711
2026-09-27T21:05:45.000Z,1790543145.000,32.647011913,-117.193467744,4.3,335.975,325.275,322.294,311.594,10.7,9.175,5.725,5.383,-31.498,290.796,-345,-554.586,1,2.846,283.592
2026-09-27T21:05:46.000Z,1790543146.000,32.647030206,-117.193478036,3.932,338.709,328.009,319.701,309.001,10.7,7.999,4.801,5.384,-28.826,290.875,-346,-556.414,1,2.454,284.502
2026-09-27T21:05:47.000Z,1790543147.000,32.647048451,-117.193488684,4.429,335.503,324.803,317.797,307.097,10.7,7.855,3.339,5.386,-27.147,290.65,-347,-558.24,1,2.948,285.441
2026-09-27T21:05:48.000Z,1790543148.000,32.647066039,-117.193500107,4.276,328.572,317.872,321.297,310.597,10.7,9.044,3.335,5.387,-30.887,290.41,-348,-559.921,1,3.205,286.703
2026-09-27T21:05:49.000Z,1790543149.000,32.647082939,-117.193513403,4.209,329.431,318.731,317.427,306.727,10.7,5.839,5.339,5.388,-27.155,290.272,-349,-561.975,1,3.109,287.223
2026-09-27T21:05:50.000Z,1790543150.000,32.64710076,-117.193524312,4.433,336.203,325.503,319.272,308.571,10.7,8.704,3.455,5.389,-29.085,290.187,-350,-563.682,1,2.893,288.405
2026-09-27T21:05:51.000Z,1790543151.000,32.64711893,-117.193533679,4.666,334.591,323.891,324.422,313.722,10.7,10.206,5.694,5.39,-34.283,290.14,-351,-565.146,1,3.136,289.956
2026-09-27T21:05:52.000Z,1790543152.000,32.647136086,-117.193545234,4.277,329.27,318.57,320.339,309.639,10.7,5.748,5.188,5.391,-30.226,290.113,-352,-567.088,1,3.152,290.58
2026-09-27T21:05:53.000Z,1790543153.000,32.647153865,-117.193557761,4.411,328.1,317.4,318.889,308.189,10.7,8.518,2.527,5.392,-28.837,290.052,-353,-569.038,1,3.307,291.412
2026-09-27T21:05:54.000Z,1790543154.000,32.647171031,-117.193569786,4.432,330.469,319.769,317.925,307.225,10.7,7.303,4.03,5.393,-27.936,289.989,-354,-570.898,1,3.194,292.252
2026-09-27T21:05:55.000Z,1790543155.000,32.647189094,-117.19357943,4.3,337.936,327.236,318.965,308.265,10.7,8.633,3.832,5.394,-28.874,290.091,-355,-572.535,1,2.678,293.461
2026-09-27T21:05:56.000Z,1790543156.000,32.647206871,-117.193587494,3.772,339.696,328.996,321.604,310.905,10.7,6.738,4.928,5.396,-31.379,290.225,-356,-573.966,1,2.252,294.852
2026-09-27T21:05:57.000Z,1790543157.000,32.647224429,-117.193597532,4.045,326.886,316.186,319.494,308.794,10.7,4.335,2.79,5.397,-29.101,290.392,-357,-575.72,1,3.07,295.746
2026-09-27T21:05:58.000Z,1790543158.000,32.647241769,-117.193607625,4.571,335.414,324.714,322.931,312.231,10.7,9.02,1.378,5.398,-32.351,290.58,-358,-577.27,1,2.982,297.05
2026-09-27T21:05:59.000Z,1790543159.000,32.647258545,-117.193619108,4.169,329.359,318.659,324.96,314.26,10.7,9.53,4.058,5.399,-34.104,290.856,-359,-578.958,1,3.033,298.116
2026-09-27T21:06:00.000Z,1790543160.000,32.647275897,-117.193631018,4.2,333.155,322.455,318.648,307.948,10.7,6.445,5.903,5.4,-27.729,290.92,-360,-581.017,1,2.854,298.566
2026-09-27T21:06:01.000Z,1790543161.000,32.647294204,-117.193639783,4.338,335.487,324.787,320.464,309.764,10.7,9.502,3.611,5.401,-29.853,290.612,-361,-582.563,1,2.809,299.904
2026-09-27T21:06:02.000Z,1790543162.000,32.647312363,-117.193649505,4.3,333.293,322.593,325.358,314.658,10.7,9.337,4.763,5.402,-35.017,290.341,-362,-584.059,1,2.901,301.413
2026-09-27T21:06:03.000Z,1790543163.000,32.647328039,-117.193663538,4.401,321.002,310.302,318.565,307.865,10.7,3.934,4.699,5.403,-28.291,290.274,-363,-586.238,1,3.59,301.559
2026-09-27T21:06:04.000Z,1790543164.000,32.64734497,-117.193676392,4.33,330.138,319.438,316.424,305.724,10.7,8.589,4.608,5.404,-26.158,290.266,-364,-588.193,1,3.085,302.24
2026-09-27T21:06:05.000Z,1790543165.000,32.647363108,-117.193685988,4.2,336.475,325.775,322.575,311.875,10.7,11.745,3.377,5.406,-32.31,290.265,-365,-589.657,1,2.642,303.858
2026-09-27T21:06:06.000Z,1790543166.000,32.647380257,-117.193696348,4.1,334.39,323.69,319.147,308.447,10.7,4.577,6.077,5.407,-28.775,290.371,-366,-591.465,1,2.688,304.595
2026-09-27T21:06:07.000Z,1790543167.000,32.647397279,-117.193705137,3.935,334.472,323.772,318.865,308.165,10.7,4.826,3.551,5.408,-28.136,290.73,-367,-593.023,1,2.571,305.65
2026-09-27T21:06:08.000Z,1790543168.000,32.647414661,-117.193712905,4.051,338.797,328.097,323.356,312.656,10.7,6.828,4.763,5.409,-32.195,291.162,-368,-594.342,1,2.401,307.165
2026-09-27T21:06:09.000Z,1790543169.000,32.647432259,-117.193721997,4.054,333.495,322.795,322.019,311.319,10.7,4.173,3.535,5.41,-30.608,291.411,-369,-595.995,1,2.688,308.176
2026-09-27T21:06:10.000Z,1790543170.000,32.647449534,-117.193731036,3.963,336.414,325.714,328.294,317.594,10.7,8.375,3.694,5.411,-36.76,291.534,-370,-597.322,1,2.466,309.741
2026-09-27T21:06:11.000Z,1790543171.000,32.647466026,-117.193741709,4.165,331.564,320.864,324.324,313.624,10.7,7.889,5.244,5.412,-32.797,291.527,-371,-599.172,1,2.855,310.368
2026-09-27T21:06:12.000Z,1790543172.000,32.647483168,-117.193751796,4.1,331.309,320.609,323.558,312.858,10.7,9.176,2.307,5.413,-32.04,291.518,-372,-600.866,1,2.818,311.328
2026-09-27T21:06:13.000Z,1790543173.000,32.647500273,-117.193762508,4.212,329.337,318.637,325.889,315.189,10.7,7.909,3.318,5.414,-34.29,291.599,-373,-602.487,1,2.992,312.487
2026-09-27T21:06:14.000Z,1790543174.000,32.647517679,-117.193773546,4.207,332.015,321.315,323.392,312.692,10.7,7.862,3.556,5.416,-31.633,291.759,-374,-604.345,1,2.842,313.288
2026-09-27T21:06:15.000Z,1790543175.000,32.647534873,-117.193783537,4.201,336.721,326.021,325.699,314.999,10.7,8.399,3.463,5.417,-33.864,291.834,-375,-605.912,1,2.568,314.493
2026-09-27T21:06:16.000Z,1790543176.000,32.647553321,-117.19379264,4.5,340.838,330.138,322.053,311.353,10.7,3.7,6.206,5.418,-30.027,292.026,-376,-607.697,1,2.482,315.403
2026-09-27T21:06:17.000Z,1790543177.000,32.647573683,-117.193797745,4.6,350.082,339.382,326.494,315.794,10.7,8.937,1.713,5.419,-34.27,292.224,-377,-608.916,1,1.877,317.323
2026-09-27T21:06:18.000Z,1790543178.000,32.647593026,-117.193803455,4.3,349.669,338.969,327.887,317.187,10.7,4.016,7.791,5.42,-35.656,292.231,-378,-610.252,1,1.774,318.881
2026-09-27T21:06:19.000Z,1790543179.000,32.647612111,-117.193810718,4.3,339.433,328.733,323,312.3,10.7,1.296,4.401,5.421,-30.697,292.303,-379,-611.97,1,2.435,319.858
2026-09-27T21:06:20.000Z,1790543180.000,32.647630833,-117.193818367,4.2,339.966,329.266,326.1,315.4,10.7,5.7,2.733,5.422,-33.713,292.387,-380,-613.378,1,2.338,321.388
2026-09-27T21:06:21.000Z,1790543181.000,32.647648881,-117.193827038,4.17,336.684,325.984,332.253,321.553,10.7,10.609,3.053,5.423,-39.605,292.648,-381,-614.686,1,2.508,323.021
2026-09-27T21:06:22.000Z,1790543182.000,32.647664987,-117.19383739,4.086,328.902,318.202,330.624,319.924,10.7,9.424,6.079,5.424,-37.542,293.082,-382,-616.402,1,2.872,323.812
2026-09-27T21:06:23.000Z,1790543183.000,32.647680725,-117.193848457,3.87,328.86,318.16,328.71,318.01,10.7,10.621,5.748,5.426,-35.152,293.557,-383,-618.172,1,2.718,324.509
2026-09-27T21:06:24.000Z,1790543184.000,32.647696383,-117.193858242,3.5,336.594,325.894,325.167,314.467,10.7,9.534,3.07,5.427,-31.215,293.952,-384,-619.892,1,2.097,325.142
2026-09-27T21:06:25.000Z,1790543185.000,32.647712644,-117.19386649,4.034,334.142,323.442,323.71,313.01,10.7,6.404,4,5.428,-29.425,294.285,-385,-621.416,1,2.547,326.068
2026-09-27T21:06:26.000Z,1790543186.000,32.647729523,-117.193872999,3.927,345.701,335.001,325.582,314.882,10.7,4.501,4.509,5.429,-31.163,294.42,-386,-622.69,1,1.812,327.398
2026-09-27T21:06:27.000Z,1790543187.000,32.647747235,-117.193878886,3.93,341.41,330.71,329.611,318.911,10.7,4.659,4.059,5.43,-35.273,294.338,-387,-623.85,1,2.061,328.996
2026-09-27T21:06:28.000Z,1790543188.000,32.647765708,-117.19388618,4.203,343.6,332.9,329.283,318.583,10.7,4.442,5.771,5.431,-34.962,294.321,-388,-625.355,1,2.059,330.261
2026-09-27T21:06:29.000Z,1790543189.000,32.647785965,-117.193893587,4.7,343.883,333.183,331.795,321.095,10.7,8.592,3.203,5.432,-37.671,294.124,-389,-626.822,1,2.272,331.891
2026-09-27T21:06:30.000Z,1790543190.000,32.647806607,-117.19390296,4.907,339.262,328.562,328.029,317.329,10.7,5.993,5.758,5.433,-33.937,294.092,-390,-628.765,1,2.701,332.99
2026-09-27T21:06:31.000Z,1790543191.000,32.647827488,-117.193911897,4.77,341.197,330.497,328.83,318.13,10.7,8.423,2.4,5.434,-34.724,294.105,-391,-630.473,1,2.48,334.47
2026-09-27T21:06:32.000Z,1790543192.000,32.647847354,-117.193919553,4.464,344.125,333.425,329.896,319.196,10.7,7.832,5.236,5.436,-35.626,294.27,-392,-632.011,1,2.114,335.946
2026-09-27T21:06:33.000Z,1790543193.000,32.64786701,-117.19392633,4.707,341.97,331.27,329.648,318.948,10.7,9.185,2.229,5.437,-35.093,294.555,-393,-633.524,1,2.374,337.353
2026-09-27T21:06:34.000Z,1790543194.000,32.647885786,-117.193933094,4.191,347.121,336.421,325.4,314.7,10.7,6.176,4.876,5.438,-30.607,294.793,-394,-635.169,1,1.773,338.381
2026-09-27T21:06:35.000Z,1790543195.000,32.647904748,-117.193938042,4.185,346.005,335.305,331.153,320.453,10.7,7.282,3.276,5.439,-36.263,294.89,-395,-636.229,1,1.834,340.27
2026-09-27T21:06:36.000Z,1790543196.000,32.647922157,-117.193944409,4.108,339.09,328.39,331.868,321.168,10.7,6.676,3.961,5.44,-37.022,294.847,-396,-637.556,1,2.225,341.565
2026-09-27T21:06:37.000Z,1790543197.000,32.647938567,-117.193952867,3.933,338.067,327.367,331.5,320.8,10.7,7.8,6.9,5.441,-36.633,294.868,-397,-639.065,1,2.183,342.577
2026-09-27T21:06:38.000Z,1790543198.000,32.647955504,-117.193962261,3.9,331.034,320.334,329.035,318.335,10.7,8.806,4.426,5.442,-34.022,295.013,-398,-640.777,1,2.54,343.434
2026-09-27T21:06:39.000Z,1790543199.000,32.647973617,-117.193973025,4.762,330.276,319.576,327.707,317.007,10.7,10.304,1.424,5.443,-32.637,295.07,-399,-642.601,1,3.142,344.405
2026-09-27T21:06:40.000Z,1790543200.000,32.647992818,-117.193983803,4.818,333.53,322.83,326.264,315.564,10.7,8.83,5.015,5.444,-31.287,294.977,-400,-644.485,1,2.96,345.466
2026-09-27T21:06:41.000Z,1790543201.000,32.648011418,-117.193994544,4.733,333.155,322.455,323.127,312.427,10.7,5.892,4.372,5.446,-28.343,294.783,-401,-646.399,1,2.925,346.342
2026-09-27T21:06:42.000Z,1790543202.000,32.648030308,-117.19400369,4.334,338.737,328.037,320.046,309.346,10.7,4.334,3.1,5.447,-25.433,294.612,-402,-648.177,1,2.327,347.331
2026-09-27T21:06:43.000Z,1790543203.000,32.648050141,-117.194009306,4.662,346.142,335.442,328.594,317.894,10.7,10.68,2.318,5.448,-34.334,294.26,-403,-649.252,1,1.963,349.489
2026-09-27T21:06:44.000Z,1790543204.000,32.648069348,-117.194017415,4.179,338.709,328.009,326.276,315.576,10.7,5.179,5.852,5.449,-32.332,293.944,-404,-650.947,1,2.228,350.628
2026-09-27T21:06:45.000Z,1790543205.000,32.648087506,-117.19402697,4.267,332.633,321.933,327.769,317.069,10.7,6.202,4.367,5.45,-34.241,293.528,-405,-652.55,1,2.637,351.88
2026-09-27T21:06:46.000Z,1790543206.000,32.648105176,-117.194037152,4.202,333.75,323.05,330.34,319.64,10.7,10.1,4.206,5.451,-37.088,293.252,-406,-654.131,1,2.524,353.132
2026-09-27T21:06:47.000Z,1790543207.000,32.648123477,-117.19404758,4.5,337.753,327.053,325.98,315.28,10.7,9.726,5.918,5.452,-32.71,293.27,-407,-656.072,1,2.439,353.912
2026-09-27T21:06:48.000Z,1790543208.000,32.64814302,-117.19405465,4.288,340.908,330.208,327.142,316.442,10.7,9.904,3.908,5.453,-33.788,293.353,-408,-657.545,1,2.113,355.399
2026-09-27T21:06:49.000Z,1790543209.000,32.648162193,-117.194062496,4.505,338.22,327.52,327.245,316.545,10.7,7.791,2.7,5.454,-33.765,293.48,-409,-659.11,1,2.392,356.731
2026-09-27T21:06:50.000Z,1790543210.000,32.648180788,-117.194072127,4.436,334.197,323.497,324.341,313.641,10.7,6.136,3.466,5.456,-30.774,293.567,-410,-660.924,1,2.606,357.686
2026-09-27T21:06:51.000Z,1790543211.000,32.648199715,-117.19408188,4.495,334.18,323.48,326.433,315.733,10.7,9.708,2.391,5.457,-32.849,293.584,-411,-662.559,1,2.634,359.044
2026-09-27T21:06:52.000Z,1790543212.000,32.648218144,-117.194091772,4.4,337.135,326.435,325.58,314.88,10.7,8.717,5.992,5.458,-31.963,293.617,-412,-664.303,1,2.383,360.126
2026-09-27T21:06:53.000Z,1790543213.000,32.648236169,-117.194101154,4.065,334.923,324.223,327.108,316.408,10.7,8.617,2.458,5.459,-33.527,293.581,-413,-665.885,1,2.324,361.378
2026-09-27T21:06:54.000Z,1790543214.000,32.648253245,-117.194110808,4.433,333.845,323.145,330.362,319.662,10.7,10.733,3.685,5.46,-36.885,293.477,-414,-667.364,1,2.594,362.656
2026-09-27T21:06:55.000Z,1790543215.000,32.648270659,-117.194123118,4.259,330.288,319.588,322.976,312.276,10.7,6.471,5.488,5.461,-29.614,293.362,-415,-669.543,1,2.697,363.023
2026-09-27T21:06:56.000Z,1790543216.000,32.648289703,-117.194135317,4.8,333.716,323.016,320.907,310.207,10.7,6.969,3.855,5.462,-27.705,293.202,-416,-671.552,1,2.804,363.94
2026-09-27T21:06:57.000Z,1790543217.000,32.648309071,-117.194145151,4.469,335.856,325.156,320.225,309.525,10.7,7.008,4.695,5.463,-27.255,292.97,-417,-673.324,1,2.465,365.122
2026-09-27T21:06:58.000Z,1790543218.000,32.64832806,-117.194153297,4.334,338.635,327.935,325.037,314.337,10.7,6.636,2.035,5.464,-32.37,292.667,-418,-674.73,1,2.202,366.785
2026-09-27T21:06:59.000Z,1790543219.000,32.648346314,-117.194161676,4.227,339.236,328.536,327.2,316.5,10.7,4.723,5.332,5.466,-34.71,292.49,-419,-676.212,1,2.1,368.16
2026-09-27T21:07:00.000Z,1790543220.000,32.648365225,-117.194170136,4.3,338.043,327.343,328.264,317.564,10.7,9.091,3.324,5.467,-35.748,292.516,-420,-677.775,1,2.205,369.507
2026-09-27T21:07:01.000Z,1790543221.000,32.648383862,-117.194181681,4.56,332.813,322.113,325.99,315.29,10.7,8.23,4.62,5.468,-33.414,292.576,-421,-679.732,1,2.678,370.412
2026-09-27T21:07:02.000Z,1790543222.000,32.648401812,-117.194193307,4.266,333.847,323.147,322.738,312.038,10.7,6.403,5.137,5.469,-30.146,292.592,-422,-681.694,1,2.436,371.173
2026-09-27T21:07:03.000Z,1790543223.000,32.648419823,-117.194202062,4.271,334.949,324.249,324.464,313.764,10.7,8.155,2.39,5.47,-31.854,292.61,-423,-683.218,1,2.362,372.474
2026-09-27T21:07:04.000Z,1790543224.000,32.648438335,-117.194211062,4.289,335.157,324.457,326.637,315.937,10.7,9.848,4.252,5.471,-33.822,292.814,-424,-684.767,1,2.351,373.842
2026-09-27T21:07:05.000Z,1790543225.000,32.648456498,-117.194222926,4.53,327.517,316.817,320.366,309.666,10.7,4.738,3.749,5.472,-27.415,292.951,-425,-686.872,1,2.958,374.375
2026-09-27T21:07:06.000Z,1790543226.000,32.648474679,-117.194233273,4.467,333.35,322.65,322.001,311.301,10.7,7.8,5.067,5.473,-28.894,293.107,-426,-688.549,1,2.55,375.602
2026-09-27T21:07:07.000Z,1790543227.000,32.648493158,-117.194243676,4.466,333.803,323.103,321.755,311.055,10.7,7.686,2.676,5.474,-28.79,292.966,-427,-690.312,1,2.511,376.706
2026-09-27T21:07:08.000Z,1790543228.000,32.648510824,-117.194255056,4.239,331.008,320.308,320.221,309.521,10.7,6.064,5.118,5.476,-27.35,292.871,-428,-692.165,1,2.545,377.583
2026-09-27T21:07:09.000Z,1790543229.000,32.648528714,-117.194267238,4.438,329.624,318.924,314.854,304.154,10.7,4.269,2.669,5.477,-21.977,292.877,-429,-694.209,1,2.744,378.132
2026-09-27T21:07:10.000Z,1790543230.000,32.648547057,-117.19427852,4.362,333.122,322.422,320.509,309.809,10.7,5.938,3.863,5.478,-27.594,292.915,-430,-695.855,1,2.472,379.643
2026-09-27T21:07:11.000Z,1790543231.000,32.648564457,-117.194290985,4.433,326.381,315.681,319.865,309.165,10.7,4.859,6.012,5.479,-26.985,292.881,-431,-697.755,1,2.917,380.507
2026-09-27T21:07:12.000Z,1790543232.000,32.648581699,-117.19430301,4.431,328.909,318.209,318.488,307.788,10.7,6.954,3.685,5.48,-25.595,292.893,-432,-699.634,1,2.759,381.322
2026-09-27T21:07:13.000Z,1790543233.000,32.648598792,-117.19431414,4.137,331.25,320.55,320.336,309.636,10.7,7.287,3.674,5.481,-27.276,293.061,-433,-701.323,1,2.434,382.426
2026-09-27T21:07:14.000Z,1790543234.000,32.648616792,-117.194323091,4.27,341.69,330.99,323.75,313.05,10.7,8.76,4.09,5.482,-30.513,293.238,-434,-702.806,1,1.835,383.848
2026-09-27T21:07:15.000Z,1790543235.000,32.648634069,-117.194332654,4.165,333.797,323.097,321.971,311.271,10.7,4.771,4.697,5.483,-28.588,293.383,-435,-704.5,1,2.282,384.77
2026-09-27T21:07:16.000Z,1790543236.000,32.648652176,-117.194342554,4.334,335.042,324.342,324.486,313.786,10.7,7.662,5.326,5.484,-31.006,293.48,-436,-706.097,1,2.286,386.08
2026-09-27T21:07:17.000Z,1790543237.000,32.648669944,-117.194353209,4.288,332.187,321.487,322.248,311.548,10.7,6.686,5.275,5.486,-28.759,293.489,-437,-707.925,1,2.433,386.953
2026-09-27T21:07:18.000Z,1790543238.000,32.648687995,-117.194363779,4.189,333.393,322.693,324.111,313.411,10.7,8.107,4.116,5.487,-30.396,293.715,-438,-709.603,1,2.295,388.172
2026-09-27T21:07:19.000Z,1790543239.000,32.648704534,-117.194374222,4.165,331.418,320.718,324.029,313.329,10.7,6.394,4.206,5.488,-29.969,294.06,-439,-711.272,1,2.393,389.11
2026-09-27T21:07:20.000Z,1790543240.000,32.648721982,-117.194383889,4.232,336.505,325.805,327.798,317.098,10.7,10.831,2.702,5.489,-33.558,294.24,-440,-712.759,1,2.107,390.465
2026-09-27T21:07:21.000Z,1790543241.000,32.648739136,-117.194394841,4.336,331.589,320.889,323.655,312.956,10.7,7.347,5.692,5.49,-29.265,294.39,-441,-714.668,1,2.466,391.124
2026-09-27T21:07:22.000Z,1790543242.000,32.648757097,-117.194404942,4.157,336.298,325.598,320.57,309.87,10.7,5.828,6.127,5.491,-26.076,294.493,-442,-716.485,1,2.068,391.977
2026-09-27T21:07:23.000Z,1790543243.000,32.648775293,-117.19441262,4.095,339.907,329.207,321.916,311.216,10.7,5.943,3.32,5.492,-27.352,294.564,-443,-717.947,1,1.8,393.326
2026-09-27T21:07:24.000Z,1790543244.000,32.6487932,-117.194419267,4.3,336.564,325.864,326.233,315.533,10.7,6.567,2.367,5.493,-31.694,294.539,-444,-719.186,1,2.102,394.929
2026-09-27T21:07:25.000Z,1790543245.000,32.648811266,-117.194427534,4.162,340.866,330.166,327.726,317.026,10.7,7.025,3.755,5.494,-33.109,294.618,-445,-720.677,1,1.747,396.243
2026-09-27T21:07:26.000Z,1790543246.000,32.648829414,-117.19443683,4.346,335.732,325.032,327.669,316.969,10.7,7.723,5.4,5.496,-32.954,294.715,-446,-722.324,1,2.161,397.391
2026-09-27T21:07:27.000Z,1790543247.000,32.648848159,-117.194447379,4.365,335.884,325.183,323.943,313.243,10.7,7.739,5.541,5.497,-29.136,294.807,-447,-724.257,1,2.152,398.248
2026-09-27T21:07:28.000Z,1790543248.000,32.648867359,-117.194456045,4.3,340.635,329.935,323.855,313.155,10.7,7.124,3.598,5.498,-28.925,294.93,-448,-725.901,1,1.793,399.523
2026-09-27T21:07:29.000Z,1790543249.000,32.648886396,-117.194462754,4.266,345.16,334.46,331.788,321.088,10.7,10.237,4.855,5.499,-36.868,294.92,-449,-727.022,1,1.455,401.489
2026-09-27T21:07:30.000Z,1790543250.000,32.648904085,-117.19447092,3.916,340.539,329.839,326.867,316.167,10.7,5.496,4.403,5.5,-32.044,294.823,-450,-728.773,1,1.621,402.297
2026-09-27T21:07:31.000Z,1790543251.000,32.648922359,-117.194479106,4.238,341.174,330.474,328.615,317.915,10.7,8.684,4.17,5.501,-33.708,294.907,-451,-730.254,1,1.701,403.652
2026-09-27T21:07:32.000Z,1790543252.000,32.6489402,-117.1944876,4.233,336.433,325.733,327.733,317.033,10.7,8.167,5.4,5.502,-32.696,295.037,-452,-731.855,1,2.005,404.754
2026-09-27T21:07:33.000Z,1790543253.000,32.648958488,-117.194496626,4.335,335.403,324.703,326.606,315.906,10.7,7.942,3.942,5.503,-31.594,295.012,-453,-733.532,1,2.113,405.849
2026-09-27T21:07:34.000Z,1790543254.000,32.648976518,-117.194505924,4.062,340.104,329.404,327.108,316.408,10.7,8.446,4.368,5.504,-32.184,294.924,-454,-735.15,1,1.673,407.028
2026-09-27T21:07:35.000Z,1790543255.000,32.648995348,-117.194514215,4.33,340.034,329.334,327.839,317.139,10.7,8.848,4.324,5.506,-33.036,294.804,-455,-736.71,1,1.779,408.352
2026-09-27T21:07:36.000Z,1790543256.000,32.649013431,-117.194522883,4.332,335.617,324.917,328.397,317.697,10.7,8.027,4.46,5.507,-33.637,294.761,-456,-738.274,1,2.069,409.574
2026-09-27T21:07:37.000Z,1790543257.000,32.649031902,-117.194533451,4.503,336.158,325.458,323.213,312.513,10.7,5.937,3.271,5.508,-28.4,294.813,-457,-740.256,1,2.104,410.295
2026-09-27T21:07:38.000Z,1790543258.000,32.64905025,-117.19454267,4.391,334.874,324.174,328.239,317.539,10.7,9.601,3.704,5.509,-33.627,294.612,-458,-741.696,1,2.128,411.851
2026-09-27T21:07:39.000Z,1790543259.000,32.64906772,-117.194553038,4.305,332.453,321.753,326.753,316.053,10.7,8.277,3.713,5.51,-32.366,294.387,-459,-743.463,1,2.235,412.773
2026-09-27T21:07:40.000Z,1790543260.000,32.649084719,-117.194563378,4.102,334.528,323.828,326.938,316.238,10.7,9.17,4.527,5.511,-32.485,294.453,-460,-745.136,1,1.993,413.779
2026-09-27T21:07:41.000Z,1790543261.000,32.649102914,-117.194573926,4.469,337.916,327.216,322.889,312.189,10.7,6.463,6.422,5.512,-28.261,294.628,-461,-747.051,1,1.928,414.56
2026-09-27T21:07:42.000Z,1790543262.000,32.649122299,-117.194582307,4.5,339.9,329.2,322.285,311.585,10.7,6.615,2.2,5.513,-27.617,294.668,-462,-748.7,1,1.789,415.827
2026-09-27T21:07:43.000Z,1790543263.000,32.64914078,-117.194589909,4.362,339.27,328.57,326.953,316.253,10.7,7.115,3.79,5.514,-32.2,294.753,-463,-750.03,1,1.766,417.458
2026-09-27T21:07:44.000Z,1790543264.000,32.649158676,-117.19459909,4.1,337.049,326.349,326.505,315.805,10.7,6.847,7.379,5.516,-31.699,294.806,-464,-751.672,1,1.795,418.56
2026-09-27T21:07:45.000Z,1790543265.000,32.649176012,-117.194609506,4.199,335.359,324.659,325.303,314.603,10.7,6.634,4.101,5.517,-30.428,294.875,-465,-753.424,1,1.941,419.488
2026-09-27T21:07:46.000Z,1790543266.000,32.649193677,-117.194619703,4.261,337.11,326.41,323.821,313.121,10.7,8.052,4.513,5.518,-28.879,294.942,-466,-755.182,1,1.844,420.435
2026-09-27T21:07:47.000Z,1790543267.000,32.649211753,-117.19462853,4.323,339.077,328.377,326.647,315.947,10.7,9.7,3.546,5.519,-31.704,294.943,-467,-756.668,1,1.725,421.821
2026-09-27T21:07:48.000Z,1790543268.000,32.64922912,-117.194639821,4.338,331.292,320.591,323.393,312.693,10.7,4.878,5.731,5.52,-28.536,294.857,-468,-758.577,1,2.246,422.547
2026-09-27T21:07:49.000Z,1790543269.000,32.649246851,-117.194649608,4.031,337.292,326.592,321.642,310.942,10.7,5.741,4.308,5.521,-26.874,294.768,-469,-760.309,1,1.707,423.5
2026-09-27T21:07:50.000Z,1790543270.000,32.649264693,-117.194657648,4.169,340.103,329.403,326.897,316.196,10.7,8.2,3.631,5.522,-32.238,294.658,-470,-761.625,1,1.567,425.095
2026-09-27T21:07:51.000Z,1790543271.000,32.649282413,-117.194667268,4.44,332.057,321.357,324.396,313.696,10.7,5.698,3.941,5.523,-29.952,294.444,-471,-763.38,1,2.219,426.001
2026-09-27T21:07:52.000Z,1790543272.000,32.649301022,-117.194676971,4.47,331.507,320.807,325.65,314.95,10.7,8.33,4.11,5.524,-31.536,294.114,-472,-765.031,1,2.261,427.27
2026-09-27T21:07:53.000Z,1790543273.000,32.649318831,-117.194687251,4.2,337.004,326.304,324.04,313.34,10.7,7.508,4.868,5.526,-30.299,293.741,-473,-766.807,1,1.758,428.216
2026-09-27T21:07:54.000Z,1790543274.000,32.649336427,-117.194696979,4.134,333.979,323.279,323.489,312.79,10.7,6.993,4.559,5.527,-29.85,293.64,-474,-768.484,1,1.918,429.253
2026-09-27T21:07:55.000Z,1790543275.000,32.649354907,-117.194705882,4.3,334.782,324.082,321.851,311.151,10.7,4.636,4.333,5.528,-28.209,293.643,-475,-770.173,1,1.931,430.33
2026-09-27T21:07:56.000Z,1790543276.000,32.649373271,-117.194713688,4.188,342.076,331.376,324.535,313.835,10.7,7.447,4.924,5.529,-30.718,293.818,-476,-771.599,1,1.38,431.789
2026-09-27T21:07:57.000Z,1790543277.000,32.64939122,-117.194722901,4.227,331.744,321.045,323.472,312.772,10.7,8.149,2.578,5.53,-29.828,293.644,-477,-773.269,1,2.077,432.847
2026-09-27T21:07:58.000Z,1790543278.000,32.649408106,-117.194733937,4.366,332.291,321.591,322.798,312.098,10.7,5.666,4.198,5.531,-29.03,293.768,-478,-775.027,1,2.1,433.739
2026-09-27T21:07:59.000Z,1790543279.000,32.649424623,-117.194745387,4.223,328.881,318.181,320.745,310.045,10.7,5.952,4.968,5.532,-27.084,293.661,-479,-776.853,1,2.239,434.468
2026-09-27T21:08:00.000Z,1790543280.000,32.649441607,-117.194755995,3.944,329.922,319.222,322.318,311.618,10.7,9.332,3.671,5.533,-29.024,293.294,-480,-778.496,1,2.022,435.567
2026-09-27T21:08:01.000Z,1790543281.000,32.649457504,-117.194766293,3.932,330.715,320.015,326.072,315.372,10.7,9.839,4.146,5.534,-33.13,292.942,-481,-779.972,1,1.96,436.748
2026-09-27T21:08:02.000Z,1790543282.000,32.6494726,-117.194779533,4.033,324,313.3,321.267,310.567,10.7,5.867,5.733,5.536,-28.526,292.741,-482,-781.994,1,2.4,437.042
2026-09-27T21:08:03.000Z,1790543283.000,32.649488254,-117.194791123,4.1,331.682,320.982,321.225,310.525,10.7,7.31,5.529,5.537,-28.464,292.761,-483,-783.715,1,1.969,437.84
2026-09-27T21:08:04.000Z,1790543284.000,32.649505395,-117.194800147,3.9,338.447,327.747,322.193,311.493,10.7,7.577,5.501,5.538,-29.315,292.878,-484,-785.256,1,1.448,438.991
2026-09-27T21:08:05.000Z,1790543285.000,32.649524268,-117.194808258,4.374,344.232,333.532,318.121,307.421,10.7,5.337,2.021,5.539,-25.218,292.903,-485,-786.974,1,1.196,439.955
2026-09-27T21:08:06.000Z,1790543286.000,32.649542818,-117.194815742,4.166,336.85,326.15,323.667,312.967,10.7,2.536,4.125,5.54,-30.993,292.675,-486,-788.289,1,1.633,441.674
2026-09-27T21:08:07.000Z,1790543287.000,32.649561196,-117.194824319,4.297,339.495,328.795,325.124,314.424,10.7,3.77,6.519,5.541,-32.717,292.407,-487,-789.823,1,1.489,442.997
2026-09-27T21:08:08.000Z,1790543288.000,32.649579693,-117.194832615,4.3,335.017,324.317,329.306,318.606,10.7,6.638,5.025,5.542,-37.04,292.266,-488,-791.222,1,1.789,444.55
2026-09-27T21:08:09.000Z,1790543289.000,32.649598522,-117.194842221,4.32,336.263,325.563,327.02,316.32,10.7,7.02,2.94,5.543,-34.858,292.162,-489,-793.026,1,1.701,445.578
2026-09-27T21:08:10.000Z,1790543290.000,32.649616345,-117.194850306,4.1,337.553,326.853,331.795,321.095,10.7,9.229,4.194,5.544,-39.527,292.268,-490,-794.334,1,1.518,447.119
2026-09-27T21:08:11.000Z,1790543291.000,32.649632872,-117.194857953,3.868,337.143,326.443,330.439,319.739,10.7,7.937,5.51,5.546,-37.953,292.486,-491,-795.828,1,1.45,448.114
2026-09-27T21:08:12.000Z,1790543292.000,32.649649138,-117.194865528,3.845,337.547,326.847,324.145,313.445,10.7,5.318,3.873,5.547,-31.311,292.834,-492,-797.509,1,1.408,448.715
2026-09-27T21:08:13.000Z,1790543293.000,32.649666959,-117.194872114,4.019,341.268,330.568,328.37,317.67,10.7,7.927,3.522,5.548,-35.363,293.007,-493,-798.732,1,1.215,450.303
2026-09-27T21:08:14.000Z,1790543294.000,32.649684202,-117.194878145,3.965,345.083,334.383,330.225,319.525,10.7,5.948,6.465,5.549,-37.374,292.85,-494,-799.972,1,0.935,451.686
2026-09-27T21:08:15.000Z,1790543295.000,32.649701251,-117.19488589,3.968,328.231,317.531,325,314.3,10.7,4.801,4.256,5.55,-32.359,292.641,-495,-801.662,1,2.005,452.431
2026-09-27T21:08:16.000Z,1790543296.000,32.649718017,-117.194896376,4.2,329.43,318.73,326.188,315.488,10.7,6.215,3.079,5.551,-33.851,292.337,-496,-803.293,1,2.037,453.484
2026-09-27T21:08:17.000Z,1790543297.000,32.649734849,-117.194907212,4.284,333.256,322.556,326.184,315.484,10.7,8.853,4.609,5.552,-34.243,291.941,-497,-805.007,1,1.814,454.434
2026-09-27T21:08:18.000Z,1790543298.000,32.649752419,-117.194918937,4.232,330.745,320.045,325.968,315.268,10.7,10.232,5.077,5.553,-34.319,291.649,-498,-806.839,1,1.948,455.387
2026-09-27T21:08:19.000Z,1790543299.000,32.649769416,-117.194931588,4.3,330.082,319.382,321.238,310.538,10.7,8.572,4.295,5.554,-29.654,291.584,-499,-808.897,1,2.015,455.891
2026-09-27T21:08:20.000Z,1790543300.000,32.649787236,-117.19494134,4.43,340.514,329.814,321.655,310.955,10.7,8.36,3.36,5.556,-30.023,291.632,-500,-810.55,1,1.322,457.022
2026-09-27T21:08:21.000Z,1790543301.000,32.64980533,-117.194948136,4.045,345.042,334.342,324.559,313.858,10.7,6.693,6.223,5.557,-32.824,291.735,-501,-811.869,1,0.887,458.528
2026-09-27T21:08:22.000Z,1790543302.000,32.649823351,-117.194954361,3.731,347.41,336.71,323.26,312.56,10.7,4.591,4.577,5.558,-31.426,291.833,-502,-813.298,1,0.657,459.734
2026-09-27T21:08:23.000Z,1790543303.000,32.649840406,-117.194960503,3.7,339.96,329.26,325.699,314.999,10.7,4,3.698,5.559,-33.944,291.756,-503,-814.527,1,1.109,461.144
2026-09-27T21:08:24.000Z,1790543304.000,32.649856562,-117.194968779,3.866,334.704,324.003,325.752,315.052,10.7,3.562,6.362,5.56,-34.248,291.504,-504,-815.989,1,1.483,462.174
2026-09-27T21:08:25.000Z,1790543305.000,32.649873433,-117.194976971,3.977,335.179,324.479,329.531,318.831,10.7,9.2,2.623,5.561,-38.218,291.313,-505,-817.316,1,1.485,463.552
2026-09-27T21:08:26.000Z,1790543306.000,32.649889783,-117.19498763,4.069,326.84,316.14,329.592,318.892,10.7,9.338,4.901,5.562,-38.422,291.171,-506,-818.988,1,2.042,464.473
2026-09-27T21:08:27.000Z,1790543307.000,32.649905461,-117.195001329,4.101,322.562,311.862,323.833,313.134,10.7,8.134,4.498,5.563,-32.888,290.945,-507,-821.134,1,2.31,464.73
2026-09-27T21:08:28.000Z,1790543308.000,32.649921277,-117.195013345,4.02,331.793,321.093,324.68,313.98,10.7,8.336,3.632,5.564,-33.928,290.752,-508,-822.866,1,1.693,465.589
2026-09-27T21:08:29.000Z,1790543309.000,32.649938337,-117.195022158,4.053,341.616,330.916,323.926,313.226,10.7,8.032,5.858,5.566,-33.518,290.409,-509,-824.448,1,1.045,466.61
2026-09-27T21:08:30.000Z,1790543310.000,32.6499572,-117.195028973,4.059,341.714,331.014,322.378,311.678,10.7,5.186,3.314,5.567,-31.934,290.445,-510,-825.976,1,1.029,467.842
2026-09-27T21:08:31.000Z,1790543311.000,32.649975624,-117.195033976,3.967,343.845,333.145,328.082,317.382,10.7,4.971,5.971,5.568,-37.524,290.558,-511,-827.037,1,0.85,469.685
2026-09-27T21:08:32.000Z,1790543312.000,32.649993046,-117.195042188,3.836,337.232,326.532,321.006,310.306,10.7,1.04,3.254,5.569,-30.306,290.7,-512,-828.838,1,1.24,470.289
2026-09-27T21:08:33.000Z,1790543313.000,32.650009856,-117.195050249,4.221,332.781,322.081,328.163,317.463,10.7,8.193,2.83,5.57,-37.318,290.845,-513,-830.027,1,1.659,471.932
2026-09-27T21:08:34.000Z,1790543314.000,32.650026233,-117.195059224,3.8,337.421,326.721,324.109,313.409,10.7,7.031,6.538,5.571,-33.01,291.099,-514,-831.732,1,1.198,472.635
2026-09-27T21:08:35.000Z,1790543315.000,32.650042647,-117.195067092,3.636,332.088,321.388,325.451,314.751,10.7,7.291,4.682,5.572,-34.116,291.335,-515,-833.121,1,1.453,473.809
2026-09-27T21:08:36.000Z,1790543316.000,32.650057765,-117.195077803,4.031,326.512,315.812,324.824,314.124,10.7,6.345,3.5,5.573,-33.323,291.502,-516,-834.767,1,1.954,474.562
2026-09-27T21:08:37.000Z,1790543317.000,32.650072826,-117.195090038,3.935,328.753,318.053,322.965,312.265,10.7,8.057,4.369,5.574,-31.11,291.855,-517,-836.589,1,1.764,475.133
2026-09-27T21:08:38.000Z,1790543318.000,32.650088086,-117.1951008,3.878,330.618,319.918,324.383,313.683,10.7,9.622,4.426,5.576,-32.021,292.362,-518,-838.166,1,1.616,476.053
2026-09-27T21:08:39.000Z,1790543319.000,32.650103849,-117.195111578,3.8,332.341,321.641,322.347,311.647,10.7,6.823,5.385,5.577,-29.522,292.825,-519,-839.902,1,1.471,476.752
2026-09-27T21:08:40.000Z,1790543320.000,32.650120533,-117.195118933,4,345.3,334.6,323.267,312.567,10.7,6.933,4.2,5.578,-30.133,293.134,-520,-841.278,1,0.671,477.947
2026-09-27T21:08:41.000Z,1790543321.000,32.650137733,-117.195125054,3.934,341.687,330.987,324.295,313.595,10.7,3.421,3.646,5.579,-30.942,293.353,-521,,1,0.893,479.263
2026-09-27T21:08:42.000Z,1790543322.000,32.650154935,-117.195129559,3.8,350.479,339.779,331.849,321.149,10.7,5.273,6.341,5.58,-38.366,293.483,-522,,1,0.275,481.15
2026-09-27T21:08:43.000Z,1790543323.000,32.650172782,-117.195136021,3.96,337.719,327.019,329.4,318.7,10.7,1.98,4.591,5.581,-35.742,293.658,-523,,1,1.142,482.249
2026-09-27T21:08:44.000Z,1790543324.000,32.650190094,-117.195140965,3.867,348.267,337.567,333.531,322.831,10.7,5.365,4.365,5.582,-39.759,293.773,-524,,1,0.408,483.86
2026-09-27T21:08:45.000Z,1790543325.000,32.650207251,-117.195146317,3.804,342.018,331.318,340.261,329.561,10.7,9.139,3.604,5.583,-46.29,293.971,-525,,1,0.8,485.597
2026-09-27T21:08:46.000Z,1790543326.000,32.650223704,-117.195153496,3.928,342.24,331.54,335.884,325.184,10.7,5.056,5.676,5.584,-41.357,294.527,-526,,1,0.802,486.412
2026-09-27T21:08:47.000Z,1790543327.000,32.650240642,-117.195159481,3.713,344.681,333.981,335.161,324.461,10.7,5.564,5.068,5.586,-39.931,295.23,-527,,1,0.593,487.582
2026-09-27T21:08:48.000Z,1790543328.000,32.650257906,-117.195164035,4,349.031,338.331,334.531,323.831,10.7,7.467,1.597,5.587,-38.645,295.885,-528,,1,0.327,488.864
2026-09-27T21:08:49.000Z,1790543329.000,32.650275039,-117.195167868,3.801,347.958,337.258,337.37,326.67,10.7,5.302,8.3,5.588,-40.892,296.479,-529,,1,0.371,490.416
2026-09-27T21:08:50.000Z,1790543330.000,32.650292495,-117.195174163,3.838,341.547,330.847,333.191,322.491,10.7,2.999,3.038,5.589,-36.54,296.651,-530,,1,0.79,491.374
2026-09-27T21:08:51.000Z,1790543331.000,32.650309748,-117.195179556,4.024,349.592,338.892,335.698,324.998,10.7,6.036,5.75,5.59,-39.19,296.507,-531,,1,0.258,492.832
2026-09-27T21:08:52.000Z,1790543332.000,32.650327869,-117.195184249,3.837,348.4,337.7,336.289,325.589,10.7,7.049,6.292,5.591,-39.958,296.331,-532,,1,0.315,494.271
2026-09-27T21:08:53.000Z,1790543333.000,32.650345555,-117.195188763,3.767,348.091,337.391,334.532,323.832,10.7,5.965,4.664,5.592,-38.324,296.208,-533,,1,0.319,495.516
2026-09-27T21:08:54.000Z,1790543334.000,32.650362611,-117.195194015,3.83,345.882,335.182,334.11,323.41,10.7,6.53,3.74,5.593,-38.189,295.921,-534,,1,0.461,496.757
2026-09-27T21:08:55.000Z,1790543335.000,32.650379207,-117.195199044,3.738,345.301,334.601,334.732,324.032,10.7,5.852,4.618,5.594,-38.566,296.167,-535,,1,0.478,498.041
2026-09-27T21:08:56.000Z,1790543336.000,32.650396432,-117.195204664,3.969,342.733,332.033,337.634,326.934,10.7,9.356,4.203,5.596,-41.228,296.406,-536,,1,0.673,499.509
2026-09-27T21:08:57.000Z,1790543337.000,32.650413478,-117.195212805,3.866,338.443,327.743,331.995,321.295,10.7,6.898,5.103,5.597,-35.33,296.665,-537,,1,0.929,500.226
2026-09-27T21:08:58.000Z,1790543338.000,32.650431235,-117.195220202,4.195,336.765,326.065,332.757,322.057,10.7,10.349,1.741,5.598,-36.036,296.721,-538,,1,1.116,501.499
2026-09-27T21:08:59.000Z,1790543339.000,32.650448514,-117.195226561,4.238,345.232,334.532,339.823,329.123,10.7,12.077,3.64,5.599,-43.418,296.405,-539,,1,0.501,503.222
2026-09-27T21:09:00.000Z,1790543340.000,32.650466222,-117.195234651,4.06,339.31,328.61,331.81,321.11,10.7,6.51,5.359,5.6,-35.912,295.898,-540,,1,0.883,503.841
2026-09-27T21:09:01.000Z,1790543341.000,32.65048484,-117.195241006,4.365,350.911,340.211,328.425,317.725,10.7,7.351,4.303,5.601,-32.955,295.469,-541,,1,0.062,504.946
2026-09-27T21:09:02.000Z,1790543342.000,32.650504261,-117.19524506,4.031,351.354,340.654,331.216,320.516,10.7,6.797,5.257,5.602,-36.029,295.187,-542,,1,0.013,506.702
2026-09-27T21:09:03.000Z,1790543343.000,32.650522888,-117.195249381,4.136,350.307,339.607,326.808,316.108,10.7,1.917,4.017,5.603,-31.786,295.023,-543,,1,0.078,507.839
2026-09-27T21:09:04.000Z,1790543344.000,32.650541471,-117.195251606,3.859,348.011,337.311,334.894,324.194,10.7,6.876,1.441,5.604,-39.86,295.034,-544,,1,0.215,510.001
2026-09-27T21:09:05.000Z,1790543345.000,32.650557911,-117.195257604,3.767,341.491,330.791,335.905,325.205,10.7,5.606,5.133,5.606,-40.859,295.046,-545,,1,0.626,511.246
2026-09-27T21:09:06.000Z,1790543346.000,32.650573841,-117.195265753,3.7,333.438,322.738,331.663,320.963,10.7,5.327,6.322,5.607,-36.723,294.941,-546,,1,1.112,511.957
2026-09-27T21:09:07.000Z,1790543347.000,32.650589898,-117.195273986,3.739,332.508,321.808,334.459,323.759,10.7,9.91,2.851,5.608,-39.603,294.856,-547,,1,1.172,513.177
2026-09-27T21:09:08.000Z,1790543348.000,32.65060634,-117.195284008,4.231,332.643,321.943,331.83,321.13,10.7,7.594,4.512,5.609,-37.046,294.784,-548,,1,1.306,513.947
2026-09-27T21:09:09.000Z,1790543349.000,32.650623503,-117.195292484,4.032,340.645,329.945,331.466,320.766,10.7,8.771,4.732,5.61,-36.744,294.722,-549,,1,0.688,515.028
2026-09-27T21:09:10.000Z,1790543350.000,32.650640479,-117.195300533,4,339.364,328.664,325.249,314.549,10.7,2.708,5.349,5.611,-30.313,294.936,-550,,1,0.761,515.678
2026-09-27T21:09:11.000Z,1790543351.000,32.65065802,-117.195306024,3.863,343.634,332.934,324.329,313.629,10.7,3.129,2.905,5.612,-29.196,295.133,-551,,1,0.44,516.909
2026-09-27T21:09:12.000Z,1790543352.000,32.650675136,-117.195310488,3.856,350,339.3,327.592,316.892,10.7,4.404,4.095,5.613,-32.294,295.298,-552,,1,0.001,518.475
2026-09-27T21:09:13.000Z,1790543353.000,32.650691038,-117.195317804,3.767,333.233,322.533,321.697,310.997,10.7,2.433,3.736,5.614,-26.317,295.381,-553,,1,1.079,519.079
2026-09-27T21:09:14.000Z,1790543354.000,32.650704651,-117.19532838,3.406,316.081,305.381,315.443,304.743,10.7,7.229,3.518,5.616,-19.886,295.557,-554,,1,1.889,519.257
2026-09-27T21:09:15.000Z,1790543355.000,32.650713083,-117.195344507,3.448,295.555,284.855,299.482,288.782,10.7,4.554,5.004,5.617,-4.184,295.298,-555,,1,2.796,517.869
2026-09-27T21:09:16.000Z,1790543356.000,32.65071698,-117.195364316,3.94,277.204,266.504,278.904,268.204,10.7,0.48,1.44,5.618,16.344,295.249,-556,,1,3.76,515.563
2026-09-27T21:09:17.000Z,1790543357.000,32.65071633,-117.195385497,3.765,268.115,257.415,262.681,251.981,10.7,-6.772,5.667,5.619,32.344,295.025,-557,,1,3.726,513.28
2026-09-27T21:09:18.000Z,1790543358.000,32.650714177,-117.195404586,3.396,257.456,246.756,248.805,238.105,10.7,-6.884,3.581,5.62,46.158,294.963,-558,,1,3.393,511.326
2026-09-27T21:09:19.000Z,1790543359.000,32.650710415,-117.195419391,2.67,244.961,234.261,238.36,227.66,10.7,-9.535,4.275,5.621,57.121,295.48,-559,,1,2.578,509.782
2026-09-27T21:09:20.000Z,1790543360.000,32.650705449,-117.195431377,2.3,236.165,225.465,234.399,223.699,10.7,-10.373,5.888,5.622,61.692,296.092,-560,,1,2.102,508.569
2026-09-27T21:09:21.000Z,1790543361.000,32.650699341,-117.195443018,2.562,237.595,226.895,230.624,219.924,10.7,-13.431,1.79,5.623,65.848,296.472,-561,,1,2.366,507.295
2026-09-27T21:09:22.000Z,1790543362.000,32.650692345,-117.19545511,2.868,236.817,226.117,230.495,219.795,10.7,-14.268,4.777,5.624,66.361,296.857,-562,,1,2.633,506.005
2026-09-27T21:09:23.000Z,1790543363.000,32.650685178,-117.195467777,2.732,237.139,226.439,230.492,219.792,10.7,-14.471,6.397,5.626,66.708,297.2,-563,,1,2.512,504.672
2026-09-27T21:09:24.000Z,1790543364.000,32.650677282,-117.195482263,3.262,234.773,224.073,228.179,217.479,10.7,-12.576,2.6,5.627,69.145,297.324,-564,,1,2.943,503.128
2026-09-27T21:09:25.000Z,1790543365.000,32.650667924,-117.195497951,3.607,240.463,229.763,229.707,219.007,10.7,-14.017,5.223,5.628,67.4,297.107,-565,,1,3.392,501.463
2026-09-27T21:09:26.000Z,1790543366.000,32.650658096,-117.195515673,3.867,237.27,226.57,225.433,214.733,10.7,-12.733,3.867,5.629,71.301,296.733,-566,,1,3.555,499.54
2026-09-27T21:09:27.000Z,1790543367.000,32.650646928,-117.195533031,3.869,228.7,218,219.445,208.745,10.7,-13.645,5.169,5.63,77.13,296.575,-567,,1,3.286,497.528
2026-09-27T21:09:28.000Z,1790543368.000,32.650636006,-117.195547179,3.415,228.668,217.968,216.122,205.422,10.7,-12.8,3.83,5.631,80.385,296.508,-568,,1,2.897,495.76
2026-09-27T21:09:29.000Z,1790543369.000,32.650626404,-117.195557965,2.668,223.787,213.087,216.209,205.509,10.7,-13.054,5,5.632,80.018,296.227,-569,,1,2.133,494.306
2026-09-27T21:09:30.000Z,1790543370.000,32.650616906,-117.195568658,2.899,226.364,215.664,219.729,209.029,10.7,-13.401,1.437,5.633,76.005,295.733,-570,,1,2.391,492.882
2026-09-27T21:09:31.000Z,1790543371.000,32.65060787,-117.195583007,3.565,233.683,222.983,221.835,211.135,10.7,-11.318,5.018,5.634,73.452,295.287,-571,,1,3.172,491.305
2026-09-27T21:09:32.000Z,1790543372.000,32.650597666,-117.195598731,3.639,231.576,220.876,220.342,209.642,10.7,-11.849,4.13,5.636,74.881,295.223,-572,,1,3.173,489.518
2026-09-27T21:09:33.000Z,1790543373.000,32.650587611,-117.195613295,3.535,226.814,216.114,220.838,210.138,10.7,-13.538,4.797,5.637,74.449,295.288,-573,,1,2.925,487.823
2026-09-27T21:09:34.000Z,1790543374.000,32.650577059,-117.195629096,3.634,233.376,222.676,222.362,211.662,10.7,-12.097,4.817,5.638,73.115,295.477,-574,,1,3.219,486.028
2026-09-27T21:09:35.000Z,1790543375.000,32.65056561,-117.195646573,4.076,233.676,222.976,222.327,211.627,10.7,-9.452,5.483,5.639,73.374,295.702,-575,,1,3.617,484.045
2026-09-27T21:09:36.000Z,1790543376.000,32.65055254,-117.195664113,3.954,228.856,218.156,221.1,210.4,10.7,-10.731,4.63,5.64,74.435,295.535,-576,,1,3.339,481.901
2026-09-27T21:09:37.000Z,1790543377.000,32.65054103,-117.195680272,3.766,229.498,218.798,221.533,210.833,10.7,-10.365,3.202,5.641,73.66,295.192,-577,,1,3.2,479.989
2026-09-27T21:09:38.000Z,1790543378.000,32.65052991,-117.195694904,3.523,229.017,218.317,221.846,211.146,10.7,-10.547,3.463,5.642,73.149,294.994,-578,,1,2.975,478.193
2026-09-27T21:09:39.000Z,1790543379.000,32.650520643,-117.195710264,3.324,235.251,224.551,221.641,210.941,10.7,-6.716,4.594,5.643,72.926,294.566,-579,,1,2.982,476.522
2026-09-27T21:09:40.000Z,1790543380.000,32.650510978,-117.195724801,3.296,230.344,219.644,219.772,209.072,10.7,-11.779,1.217,5.644,74.364,294.136,-580,,1,2.819,474.845
2026-09-27T21:09:41.000Z,1790543381.000,32.650502877,-117.195739717,3.498,236.563,225.863,221.432,210.732,10.7,-8.9,6.183,5.646,72.289,293.722,-581,,1,3.17,473.319
2026-09-27T21:09:42.000Z,1790543382.000,32.650493199,-117.195755901,3.509,232.829,222.129,220.118,209.418,10.7,-10.564,5.136,5.647,73.071,293.19,-582,,1,3.074,471.557
2026-09-27T21:09:43.000Z,1790543383.000,32.650481806,-117.195773765,4.069,234.047,223.347,221.377,210.677,10.7,-10.807,3.956,5.648,71.131,292.508,-583,,1,3.603,469.57
2026-09-27T21:09:44.000Z,1790543384.000,32.650469719,-117.195792887,4.534,232.089,221.389,220.563,209.863,10.7,-7.639,3.824,5.649,71.283,291.845,-584,,1,3.936,467.435
2026-09-27T21:09:45.000Z,1790543385.000,32.650455818,-117.195811822,4.465,229.14,218.44,220.765,210.065,10.7,-10.106,4.035,5.65,70.738,291.503,-585,,1,3.752,465.153
2026-09-27T21:09:46.000Z,1790543386.000,32.650442186,-117.195830721,4.538,230.486,219.786,220.593,209.893,10.7,-6.81,3.151,5.651,70.741,291.334,-586,,1,3.866,462.895
2026-09-27T21:09:47.000Z,1790543387.000,32.650429983,-117.195847706,3.769,231.469,220.769,219.783,209.083,10.7,-8.555,7.031,5.652,71.156,290.939,-587,,1,3.241,460.865
2026-09-27T21:09:48.000Z,1790543388.000,32.650418811,-117.195863418,3.534,230.791,220.091,220.032,209.332,10.7,-9.372,2.465,5.653,70.37,290.402,-588,,1,3.014,459.005
2026-09-27T21:09:49.000Z,1790543389.000,32.650409555,-117.195877568,3.362,231.002,220.302,220.723,210.023,10.7,-10.949,5.028,5.654,69.621,290.343,-589,,1,2.872,457.407
2026-09-27T21:09:50.000Z,1790543390.000,32.650400809,-117.195893002,3.34,233.259,222.559,221.71,211.01,10.7,-8.801,6.461,5.656,68.573,290.283,-590,,1,2.918,455.79
2026-09-27T21:09:51.000Z,1790543391.000,32.650392252,-117.19590983,3.835,240.997,230.297,223.403,212.703,10.7,-10.303,2.84,5.657,66.634,290.036,-591,,1,3.57,454.124
2026-09-27T21:09:52.000Z,1790543392.000,32.650383025,-117.195928654,4.296,237.042,226.342,222.307,211.607,10.7,-8.793,5.865,5.658,67.312,289.619,-592,,1,3.879,452.261
2026-09-27T21:09:53.000Z,1790543393.000,32.650371093,-117.195948272,4.685,230.193,219.493,222.653,211.953,10.7,-11.067,2.185,5.659,66.652,289.305,-593,,1,3.956,450.123
2026-09-27T21:09:54.000Z,1790543394.000,32.650359088,-117.195967718,4.27,232.84,222.14,224.367,213.666,10.7,-11.509,6.546,5.66,64.365,288.731,-594,,1,3.704,448.006
2026-09-27T21:09:55.000Z,1790543395.000,32.650347084,-117.195986892,4.233,229.482,218.782,224.541,213.841,10.7,-9.098,6.18,5.661,63.815,288.356,-595,,1,3.538,445.885
2026-09-27T21:09:56.000Z,1790543396.000,32.650335842,-117.196004999,3.847,235.511,224.811,226.259,215.559,10.7,-8.777,4.495,5.662,61.881,288.14,-596,,1,3.417,443.913
2026-09-27T21:09:57.000Z,1790543397.000,32.650325735,-117.196022324,3.7,236.724,226.024,225.691,214.991,10.7,-10.213,4.126,5.663,62.347,288.038,-597,,1,3.32,442.053
2026-09-27T21:09:58.000Z,1790543398.000,32.65031652,-117.196039657,3.765,236.145,225.445,227.233,216.533,10.7,-9.039,3.757,5.664,60.748,287.981,-598,,1,3.359,440.307
2026-09-27T21:09:59.000Z,1790543399.000,32.650307544,-117.19605701,3.7,238.594,227.894,228.396,217.696,10.7,-10.862,4.524,5.666,59.299,287.695,-599,,1,3.368,438.578
2026-09-27T21:10:00.000Z,1790543400.000,32.65029807,-117.196077219,4.235,241.711,231.011,229.547,218.847,10.7,-9.8,3.741,5.667,57.884,287.431,-600,,1,3.943,436.652
2026-09-27T21:10:01.000Z,1790543401.000,32.650287954,-117.196099292,4.57,239.019,228.319,227.859,217.159,10.7,-11.141,4.911,5.668,59.704,287.563,-601,,1,4.169,434.512
2026-09-27T21:10:02.000Z,1790543402.000,32.650277375,-117.196120919,4.432,239.614,228.914,226.268,215.568,10.7,-9.804,5.972,5.669,61.402,287.67,-602,,1,4.059,432.359
2026-09-27T21:10:03.000Z,1790543403.000,32.650266821,-117.196141261,4.266,238.36,227.66,226.566,215.866,10.7,-9.897,3.531,5.67,61.321,287.887,-603,,1,3.865,430.31
2026-09-27T21:10:04.000Z,1790543404.000,32.650256817,-117.196160828,4.062,240.819,230.119,227.313,216.613,10.7,-10.002,4.385,5.671,60.856,288.169,-604,,1,3.749,428.36
2026-09-27T21:10:05.000Z,1790543405.000,32.650247087,-117.196179319,3.838,236.469,225.769,226.315,215.615,10.7,-9.576,6.622,5.672,62.057,288.372,-605,,1,3.418,426.464
2026-09-27T21:10:06.000Z,1790543406.000,32.650238464,-117.196196239,3.433,237.73,227.03,226.734,216.034,10.7,-8.769,3.202,5.673,61.741,288.474,-606,,1,3.089,424.776
2026-09-27T21:10:07.000Z,1790543407.000,32.650230662,-117.196213715,3.775,242.528,231.828,231.187,220.487,10.7,-8.4,3.775,5.674,57.476,288.663,-607,,1,3.521,423.213
2026-09-27T21:10:08.000Z,1790543408.000,32.650221412,-117.196234566,4.281,242.628,231.928,231.22,220.52,10.7,-10.32,2.519,5.676,57.865,289.085,-608,,1,3.994,421.251
2026-09-27T21:10:09.000Z,1790543409.000,32.650211929,-117.196256016,4.606,240.957,230.257,230.926,220.226,10.7,-9.083,4.46,5.677,58.494,289.42,-609,,1,4.245,419.228
2026-09-27T21:10:10.000Z,1790543410.000,32.650200937,-117.19627766,4.7,240.405,229.705,229.366,218.667,10.7,-11.2,3.133,5.678,60.214,289.58,-610,,1,4.311,417.031
2026-09-27T21:10:11.000Z,1790543411.000,32.650189986,-117.196299984,4.893,241.028,230.328,231.136,220.436,10.7,-12.4,2.779,5.679,58.528,289.664,-611,,1,4.506,414.872
2026-09-27T21:10:12.000Z,1790543412.000,32.650180069,-117.196322752,4.6,242.935,232.235,231.33,220.63,10.7,-10.01,6.14,5.68,58.472,289.802,-612,,1,4.291,412.75
2026-09-27T21:10:13.000Z,1790543413.000,32.650170163,-117.196343607,4.567,238.495,227.795,230.667,219.967,10.7,-11.566,3.801,5.681,59.264,289.932,-613,,1,4.118,410.712
2026-09-27T21:10:14.000Z,1790543414.000,32.650160134,-117.196362878,3.847,236.292,225.592,231.053,220.353,10.7,-10.063,5.849,5.682,58.917,289.971,-614,,1,3.399,408.772
2026-09-27T21:10:15.000Z,1790543415.000,32.65015187,-117.196381345,3.69,244.007,233.307,231.676,220.976,10.7,-10.2,3.158,5.683,58.239,289.915,-615,,1,3.462,407.041
2026-09-27T21:10:16.000Z,1790543416.000,32.650143743,-117.196399622,3.972,243.748,233.048,233.692,222.992,10.7,-12.212,0.595,5.684,56.245,289.937,-616,,1,3.719,405.369
2026-09-27T21:10:17.000Z,1790543417.000,32.650136105,-117.196420251,4.234,248.626,237.926,237.897,227.197,10.7,-12.202,5.011,5.686,52.121,290.018,-617,,1,4.075,403.685
2026-09-27T21:10:18.000Z,1790543418.000,32.650128682,-117.196444,4.8,249.761,239.061,236.629,225.929,10.7,-10.716,7.835,5.687,53.337,289.965,-618,,1,4.643,401.694
2026-09-27T21:10:19.000Z,1790543419.000,32.650120509,-117.196469741,4.758,252.504,241.804,234.988,224.288,10.7,-12.063,3.858,5.688,55.015,290.003,-619,,1,4.654,399.519
2026-09-27T21:10:20.000Z,1790543420.000,32.650111853,-117.196493064,4.465,244.185,233.485,232.6,221.9,10.7,-11.2,5.135,5.689,57.425,290.025,-620,,1,4.185,397.415
2026-09-27T21:10:21.000Z,1790543421.000,32.650103552,-117.196514155,4.103,243.617,232.917,231.8,221.1,10.7,-8.541,4.193,5.69,58.268,290.068,-621,,1,3.83,395.507
2026-09-27T21:10:22.000Z,1790543422.000,32.650095469,-117.196533259,3.614,244.976,234.276,233.11,222.41,10.7,-8.89,2.686,5.691,57.006,290.117,-622,,1,3.401,393.776
2026-09-27T21:10:23.000Z,1790543423.000,32.650087322,-117.196552803,4.039,242.999,232.299,235.008,224.308,10.7,-8.616,3.361,5.692,55.149,290.157,-623,,1,3.75,392.034
2026-09-27T21:10:24.000Z,1790543424.000,32.65007837,-117.196573926,4.566,240.532,229.832,233.734,223.034,10.7,-8.7,3.265,5.693,56.435,290.169,-624,,1,4.161,390.049
2026-09-27T21:10:25.000Z,1790543425.000,32.650068445,-117.196595896,5.046,240.168,229.468,233.561,222.861,10.7,-9.378,2.698,5.694,56.591,290.152,-625,,1,4.581,387.961
2026-09-27T21:10:26.000Z,1790543426.000,32.650058295,-117.196618786,4.6,245.137,234.437,233.639,222.939,10.7,-10.132,4.363,5.696,56.603,290.242,-626,,1,4.325,385.808
2026-09-27T21:10:27.000Z,1790543427.000,32.650047639,-117.196642322,4.832,239.725,229.025,231.7,221,10.7,-11.675,4.685,5.697,58.651,290.351,-627,,1,4.364,383.525
2026-09-27T21:10:28.000Z,1790543428.000,32.650037377,-117.196665077,4.6,242.878,232.178,231.1,220.4,10.7,-11.203,4.623,5.698,59.112,290.212,-628,,1,4.254,381.354
2026-09-27T21:10:29.000Z,1790543429.000,32.650028545,-117.196687195,4.464,242.935,232.235,231.602,220.902,10.7,-9.372,2.808,5.699,58.388,289.989,-629,,1,4.128,379.373
2026-09-27T21:10:30.000Z,1790543430.000,32.650019262,-117.196706976,3.959,241.656,230.956,232.63,221.93,10.7,-10.8,2.703,5.7,57.386,290.015,-630,,1,3.624,377.489
2026-09-27T21:10:31.000Z,1790543431.000,32.650010849,-117.196726476,4.135,241.991,231.291,233.832,223.132,10.7,-8.129,4.623,5.701,56.387,290.22,-631,,1,3.793,375.705
2026-09-27T21:10:32.000Z,1790543432.000,32.650001497,-117.196747502,4.565,240.726,230.026,232.465,221.765,10.7,-10.026,4.426,5.702,57.864,290.329,-632,,1,4.143,373.689
2026-09-27T21:10:33.000Z,1790543433.000,32.64999132,-117.196769794,4.538,243.563,232.863,232.627,221.927,10.7,-11.435,3.331,5.703,57.678,290.305,-633,,1,4.205,371.569
2026-09-27T21:10:34.000Z,1790543434.000,32.649981276,-117.196793745,4.83,243.188,232.488,232.382,221.682,10.7,-9.33,5.018,5.704,58.022,290.404,-634,,1,4.461,369.361
2026-09-27T21:10:35.000Z,1790543435.000,32.649971527,-117.196816948,4.6,243.761,233.061,232,221.3,10.7,-10.631,4.804,5.706,58.682,290.682,-635,,1,4.263,367.217
2026-09-27T21:10:36.000Z,1790543436.000,32.649962615,-117.196838997,4.202,245.505,234.805,231.871,221.171,10.7,-10.329,2.237,5.707,59.038,290.909,-636,,1,3.938,365.218
2026-09-27T21:10:37.000Z,1790543437.000,32.649953253,-117.196860673,4.6,243.488,232.788,232.885,222.185,10.7,-10.438,4.17,5.708,58.135,291.02,-637,,1,4.249,363.225
2026-09-27T21:10:38.000Z,1790543438.000,32.649943856,-117.196882656,4.233,242.706,232.006,231.833,221.133,10.7,-8.772,4.728,5.709,59.319,291.152,-638,,1,3.885,361.162
2026-09-27T21:10:39.000Z,1790543439.000,32.64993384,-117.19690342,4.301,240.499,229.799,233.896,223.196,10.7,-11.464,4.769,5.71,57.275,291.171,-639,,1,3.876,359.186
2026-09-27T21:10:40.000Z,1790543440.000,32.649924994,-117.196925526,4.577,244.391,233.691,235.514,224.814,10.7,-11.323,5.761,5.711,55.87,291.384,-640,,1,4.248,357.236
2026-09-27T21:10:41.000Z,1790543441.000,32.649915918,-117.196948935,4.5,243.729,233.029,232.512,221.812,10.7,-9.971,7.565,5.712,59.009,291.521,-641,,1,4.153,355.072
2026-09-27T21:10:42.000Z,1790543442.000,32.649905767,-117.19697197,4.632,242.228,231.528,232.027,221.327,10.7,-10.932,0.865,5.713,59.245,291.272,-642,,1,4.223,352.899
2026-09-27T21:10:43.000Z,1790543443.000,32.649896118,-117.196994494,4.768,242.618,231.918,235.368,224.668,10.7,-9.968,4.093,5.714,55.82,291.188,-643,,1,4.358,350.896
2026-09-27T21:10:44.000Z,1790543444.000,32.649887005,-117.197017167,4.426,244.618,233.918,233.252,222.552,10.7,-9.74,5.174,5.716,57.864,291.115,-644,,1,4.102,348.791
2026-09-27T21:10:45.000Z,1790543445.000,32.649878677,-117.197039349,4.13,247.84,237.14,233.889,223.189,10.7,-9.26,4.677,5.717,57.366,291.255,-645,,1,3.907,346.857
2026-09-27T21:10:46.000Z,1790543446.000,32.64987079,-117.197059829,4.1,244.714,234.014,233.635,222.935,10.7,-12.037,1.755,5.718,57.818,291.453,-646,,1,3.799,345.032
2026-09-27T21:10:47.000Z,1790543447.000,32.649863552,-117.197080948,4.297,247.39,236.69,235.928,225.227,10.7,-10.09,6.149,5.719,55.605,291.533,-647,,1,4.051,343.301
2026-09-27T21:10:48.000Z,1790543448.000,32.649855805,-117.197101988,3.938,245.154,234.454,233.084,222.384,10.7,-9.465,9.639,5.72,58.586,291.67,-648,,1,3.656,341.388
2026-09-27T21:10:49.000Z,1790543449.000,32.649847049,-117.197123042,4.061,242.714,232.014,232.761,222.061,10.7,-9.778,1.582,5.721,59.03,291.791,-649,,1,3.7,339.451
2026-09-27T21:10:50.000Z,1790543450.000,32.649838141,-117.197143543,4.497,245.26,234.56,236.666,225.966,10.7,-9.734,3.577,5.722,55.237,291.903,-650,,1,4.174,337.644
2026-09-27T21:10:51.000Z,1790543451.000,32.649829111,-117.197166178,4.6,242.05,231.35,235.488,224.788,10.7,-10.387,5.4,5.723,56.445,291.932,-651,,1,4.163,335.571
2026-09-27T21:10:52.000Z,1790543452.000,32.649819459,-117.197189547,4.629,246.024,235.324,234.335,223.635,10.7,-10.294,2.259,5.724,57.884,292.219,-652,,1,4.313,333.405
2026-09-27T21:10:53.000Z,1790543453.000,32.649811143,-117.197210258,4.14,246.257,235.557,234.68,223.98,10.7,-10.228,7.024,5.726,57.735,292.415,-653,,1,3.861,331.544
2026-09-27T21:10:54.000Z,1790543454.000,32.649803405,-117.197231087,3.834,246.573,235.873,234.697,223.997,10.7,-10.167,4.694,5.727,57.826,292.523,-654,,1,3.581,329.72
2026-09-27T21:10:55.000Z,1790543455.000,32.649796249,-117.197252316,4.3,249.356,238.656,236.62,225.92,10.7,-10.963,1.149,5.728,55.875,292.495,-655,,1,4.085,327.983
2026-09-27T21:10:56.000Z,1790543456.000,32.649788509,-117.197274822,4.71,246.349,235.649,236.82,226.12,10.7,-9.81,5.359,5.729,55.645,292.465,-656,,1,4.389,326.074
2026-09-27T21:10:57.000Z,1790543457.000,32.649780292,-117.197296789,4.366,246.002,235.302,235.1,224.4,10.7,-10.694,3.763,5.73,57.422,292.522,-657,,1,4.055,324.096
2026-09-27T21:10:58.000Z,1790543458.000,32.649772812,-117.197316476,3.866,243.811,233.111,233.266,222.566,10.7,-8.996,5.6,5.731,59.41,292.676,-658,,1,3.531,322.308
2026-09-27T21:10:59.000Z,1790543459.000,32.649764931,-117.197335397,3.7,245.69,234.99,235.573,224.873,10.7,-8.841,3.8,5.732,57.295,292.867,-659,,1,3.425,320.636
2026-09-27T21:11:00.000Z,1790543460.000,32.649756655,-117.197356343,4.431,243.597,232.897,236.707,226.007,10.7,-10,2.969,5.733,56.341,293.048,-660,,1,4.035,318.789
2026-09-27T21:11:01.000Z,1790543461.000,32.649748603,-117.197379292,4.666,249.629,238.929,236.933,226.233,10.7,-9.701,6.366,5.734,56.4,293.333,-661,,1,4.427,316.83
2026-09-27T21:11:02.000Z,1790543462.000,32.649740697,-117.197402619,4.645,246.886,236.186,235.116,224.416,10.7,-10.352,2.2,5.736,58.7,293.816,-662,,1,4.328,314.803
2026-09-27T21:11:03.000Z,1790543463.000,32.649733477,-117.19742401,3.929,249.413,238.713,235.842,225.142,10.7,-8.848,6.577,5.737,58.366,294.208,-663,,1,3.718,313.017
2026-09-27T21:11:04.000Z,1790543464.000,32.649726645,-117.197443024,3.7,244.872,234.172,234.641,223.941,10.7,-7.849,3.673,5.738,59.746,294.387,-664,,1,3.394,311.339
2026-09-27T21:11:05.000Z,1790543465.000,32.649720013,-117.197461636,3.732,248.529,237.829,235.663,224.963,10.7,-6.632,3.966,5.739,58.685,294.348,-665,,1,3.509,309.764
2026-09-27T21:11:06.000Z,1790543466.000,32.649711667,-117.19748197,4.4,246.249,235.549,237.106,226.406,10.7,-6.665,1.417,5.74,57.075,294.181,-666,,1,4.072,307.953
2026-09-27T21:11:07.000Z,1790543467.000,32.649702973,-117.197504981,4.6,248.186,237.486,237.252,226.552,10.7,-7.141,7.418,5.741,56.798,294.05,-667,,1,4.311,305.93
2026-09-27T21:11:08.000Z,1790543468.000,32.649694933,-117.197527367,4.167,246.233,235.533,234.1,223.4,10.7,-6.9,7.033,5.742,59.82,293.92,-668,,1,3.85,303.904
2026-09-27T21:11:09.000Z,1790543469.000,32.649687442,-117.197547908,3.834,247.798,237.098,233.364,222.664,10.7,-8.602,5.144,5.743,60.592,293.956,-669,,1,3.579,302.099
2026-09-27T21:11:10.000Z,1790543470.000,32.649680689,-117.197567333,3.875,244.34,233.64,233.825,223.125,10.7,-10.261,2.613,5.744,60.145,293.97,-670,,1,3.525,300.452
2026-09-27T21:11:11.000Z,1790543471.000,32.649673952,-117.197587364,4.07,246.413,235.713,235.76,225.06,10.7,-8.03,4.251,5.746,58.087,293.847,-671,,1,3.759,298.815
2026-09-27T21:11:12.000Z,1790543472.000,32.649665694,-117.197607747,4.368,241.482,230.782,234.934,224.234,10.7,-9.334,4.502,5.747,58.544,293.478,-672,,1,3.872,296.945
2026-09-27T21:11:13.000Z,1790543473.000,32.649656296,-117.19762847,4.348,240.803,230.103,234.09,223.39,10.7,-7.014,4.469,5.748,58.867,292.956,-673,,1,3.826,294.952
2026-09-27T21:11:14.000Z,1790543474.000,32.64964594,-117.197649073,4.338,236.78,226.08,232.8,222.1,10.7,-7.024,5.675,5.749,59.804,292.604,-674,,1,3.657,292.869
2026-09-27T21:11:15.000Z,1790543475.000,32.649635088,-117.197669794,4.198,243.282,232.582,232.365,221.665,10.7,-9.804,3.041,5.75,60.112,292.477,-675,,1,3.767,290.757
2026-09-27T21:11:16.000Z,1790543476.000,32.649626569,-117.197689693,4.067,245.662,234.962,234.967,224.267,10.7,-8.865,3.436,5.751,57.478,292.445,-676,,1,3.718,288.979
2026-09-27T21:11:17.000Z,1790543477.000,32.649619632,-117.197709424,4,249.664,238.964,235.876,225.176,10.7,-10.376,5.912,5.752,56.59,292.466,-677,,1,3.76,287.313
2026-09-27T21:11:18.000Z,1790543478.000,32.649613603,-117.197730287,3.9,253.957,243.257,234.161,223.461,10.7,-10.618,3.127,5.753,58.373,292.534,-678,,1,3.753,285.595
2026-09-27T21:11:19.000Z,1790543479.000,32.649608061,-117.197750855,4,250.328,239.628,234.731,224.031,10.7,-8.733,4.83,5.754,57.872,292.603,-679,,1,3.772,284
2026-09-27T21:11:20.000Z,1790543480.000,32.64960221,-117.197770615,3.927,248.606,237.906,234.2,223.5,10.7,-8.265,5.18,5.756,58.446,292.646,-680,,1,3.66,282.391
2026-09-27T21:11:21.000Z,1790543481.000,32.64959493,-117.197790586,3.962,247.551,236.851,234.386,223.686,10.7,-9.524,2.965,5.757,58.246,292.633,-681,,1,3.663,280.66
2026-09-27T21:11:22.000Z,1790543482.000,32.649587216,-117.197810955,4.27,242.295,231.595,235.287,224.587,10.7,-6.509,7.179,5.758,57.278,292.566,-682,,1,3.778,278.888
2026-09-27T21:11:23.000Z,1790543483.000,32.649577564,-117.197832007,4.399,239.37,228.67,234.833,224.133,10.7,-7.932,2.168,5.759,57.641,292.474,-683,,1,3.779,276.865
2026-09-27T21:11:24.000Z,1790543484.000,32.649567858,-117.197852683,4.3,238.713,228.013,235.235,224.535,10.7,-7.386,7.614,5.76,56.903,292.138,-684,,1,3.663,274.881
2026-09-27T21:11:25.000Z,1790543485.000,32.649558545,-117.197874046,4.238,240.297,229.597,234.824,224.124,10.7,-8.324,2.597,5.761,56.724,291.548,-685,,1,3.665,272.873
2026-09-27T21:11:26.000Z,1790543486.000,32.649550084,-117.197894509,4.132,244.271,233.571,236.3,225.6,10.7,-6.026,6.474,5.762,54.819,291.119,-686,,1,3.706,271.045
2026-09-27T21:11:27.000Z,1790543487.000,32.649542802,-117.19791466,3.834,248.795,238.095,235.633,224.933,10.7,-8.633,3.663,5.763,55.294,290.927,-687,,1,3.558,269.28
2026-09-27T21:11:28.000Z,1790543488.000,32.649537225,-117.197934355,3.928,253.645,242.945,235.853,225.153,10.7,-9.292,2.381,5.764,54.821,290.673,-688,,1,3.755,267.72
2026-09-27T21:11:29.000Z,1790543489.000,32.649533166,-117.197952535,3.441,253.843,243.143,236.763,226.063,10.7,-5.404,9.698,5.766,53.588,290.351,-689,,1,3.292,266.4
2026-09-27T21:11:30.000Z,1790543490.000,32.649528759,-117.197969887,3.136,256.009,245.309,235.818,225.118,10.7,-7.382,4.319,5.767,54.317,290.136,-690,,1,3.032,265.039
2026-09-27T21:11:31.000Z,1790543491.000,32.649523412,-117.197988961,3.703,251.607,240.907,236.006,225.306,10.7,-6.206,3.06,5.768,54.346,290.352,-691,,1,3.495,263.532
2026-09-27T21:11:32.000Z,1790543492.000,32.649516086,-117.198008838,4.386,243,232.3,235.6,224.9,10.7,-6.71,4.219,5.769,54.997,290.597,-692,,1,3.872,261.785
2026-09-27T21:11:33.000Z,1790543493.000,32.649507214,-117.198029203,4.231,240.175,229.475,233.531,222.831,10.7,-5.024,4.545,5.77,57.233,290.763,-693,,1,3.627,259.826
2026-09-27T21:11:34.000Z,1790543494.000,32.649497722,-117.198048654,4.234,237.619,226.919,235.139,224.439,10.7,-6.225,6.108,5.771,55.65,290.789,-694,,1,3.524,257.96
2026-09-27T21:11:35.000Z,1790543495.000,32.649487458,-117.198068883,4.314,236.283,225.583,234.162,223.462,10.7,-6.673,3.607,5.772,56.522,290.685,-695,,1,3.527,255.912
2026-09-27T21:11:36.000Z,1790543496.000,32.649478182,-117.198089608,4.324,242.21,231.51,235.652,224.952,10.7,-7.352,3.935,5.773,54.857,290.509,-696,,1,3.769,253.994
2026-09-27T21:11:37.000Z,1790543497.000,32.64946972,-117.198110201,4.232,243.287,232.587,234.527,223.827,10.7,-7.768,4.138,5.774,55.685,290.212,-697,,1,3.723,252.086
2026-09-27T21:11:38.000Z,1790543498.000,32.649462742,-117.198128809,3.534,248.14,237.44,233.438,222.738,10.7,-7.998,3.166,5.776,56.31,289.748,-698,,1,3.237,250.422
2026-09-27T21:11:39.000Z,1790543499.000,32.649456564,-117.198145324,3.361,243.468,232.768,234.268,223.568,10.7,-8.745,5.484,5.777,55.096,289.364,-699,,1,2.956,248.993
2026-09-27T21:11:40.000Z,1790543500.000,32.649451289,-117.198162684,3.4,247.222,236.522,235.44,224.74,10.7,-8.151,3.741,5.778,53.632,289.072,-700,,1,3.088,247.612
2026-09-27T21:11:41.000Z,1790543501.000,32.649446632,-117.19818064,3.733,253.737,243.037,238.433,227.733,10.7,-6.366,4.734,5.779,50.286,288.719,-701,,1,3.545,246.314
2026-09-27T21:11:42.000Z,1790543502.000,32.649440678,-117.198201431,4.268,247.738,237.038,237.437,226.737,10.7,-8.503,3.122,5.78,50.951,288.388,-702,,1,3.888,244.623
2026-09-27T21:11:43.000Z,1790543503.000,32.649433669,-117.198222832,4.4,247.755,237.055,237.352,226.652,10.7,-7.876,5.007,5.781,50.708,288.06,-703,,1,4.005,242.832
2026-09-27T21:11:44.000Z,1790543504.000,32.64942585,-117.19824393,3.9,245.96,235.26,235.52,224.82,10.7,-8.46,5.42,5.782,52.442,287.962,-704,,1,3.493,240.932
2026-09-27T21:11:45.000Z,1790543505.000,32.649418203,-117.198263626,4.1,247.366,236.666,236.868,226.168,10.7,-7.6,1.335,5.783,51.354,288.222,-705,,1,3.713,239.216
2026-09-27T21:11:46.000Z,1790543506.000,32.649411029,-117.198281376,3.564,247.737,237.037,238.578,227.878,10.7,-7.907,6.001,5.784,49.838,288.416,-706,,1,3.235,237.663
2026-09-27T21:11:47.000Z,1790543507.000,32.649404197,-117.198299177,3.438,244.728,234.028,236.938,226.238,10.7,-5.915,4.694,5.786,51.595,288.534,-707,,1,3.037,236.032
2026-09-27T21:11:48.000Z,1790543508.000,32.649396634,-117.198317606,3.9,243.105,232.405,237.557,226.857,10.7,-8.269,1.126,5.787,51.145,288.702,-708,,1,3.388,234.372
2026-09-27T21:11:49.000Z,1790543509.000,32.649390031,-117.198337674,4.1,249.836,239.136,238.599,227.899,10.7,-6.734,5.365,5.788,50.163,288.762,-709,,1,3.772,232.726
2026-09-27T21:11:50.000Z,1790543510.000,32.649382558,-117.198359475,4.361,245.784,235.084,236.232,225.532,10.7,-9.616,3.871,5.789,52.371,288.603,-710,,1,3.877,230.8
2026-09-27T21:11:51.000Z,1790543511.000,32.649374635,-117.198380997,3.916,246.694,235.994,233.729,223.029,10.7,-9.829,5.813,5.79,54.586,288.316,-711,,1,3.505,228.853
2026-09-27T21:11:52.000Z,1790543512.000,32.64936759,-117.198400234,3.903,246.221,235.521,233.965,223.265,10.7,-8.46,1.652,5.791,53.846,287.811,-712,,1,3.475,227.184
2026-09-27T21:11:53.000Z,1790543513.000,32.649360452,-117.198418123,3.631,244.048,233.348,234.231,223.531,10.7,-6.765,5.121,5.792,53.278,287.509,-713,,1,3.164,225.58
2026-09-27T21:11:54.000Z,1790543514.000,32.649352574,-117.198436614,3.836,245.591,234.891,236.154,225.454,10.7,-6.974,4.173,5.793,50.912,287.066,-714,,1,3.389,223.922
2026-09-27T21:11:55.000Z,1790543515.000,32.649344988,-117.198455164,3.53,241.365,230.665,233.93,223.23,10.7,-6.339,5.504,5.794,53.072,287.002,-715,,1,2.984,222.173
2026-09-27T21:11:56.000Z,1790543516.000,32.64933746,-117.198473885,3.802,245.607,234.907,233.964,223.264,10.7,-7.031,2.406,5.796,53.097,287.062,-716,,1,3.35,220.482
2026-09-27T21:11:57.000Z,1790543517.000,32.649329612,-117.198492834,3.868,246.527,235.827,234.568,223.868,10.7,-8.198,2.41,5.797,52.682,287.25,-717,,1,3.434,218.765
2026-09-27T21:11:58.000Z,1790543518.000,32.649322693,-117.198512621,3.838,249.593,238.893,234.114,223.414,10.7,-7.003,6.414,5.798,53.385,287.498,-718,,1,3.493,217.06
2026-09-27T21:11:59.000Z,1790543519.000,32.649314828,-117.198533027,4.2,244.969,234.269,233.424,222.724,10.7,-9.8,-0.214,5.799,54.153,287.577,-719,,1,3.665,215.229
2026-09-27T21:12:00.000Z,1790543520.000,32.649307764,-117.198552373,3.9,248.099,237.399,233.633,222.933,10.7,-8.3,6.865,5.8,53.868,287.501,-720,,1,3.498,213.551
2026-09-27T21:12:01.000Z,1790543521.000,32.64930001,-117.198571229,3.838,244.295,233.595,232.324,221.624,10.7,-7.538,3.467,5.801,55.205,287.529,-721,,1,3.318,211.799
2026-09-27T21:12:02.000Z,1790543522.000,32.649292133,-117.198589603,3.571,244.525,233.825,234.771,224.071,10.7,-7.8,2.844,5.802,52.866,287.637,-722,,1,3.09,210.158
2026-09-27T21:12:03.000Z,1790543523.000,32.649284078,-117.198607911,3.804,241.864,231.164,234.628,223.928,10.7,-4.843,5.807,5.803,53.086,287.715,-723,,1,3.194,208.436
2026-09-27T21:12:04.000Z,1790543524.000,32.649274521,-117.198626788,4.069,239.035,228.335,235.465,224.765,10.7,-6.169,2.773,5.804,52.365,287.831,-724,,1,3.297,206.575
2026-09-27T21:12:05.000Z,1790543525.000,32.649265645,-117.198646302,3.964,244.177,233.477,234.528,223.828,10.7,-7.377,6.862,5.806,53.427,287.956,-725,,1,3.402,204.692
2026-09-27T21:12:06.000Z,1790543526.000,32.649256873,-117.198667088,4.159,245.011,234.311,233.93,223.23,10.7,-9.104,2.607,5.807,54.336,288.265,-726,,1,3.594,202.76
2026-09-27T21:12:07.000Z,1790543527.000,32.649250294,-117.198686653,3.7,251.022,240.322,234.667,223.967,10.7,-9.431,6.805,5.808,53.841,288.508,-727,,1,3.371,201.129
2026-09-27T21:12:08.000Z,1790543528.000,32.649243969,-117.198706164,3.672,250.083,239.383,232.944,222.244,10.7,-9.4,2.556,5.809,55.613,288.557,-728,,1,3.317,199.46
2026-09-27T21:12:09.000Z,1790543529.000,32.649237652,-117.198724041,3.679,246.211,235.511,233.982,223.282,10.7,-8.742,5.055,5.81,54.601,288.583,-729,,1,3.205,197.951
2026-09-27T21:12:10.000Z,1790543530.000,32.649230622,-117.198742358,3.702,241.999,231.299,233.974,223.274,10.7,-7.835,6.617,5.811,54.92,288.894,-730,,1,3.078,196.326
2026-09-27T21:12:11.000Z,1790543531.000,32.649222615,-117.198762592,4.169,246.01,235.31,236.097,225.397,10.7,-8.563,2.148,5.812,52.986,289.083,-731,,1,3.615,194.568
2026-09-27T21:12:12.000Z,1790543532.000,32.649215075,-117.198783292,4.14,248.053,237.353,237.357,226.657,10.7,-5.501,5.896,5.813,52.227,289.585,-732,,1,3.656,192.807
2026-09-27T21:12:13.000Z,1790543533.000,32.649207037,-117.198803727,3.94,244.054,233.354,234.34,223.64,10.7,-9.202,3.363,5.814,55.646,289.986,-733,,1,3.336,190.89
2026-09-27T21:12:14.000Z,1790543534.000,32.649200242,-117.198822841,3.666,247.54,236.84,236.07,225.37,10.7,-6.566,4.238,5.816,54.538,290.608,-734,,1,3.213,189.292
2026-09-27T21:12:15.000Z,1790543535.000,32.649194432,-117.19884054,3.5,247.644,236.944,237.856,227.156,10.7,-8.108,3.928,5.817,52.904,290.76,-735,,1,3.068,187.866
2026-09-27T21:12:16.000Z,1790543536.000,32.649188978,-117.198859227,3.624,254.104,243.404,238.538,227.838,10.7,-7.076,4.209,5.818,52.339,290.877,-736,,1,3.35,186.387
2026-09-27T21:12:17.000Z,1790543537.000,32.649182798,-117.198879613,3.839,249.295,238.595,237.361,226.661,10.7,-5.653,6.032,5.819,53.561,290.922,-737,,1,3.409,184.692
2026-09-27T21:12:18.000Z,1790543538.000,32.649176158,-117.198899805,4.095,245.16,234.46,235.93,225.23,10.7,-7.961,3.482,5.82,54.973,290.903,-738,,1,3.485,182.959
2026-09-27T21:12:19.000Z,1790543539.000,32.649168411,-117.198920694,4.236,249.586,238.886,236.819,226.119,10.7,-7.8,2.482,5.821,54.103,290.922,-739,,1,3.761,181.157
2026-09-27T21:12:20.000Z,1790543540.000,32.649160817,-117.198941888,4.42,243.899,233.199,235.679,224.979,10.7,-7.281,4.638,5.822,55.349,291.028,-740,,1,3.696,179.293
2026-09-27T21:12:21.000Z,1790543541.000,32.649152408,-117.198962913,4.1,247.6,236.9,234.92,224.22,10.7,-7.114,3.033,5.823,56.128,291.048,-741,,1,3.56,177.376
2026-09-27T21:12:22.000Z,1790543542.000,32.649145105,-117.19898182,3.866,246.926,236.226,234.5,223.8,10.7,-6.434,5.004,5.824,56.632,291.132,-742,,1,3.329,175.684
2026-09-27T21:12:23.000Z,1790543543.000,32.64913797,-117.198999608,3.296,244.308,233.608,234.704,224.004,10.7,-7.978,5.095,5.826,56.807,291.511,-743,,1,2.753,174.084
2026-09-27T21:12:24.000Z,1790543544.000,32.649131491,-117.199017604,3.813,247.561,236.861,236.362,225.662,10.7,-7.725,2.738,5.827,55.53,291.892,-744,,1,3.295,172.574
2026-09-27T21:12:25.000Z,1790543545.000,32.649124571,-117.199036943,3.906,245.997,235.297,236.343,225.643,10.7,-8.58,5.897,5.828,55.81,292.153,-745,,1,3.315,170.904
2026-09-27T21:12:26.000Z,1790543546.000,32.649117172,-117.199057786,4.233,245.35,234.65,235.601,224.901,10.7,-7.967,2.899,5.829,56.692,292.293,-746,,1,3.56,169.088
2026-09-27T21:12:27.000Z,1790543547.000,32.649110611,-117.199078195,4.076,247.402,236.702,235.938,225.238,10.7,-6.938,5.2,5.83,56.459,292.397,-747,,1,3.5,167.404
2026-09-27T21:12:28.000Z,1790543548.000,32.649102776,-117.199099581,4.27,246.216,235.516,236.019,225.319,10.7,-8.681,1.859,5.831,56.504,292.523,-748,,1,3.613,165.543
2026-09-27T21:12:29.000Z,1790543549.000,32.649095317,-117.199120175,4.132,245.478,234.778,236.2,225.5,10.7,-8.768,5.529,5.832,56.378,292.578,-749,,1,3.461,163.763
2026-09-27T21:12:30.000Z,1790543550.000,32.649087917,-117.19914062,3.866,247.676,236.976,235.273,224.572,10.7,-7.21,3.638,5.833,57.147,292.419,-750,,1,3.31,161.964
2026-09-27T21:12:31.000Z,1790543551.000,32.649079873,-117.19915951,3.938,243.001,232.301,236.4,225.7,10.7,-7.706,3.528,5.834,55.838,292.238,-751,,1,3.188,160.248
2026-09-27T21:12:32.000Z,1790543552.000,32.649073339,-117.199178291,3.369,250.66,239.96,236.623,225.923,10.7,-6.77,7.345,5.836,55.331,291.954,-752,,1,2.962,158.651
2026-09-27T21:12:33.000Z,1790543553.000,32.649067769,-117.199196593,3.799,251.334,240.634,239.501,228.801,10.7,-7.601,0.902,5.837,52.402,291.902,-753,,1,3.358,157.251
2026-09-27T21:12:34.000Z,1790543554.000,32.649062992,-117.199215574,3.671,252.465,241.765,239.743,229.043,10.7,-7.886,4.136,5.838,52.064,291.807,-754,,1,3.275,155.804
2026-09-27T21:12:35.000Z,1790543555.000,32.649057185,-117.19923566,3.9,252.947,242.247,237.108,226.408,10.7,-7.438,4.938,5.839,54.719,291.827,-755,,1,3.488,154.111
2026-09-27T21:12:36.000Z,1790543556.000,32.64905084,-117.199255438,3.431,248.793,238.093,236.206,225.506,10.7,-7.343,5.9,5.84,55.55,291.756,-756,,1,2.944,152.443
2026-09-27T21:12:37.000Z,1790543557.000,32.649043688,-117.199275071,3.835,249.741,239.041,236.961,226.261,10.7,-8.939,3.156,5.841,54.782,291.742,-757,,1,3.317,150.76
2026-09-27T21:12:38.000Z,1790543558.000,32.649036797,-117.199295468,4.08,244.361,233.661,235.099,224.399,10.7,-6.721,5.6,5.842,56.634,291.733,-758,,1,3.313,148.982
2026-09-27T21:12:39.000Z,1790543559.000,32.649029046,-117.199315941,3.941,245.616,234.916,233.27,222.57,10.7,-6.63,5.662,5.843,58.454,291.724,-759,,1,3.242,147.127
2026-09-27T21:12:40.000Z,1790543560.000,32.649020767,-117.1993348,3.867,242.2,231.5,233,222.3,10.7,-7.067,4.333,5.844,58.676,291.676,-760,,1,3.036,145.353
2026-09-27T21:12:41.000Z,1790543561.000,32.649012089,-117.199352986,3.869,240.1,229.4,232.939,222.239,10.7,-6.627,3.077,5.846,58.617,291.556,-761,,1,2.939,143.584
2026-09-27T21:12:42.000Z,1790543562.000,32.649003586,-117.199371414,3.938,244.21,233.51,233.962,223.262,10.7,-5.538,4.976,5.847,57.294,291.256,-762,,1,3.159,141.845
2026-09-27T21:12:43.000Z,1790543563.000,32.648994649,-117.199390572,3.909,241.323,230.623,232.578,221.878,10.7,-7.617,5.051,5.848,58.29,290.868,-763,,1,3.004,139.967
2026-09-27T21:12:44.000Z,1790543564.000,32.648986608,-117.199410146,4.002,244.746,234.046,234.235,223.535,10.7,-6.931,2.005,5.849,56.327,290.562,-764,,1,3.215,138.225
2026-09-27T21:12:45.000Z,1790543565.000,32.648980163,-117.199428611,3.829,250.81,240.11,235.471,224.771,10.7,-6.285,5.32,5.85,54.877,290.348,-765,,1,3.294,136.68
2026-09-27T21:12:46.000Z,1790543566.000,32.648972569,-117.199447459,3.914,244.514,233.814,234.331,223.631,10.7,-9.59,4.452,5.851,55.911,290.242,-766,,1,3.119,134.945
2026-09-27T21:12:47.000Z,1790543567.000,32.648965635,-117.199467389,3.862,247.12,236.42,233.724,223.024,10.7,-8.338,3.014,5.852,56.412,290.136,-767,,1,3.174,133.226
2026-09-27T21:12:48.000Z,1790543568.000,32.648958536,-117.199486493,4,246.865,236.165,233.835,223.135,10.7,-7.098,3.638,5.853,56.267,290.102,-768,,1,3.269,131.556
2026-09-27T21:12:49.000Z,1790543569.000,32.648951016,-117.199505283,3.969,244.717,234.017,235.315,224.615,10.7,-7.985,4.754,5.854,54.717,290.032,-769,,1,3.148,129.901
2026-09-27T21:12:50.000Z,1790543570.000,32.648943433,-117.199525674,3.758,246.856,236.156,234.029,223.329,10.7,-6.902,5.353,5.856,56.02,290.049,-770,,1,3.055,128.08
2026-09-27T21:12:51.000Z,1790543571.000,32.648934178,-117.199544911,4.068,239.1,228.4,230.053,219.353,10.7,-6.979,1.907,5.857,60.222,290.275,-771,,1,2.944,126.109
2026-09-27T21:12:52.000Z,1790543572.000,32.648925215,-117.199561832,3.366,241.431,230.731,232.257,221.557,10.7,-6.181,5.765,5.858,57.912,290.169,-772,,1,2.52,124.433
2026-09-27T21:12:53.000Z,1790543573.000,32.648916225,-117.199579513,3.79,237.253,226.553,232.29,221.59,10.7,-7.31,2.868,5.859,57.88,290.169,-773,,1,2.636,122.665
2026-09-27T21:12:54.000Z,1790543574.000,32.648907029,-117.199597562,4.11,233.687,222.987,231.35,220.65,10.7,-7.641,6.599,5.86,58.827,290.178,-774,,1,2.656,120.836
2026-09-27T21:12:55.000Z,1790543575.000,32.648899627,-117.199615318,3.502,247.327,236.627,232.842,222.142,10.7,-9.93,6.878,5.861,57.433,290.275,-775,,1,2.822,119.243
2026-09-27T21:12:56.000Z,1790543576.000,32.648893894,-117.199634339,3.793,250.166,239.466,233.243,222.543,10.7,-8.963,1.715,5.862,57.103,290.347,-776,,1,3.157,117.709
2026-09-27T21:12:57.000Z,1790543577.000,32.648889302,-117.199653204,3.4,257.832,247.132,233.851,223.151,10.7,-6.777,7.236,5.863,56.509,290.36,-777,,1,3.052,116.292
2026-09-27T21:12:58.000Z,1790543578.000,32.648883269,-117.199672094,3.631,248.142,237.442,232.793,222.093,10.7,-9.784,4.27,5.864,57.53,290.323,-778,,1,2.936,114.701
2026-09-27T21:12:59.000Z,1790543579.000,32.648876564,-117.199690573,3.5,246.473,235.773,233.667,222.967,10.7,-7.466,4.002,5.866,56.612,290.279,-779,,1,2.762,113.119
2026-09-27T21:13:00.000Z,1790543580.000,32.648867956,-117.199709273,4.054,241.989,231.289,233.231,222.531,10.7,-7.4,2.267,5.867,57.06,290.291,-780,,1,2.983,111.32
2026-09-27T21:13:01.000Z,1790543581.000,32.648859106,-117.199727931,4.182,240.6,229.9,235.153,224.453,10.7,-5.239,3.965,5.868,55.333,290.486,-781,,1,2.996,109.562
2026-09-27T21:13:02.000Z,1790543582.000,32.648848984,-117.199746131,3.73,239.694,228.994,235.11,224.41,10.7,-8.9,5.668,5.869,55.748,290.858,-782,,1,2.617,107.661
2026-09-27T21:13:03.000Z,1790543583.000,32.648839878,-117.199764836,3.703,244.027,233.327,235.203,224.503,10.7,-7.332,4.729,5.87,56.069,291.272,-783,,1,2.779,105.829
2026-09-27T21:13:04.000Z,1790543584.000,32.648831933,-117.19978302,3.636,245.511,234.811,234.987,224.287,10.7,-7.973,5.536,5.871,56.649,291.635,-784,,1,2.78,104.123
2026-09-27T21:13:05.000Z,1790543585.000,32.648825364,-117.199802146,3.57,247.461,236.761,234.479,223.779,10.7,-10.496,4.911,5.872,57.361,291.84,-785,,1,2.798,102.483
2026-09-27T21:13:06.000Z,1790543586.000,32.6488198,-117.199821233,3.833,250.532,239.832,235.733,225.033,10.7,-10.367,3.9,5.873,56.102,291.835,-786,,1,3.121,100.985
2026-09-27T21:13:07.000Z,1790543587.000,32.648815075,-117.199840061,3.7,253.355,242.655,237.56,226.86,10.7,-10.346,4.7,5.874,54.205,291.765,-787,,1,3.108,99.598
2026-09-27T21:13:08.000Z,1790543588.000,32.648810358,-117.199859165,3.638,248.907,238.207,235.3,224.6,10.7,-9.509,3.923,5.876,56.423,291.723,-788,,1,2.886,98.075
2026-09-27T21:13:09.000Z,1790543589.000,32.648803666,-117.199878896,4.045,247.187,236.487,237.686,226.986,10.7,-6.831,3.166,5.877,53.969,291.655,-789,,1,3.124,96.476
2026-09-27T21:13:10.000Z,1790543590.000,32.64879602,-117.19989783,3.9,242.663,231.963,237.438,226.738,10.7,-8.573,4.608,5.878,54.236,291.673,-790,,1,2.796,94.754
2026-09-27T21:13:11.000Z,1790543591.000,32.648788131,-117.199917346,4.038,247.042,236.342,239.562,228.862,10.7,-7.817,3.593,5.879,52.249,291.811,-791,,1,3.09,93.056
2026-09-27T21:13:12.000Z,1790543592.000,32.648780826,-117.19993776,3.962,248.812,238.112,240.462,229.762,10.7,-8.312,3.888,5.88,51.775,292.237,-792,,1,3.099,91.324
2026-09-27T21:13:13.000Z,1790543593.000,32.648774815,-117.199957859,4.004,249.107,238.407,242.676,231.976,10.7,-6.472,7.347,5.881,49.993,292.669,-793,,1,3.136,89.777
2026-09-27T21:13:14.000Z,1790543594.000,32.648769372,-117.19997721,3.268,254.917,244.217,240.526,229.826,10.7,-7.012,6.934,5.882,52.504,293.03,-794,,1,2.744,88.164
2026-09-27T21:13:15.000Z,1790543595.000,32.648764495,-117.199995909,3.6,250.017,239.317,239.779,229.079,10.7,-7.898,1.787,5.883,53.527,293.307,-795,,1,2.837,86.689
2026-09-27T21:13:16.000Z,1790543596.000,32.648759593,-117.200013105,3.271,252.952,242.252,240.183,229.483,10.7,-6.566,6.907,5.884,53.254,293.437,-796,,1,2.671,85.332
2026-09-27T21:13:17.000Z,1790543597.000,32.648754492,-117.200032134,3.765,254.669,243.969,240.492,229.792,10.7,-7.37,-0.127,5.886,53.012,293.504,-797,,1,3.131,83.856
2026-09-27T21:13:18.000Z,1790543598.000,32.648747922,-117.200052437,4.13,250.584,239.884,239.783,229.083,10.7,-5.709,6.874,5.887,53.753,293.536,-798,,1,3.251,82.142
2026-09-27T21:13:19.000Z,1790543599.000,32.648740294,-117.200071831,3.576,248.685,237.985,235.886,225.186,10.7,-7.976,4.982,5.888,57.616,293.502,-799,,1,2.727,80.282
2026-09-27T21:13:20.000Z,1790543600.000,32.64873269,-117.200090135,3.969,241.11,230.41,236.845,226.145,10.7,-7.577,1.129,5.889,56.627,293.472,-800,,1,2.649,78.635
2026-09-27T21:13:21.000Z,1790543601.000,32.648725258,-117.200107818,3.769,242.472,231.772,237.267,226.567,10.7,-8.269,6.2,5.89,56.133,293.4,-801,,1,2.568,77.02
2026-09-27T21:13:22.000Z,1790543602.000,32.648718453,-117.200126377,3.7,249.552,238.852,237.209,226.509,10.7,-8.67,2.674,5.891,55.921,293.13,-802,,1,2.825,75.402
2026-09-27T21:13:23.000Z,1790543603.000,32.648712088,-117.20014421,3.638,244.273,233.573,238.587,227.887,10.7,-9.762,6.613,5.892,54.242,292.829,-803,,1,2.539,73.907
2026-09-27T21:13:24.000Z,1790543604.000,32.648706414,-117.200163306,3.669,253.212,242.512,238.4,227.7,10.7,-9.523,1.949,5.893,54.094,292.494,-804,,1,2.929,72.358
2026-09-27T21:13:25.000Z,1790543605.000,32.648701982,-117.200181782,3.5,255.527,244.827,239.465,228.765,10.7,-7.831,7.361,5.894,52.612,292.077,-805,,1,2.87,70.997
2026-09-27T21:13:26.000Z,1790543606.000,32.648696916,-117.200200837,3.414,251.108,240.408,238.5,227.8,10.7,-8.297,2.135,5.896,53.251,291.751,-806,,1,2.631,69.479
2026-09-27T21:13:27.000Z,1790543607.000,32.648691455,-117.200220147,3.741,249.737,239.037,241.311,230.611,10.7,-7.7,5.293,5.897,50.125,291.436,-807,,1,2.816,68.04
2026-09-27T21:13:28.000Z,1790543608.000,32.648684682,-117.200240183,4.072,247.462,236.762,239.857,229.157,10.7,-5.639,2.404,5.898,51.205,291.062,-808,,1,2.941,66.296
2026-09-27T21:13:29.000Z,1790543609.000,32.648677674,-117.200260346,3.768,249.109,238.409,239.771,229.071,10.7,-4.535,4.435,5.899,51.07,290.841,-809,,1,2.782,64.571
2026-09-27T21:13:30.000Z,1790543610.000,32.648670443,-117.200278633,3.728,243.317,232.617,237.409,226.709,10.7,-5.045,4.724,5.9,53.516,290.925,-810,,1,2.47,62.853
2026-09-27T21:13:31.000Z,1790543611.000,32.648663666,-117.200296132,3.5,245.735,235.035,235.992,225.292,10.7,-4.769,3.244,5.901,55.104,291.096,-811,,1,2.415,61.254
2026-09-27T21:13:32.000Z,1790543612.000,32.648655861,-117.200313946,3.834,241.435,230.735,234.532,223.832,10.7,-6.303,4.196,5.902,56.81,291.342,-812,,1,2.414,59.545
2026-09-27T21:13:33.000Z,1790543613.000,32.648648117,-117.200333386,3.969,246.81,236.11,234.1,223.4,10.7,-5.479,6.259,5.903,57.172,291.272,-813,,1,2.761,57.783
2026-09-27T21:13:34.000Z,1790543614.000,32.648639612,-117.200353184,3.891,241.491,230.791,229.13,218.43,10.7,-7.632,3.726,5.904,62.048,291.177,-814,,1,2.416,55.83
2026-09-27T21:13:35.000Z,1790543615.000,32.648632094,-117.20037075,3.669,238.272,227.572,228.185,217.485,10.7,-6.169,6.216,5.906,62.981,291.166,-815,,1,2.097,54.183
2026-09-27T21:13:36.000Z,1790543616.000,32.648624336,-117.200386695,3.234,242.723,232.023,227.101,216.401,10.7,-6.968,1.696,5.907,64.058,291.159,-816,,1,2.035,52.6
2026-09-27T21:13:37.000Z,1790543617.000,32.648616681,-117.200401913,3.4,237.381,226.681,227.651,216.951,10.7,-5.614,5.333,5.908,63.552,291.204,-817,,1,1.87,51.095
2026-09-27T21:13:38.000Z,1790543618.000,32.64860792,-117.200418156,3.482,233.575,222.875,226.264,215.564,10.7,-7.041,5.087,5.909,65.248,291.512,-818,,1,1.7,49.401
2026-09-27T21:13:39.000Z,1790543619.000,32.648598178,-117.200435137,4.035,234.953,224.253,226.968,216.268,10.7,-5.674,4.752,5.91,64.917,291.884,-819,,1,2.033,47.613
2026-09-27T21:13:40.000Z,1790543620.000,32.648588644,-117.200453016,3.832,234.991,224.291,224.868,214.168,10.7,-7.029,5.357,5.911,67.387,292.254,-820,,1,1.912,45.752
2026-09-27T21:13:41.000Z,1790543621.000,32.64857813,-117.200471059,3.809,233.993,223.293,223.638,212.938,10.7,-6.382,3.681,5.912,69.082,292.72,-821,,1,1.819,43.809
2026-09-27T21:13:42.000Z,1790543622.000,32.648569016,-117.200486659,3.439,238.2,227.5,223.609,212.909,10.7,-7.6,4.068,5.913,69.533,293.141,-822,,1,1.843,42.14
2026-09-27T21:13:43.000Z,1790543623.000,32.648561264,-117.200500905,3.034,242.073,231.373,224.934,214.234,10.7,-6.498,5.802,5.914,68.748,293.682,-823,,1,1.782,40.686
2026-09-27T21:13:44.000Z,1790543624.000,32.648553186,-117.200516096,3.334,235.376,224.676,225.093,214.393,10.7,-7.755,3.293,5.916,69.311,294.404,-824,,1,1.615,39.136
2026-09-27T21:13:45.000Z,1790543625.000,32.648545248,-117.200532929,3.648,241.738,231.038,228.876,218.176,10.7,-5.905,3.929,5.917,66.441,295.317,-825,,1,2.094,37.573
2026-09-27T21:13:46.000Z,1790543626.000,32.648535917,-117.200551689,4,238.311,227.611,229.307,218.607,10.7,-7.815,6.314,5.918,66.9,296.208,-826,,1,2.074,35.723
2026-09-27T21:13:47.000Z,1790543627.000,32.648526196,-117.200569406,4.067,233.161,222.461,230.902,220.202,10.7,-11.301,4.701,5.919,66.096,296.998,-827,,1,1.764,33.92
2026-09-27T21:13:48.000Z,1790543628.000,32.648517645,-117.200587335,3.586,241.903,231.203,236.131,225.431,10.7,-11.035,3,5.92,61.896,298.028,-828,,1,2.012,32.312
2026-09-27T21:13:49.000Z,1790543629.000,32.648511181,-117.20060509,3.5,253.93,243.23,244.529,233.829,10.7,-11.119,4.795,5.921,54.356,298.884,-829,,1,2.514,31.06
2026-09-27T21:13:50.000Z,1790543630.000,32.648506761,-117.200623738,3.532,258.336,247.636,250.542,239.842,10.7,-9.277,2.539,5.922,48.836,299.378,-830,,1,2.71,29.918
2026-09-27T21:13:51.000Z,1790543631.000,32.648505098,-117.200641948,3.366,274.729,264.029,261.156,250.456,10.7,-7.644,6.135,5.923,38.204,299.359,-831,,1,3.085,29.35
2026-09-27T21:13:52.000Z,1790543632.000,32.648506357,-117.200659917,3.164,277.508,266.808,266.597,255.897,10.7,-8.442,4.117,5.924,32.32,298.917,-832,,1,2.957,28.831
2026-09-27T21:13:53.000Z,1790543633.000,32.648510883,-117.200676736,3.2,295.333,284.633,276.102,265.402,10.7,-6.53,3.051,5.926,22.805,298.908,-833,,1,3.196,28.98
2026-09-27T21:13:54.000Z,1790543634.000,32.648520118,-117.200688483,2.965,315.193,304.493,289.348,278.648,10.7,-1.778,3.427,5.927,9.593,298.941,-834,,1,2.832,30.181
2026-09-27T21:13:55.000Z,1790543635.000,32.64853001,-117.200698644,2.735,322.917,312.217,298.244,287.544,10.7,-2.896,4.586,5.928,0.45,298.694,-835,,1,2.473,31.243
2026-09-27T21:13:56.000Z,1790543636.000,32.648540923,-117.200705719,2.862,339.526,328.826,311.414,300.714,10.7,3.085,2.648,5.929,-12.655,298.759,-836,,1,2.117,32.923
2026-09-27T21:13:57.000Z,1790543637.000,32.648551863,-117.200710497,2.47,335.624,324.924,320.415,309.715,10.7,3.424,5.236,5.93,-21.672,298.743,-837,,1,1.926,34.378
2026-09-27T21:13:58.000Z,1790543638.000,32.648562982,-117.200712769,2.433,351.374,340.674,331.245,320.545,10.7,8.037,2.965,5.931,-32.943,298.302,-838,,1,1.398,36.089
2026-09-27T21:13:59.000Z,1790543639.000,32.648573894,-117.20071547,2.538,347.1,336.4,336.07,325.37,10.7,9.485,5.054,5.932,-38.221,297.849,-839,,1,1.599,37.281
2026-09-27T21:14:00.000Z,1790543640.000,32.648584131,-117.200718823,2.277,346.719,336.019,338.855,328.155,10.7,9.669,6.254,5.933,-41.113,297.742,-840,,1,1.438,38.223
2026-09-27T21:14:01.000Z,1790543641.000,32.64859389,-117.200721239,2.1,343.721,333.021,339.664,328.964,10.7,9.939,4.279,5.934,-41.777,297.887,-841,,1,1.404,39.036
2026-09-27T21:14:02.000Z,1790543642.000,32.648603651,-117.200723695,2.3,346.781,336.081,342.547,331.847,10.7,11.779,4.284,5.936,-44.408,298.139,-842,,1,1.436,39.982
2026-09-27T21:14:03.000Z,1790543643.000,32.648613671,-117.200728226,2.427,335.85,325.15,338.71,328.01,10.7,9.364,4.909,5.937,-40.417,298.294,-843,,1,1.843,40.398
2026-09-27T21:14:04.000Z,1790543644.000,32.648624727,-117.200732895,2.488,344.452,333.752,336.693,325.993,10.7,9.529,4.61,5.938,-38.386,298.307,-844,,1,1.62,41.016
2026-09-27T21:14:05.000Z,1790543645.000,32.648636508,-117.200736168,2.566,354.2,343.5,329.831,319.131,10.7,7.334,5.305,5.939,-31.598,298.233,-845,,1,1.311,41.422
2026-09-27T21:14:06.000Z,1790543646.000,32.648649725,-117.20073763,2.84,354.187,343.487,335.42,324.72,10.7,8.12,2.56,5.94,-37.282,298.138,-846,,1,1.434,42.949
2026-09-27T21:14:07.000Z,1790543647.000,32.64866297,-117.200739771,2.938,348.953,338.253,338.075,327.375,10.7,5.519,5.414,5.941,-40.106,297.969,-847,,1,1.695,44.223
2026-09-27T21:14:08.000Z,1790543648.000,32.648676851,-117.200743318,3,350.396,339.696,335.843,325.143,10.7,4.83,4.148,5.942,-38.37,297.472,-848,,1,1.656,45.143
2026-09-27T21:14:09.000Z,1790543649.000,32.648690614,-117.200744769,3,357.764,347.064,345.134,334.434,10.7,11.263,3.658,5.943,-47.874,297.26,-849,,1,1.3,46.931
2026-09-27T21:14:10.000Z,1790543650.000,32.648704029,-117.200746827,2.9,352.888,342.188,347.927,337.227,10.7,10.508,5.336,5.944,-50.833,297.094,-850,,1,1.459,48.212
2026-09-27T21:14:11.000Z,1790543651.000,32.648716545,-117.200750109,2.685,348.164,337.464,340.456,329.756,10.7,4.985,6.365,5.946,-43.527,296.929,-851,,1,1.53,48.705
2026-09-27T21:14:12.000Z,1790543652.000,32.648729134,-117.200751204,2.596,355.447,344.747,346.296,335.596,10.7,8.44,3.964,5.947,-49.536,296.759,-852,,1,1.181,50.164
2026-09-27T21:14:13.000Z,1790543653.000,32.648741495,-117.200752433,2.966,353.298,342.598,345.168,334.467,10.7,7.366,4.266,5.948,-48.507,296.661,-853,,1,1.435,51.154
2026-09-27T21:14:14.000Z,1790543654.000,32.648755698,-117.200751978,3.2,6.078,355.378,345.28,334.58,10.7,7.544,4.704,5.949,-48.614,296.666,-854,,1,0.87,52.479
2026-09-27T21:14:15.000Z,1790543655.000,32.648771038,-117.2007518,3.219,357.024,346.324,339.805,329.105,10.7,4.405,6.079,5.95,-42.998,296.807,-855,,1,1.335,53.532
2026-09-27T21:14:16.000Z,1790543656.000,32.648786464,-117.200752268,3.397,357.59,346.89,345.383,334.683,10.7,5.609,3.445,5.951,-48.343,297.041,-856,,1,1.353,55.27
2026-09-27T21:14:17.000Z,1790543657.000,32.64880108,-117.200753898,3.334,351.484,340.784,342.262,331.562,10.7,4.696,4.604,5.952,-44.815,297.447,-857,,1,1.629,56.316
2026-09-27T21:14:18.000Z,1790543658.000,32.648816719,-117.200755386,3.3,356.529,345.829,347.243,336.543,10.7,9.681,5.519,5.953,-49.037,298.206,-858,,1,1.329,57.971
2026-09-27T21:14:19.000Z,1790543659.000,32.648833269,-117.200758288,3.661,347.485,336.785,341.637,330.937,10.7,6.473,2.93,5.954,-42.756,298.881,-859,,1,1.964,58.97
2026-09-27T21:14:20.000Z,1790543660.000,32.648850039,-117.200761301,3.801,351.97,341.27,342.768,332.068,10.7,7.867,4.799,5.956,-43.539,299.229,-860,,1,1.756,60.409
2026-09-27T21:14:21.000Z,1790543661.000,32.648866277,-117.200762785,3.324,356.174,345.474,341.806,331.106,10.7,5.32,5.224,5.957,-42.526,299.28,-861,,1,1.294,61.745
2026-09-27T21:14:22.000Z,1790543662.000,32.648881771,-117.200763287,3.275,358.21,347.51,348.614,337.914,10.7,8.1,4.326,5.958,-49.374,299.24,-862,,1,1.141,63.551
2026-09-27T21:14:23.000Z,1790543663.000,32.648897557,-117.200765905,3.3,350.637,339.937,337.647,326.947,10.7,4.652,4.379,5.959,-38.181,299.466,-863,,1,1.533,64.148
2026-09-27T21:14:24.000Z,1790543664.000,32.648913246,-117.200766764,3.334,354.932,344.232,342.656,331.956,10.7,8.662,3.5,5.96,-43.195,299.461,-864,,1,1.298,65.863
2026-09-27T21:14:25.000Z,1790543665.000,32.648928274,-117.200769509,3.4,346.599,335.899,343.9,333.2,10.7,5.745,4.845,5.961,-44.44,299.46,-865,,1,1.743,67.163
2026-09-27T21:14:26.000Z,1790543666.000,32.648942904,-117.200774022,3.224,343.419,332.719,342.846,332.145,10.7,6.976,3.5,5.962,-43.404,299.442,-866,,1,1.787,68.186
2026-09-27T21:14:27.000Z,1790543667.000,32.648957278,-117.200778646,3.132,348.3,337.6,340.309,329.609,10.7,7.341,5.105,5.963,-40.931,299.378,-867,,1,1.492,69.081
2026-09-27T21:14:28.000Z,1790543668.000,32.648971809,-117.200782027,3.166,343.768,333.068,340.783,330.083,10.7,7.615,3.229,5.964,-41.277,299.506,-868,,1,1.705,70.253
2026-09-27T21:14:29.000Z,1790543669.000,32.648985578,-117.200785335,3.024,349.211,338.511,338.751,328.051,10.7,5.038,3.651,5.966,-39.06,299.692,-869,,1,1.364,71.194
2026-09-27T21:14:30.000Z,1790543670.000,32.649000051,-117.200788218,3.161,352.021,341.321,341.397,330.697,10.7,6.609,4.591,5.967,-41.611,299.786,-870,,1,1.264,72.532
2026-09-27T21:14:31.000Z,1790543671.000,32.6490145,-117.2007923,3.433,341.466,330.766,336.4,325.7,10.7,5.133,4.9,5.968,-36.423,299.977,-871,,1,1.911,73.292
2026-09-27T21:14:32.000Z,1790543672.000,32.649029828,-117.200796049,3.424,350.598,339.898,336.557,325.857,10.7,6.798,5.111,5.969,-36.118,300.439,-872,,1,1.408,74.497
2026-09-27T21:14:33.000Z,1790543673.000,32.649045543,-117.200799281,3.662,346.95,336.25,334.809,324.109,10.7,5.333,2.429,5.97,-33.974,300.836,-873,,1,1.692,75.631
2026-09-27T21:14:34.000Z,1790543674.000,32.649062637,-117.20080268,3.769,348.077,337.377,331.023,320.323,10.7,5.083,5.126,5.971,-29.933,301.091,-874,,1,1.65,76.734
2026-09-27T21:14:35.000Z,1790543675.000,32.649080467,-117.2008055,4.133,352.633,341.933,336.867,326.167,10.7,7.433,4.467,5.972,-35.566,301.301,-875,,1,1.47,78.621
2026-09-27T21:14:36.000Z,1790543676.000,32.64909759,-117.200811283,3.939,336.96,326.26,332.325,321.625,10.7,2.84,3.369,5.973,-30.952,301.373,-876,,1,2.321,79.548
2026-09-27T21:14:37.000Z,1790543677.000,32.649115435,-117.200816775,3.941,345.35,334.65,338.309,327.609,10.7,8.827,4.096,5.974,-36.91,301.399,-877,,1,1.798,81.297
2026-09-27T21:14:38.000Z,1790543678.000,32.649132363,-117.200821775,3.7,346.093,335.393,340.038,329.338,10.7,9.132,4.53,5.976,-38.667,301.37,-878,,1,1.617,82.686
2026-09-27T21:14:39.000Z,1790543679.000,32.649149064,-117.200826691,3.794,345.881,335.181,339.797,329.097,10.7,7.463,5.181,5.977,-38.802,300.995,-879,,1,1.643,83.927
2026-09-27T21:14:40.000Z,1790543680.000,32.649165131,-117.200830027,3.463,353.582,342.882,337.696,326.996,10.7,7.662,5.242,5.978,-37.088,300.609,-880,,1,1.043,85.068
2026-09-27T21:14:41.000Z,1790543681.000,32.64918116,-117.200831309,3.37,352.325,341.625,340.821,330.121,10.7,8.243,3.112,5.979,-40.379,300.442,-881,,1,1.056,86.669
2026-09-27T21:14:42.000Z,1790543682.000,32.649195326,-117.200833903,3.135,353.435,342.735,339.61,328.91,10.7,5.51,5.46,5.98,-39.498,300.113,-882,,1,0.904,87.739
2026-09-27T21:14:43.000Z,1790543683.000,32.649209569,-117.200836362,2.969,351.11,340.41,338.59,327.89,10.7,6.724,4.324,5.981,-38.811,299.779,-883,,1,0.951,88.835
2026-09-27T21:14:44.000Z,1790543684.000,32.649223882,-117.200839927,3.351,345.53,334.83,340.19,329.49,10.7,7.514,4.624,5.982,-40.573,299.617,-884,,1,1.354,90.053
2026-09-27T21:14:45.000Z,1790543685.000,32.649238873,-117.200844822,3.469,342.65,331.95,339.269,328.569,10.7,8.107,3.785,5.983,-39.874,299.395,-885,,1,1.536,91.094
2026-09-27T21:14:46.000Z,1790543686.000,32.649254216,-117.20085116,3.698,341.105,330.405,334.671,323.971,10.7,6.9,3.443,5.984,-35.401,299.27,-886,,1,1.704,91.834
2026-09-27T21:14:47.000Z,1790543687.000,32.649269912,-117.200856217,3.638,342.216,331.516,336.717,326.017,10.7,6.977,5.847,5.986,-37.398,299.318,-887,,1,1.586,93.134
2026-09-27T21:14:48.000Z,1790543688.000,32.649285677,-117.200861503,3.615,337.326,326.626,336.724,326.024,10.7,5.171,4.038,5.987,-37.378,299.346,-888,,1,1.822,94.286
2026-09-27T21:14:49.000Z,1790543689.000,32.649302188,-117.200868523,3.936,336.945,326.245,335.446,324.746,10.7,5.246,4.936,5.988,-36.206,299.24,-889,,1,1.978,95.323
2026-09-27T21:14:50.000Z,1790543690.000,32.649319776,-117.200873828,4.068,349.94,339.24,331.552,320.852,10.7,6.658,5.026,5.989,-32.482,299.07,-890,,1,1.168,96.361
2026-09-27T21:14:51.000Z,1790543691.000,32.649337327,-117.200877616,3.671,348.209,337.509,335.207,324.507,10.7,5.62,4.2,5.99,-36.295,298.911,-891,,1,1.125,98.017
2026-09-27T21:14:52.000Z,1790543692.000,32.649353895,-117.200883416,3.8,341.525,330.825,331.664,320.964,10.7,2.437,2.907,5.991,-32.886,298.778,-892,,1,1.549,98.96
2026-09-27T21:14:53.000Z,1790543693.000,32.649370323,-117.200888706,3.6,346.24,335.54,333.812,323.112,10.7,6.376,5.863,5.992,-35.207,298.605,-893,,1,1.161,100.327
2026-09-27T21:14:54.000Z,1790543694.000,32.649387102,-117.200893554,3.631,344.692,333.992,333.254,322.554,10.7,6.7,5.145,5.993,-34.824,298.43,-894,,1,1.233,101.554
2026-09-27T21:14:55.000Z,1790543695.000,32.649403187,-117.200899321,3.5,344.045,333.345,335.066,324.366,10.7,5.359,4.514,5.994,-36.806,298.26,-895,,1,1.196,102.837
2026-09-27T21:14:56.000Z,1790543696.000,32.649418655,-117.200904917,3.33,350.878,340.178,334.261,323.561,10.7,4.661,5.491,5.996,-36.082,298.179,-896,,1,0.73,103.888
2026-09-27T21:14:57.000Z,1790543697.000,32.649434255,-117.200910039,3.633,350.78,340.08,335.865,325.165,10.7,7.804,3.492,5.997,-37.695,298.17,-897,,1,0.771,105.146
2026-09-27T21:14:58.000Z,1790543698.000,32.64944971,-117.200915413,3.43,342.381,331.681,335.584,324.884,10.7,5.67,7.219,5.998,-37.544,298.04,-898,,1,1.183,106.245
2026-09-27T21:14:59.000Z,1790543699.000,32.649465459,-117.200921654,3.562,338.734,328.034,334.218,323.518,10.7,4.48,2.496,5.999,-36.058,298.16,-899,,1,1.411,107.247
2026-09-27T21:15:00.000Z,1790543700.000,32.649482088,-117.200928382,4,345.269,334.569,335.122,324.422,10.7,7.005,4.808,6,-36.805,298.317,-900,,1,1.12,108.463
2026-09-27T21:15:01.000Z,1790543701.000,32.649499848,-117.200933163,4.098,347.391,336.691,332.766,322.066,10.7,8.768,3.628,6.001,-34.599,298.168,-901,,1,0.963,109.656
2026-09-27T21:15:02.000Z,1790543702.000,32.64951746,-117.200937156,3.977,347.549,336.849,333.632,322.932,10.7,5.077,4.791,6.002,-35.524,298.108,-902,,1,0.884,111.107
2026-09-27T21:15:03.000Z,1790543703.000,32.649534937,-117.200941837,3.9,347.125,336.425,334.375,323.675,10.7,3.971,3.946,6.003,-36.345,298.031,-903,,1,0.857,112.499
2026-09-27T21:15:04.000Z,1790543704.000,32.649552296,-117.200947213,3.865,341.977,331.277,335.422,324.722,10.7,7.43,4.003,6.004,-37.532,297.89,-904,,1,1.147,113.865
2026-09-27T21:15:05.000Z,1790543705.000,32.649569516,-117.200955373,4.17,334.815,324.115,331.262,320.562,10.7,6.283,3.926,6.006,-33.582,297.679,-905,,1,1.689,114.697
2026-09-27T21:15:06.000Z,1790543706.000,32.64958664,-117.200961876,3.9,345.616,334.916,332.968,322.268,10.7,8.668,4.004,6.007,-35.473,297.495,-906,,1,0.845,116.03
2026-09-27T21:15:07.000Z,1790543707.000,32.649603506,-117.200966899,3.84,342.511,331.811,335.36,324.66,10.7,7.801,4.7,6.008,-37.936,297.424,-907,,1,0.996,117.465
2026-09-27T21:15:08.000Z,1790543708.000,32.649620563,-117.200972275,3.968,348.413,337.713,334.045,323.345,10.7,5.775,4.568,6.009,-36.604,297.441,-908,,1,0.591,118.636
2026-09-27T21:15:09.000Z,1790543709.000,32.649637927,-117.200977293,3.769,349.065,338.365,328.576,317.876,10.7,4.514,4.59,6.01,-31.032,297.544,-909,,1,0.485,119.55
2026-09-27T21:15:10.000Z,1790543710.000,32.649655817,-117.200980705,3.919,348.587,337.887,335.231,324.531,10.7,8.423,4.365,6.011,-37.702,297.528,-910,,1,0.491,121.477
2026-09-27T21:15:11.000Z,1790543711.000,32.649672417,-117.200987808,3.667,339.489,328.789,332.513,321.813,10.7,4.409,5.672,6.012,-35.171,297.342,-911,,1,0.996,122.413
2026-09-27T21:15:12.000Z,1790543712.000,32.649689306,-117.200995703,3.833,339.731,329.031,329.802,319.102,10.7,6.435,4.437,6.013,-32.642,297.16,-912,,1,0.99,123.329
2026-09-27T21:15:13.000Z,1790543713.000,32.649706574,-117.201003457,4,337.087,326.387,332.022,321.322,10.7,9.042,3.899,6.014,-34.869,297.154,-913,,1,1.169,124.647
2026-09-27T21:15:14.000Z,1790543714.000,32.649723909,-117.201011515,3.979,341.297,330.597,328.896,318.196,10.7,5.357,5.197,6.016,-31.747,297.149,-914,,1,0.841,125.563
2026-09-27T21:15:15.000Z,1790543715.000,32.649741506,-117.201019503,3.967,335.331,324.631,330.767,320.067,10.7,5.966,2.902,6.017,-33.306,297.46,-915,,1,1.195,126.874
2026-09-27T21:15:16.000Z,1790543716.000,32.649757839,-117.201027813,3.77,342.025,331.325,327.65,316.95,10.7,4.121,6.324,6.018,-30.022,297.628,-916,,1,0.674,127.684
2026-09-27T21:15:17.000Z,1790543717.000,32.649774229,-117.201033503,3.7,344.259,333.559,329.404,318.704,10.7,6.838,3.988,6.019,-31.961,297.443,-917,,1,0.481,129.001
2026-09-27T21:15:18.000Z,1790543718.000,32.649790285,-117.201039151,3.768,340.539,329.839,332.768,322.068,10.7,4.632,3.454,6.02,-35.596,297.172,-918,,1,0.693,130.404
2026-09-27T21:15:19.000Z,1790543719.000,32.64980615,-117.201046175,3.667,338.144,327.444,330.569,319.869,10.7,3,6.408,6.021,-33.72,296.849,-919,,1,0.791,131.312
2026-09-27T21:15:20.000Z,1790543720.000,32.649823255,-117.201053128,4.067,336.692,325.992,330.268,319.568,10.7,7.8,3.029,6.022,-33.647,296.621,-920,,1,0.936,132.474
2026-09-27T21:15:21.000Z,1790543721.000,32.649840255,-117.201062158,4.337,331.527,320.827,330.696,319.996,10.7,7.776,4.112,6.023,-34.016,296.68,-921,,1,1.329,133.567
2026-09-27T21:15:22.000Z,1790543722.000,32.649858235,-117.201072538,4.359,334.636,323.936,325.059,314.359,10.7,5.818,5.045,6.024,-28.227,296.832,-922,,1,1.064,134.226
2026-09-27T21:15:23.000Z,1790543723.000,32.649876859,-117.201079943,4.465,342.618,331.918,325.533,314.833,10.7,9.137,1.633,6.026,-28.517,297.015,-923,,1,0.426,135.559
2026-09-27T21:15:24.000Z,1790543724.000,32.649895052,-117.201086788,3.965,347.546,336.846,325.311,314.611,10.7,4.292,6.7,6.027,-28.149,297.162,-924,,1,-0.007,136.831
2026-09-27T21:15:25.000Z,1790543725.000,32.649912824,-117.201092152,3.855,344.21,333.51,321.845,311.145,10.7,2.109,3.659,6.028,-24.556,297.29,-925,,1,0.177,137.894
2026-09-27T21:15:26.000Z,1790543726.000,32.649930217,-117.201096701,3.761,345.744,335.044,330.693,319.993,10.7,5.823,4.123,6.029,-33.281,297.411,-926,,1,0.027,139.902
2026-09-27T21:15:27.000Z,1790543727.000,32.649945424,-117.201104827,3.599,331.66,320.96,329.469,318.769,10.7,3.668,4.066,6.03,-32.229,297.24,-927,,1,0.867,140.76
2026-09-27T21:15:28.000Z,1790543728.000,32.64995931,-117.201114121,3.461,331.758,321.058,332.155,321.455,10.7,6.816,5.75,6.031,-35.237,296.918,-928,,1,0.796,141.721
2026-09-27T21:15:29.000Z,1790543729.000,32.649972768,-117.201123112,3.185,329.061,318.361,335.474,324.774,10.7,10.138,6.212,6.032,-38.785,296.689,-929,,1,0.849,142.699
2026-09-27T21:15:30.000Z,1790543730.000,32.649987325,-117.201131765,3.737,334.52,323.82,331.348,320.648,10.7,7.78,3.823,6.033,-34.97,296.378,-930,,1,0.615,143.265
2026-09-27T21:15:31.000Z,1790543731.000,32.650002851,-117.201139826,3.568,338.517,327.817,328.971,318.271,10.7,5.669,4.798,6.034,-33.003,295.967,-931,,1,0.305,144.071
2026-09-27T21:15:32.000Z,1790543732.000,32.650019625,-117.201146004,3.958,341.892,331.192,328.965,318.265,10.7,4.577,2.819,6.036,-32.953,296.012,-932,,1,0.063,145.266
2026-09-27T21:15:33.000Z,1790543733.000,32.650037897,-117.201150997,4.1,348.488,337.788,327.613,316.913,10.7,2.171,5.432,6.037,-31.896,295.717,-933,,1,-0.451,146.56
2026-09-27T21:15:34.000Z,1790543734.000,32.650057201,-117.20115531,4.435,345.001,334.301,328.262,317.562,10.7,3.703,3.038,6.038,-33.021,295.241,-934,,1,-0.271,148.135
2026-09-27T21:15:35.000Z,1790543735.000,32.650076667,-117.201160656,4.4,345.258,334.558,329.276,318.576,10.7,3.771,5.034,6.039,-34.575,294.701,-935,,1,-0.342,149.695
2026-09-27T21:15:36.000Z,1790543736.000,32.650095795,-117.201166096,4.138,347.499,336.799,332.478,321.778,10.7,5.81,5.116,6.04,-38.38,294.098,-936,,1,-0.532,151.378
2026-09-27T21:15:37.000Z,1790543737.000,32.650113599,-117.201171336,3.83,343.252,332.552,335.752,325.052,10.7,7.121,3.939,6.041,-42.058,293.694,-937,,1,-0.252,152.95
2026-09-27T21:15:38.000Z,1790543738.000,32.65012986,-117.201177743,3.632,341.673,330.973,332.16,321.46,10.7,6.638,3.805,6.042,-38.651,293.509,-938,,1,-0.176,153.831
2026-09-27T21:15:39.000Z,1790543739.000,32.650144867,-117.201183037,3.429,340.145,329.445,335.636,324.936,10.7,8.036,4.292,6.043,-42.284,293.352,-939,,1,-0.107,155.16
2026-09-27T21:15:40.000Z,1790543740.000,32.650158579,-117.201190882,3.4,329.654,318.954,333.602,322.902,10.7,5.438,5.349,6.044,-40.374,293.228,-940,,1,0.484,155.843
2026-09-27T21:15:41.000Z,1790543741.000,32.65017241,-117.201199592,3.436,330.326,319.626,325.978,315.278,10.7,5.046,4.901,6.046,-32.834,293.144,-941,,1,0.419,156.073
2026-09-27T21:15:42.000Z,1790543742.000,32.650187105,-117.201206769,3.267,336.06,325.36,328.267,317.567,10.7,7.366,3.135,6.047,-35.24,293.027,-942,,1,0.04,157.197
2026-09-27T21:15:43.000Z,1790543743.000,32.650201292,-117.201214089,3.415,334.498,323.798,324.702,314.002,10.7,2.682,3.862,6.048,-31.767,292.936,-943,,1,0.104,157.826
2026-09-27T21:15:44.000Z,1790543744.000,32.650216605,-117.201222638,3.813,332.101,321.401,324.802,314.102,10.7,5.573,4.64,6.049,-31.668,293.135,-944,,1,0.237,158.769
2026-09-27T21:15:45.000Z,1790543745.000,32.650233114,-117.201230525,4.036,336.026,325.326,324.876,314.176,10.7,7.036,3.94,6.05,-31.138,293.739,-945,,1,-0.069,159.854
2026-09-27T21:15:46.000Z,1790543746.000,32.65025061,-117.201239222,4.066,335.466,324.766,322.472,311.772,10.7,5.304,4.232,6.051,-28.151,294.321,-946,,1,-0.075,160.795
2026-09-27T21:15:47.000Z,1790543747.000,32.65026832,-117.201247324,4.2,337.298,326.598,324.227,313.527,10.7,5.327,3.962,6.052,-29.309,294.918,-947,,1,-0.26,162.107
2026-09-27T21:15:48.000Z,1790543748.000,32.650285952,-117.201255251,3.83,341.771,331.071,326.33,315.63,10.7,6.66,4.699,6.053,-30.614,295.717,-948,,1,-0.578,163.446
2026-09-27T21:15:49.000Z,1790543749.000,32.650302994,-117.201264629,4.066,331.075,320.375,321.569,310.869,10.7,3.135,3.866,6.054,-25.111,296.458,-949,,1,0.099,164.129
2026-09-27T21:15:50.000Z,1790543750.000,32.650320216,-117.20127186,3.9,345.695,334.995,330.56,319.86,10.7,8.329,4.312,6.056,-33.35,297.21,-950,,1,-0.935,165.988
2026-09-27T21:15:51.000Z,1790543751.000,32.650336006,-117.201278721,3.538,337.519,326.819,329.289,318.589,10.7,6.626,5.198,6.057,-31.015,298.274,-951,,1,-0.386,166.964
2026-09-27T21:15:52.000Z,1790543752.000,32.65035119,-117.201286745,3.53,341.018,330.318,329.252,318.552,10.7,6.9,3.285,6.058,-30.35,298.901,-952,,1,-0.633,167.912
2026-09-27T21:15:53.000Z,1790543753.000,32.650366317,-117.201294041,3.634,340.375,329.675,327.434,316.734,10.7,5.998,6.063,6.059,-27.936,299.498,-953,,1,-0.646,168.762
2026-09-27T21:15:54.000Z,1790543754.000,32.650381527,-117.201298893,3.192,347.88,337.18,329.617,318.917,10.7,7.992,5.172,6.06,-29.518,300.099,-954,,1,-1,170.049
2026-09-27T21:15:55.000Z,1790543755.000,32.650396577,-117.201305864,3.563,336.017,325.317,327.562,316.862,10.7,6.3,2.225,6.061,-26.805,300.757,-955,,1,-0.431,170.892
2026-09-27T21:15:56.000Z,1790543756.000,32.65041112,-117.201315568,3.768,328.295,317.595,325.495,314.795,10.7,4.437,5.263,6.062,-24.059,301.436,-956,,1,0.014,171.538
2026-09-27T21:15:57.000Z,1790543757.000,32.65042608,-117.201326552,3.9,326.176,315.476,326.676,315.976,10.7,7.54,3.862,6.063,-24.575,302.101,-957,,1,0.118,172.399
2026-09-27T21:15:58.000Z,1790543758.000,32.650441783,-117.20133613,3.952,334.58,323.88,325.282,314.582,10.7,8.968,4.2,6.064,-22.533,302.749,-958,,1,-0.5,173.209
2026-09-27T21:15:59.000Z,1790543759.000,32.650458947,-117.201344851,4.029,333.526,322.826,322.218,311.518,10.7,6.731,4.125,6.066,-18.902,303.315,-959,,1,-0.48,174.067
2026-09-27T21:16:00.000Z,1790543760.000,32.650476076,-117.20135235,4.032,341.135,330.435,324.85,314.15,10.7,6.261,2.467,6.067,-21.153,303.697,-960,,1,-1.047,175.426
2026-09-27T21:16:01.000Z,1790543761.000,32.65049234,-117.201361082,3.766,331.325,320.625,325.347,314.647,10.7,2.876,6.539,6.068,-21.421,303.926,-961,,1,-0.383,176.476
2026-09-27T21:16:02.000Z,1790543762.000,32.6505085,-117.201370445,3.8,334.691,323.991,318.855,308.155,10.7,3.664,4.055,6.069,-14.648,304.207,-962,,1,-0.647,176.941
2026-09-27T21:16:03.000Z,1790543763.000,32.6505256,-117.2013775,3.829,336.016,325.316,325.671,314.971,10.7,11.729,4.618,6.07,-21.454,304.216,-963,,1,-0.778,178.647
2026-09-27T21:16:04.000Z,1790543764.000,32.65053956,-117.201389928,3.8,315.391,304.691,311.663,300.963,10.7,3.049,3.603,6.071,-7.696,303.967,-964,,1,0.552,178.148
2026-09-27T21:16:05.000Z,1790543765.000,32.650551884,-117.201404207,3.535,314.921,304.221,304.11,293.41,10.7,7.749,7.413,6.072,-0.783,303.327,-965,,1,0.51,177.891
2026-09-27T21:16:06.000Z,1790543766.000,32.650562034,-117.201420355,3.438,299.391,288.691,293.041,282.342,10.7,9.513,2.823,6.073,9.575,302.617,-966,,1,1.364,177.057
2026-09-27T21:16:07.000Z,1790543767.000,32.650567701,-117.201438655,3.361,288.154,277.454,280.877,270.177,10.7,3.07,6.254,6.074,21.164,302.041,-967,,1,1.895,175.652
2026-09-27T21:16:08.000Z,1790543768.000,32.650570699,-117.201456594,3.1,277.333,266.633,268.704,258.004,10.7,0.935,2.565,6.076,32.69,301.395,-968,,1,2.191,174.11
2026-09-27T21:16:09.000Z,1790543769.000,32.65056975,-117.201473764,3.1,261.907,251.207,258.799,248.099,10.7,-5.027,4.175,6.077,42.046,300.844,-969,,1,2.693,172.498
2026-09-27T21:16:10.000Z,1790543770.000,32.650567065,-117.201489728,2.876,255.527,244.827,248.221,237.521,10.7,-6.324,4.376,6.078,52.048,300.268,-970,,1,2.642,170.863
2026-09-27T21:16:11.000Z,1790543771.000,32.650561749,-117.201504542,2.764,243.154,232.454,237.849,227.149,10.7,-8.764,4.741,6.079,61.8,299.65,-971,,1,2.715,169.187
2026-09-27T21:16:12.000Z,1790543772.000,32.650555646,-117.201518373,2.9,241.684,230.984,231.718,221.018,10.7,-8.334,4.034,6.08,67.337,299.056,-972,,1,2.863,167.72
2026-09-27T21:16:13.000Z,1790543773.000,32.650547381,-117.201530904,3,228.857,218.157,224.415,213.715,10.7,-13.591,4.336,6.081,74.046,298.461,-973,,1,2.993,166.16
2026-09-27T21:16:14.000Z,1790543774.000,32.650538803,-117.201543902,2.93,231.918,221.218,223.93,213.23,10.7,-15.2,5.282,6.082,73.936,297.865,-974,,1,2.929,164.675
2026-09-27T21:16:15.000Z,1790543775.000,32.650530122,-117.201556484,2.9,231.064,220.364,221.935,211.235,10.7,-15.435,5.541,6.083,75.323,297.257,-975,,1,2.899,163.186
2026-09-27T21:16:16.000Z,1790543776.000,32.650521781,-117.201569844,3.166,233.466,222.766,223.498,212.798,10.7,-14.798,4.093,6.084,73.135,296.632,-976,,1,3.166,161.725
2026-09-27T21:16:17.000Z,1790543777.000,32.650514591,-117.201584568,3.238,241.37,230.67,225.002,214.302,10.7,-12.84,4.034,6.086,71.045,296.047,-977,,1,3.2,160.299
2026-09-27T21:16:18.000Z,1790543778.000,32.65050753,-117.201598633,2.9,235.165,224.465,223.223,212.523,10.7,-12.545,5.3,6.087,72.251,295.473,-978,,1,2.897,158.877
2026-09-27T21:16:19.000Z,1790543779.000,32.650500794,-117.201610845,2.733,238.942,228.242,222.133,211.433,10.7,-12.7,1.97,6.088,72.738,294.871,-979,,1,2.716,157.596
2026-09-27T21:16:20.000Z,1790543780.000,32.650494388,-117.201623225,2.8,237.422,226.722,224.07,213.37,10.7,-10.309,4.813,6.089,70.217,294.287,-980,,1,2.79,156.369
2026-09-27T21:16:21.000Z,1790543781.000,32.650486701,-117.201636123,2.925,232.013,221.313,222.063,211.363,10.7,-8.262,3.537,6.09,71.633,293.696,-981,,1,2.925,154.954
2026-09-27T21:16:22.000Z,1790543782.000,32.65047749,-117.201649193,3.131,227.866,217.166,221.7,211,10.7,-9.745,5.389,6.091,71.391,293.091,-982,,1,3.12,153.409
2026-09-27T21:16:23.000Z,1790543783.000,32.650466904,-117.201662928,3.434,229.766,219.067,221.834,211.134,10.7,-10.866,2.365,6.092,70.632,292.465,-983,,1,3.429,151.708
2026-09-27T21:16:24.000Z,1790543784.000,32.650456455,-117.201677856,3.8,231.85,221.15,222.755,212.055,10.7,-10.261,4.178,6.093,69.113,291.869,-984,,1,3.8,149.964
2026-09-27T21:16:25.000Z,1790543785.000,32.650444771,-117.201694308,3.871,230.084,219.384,223.783,213.083,10.7,-12.158,3.125,6.094,67.526,291.309,-985,,1,3.867,148.028
2026-09-27T21:16:26.000Z,1790543786.000,32.650434014,-117.201710231,3.465,232.455,221.755,225.603,214.903,10.7,-12.061,5.929,6.096,65.087,290.691,-986,,1,3.465,146.217
2026-09-27T21:16:27.000Z,1790543787.000,32.650425035,-117.201725562,3.133,236.787,226.087,224.899,214.199,10.7,-11.5,4.899,6.097,65.18,290.079,-987,,1,3.125,144.566
2026-09-27T21:16:28.000Z,1790543788.000,32.650417193,-117.201739436,2.736,238.637,227.937,227.6,216.9,10.7,-12.129,6.179,6.098,61.836,289.436,-988,,1,2.72,143.149
2026-09-27T21:16:29.000Z,1790543789.000,32.650411225,-117.201754342,3,244.337,233.637,229.759,219.059,10.7,-12.641,0.663,6.099,59.052,288.811,-989,,1,2.934,141.846
2026-09-27T21:16:30.000Z,1790543790.000,32.650405785,-117.201769772,3.168,246.757,236.057,230.028,219.328,10.7,-12.404,5.846,6.1,58.252,288.28,-990,,1,3.065,140.527
2026-09-27T21:16:31.000Z,1790543791.000,32.650399742,-117.201784975,2.966,247.507,236.807,228.532,217.832,10.7,-11.463,4.142,6.101,59.148,287.68,-991,,1,2.858,139.13
2026-09-27T21:16:32.000Z,1790543792.000,32.650391335,-117.201800101,3.484,235.69,224.99,230.059,219.358,10.7,-13.536,4.155,6.102,57.073,287.131,-992,,1,3.476,137.582
2026-09-27T21:16:33.000Z,1790543793.000,32.650381973,-117.201818214,3.73,238.619,227.919,230.7,220,10.7,-10.16,5.549,6.103,55.854,286.554,-993,,1,3.704,135.77
2026-09-27T21:16:34.000Z,1790543794.000,32.650370847,-117.201836031,4.032,233.79,223.09,228.83,218.13,10.7,-12.132,2.632,6.104,57.102,285.932,-994,,1,4.03,133.761
2026-09-27T21:16:35.000Z,1790543795.000,32.650361192,-117.201851992,3.625,235.181,224.481,229.062,218.362,10.7,-10.889,5.677,6.106,56.221,285.283,-995,,1,3.618,132.028
2026-09-27T21:16:36.000Z,1790543796.000,32.65035345,-117.201866279,2.896,239.345,228.645,229.221,218.521,10.7,-11.704,3.39,6.107,55.392,284.613,-996,,1,2.871,130.559
2026-09-27T21:16:37.000Z,1790543797.000,32.650347883,-117.201880389,2.8,249.858,239.158,233.137,222.437,10.7,-12.874,2.231,6.108,50.83,283.967,-997,,1,2.657,129.382
2026-09-27T21:16:38.000Z,1790543798.000,32.650344606,-117.20189438,2.598,253.716,243.016,232.596,221.896,10.7,-11.928,7.11,6.109,50.782,283.378,-998,,1,2.401,128.318
2026-09-27T21:16:39.000Z,1790543799.000,32.650340306,-117.201909416,2.762,250.699,239.999,231.291,220.591,10.7,-11.938,3.003,6.11,51.603,282.894,-999,,1,2.601,127.088
2026-09-27T21:16:40.000Z,1790543800.000,32.650335864,-117.20192469,2.971,252.901,242.201,231.7,221,10.7,-10.871,5.411,6.111,50.531,282.231,-1000,,1,2.753,125.872
2026-09-27T21:16:41.000Z,1790543801.000,32.650329514,-117.201939636,3.1,237.211,226.511,229.904,219.204,10.7,-10.121,4.764,6.112,51.645,281.549,-1001,,1,3.08,124.451
2026-09-27T21:16:42.000Z,1790543802.000,32.650320643,-117.201954419,3.3,231.663,220.963,226.403,215.703,10.7,-9.501,3.531,6.113,54.414,280.817,-1002,,1,3.3,122.784
2026-09-27T21:16:43.000Z,1790543803.000,32.650310866,-117.201968805,3.473,230.416,219.716,228.027,217.327,10.7,-8.255,4.257,6.114,52.149,280.176,-1003,,1,3.473,121.149
2026-09-27T21:16:44.000Z,1790543804.000,32.650300199,-117.201984412,3.77,232.962,222.262,228.48,217.78,10.7,-9.01,3.43,6.116,51.116,279.597,-1004,,1,3.767,119.347
2026-09-27T21:16:45.000Z,1790543805.000,32.650290396,-117.202001239,3.767,234.881,224.181,228.032,217.332,10.7,-7.701,4.834,6.117,51.046,279.079,-1005,,1,3.757,117.542
2026-09-27T21:16:46.000Z,1790543806.000,32.650281018,-117.20201753,3.211,239.505,228.805,226.373,215.673,10.7,-10.862,4.569,6.118,52.213,278.586,-1006,,1,3.173,115.784
2026-09-27T21:16:47.000Z,1790543807.000,32.650273916,-117.202031438,2.662,239.994,229.294,222.716,212.016,10.7,-8.454,5.215,6.119,55.415,278.131,-1007,,1,2.627,114.341
2026-09-27T21:16:48.000Z,1790543808.000,32.650266677,-117.202043462,2.5,239.441,228.741,220.616,209.916,10.7,-12.831,2.377,6.12,57.032,277.648,-1008,,1,2.471,113.016
2026-09-27T21:16:49.000Z,1790543809.000,32.650260236,-117.202055529,2.734,237.311,226.611,218.968,208.268,10.7,-9.466,6.366,6.121,58.2,277.168,-1009,,1,2.716,111.77
2026-09-27T21:16:50.000Z,1790543810.000,32.650252356,-117.202066951,2.7,231.62,220.92,218.046,207.346,10.7,-10.184,3.599,6.122,58.883,276.929,-1010,,1,2.7,110.434
2026-09-27T21:16:51.000Z,1790543811.000,32.650243825,-117.202078663,2.778,230.48,219.78,222.578,211.878,10.7,-9.356,3.073,6.123,54.323,276.901,-1011,,1,2.778,109.062
2026-09-27T21:16:52.000Z,1790543812.000,32.650234846,-117.202092305,3.236,236.607,225.907,226.104,215.404,10.7,-9.828,3.593,6.124,50.725,276.828,-1012,,1,3.217,107.557
2026-09-27T21:16:53.000Z,1790543813.000,32.650226283,-117.202106743,3.366,227.928,217.228,225.329,214.629,10.7,-10.022,7.292,6.126,51.315,276.644,-1013,,1,3.363,105.99
2026-09-27T21:16:54.000Z,1790543814.000,32.650217215,-117.202121688,3.245,233.955,223.255,226.281,215.581,10.7,-10.645,1.521,6.127,49.952,276.233,-1014,,1,3.238,104.376
2026-09-27T21:16:55.000Z,1790543815.000,32.650208832,-117.202135842,3.17,231.927,221.227,226.489,215.789,10.7,-8.3,5.257,6.128,49.321,275.809,-1015,,1,3.169,102.855
2026-09-27T21:16:56.000Z,1790543816.000,32.650200346,-117.202149165,2.9,234.214,223.514,226.204,215.504,10.7,-9.5,4.304,6.129,49.232,275.436,-1016,,1,2.893,101.362
2026-09-27T21:16:57.000Z,1790543817.000,32.650192692,-117.202161391,2.835,233.387,222.687,226.33,215.63,10.7,-8.935,5.57,6.13,48.885,275.214,-1017,,1,2.831,100.01
2026-09-27T21:16:58.000Z,1790543818.000,32.65018537,-117.202172113,2.255,228.759,218.059,225.128,214.428,10.7,-10.292,5.424,6.131,50.114,275.242,-1018,,1,2.255,98.749
2026-09-27T21:16:59.000Z,1790543819.000,32.650178022,-117.202183276,2.76,232.764,222.064,228.44,217.74,10.7,-10.771,0.543,6.132,46.653,275.093,-1019,,1,2.757,97.535
2026-09-27T21:17:00.000Z,1790543820.000,32.650171802,-117.202195728,2.866,239.858,229.158,230,219.3,10.7,-8.801,6.101,6.133,45.137,275.137,-1020,,1,2.822,96.33
2026-09-27T21:17:01.000Z,1790543821.000,32.65016423,-117.20221074,3.235,235.794,225.094,227.3,216.6,10.7,-11.205,3.594,6.134,48.042,275.342,-1021,,1,3.218,94.782
2026-09-27T21:17:02.000Z,1790543822.000,32.650157071,-117.202225733,3,236.553,225.853,223.833,213.133,10.7,-10.533,5.714,6.136,51.657,275.49,-1022,,1,2.979,93.274
2026-09-27T21:17:03.000Z,1790543823.000,32.650148259,-117.202238955,2.807,232.194,221.494,221.517,210.817,10.7,-11.531,2.642,6.137,53.974,275.491,-1023,,1,2.805,91.735
2026-09-27T21:17:04.000Z,1790543824.000,32.650140231,-117.20224977,2.733,228.07,217.37,221.099,210.399,10.7,-10.1,4.266,6.138,54.84,275.94,-1024,,1,2.732,90.419
2026-09-27T21:17:05.000Z,1790543825.000,32.650132436,-117.202259996,2.538,231.985,221.285,223.87,213.17,10.7,-10.544,3.677,6.139,52.415,276.286,-1025,,1,2.536,89.189
2026-09-27T21:17:06.000Z,1790543826.000,32.650124737,-117.202271269,2.945,229.225,218.525,225.084,214.384,10.7,-10.367,3.482,6.14,51.318,276.402,-1026,,1,2.945,87.899
2026-09-27T21:17:07.000Z,1790543827.000,32.65011584,-117.202284947,3.241,238.285,227.585,228.405,217.705,10.7,-10.477,4.441,6.141,48.09,276.495,-1027,,1,3.203,86.408
2026-09-27T21:17:08.000Z,1790543828.000,32.650107296,-117.202300672,3.667,233.421,222.721,226.733,216.033,10.7,-9.369,4.566,6.142,49.985,276.717,-1028,,1,3.658,84.756
2026-09-27T21:17:09.000Z,1790543829.000,32.650096926,-117.202316875,3.573,232.673,221.973,226.573,215.873,10.7,-10.59,4.137,6.143,50.276,276.848,-1029,,1,3.567,82.938
2026-09-27T21:17:10.000Z,1790543830.000,32.650086756,-117.202333135,3.741,234.144,223.444,227.817,217.117,10.7,-10.076,2.622,6.144,48.96,276.777,-1030,,1,3.728,81.16
2026-09-27T21:17:11.000Z,1790543831.000,32.650078482,-117.202347197,2.964,238.062,227.362,224.361,213.661,10.7,-8.432,6.775,6.146,52.37,276.731,-1031,,1,2.93,79.597
2026-09-27T21:17:12.000Z,1790543832.000,32.65007071,-117.202358748,2.634,235.847,225.147,225.671,214.971,10.7,-8.905,0.271,6.147,50.977,276.648,-1032,,1,2.616,78.287
2026-09-27T21:17:13.000Z,1790543833.000,32.650065041,-117.202369392,2.376,240.731,230.031,227.324,216.624,10.7,-8.876,5.392,6.148,49.291,276.615,-1033,,1,2.326,77.225
2026-09-27T21:17:14.000Z,1790543834.000,32.650059096,-117.202381429,2.222,237.71,227.01,225.33,214.63,10.7,-11.165,3.539,6.149,51.667,276.997,-1034,,1,2.196,76.005
2026-09-27T21:17:15.000Z,1790543835.000,32.650052765,-117.202393671,2.633,240.372,229.672,225.732,215.032,10.7,-10.334,5.099,6.15,51.791,277.523,-1035,,1,2.579,74.777
2026-09-27T21:17:16.000Z,1790543836.000,32.65004556,-117.20240681,2.894,239.809,229.109,226.512,215.812,10.7,-9.96,3.259,6.151,51.385,277.898,-1036,,1,2.838,73.427
2026-09-27T21:17:17.000Z,1790543837.000,32.650038087,-117.202420594,3.209,234.335,223.635,226.119,215.419,10.7,-11.353,5.771,6.152,52.147,278.266,-1037,,1,3.192,72
2026-09-27T21:17:18.000Z,1790543838.000,32.650028967,-117.202436952,3.768,233.691,222.991,225.927,215.227,10.7,-9.951,2.214,6.153,52.632,278.559,-1038,,1,3.751,70.287
2026-09-27T21:17:19.000Z,1790543839.000,32.650018726,-117.202452844,3.6,232.859,222.159,225.565,214.865,10.7,-9.433,5.43,6.154,53.408,278.973,-1039,,1,3.587,68.495
2026-09-27T21:17:20.000Z,1790543840.000,32.650009282,-117.202467276,3.214,232.218,221.518,224.948,214.248,10.7,-9.238,5.048,6.156,54.37,279.319,-1040,,1,3.205,66.851
2026-09-27T21:17:21.000Z,1790543841.000,32.650000035,-117.202480938,3.17,234.095,223.395,227.33,216.63,10.7,-10.33,1.611,6.157,52.145,279.475,-1041,,1,3.151,65.312
2026-09-27T21:17:22.000Z,1790543842.000,32.649992487,-117.202494291,2.77,240.609,229.909,229.668,218.968,10.7,-9.9,5.76,6.158,50.226,279.894,-1042,,1,2.697,63.951
2026-09-27T21:17:23.000Z,1790543843.000,32.649986372,-117.202507753,2.698,247.593,236.893,228.865,218.165,10.7,-10.631,4.765,6.159,51.009,279.873,-1043,,1,2.529,62.655
2026-09-27T21:17:24.000Z,1790543844.000,32.649979968,-117.202520835,2.536,243.673,232.973,229.1,218.4,10.7,-10.508,4.84,6.16,50.659,279.759,-1044,,1,2.428,61.373
2026-09-27T21:17:25.000Z,1790543845.000,32.64997302,-117.20253386,2.94,237.5,226.8,230.6,219.9,10.7,-12.09,3.14,6.161,49.067,279.667,-1045,,1,2.886,60.072
2026-09-27T21:17:26.000Z,1790543846.000,32.649966959,-117.202549122,3.167,247.39,236.69,232.2,221.5,10.7,-9.859,4.171,6.162,47.522,279.722,-1046,,1,2.947,58.736
2026-09-27T21:17:27.000Z,1790543847.000,32.649959521,-117.202565296,3.434,239.196,228.496,229.469,218.769,10.7,-10.959,5.345,6.163,50.314,279.783,-1047,,1,3.339,57.129
2026-09-27T21:17:28.000Z,1790543848.000,32.649951605,-117.202580666,3.2,240.743,230.043,228.587,217.887,10.7,-10.102,5.071,6.164,51.296,279.883,-1048,,1,3.085,55.565
2026-09-27T21:17:29.000Z,1790543849.000,32.64994303,-117.20259604,3.65,232.68,221.98,229.07,218.37,10.7,-10.99,1.6,6.166,50.968,280.038,-1049,,1,3.617,53.968
2026-09-27T21:17:30.000Z,1790543850.000,32.649935562,-117.202611477,3.335,241.614,230.914,231.632,220.932,10.7,-8.165,4.495,6.167,48.508,280.14,-1050,,1,3.183,52.513
2026-09-27T21:17:31.000Z,1790543851.000,32.649928231,-117.202625714,2.965,235.223,224.523,229.548,218.848,10.7,-9.921,5.269,6.168,50.609,280.157,-1051,,1,2.909,51.035
2026-09-27T21:17:32.000Z,1790543852.000,32.649921426,-117.202637974,2.375,237.463,226.763,228.1,217.4,10.7,-8.975,7.899,6.169,52.151,280.25,-1052,,1,2.308,49.729
2026-09-27T21:17:33.000Z,1790543853.000,32.649914444,-117.202650013,2.463,235.119,224.419,229,218.3,10.7,-9.762,2.55,6.17,51.416,280.416,-1053,,1,2.411,48.463
2026-09-27T21:17:34.000Z,1790543854.000,32.649908202,-117.202662162,3.267,236.492,225.792,231.534,220.834,10.7,-8.9,1.24,6.171,48.979,280.513,-1054,,1,3.173,47.296
2026-09-27T21:17:35.000Z,1790543855.000,32.649902202,-117.202674987,2.7,238.517,227.817,230.671,219.971,10.7,-10.281,7.363,6.172,49.829,280.5,-1055,,1,2.593,46.041
2026-09-27T21:17:36.000Z,1790543856.000,32.649895429,-117.202689159,3.194,238.434,227.734,231.571,220.871,10.7,-9.853,2.765,6.173,49.108,280.679,-1056,,1,3.057,44.683
2026-09-27T21:17:37.000Z,1790543857.000,32.649888517,-117.202704199,3.103,240.83,230.13,231.735,221.035,10.7,-10.597,5.825,6.174,48.931,280.667,-1057,,1,2.917,43.249
2026-09-27T21:17:38.000Z,1790543858.000,32.649881706,-117.202720351,3.398,242.752,232.052,229.677,218.977,10.7,-8.205,1.568,6.176,50.965,280.642,-1058,,1,3.139,41.716
2026-09-27T21:17:39.000Z,1790543859.000,32.649875081,-117.202731701,2.591,229.647,218.947,225.418,214.718,10.7,-10.864,8.699,6.177,55.277,280.695,-1059,,1,2.556,40.427
2026-09-27T21:17:40.000Z,1790543860.000,32.649868233,-117.202741985,2.061,229.159,218.459,224.209,213.509,10.7,-9.151,5.05,6.178,56.491,280.7,-1060,,1,2.034,39.235
2026-09-27T21:17:41.000Z,1790543861.000,32.649861403,-117.20275163,2.5,229.964,219.264,224.401,213.701,10.7,-8.833,3.067,6.179,56.5,280.901,-1061,,1,2.46,38.097
2026-09-27T21:17:42.000Z,1790543862.000,32.649854255,-117.2027618,2.37,231.24,220.54,224.705,214.005,10.7,-8.605,4.58,6.18,56.292,280.997,-1062,,1,2.319,36.904
2026-09-27T21:17:43.000Z,1790543863.000,32.649846638,-117.202772399,2.787,228.514,217.814,225.987,215.287,10.7,-9.813,2.976,6.181,55.248,281.235,-1063,,1,2.747,35.659
2026-09-27T21:17:44.000Z,1790543864.000,32.649840099,-117.202783594,2.508,234.744,224.044,226.277,215.577,10.7,-7.645,7.662,6.182,55.31,281.587,-1064,,1,2.403,34.467
2026-09-27T21:17:45.000Z,1790543865.000,32.649832576,-117.202795784,2.702,236.476,225.776,225.602,214.902,10.7,-9.402,2.196,6.183,56.295,281.897,-1065,,1,2.556,33.116
2026-09-27T21:17:46.000Z,1790543866.000,32.649825137,-117.202807725,2.823,235.561,224.861,227.955,217.255,10.7,-11.961,4.83,6.184,54.289,282.244,-1066,,1,2.669,31.836
2026-09-27T21:17:47.000Z,1790543867.000,32.649818179,-117.202821919,2.939,236,225.3,226.563,215.863,10.7,-8.016,3.33,6.186,56.073,282.637,-1067,,1,2.754,30.416
2026-09-27T21:17:48.000Z,1790543868.000,32.649809597,-117.202833845,3.111,226.308,215.608,224.817,214.117,10.7,-11.697,6.066,6.187,58.24,283.057,-1068,,1,3.053,28.967
2026-09-27T21:17:49.000Z,1790543869.000,32.649801978,-117.202846646,2.797,238.396,227.696,225.466,214.766,10.7,-6.41,5.277,6.188,57.968,283.434,-1069,,1,2.548,27.595
2026-09-27T21:17:50.000Z,1790543870.000,32.649793296,-117.202858385,2.973,226.971,216.271,225.3,214.6,10.7,-7.127,3.412,6.189,58.473,283.773,-1070,,1,2.888,26.171
2026-09-27T21:17:51.000Z,1790543871.000,32.649785146,-117.202869205,2.57,227.324,216.624,226.77,216.07,10.7,-6.778,5.23,6.19,57.445,284.215,-1071,,1,2.481,24.87
2026-09-27T21:17:52.000Z,1790543872.000,32.649776779,-117.202880361,2.936,226.971,216.271,227.711,217.011,10.7,-8.132,4.004,6.191,56.898,284.608,-1072,,1,2.823,23.525
2026-09-27T21:17:53.000Z,1790543873.000,32.649770044,-117.202891948,2.637,234.638,223.938,227.666,216.966,10.7,-7.863,5.224,6.192,57.432,285.098,-1073,,1,2.39,22.288
2026-09-27T21:17:54.000Z,1790543874.000,32.649763579,-117.202904076,2.827,242.281,231.581,228.714,218.014,10.7,-9.114,1.862,6.193,56.826,285.54,-1074,,1,2.329,21.067
2026-09-27T21:17:55.000Z,1790543875.000,32.649757534,-117.202916912,2.821,237.74,227.04,231.3,220.6,10.7,-10.139,4.676,6.194,54.702,286.002,-1075,,1,2.375,19.881
2026-09-27T21:17:56.000Z,1790543876.000,32.649752365,-117.202929971,2.533,245.478,234.778,232.835,222.135,10.7,-8.799,5.468,6.196,53.567,286.402,-1076,,1,1.843,18.745
2026-09-27T21:17:57.000Z,1790543877.000,32.649747943,-117.202942742,2.6,245.821,235.121,234.428,223.728,10.7,-9.028,3.828,6.197,52.338,286.766,-1077,,1,1.777,17.697
2026-09-27T21:17:58.000Z,1790543878.000,32.649742723,-117.202955499,2.777,241.161,230.461,237.992,227.292,10.7,-8.631,3.985,6.198,49.168,287.16,-1078,,1,1.929,16.641
2026-09-27T21:17:59.000Z,1790543879.000,32.649737717,-117.202968486,2.462,245.631,234.931,241.093,230.393,10.7,-5.624,3.807,6.199,46.511,287.605,-1079,,1,1.428,15.592
2026-09-27T21:18:00.000Z,1790543880.000,32.649732065,-117.202980971,2.567,241.221,230.521,240.334,229.634,10.7,-6.565,5.667,6.2,47.703,288.037,-1080,,1,1.523,14.379
2026-09-27T21:18:01.000Z,1790543881.000,32.649726125,-117.202993256,2.577,244.585,233.885,238.616,227.916,10.7,-6.955,2.161,6.201,49.849,288.465,-1081,,1,1.265,13.121
2026-09-27T21:18:02.000Z,1790543882.000,32.649721088,-117.203005711,2.65,243.374,232.674,236.438,225.738,10.7,-6,5.689,6.202,52.472,288.91,-1082,,1,1.186,11.925
2026-09-27T21:18:03.000Z,1790543883.000,32.649715286,-117.203018774,2.695,243.055,232.355,231.786,221.086,10.7,-7.268,3.727,6.203,57.555,289.341,-1083,,1,1.04,10.571
2026-09-27T21:18:04.000Z,1790543884.000,32.649709072,-117.203030623,2.402,238.944,228.244,226.138,215.438,10.7,-6.2,6.462,6.204,63.627,289.765,-1084,,1,0.932,9.258
2026-09-27T21:18:05.000Z,1790543885.000,32.649703398,-117.203040653,2.171,227.297,216.597,220.907,210.207,10.7,-5.436,3.644,6.206,69.287,290.194,-1085,,1,1.113,8.14
2026-09-27T21:18:06.000Z,1790543886.000,32.649696768,-117.203052069,2.8,237.029,226.329,218.71,208.01,10.7,-2.534,3.059,6.207,71.897,290.607,-1086,,1,0.753,6.908
2026-09-27T21:18:07.000Z,1790543887.000,32.649686914,-117.203062453,2.965,219.722,209.022,210.527,199.827,10.7,-5.873,4.5,6.208,80.469,290.996,-1087,,1,1.396,5.458
2026-09-27T21:18:08.000Z,1790543888.000,32.649675175,-117.2030723,3.195,214.55,203.85,205.75,195.05,10.7,-4.115,4.715,6.209,85.673,291.423,-1088,,1,1.412,3.906
2026-09-27T21:18:09.000Z,1790543889.000,32.649663103,-117.203081085,3.162,212.209,201.509,199.189,188.489,10.7,-0.528,3.701,6.21,92.646,291.835,-1089,,1,1.131,2.451
2026-09-27T21:18:10.000Z,1790543890.000,32.649649443,-117.203086519,2.66,190.3,179.6,187.002,176.302,10.7,0.691,7.3,6.211,105.267,292.269,-1090,,1,1.586,1.284
2026-09-27T21:18:11.000Z,1790543891.000,32.649633663,-117.20308808,3.337,189.357,178.657,183.647,172.947,10.7,-4.47,4.157,6.212,109.044,292.691,-1091,,2,1.423,0.065
2026-09-27T21:18:12.000Z,1790543892.000,32.649617909,-117.203090966,3.517,190.342,179.642,176.063,165.363,10.7,-1.544,3.183,6.213,117.026,293.089,-1092,,2,1.442,1.31
2026-09-27T21:18:13.000Z,1790543893.000,32.649601863,-117.203094259,3.7,190.227,179.527,167.763,157.063,10.7,1.18,4.68,6.214,125.789,293.551,-1093,,2,1.521,2.497
2026-09-27T21:18:14.000Z,1790543894.000,32.649586067,-117.203094033,3.133,178.733,168.033,158.6,147.9,10.7,-3.8,3.5,6.216,135.35,293.95,-1094,,2,1.83,3.351
2026-09-27T21:18:15.000Z,1790543895.000,32.649571993,-117.203091164,3.138,172.342,161.642,151.702,141.002,10.7,-1.452,3.441,6.217,142.643,294.344,-1095,,2,2.103,4.005
2026-09-27T21:18:16.000Z,1790543896.000,32.649559755,-117.203084217,3.06,147.524,136.824,145.519,134.819,10.7,-1.421,5.797,6.218,149.223,294.742,-1096,,2,2.815,4.298
2026-09-27T21:18:17.000Z,1790543897.000,32.649547278,-117.203075116,3.035,145.1,134.4,145.868,135.168,10.7,-1.108,4.765,6.219,149.297,295.165,-1097,,2,2.839,4.982
2026-09-27T21:18:18.000Z,1790543898.000,32.649533133,-117.203065267,3.7,155.1,144.4,150.533,139.833,10.7,-4.533,3.167,6.22,145.088,295.622,-1098,,2,3.18,6.1
2026-09-27T21:18:19.000Z,1790543899.000,32.649517113,-117.203057835,3.8,159.928,149.228,150.043,139.343,10.7,-3.578,5.936,6.221,146.018,296.061,-1099,,2,3.089,7.135
2026-09-27T21:18:20.000Z,1790543900.000,32.649500387,-117.203051441,4.09,164.569,153.869,149.5,138.8,10.7,-2.022,3.453,6.222,146.953,296.453,-1100,,2,3.119,8.287
2026-09-27T21:18:21.000Z,1790543901.000,32.649483951,-117.203044246,3.619,160.113,149.413,149.73,139.03,10.7,-7.046,4.011,6.223,147.104,296.834,-1101,,2,2.931,9.425
2026-09-27T21:18:22.000Z,1790543902.000,32.649467296,-117.203036246,3.832,154.781,144.081,146.761,136.061,10.7,-5.532,3.985,6.224,150.485,297.245,-1102,,2,3.298,10.304
2026-09-27T21:18:23.000Z,1790543903.000,32.649451493,-117.203029078,3.503,160.796,150.096,146.666,135.966,10.7,-3.737,3.582,6.226,151.024,297.69,-1103,,2,2.809,11.362
2026-09-27T21:18:24.000Z,1790543904.000,32.649435675,-117.203023541,3.641,165.674,154.974,147.852,137.152,10.7,-4.521,2.38,6.227,150.332,298.184,-1104,,2,2.723,12.604
2026-09-27T21:18:25.000Z,1790543905.000,32.649420826,-117.203015794,3.638,153.877,143.177,145.262,134.562,10.7,-8.969,4.838,6.228,153.344,298.606,-1105,,2,3.156,13.357
2026-09-27T21:18:26.000Z,1790543906.000,32.649404839,-117.203010568,3.401,166.792,156.092,145.534,134.834,10.7,-3.369,1.203,6.229,153.454,298.988,-1106,,2,2.495,14.563
2026-09-27T21:18:27.000Z,1790543907.000,32.649389544,-117.203003885,3.561,157.806,147.106,144.235,133.535,10.7,-5.335,3.261,6.23,155.148,299.382,-1107,,2,2.958,15.509
2026-09-27T21:18:28.000Z,1790543908.000,32.649373802,-117.202995376,3.712,152.825,142.125,143.162,132.462,10.7,-4.676,2.588,6.231,156.642,299.804,-1108,,2,3.25,16.415
2026-09-27T21:18:29.000Z,1790543909.000,32.649358175,-117.202985629,3.763,147.674,136.974,142.489,131.789,10.7,-3.243,2.406,6.232,157.753,300.241,-1109,,2,3.443,17.275
2026-09-27T21:18:30.000Z,1790543910.000,32.649342872,-117.202975104,3.732,148.929,138.229,143.234,132.534,10.7,-2.035,2.471,6.233,157.401,300.635,-1110,,2,3.38,18.174
2026-09-27T21:18:31.000Z,1790543911.000,32.649327229,-117.202964628,3.675,148.077,137.377,141.613,130.913,10.7,-3.898,4.785,6.234,159.437,301.05,-1111,,2,3.351,18.923
2026-09-27T21:18:32.000Z,1790543912.000,32.649311053,-117.20295522,3.971,152.606,141.906,141.771,131.071,10.7,-2.656,2.694,6.236,159.716,301.487,-1112,,2,3.479,19.916
2026-09-27T21:18:33.000Z,1790543913.000,32.649293975,-117.202947006,4.037,156.595,145.895,141.821,131.121,10.7,-3.778,0.694,6.237,160.073,301.894,-1113,,2,3.39,21.046
2026-09-27T21:18:34.000Z,1790543914.000,32.649277516,-117.202938809,3.969,155.701,145.001,139.538,128.838,10.7,-3.135,1.699,6.238,162.744,302.282,-1114,,2,3.365,21.939
2026-09-27T21:18:35.000Z,1790543915.000,32.64926174,-117.202929172,3.774,150.61,139.91,138.81,128.11,10.7,-4.374,1.622,6.239,163.88,302.691,-1115,,2,3.363,22.813
2026-09-27T21:18:36.000Z,1790543916.000,32.649246358,-117.202919521,3.77,148.066,137.366,137.941,127.241,10.7,-1.53,-0.256,6.24,165.044,302.985,-1116,,2,3.432,23.64
2026-09-27T21:18:37.000Z,1790543917.000,32.649232557,-117.202909227,3.433,147.903,137.203,139.1,128.4,10.7,-2.33,1.533,6.241,163.952,303.052,-1117,,2,3.128,24.447
2026-09-27T21:18:38.000Z,1790543918.000,32.649218275,-117.202898666,3.5,148.609,137.909,137.661,126.961,10.7,-1.291,0.07,6.242,165.312,302.972,-1118,,2,3.17,25.079
2026-09-27T21:18:39.000Z,1790543919.000,32.649203855,-117.20288777,3.7,149.622,138.922,140.838,130.138,10.7,-1.9,0.554,6.243,161.966,302.804,-1119,,2,3.322,26.069
2026-09-27T21:18:40.000Z,1790543920.000,32.649187573,-117.202878629,3.908,159.413,148.713,152.156,141.457,10.7,-5.831,2.794,6.244,150.54,302.697,-1120,,2,3.162,27.924
2026-09-27T21:18:41.000Z,1790543921.000,32.649169147,-117.20287413,4.134,171.787,161.087,156.766,146.066,10.7,-3.903,-0.198,6.246,145.836,302.602,-1121,,2,2.743,29.696
2026-09-27T21:18:42.000Z,1790543922.000,32.649150465,-117.202869651,4.2,165.389,154.689,155.762,145.062,10.7,-5.137,1.362,6.247,146.78,302.542,-1122,,2,3.116,31.098
2026-09-27T21:18:43.000Z,1790543923.000,32.649131245,-117.20286367,4.238,162.523,151.823,153.966,143.266,10.7,-3.482,-0.575,6.248,148.497,302.464,-1123,,2,3.28,32.414
2026-09-27T21:18:44.000Z,1790543924.000,32.649111907,-117.202856772,4.3,159.678,148.978,149.622,138.922,10.7,-2.727,0.132,6.249,152.599,302.222,-1124,,2,3.457,33.503
2026-09-27T21:18:45.000Z,1790543925.000,32.6490936,-117.202849567,4.133,162.1,151.4,147.5,136.8,10.7,-2.7,-0.1,6.25,154.195,301.695,-1125,,2,3.214,34.639
2026-09-27T21:18:46.000Z,1790543926.000,32.649076017,-117.202841915,4.1,157.054,146.354,145.363,134.663,10.7,-4.085,0.724,6.251,155.359,300.722,-1126,,2,3.4,35.68
2026-09-27T21:18:47.000Z,1790543927.000,32.649059041,-117.202833205,4.1,157.446,146.746,142.768,132.068,10.7,-1.638,-0.105,6.252,156.952,299.719,-1127,,2,3.383,36.573
2026-09-27T21:18:48.000Z,1790543928.000,32.649042994,-117.202823563,3.934,152.794,142.094,139.6,128.9,10.7,-3.265,-0.367,6.253,159.083,298.683,-1128,,2,3.414,37.282
2026-09-27T21:18:49.000Z,1790543929.000,32.649026036,-117.202813787,4.363,154.596,143.896,140.56,129.86,10.7,-6.603,-1.157,6.254,157.205,297.764,-1129,,2,3.715,38.39
2026-09-27T21:18:50.000Z,1790543930.000,32.649008003,-117.202803433,4.436,153.058,142.358,140.236,129.536,10.7,-9.374,1.491,6.256,156.579,296.815,-1130,,2,3.836,39.465
2026-09-27T21:18:51.000Z,1790543931.000,32.648988388,-117.202793076,4.5,153.609,142.909,140.159,129.459,10.7,-4.653,-1.147,6.257,155.899,296.058,-1131,,2,3.867,40.703
2026-09-27T21:18:52.000Z,1790543932.000,32.64896875,-117.202782975,4.768,156.493,145.793,142.039,131.339,10.7,-4.875,-1.043,6.258,153.262,295.301,-1132,,2,3.967,42.11
2026-09-27T21:18:53.000Z,1790543933.000,32.648948279,-117.202771393,4.734,152.445,141.745,141.203,130.503,10.7,-7.669,0.528,6.259,153.289,294.493,-1133,,2,4.112,43.303
2026-09-27T21:18:54.000Z,1790543934.000,32.648928465,-117.202759337,4.776,150.785,140.085,135.817,125.117,10.7,-1.827,-0.624,6.26,157.707,293.524,-1134,,2,4.214,44.052
2026-09-27T21:18:55.000Z,1790543935.000,32.648910499,-117.202743346,4.608,143.356,132.656,133.939,123.239,10.7,-2.686,-0.047,6.261,158.492,292.431,-1135,,2,4.312,44.696
2026-09-27T21:18:56.000Z,1790543936.000,32.648893816,-117.202727183,4.702,136.997,126.297,132.831,122.131,10.7,-3.634,1.105,6.262,158.549,291.38,-1136,,2,4.555,45.275
2026-09-27T21:18:57.000Z,1790543937.000,32.64887671,-117.202712498,4.563,144.898,134.198,130.85,120.15,10.7,-0.963,-0.262,6.263,159.487,290.336,-1137,,2,4.222,45.901
2026-09-27T21:18:58.000Z,1790543938.000,32.6488607,-117.2026982,4.238,139.637,128.937,127.852,117.152,10.7,-0.683,-0.652,6.264,161.483,289.334,-1138,,2,4.052,46.363
2026-09-27T21:18:59.000Z,1790543939.000,32.64884597,-117.20268357,4.031,140.288,129.588,128.138,117.438,10.7,-5.718,0.42,6.266,160.373,288.511,-1139,,2,3.84,46.957
2026-09-27T21:19:00.000Z,1790543940.000,32.648830233,-117.202668733,4.567,140.267,129.567,129.033,118.333,10.7,-5.067,0.6,6.267,158.791,287.824,-1140,,2,4.35,47.681
2026-09-27T21:19:01.000Z,1790543941.000,32.648813005,-117.20265127,5.065,141.642,130.942,131.365,120.665,10.7,-5.258,-0.082,6.268,155.857,287.222,-1141,,2,4.785,48.518
2026-09-27T21:19:02.000Z,1790543942.000,32.648794042,-117.202634822,5.09,143.109,132.409,129.26,118.56,10.7,-3.29,-0.1,6.269,157.433,286.693,-1142,,2,4.763,49.209
2026-09-27T21:19:03.000Z,1790543943.000,32.648775202,-117.202618837,5,141.131,130.431,127.63,116.93,10.7,-3.303,0.265,6.27,158.413,286.043,-1143,,2,4.736,49.952
2026-09-27T21:19:04.000Z,1790543944.000,32.648756598,-117.202602396,4.997,141.304,130.604,126.868,116.168,10.7,-4.892,0.2,6.271,158.523,285.391,-1144,,2,4.728,50.719
2026-09-27T21:19:05.000Z,1790543945.000,32.648738312,-117.202585438,4.75,141.813,131.113,128.275,117.575,10.7,-6.125,1.213,6.272,156.655,284.93,-1145,,2,4.478,51.605
2026-09-27T21:19:06.000Z,1790543946.000,32.648719804,-117.202568065,4.93,139.412,128.712,127.622,116.922,10.7,-1.843,-1.174,6.273,157.161,284.782,-1146,,2,4.712,52.322
2026-09-27T21:19:07.000Z,1790543947.000,32.648703404,-117.202549737,5.04,137.01,126.31,127.005,116.305,10.7,-2.952,-0.113,6.274,157.69,284.696,-1147,,2,4.875,52.799
2026-09-27T21:19:08.000Z,1790543948.000,32.64868794,-117.202532023,4.335,133.15,122.45,126.27,115.57,10.7,-3.629,1.061,6.276,158.341,284.611,-1148,,2,4.257,53.213
2026-09-27T21:19:09.000Z,1790543949.000,32.648672117,-117.202515541,4.624,142.225,131.525,126.938,116.238,10.7,-2.804,-1.086,6.277,157.758,284.696,-1149,,2,4.345,53.839
2026-09-27T21:19:10.000Z,1790543950.000,32.64865654,-117.202499401,4.491,137.009,126.309,126.191,115.491,10.7,-3.888,0.948,6.278,158.622,284.813,-1150,,2,4.342,54.346
2026-09-27T21:19:11.000Z,1790543951.000,32.64864095,-117.202483615,4.532,142.016,131.316,125.434,114.734,10.7,-3.938,-0.598,6.279,159.573,285.007,-1151,,2,4.263,54.873
2026-09-27T21:19:12.000Z,1790543952.000,32.648624165,-117.202469137,4.662,143.284,132.584,124.762,114.062,10.7,-4.762,0.09,6.28,160.295,285.057,-1152,,2,4.348,55.585
2026-09-27T21:19:13.000Z,1790543953.000,32.648606837,-117.202453237,4.962,142.233,131.533,125.2,114.5,10.7,-4.611,-1.009,6.281,159.768,284.968,-1153,,2,4.659,56.361
2026-09-27T21:19:14.000Z,1790543954.000,32.648589279,-117.202434002,5.137,135.433,124.733,124.3,113.6,10.7,-6.083,1.514,6.282,160.606,284.906,-1154,,2,4.997,56.872
2026-09-27T21:19:15.000Z,1790543955.000,32.64857195,-117.202413154,5.032,136.3,125.6,127.697,116.997,10.7,-4.198,-0.937,6.283,157.186,284.883,-1155,,2,4.877,57.626
2026-09-27T21:19:16.000Z,1790543956.000,32.64855475,-117.20239375,5.1,137.141,126.441,130.046,119.346,10.7,-3.931,-0.13,6.284,154.798,284.843,-1156,,2,4.923,58.358
2026-09-27T21:19:17.000Z,1790543957.000,32.648537539,-117.202375027,4.717,137.472,126.772,130.071,119.371,10.7,-4.912,0.9,6.286,154.818,284.888,-1157,,2,4.546,58.94
2026-09-27T21:19:18.000Z,1790543958.000,32.648521296,-117.202359264,4.232,142.333,131.633,130.096,119.396,10.7,-3.664,-0.125,6.287,154.894,284.991,-1158,,2,3.967,59.591
2026-09-27T21:19:19.000Z,1790543959.000,32.648505604,-117.2023434,4.434,138.676,127.976,129.631,118.931,10.7,-5.814,-0.793,6.288,155.343,284.974,-1159,,2,4.246,60.146
2026-09-27T21:19:20.000Z,1790543960.000,32.648489267,-117.202330132,4.263,149.192,138.492,128.461,117.761,10.7,-3.298,0.724,6.289,156.275,284.736,-1160,,2,3.787,60.842
2026-09-27T21:19:21.000Z,1790543961.000,32.648472101,-117.20231581,4.539,140.309,129.609,127.021,116.321,10.7,-5.624,0.576,6.29,157.252,284.274,-1161,,2,4.305,61.535
2026-09-27T21:19:22.000Z,1790543962.000,32.648454264,-117.202300491,5.066,143.939,133.239,128.227,117.527,10.7,-6.039,-1.785,6.291,155.444,283.671,-1162,,2,4.692,62.451
2026-09-27T21:19:23.000Z,1790543963.000,32.648436678,-117.202282517,5,136.961,126.261,130.396,119.696,10.7,-9.523,2.092,6.292,152.695,283.091,-1163,,2,4.825,63.28
2026-09-27T21:19:24.000Z,1790543964.000,32.648417365,-117.202262902,5.413,138.025,127.325,131.313,120.613,10.7,-4.975,-0.914,6.293,151.481,282.794,-1164,,2,5.194,64.079
2026-09-27T21:19:25.000Z,1790543965.000,32.648397807,-117.202243307,5.359,141.26,130.56,127.386,116.686,10.7,-0.486,-0.541,6.294,155.385,282.771,-1165,,2,5.049,64.51
2026-09-27T21:19:26.000Z,1790543966.000,32.648379839,-117.202225472,4.9,139.528,128.828,124.534,113.834,10.7,-2.033,-0.299,6.296,158.269,282.803,-1166,,2,4.663,64.975
2026-09-27T21:19:27.000Z,1790543967.000,32.648362961,-117.202208447,4.724,140.575,129.875,123.276,112.576,10.7,-5.235,0.638,6.297,159.543,282.819,-1167,,2,4.468,65.513
2026-09-27T21:19:28.000Z,1790543968.000,32.648345322,-117.202191851,4.771,135.859,125.159,125.285,114.585,10.7,-7.554,-0.729,6.298,157.526,282.81,-1168,,2,4.624,66.408
2026-09-27T21:19:29.000Z,1790543969.000,32.648329112,-117.202174476,5.309,142.361,131.661,126.536,115.836,10.7,-6.013,-1.236,6.299,156.057,282.594,-1169,,2,4.962,67.069
2026-09-27T21:19:30.000Z,1790543970.000,32.648312506,-117.202156139,4.766,135.295,124.595,125.534,114.834,10.7,-3.733,0.135,6.3,156.589,282.123,-1170,,2,4.629,67.533
2026-09-27T21:19:31.000Z,1790543971.000,32.648297311,-117.202136298,5.008,135.132,124.432,125.543,114.843,10.7,-0.323,-0.415,6.301,155.847,281.391,-1171,,2,4.866,67.87
2026-09-27T21:19:32.000Z,1790543972.000,32.648282519,-117.202115799,4.971,127.948,117.248,123.241,112.541,10.7,-0.766,-1.42,6.302,157.326,280.568,-1172,,2,4.939,67.947
2026-09-27T21:19:33.000Z,1790543973.000,32.648269482,-117.202095771,4.702,127.698,116.998,122.998,112.298,10.7,-5.467,0.7,6.303,156.969,279.967,-1173,,2,4.674,68.056
2026-09-27T21:19:34.000Z,1790543974.000,32.648255271,-117.202077114,4.443,132.202,121.502,122.527,111.827,10.7,-2.5,-1.096,6.304,156.912,279.439,-1174,,2,4.365,68.326
2026-09-27T21:19:35.000Z,1790543975.000,32.648238784,-117.202058784,5.119,138.679,127.979,124.302,113.602,10.7,-6.823,-1.042,6.306,154.712,279.015,-1175,,2,4.888,69.005
2026-09-27T21:19:36.000Z,1790543976.000,32.648220161,-117.202041622,5.07,142.327,131.627,123.73,113.03,10.7,-8.767,0.252,6.307,155.02,278.75,-1176,,2,4.734,69.75
2026-09-27T21:19:37.000Z,1790543977.000,32.648201245,-117.202024016,5.302,142.442,131.742,125.064,114.364,10.7,-7.595,0.403,6.308,153.514,278.578,-1177,,2,4.945,70.654
2026-09-27T21:19:38.000Z,1790543978.000,32.648182737,-117.202006565,5.1,141.059,130.359,123.136,112.436,10.7,-5.125,-0.336,6.309,155.455,278.591,-1178,,2,4.799,71.264
2026-09-27T21:19:39.000Z,1790543979.000,32.648165321,-117.201989058,4.938,136.602,125.902,122.262,111.562,10.7,-4.913,-0.3,6.31,156.561,278.823,-1179,,2,4.762,71.856
2026-09-27T21:19:40.000Z,1790543980.000,32.648149028,-117.201971256,4.732,132.178,121.478,120.428,109.728,10.7,-2.739,-0.739,6.311,158.629,279.058,-1180,,2,4.646,72.253
2026-09-27T21:19:41.000Z,1790543981.000,32.64813412,-117.201953358,4.666,132.89,122.19,118.802,108.102,10.7,-3.668,-0.6,6.312,160.541,279.343,-1181,,2,4.569,72.534
2026-09-27T21:19:42.000Z,1790543982.000,32.648120014,-117.201933493,4.729,125.562,114.862,117.9,107.2,10.7,-5.38,-0.371,6.313,161.709,279.609,-1182,,2,4.715,72.696
2026-09-27T21:19:43.000Z,1790543983.000,32.648106671,-117.201909777,5.129,128.946,118.246,120.887,110.187,10.7,-6.855,-0.074,6.314,158.986,279.873,-1183,,2,5.082,72.898
2026-09-27T21:19:44.000Z,1790543984.000,32.648092799,-117.201886981,5.032,125.95,115.25,120.239,109.539,10.7,-2.525,-0.307,6.316,159.824,280.064,-1184,,2,5.015,72.903
2026-09-27T21:19:45.000Z,1790543985.000,32.648077493,-117.20186623,4.768,134.013,123.313,122.663,111.963,10.7,-2.637,-0.666,6.317,157.545,280.208,-1185,,2,4.648,73.397
2026-09-27T21:19:46.000Z,1790543986.000,32.648061182,-117.201847637,4.839,135.579,124.879,124.828,114.128,10.7,-8.917,-0.245,6.318,155.238,280.066,-1186,,2,4.685,74.078
2026-09-27T21:19:47.000Z,1790543987.000,32.648043616,-117.201829795,4.87,141.47,130.77,127.579,116.879,10.7,-11.619,-0.351,6.319,152.538,280.117,-1187,,2,4.564,74.96
2026-09-27T21:19:48.000Z,1790543988.000,32.64802486,-117.201814895,4.933,147.795,137.095,130.267,119.567,10.7,-7.432,-1.268,6.32,149.769,280.036,-1188,,2,4.403,76.102
2026-09-27T21:19:49.000Z,1790543989.000,32.648005965,-117.201800549,4.87,147.73,137.03,130.505,119.805,10.7,-5.511,0.535,6.321,149.534,280.039,-1189,,2,4.347,77.088
2026-09-27T21:19:50.000Z,1790543990.000,32.647988502,-117.201785427,4.662,143.989,133.289,128.788,118.088,10.7,-4.45,-0.288,6.322,151.528,280.316,-1190,,2,4.289,77.743
2026-09-27T21:19:51.000Z,1790543991.000,32.647972199,-117.201769137,4.669,138.998,128.298,125.331,114.631,10.7,-1.851,-2.349,6.323,155.14,280.472,-1191,,2,4.437,78.089
2026-09-27T21:19:52.000Z,1790543992.000,32.647956128,-117.201750427,5.066,130.206,119.506,123.401,112.701,10.7,-6.668,-0.102,6.324,157.341,280.742,-1192,,2,4.999,78.409
2026-09-27T21:19:53.000Z,1790543993.000,32.647939131,-117.201729846,5.392,134.762,124.062,126.148,115.448,10.7,-6.304,-1.036,6.326,154.869,281.017,-1193,,2,5.233,79.093
2026-09-27T21:19:54.000Z,1790543994.000,32.647920132,-117.201708561,5.6,139.497,128.797,129.826,119.126,10.7,-7.274,-0.474,6.327,151.438,281.264,-1194,,2,5.303,79.998
2026-09-27T21:19:55.000Z,1790543995.000,32.647901221,-117.20169006,5.232,141.575,130.875,129.268,118.568,10.7,-4.489,-0.275,6.328,152.233,281.501,-1195,,2,4.889,80.701
2026-09-27T21:19:56.000Z,1790543996.000,32.647882918,-117.201674147,4.666,146.02,135.32,126.937,116.237,10.7,-2.766,-0.466,6.329,154.653,281.59,-1196,,2,4.217,81.341
2026-09-27T21:19:57.000Z,1790543997.000,32.64786568,-117.201658908,4.529,142.473,131.773,124.107,113.407,10.7,-7.657,-0.571,6.33,157.299,281.406,-1197,,2,4.204,81.879
2026-09-27T21:19:58.000Z,1790543998.000,32.647847755,-117.201641879,5.038,137.348,126.648,122.993,112.293,10.7,-5.838,-0.662,6.331,157.996,280.989,-1198,,2,4.824,82.524
2026-09-27T21:19:59.000Z,1790543999.000,32.64783095,-117.201623686,4.966,137.157,126.457,123.432,112.732,10.7,-5.875,-0.132,6.332,156.995,280.428,-1199,,2,4.759,83.131
2026-09-27T21:20:00.000Z,1790544000.000,32.647814304,-117.201604842,4.903,135.244,124.544,122.438,111.738,10.7,-2.01,-0.734,6.333,157.605,280.043,-1200,,2,4.743,83.572
2026-09-27T21:20:01.000Z,1790544001.000,32.647799294,-117.201585247,4.962,130.107,119.407,120.462,109.762,10.7,-2.989,-0.836,6.334,159.298,279.76,-1201,,2,4.893,83.744
2026-09-27T21:20:02.000Z,1790544002.000,32.647785362,-117.201564098,4.8,124.405,113.705,120.164,109.464,10.7,-4.446,-0.205,6.336,159.475,279.639,-1202,,2,4.789,83.87
2026-09-27T21:20:03.000Z,1790544003.000,32.647771572,-117.201541807,5.033,128.067,117.366,121.534,110.834,10.7,-4.702,0.364,6.337,158.235,279.769,-1203,,2,4.989,84.058
2026-09-27T21:20:04.000Z,1790544004.000,32.647757232,-117.201520272,4.851,130.793,120.093,120.638,109.938,10.7,-2.266,-1.589,6.338,159.187,279.825,-1204,,2,4.772,84.153
2026-09-27T21:20:05.000Z,1790544005.000,32.6477422,-117.201499519,5.184,132.916,122.216,117.958,107.258,10.7,-2.829,0.203,6.339,161.915,279.873,-1205,,2,5.062,84.209
2026-09-27T21:20:06.000Z,1790544006.000,32.647726985,-117.201480501,4.632,130.932,120.232,117.258,106.558,10.7,-4.021,-0.895,6.34,162.487,279.745,-1206,,2,4.554,84.535
2026-09-27T21:20:07.000Z,1790544007.000,32.647713488,-117.201460004,4.732,127.72,117.02,114.471,103.771,10.7,-6.1,-0.871,6.341,164.979,279.45,-1207,,2,4.693,84.457
2026-09-27T21:20:08.000Z,1790544008.000,32.647700824,-117.201438892,4.938,126.486,115.786,113.024,102.324,10.7,-3.52,-1.61,6.342,166.189,279.213,-1208,,2,4.91,84.378
2026-09-27T21:20:09.000Z,1790544009.000,32.647688294,-117.201417757,4.74,121.106,110.406,111.5,100.8,10.7,-1.598,0.26,6.343,167.459,278.959,-1209,,2,4.739,84.281
2026-09-27T21:20:10.000Z,1790544010.000,32.647676512,-117.201397652,4.202,128.981,118.281,112.302,101.602,10.7,-4.468,-0.169,6.344,166.458,278.76,-1210,,2,4.155,84.353
2026-09-27T21:20:11.000Z,1790544011.000,32.647664166,-117.201378678,4.239,126.337,115.637,109.004,98.304,10.7,-2.535,-1.735,6.346,169.864,278.868,-1211,,2,4.216,84.215
2026-09-27T21:20:12.000Z,1790544012.000,32.647652968,-117.201359547,4.4,122.877,112.177,106.487,95.787,10.7,-5.574,-1.234,6.347,172.8,279.286,-1212,,2,4.396,84.027
2026-09-27T21:20:13.000Z,1790544013.000,32.647642065,-117.201338788,4.331,119.682,108.982,105.72,95.02,10.7,-4.169,0.906,6.348,174.327,280.047,-1213,,2,4.331,83.863
2026-09-27T21:20:14.000Z,1790544014.000,32.64763204,-117.20131798,4.267,120.074,109.374,105.766,95.066,10.7,-3.567,-0.735,6.349,175.218,280.985,-1214,,2,4.267,83.678
2026-09-27T21:20:15.000Z,1790544015.000,32.647622219,-117.201297939,4.2,120.915,110.215,105.436,94.736,10.7,-2.644,-0.184,6.35,176.379,281.815,-1215,,2,4.2,83.486
2026-09-27T21:20:16.000Z,1790544016.000,32.6476129,-117.201277224,4.312,115.053,104.353,104.988,94.288,10.7,-3.959,-0.341,6.351,177.477,282.465,-1216,,2,4.293,83.203
2026-09-27T21:20:17.000Z,1790544017.000,32.647605106,-117.201254785,4.595,111.006,100.306,107.589,96.889,10.7,-11.358,-0.805,6.352,175.546,283.135,-1217,,2,4.533,82.924
2026-09-27T21:20:18.000Z,1790544018.000,32.647596375,-117.201232489,4.469,115.688,104.988,113.129,102.429,10.7,-11.699,0.363,6.353,170.801,283.931,-1218,,2,4.454,82.973
2026-09-27T21:20:19.000Z,1790544019.000,32.647585664,-117.201211702,4.375,124.66,113.96,118.549,107.849,10.7,-7.225,-1.138,6.354,165.824,284.373,-1219,,2,4.363,83.283
2026-09-27T21:20:20.000Z,1790544020.000,32.647573858,-117.201193022,4.27,124.327,113.627,124.457,113.757,10.7,-9.876,-0.391,6.356,160.403,284.861,-1220,,2,4.259,83.848
2026-09-27T21:20:21.000Z,1790544021.000,32.647561537,-117.201177775,3.865,143.405,132.705,128.003,117.303,10.7,-11.92,-0.635,6.357,157.152,285.155,-1221,,2,3.555,84.453
2026-09-27T21:20:22.000Z,1790544022.000,32.647548135,-117.201165855,3.734,155.817,145.117,130.086,119.386,10.7,-11.469,0.638,6.358,155.278,285.364,-1222,,2,3.038,85.215
2026-09-27T21:20:23.000Z,1790544023.000,32.64753188,-117.201158037,3.778,153.865,143.165,133.045,122.345,10.7,-7.173,-1.494,6.359,152.613,285.658,-1223,,2,3.144,86.525
2026-09-27T21:20:24.000Z,1790544024.000,32.647513762,-117.201146891,4.531,152.969,142.269,133.426,122.726,10.7,-8.06,-1.531,6.36,152.739,286.165,-1224,,2,3.807,87.621
2026-09-27T21:20:25.000Z,1790544025.000,32.647495739,-117.201133805,4.567,143.433,132.734,126.869,116.169,10.7,-4.566,0.501,6.361,159.818,286.687,-1225,,2,4.194,88.046
2026-09-27T21:20:26.000Z,1790544026.000,32.647478547,-117.201119258,4.389,145.069,134.369,125.465,114.765,10.7,-1.165,-0.24,6.362,161.73,287.194,-1226,,2,3.977,88.732
2026-09-27T21:20:27.000Z,1790544027.000,32.647461758,-117.201102918,4.57,138.04,127.34,124.91,114.21,10.7,-5.93,-0.79,6.363,162.886,287.796,-1227,,2,4.346,89.355
2026-09-27T21:20:28.000Z,1790544028.000,32.647445721,-117.201086144,4.6,134.085,123.385,123.254,112.554,10.7,-6.051,0.151,6.364,165.061,288.315,-1228,,2,4.461,89.797
2026-09-27T21:20:29.000Z,1790544029.000,32.647431709,-117.20106558,4.8,129.524,118.824,119.169,108.469,10.7,-2.668,-0.268,6.366,169.456,288.626,-1229,,2,4.734,89.655
2026-09-27T21:20:30.000Z,1790544030.000,32.64742029,-117.201044218,4.438,121.556,110.856,117.462,106.762,10.7,0.75,-1.5,6.367,171.401,288.863,-1230,,2,4.436,89.427
2026-09-27T21:20:31.000Z,1790544031.000,32.647410643,-117.201023506,3.94,117.821,107.121,117.11,106.41,10.7,-4.768,-0.098,6.368,171.779,288.889,-1231,,2,3.937,89.18
2026-09-27T21:20:32.000Z,1790544032.000,32.647400422,-117.201006016,3.967,126.444,115.744,117.197,106.497,10.7,-3.463,-0.23,6.369,171.515,288.712,-1232,,2,3.942,89.193
2026-09-27T21:20:33.000Z,1790544033.000,32.647389649,-117.200990096,3.623,130.473,119.773,115.854,105.154,10.7,-5.876,0.707,6.37,172.267,288.122,-1233,,2,3.562,89.225
2026-09-27T21:20:34.000Z,1790544034.000,32.647377648,-117.200975786,3.638,141.524,130.824,114.717,104.017,10.7,-3.927,-0.493,6.371,172.86,287.577,-1234,,2,3.383,89.471
2026-09-27T21:20:35.000Z,1790544035.000,32.64736489,-117.200961048,3.832,135.226,124.526,112.426,101.726,10.7,-2.832,-0.963,6.372,174.672,287.098,-1235,,2,3.696,89.673
2026-09-27T21:20:36.000Z,1790544036.000,32.647352829,-117.200944327,4.167,131.823,121.123,113.002,102.302,10.7,-6.299,-1.501,6.373,173.857,286.859,-1236,,2,4.077,89.934
2026-09-27T21:20:37.000Z,1790544037.000,32.647339062,-117.200925292,4.648,129.442,118.742,115.935,105.235,10.7,-4.627,-0.827,6.374,170.829,286.763,-1237,,2,4.584,90.416
2026-09-27T21:20:38.000Z,1790544038.000,32.647326269,-117.200903571,4.83,121.28,110.58,116.893,106.193,10.7,-3.582,-0.452,6.376,169.908,286.801,-1238,,2,4.828,90.509
2026-09-27T21:20:39.000Z,1790544039.000,32.6473148,-117.2008838,4.333,123.9,113.2,119.367,108.667,10.7,-2.967,1.333,6.377,167.551,286.918,-1239,,2,4.322,90.707
2026-09-27T21:20:40.000Z,1790544040.000,32.647303194,-117.20086677,3.735,128.858,118.158,121.431,110.731,10.7,-3.842,-0.596,6.378,165.485,286.916,-1240,,2,3.688,91.031
2026-09-27T21:20:41.000Z,1790544041.000,32.64729193,-117.200852457,3.613,134.592,123.892,122.498,111.798,10.7,-6.421,-1.475,6.379,164.346,286.844,-1241,,2,3.493,91.387
2026-09-27T21:20:42.000Z,1790544042.000,32.647279534,-117.200838474,3.84,139.671,128.971,127.072,116.372,10.7,-13.587,-0.153,6.38,159.715,286.787,-1242,,2,3.61,92.15
2026-09-27T21:20:43.000Z,1790544043.000,32.647265886,-117.200827088,3.566,145.18,134.48,129.034,118.334,10.7,-8.598,0.436,6.381,157.498,286.532,-1243,,2,3.218,92.952
2026-09-27T21:20:44.000Z,1790544044.000,32.647251762,-117.200814948,3.924,142.143,131.443,129.886,119.186,10.7,-5.369,-1.148,6.382,156.284,286.171,-1244,,2,3.625,93.668
2026-09-27T21:20:45.000Z,1790544045.000,32.647237542,-117.200802949,3.532,148.295,137.595,130.2,119.5,10.7,-3.739,0.007,6.383,155.679,285.879,-1245,,2,3.098,94.357
2026-09-27T21:20:46.000Z,1790544046.000,32.647222075,-117.20079076,3.994,150.637,139.937,132.543,121.843,10.7,-5.646,-2.006,6.384,153.022,285.565,-1246,,2,3.42,95.314
2026-09-27T21:20:47.000Z,1790544047.000,32.647206496,-117.200777996,4.2,140.301,129.601,128.806,118.106,10.7,-6.316,0.828,6.386,156.449,285.255,-1247,,2,3.926,95.76
2026-09-27T21:20:48.000Z,1790544048.000,32.647191492,-117.200764527,4.006,140.938,130.238,126.977,116.277,10.7,-4.377,-1.865,6.387,158.099,285.076,-1248,,2,3.728,96.269
2026-09-27T21:20:49.000Z,1790544049.000,32.647177342,-117.200749113,4,139.598,128.898,126.571,115.871,10.7,-6.229,0.358,6.388,158.462,285.033,-1249,,2,3.755,96.711
2026-09-27T21:20:50.000Z,1790544050.000,32.647163227,-117.200734486,3.995,136.289,125.589,124.732,114.032,10.7,-3.273,-1.505,6.389,160.251,284.983,-1250,,2,3.823,97.076
2026-09-27T21:20:51.000Z,1790544051.000,32.647149893,-117.200719664,3.897,137.1,126.4,124.634,113.934,10.7,-6.134,-0.06,6.39,160.308,284.943,-1251,,2,3.712,97.501
2026-09-27T21:20:52.000Z,1790544052.000,32.647135905,-117.200704281,4.162,139.353,128.653,125.171,114.471,10.7,-7.005,0.271,6.391,159.658,284.829,-1252,,2,3.91,98.007
2026-09-27T21:20:53.000Z,1790544053.000,32.64712064,-117.20068823,4.2,139.49,128.79,126.71,116.01,10.7,-3.96,-0.95,6.392,158.174,284.884,-1253,,2,3.942,98.676
2026-09-27T21:20:54.000Z,1790544054.000,32.647106261,-117.200672862,4.266,142.399,131.699,124,113.3,10.7,-4.862,-0.902,6.393,160.466,284.466,-1254,,2,3.923,98.955
2026-09-27T21:20:55.000Z,1790544055.000,32.647092873,-117.200659448,3.75,138.834,128.134,121.2,110.5,10.7,-5.051,0.625,6.394,162.939,284.139,-1255,,2,3.533,99.24
2026-09-27T21:20:56.000Z,1790544056.000,32.647079816,-117.200644491,4.025,134.861,124.161,122.475,111.775,10.7,-5.074,-1.139,6.396,161.303,283.778,-1256,,2,3.875,99.743
2026-09-27T21:20:57.000Z,1790544057.000,32.647065969,-117.2006277,4.4,140.132,129.432,123.031,112.331,10.7,-6.662,-0.169,6.397,160.335,283.366,-1257,,2,4.109,100.163
2026-09-27T21:20:58.000Z,1790544058.000,32.647052855,-117.200608933,4.403,130.766,120.066,122.534,111.834,10.7,-4.068,-0.079,6.398,160.444,282.978,-1258,,2,4.312,100.325
2026-09-27T21:20:59.000Z,1790544059.000,32.647039904,-117.200590484,4.372,131.301,120.601,123.741,113.041,10.7,-4.495,-1.492,6.399,158.868,282.609,-1259,,2,4.273,100.627
2026-09-27T21:21:00.000Z,1790544060.000,32.647025407,-117.200574919,4.1,142.464,131.764,122.646,111.946,10.7,-3.041,0.576,6.4,159.684,282.33,-1260,,2,3.763,101.038
2026-09-27T21:21:01.000Z,1790544061.000,32.647011214,-117.200560312,4.035,139.422,128.722,123.935,113.235,10.7,-8.3,-0.329,6.401,158.281,282.216,-1261,,2,3.782,101.665
2026-09-27T21:21:02.000Z,1790544062.000,32.646996471,-117.200546476,4.065,142.189,131.489,123.665,112.965,10.7,-8.757,-0.208,6.402,158.54,282.205,-1262,,2,3.737,102.257
2026-09-27T21:21:03.000Z,1790544063.000,32.646981491,-117.200531586,4.4,133.8,123.1,123.278,112.578,10.7,-5.466,-0.451,6.403,158.737,282.015,-1263,,2,4.253,102.805
2026-09-27T21:21:04.000Z,1790544064.000,32.646967771,-117.20051478,4.131,127.658,116.958,122.862,112.162,10.7,-3.338,-0.054,6.404,159.129,281.991,-1264,,2,4.083,103.133
2026-09-27T21:21:05.000Z,1790544065.000,32.646955292,-117.200498589,3.866,130.417,119.717,122.167,111.467,10.7,-3.535,-0.267,6.406,159.63,281.797,-1265,,2,3.788,103.358
2026-09-27T21:21:06.000Z,1790544066.000,32.64694194,-117.200482914,4.235,133.526,122.826,123.3,112.6,10.7,-3.939,-1.048,6.407,158.288,281.588,-1266,,2,4.097,103.839
2026-09-27T21:21:07.000Z,1790544067.000,32.64692765,-117.200467088,4.2,136.155,125.455,125.293,114.593,10.7,-7.39,-1.54,6.408,156.109,281.403,-1267,,2,4.009,104.467
2026-09-27T21:21:08.000Z,1790544068.000,32.646912444,-117.200449894,4.4,132.5,121.8,124.525,113.825,10.7,-5.95,0.869,6.409,156.733,281.258,-1268,,2,4.274,104.883
2026-09-27T21:21:09.000Z,1790544069.000,32.646897991,-117.200432993,4.371,136.508,125.808,123.105,112.405,10.7,-3.497,0.063,6.41,158.033,281.138,-1269,,2,4.163,105.192
2026-09-27T21:21:10.000Z,1790544070.000,32.646883117,-117.200417145,4.272,140.207,129.507,122.9,112.2,10.7,-3.012,-0.844,6.411,158.02,280.92,-1270,,2,3.975,105.694
2026-09-27T21:21:11.000Z,1790544071.000,32.646867918,-117.200402349,4.27,145.706,135.006,125.441,114.741,10.7,-7.789,-1.251,6.412,155.279,280.72,-1271,,2,3.803,106.504
2026-09-27T21:21:12.000Z,1790544072.000,32.646851973,-117.200388877,4.265,137.908,127.208,124.939,114.239,10.7,-7.179,-0.087,6.413,155.816,280.755,-1272,,2,4.025,107.207
2026-09-27T21:21:13.000Z,1790544073.000,32.646837275,-117.200373975,4.137,139.744,129.044,123.633,112.933,10.7,-6.196,0.748,6.414,157.254,280.887,-1273,,2,3.858,107.654
2026-09-27T21:21:14.000Z,1790544074.000,32.646822918,-117.200359635,3.917,138.957,128.257,120.796,110.096,10.7,-0.192,-0.939,6.416,160.376,281.171,-1274,,2,3.671,107.976
2026-09-27T21:21:15.000Z,1790544075.000,32.646810144,-117.200343871,3.932,132.716,122.016,121.173,110.473,10.7,-5.008,-0.068,6.417,160.329,281.502,-1275,,2,3.812,108.337
2026-09-27T21:21:16.000Z,1790544076.000,32.646797307,-117.20032673,4.53,126.593,115.893,123.786,113.086,10.7,-8.747,-1.091,6.418,157.912,281.698,-1276,,2,4.485,108.813
2026-09-27T21:21:17.000Z,1790544077.000,32.646783483,-117.200309401,4.5,136.925,126.225,126.939,116.239,10.7,-4.828,0.282,6.419,155.002,281.942,-1277,,2,4.267,109.412
2026-09-27T21:21:18.000Z,1790544078.000,32.646769557,-117.200292297,4.12,138.589,127.889,126.06,115.36,10.7,-3.26,-0.2,6.42,156.337,282.397,-1278,,2,3.867,109.706
2026-09-27T21:21:19.000Z,1790544079.000,32.646755285,-117.200276821,4.1,139.495,128.795,123.702,113.002,10.7,-2.894,-0.53,6.421,158.972,282.674,-1279,,2,3.824,109.998
2026-09-27T21:21:20.000Z,1790544080.000,32.646741919,-117.200261661,3.935,133.859,123.159,124.265,113.565,10.7,-9.064,0.223,6.422,158.579,282.843,-1280,,2,3.792,110.461
2026-09-27T21:21:21.000Z,1790544081.000,32.6467273,-117.200246988,4.225,142.663,131.963,126.537,115.838,10.7,-5.287,-1.575,6.423,156.331,282.869,-1281,,2,3.848,111.204
2026-09-27T21:21:22.000Z,1790544082.000,32.646711955,-117.200230848,4.508,139.73,129.03,127.038,116.338,10.7,-5.139,-0.361,6.424,155.869,282.908,-1282,,2,4.194,111.791
2026-09-27T21:21:23.000Z,1790544083.000,32.646697028,-117.200214294,4.567,137.835,127.135,126.533,115.833,10.7,-5.1,1.233,6.426,156.359,282.891,-1283,,2,4.301,112.236
2026-09-27T21:21:24.000Z,1790544084.000,32.646681915,-117.200198383,4.299,139.497,128.797,124.703,114.003,10.7,-1.972,-0.434,6.427,158.262,282.965,-1284,,2,4.003,112.625
2026-09-27T21:21:25.000Z,1790544085.000,32.646667389,-117.200181452,4.325,131.451,120.751,123.525,112.825,10.7,-6.237,-0.688,6.428,159.924,283.449,-1285,,2,4.208,112.958
2026-09-27T21:21:26.000Z,1790544086.000,32.646651941,-117.200163563,4.63,138.382,127.682,124.909,114.209,10.7,-6.67,-0.848,6.429,159.17,284.079,-1286,,2,4.342,113.533
2026-09-27T21:21:27.000Z,1790544087.000,32.646634533,-117.2001479,4.833,142.4,131.7,128.567,117.867,10.7,-8,0.433,6.43,156.049,284.616,-1287,,2,4.401,114.591
2026-09-27T21:21:28.000Z,1790544088.000,32.646615336,-117.200134384,4.9,148.643,137.943,128.6,117.9,10.7,-5.408,-0.676,6.431,156.474,285.074,-1288,,2,4.212,115.632
2026-09-27T21:21:29.000Z,1790544089.000,32.646596858,-117.200120132,4.725,143.16,132.46,127.775,117.075,10.7,-6.026,-0.236,6.432,157.676,285.451,-1289,,2,4.271,116.498
2026-09-27T21:21:30.000Z,1790544090.000,32.646579232,-117.200103969,4.943,142.2,131.5,125.04,114.34,10.7,-0.426,0.337,6.433,160.731,285.771,-1290,,2,4.501,117.031
2026-09-27T21:21:31.000Z,1790544091.000,32.646563976,-117.200085646,4.433,132.037,121.337,123.467,112.767,10.7,0,-1.037,6.434,162.38,285.848,-1291,,2,4.296,117.325
2026-09-27T21:21:32.000Z,1790544092.000,32.646550733,-117.200065207,4.7,126.2,115.5,123.941,113.241,10.7,-5.147,-0.821,6.436,161.743,285.684,-1292,,2,4.649,117.489
2026-09-27T21:21:33.000Z,1790544093.000,32.64653622,-117.200046838,4.611,135.788,125.088,126.148,115.448,10.7,1.299,-1.103,6.437,159.318,285.467,-1293,,2,4.383,118.02
2026-09-27T21:21:34.000Z,1790544094.000,32.646522154,-117.200028781,4.332,131.964,121.264,128.073,117.373,10.7,-7.755,0.423,6.438,157.182,285.255,-1294,,2,4.197,118.503
2026-09-27T21:21:35.000Z,1790544095.000,32.64650563,-117.200013525,4.666,146.407,135.707,129.308,118.608,10.7,-5.395,-0.971,6.439,155.9,285.208,-1295,,2,4.088,119.304
2026-09-27T21:21:36.000Z,1790544096.000,32.646488503,-117.199999662,4.648,149.241,138.541,126.827,116.127,10.7,-4.845,-0.424,6.44,158.536,285.363,-1296,,2,3.955,119.934
2026-09-27T21:21:37.000Z,1790544097.000,32.646470565,-117.199985884,4.36,146.126,135.426,124.96,114.26,10.7,-3.7,-0.419,6.441,160.486,285.446,-1297,,2,3.826,120.692
2026-09-27T21:21:38.000Z,1790544098.000,32.646453349,-117.199972319,4.467,144.461,133.761,123.864,113.164,10.7,-5.309,0.131,6.442,161.719,285.583,-1298,,2,3.979,121.458
2026-09-27T21:21:39.000Z,1790544099.000,32.646437524,-117.199956924,4.495,139.357,128.657,125.335,114.635,10.7,-7.135,0.03,6.443,160.375,285.71,-1299,,2,4.167,122.207
2026-09-27T21:21:40.000Z,1790544100.000,32.646422791,-117.19993923,4.538,133.582,122.882,125.688,114.988,10.7,-4.064,-0.488,6.444,160.02,285.708,-1300,,2,4.356,122.643
2026-09-27T21:21:41.000Z,1790544101.000,32.646407269,-117.19992045,4.838,134.156,123.456,125.006,114.306,10.7,0.413,-1.106,6.446,160.685,285.691,-1301,,2,4.629,123.01
2026-09-27T21:21:42.000Z,1790544102.000,32.646392533,-117.199900333,4.967,132.034,121.334,126.533,115.833,10.7,-3.633,-0.333,6.447,159.147,285.681,-1302,,2,4.802,123.413
2026-09-27T21:21:43.000Z,1790544103.000,32.646377038,-117.199880087,5.1,132.94,122.24,126.964,116.264,10.7,-5.493,-0.129,6.448,158.927,285.892,-1303,,2,4.908,123.79
2026-09-27T21:21:44.000Z,1790544104.000,32.64636134,-117.199861501,4.652,134.897,124.197,124.661,113.961,10.7,-4.754,0.209,6.449,161.373,286.034,-1304,,2,4.43,124.052
2026-09-27T21:21:45.000Z,1790544105.000,32.646345798,-117.199846205,4.2,145.631,134.931,123.835,113.135,10.7,-5.138,-0.638,6.45,162.242,286.077,-1305,,2,3.69,124.594
2026-09-27T21:21:46.000Z,1790544106.000,32.646328518,-117.199833213,4.565,148.953,138.253,125.331,114.631,10.7,-7.66,-0.465,6.451,160.78,286.111,-1306,,2,3.874,125.606
2026-09-27T21:21:47.000Z,1790544107.000,32.646311147,-117.199818878,4.615,147.669,136.969,128,117.3,10.7,-10.762,0.715,6.452,158.048,286.048,-1307,,2,3.968,126.65
2026-09-27T21:21:48.000Z,1790544108.000,32.646293022,-117.199804688,4.552,147.982,137.282,129.939,119.239,10.7,-6.515,-0.312,6.453,155.883,285.822,-1308,,2,3.897,127.712
2026-09-27T21:21:49.000Z,1790544109.000,32.646275828,-117.199789494,4.701,140.272,129.572,126.766,116.066,10.7,-0.335,-0.499,6.454,158.921,285.687,-1309,,2,4.312,128.221
2026-09-27T21:21:50.000Z,1790544110.000,32.646259419,-117.199771519,4.855,140.267,129.567,127.233,116.533,10.7,1.412,-1.216,6.456,158.584,285.816,-1310,,2,4.452,128.805
2026-09-27T21:21:51.000Z,1790544111.000,32.646242893,-117.199751907,5.138,135.431,124.731,128.496,117.796,10.7,-4.218,-0.682,6.457,157.49,285.986,-1311,,2,4.866,129.377
2026-09-27T21:21:52.000Z,1790544112.000,32.646225368,-117.1997319,5.3,136.29,125.59,131.447,120.747,10.7,-8.121,-0.674,6.458,154.748,286.195,-1312,,2,4.991,130.155
2026-09-27T21:21:53.000Z,1790544113.000,32.646207033,-117.1997137,5.233,140.533,129.833,132.067,121.367,10.7,-4.3,-0.733,6.459,154.398,286.465,-1313,,2,4.782,130.916
2026-09-27T21:21:54.000Z,1790544114.000,32.646188909,-117.199697073,4.842,141.527,130.827,129.771,119.071,10.7,-3.358,0.442,6.46,156.967,286.738,-1314,,2,4.388,131.506
2026-09-27T21:21:55.000Z,1790544115.000,32.646170335,-117.199681687,4.789,142.669,131.969,129.33,118.63,10.7,-3.523,-0.366,6.461,157.319,286.648,-1315,,2,4.296,132.352
2026-09-27T21:21:56.000Z,1790544116.000,32.646151866,-117.199667042,4.832,151.125,140.425,129.168,118.468,10.7,-5.465,-1.208,6.462,157.067,286.234,-1316,,2,3.97,133.25
2026-09-27T21:21:57.000Z,1790544117.000,32.646133082,-117.199652378,4.865,144.212,133.512,127.896,117.196,10.7,-6.019,-0.419,6.463,158.087,285.983,-1317,,2,4.299,134.087
2026-09-27T21:21:58.000Z,1790544118.000,32.646114883,-117.199635221,5.175,139.072,128.372,128.9,118.2,10.7,-6.947,0.16,6.464,156.91,285.81,-1318,,2,4.769,134.922
2026-09-27T21:21:59.000Z,1790544119.000,32.646096743,-117.199616912,5.276,140.771,130.071,128.224,117.524,10.7,-3.422,0.576,6.466,157.555,285.779,-1319,,2,4.797,135.554
2026-09-27T21:22:00.000Z,1790544120.000,32.646077387,-117.199600524,5.098,148.611,137.911,129.298,118.598,10.7,0.901,-0.996,6.467,156.764,286.062,-1320,,2,4.298,136.541
2026-09-27T21:22:01.000Z,1790544121.000,32.646058865,-117.199583117,5.224,135.277,124.577,127.438,116.738,10.7,-5.642,-0.565,6.468,159.261,286.699,-1321,,2,4.932,137.16
2026-09-27T21:22:02.000Z,1790544122.000,32.646040541,-117.199564851,5,143.893,133.193,128.952,118.252,10.7,-5.462,-0.738,6.469,158.362,287.313,-1322,,2,4.417,137.989
2026-09-27T21:22:03.000Z,1790544123.000,32.646021612,-117.199547964,5.031,142.907,132.207,128.345,117.645,10.7,-3.911,0.342,6.47,159.311,287.656,-1323,,2,4.481,138.775
2026-09-27T21:22:04.000Z,1790544124.000,32.646003361,-117.199531927,5.067,144.937,134.237,127.033,116.333,10.7,-1.803,-0.399,6.471,160.787,287.82,-1324,,2,4.426,139.486
2026-09-27T21:22:05.000Z,1790544125.000,32.645987278,-117.199512756,5.064,135.58,124.88,128.15,117.45,10.7,-8.493,-0.157,6.472,159.683,287.834,-1325,,2,4.764,140.029
2026-09-27T21:22:06.000Z,1790544126.000,32.645969665,-117.199493199,5.212,137.919,127.219,129.788,119.088,10.7,-3.541,-0.176,6.473,157.828,287.616,-1326,,2,4.824,140.734
2026-09-27T21:22:07.000Z,1790544127.000,32.645952298,-117.199474363,4.997,138.397,127.697,129.665,118.965,10.7,-1.088,-0.474,6.474,157.634,287.299,-1327,,2,4.607,141.312
2026-09-27T21:22:08.000Z,1790544128.000,32.645934918,-117.199457447,4.666,141.156,130.456,130.862,120.162,10.7,-3.772,-0.329,6.476,156.505,287.367,-1328,,2,4.208,142.1
2026-09-27T21:22:09.000Z,1790544129.000,32.645916356,-117.199441944,5.222,143.678,132.978,132.878,122.178,10.7,-9.372,-0.05,6.477,154.657,287.535,-1329,,2,4.601,143.137
2026-09-27T21:22:10.000Z,1790544130.000,32.645896228,-117.199428109,5.01,149.309,138.609,137,126.3,10.7,-15.531,1.21,6.478,150.419,287.419,-1330,,2,4.155,144.573
2026-09-27T21:22:11.000Z,1790544131.000,32.645875219,-117.199416559,5.134,157.102,146.402,138.066,127.366,10.7,-9.732,-1.033,6.479,149.391,287.457,-1331,-996.793,2,3.823,145.966
2026-09-27T21:22:12.000Z,1790544132.000,32.64585376,-117.199403719,5.462,147.645,136.945,135.249,124.549,10.7,-3.625,-1.211,6.48,152.625,287.875,-1332,-994.608,2,4.606,147.024
2026-09-27T21:22:13.000Z,1790544133.000,32.64583184,-117.199389392,5.537,148.967,138.267,136.649,125.949,10.7,-1.149,-1.202,6.481,151.478,288.127,-1333,-992.399,2,4.594,148.38
2026-09-27T21:22:14.000Z,1790544134.000,32.645810871,-117.199371812,5.464,142.829,132.129,134.954,124.254,10.7,-4.791,0.182,6.482,153.535,288.49,-1334,-989.87,2,4.829,149.229
2026-09-27T21:22:15.000Z,1790544135.000,32.645791033,-117.1993543,5.067,143.2,132.5,131.133,120.433,10.7,-1.3,-0.6,6.483,157.816,288.95,-1335,-987.354,2,4.46,149.807
2026-09-27T21:22:16.000Z,1790544136.000,32.645772936,-117.199337948,4.875,136.855,126.155,128.725,118.025,10.7,-2.188,-0.225,6.484,160.52,289.245,-1336,-985.063,2,4.518,150.4
2026-09-27T21:22:17.000Z,1790544137.000,32.645755345,-117.199321071,4.742,141.343,130.643,127.8,117.1,10.7,-4.016,-1.245,6.486,161.834,289.634,-1337,-982.785,2,4.24,151.038
2026-09-27T21:22:18.000Z,1790544138.000,32.645737141,-117.199304476,5.2,140.29,129.59,126.467,115.767,10.7,-4.265,-1.304,6.487,163.723,290.19,-1338,-980.496,2,4.689,151.713
2026-09-27T21:22:19.000Z,1790544139.000,32.645719349,-117.199285921,5.334,134.969,124.269,124.034,113.334,10.7,-3.36,-1.298,6.488,166.656,290.69,-1339,-978.049,2,5.001,152.158
2026-09-27T21:22:20.000Z,1790544140.000,32.645703244,-117.199265366,5.164,132.722,122.022,123.879,113.179,10.7,-2.965,0.122,6.489,167.182,291.061,-1340,-975.544,2,4.907,152.527
2026-09-27T21:22:21.000Z,1790544141.000,32.645687268,-117.199245086,4.831,134.506,123.806,122.525,111.825,10.7,-2.031,0.175,6.49,168.903,291.428,-1341,-973.056,2,4.54,152.801
2026-09-27T21:22:22.000Z,1790544142.000,32.645672261,-117.199226661,4.9,136.105,125.405,120.766,110.066,10.7,0.568,-1.033,6.491,171.024,291.79,-1342,-970.769,2,4.555,153.052
2026-09-27T21:22:23.000Z,1790544143.000,32.645657383,-117.1992086,4.535,130.159,119.459,118.965,108.265,10.7,-3.784,-0.895,6.492,173.099,292.064,-1343,-968.523,2,4.365,153.308
2026-09-27T21:22:24.000Z,1790544144.000,32.645643193,-117.199190386,4.646,134.484,123.784,119.4,108.7,10.7,-6.646,0.6,6.493,172.882,292.282,-1344,-966.312,2,4.363,153.673
2026-09-27T21:22:25.000Z,1790544145.000,32.645628241,-117.199171098,4.835,131.532,120.832,122.17,111.47,10.7,-6.3,-0.992,6.494,170.306,292.476,-1345,-963.993,2,4.618,154.241
2026-09-27T21:22:26.000Z,1790544146.000,32.645613728,-117.199151127,4.834,134.573,123.873,123.302,112.602,10.7,-7.199,-0.901,6.496,169.382,292.684,-1346,-961.627,2,4.533,154.599
2026-09-27T21:22:27.000Z,1790544147.000,32.645599152,-117.199131336,4.631,132.755,122.055,125.938,115.238,10.7,-4.878,0.393,6.497,166.849,292.787,-1347,-959.297,2,4.39,155.095
2026-09-27T21:22:28.000Z,1790544148.000,32.64558491,-117.19911224,4.377,134.744,124.044,130.064,119.364,10.7,-10.453,0.332,6.498,162.732,292.797,-1348,-957.081,2,4.096,155.717
2026-09-27T21:22:29.000Z,1790544149.000,32.645568231,-117.199098519,4.131,147.094,136.394,134.719,124.019,10.7,-8.856,-0.581,6.499,158.458,293.177,-1349,-955.242,2,3.462,156.888
2026-09-27T21:22:30.000Z,1790544150.000,32.645550033,-117.199087833,4.6,157.634,146.934,140.767,130.067,10.7,-10.067,-1.2,6.5,153.352,294.119,-1350,-953.666,2,3.324,158.463
2026-09-27T21:22:31.000Z,1790544151.000,32.645529358,-117.199080098,4.707,161.813,151.113,141.533,130.833,10.7,-5.427,-0.542,6.501,153.403,294.936,-1351,-952.061,2,3.147,160.004
2026-09-27T21:22:32.000Z,1790544152.000,32.645507826,-117.199070613,4.958,159.962,149.262,137.258,126.558,10.7,-5.612,0.258,6.502,158.097,295.356,-1352,-950.098,2,3.426,161.135
2026-09-27T21:22:33.000Z,1790544153.000,32.645487206,-117.199058384,4.867,152.233,141.533,137.7,127,10.7,-6.206,-1.059,6.503,158.317,296.017,-1353,-948.102,2,3.8,162.407
2026-09-27T21:22:34.000Z,1790544154.000,32.645467111,-117.199045228,4.938,150.252,139.552,137.072,126.372,10.7,-3.983,-1.062,6.504,159.332,296.405,-1354,-946.018,2,3.954,163.497
2026-09-27T21:22:35.000Z,1790544155.000,32.645448456,-117.199029788,4.8,145.117,134.417,135.838,125.138,10.7,-4.015,0.277,6.506,161.226,297.064,-1355,-943.792,2,4.082,164.286
2026-09-27T21:22:36.000Z,1790544156.000,32.645429601,-117.199013701,4.891,139.321,128.621,135.221,124.521,10.7,-2.167,-0.873,6.507,162.317,297.538,-1356,-941.521,2,4.395,165.107
2026-09-27T21:22:37.000Z,1790544157.000,32.645412382,-117.198995849,4.833,140.112,129.412,136.034,125.334,10.7,-6.53,-0.102,6.508,161.838,297.872,-1357,-939.218,2,4.31,165.799
2026-09-27T21:22:38.000Z,1790544158.000,32.645394289,-117.198980336,4.739,148.057,137.357,135.044,124.344,10.7,-3.156,1.086,6.509,162.998,298.042,-1358,-937.021,2,3.885,166.551
2026-09-27T21:22:39.000Z,1790544159.000,32.645375356,-117.198968058,4.823,152.457,141.757,133.638,122.938,10.7,-3.364,-0.408,6.51,164.552,298.191,-1359,-935.049,2,3.726,167.519
2026-09-27T21:22:40.000Z,1790544160.000,32.645355768,-117.198956089,4.674,152.642,141.942,132.384,121.684,10.7,-5.284,0.668,6.511,165.833,298.217,-1360,-933.078,2,3.595,168.574
2026-09-27T21:22:41.000Z,1790544161.000,32.645337821,-117.198941624,4.733,144.907,134.207,133.369,122.669,10.7,-10.161,-1.299,6.512,164.767,298.136,-1361,-931.029,2,4.01,169.527
2026-09-27T21:22:42.000Z,1790544162.000,32.645319792,-117.198927004,4.8,145.415,134.715,131.251,120.551,10.7,-3.725,1.224,6.513,166.844,298.096,-1362,-928.888,2,4.041,170.23
2026-09-27T21:22:43.000Z,1790544163.000,32.645301688,-117.198911253,4.871,145.506,134.806,131.682,120.982,10.7,-0.718,-0.794,6.514,166.39,298.073,-1363,-926.708,2,4.092,171.084
2026-09-27T21:22:44.000Z,1790544164.000,32.645283756,-117.198895896,4.932,143.489,132.789,133.275,122.575,10.7,-4.782,-0.832,6.516,164.874,298.149,-1364,-924.598,2,4.231,172.036
2026-09-27T21:22:45.000Z,1790544165.000,32.64526478,-117.198881,5.131,147.762,137.062,135.893,125.193,10.7,-7.079,-1.303,6.517,162.473,298.366,-1365,-922.51,2,4.187,173.191
2026-09-27T21:22:46.000Z,1790544166.000,32.645245439,-117.198866531,4.991,143.11,132.41,134.417,123.717,10.7,-3.672,-0.672,6.518,164.189,298.606,-1366,-920.33,2,4.289,174.074
2026-09-27T21:22:47.000Z,1790544167.000,32.645226282,-117.198851248,4.771,144.883,134.183,132.576,121.876,10.7,-2.546,-0.559,6.519,166.39,298.966,-1367,-918.083,2,4.018,174.867
2026-09-27T21:22:48.000Z,1790544168.000,32.645207914,-117.198836552,4.867,146.249,135.549,132.033,121.333,10.7,-2.764,-0.566,6.52,167.249,299.282,-1368,-915.957,2,4.031,175.723
2026-09-27T21:22:49.000Z,1790544169.000,32.645189348,-117.198821405,4.8,147.16,136.46,132.331,121.631,10.7,-6.027,-0.008,6.521,166.964,299.295,-1369,-913.803,2,3.928,176.641
2026-09-27T21:22:50.000Z,1790544170.000,32.645170641,-117.198807324,4.938,146.407,135.707,134.824,124.124,10.7,-5.603,-1.203,6.522,164.119,298.943,-1370,-911.79,2,4.072,177.804
2026-09-27T21:22:51.000Z,1790544171.000,32.645152229,-117.198793255,4.869,147.637,136.937,132.931,122.231,10.7,-4.575,-0.064,6.523,165.575,298.505,-1371,-909.679,2,3.951,178.59
2026-09-27T21:22:52.000Z,1790544172.000,32.645134578,-117.19877918,4.6,141.51,130.81,132.027,121.327,10.7,-2.339,0.678,6.524,166.303,298.33,-1372,-907.631,2,3.995,179.384
2026-09-27T21:22:53.000Z,1790544173.000,32.645118151,-117.1987637,4.4,142.376,131.676,131.724,121.024,10.7,-5.324,-1.6,6.526,166.512,298.236,-1373,-905.536,2,3.784,180.04
2026-09-27T21:22:54.000Z,1790544174.000,32.645101474,-117.198748931,4.6,143.983,133.283,131.829,121.129,10.7,-3.015,0.872,6.527,166.308,298.137,-1374,-903.499,2,3.885,180.79
2026-09-27T21:22:55.000Z,1790544175.000,32.645084343,-117.198735248,4.542,143.195,132.495,132.2,121.5,10.7,-2.837,-0.321,6.528,165.605,297.805,-1375,-901.539,2,3.865,181.66
2026-09-27T21:22:56.000Z,1790544176.000,32.645067706,-117.198718839,4.766,141.062,130.362,130.433,119.734,10.7,-5.532,-0.368,6.529,167.245,297.679,-1376,-899.323,2,4.144,182.168
2026-09-27T21:22:57.000Z,1790544177.000,32.645051273,-117.198702373,4.893,140.289,129.589,130.958,120.258,10.7,-5.329,-0.407,6.53,166.62,297.578,-1377,-897.163,2,4.283,182.839
2026-09-27T21:22:58.000Z,1790544178.000,32.6450325,-117.19868687,5.1,150.1,139.4,131.66,120.96,10.7,-0.77,-0.91,6.531,165.671,297.331,-1378,-894.978,2,3.972,183.79
2026-09-27T21:22:59.000Z,1790544179.000,32.645014006,-117.198671872,4.833,143.37,132.67,131.166,120.466,10.7,-4.765,0.1,6.532,166.113,297.279,-1379,-892.823,2,4.089,184.645
2026-09-27T21:23:00.000Z,1790544180.000,32.644995907,-117.1986566,4.666,146.204,135.504,132.865,122.165,10.7,-6.955,0.059,6.533,164.478,297.343,-1380,-890.714,2,3.814,185.626
2026-09-27T21:23:01.000Z,1790544181.000,32.644977715,-117.198642614,4.662,148.277,137.577,134.875,124.175,10.7,-7.05,-0.875,6.534,162.35,297.225,-1381,-888.722,2,3.707,186.709
2026-09-27T21:23:02.000Z,1790544182.000,32.644959905,-117.198630006,4.508,149.13,138.43,137.154,126.454,10.7,-10.208,0.292,6.536,159.911,297.065,-1382,-886.878,2,3.537,187.85
2026-09-27T21:23:03.000Z,1790544183.000,32.644941273,-117.198619788,4.567,153.157,142.457,140.004,129.304,10.7,-11.641,0.578,6.537,157.141,297.145,-1383,-885.224,2,3.369,189.236
2026-09-27T21:23:04.000Z,1790544184.000,32.644920814,-117.198610855,4.8,159.214,148.514,139.769,129.069,10.7,-5.245,-1.359,6.538,157.592,297.361,-1384,-883.493,2,3.171,190.615
2026-09-27T21:23:05.000Z,1790544185.000,32.644901549,-117.198599492,4.738,152.275,141.575,137.824,127.124,10.7,-3.829,0.586,6.539,159.786,297.609,-1385,-881.557,2,3.531,191.621
2026-09-27T21:23:06.000Z,1790544186.000,32.644882548,-117.198585844,4.531,152.472,141.772,139.462,128.762,10.7,-3.096,-1.745,6.54,158.292,297.754,-1386,-879.556,2,3.359,192.764
2026-09-27T21:23:07.000Z,1790544187.000,32.644864815,-117.198570985,4.834,145.312,134.612,139.236,128.536,10.7,-3.295,-0.373,6.541,158.417,297.653,-1387,-877.452,2,3.956,193.579
2026-09-27T21:23:08.000Z,1790544188.000,32.644847265,-117.198556237,4.724,145.748,135.048,140.224,129.524,10.7,-3.014,-0.269,6.542,157.313,297.537,-1388,-875.406,2,3.84,194.479
2026-09-27T21:23:09.000Z,1790544189.000,32.644828724,-117.19854331,4.641,150.059,139.359,138.63,127.93,10.7,-4.234,0.4,6.543,158.864,297.493,-1389,-873.382,2,3.553,195.363
2026-09-27T21:23:10.000Z,1790544190.000,32.644809614,-117.198531866,4.568,153.576,142.876,136.732,126.032,10.7,-4.917,-0.196,6.544,160.716,297.448,-1390,-871.451,2,3.304,196.354
2026-09-27T21:23:11.000Z,1790544191.000,32.644790412,-117.198519243,4.801,148.737,138.037,135.901,125.201,10.7,-6.264,-0.734,6.546,161.53,297.431,-1391,-869.45,2,3.734,197.374
2026-09-27T21:23:12.000Z,1790544192.000,32.644772097,-117.198505373,4.664,150.468,139.768,134.444,123.744,10.7,-5.557,0.092,6.547,163.05,297.494,-1392,-867.369,2,3.532,198.197
2026-09-27T21:23:13.000Z,1790544193.000,32.64475304,-117.19849335,4.64,150.04,139.34,133.88,123.18,10.7,-0.94,-0.72,6.548,163.528,297.408,-1393,-865.435,2,3.53,199.257
2026-09-27T21:23:14.000Z,1790544194.000,32.644733866,-117.198480542,4.938,148.053,137.353,135.838,125.138,10.7,-6.013,-1.138,6.549,161.452,297.29,-1394,-863.498,2,3.858,200.487
2026-09-27T21:23:15.000Z,1790544195.000,32.644713867,-117.198467757,4.966,149.483,138.783,134.542,123.842,10.7,-3.739,0.005,6.55,162.576,297.118,-1395,-861.434,2,3.795,201.534
2026-09-27T21:23:16.000Z,1790544196.000,32.64469451,-117.19845201,5.086,139.686,128.986,131.305,120.605,10.7,-1.176,-0.7,6.551,165.717,297.021,-1396,-859.105,2,4.384,202.209
2026-09-27T21:23:17.000Z,1790544197.000,32.644677764,-117.198432162,4.889,133.664,122.964,129.951,119.251,10.7,-6.102,0.14,6.552,166.904,296.855,-1397,-856.602,2,4.448,202.577
2026-09-27T21:23:18.000Z,1790544198.000,32.644661622,-117.198415056,4.633,138.591,127.891,133.002,122.302,10.7,-4.197,-1.169,6.553,163.592,296.594,-1398,-854.46,2,4.03,203.391
2026-09-27T21:23:19.000Z,1790544199.000,32.644644403,-117.19840171,4.662,150.236,139.536,134.448,123.748,10.7,-5.8,-0.614,6.554,161.863,296.311,-1399,-852.553,2,3.502,204.373
2026-09-27T21:23:20.000Z,1790544200.000,32.644626541,-117.198387596,4.815,146.945,136.245,135.585,124.885,10.7,-9.97,-1.547,6.556,160.44,296.025,-1400,-850.545,2,3.787,205.348
2026-09-27T21:23:21.000Z,1790544201.000,32.644607539,-117.198374594,4.736,152.729,142.029,137.041,126.341,10.7,-10.317,0.564,6.557,158.769,295.81,-1401,-848.588,2,3.404,206.512
2026-09-27T21:23:22.000Z,1790544202.000,32.64458754,-117.19836277,4.834,155.123,144.423,137.667,126.967,10.7,-2.234,-0.567,6.558,158.001,295.668,-1402,-846.661,2,3.322,207.763
2026-09-27T21:23:23.000Z,1790544203.000,32.644567759,-117.198351213,4.986,152.713,142.013,137.638,126.938,10.7,-2.828,-0.996,6.559,157.836,295.474,-1403,-844.747,2,3.568,208.957
2026-09-27T21:23:24.000Z,1790544204.000,32.644547581,-117.198338317,4.7,151.584,140.884,136.551,125.851,10.7,-4.588,0.709,6.56,158.511,295.062,-1404,-842.668,2,3.42,210.032
2026-09-27T21:23:25.000Z,1790544205.000,32.644528202,-117.198322172,5.097,143.855,133.155,133.492,122.792,10.7,-3.287,-0.695,6.561,160.963,294.455,-1405,-840.3,2,4.141,210.703
2026-09-27T21:23:26.000Z,1790544206.000,32.644509884,-117.19830382,5.134,139.574,128.874,130.432,119.732,10.7,-1.4,-0.865,6.562,163.547,293.979,-1406,-837.807,2,4.378,211.157
2026-09-27T21:23:27.000Z,1790544207.000,32.644491699,-117.198286554,4.836,142.231,131.531,130.836,120.136,10.7,0.211,-0.447,6.563,162.83,293.666,-1407,-835.494,2,3.997,211.936
2026-09-27T21:23:28.000Z,1790544208.000,32.644474105,-117.198268365,4.859,137.056,126.356,130.241,119.541,10.7,-5.856,-0,6.564,162.924,293.165,-1408,-833.109,2,4.242,212.532
2026-09-27T21:23:29.000Z,1790544209.000,32.644457069,-117.198251639,4.7,140.993,130.293,130.37,119.67,10.7,-6.095,-0.338,6.566,162.041,292.412,-1409,-830.889,2,3.932,213.212
2026-09-27T21:23:30.000Z,1790544210.000,32.644439524,-117.198236986,4.666,145.686,134.986,129.038,118.338,10.7,-2.034,-0.034,6.567,163.095,292.133,-1410,-828.792,2,3.676,213.931
2026-09-27T21:23:31.000Z,1790544211.000,32.64442261,-117.198222523,4.5,144.475,133.775,127.612,116.912,10.7,-2.688,-0.175,6.568,164.165,291.777,-1411,-826.741,2,3.598,214.595
2026-09-27T21:23:32.000Z,1790544212.000,32.644404681,-117.198207258,4.654,144.25,133.55,126.647,115.947,10.7,-2.062,-0.216,6.569,164.826,291.473,-1412,-824.584,2,3.727,215.346
2026-09-27T21:23:33.000Z,1790544213.000,32.64438689,-117.19819079,5.034,138.78,128.08,124.932,114.232,10.7,-3.794,-1.43,6.57,166.322,291.254,-1413,-822.322,2,4.296,215.959
2026-09-27T21:23:34.000Z,1790544214.000,32.644369421,-117.198172534,5.138,136.824,126.124,123.913,113.213,10.7,-2.913,0.438,6.571,167.139,291.052,-1414,-819.937,2,4.469,216.505
2026-09-27T21:23:35.000Z,1790544215.000,32.644352245,-117.198154158,4.862,135.577,124.877,123.138,112.438,10.7,-1.349,-0.113,6.572,167.736,290.874,-1415,-817.559,2,4.276,217.037
2026-09-27T21:23:36.000Z,1790544216.000,32.644335505,-117.198136099,5.006,138.554,127.854,122.331,111.631,10.7,0.214,-1.126,6.573,168.415,290.747,-1416,-815.229,2,4.268,217.544
2026-09-27T21:23:37.000Z,1790544217.000,32.644320976,-117.198117378,4.501,135.111,124.411,123.698,112.998,10.7,-7.2,-0.132,6.574,166.928,290.626,-1417,-812.971,2,3.969,217.989
2026-09-27T21:23:38.000Z,1790544218.000,32.644305652,-117.198099375,4.494,129.191,118.491,123.241,112.541,10.7,-0.465,-0.247,6.576,167.361,290.603,-1418,-810.716,2,4.158,218.397
2026-09-27T21:23:39.000Z,1790544219.000,32.644292173,-117.19808,4.43,128.487,117.787,123.622,112.922,10.7,-3.681,-1.181,6.577,167.184,290.806,-1419,-808.442,2,4.116,218.632
2026-09-27T21:23:40.000Z,1790544220.000,32.644278441,-117.198062339,4.165,131.265,120.565,126.038,115.338,10.7,-5.91,0.597,6.578,165.021,291.059,-1420,-806.33,2,3.788,219.145
2026-09-27T21:23:41.000Z,1790544221.000,32.644263654,-117.198047518,4.266,142.152,131.452,129.23,118.53,10.7,-8.194,-0.468,6.579,161.937,291.167,-1421,-804.431,2,3.471,219.969
2026-09-27T21:23:42.000Z,1790544222.000,32.644247345,-117.198034743,4.238,146.111,135.411,133.036,122.336,10.7,-10.713,-0.825,6.58,158.187,291.223,-1422,-802.664,2,3.263,221.089
2026-09-27T21:23:43.000Z,1790544223.000,32.644229162,-117.198022496,4.57,151.994,141.294,137.221,126.521,10.7,-9.687,-0.721,6.581,154.101,291.322,-1423,-800.883,2,3.193,222.436
2026-09-27T21:23:44.000Z,1790544224.000,32.644210187,-117.198010859,4.533,151.484,140.784,138.735,128.035,10.7,-5.961,0.201,6.582,152.694,291.429,-1424,-799.048,2,3.187,223.674
2026-09-27T21:23:45.000Z,1790544225.000,32.644191411,-117.197997983,4.636,147.938,137.238,136.182,125.482,10.7,-3.145,1.172,6.583,155.479,291.661,-1425,-796.992,2,3.451,224.506
2026-09-27T21:23:46.000Z,1790544226.000,32.644172328,-117.197984255,4.715,150.512,139.812,137.2,126.5,10.7,-0.253,-1.638,6.584,154.828,292.028,-1426,-794.958,2,3.356,225.603
2026-09-27T21:23:47.000Z,1790544227.000,32.644152734,-117.197969909,4.835,147.018,136.318,137.235,126.535,10.7,-5.84,0.303,6.586,155.527,292.762,-1427,-792.817,2,3.634,226.637
2026-09-27T21:23:48.000Z,1790544228.000,32.644133858,-117.197955718,4.834,148.852,138.152,138.2,127.5,10.7,-6.4,-0.568,6.587,155.199,293.399,-1428,-790.753,2,3.522,227.686
2026-09-27T21:23:49.000Z,1790544229.000,32.644114524,-117.197943676,4.838,154.79,144.09,136.638,125.938,10.7,-2.024,-1.162,6.588,157.497,294.135,-1429,-788.772,2,3.154,228.692
2026-09-27T21:23:50.000Z,1790544230.000,32.644094781,-117.197931352,4.839,148.622,137.922,136.156,125.456,10.7,-3.905,-0.178,6.589,158.329,294.484,-1430,-786.781,2,3.522,229.805
2026-09-27T21:23:51.000Z,1790544231.000,32.644074824,-117.19791784,4.932,151.454,140.754,136.971,126.271,10.7,-6.017,-1.513,6.59,157.888,294.859,-1431,-784.717,2,3.409,230.978
2026-09-27T21:23:52.000Z,1790544232.000,32.64405586,-117.197904595,4.667,149.199,138.499,133.832,123.132,10.7,-3.001,1.567,6.591,161.205,295.037,-1432,-782.611,2,3.349,231.759
2026-09-27T21:23:53.000Z,1790544233.000,32.644037474,-117.197891674,4.536,149.447,138.747,133.446,122.746,10.7,-0.709,-1.918,6.592,161.583,295.029,-1433,-780.638,2,3.234,232.724
2026-09-27T21:23:54.000Z,1790544234.000,32.644019959,-117.197876724,4.7,146.431,135.731,135.147,124.447,10.7,-7.376,-1.476,6.593,159.807,294.954,-1434,-778.589,2,3.512,233.668
2026-09-27T21:23:55.000Z,1790544235.000,32.64400188,-117.197862519,4.667,151.101,140.401,137.836,127.136,10.7,-7.727,-0.841,6.594,157.036,294.871,-1435,-776.611,2,3.214,234.781
2026-09-27T21:23:56.000Z,1790544236.000,32.64398286,-117.197849895,4.528,151.294,140.594,137.043,126.343,10.7,-2.936,1.457,6.596,157.709,294.752,-1436,-774.618,2,3.1,235.788
2026-09-27T21:23:57.000Z,1790544237.000,32.643963572,-117.197837806,4.713,153.508,142.808,137.213,126.513,10.7,-1.287,-0.577,6.597,157.452,294.666,-1437,-772.688,2,3.082,236.924
2026-09-27T21:23:58.000Z,1790544238.000,32.643944322,-117.19782441,4.939,145.997,135.297,133.521,122.821,10.7,-3.924,-0.918,6.598,161.009,294.531,-1438,-770.54,2,3.683,237.68
2026-09-27T21:23:59.000Z,1790544239.000,32.643926052,-117.197808849,4.902,145.302,134.602,132.837,122.137,10.7,-4.069,0.335,6.599,161.338,294.175,-1439,-768.341,2,3.687,238.469
2026-09-27T21:24:00.000Z,1790544240.000,32.643906983,-117.19779351,5.035,147.02,136.32,133.669,122.969,10.7,-1.3,-0.143,6.6,160.075,293.745,-1440,-766.162,2,3.677,239.466
2026-09-27T21:24:01.000Z,1790544241.000,32.643887998,-117.197778248,4.9,148.303,137.603,135.637,124.937,10.7,-4.237,-0.55,6.601,157.707,293.345,-1441,-764.025,2,3.493,240.549
2026-09-27T21:24:02.000Z,1790544242.000,32.643868337,-117.197764484,4.532,145.942,135.242,132.853,122.153,10.7,-2.542,0.647,6.602,160.137,292.989,-1442,-761.856,2,3.352,241.394
2026-09-27T21:24:03.000Z,1790544243.000,32.6438498,-117.197751267,4.7,146.3,135.6,131.967,121.267,10.7,-2.567,-1.567,6.603,160.78,292.747,-1443,-759.839,2,3.448,242.317
2026-09-27T21:24:04.000Z,1790544244.000,32.643832954,-117.197737953,4.438,144.757,134.057,129.013,118.313,10.7,-4,-0.012,6.604,163.717,292.73,-1444,-757.852,2,3.33,242.912
2026-09-27T21:24:05.000Z,1790544245.000,32.643815145,-117.197722103,4.657,141.445,130.745,128.486,117.786,10.7,-2.471,-1.386,6.606,164.377,292.863,-1445,-755.657,2,3.66,243.657
2026-09-27T21:24:06.000Z,1790544246.000,32.643798875,-117.197704538,5.005,137.805,127.105,127.737,117.037,10.7,-4.448,-0.784,6.607,165.204,292.941,-1446,-753.386,2,4.117,244.152
2026-09-27T21:24:07.000Z,1790544247.000,32.643781939,-117.197687273,4.801,139.764,129.064,126.667,115.967,10.7,-0.768,-0.333,6.608,166.271,292.938,-1447,-751.105,2,3.847,244.697
2026-09-27T21:24:08.000Z,1790544248.000,32.643765783,-117.19767042,4.537,140.578,129.878,125.226,114.526,10.7,-2.593,-0.23,6.609,167.468,292.694,-1448,-748.892,2,3.591,245.163
2026-09-27T21:24:09.000Z,1790544249.000,32.643749317,-117.197653835,4.73,138.75,128.05,127.111,116.411,10.7,-5.182,-0.389,6.61,165.265,292.376,-1449,-746.738,2,3.827,245.941
2026-09-27T21:24:10.000Z,1790544250.000,32.643733123,-117.197636087,4.767,134.196,123.496,127.7,117,10.7,-5.2,-1.164,6.611,164.236,291.936,-1450,-744.479,2,4.062,246.527
2026-09-27T21:24:11.000Z,1790544251.000,32.643717333,-117.197616804,5.031,135.536,124.836,128.331,117.631,10.7,-3.412,-0.297,6.612,163.159,291.491,-1451,-742.11,2,4.219,246.998
2026-09-27T21:24:12.000Z,1790544252.000,32.643702267,-117.197598471,4.562,133.719,123.019,127.814,117.114,10.7,-0.681,-0.014,6.613,163.337,291.151,-1452,-739.835,2,3.898,247.36
2026-09-27T21:24:13.000Z,1790544253.000,32.643687488,-117.197581957,4.334,138.664,127.964,131.07,120.37,10.7,-7.802,-0.234,6.614,159.897,290.968,-1453,-737.803,2,3.49,248.098
2026-09-27T21:24:14.000Z,1790544254.000,32.64367008,-117.197569847,4.336,153.609,142.909,135.087,124.387,10.7,-8.585,-0.5,6.616,155.87,290.956,-1454,-736.055,2,2.7,249.37
2026-09-27T21:24:15.000Z,1790544255.000,32.643651047,-117.197560617,4.687,157.034,146.334,136.325,125.625,10.7,-8.477,-0.498,6.617,154.737,291.062,-1455,-734.41,2,2.682,250.72
2026-09-27T21:24:16.000Z,1790544256.000,32.643630613,-117.197550426,4.879,157.917,147.217,136.036,125.336,10.7,-4.129,-1.061,6.618,155.208,291.244,-1456,-732.573,2,2.718,252.025
2026-09-27T21:24:17.000Z,1790544257.000,32.643610093,-117.197537528,5.134,148.427,137.727,133.767,123.067,10.7,-3.966,-0.935,6.619,157.671,291.438,-1457,-730.448,2,3.513,253.036
2026-09-27T21:24:18.000Z,1790544258.000,32.643589995,-117.197521981,5.17,147.559,136.859,133.865,123.165,10.7,-1.893,0.239,6.62,157.692,291.557,-1458,-728.184,2,3.583,254.057
2026-09-27T21:24:19.000Z,1790544259.000,32.643571773,-117.197505413,4.84,141.401,130.701,133.998,123.298,10.7,-3.054,0.079,6.621,157.569,291.567,-1459,-725.923,2,3.702,254.854
2026-09-27T21:24:20.000Z,1790544260.000,32.643554309,-117.197488311,4.867,141.085,130.385,135.53,124.83,10.7,-2.8,-0.828,6.622,155.858,291.388,-1460,-723.69,2,3.731,255.666
2026-09-27T21:24:21.000Z,1790544261.000,32.643537027,-117.197472362,4.666,143.699,132.999,135.199,124.499,10.7,-2.666,0.1,6.623,155.871,291.07,-1461,-721.513,2,3.429,256.373
2026-09-27T21:24:22.000Z,1790544262.000,32.643519432,-117.197457872,4.6,148.256,137.556,134.464,123.764,10.7,-2.508,-0.848,6.624,156.329,290.793,-1462,-719.434,2,3.113,257.154
2026-09-27T21:24:23.000Z,1790544263.000,32.643501334,-117.197444429,4.538,146.3,135.6,131.729,121.029,10.7,-4.39,0.962,6.626,158.774,290.503,-1463,-717.371,2,3.176,257.877
2026-09-27T21:24:24.000Z,1790544264.000,32.643482649,-117.197430498,4.632,151.372,140.672,131.996,121.296,10.7,-5.768,-0.355,6.627,158.493,290.489,-1464,-715.315,2,2.926,258.868
2026-09-27T21:24:25.000Z,1790544265.000,32.64346396,-117.197417062,4.634,152.107,141.407,129.999,119.299,10.7,-3.499,-0.835,6.628,160.281,290.281,-1465,-713.249,2,2.871,259.703
2026-09-27T21:24:26.000Z,1790544266.000,32.643445771,-117.197401271,4.834,143.218,132.518,127.569,116.869,10.7,-2.763,0.803,6.629,162.476,290.045,-1466,-711.005,2,3.538,260.331
2026-09-27T21:24:27.000Z,1790544267.000,32.643426933,-117.197384953,4.992,147.493,136.793,128.536,117.836,10.7,-2.084,-0.796,6.63,161.242,289.779,-1467,-708.75,2,3.378,261.266
2026-09-27T21:24:28.000Z,1790544268.000,32.643408529,-117.197366559,5.059,139.918,129.218,128.1,117.4,10.7,-4.394,-0.329,6.631,161.354,289.454,-1468,-706.314,2,3.876,261.937
2026-09-27T21:24:29.000Z,1790544269.000,32.64339081,-117.197349576,4.965,138.655,127.955,129.698,118.998,10.7,-1.522,-0.065,6.632,159.487,289.184,-1469,-704.068,2,3.865,262.785
2026-09-27T21:24:30.000Z,1790544270.000,32.643375056,-117.197330398,4.998,130.38,119.68,128.6,117.9,10.7,-3.061,-0.707,6.633,160.94,289.54,-1470,-701.677,2,4.296,263.119
2026-09-27T21:24:31.000Z,1790544271.000,32.643360537,-117.197310692,5.024,129.496,118.796,129.221,118.521,10.7,-4.131,-1.431,6.634,161.355,290.576,-1471,-699.334,2,4.352,263.45
2026-09-27T21:24:32.000Z,1790544272.000,32.643345051,-117.197292274,4.761,135.917,125.217,130.569,119.869,10.7,-2.616,1.047,6.636,160.954,291.524,-1472,-697.069,2,3.826,263.997
2026-09-27T21:24:33.000Z,1790544273.000,32.643328933,-117.197277833,4.433,144.8,134.1,130.4,119.7,10.7,-0.733,-1.233,6.637,161.859,292.258,-1473,-695.08,2,3.104,264.691
2026-09-27T21:24:34.000Z,1790544274.000,32.643312161,-117.197264922,4.266,147.156,136.456,126.837,116.137,10.7,-3.89,-0.3,6.638,166.003,292.84,-1474,-693.126,2,2.852,265.251
2026-09-27T21:24:35.000Z,1790544275.000,32.643294858,-117.197251545,4.887,143.751,133.051,126.8,116.1,10.7,-6.313,-0.889,6.639,166.474,293.274,-1475,-691.175,2,3.468,266.12
2026-09-27T21:24:36.000Z,1790544276.000,32.643276529,-117.197236007,4.869,141.705,131.005,126.261,115.561,10.7,-5.769,-0.275,6.64,167.345,293.606,-1476,-688.984,2,3.566,266.928
2026-09-27T21:24:37.000Z,1790544277.000,32.643258573,-117.197219207,5.199,139.204,128.504,125.1,114.4,10.7,-0.436,-1.966,6.641,168.878,293.978,-1477,-686.695,2,3.95,267.584
2026-09-27T21:24:38.000Z,1790544278.000,32.643241808,-117.197200796,4.913,133.864,123.164,123.562,112.862,10.7,-2.272,0.251,6.642,170.935,294.497,-1478,-684.322,2,4.007,268.015
2026-09-27T21:24:39.000Z,1790544279.000,32.64322701,-117.197181778,4.662,132,121.3,124.985,114.285,10.7,-4.577,-0.691,6.643,170.144,295.129,-1479,-682.03,2,3.881,268.473
2026-09-27T21:24:40.000Z,1790544280.000,32.643211453,-117.197165057,4.532,141.24,130.54,126.232,115.532,10.7,-0.543,-0.3,6.644,169.61,295.842,-1480,-679.896,2,3.313,269.109
2026-09-27T21:24:41.000Z,1790544281.000,32.643197562,-117.197148528,4.234,131.542,120.842,124.467,113.767,10.7,-2.168,-0.867,6.646,172.491,296.957,-1481,-677.814,2,3.533,269.359
2026-09-27T21:24:42.000Z,1790544282.000,32.643184352,-117.19713217,4.194,131.846,121.146,120.888,110.188,10.7,-2.412,-0.371,6.647,177.271,298.159,-1482,-675.766,2,3.484,269.408
2026-09-27T21:24:43.000Z,1790544283.000,32.643171261,-117.197114424,4.329,132.261,121.561,119.322,108.622,10.7,-0.734,-0.059,6.648,179.859,299.181,-1483,-673.632,2,3.574,269.536
2026-09-27T21:24:44.000Z,1790544284.000,32.643158758,-117.197094704,4.7,128.546,117.846,116.864,106.164,10.7,-3.546,-0.605,6.649,-176.852,300.011,-1484,-671.36,2,4.04,269.433
2026-09-27T21:24:45.000Z,1790544285.000,32.643146571,-117.197074064,4.7,125.847,115.147,114.93,104.23,10.7,-4.821,-0.63,6.65,-174.083,300.848,-1485,-669.032,2,4.145,269.296
2026-09-27T21:24:46.000Z,1790544286.000,32.64313424,-117.197054446,4.364,126.794,116.094,114.608,103.908,10.7,-2.725,0.372,6.651,-172.757,301.851,-1486,-666.787,2,3.81,269.356
2026-09-27T21:24:47.000Z,1790544287.000,32.643120824,-117.197036856,4.3,131.367,120.667,112.932,102.232,10.7,0.39,-0.1,6.652,-169.846,303.086,-1487,-664.666,2,3.571,269.515
2026-09-27T21:24:48.000Z,1790544288.000,32.643109668,-117.197018913,3.932,127.264,116.564,108.213,97.513,10.7,-3.277,0.736,6.653,-163.745,304.469,-1488,-662.649,2,3.411,269.211
2026-09-27T21:24:49.000Z,1790544289.000,32.643099209,-117.197001416,3.768,126.215,115.515,102.144,91.444,10.7,0.022,-0.006,6.654,-156.284,305.861,-1489,-660.757,2,3.301,268.774
2026-09-27T21:24:50.000Z,1790544290.000,32.643091255,-117.196982479,4.003,112.665,101.965,94.365,83.665,10.7,3.255,-1.248,6.656,-147.791,306.574,-1490,-658.959,2,3.862,267.929
2026-09-27T21:24:51.000Z,1790544291.000,32.64308632,-117.196962165,3.8,100.373,89.673,86.342,75.642,10.7,3.001,0.551,6.657,-139.839,306.503,-1491,-657.277,2,3.795,266.763
2026-09-27T21:24:52.000Z,1790544292.000,32.6430846,-117.196941096,3.868,91.853,81.153,80.02,69.32,10.7,6.165,0.14,6.658,-133.642,306.378,-1492,-655.681,2,3.849,265.416
2026-09-27T21:24:53.000Z,1790544293.000,32.643086851,-117.196919231,3.929,79.4,68.7,73.456,62.756,10.7,6.514,0.678,6.659,-127.094,306.362,-1493,-654.263,2,3.732,263.69
2026-09-27T21:24:54.000Z,1790544294.000,32.643090394,-117.196897781,4.138,76.815,66.115,70.82,60.12,10.7,3.62,-0.176,6.66,-124.322,306.498,-1494,-652.758,2,3.867,262.095
2026-09-27T21:24:55.000Z,1790544295.000,32.643094189,-117.196874728,4.3,78.045,67.345,69.224,58.524,10.7,1.238,0.055,6.661,-122.737,306.487,-1495,-651.075,2,4.048,260.447
2026-09-27T21:24:56.000Z,1790544296.000,32.643098529,-117.196850992,4.698,77.606,66.906,68.529,57.829,10.7,5.188,0.034,6.662,-121.874,306.655,-1496,-649.308,2,4.409,258.756
2026-09-27T21:24:57.000Z,1790544297.000,32.643102788,-117.196827272,4.85,73.928,63.228,69.388,58.688,10.7,6.226,-0.162,6.663,-122.763,306.625,-1497,-647.448,2,4.431,257.144
2026-09-27T21:24:58.000Z,1790544298.000,32.643108337,-117.196804184,4.358,75.629,64.929,65.683,54.983,10.7,2.642,-0.866,6.664,-119.228,306.456,-1498,-645.975,2,4.03,255.245
2026-09-27T21:24:59.000Z,1790544299.000,32.643112408,-117.196782196,3.895,75.616,64.916,66.968,56.268,10.7,5.822,0.86,6.666,-120.832,306.135,-1499,-644.224,2,3.599,253.758
2026-09-27T21:25:00.000Z,1790544300.000,32.643116694,-117.196760994,4.1,76.476,65.776,65.804,55.104,10.7,1.17,0.502,6.667,-120.087,305.717,-1500,-642.7,2,3.809,252.189
2026-09-27T21:25:01.000Z,1790544301.000,32.643121212,-117.196739648,3.928,80.484,69.784,64.064,53.364,10.7,0.348,0.18,6.668,-118.985,305.079,-1501,-641.212,2,3.74,250.569
2026-09-27T21:25:02.000Z,1790544302.000,32.643125319,-117.196717865,4,76.854,66.154,64.27,53.57,10.7,-0.16,0.2,6.669,-120.114,304.156,-1502,-639.547,2,3.722,249.043
2026-09-27T21:25:03.000Z,1790544303.000,32.643128344,-117.19669577,4.232,79.797,69.097,65.468,54.768,10.7,-4.104,-1.08,6.67,-122.144,303.325,-1503,-637.742,2,4.011,247.641
2026-09-27T21:25:04.000Z,1790544304.000,32.643130663,-117.196671974,4.429,84.952,74.252,67.263,56.563,10.7,0.222,0.068,6.671,-124.579,302.684,-1504,-635.724,2,4.307,246.24
2026-09-27T21:25:05.000Z,1790544305.000,32.643133375,-117.196646422,4.875,82.979,72.279,69.537,58.837,10.7,1.851,0.263,6.672,-127.276,302.261,-1505,-633.552,2,4.698,244.735
2026-09-27T21:25:06.000Z,1790544306.000,32.643136856,-117.196620926,4.661,79.42,68.72,71.778,61.078,10.7,2.608,-0.792,6.673,-130.071,301.707,-1506,-631.428,2,4.404,243.168
2026-09-27T21:25:07.000Z,1790544307.000,32.643141003,-117.196596717,4.533,76.338,65.638,69.734,59.034,10.7,1.434,-1.035,6.674,-128.852,300.882,-1507,-629.687,2,4.194,241.404
2026-09-27T21:25:08.000Z,1790544308.000,32.643145152,-117.196571611,4.861,77.56,66.86,68.161,57.461,10.7,2.552,-0.007,6.676,-128.397,299.764,-1508,-627.847,2,4.533,239.617
2026-09-27T21:25:09.000Z,1790544309.000,32.643149649,-117.196545065,5.161,78.362,67.662,70.044,59.344,10.7,0.373,-0.356,6.677,-131.424,298.62,-1509,-625.699,2,4.835,237.88
2026-09-27T21:25:10.000Z,1790544310.000,32.643153399,-117.196517709,5.066,81.298,70.598,72.865,62.165,10.7,-0.766,-0.433,6.678,-135.433,297.432,-1510,-623.398,2,4.83,236.22
2026-09-27T21:25:11.000Z,1790544311.000,32.643155632,-117.196491477,4.766,84.753,74.053,74.19,63.49,10.7,0.563,-0.527,6.679,-137.126,297.064,-1511,-621.209,2,4.62,234.688
2026-09-27T21:25:12.000Z,1790544312.000,32.6431564,-117.196467091,4.147,88.497,77.797,77.263,66.563,10.7,0.131,0.5,6.68,-140.531,296.733,-1512,-619.019,2,4.078,233.485
2026-09-27T21:25:13.000Z,1790544313.000,32.643155889,-117.196443638,4.03,94.397,83.697,79.681,68.981,10.7,-0.238,-0.919,6.681,-143.367,296.314,-1513,-616.89,2,4.017,232.421
2026-09-27T21:25:14.000Z,1790544314.000,32.643154399,-117.196421851,3.967,92.834,82.134,79.467,68.767,10.7,-0.534,-0.101,6.682,-143.396,296.071,-1514,-614.983,2,3.944,231.387
2026-09-27T21:25:15.000Z,1790544315.000,32.643152603,-117.196399849,3.869,96.131,85.431,79.503,68.803,10.7,1.172,-0.772,6.683,-143.487,296.016,-1515,-613.031,2,3.864,230.383
2026-09-27T21:25:16.000Z,1790544316.000,32.643152,-117.196377058,4.324,90.027,79.327,77.524,66.824,10.7,0.176,-1.197,6.684,-141.538,295.986,-1516,-611.166,2,4.271,229.115
2026-09-27T21:25:17.000Z,1790544317.000,32.64315244,-117.196352168,4.579,87.738,77.038,73.681,62.981,10.7,-0.76,0.321,6.686,-137.666,296.015,-1517,-609.275,2,4.489,227.547
2026-09-27T21:25:18.000Z,1790544318.000,32.643153365,-117.196326185,4.8,86.11,75.41,74.034,63.334,10.7,-0.095,-0.865,6.687,-137.908,296.126,-1518,-607.098,2,4.676,226.099
2026-09-27T21:25:19.000Z,1790544319.000,32.643154696,-117.19629865,5.07,85.647,74.947,74.574,63.874,10.7,1.491,0.635,6.688,-138.254,296.32,-1519,-604.798,2,4.928,224.541
2026-09-27T21:25:20.000Z,1790544320.000,32.643157073,-117.196270644,4.876,84.214,73.514,74.992,64.292,10.7,6.857,0.746,6.689,-138.326,296.666,-1520,-602.514,2,4.707,222.856
2026-09-27T21:25:21.000Z,1790544321.000,32.643161319,-117.196244394,4.838,76.425,65.725,71.775,61.075,10.7,8.694,-0.9,6.69,-134.801,296.974,-1521,-600.663,2,4.453,220.908
2026-09-27T21:25:22.000Z,1790544322.000,32.643167798,-117.196220574,4.5,68.443,57.743,65.3,54.6,10.7,6.2,-0.533,6.691,-127.917,297.383,-1522,-599.33,2,3.851,218.756
2026-09-27T21:25:23.000Z,1790544323.000,32.64317473,-117.196198417,4.336,65.953,55.253,61.617,50.917,10.7,0.961,-0.064,6.692,-123.94,297.677,-1523,-598.014,2,3.603,216.799
2026-09-27T21:25:24.000Z,1790544324.000,32.643179875,-117.196176471,3.9,73.559,62.859,62.159,51.459,10.7,-0.097,-0.03,6.693,-124.533,297.626,-1524,-596.361,2,3.497,215.181
2026-09-27T21:25:25.000Z,1790544325.000,32.643184937,-117.196155152,4.134,73.881,63.181,61.199,50.499,10.7,-0.266,-0.731,6.694,-123.974,297.225,-1525,-594.855,2,3.713,213.549
2026-09-27T21:25:26.000Z,1790544326.000,32.643189717,-117.196133133,4.265,73.938,63.238,61.074,50.374,10.7,2.261,-0.014,6.696,-124.146,296.928,-1526,-593.222,2,3.83,211.936
2026-09-27T21:25:27.000Z,1790544327.000,32.643194521,-117.196111168,4,75.113,64.413,61.638,50.938,10.7,1.162,-0.3,6.697,-124.735,296.903,-1527,-591.55,2,3.624,210.349
2026-09-27T21:25:28.000Z,1790544328.000,32.643199527,-117.196088664,4.2,77.178,66.478,58.864,48.164,10.7,-1,0.452,6.698,-121.763,297.101,-1528,-590.063,2,3.863,208.597
2026-09-27T21:25:29.000Z,1790544329.000,32.643204908,-117.196063965,4.767,73.351,62.651,60.561,49.861,10.7,1.031,-0.027,6.699,-122.895,297.666,-1529,-588.11,2,4.247,206.849
2026-09-27T21:25:30.000Z,1790544330.000,32.643210607,-117.196038409,4.938,74.886,64.186,62.627,51.927,10.7,1.876,-0.49,6.7,-124.38,298.248,-1530,-586.078,2,4.453,205.045
2026-09-27T21:25:31.000Z,1790544331.000,32.643216547,-117.196011738,5.1,74.757,64.057,63.613,52.913,10.7,2.638,-0.364,6.701,-125.077,298.536,-1531,-584.034,2,4.59,203.121
2026-09-27T21:25:32.000Z,1790544332.000,32.643222882,-117.195985738,4.9,74.104,63.404,63.864,53.164,10.7,2.775,0.007,6.702,-125.18,298.684,-1532,-582.113,2,4.38,201.169
2026-09-27T21:25:33.000Z,1790544333.000,32.643229322,-117.195960851,4.766,74.357,63.657,64.694,53.994,10.7,2.034,-0.637,6.703,-125.902,298.792,-1533,-580.255,2,4.265,199.29
2026-09-27T21:25:34.000Z,1790544334.000,32.643235468,-117.1959359,4.772,75.06,64.36,65.428,54.728,10.7,0.972,-0.328,6.704,-126.692,298.736,-1534,-578.384,2,4.292,197.431
2026-09-27T21:25:35.000Z,1790544335.000,32.643241908,-117.195910778,4.81,72.914,62.214,66.03,55.33,10.7,1.37,-0.1,6.706,-127.532,298.498,-1535,-576.522,2,4.239,195.531
2026-09-27T21:25:36.000Z,1790544336.000,32.643247579,-117.195885206,4.932,75.961,65.261,65.568,54.868,10.7,2.8,-0.628,6.707,-127.264,298.304,-1536,-574.65,2,4.46,193.632
2026-09-27T21:25:37.000Z,1790544337.000,32.643253115,-117.195859886,4.9,74.425,63.725,65.435,54.735,10.7,2.77,-0.805,6.708,-127.023,298.412,-1537,-572.773,2,4.368,191.774
2026-09-27T21:25:38.000Z,1790544338.000,32.643257851,-117.195834656,4.922,78.865,68.165,64.651,53.951,10.7,2.294,-0.39,6.709,-126.148,298.503,-1538,-570.907,2,4.544,189.967
2026-09-27T21:25:39.000Z,1790544339.000,32.643263064,-117.195809096,4.6,77.155,66.455,63.653,52.953,10.7,0.683,0.292,6.71,-125.011,298.641,-1539,-569.049,2,4.187,188.09
2026-09-27T21:25:40.000Z,1790544340.000,32.643268,-117.195783967,4.633,78.867,68.167,65,54.3,10.7,1.767,-0.367,6.711,-126.229,298.771,-1540,-567.067,2,4.269,186.357
2026-09-27T21:25:41.000Z,1790544341.000,32.64327285,-117.195758243,4.7,78.136,67.436,66.683,55.983,10.7,1.322,0.106,6.712,-127.669,299.014,-1541,-565.012,2,4.304,184.616
2026-09-27T21:25:42.000Z,1790544342.000,32.643277808,-117.195732859,4.812,75.588,64.888,67.654,56.954,10.7,1.754,-1.175,6.713,-128.383,299.271,-1542,-563.035,2,4.312,182.855
2026-09-27T21:25:43.000Z,1790544343.000,32.643282477,-117.195710022,4.2,74.578,63.878,65.015,54.315,10.7,0.903,-1.751,6.714,-125.553,299.462,-1543,-561.481,2,3.725,181.101
2026-09-27T21:25:44.000Z,1790544344.000,32.643287021,-117.195687521,4.459,76.23,65.53,61.634,50.935,10.7,1.734,-0.186,6.716,-121.815,299.819,-1544,-560.003,2,4.007,179.356
2026-09-27T21:25:45.000Z,1790544345.000,32.643292173,-117.195664709,4.336,76.6,65.9,61.255,50.555,10.7,-0.082,0.109,6.717,-120.976,300.279,-1545,-558.338,2,3.906,177.658
2026-09-27T21:25:46.000Z,1790544346.000,32.643296318,-117.195640344,4.539,80.174,69.474,64.97,54.27,10.7,-0.449,0.149,6.718,-124.344,300.626,-1546,-556.23,2,4.201,176.127
2026-09-27T21:25:47.000Z,1790544347.000,32.643299937,-117.195616275,4.567,83.994,73.294,67.667,56.967,10.7,-0.564,-0.497,6.719,-126.806,300.861,-1547,-554.196,2,4.33,174.631
2026-09-27T21:25:48.000Z,1790544348.000,32.643304019,-117.195592729,4.465,74.513,63.813,68.265,57.565,10.7,0.069,-0.804,6.72,-126.936,301.33,-1548,-552.357,2,3.938,173.032
2026-09-27T21:25:49.000Z,1790544349.000,32.643308259,-117.195569106,4.152,78.125,67.425,67.376,56.676,10.7,1.038,-1.152,6.721,-125.673,301.702,-1549,-550.608,2,3.774,171.348
2026-09-27T21:25:50.000Z,1790544350.000,32.643313458,-117.195543417,4.869,75.496,64.796,65.582,54.882,10.7,0.224,-1.158,6.722,-123.788,301.794,-1550,-548.785,2,4.322,169.43
2026-09-27T21:25:51.000Z,1790544351.000,32.6433176,-117.195516533,4.867,77.367,66.667,68.533,57.833,10.7,0.4,0.1,6.723,-126.733,301.8,-1551,-546.523,2,4.387,167.75
2026-09-27T21:25:52.000Z,1790544352.000,32.643321437,-117.195488866,5.025,79.726,69.026,74.762,64.062,10.7,1.025,-0.875,6.724,-132.969,301.793,-1552,-544.011,2,4.613,166.232
2026-09-27T21:25:53.000Z,1790544353.000,32.643323996,-117.195463472,4.471,79.933,69.233,76.742,66.042,10.7,0.271,0.729,6.726,-135.272,301.469,-1553,-541.877,2,4.108,164.753
2026-09-27T21:25:54.000Z,1790544354.000,32.643324332,-117.195441631,3.765,89.495,78.795,76.697,65.997,10.7,3.97,-1.165,6.727,-135.543,301.155,-1554,-540.044,2,3.657,163.558
2026-09-27T21:25:55.000Z,1790544355.000,32.643324798,-117.195420903,3.932,88.054,77.354,75.195,64.495,10.7,1.807,-1.195,6.728,-134.394,300.801,-1555,-538.386,2,3.793,162.333
2026-09-27T21:25:56.000Z,1790544356.000,32.643326663,-117.195399225,4.2,85.08,74.38,73.332,62.632,10.7,-2.285,0.363,6.729,-132.95,300.382,-1556,-536.735,2,3.987,160.913
2026-09-27T21:25:57.000Z,1790544357.000,32.6433279,-117.195376095,4.1,86.376,75.676,72.512,61.812,10.7,3.539,-0.152,6.73,-132.568,299.944,-1557,-534.877,2,3.918,159.529
2026-09-27T21:25:58.000Z,1790544358.000,32.643329161,-117.195352673,4.435,84.497,73.797,71.17,60.47,10.7,3.758,-0.935,6.731,-131.666,299.504,-1558,-533.026,2,4.19,158.102
2026-09-27T21:25:59.000Z,1790544359.000,32.643331312,-117.195328734,4.792,81.119,70.419,71.792,61.092,10.7,1.016,-0.68,6.732,-132.621,299.171,-1559,-531.063,2,4.425,156.662
2026-09-27T21:26:00.000Z,1790544360.000,32.643334163,-117.195303751,4.818,81.656,70.956,69.537,58.837,10.7,1.803,-0.361,6.733,-130.629,298.908,-1560,-529.208,2,4.462,154.965
2026-09-27T21:26:01.000Z,1790544361.000,32.643337681,-117.195277361,4.9,77.84,67.14,66.664,55.964,10.7,7.197,-0.936,6.734,-128.024,298.64,-1561,-527.307,2,4.399,153.112
2026-09-27T21:26:02.000Z,1790544362.000,32.643342756,-117.195252441,4.634,71.842,61.142,60.903,50.203,10.7,8.971,-0.187,6.736,-122.505,298.398,-1562,-525.799,2,3.915,151.094
2026-09-27T21:26:03.000Z,1790544363.000,32.643349767,-117.195229629,4.264,68.238,57.538,58.071,47.371,10.7,3.984,-0.491,6.737,-119.924,298.147,-1563,-524.386,2,3.444,149.143
2026-09-27T21:26:04.000Z,1790544364.000,32.643356786,-117.195208012,4.241,67.253,56.553,58.559,47.859,10.7,1.673,0.241,6.738,-120.624,297.935,-1564,-522.852,2,3.374,147.367
2026-09-27T21:26:05.000Z,1790544365.000,32.643362806,-117.195188013,3.867,68.925,58.225,61.2,50.5,10.7,-0.369,-0.733,6.739,-123.703,297.497,-1565,-521.265,2,3.139,145.844
2026-09-27T21:26:06.000Z,1790544366.000,32.643369258,-117.195167669,4.232,72.341,61.641,59.3,48.6,10.7,-2.083,-1.103,6.74,-121.863,297.437,-1566,-519.971,2,3.569,144.105
2026-09-27T21:26:07.000Z,1790544367.000,32.643374542,-117.195145754,4.4,72.847,62.147,60.775,50.075,10.7,5.276,-1.361,6.741,-123.558,297.217,-1567,-518.264,2,3.726,142.508
2026-09-27T21:26:08.000Z,1790544368.000,32.643381929,-117.195122806,4.669,70.29,59.59,59.186,48.486,10.7,0.451,-0.592,6.742,-122.328,296.858,-1568,-516.773,2,3.83,140.556
2026-09-27T21:26:09.000Z,1790544369.000,32.64338894,-117.19509744,5.169,72.628,61.928,61.87,51.17,10.7,-0.67,-0.202,6.743,-125.406,296.464,-1569,-514.776,2,4.349,138.661
2026-09-27T21:26:10.000Z,1790544370.000,32.643394748,-117.195071229,4.9,77.157,66.457,66.878,56.178,10.7,-1.424,-1.33,6.744,-130.738,296.14,-1570,-512.514,2,4.314,136.937
2026-09-27T21:26:11.000Z,1790544371.000,32.643399151,-117.195045394,5.061,80.159,69.459,68.29,57.59,10.7,1.735,0.294,6.746,-132.286,296.003,-1571,-510.447,2,4.57,135.223
2026-09-27T21:26:12.000Z,1790544372.000,32.643403545,-117.195019729,4.736,78.009,67.309,68.6,57.9,10.7,0.968,-0.732,6.747,-132.49,296.11,-1572,-508.461,2,4.191,133.47
2026-09-27T21:26:13.000Z,1790544373.000,32.643406902,-117.194994158,4.799,80.13,69.43,69.766,59.066,10.7,0.998,-0.533,6.748,-133.38,296.387,-1573,-506.384,2,4.322,131.857
2026-09-27T21:26:14.000Z,1790544374.000,32.643410486,-117.194967764,4.964,82.1,71.4,68.693,57.993,10.7,-1.5,0.164,6.749,-131.852,296.841,-1574,-504.378,2,4.537,130.076
2026-09-27T21:26:15.000Z,1790544375.000,32.643413189,-117.194938946,5.44,80.943,70.243,72.6,61.9,10.7,-1.841,-0.481,6.75,-135.085,297.515,-1575,-501.84,2,4.921,128.483
2026-09-27T21:26:16.000Z,1790544376.000,32.643414603,-117.194910073,5.3,85.249,74.549,75.742,65.042,10.7,0.242,-0.103,6.751,-137.746,297.996,-1576,-499.292,2,4.948,126.98
2026-09-27T21:26:17.000Z,1790544377.000,32.643415631,-117.194883734,4.561,86.857,76.157,78.269,67.569,10.7,2.292,0.173,6.752,-139.911,298.359,-1577,-496.981,2,4.3,125.624
2026-09-27T21:26:18.000Z,1790544378.000,32.643415862,-117.194861292,3.738,87.965,77.265,76.59,65.89,10.7,6.097,-0.221,6.753,-137.78,298.809,-1578,-495.173,2,3.545,124.317
2026-09-27T21:26:19.000Z,1790544379.000,32.643416707,-117.194841203,3.4,86.721,76.021,72.685,61.985,10.7,1.878,0.185,6.754,-133.542,299.143,-1579,-493.716,2,3.198,122.968
2026-09-27T21:26:20.000Z,1790544380.000,32.643416867,-117.194820774,3.866,90.797,80.097,72.735,62.035,10.7,-0.135,0.198,6.756,-133.249,299.485,-1580,-491.989,2,3.719,121.869
2026-09-27T21:26:21.000Z,1790544381.000,32.643417136,-117.194796943,4.4,92.88,82.18,74.439,63.739,10.7,0.883,-2.228,6.757,-134.646,299.793,-1581,-489.89,2,4.272,120.664
2026-09-27T21:26:22.000Z,1790544382.000,32.643417782,-117.194770508,5.042,87.483,76.783,75.203,64.503,10.7,3.194,0.192,6.758,-135.092,300.111,-1582,-487.639,2,4.757,119.24
2026-09-27T21:26:23.000Z,1790544383.000,32.643419772,-117.194741757,5.132,84.366,73.666,76.455,65.755,10.7,2.076,0.604,6.759,-136.068,300.387,-1583,-485.231,2,4.737,117.596
2026-09-27T21:26:24.000Z,1790544384.000,32.643420632,-117.194714737,4.966,89.11,78.41,77.732,67.032,10.7,6.8,-0.3,6.76,-137.077,300.655,-1584,-482.917,2,4.723,116.15
2026-09-27T21:26:25.000Z,1790544385.000,32.643421854,-117.194689594,4.437,85.417,74.717,77.017,66.317,10.7,3.773,-0.861,6.761,-136.036,300.981,-1585,-480.879,2,4.119,114.662
2026-09-27T21:26:26.000Z,1790544386.000,32.64342297,-117.194664797,4.319,87.135,76.435,77.351,66.651,10.7,1.892,-0.022,6.762,-136.081,301.27,-1586,-478.813,2,4.053,113.26
2026-09-27T21:26:27.000Z,1790544387.000,32.643423532,-117.194640692,4.568,90.758,80.058,78.273,67.573,10.7,2.34,-0.505,6.763,-136.712,301.561,-1587,-476.751,2,4.375,111.978
2026-09-27T21:26:28.000Z,1790544388.000,32.643422735,-117.194617065,4.4,92.71,82.01,80.357,69.657,10.7,4.592,-0.292,6.764,-138.443,301.914,-1588,-474.612,2,4.254,110.913
2026-09-27T21:26:29.000Z,1790544389.000,32.643421255,-117.194594402,4.077,94.633,83.933,81.184,70.484,10.7,1.348,0.025,6.766,-138.966,302.218,-1589,-472.582,2,3.974,109.892
2026-09-27T21:26:30.000Z,1790544390.000,32.643418615,-117.194571481,4.131,100.236,89.536,83.977,73.277,10.7,2.239,-0.561,6.767,-141.611,302.367,-1590,-470.393,2,4.097,109.083
2026-09-27T21:26:31.000Z,1790544391.000,32.643414603,-117.194548924,4.531,96.943,86.243,85.632,74.932,10.7,1.071,-0.428,6.768,-143.322,302.31,-1591,-468.223,2,4.453,108.354
2026-09-27T21:26:32.000Z,1790544392.000,32.643411421,-117.194525175,4.5,100.084,89.384,85.414,74.714,10.7,1.708,0.064,6.769,-143.147,302.266,-1592,-466.069,2,4.461,107.369
2026-09-27T21:26:33.000Z,1790544393.000,32.643408257,-117.194500663,4.539,96.525,85.825,84.918,74.218,10.7,4.21,0.436,6.77,-142.528,302.39,-1593,-463.861,2,4.453,106.324
2026-09-27T21:26:34.000Z,1790544394.000,32.643406763,-117.194475356,4.563,92.97,82.27,85.554,74.854,10.7,2.249,-0.454,6.771,-143.128,302.426,-1594,-461.62,2,4.411,105.155
2026-09-27T21:26:35.000Z,1790544395.000,32.643405434,-117.194449925,4.768,92.304,81.604,84.697,73.997,10.7,3.941,-0.829,6.772,-142.198,302.499,-1595,-459.436,2,4.592,103.871
2026-09-27T21:26:36.000Z,1790544396.000,32.643404597,-117.19442363,4.821,96.934,86.234,84.921,74.221,10.7,4.408,-0.176,6.773,-142.206,302.715,-1596,-457.158,2,4.731,102.563
2026-09-27T21:26:37.000Z,1790544397.000,32.643403759,-117.194396567,4.7,90.445,79.745,85.541,74.841,10.7,0.377,-0.352,6.774,-142.632,302.909,-1597,-454.799,2,4.478,101.24
2026-09-27T21:26:38.000Z,1790544398.000,32.643402766,-117.194371475,4.498,93.858,83.158,83.366,72.666,10.7,6.27,-0.064,6.776,-140.221,303.145,-1598,-452.715,2,4.357,99.861
2026-09-27T21:26:39.000Z,1790544399.000,32.643402766,-117.194348132,4.334,91.058,80.358,80.47,69.77,10.7,3.408,-0.934,6.777,-137.17,303.3,-1599,-450.865,2,4.137,98.448
2026-09-27T21:26:40.000Z,1790544400.000,32.643403361,-117.194324718,4.339,87.713,77.013,76.748,66.048,10.7,-1.969,0.587,6.778,-133.521,303.227,-1600,-449.088,2,4.055,96.939
2026-09-27T21:26:41.000Z,1790544401.000,32.64340279,-117.19429957,4.54,94.21,83.51,76.53,65.83,10.7,-1.72,-1.21,6.779,-133.434,303.097,-1601,-446.94,2,4.396,95.641
2026-09-27T21:26:42.000Z,1790544402.000,32.643400933,-117.194274067,4.8,95.033,84.333,77.367,66.667,10.7,1.867,-0.667,6.78,-134.404,302.962,-1602,-444.649,2,4.663,94.501
2026-09-27T21:26:43.000Z,1790544403.000,32.643399704,-117.194249006,4.6,93.548,82.848,76.97,66.27,10.7,-1,0.535,6.781,-134.203,302.767,-1603,-442.486,2,4.437,93.259
2026-09-27T21:26:44.000Z,1790544404.000,32.643397778,-117.19422484,4.417,94.731,84.031,79.283,68.583,10.7,2.048,-0.778,6.782,-136.76,302.522,-1604,-440.234,2,4.282,92.28
2026-09-27T21:26:45.000Z,1790544405.000,32.6433972,-117.194201508,4.337,89.814,79.114,78.174,67.474,10.7,-0.8,-0.38,6.783,-135.866,302.309,-1605,-438.282,2,4.095,91.029
2026-09-27T21:26:46.000Z,1790544406.000,32.6433971,-117.194177375,4.499,89.004,78.304,77.835,67.135,10.7,-0.436,0.367,6.784,-135.726,302.109,-1606,-436.248,2,4.223,89.736
2026-09-27T21:26:47.000Z,1790544407.000,32.643398083,-117.194151205,4.961,84.985,74.285,79.883,69.183,10.7,1.695,-0.773,6.786,-137.932,301.951,-1607,-433.977,2,4.521,88.371
2026-09-27T21:26:48.000Z,1790544408.000,32.64339874,-117.194123756,5,88.139,77.439,80.51,69.81,10.7,4.1,-0.349,6.787,-138.74,301.77,-1608,-431.652,2,4.658,86.887
2026-09-27T21:26:49.000Z,1790544409.000,32.643400472,-117.19409707,4.932,84.507,73.807,79.761,69.061,10.7,0.2,0.039,6.788,-138.074,301.686,-1609,-429.507,2,4.465,85.267
2026-09-27T21:26:50.000Z,1790544410.000,32.643401562,-117.194070129,4.935,86.176,75.476,79.776,69.076,10.7,1.7,0.155,6.789,-137.906,301.87,-1610,-427.274,2,4.52,83.735
2026-09-27T21:26:51.000Z,1790544411.000,32.643402262,-117.194043429,4.9,90.115,79.415,78.509,67.809,10.7,1.009,-1.338,6.79,-136.501,302.008,-1611,-425.104,2,4.608,82.179
2026-09-27T21:26:52.000Z,1790544412.000,32.6434027,-117.194016777,4.8,89.612,78.912,76.379,65.679,10.7,1.97,-0.327,6.791,-134.327,302.052,-1612,-422.971,2,4.494,80.604
2026-09-27T21:26:53.000Z,1790544413.000,32.6434027,-117.19399074,4.733,89.922,79.222,76.7,66,10.7,-1.105,-0.134,6.792,-134.866,301.834,-1613,-420.747,2,4.436,79.237
2026-09-27T21:26:54.000Z,1790544414.000,32.643402335,-117.193964601,4.671,91.552,80.852,78.2,67.5,10.7,-0.612,-0.035,6.793,-136.454,301.746,-1614,-418.44,2,4.419,77.964
2026-09-27T21:26:55.000Z,1790544415.000,32.643401339,-117.193938906,4.739,92.049,81.349,78.339,67.639,10.7,-0.439,-0.9,6.794,-136.884,301.455,-1615,-416.208,2,4.493,76.696
2026-09-27T21:26:56.000Z,1790544416.000,32.643400367,-117.1939128,4.6,93.934,83.234,77.367,66.667,10.7,2.967,0.033,6.796,-136.183,301.184,-1616,-413.996,2,4.404,75.343
2026-09-27T21:26:57.000Z,1790544417.000,32.643400234,-117.193887534,4.502,90.982,80.282,75.734,65.034,10.7,1.102,-1.332,6.797,-134.764,300.97,-1617,-411.931,2,4.233,73.923
2026-09-27T21:26:58.000Z,1790544418.000,32.643401746,-117.193861696,4.738,84.734,74.034,73.154,62.454,10.7,0.484,-0.277,6.798,-132.254,300.899,-1618,-409.948,2,4.245,72.277
2026-09-27T21:26:59.000Z,1790544419.000,32.643403749,-117.193834256,4.8,86.203,75.503,73.73,63.03,10.7,0.381,-0.241,6.799,-132.771,300.959,-1619,-407.686,2,4.346,70.664
2026-09-27T21:27:00.000Z,1790544420.000,32.643405706,-117.193806508,5.168,84.514,73.814,76.168,65.468,10.7,0.729,-0.455,6.8,-135.145,301.023,-1620,-405.298,2,4.605,69.137
2026-09-27T21:27:01.000Z,1790544421.000,32.643408065,-117.193778607,5.235,84.376,73.676,76.527,65.827,10.7,-0.965,-0.865,6.801,-135.431,301.096,-1621,-403.026,2,4.649,67.457
2026-09-27T21:27:02.000Z,1790544422.000,32.643408784,-117.193752089,4.861,88.638,77.938,77.823,67.123,10.7,1.164,-0.007,6.802,-136.696,301.127,-1622,-400.747,2,4.466,66.052
2026-09-27T21:27:03.000Z,1790544423.000,32.643409943,-117.193725363,4.937,84.288,73.588,78.531,67.831,10.7,-0.406,-0.6,6.803,-137.512,301.019,-1623,-398.502,2,4.367,64.565
2026-09-27T21:27:04.000Z,1790544424.000,32.643411,-117.193698681,5.001,87.406,76.706,77.2,66.5,10.7,0.603,-0.466,6.804,-136.26,300.94,-1624,-396.355,2,4.536,62.975
2026-09-27T21:27:05.000Z,1790544425.000,32.643411997,-117.193671397,5.066,88.335,77.634,75.634,64.935,10.7,1.634,-1.066,6.806,-134.7,300.935,-1625,-394.169,2,4.62,61.349
2026-09-27T21:27:06.000Z,1790544426.000,32.643412563,-117.193643868,5.163,88.687,77.987,72.795,62.095,10.7,0.754,0.085,6.807,-131.906,300.89,-1626,-392.013,2,4.713,59.686
2026-09-27T21:27:07.000Z,1790544427.000,32.64341253,-117.193615616,5.2,92.401,81.701,73.02,62.32,10.7,0.641,-0.03,6.808,-132.355,300.665,-1627,-389.604,2,4.868,58.198
2026-09-27T21:27:08.000Z,1790544428.000,32.643412533,-117.193587847,5.033,92.943,82.243,74.135,63.435,10.7,-2.133,-0.634,6.809,-133.551,300.584,-1628,-387.19,2,4.722,56.778
2026-09-27T21:27:09.000Z,1790544429.000,32.643412397,-117.193559932,5.1,85.338,74.638,75.638,64.938,10.7,0.6,0.197,6.81,-135.133,300.505,-1629,-384.738,2,4.502,55.385
2026-09-27T21:27:10.000Z,1790544430.000,32.643413544,-117.19353297,5.078,85.01,74.31,74.817,64.117,10.7,1.466,-0.234,6.811,-134.419,300.399,-1630,-382.55,2,4.459,53.803
2026-09-27T21:27:11.000Z,1790544431.000,32.64341609,-117.193506837,4.49,81.159,70.459,74.11,63.41,10.7,0.75,-0.11,6.812,-133.72,300.39,-1631,-380.492,2,3.778,52.144
2026-09-27T21:27:12.000Z,1790544432.000,32.643418776,-117.193482097,4.564,82.551,71.851,73.4,62.7,10.7,0.755,-0.568,6.813,-133.033,300.367,-1632,-378.559,2,3.888,50.546
2026-09-27T21:27:13.000Z,1790544433.000,32.643421731,-117.193457926,4.698,79.014,68.314,73.032,62.332,10.7,-2.063,-0.863,6.814,-132.49,300.542,-1633,-376.67,2,3.831,48.972
2026-09-27T21:27:14.000Z,1790544434.000,32.643424348,-117.193432317,4.824,85.894,75.194,73.138,62.438,10.7,0.329,0.172,6.816,-132.564,300.574,-1634,-374.617,2,4.229,47.376
2026-09-27T21:27:15.000Z,1790544435.000,32.643426136,-117.193405293,5,85.168,74.468,74.454,63.754,10.7,2.282,-1.277,6.817,-133.87,300.584,-1635,-372.34,2,4.342,45.843
2026-09-27T21:27:16.000Z,1790544436.000,32.643428442,-117.19337623,5.4,85.521,74.821,73.7,63,10.7,-2.121,-0.242,6.818,-133.163,300.537,-1636,-370.025,2,4.692,44.047
2026-09-27T21:27:17.000Z,1790544437.000,32.6434299,-117.193346947,5.4,90.463,79.763,76.204,65.504,10.7,-2.439,0.5,6.819,-135.79,300.415,-1637,-367.48,2,4.895,42.488
2026-09-27T21:27:18.000Z,1790544438.000,32.643430073,-117.193317506,5.336,91.256,80.556,78.791,68.091,10.7,1.218,-0.073,6.82,-138.598,300.193,-1638,-364.865,2,4.859,41.05
2026-09-27T21:27:19.000Z,1790544439.000,32.6434295,-117.193290341,4.941,89.63,78.93,79.881,69.181,10.7,0.63,-0.678,6.821,-140.004,299.878,-1639,-362.483,2,4.431,39.72
2026-09-27T21:27:20.000Z,1790544440.000,32.643429269,-117.19326422,4.631,88.593,77.893,76.655,65.955,10.7,0.417,-0.352,6.822,-137.063,299.592,-1640,-360.415,2,4.105,38.171
2026-09-27T21:27:21.000Z,1790544441.000,32.643428075,-117.193240546,4.4,93.865,83.165,73.345,62.645,10.7,1.62,0.165,6.823,-134.042,299.304,-1641,-358.525,2,4.064,36.848
2026-09-27T21:27:22.000Z,1790544442.000,32.643427365,-117.193216681,4.33,88.625,77.925,72.97,62.27,10.7,0.08,-0.56,6.824,-133.783,299.187,-1642,-356.488,2,3.824,35.625
2026-09-27T21:27:23.000Z,1790544443.000,32.643427862,-117.193193325,4.585,86.56,75.86,74.246,63.546,10.7,-2.546,0.154,6.826,-134.999,299.247,-1643,-354.463,2,3.96,34.403
2026-09-27T21:27:24.000Z,1790544444.000,32.643429173,-117.193168623,4.432,84.927,74.227,76.195,65.495,10.7,-2.085,0.005,6.827,-136.78,299.415,-1644,-352.33,2,3.753,33.072
2026-09-27T21:27:25.000Z,1790544445.000,32.643430335,-117.193144818,4.3,87.071,76.371,75.8,65.1,10.7,4.045,-0.432,6.828,-136.581,299.219,-1645,-350.387,2,3.714,31.679
2026-09-27T21:27:26.000Z,1790544446.000,32.643433396,-117.193120069,4.632,82.35,71.65,74.036,63.336,10.7,2.1,-0.432,6.829,-134.813,299.223,-1646,-348.526,2,3.78,29.99
2026-09-27T21:27:27.000Z,1790544447.000,32.643436123,-117.193093451,5.094,83.338,72.638,73.206,62.506,10.7,4.223,-0.4,6.83,-134.006,299.201,-1647,-346.442,2,4.189,28.283
2026-09-27T21:27:28.000Z,1790544448.000,32.643439156,-117.193064592,5.509,80.879,70.179,71.006,60.306,10.7,6.662,-0.638,6.831,-131.956,299.05,-1648,-344.261,2,4.369,26.362
2026-09-27T21:27:29.000Z,1790544449.000,32.64344445,-117.193034631,5.632,75.049,64.349,69.225,58.525,10.7,7.064,-0.607,6.832,-130.355,298.87,-1649,-342.073,2,4.064,24.2
2026-09-27T21:27:30.000Z,1790544450.000,32.643451267,-117.193005667,5.267,73.099,62.399,66.833,56.133,10.7,-0.033,0.033,6.833,-128.318,298.515,-1650,-340.082,2,3.641,21.929
2026-09-27T21:27:31.000Z,1790544451.000,32.643456121,-117.192978576,4.97,79.992,69.292,68.296,57.596,10.7,-0.661,-0.03,6.834,-130.213,298.083,-1651,-337.927,2,3.82,20.109
2026-09-27T21:27:32.000Z,1790544452.000,32.643459665,-117.192954118,4.561,80.782,70.082,68.639,57.939,10.7,-1.361,-0.822,6.836,-130.825,297.815,-1652,-336.001,2,3.528,18.5
2026-09-27T21:27:33.000Z,1790544453.000,32.643462115,-117.19293005,4.269,82.823,72.123,68.716,58.016,10.7,-0.277,-0.107,6.837,-131.137,297.579,-1653,-334.072,2,3.381,16.999
2026-09-27T21:27:34.000Z,1790544454.000,32.643464868,-117.192905649,4.567,84.396,73.696,67.6,56.9,10.7,1.304,-0.199,6.838,-130.268,297.332,-1654,-332.199,2,3.675,15.399
2026-09-27T21:27:35.000Z,1790544455.000,32.643467393,-117.192879594,4.8,82.21,71.51,69.869,59.169,10.7,-0.752,-0.238,6.839,-132.697,297.172,-1655,-329.976,2,3.733,13.886
2026-09-27T21:27:36.000Z,1790544456.000,32.643470427,-117.192853622,4.636,86.587,75.887,72.6,61.9,10.7,-2.019,0.599,6.84,-135.486,297.114,-1656,-327.764,2,3.802,12.36
2026-09-27T21:27:37.000Z,1790544457.000,32.643471911,-117.192829108,4.259,87.089,76.389,74.93,64.23,10.7,2.054,-0.297,6.841,-137.894,297.036,-1657,-325.631,2,3.501,11.04
2026-09-27T21:27:38.000Z,1790544458.000,32.643473837,-117.192807036,4.167,82.877,72.177,71.898,61.198,10.7,2.228,-0.935,6.842,-135.226,296.672,-1658,-324.015,2,3.225,9.536
2026-09-27T21:27:39.000Z,1790544459.000,32.643477131,-117.192784049,4.333,80.174,69.474,69.667,58.967,10.7,-0.398,-0.9,6.843,-133.151,296.517,-1659,-322.348,2,3.199,7.905
2026-09-27T21:27:40.000Z,1790544460.000,32.643480666,-117.192757765,5.244,82.134,71.434,68.027,57.327,10.7,-1.29,-0.805,6.844,-131.553,296.474,-1660,-320.383,2,3.964,6.109
2026-09-27T21:27:41.000Z,1790544461.000,32.643483892,-117.192727987,5.7,82.077,71.377,70.362,59.662,10.7,1.208,0.008,6.846,-133.918,296.443,-1661,-317.875,2,4.276,4.338
2026-09-27T21:27:42.000Z,1790544462.000,32.643487414,-117.192695687,5.869,83.424,72.724,73.838,63.138,10.7,0.155,-0.224,6.847,-137.514,296.324,-1662,-315.111,2,4.461,2.47
2026-09-27T21:27:43.000Z,1790544463.000,32.643490999,-117.192664144,5.7,83.267,72.567,75.765,65.065,10.7,0.399,-0.432,6.848,-139.664,296.101,-1663,-312.505,2,4.29,0.565
2026-09-27T21:27:44.000Z,1790544464.000,32.643494087,-117.192635319,5.036,82.222,71.522,76.136,65.436,10.7,3.907,0.307,6.849,-140.294,295.842,-1664,-310.188,2,3.7,-1.23
2026-09-27T21:27:45.000Z,1790544465.000,32.643496448,-117.19260986,4.424,84.014,73.314,75.252,64.552,10.7,4.469,-0.376,6.85,-139.725,295.527,-1665,-308.187,2,3.32,-2.847
2026-09-27T21:27:46.000Z,1790544466.000,32.643498336,-117.192586873,4.032,86.674,75.974,72.324,61.624,10.7,3.14,-0.396,6.851,-137.125,295.199,-1666,-306.484,2,3.128,-4.393
2026-09-27T21:27:47.000Z,1790544467.000,32.643500862,-117.192565089,3.968,77.629,66.929,69.669,58.969,10.7,0.378,-0.766,6.852,-134.758,294.911,-1667,-304.907,2,2.624,-5.91
2026-09-27T21:27:48.000Z,1790544468.000,32.643503692,-117.192542495,4.131,82.875,72.175,68.696,57.996,10.7,-2.835,-0.265,6.853,-134.034,294.662,-1668,-303.182,2,2.982,-7.415
2026-09-27T21:27:49.000Z,1790544469.000,32.643505754,-117.192519884,4.173,83.655,72.955,71.117,60.417,10.7,-1.283,-0.263,6.854,-136.363,294.754,-1669,-301.223,2,3.033,-8.693
2026-09-27T21:27:50.000Z,1790544470.000,32.643508381,-117.192496268,4.2,84.727,74.027,70.689,59.989,10.7,-2.178,-0.1,6.856,-135.836,294.853,-1670,-299.369,2,3.084,-10.21
2026-09-27T21:27:51.000Z,1790544471.000,32.643510904,-117.192472299,4.465,83.567,72.867,70.196,59.496,10.7,2.167,-0.431,6.857,-135.189,295.007,-1671,-297.485,2,3.192,-11.738
2026-09-27T21:27:52.000Z,1790544472.000,32.643515063,-117.192445719,5.299,77.58,66.88,67.766,57.066,10.7,-0.435,-1.267,6.858,-132.754,295.012,-1672,-295.57,2,3.34,-13.644
2026-09-27T21:27:53.000Z,1790544473.000,32.643519879,-117.192416352,5.647,79.636,68.936,68.323,57.623,10.7,-1.432,-0.785,6.859,-133.357,294.966,-1673,-293.275,2,3.669,-15.621
2026-09-27T21:27:54.000Z,1790544474.000,32.643524715,-117.192384564,5.915,81.154,70.454,70.985,60.285,10.7,1.723,0,6.86,-136.193,294.792,-1674,-290.654,2,3.912,-17.63
2026-09-27T21:27:55.000Z,1790544475.000,32.643530151,-117.192353103,5.631,79.147,68.447,71.8,61.1,10.7,1.369,-0.2,6.861,-137.327,294.473,-1675,-288.198,2,3.521,-19.761
2026-09-27T21:27:56.000Z,1790544476.000,32.643534036,-117.192326349,4.766,80.577,69.877,71.799,61.099,10.7,2.334,-0.166,6.862,-137.805,293.994,-1676,-286.114,2,3.035,-21.539
2026-09-27T21:27:57.000Z,1790544477.000,32.643537418,-117.192304258,3.864,79.099,68.399,71.5,60.8,10.7,0.182,-0.727,6.863,-137.959,293.541,-1677,-284.417,2,2.357,-23.038
2026-09-27T21:27:58.000Z,1790544478.000,32.643539843,-117.192285317,3.461,82.551,71.851,68.694,57.994,10.7,-0.915,-0.361,6.864,-135.336,293.357,-1678,-283.087,2,2.252,-24.399
2026-09-27T21:27:59.000Z,1790544479.000,32.643542148,-117.19226555,3.67,81.887,71.187,67.091,56.391,10.7,0.591,-0.591,6.866,-133.726,293.366,-1679,-281.616,2,2.333,-25.733
2026-09-27T21:28:00.000Z,1790544480.000,32.643544728,-117.192243049,4.5,82.25,71.55,67.563,56.863,10.7,0.694,-1.437,6.867,-134.158,293.404,-1680,-279.802,2,2.853,-27.145
2026-09-27T21:28:01.000Z,1790544481.000,32.643547195,-117.19221751,4.834,81.98,71.28,69.227,58.527,10.7,3.534,-1.163,6.868,-135.881,293.346,-1681,-277.655,2,3.012,-28.653
2026-09-27T21:28:02.000Z,1790544482.000,32.643550763,-117.192191413,4.675,80.862,70.162,68.8,58.1,10.7,5.537,-0.075,6.869,-135.571,293.229,-1682,-275.636,2,2.801,-30.387
2026-09-27T21:28:03.000Z,1790544483.000,32.643555957,-117.192165228,4.662,73.224,62.524,65.687,54.987,10.7,5.644,-0.7,6.87,-132.562,293.125,-1683,-273.849,2,2.223,-32.391
2026-09-27T21:28:04.000Z,1790544484.000,32.643561943,-117.192141534,4.5,70.419,59.719,61.292,50.592,10.7,7.692,0.731,6.871,-128.346,292.945,-1684,-272.403,2,1.901,-34.371
2026-09-27T21:28:05.000Z,1790544485.000,32.643569725,-117.192118456,4.566,65.16,54.46,59.14,48.44,10.7,3.206,-0.037,6.872,-126.462,292.678,-1685,-270.957,2,1.49,-36.386
2026-09-27T21:28:06.000Z,1790544486.000,32.643577584,-117.192095025,4.862,67.278,56.578,58.192,47.492,10.7,-1.285,-0.415,6.873,-125.514,292.678,-1686,-269.405,2,1.7,-38.383
2026-09-27T21:28:07.000Z,1790544487.000,32.643585149,-117.192069193,4.91,71.132,60.432,59.79,49.09,10.7,1.019,-0.28,6.874,-127.133,292.657,-1687,-267.465,2,1.965,-40.395
2026-09-27T21:28:08.000Z,1790544488.000,32.643592069,-117.192042791,5.167,70.897,60.197,61.7,51,10.7,0.066,-0.001,6.876,-129.093,292.607,-1688,-265.427,2,1.987,-42.364
2026-09-27T21:28:09.000Z,1790544489.000,32.643598333,-117.192016933,4.767,74.133,63.433,65.267,54.567,10.7,1.033,0.1,6.877,-132.724,292.543,-1689,-263.304,2,2.025,-44.173
2026-09-27T21:28:10.000Z,1790544490.000,32.643604199,-117.191993213,4.354,76.802,66.102,66.918,56.218,10.7,0.919,-0.227,6.878,-134.461,292.457,-1690,-261.469,2,1.987,-45.901
2026-09-27T21:28:11.000Z,1790544491.000,32.643607925,-117.191972013,3.761,80.182,69.482,68.267,57.567,10.7,0.333,-0.554,6.879,-135.953,292.314,-1691,-259.767,2,1.878,-47.309
2026-09-27T21:28:12.000Z,1790544492.000,32.643610169,-117.191950611,3.831,88.785,78.085,72.601,61.901,10.7,-3.463,-1.238,6.88,-140.474,292.127,-1692,-257.812,2,2.361,-48.447
2026-09-27T21:28:13.000Z,1790544493.000,32.643610266,-117.191928944,3.998,91.913,81.213,78.643,67.943,10.7,-4.463,-0.502,6.881,-146.574,292.07,-1693,-255.668,2,2.608,-49.286
2026-09-27T21:28:14.000Z,1790544494.000,32.643608473,-117.19190573,4.435,95.173,84.473,87.015,76.315,10.7,-5.532,0,6.882,-154.792,292.222,-1694,-253.253,2,3.056,-49.851
2026-09-27T21:28:15.000Z,1790544495.000,32.643603964,-117.191882018,4.4,106.96,96.26,97.165,86.465,10.7,-8.671,0.084,6.883,-164.714,292.451,-1695,-250.709,2,3.606,-50.005
2026-09-27T21:28:16.000Z,1790544496.000,32.643595469,-117.191858748,4.71,115.77,105.07,107.001,96.301,10.7,-7.119,-0.93,6.884,-173.85,293.151,-1696,-248.155,2,4.222,-49.729
2026-09-27T21:28:17.000Z,1790544497.000,32.643585768,-117.191836267,4.605,118.351,107.651,114.85,104.15,10.7,-8.036,1.009,6.886,178.931,293.781,-1697,-245.744,2,4.21,-49.418
2026-09-27T21:28:18.000Z,1790544498.000,32.64357435,-117.191816292,4.402,125.538,114.838,122.656,111.956,10.7,-6.568,-1.2,6.887,171.556,294.212,-1698,-243.552,2,4.215,-48.806
2026-09-27T21:28:19.000Z,1790544499.000,32.64356157,-117.191799608,4.038,136.316,125.616,131.259,120.559,10.7,-10.042,-0.88,6.888,163.367,294.626,-1699,-241.678,2,4.017,-47.827
2026-09-27T21:28:20.000Z,1790544500.000,32.643545811,-117.191787374,4.06,150.326,139.626,138.343,127.643,10.7,-10.319,0.357,6.889,156.665,295.008,-1700,-240.089,2,4.017,-46.47
2026-09-27T21:28:21.000Z,1790544501.000,32.643528867,-117.191777934,3.963,155.498,144.798,141.137,130.437,10.7,-10.151,-1.037,6.89,154.065,295.202,-1701,-238.583,2,3.848,-45.202
2026-09-27T21:28:22.000Z,1790544502.000,32.64351142,-117.191770972,4.166,162.82,152.12,141.229,130.529,10.7,-7.508,-1.225,6.891,154.088,295.317,-1702,-237.173,2,3.878,-43.968
2026-09-27T21:28:23.000Z,1790544503.000,32.643493419,-117.191765618,3.926,163.8,153.1,138.648,127.948,10.7,-8.495,2.735,6.892,156.857,295.505,-1703,-235.781,2,3.623,-42.808
2026-09-27T21:28:24.000Z,1790544504.000,32.643476493,-117.191757508,3.923,151.277,140.577,136.569,125.869,10.7,-9.892,0.4,6.893,159.367,295.936,-1704,-234.23,2,3.86,-41.854
2026-09-27T21:28:25.000Z,1790544505.000,32.64346004,-117.191745319,4.261,146.491,135.791,135.9,125.2,10.7,-6.152,-1.121,6.894,160.628,296.528,-1705,-232.4,2,4.24,-41.05
2026-09-27T21:28:26.000Z,1790544506.000,32.643445347,-117.191730745,4.402,137.171,126.471,134.731,124.031,10.7,-1.035,0.328,6.896,162.399,297.13,-1706,-230.438,2,4.392,-40.573
2026-09-27T21:28:27.000Z,1790544507.000,32.643431327,-117.191714068,4.234,133.088,122.388,135.6,124.9,10.7,-2.454,-0.006,6.897,162.186,297.786,-1707,-228.387,2,4.194,-40.107
2026-09-27T21:28:28.000Z,1790544508.000,32.643417049,-117.191698872,3.717,140.995,130.295,137.178,126.478,10.7,-1.45,-0.85,6.898,161.204,298.382,-1708,-226.471,2,3.717,-39.483
2026-09-27T21:28:29.000Z,1790544509.000,32.643403,-117.19168666,3.76,149.52,138.82,138.72,128.02,10.7,-7.94,-1.68,6.899,160.436,299.156,-1709,-224.821,2,3.718,-38.725
2026-09-27T21:28:30.000Z,1790544510.000,32.643387383,-117.191676856,3.934,152.103,141.403,139.339,128.639,10.7,-11.175,-0.436,6.9,160.475,299.814,-1710,-223.273,2,3.857,-37.768
2026-09-27T21:28:31.000Z,1790544511.000,32.643370224,-117.191668212,4.198,156.46,145.76,140.7,130,10.7,-12.464,0.272,6.901,159.691,300.391,-1711,-221.777,2,4.035,-36.551
2026-09-27T21:28:32.000Z,1790544512.000,32.643351835,-117.191660582,4.2,160.84,150.14,142.574,131.874,10.7,-8.919,0.189,6.902,158.494,301.068,-1712,-220.329,2,3.926,-35.129
2026-09-27T21:28:33.000Z,1790544513.000,32.643332347,-117.191653642,4.5,164.455,153.755,142.655,131.955,10.7,-5.258,-0.068,6.903,159.264,301.919,-1713,-218.824,2,4.085,-33.708
2026-09-27T21:28:34.000Z,1790544514.000,32.643312324,-117.191644934,4.363,158.012,147.312,141.369,130.669,10.7,-4.802,-1.043,6.904,161.185,302.554,-1714,-217.093,2,4.133,-32.438
2026-09-27T21:28:35.000Z,1790544515.000,32.64329338,-117.191634042,4.799,148.539,137.839,137.767,127.067,10.7,-4.097,1.47,6.906,165.346,303.113,-1715,-215.155,2,4.735,-31.565
2026-09-27T21:28:36.000Z,1790544516.000,32.643274671,-117.191622258,4.664,155.553,144.853,138.897,128.197,10.7,0.359,-0.669,6.907,164.442,303.339,-1716,-213.309,2,4.468,-30.391
2026-09-27T21:28:37.000Z,1790544517.000,32.643255749,-117.191609057,4.683,147.196,136.496,137.261,126.561,10.7,-1.822,-1.257,6.908,166.113,303.374,-1717,-211.244,2,4.632,-29.49
2026-09-27T21:28:38.000Z,1790544518.000,32.643238503,-117.191593943,4.74,144.037,133.337,136.4,125.7,10.7,-5.46,0.06,6.909,166.804,303.204,-1718,-209.123,2,4.719,-28.784
2026-09-27T21:28:39.000Z,1790544519.000,32.643220175,-117.191579079,4.733,144.946,134.246,137.135,126.435,10.7,-0.094,-0.937,6.91,165.695,302.83,-1719,-207.019,2,4.703,-27.838
2026-09-27T21:28:40.000Z,1790544520.000,32.643202579,-117.191565576,4.367,148.016,137.316,136.8,126.1,10.7,-2.432,1.567,6.911,165.618,302.418,-1720,-205.034,2,4.305,-26.972
2026-09-27T21:28:41.000Z,1790544521.000,32.643184612,-117.191553591,4.471,149.484,138.784,136.321,125.621,10.7,-0.329,-1.085,6.912,165.896,302.217,-1721,-203.156,2,4.384,-26.003
2026-09-27T21:28:42.000Z,1790544522.000,32.643167559,-117.191540325,4.782,148.131,137.431,136.303,125.603,10.7,-6.397,0.215,6.913,165.85,302.153,-1722,-201.225,2,4.706,-25.15
2026-09-27T21:28:43.000Z,1790544523.000,32.643148428,-117.191527184,4.7,147.749,137.049,134.791,124.091,10.7,-1.778,1.212,6.914,167.259,302.05,-1723,-199.165,2,4.628,-24.218
2026-09-27T21:28:44.000Z,1790544524.000,32.64312934,-117.191513683,4.865,149.837,139.137,136.837,126.137,10.7,-4.463,-0.369,6.916,165.008,301.844,-1724,-197.178,2,4.75,-23.026
2026-09-27T21:28:45.000Z,1790544525.000,32.64311,-117.19150224,4.765,152.7,142,136.175,125.475,10.7,-4.84,2.48,6.917,165.118,301.293,-1725,-195.275,2,4.588,-21.917
2026-09-27T21:28:46.000Z,1790544526.000,32.64309007,-117.191490428,4.677,153.174,142.474,136.071,125.371,10.7,-3.403,-1.087,6.918,164.326,300.396,-1726,-193.33,2,4.483,-20.729
2026-09-27T21:28:47.000Z,1790544527.000,32.64307056,-117.19147774,5.02,151.26,140.56,136.14,125.44,10.7,-4.44,-0.48,6.919,163.1,299.24,-1727,-191.335,2,4.849,-19.613
2026-09-27T21:28:48.000Z,1790544528.000,32.64305114,-117.191462875,5.235,143.094,132.394,133.865,123.165,10.7,-2.572,0.163,6.92,164.03,297.895,-1728,-189.096,2,5.195,-18.807
2026-09-27T21:28:49.000Z,1790544529.000,32.643032752,-117.191446451,4.998,142.698,131.998,135.034,124.334,10.7,-2.637,0.503,6.921,161.337,296.371,-1729,-186.866,2,4.962,-17.905
2026-09-27T21:28:50.000Z,1790544530.000,32.643015229,-117.191429956,4.7,143.025,132.325,135.9,125.2,10.7,-2.808,0.519,6.922,159.257,295.157,-1730,-184.665,2,4.661,-17.109
2026-09-27T21:28:51.000Z,1790544531.000,32.642996849,-117.191415833,4.8,149.882,139.182,136.479,125.779,10.7,0.923,-1.341,6.923,157.317,293.797,-1731,-182.617,2,4.644,-16.132
2026-09-27T21:28:52.000Z,1790544532.000,32.642978967,-117.191401323,4.33,144.065,133.365,133.609,122.909,10.7,-6.809,1.065,6.924,159.384,292.992,-1732,-180.463,2,4.278,-15.496
2026-09-27T21:28:53.000Z,1790544533.000,32.642960242,-117.191388751,4.196,150.642,139.942,131.098,120.398,10.7,-1.998,-0.937,6.926,160.729,291.827,-1733,-178.453,2,4.037,-14.652
2026-09-27T21:28:54.000Z,1790544534.000,32.642941205,-117.191376293,4.666,150.885,140.185,126.837,116.137,10.7,-2.528,0.74,6.927,163.78,290.617,-1734,-176.416,2,4.478,-13.917
2026-09-27T21:28:55.000Z,1790544535.000,32.642922477,-117.191361919,5.018,143.854,133.154,123.872,113.172,10.7,-0.079,-0.475,6.928,165.544,289.416,-1735,-174.271,2,4.949,-13.208
2026-09-27T21:28:56.000Z,1790544536.000,32.642906014,-117.191343244,5.022,132.922,122.222,119.557,108.857,10.7,-1.469,0.557,6.929,168.625,288.182,-1736,-171.87,2,5.02,-13.044
2026-09-27T21:28:57.000Z,1790544537.000,32.642890826,-117.191321404,5.096,126.028,115.328,119.664,108.964,10.7,-1.547,0.94,6.93,167.458,287.122,-1737,-169.302,2,5.037,-12.806
2026-09-27T21:28:58.000Z,1790544538.000,32.642877455,-117.191298873,5,123.916,113.216,120,109.3,10.7,0.242,1.326,6.931,166.373,286.373,-1738,-166.763,2,4.906,-12.754
2026-09-27T21:28:59.000Z,1790544539.000,32.642865007,-117.191277815,4.6,127.184,116.484,120.691,109.991,10.7,-0.209,2.09,6.932,165.133,285.824,-1739,-164.395,2,4.553,-12.678
2026-09-27T21:29:00.000Z,1790544540.000,32.642853033,-117.191259338,4.278,127.655,116.955,119.794,109.094,10.7,0.578,2.045,6.933,165.79,285.584,-1740,-162.257,2,4.236,-12.637
2026-09-27T21:29:01.000Z,1790544541.000,32.642841655,-117.19124216,3.862,125.954,115.254,117.156,106.456,10.7,-0.426,2.056,6.934,168.699,285.855,-1741,-160.251,2,3.802,-12.722
2026-09-27T21:29:02.000Z,1790544542.000,32.642829285,-117.191226589,4.1,135.855,125.155,115.636,104.936,10.7,-0.144,1.34,6.936,170.649,286.285,-1742,-158.344,2,4.1,-12.54
2026-09-27T21:29:03.000Z,1790544543.000,32.642815793,-117.191210568,4.097,133.124,122.424,114.54,103.84,10.7,-0.628,0.966,6.937,172.141,286.681,-1743,-156.349,2,4.09,-12.245
2026-09-27T21:29:04.000Z,1790544544.000,32.64280301,-117.191192438,4.478,131.817,121.117,114.778,104.078,10.7,-3.239,0.644,6.938,172.636,287.413,-1744,-154.209,2,4.462,-12.02
2026-09-27T21:29:05.000Z,1790544545.000,32.642789567,-117.19117297,4.416,126.553,115.853,114.416,103.716,10.7,0.229,0.445,6.939,173.955,288.371,-1745,-151.924,2,4.343,-11.854
2026-09-27T21:29:06.000Z,1790544546.000,32.642778159,-117.191152961,4.2,122.177,111.477,112.469,101.769,10.7,2.38,1.988,6.94,176.997,289.466,-1746,-149.694,2,4.047,-12.029
2026-09-27T21:29:07.000Z,1790544547.000,32.642767774,-117.191135279,3.866,124.945,114.245,112,101.3,10.7,-0.404,2.311,6.941,178.663,290.663,-1747,-147.706,2,3.763,-12.056
2026-09-27T21:29:08.000Z,1790544548.000,32.642757472,-117.191117237,3.941,122.459,111.759,111.765,101.065,10.7,-0.277,5.154,6.942,179.811,291.576,-1748,-145.691,2,3.781,-12.091
2026-09-27T21:29:09.000Z,1790544549.000,32.642747086,-117.191099634,3.9,120.729,110.029,116.071,105.371,10.7,-0.629,5.152,6.943,176.283,292.355,-1749,-143.702,2,3.703,-11.733
2026-09-27T21:29:10.000Z,1790544550.000,32.642735153,-117.19108351,3.794,128.265,117.565,121.461,110.761,10.7,0.382,2.374,6.944,171.183,292.644,-1750,-141.799,2,3.729,-11.064
2026-09-27T21:29:11.000Z,1790544551.000,32.642723284,-117.19106968,3.502,143.032,132.332,125.698,114.998,10.7,0.298,5.668,6.946,167.295,292.993,-1751,-140.117,2,3.491,-10.369
2026-09-27T21:29:12.000Z,1790544552.000,32.642710371,-117.191057336,3.544,140.888,130.188,128.726,118.026,10.7,-0.982,3.53,6.947,164.411,293.136,-1752,-138.512,2,3.54,-9.598
2026-09-27T21:29:13.000Z,1790544553.000,32.642696749,-117.191045833,3.6,143.404,132.704,129.7,119,10.7,-1.289,4.045,6.948,163.646,293.346,-1753,-136.913,2,3.582,-8.885
2026-09-27T21:29:14.000Z,1790544554.000,32.642683896,-117.191032579,3.7,142.326,131.626,128.417,117.717,10.7,0.778,4.07,6.949,165.326,293.744,-1754,-135.157,2,3.688,-8.517
2026-09-27T21:29:15.000Z,1790544555.000,32.642669889,-117.191018811,3.868,132.691,121.991,126.132,115.432,10.7,2.079,4.426,6.95,168.247,294.378,-1755,-133.29,2,3.852,-8.152
2026-09-27T21:29:16.000Z,1790544556.000,32.642658441,-117.19100321,3.601,138.164,127.464,123.368,112.668,10.7,-0.5,4.868,6.951,171.739,295.108,-1756,-131.39,2,3.601,-8.158
2026-09-27T21:29:17.000Z,1790544557.000,32.642646275,-117.19099024,3.565,143.79,133.09,120.19,109.49,10.7,9.54,4.075,6.952,175.566,295.756,-1757,-129.686,2,3.553,-7.992
2026-09-27T21:29:18.000Z,1790544558.000,32.642636928,-117.190976171,3.311,120.188,109.488,113.459,102.759,10.7,2.685,3.669,6.953,-177.06,296.398,-1758,-128.036,2,3.1,-8.425
2026-09-27T21:29:19.000Z,1790544559.000,32.642628489,-117.190961238,3.45,116.098,105.398,107.21,96.51,10.7,0.09,3.799,6.954,-170.288,296.922,-1759,-126.414,2,3.089,-8.938
2026-09-27T21:29:20.000Z,1790544560.000,32.64262179,-117.190945277,3.335,118.985,108.285,102.459,91.759,10.7,0.674,4.6,6.956,-165.284,297.175,-1760,-124.813,2,3.005,-9.536
2026-09-27T21:29:21.000Z,1790544561.000,32.642615798,-117.190927865,3.572,109.018,98.318,97.7,87,10.7,4.966,3.217,6.957,-160.876,296.824,-1761,-123.154,2,2.803,-10.265
2026-09-27T21:29:22.000Z,1790544562.000,32.642610981,-117.190909973,3.428,102.117,91.417,93.298,82.598,10.7,4.778,4.845,6.958,-157.072,296.225,-1762,-121.53,2,2.284,-11.088
2026-09-27T21:29:23.000Z,1790544563.000,32.642608845,-117.190893007,2.882,103.87,93.17,90.931,80.231,10.7,2.81,5.069,6.959,-155.285,295.646,-1763,-120.066,2,1.867,-11.956
2026-09-27T21:29:24.000Z,1790544564.000,32.642606996,-117.190877296,3,95.949,85.249,86.396,75.696,10.7,3.539,3.589,6.96,-151.34,295.057,-1764,-118.811,2,1.463,-12.921
2026-09-27T21:29:25.000Z,1790544565.000,32.642606265,-117.190861697,2.8,87.985,77.285,81.548,70.848,10.7,1.948,3.423,6.961,-147.562,293.986,-1765,-117.657,2,0.857,-13.981
2026-09-27T21:29:26.000Z,1790544566.000,32.642606764,-117.190845224,3.036,90.052,79.352,81.384,70.684,10.7,-1.316,3.96,6.962,-147.873,293.511,-1766,-116.292,2,0.853,-14.913
2026-09-27T21:29:27.000Z,1790544567.000,32.6426066,-117.19082834,3.26,91.2,80.5,83.64,72.94,10.7,-3.02,4.72,6.963,-150.581,293.059,-1767,-114.754,2,0.776,-15.66
2026-09-27T21:29:28.000Z,1790544568.000,32.642605096,-117.190811491,3.136,95.057,84.357,85.404,74.704,10.7,-0.136,4.2,6.964,-152.546,292.858,-1768,-113.182,2,0.75,-16.309
2026-09-27T21:29:29.000Z,1790544569.000,32.642603633,-117.190795867,2.667,100.497,89.797,86.633,75.933,10.7,-1.767,4.867,6.966,-153.947,292.686,-1769,-111.74,2,0.717,-16.928
2026-09-27T21:29:30.000Z,1790544570.000,32.642600412,-117.190782001,2.535,105.739,95.039,90.157,79.457,10.7,-1.557,3.8,6.967,-157.457,292.701,-1770,-110.284,2,0.761,-17.14
2026-09-27T21:29:31.000Z,1790544571.000,32.642597127,-117.190768743,2.6,108.8,98.1,91.7,81,10.7,-4.656,4.309,6.968,-158.849,292.851,-1771,-108.953,2,0.767,-17.44
2026-09-27T21:29:32.000Z,1790544572.000,32.642592543,-117.190754705,2.906,114.995,104.295,93.35,82.65,10.7,-1.919,3.425,6.969,-160.312,293.038,-1772,-107.496,2,0.975,-17.653
2026-09-27T21:29:33.000Z,1790544573.000,32.64258836,-117.190740141,2.865,104.934,94.234,96.7,86,10.7,-6.186,5.538,6.97,-163.589,293.111,-1773,-105.97,2,0.272,-17.809
2026-09-27T21:29:34.000Z,1790544574.000,32.642583508,-117.190727048,2.602,121.908,111.208,99.196,88.496,10.7,-2.272,4.134,6.971,-166.146,293.05,-1774,-104.571,2,0.827,-17.88
2026-09-27T21:29:35.000Z,1790544575.000,32.642578658,-117.190715359,2.463,110.46,99.76,101.626,90.926,10.7,-4.068,4.079,6.972,-168.69,292.936,-1775,-103.301,2,0.147,-17.878
2026-09-27T21:29:36.000Z,1790544576.000,32.642574297,-117.190702653,2.681,111.281,100.581,101.5,90.8,10.7,-6.74,4.259,6.973,-168.791,292.709,-1776,-102.021,3,-2.606,18.084
2026-09-27T21:29:37.000Z,1790544577.000,32.642568743,-117.190689167,3.006,113.308,102.608,100.774,90.074,10.7,1.57,4.913,6.974,-168.078,292.696,-1777,-100.63,3,-2.946,18.371
2026-09-27T21:29:38.000Z,1790544578.000,32.642565232,-117.190674623,2.667,102.525,91.825,95.097,84.397,10.7,5.203,3.834,6.976,-162.435,292.662,-1778,-99.367,3,-2.468,19.254
2026-09-27T21:29:39.000Z,1790544579.000,32.6425641,-117.190659018,2.928,88.797,78.097,85.409,74.709,10.7,4.849,3.658,6.977,-152.693,292.716,-1779,-98.321,3,-2.37,20.642
2026-09-27T21:29:40.000Z,1790544580.000,32.642565513,-117.190644171,2.537,78.764,68.064,75.633,64.933,10.7,4.385,4.488,6.978,-142.858,292.775,-1780,-97.579,3,-1.765,22.138
2026-09-27T21:29:41.000Z,1790544581.000,32.642569156,-117.19063144,2.13,67.448,56.748,63.34,52.64,10.7,1.161,4.13,6.979,-130.514,292.826,-1781,-97.384,3,-1.154,23.717
2026-09-27T21:29:42.000Z,1790544582.000,32.64257337,-117.190622025,1.766,62.411,51.711,53.022,42.322,10.7,7.964,4.833,6.98,-120.145,292.876,-1782,-97.485,3,-0.824,24.932
2026-09-27T21:29:43.000Z,1790544583.000,32.64257848,-117.19061618,1.365,27.492,16.792,38.051,27.351,10.7,7.075,4.625,6.981,-105.124,292.926,-1783,-98.366,3,0.168,25.921
2026-09-27T21:29:44.000Z,1790544584.000,32.642584426,-117.19061081,1.664,45.531,34.831,28.246,17.546,10.7,8.018,3.719,6.982,-95.269,292.976,-1784,-98.978,3,-0.318,26.718
2026-09-27T21:29:45.000Z,1790544585.000,32.642591659,-117.190605121,1.96,24.606,13.906,22.383,11.683,10.7,6.602,5.7,6.983,-89.359,293.024,-1785,-99.313,3,0.336,27.596
2026-09-27T21:29:46.000Z,1790544586.000,32.642599924,-117.190600017,1.795,26.709,16.009,16.192,5.492,10.7,7.06,4.565,6.984,-83.116,293.076,-1786,-99.77,3,0.241,28.481
2026-09-27T21:29:47.000Z,1790544587.000,32.642608122,-117.190596704,1.9,21.128,10.428,11.002,0.302,10.7,6.886,5.398,6.986,-77.871,293.131,-1787,-100.288,3,0.436,29.246
2026-09-27T21:29:48.000Z,1790544588.000,32.642617394,-117.190592806,2.1,19.84,9.14,6.6,355.9,10.7,7.788,4.159,6.987,-73.419,293.181,-1788,-100.738,3,0.527,30.135
2026-09-27T21:29:49.000Z,1790544589.000,32.642628032,-117.190590276,2.4,10.792,0.092,357.079,346.379,10.7,6.006,5.661,6.988,-63.846,293.233,-1789,-101.735,3,0.959,30.807
2026-09-27T21:29:50.000Z,1790544590.000,32.642638552,-117.190588031,2.331,2.916,352.216,350.354,339.654,10.7,6.038,3.768,6.989,-57.068,293.286,-1790,-102.507,3,1.214,31.516
2026-09-27T21:29:51.000Z,1790544591.000,32.642648582,-117.190587297,2.197,351.548,340.848,337.702,327.002,10.7,6.071,3.297,6.99,-44.365,293.336,-1791,-103.688,3,1.492,31.659
2026-09-27T21:29:52.000Z,1790544592.000,32.642659135,-117.19058972,2.305,345.751,335.051,333.156,322.456,10.7,6.935,4.54,6.991,-39.769,293.387,-1792,-104.631,3,1.727,32.161
2026-09-27T21:29:53.000Z,1790544593.000,32.64266778,-117.190594572,1.964,333.95,323.25,327.672,316.972,10.7,5.39,5.373,6.992,-34.236,293.436,-1793,-105.708,3,1.706,32.276
2026-09-27T21:29:54.000Z,1790544594.000,32.642676935,-117.190599762,2.281,341.403,330.703,321.473,310.773,10.7,7.584,4.184,6.993,-27.987,293.486,-1794,-106.828,3,1.819,32.345
2026-09-27T21:29:55.000Z,1790544595.000,32.642685781,-117.190604878,2.168,332.56,321.86,326,315.3,10.7,8.3,4.557,6.994,-32.464,293.536,-1795,-107.503,3,1.908,33.215
2026-09-27T21:29:56.000Z,1790544596.000,32.642693587,-117.190611792,2.137,332.145,321.445,317.527,306.827,10.7,3.058,4.658,6.996,-23.933,293.594,-1796,-108.766,3,1.888,32.884
2026-09-27T21:29:57.000Z,1790544597.000,32.642703162,-117.190614779,2.274,345.621,334.921,324.662,313.962,10.7,10.947,4.443,6.997,-31.022,293.64,-1797,-109.217,3,1.705,34.144
2026-09-27T21:29:58.000Z,1790544598.000,32.642712545,-117.190619203,2.06,329.265,318.565,322.599,311.899,10.7,7.04,4.444,6.998,-28.91,293.689,-1798,-110.116,3,1.866,34.593
2026-09-27T21:29:59.000Z,1790544599.000,32.642722476,-117.190625388,2.369,332.001,321.301,321.006,310.306,10.7,5.857,4.687,6.999,-27.261,293.746,-1799,-111.167,3,2.095,35.029
2026-09-27T21:30:00.000Z,1790544600.000,32.64273277,-117.190630702,2.434,336.107,325.407,320.769,310.069,10.7,8.869,5.135,7,-26.968,293.801,-1800,-112.112,3,2.064,35.652
2026-09-27T21:30:01.000Z,1790544601.000,32.642743326,-117.190637274,2.242,330.922,320.222,319.603,308.903,10.7,7.461,3.639,6.999,-25.75,293.853,-1801,-113.207,3,2.001,36.156
2026-09-27T21:30:02.000Z,1790544602.000,32.642753915,-117.19064362,2.552,333.554,322.854,318.658,307.958,10.7,7.779,4.064,6.998,-24.752,293.906,-1802,-114.277,3,2.222,36.693
2026-09-27T21:30:03.000Z,1790544603.000,32.642765383,-117.190649763,2.531,334.739,324.039,317.412,306.712,10.7,7.062,4.431,6.997,-23.458,293.954,-1803,-115.378,3,2.177,37.296
2026-09-27T21:30:04.000Z,1790544604.000,32.642777129,-117.190655982,2.804,337.039,326.339,319.532,308.832,10.7,10.528,4.053,6.996,-25.536,293.997,-1804,-116.392,3,2.351,38.187
2026-09-27T21:30:05.000Z,1790544605.000,32.642787626,-117.190664394,2.865,321.279,310.579,313.841,303.141,10.7,4.804,4.434,6.994,-19.794,294.047,-1805,-117.769,3,2.736,38.224
2026-09-27T21:30:06.000Z,1790544606.000,32.64279873,-117.19067175,2.535,339.394,328.694,313.055,302.355,10.7,8.46,5.72,6.993,-18.957,294.098,-1806,-118.938,3,2.066,38.764
2026-09-27T21:30:07.000Z,1790544607.000,32.642808842,-117.190677636,2.116,332.363,321.663,314.465,303.765,10.7,8.384,4.875,6.992,-20.309,294.157,-1807,-119.877,3,1.861,39.471
2026-09-27T21:30:08.000Z,1790544608.000,32.642817845,-117.190686445,2.5,318.003,307.303,310.207,299.507,10.7,4.484,3.968,6.991,-16.001,294.207,-1808,-121.152,3,2.425,39.462
2026-09-27T21:30:09.000Z,1790544609.000,32.642827959,-117.190694495,2.666,322.978,312.278,315.098,304.398,10.7,7.434,4.667,6.99,-20.841,294.256,-1809,-122.192,3,2.52,40.331
2026-09-27T21:30:10.000Z,1790544610.000,32.642837451,-117.190704079,2.636,315.903,305.203,313.252,302.552,10.7,5.76,4.84,6.989,-18.946,294.306,-1810,-123.502,3,2.579,40.519
2026-09-27T21:30:11.000Z,1790544611.000,32.642848615,-117.19071241,3.037,328.303,317.603,314.058,303.358,10.7,7.026,2.3,6.988,-19.703,294.355,-1811,-124.714,3,2.765,41.139
2026-09-27T21:30:12.000Z,1790544612.000,32.6428606,-117.190718883,3.07,324.183,313.483,320.587,309.887,10.7,10.639,5.387,6.987,-26.293,294.294,-1812,-125.629,3,2.878,42.388
2026-09-27T21:30:13.000Z,1790544613.000,32.642872938,-117.190726287,2.936,333.972,323.272,315.14,304.44,10.7,6.977,3.273,6.986,-21.085,294.055,-1813,-127.01,3,2.539,42.668
2026-09-27T21:30:14.000Z,1790544614.000,32.64288535,-117.19073246,2.834,339.71,329.01,318.46,307.76,10.7,7.43,5.238,6.984,-24.709,293.751,-1814,-128.02,3,2.295,43.718
2026-09-27T21:30:15.000Z,1790544615.000,32.642897159,-117.190737971,2.61,338.732,328.032,320.005,309.305,10.7,7.844,4.771,6.983,-26.479,293.526,-1815,-128.993,3,2.138,44.607
2026-09-27T21:30:16.000Z,1790544616.000,32.642907854,-117.190744815,2.719,326.472,315.772,322.664,311.964,10.7,9.361,2.481,6.982,-29.401,293.263,-1816,-129.983,3,2.507,45.409
2026-09-27T21:30:17.000Z,1790544617.000,32.642918394,-117.190755466,2.964,317.959,307.259,320.183,309.483,10.7,7.332,5.087,6.981,-27.365,292.817,-1817,-131.473,3,2.872,45.587
2026-09-27T21:30:18.000Z,1790544618.000,32.642930251,-117.190765578,3.102,327.569,316.869,316.502,305.802,10.7,9.837,4.141,6.98,-24.225,292.277,-1818,-133.008,3,2.836,45.817
2026-09-27T21:30:19.000Z,1790544619.000,32.642942044,-117.190772929,3.164,331.785,321.085,318.956,308.256,10.7,8.664,3.243,6.979,-27.249,291.707,-1819,-134.11,3,2.79,46.677
2026-09-27T21:30:20.000Z,1790544620.000,32.642954787,-117.190778946,3.041,339.907,329.207,319.358,308.658,10.7,9.076,5.611,6.978,-28.168,291.19,-1820,-135.209,3,2.451,47.533
2026-09-27T21:30:21.000Z,1790544621.000,32.642968515,-117.190786597,3.28,335.514,324.814,317.317,306.617,10.7,7.459,3.717,6.977,-26.743,290.574,-1821,-136.571,3,2.784,48.195
2026-09-27T21:30:22.000Z,1790544622.000,32.642982413,-117.190794322,3.464,332.793,322.093,318.726,308.026,10.7,7.326,5.636,6.976,-28.833,289.893,-1822,-137.838,3,3.022,49.143
2026-09-27T21:30:23.000Z,1790544623.000,32.642995272,-117.190802529,3.1,331.892,321.192,318.436,307.736,10.7,7.857,4.736,6.974,-29.066,289.37,-1823,-139.15,3,2.727,49.835
2026-09-27T21:30:24.000Z,1790544624.000,32.643008133,-117.190810663,3.136,335.768,325.068,317.313,306.613,10.7,6.549,4.785,6.973,-28.401,288.912,-1824,-140.482,3,2.651,50.465
2026-09-27T21:30:25.000Z,1790544625.000,32.643021723,-117.190819002,3.4,328.081,317.381,318.817,308.117,10.7,8.279,2.641,6.972,-30.158,288.659,-1825,-141.782,3,3.09,51.358
2026-09-27T21:30:26.000Z,1790544626.000,32.643035171,-117.190827726,3.368,332.578,321.878,321.359,310.659,10.7,9.696,4.242,6.971,-32.927,288.432,-1826,-143.071,3,2.94,52.299
2026-09-27T21:30:27.000Z,1790544627.000,32.643048072,-117.190837013,3.234,324.291,313.591,318.212,307.512,10.7,7.837,4.366,6.97,-30.04,288.173,-1827,-144.574,3,3.021,52.711
2026-09-27T21:30:28.000Z,1790544628.000,32.643060721,-117.190846561,3.135,318.949,308.249,316.194,305.494,10.7,9.448,3.611,6.969,-28.393,287.802,-1828,-146.042,3,3.02,53.174
2026-09-27T21:30:29.000Z,1790544629.000,32.643072995,-117.190855856,3.3,323.208,312.508,314.062,303.362,10.7,7.94,4.68,6.968,-26.774,287.288,-1829,-147.468,3,3.103,53.606
2026-09-27T21:30:30.000Z,1790544630.000,32.643085812,-117.190865788,3.179,327.8,317.1,311.128,300.428,10.7,6.742,5.128,6.967,-24.221,286.907,-1830,-148.987,3,2.893,53.988
2026-09-27T21:30:31.000Z,1790544631.000,32.64309847,-117.19087667,3.295,319.144,308.444,312.617,301.917,10.7,5.654,3.4,6.966,-26.003,286.614,-1831,-150.472,3,3.17,54.659
2026-09-27T21:30:32.000Z,1790544632.000,32.643110872,-117.190886147,3.166,328.055,317.355,316.15,305.45,10.7,8.456,4.466,6.964,-29.583,286.567,-1832,-151.766,3,2.873,55.547
2026-09-27T21:30:33.000Z,1790544633.000,32.643123517,-117.190896758,3.365,321.081,310.381,317.059,306.359,10.7,7.083,3.905,6.963,-30.372,286.688,-1833,-153.236,3,3.202,56.184
2026-09-27T21:30:34.000Z,1790544634.000,32.643136375,-117.19090619,3.2,332.701,322.001,321.568,310.868,10.7,9.194,2.968,6.962,-34.755,286.812,-1834,-154.492,3,2.784,57.188
2026-09-27T21:30:35.000Z,1790544635.000,32.643149448,-117.190914964,3.105,331.461,320.761,318.442,307.742,10.7,7.737,6.168,6.961,-31.636,286.807,-1835,-155.961,3,2.734,57.646
2026-09-27T21:30:36.000Z,1790544636.000,32.643162919,-117.190923045,3.335,329.969,319.269,317.8,307.1,10.7,7.767,3.435,6.96,-31.044,286.756,-1836,-157.302,3,2.975,58.373
2026-09-27T21:30:37.000Z,1790544637.000,32.643176294,-117.190931508,3.335,328.331,317.631,320.835,310.135,10.7,7.623,4.686,6.959,-34.046,286.788,-1837,-158.55,3,3.016,59.36
2026-09-27T21:30:38.000Z,1790544638.000,32.643189133,-117.190942088,3.339,324.694,313.994,317.639,306.939,10.7,5.745,4.177,6.958,-30.71,286.928,-1838,-160.159,3,3.103,59.692
2026-09-27T21:30:39.000Z,1790544639.000,32.643202967,-117.190952136,3.561,330.987,320.287,317.275,306.575,10.7,9.683,4.953,6.957,-30.055,287.22,-1839,-161.675,3,3.145,60.366
2026-09-27T21:30:40.000Z,1790544640.000,32.643217392,-117.190962151,3.462,326.868,316.168,315.319,304.619,10.7,6.695,3.003,6.956,-27.994,287.325,-1840,-163.262,3,3.166,60.968
2026-09-27T21:30:41.000Z,1790544641.000,32.643232359,-117.19097071,3.639,333.041,322.341,317.208,306.508,10.7,8.604,3.522,6.954,-29.747,287.461,-1841,-164.64,3,3.148,62.006
2026-09-27T21:30:42.000Z,1790544642.000,32.64324692,-117.190979135,3.535,335.265,324.565,317.625,306.925,10.7,7.245,3.17,6.953,-30.043,287.582,-1842,-166.028,3,2.986,62.896
2026-09-27T21:30:43.000Z,1790544643.000,32.643261222,-117.19098675,3.361,336.114,325.414,319.797,309.097,10.7,8.333,5.667,6.952,-32.18,287.618,-1843,-167.278,3,2.81,63.945
2026-09-27T21:30:44.000Z,1790544644.000,32.643275727,-117.190994301,3.331,333.668,322.968,321.851,311.151,10.7,9.225,5.513,6.951,-34.212,287.638,-1844,-168.532,3,2.859,65.006
2026-09-27T21:30:45.000Z,1790544645.000,32.643289391,-117.191003527,3.3,330.364,319.664,320.602,309.902,10.7,8.8,4.23,6.95,-32.808,287.794,-1845,-170.003,3,2.924,65.641
2026-09-27T21:30:46.000Z,1790544646.000,32.64330261,-117.191014193,3.429,325.528,314.828,317.118,306.418,10.7,8.765,3.518,6.949,-28.998,288.12,-1846,-171.645,3,3.162,65.98
2026-09-27T21:30:47.000Z,1790544647.000,32.643316462,-117.19102327,3.5,333.522,322.822,319.64,308.94,10.7,10.54,4.971,6.948,-31.128,288.512,-1847,-172.988,3,3.006,66.937
2026-09-27T21:30:48.000Z,1790544648.000,32.643329962,-117.191032682,3.48,324.398,313.698,316.518,305.818,10.7,8.378,3.48,6.947,-27.592,288.926,-1848,-174.521,3,3.233,67.397
2026-09-27T21:30:49.000Z,1790544649.000,32.643343543,-117.191041965,3.5,329.639,318.939,317.546,306.846,10.7,9.01,4.554,6.946,-28.32,289.226,-1849,-175.919,3,3.119,68.201
2026-09-27T21:30:50.000Z,1790544650.000,32.643356197,-117.19105125,3.328,328.481,317.781,318.247,307.547,10.7,7.692,6.1,6.944,-29.021,289.226,-1850,-177.282,3,2.994,68.894
2026-09-27T21:30:51.000Z,1790544651.000,32.643368056,-117.191062692,3.3,317.619,306.919,315.133,304.433,10.7,9.657,2.359,6.943,-26.165,288.968,-1851,-178.904,3,3.187,69.095
2026-09-27T21:30:52.000Z,1790544652.000,32.6433804,-117.191073204,3.319,326.714,316.014,319.856,309.156,10.7,11.756,4.959,6.942,-31.318,288.538,-1852,-180.233,3,3.028,70.013
2026-09-27T21:30:53.000Z,1790544653.000,32.643393648,-117.191084643,3.5,322.015,311.315,320.026,309.326,10.7,11.158,4.721,6.941,-31.914,288.112,-1853,-181.822,3,3.299,70.6
2026-09-27T21:30:54.000Z,1790544654.000,32.643407721,-117.191096047,3.7,333.845,323.145,317.443,306.743,10.7,10.474,5.237,6.94,-29.861,287.582,-1854,-183.537,3,3.16,71.047
2026-09-27T21:30:55.000Z,1790544655.000,32.643423101,-117.191105088,3.666,335.16,324.46,314.819,304.119,10.7,7.325,6.091,6.939,-27.343,287.476,-1855,-185.106,3,3.085,71.735
2026-09-27T21:30:56.000Z,1790544656.000,32.64343911,-117.191109737,3.436,341.817,331.117,317.454,306.754,10.7,7.899,2.564,6.938,-29.549,287.906,-1856,-186.179,3,2.655,73.14
2026-09-27T21:30:57.000Z,1790544657.000,32.64345414,-117.19111502,3.5,344.552,333.852,325.129,314.429,10.7,9.861,4.112,6.937,-37.465,287.664,-1857,-187.062,3,2.592,74.81
2026-09-27T21:30:58.000Z,1790544658.000,32.643468743,-117.191123258,3.436,335.609,324.909,320.643,309.943,10.7,8.875,6.468,6.936,-33.196,287.448,-1858,-188.618,3,2.872,75.333
2026-09-27T21:30:59.000Z,1790544659.000,32.643483623,-117.191133128,3.366,338.295,327.595,316.262,305.562,10.7,9.133,5.959,6.934,-29.225,287.037,-1859,-190.299,3,2.723,75.794
2026-09-27T21:31:00.000Z,1790544660.000,32.643497816,-117.191143134,3.6,327.024,316.324,319.62,308.92,10.7,11.337,3.118,6.933,-32.833,286.786,-1860,-191.712,3,3.268,76.798
2026-09-27T21:31:01.000Z,1790544661.000,32.643510632,-117.191155183,3.788,317.685,306.985,320.356,309.656,10.7,11.321,2.921,6.932,-33.534,286.822,-1861,-193.313,3,3.651,77.358
2026-09-27T21:31:02.000Z,1790544662.000,32.64352405,-117.191168195,3.777,324.265,313.565,316.132,305.432,10.7,12.01,6.045,6.931,-29.246,286.887,-1862,-195.185,3,3.5,77.527
2026-09-27T21:31:03.000Z,1790544663.000,32.643537505,-117.191179837,3.433,324.574,313.874,316.801,306.101,10.7,12.333,5.499,6.93,-29.988,286.813,-1863,-196.787,3,3.173,78.163
2026-09-27T21:31:04.000Z,1790544664.000,32.643550643,-117.191192316,3.6,324.899,314.199,311.068,300.368,10.7,5.744,4.592,6.929,-24.453,286.615,-1864,-198.615,3,3.32,78.21
2026-09-27T21:31:05.000Z,1790544665.000,32.6435661,-117.19119972,3.74,345.562,334.862,312.92,302.22,10.7,9.1,4.42,6.928,-26.87,286.05,-1865,-199.928,3,2.714,79.353
2026-09-27T21:31:06.000Z,1790544666.000,32.643582256,-117.191206372,3.539,331.08,320.38,316.407,305.707,10.7,7.246,3.224,6.927,-31.182,285.225,-1866,-201.16,3,3.094,80.731
2026-09-27T21:31:07.000Z,1790544667.000,32.643597059,-117.191217621,4.006,321.927,311.227,316.059,305.359,10.7,7.557,2.445,6.926,-31.761,284.298,-1867,-202.823,3,3.766,81.428
2026-09-27T21:31:08.000Z,1790544668.000,32.6436113,-117.191229967,3.867,327.135,316.435,313.3,302.6,10.7,10.033,6.233,6.924,-29.714,283.586,-1868,-204.617,3,3.499,81.822
2026-09-27T21:31:09.000Z,1790544669.000,32.643625225,-117.19124308,3.735,314.113,303.413,314.075,303.375,10.7,10.78,4.315,6.923,-31.205,282.87,-1869,-206.367,3,3.651,82.428
2026-09-27T21:31:10.000Z,1790544670.000,32.643638235,-117.191256495,3.739,321.181,310.481,310.558,299.858,10.7,10.463,3.366,6.922,-27.828,282.73,-1870,-208.203,3,3.53,82.59
2026-09-27T21:31:11.000Z,1790544671.000,32.643652605,-117.191266906,3.5,334.637,323.937,312.748,302.048,10.7,10.332,2.638,6.921,-29.835,282.913,-1871,-209.713,3,2.943,83.498
2026-09-27T21:31:12.000Z,1790544672.000,32.643665906,-117.191276313,3.166,327.806,317.106,316.472,305.772,10.7,9.272,4.819,6.92,-33.118,283.354,-1872,-211.038,3,2.846,84.487
2026-09-27T21:31:13.000Z,1790544673.000,32.643678529,-117.191287168,3.3,323.397,312.697,312.6,301.9,10.7,7.165,4.912,6.919,-28.742,283.858,-1873,-212.658,3,3.068,84.726
2026-09-27T21:31:14.000Z,1790544674.000,32.643691569,-117.191298148,3.472,322.951,312.251,311.766,301.066,10.7,10.436,2.521,6.918,-27.389,284.377,-1874,-214.224,3,3.237,85.239
2026-09-27T21:31:15.000Z,1790544675.000,32.643703821,-117.191310404,3.739,318.13,307.43,315.183,304.483,10.7,9.587,4.279,6.917,-30.622,284.561,-1875,-215.754,3,3.587,85.953
2026-09-27T21:31:16.000Z,1790544676.000,32.643715925,-117.191323632,3.538,318.901,308.201,313.814,303.114,10.7,9.562,5.162,6.916,-29.314,284.5,-1876,-217.484,3,3.38,86.217
2026-09-27T21:31:17.000Z,1790544677.000,32.643728586,-117.191336555,3.768,318.822,308.122,310.568,299.868,10.7,11.329,3.466,6.914,-25.954,284.614,-1877,-219.255,3,3.601,86.396
2026-09-27T21:31:18.000Z,1790544678.000,32.643741999,-117.191349525,3.8,320.242,309.542,311.471,300.771,10.7,9.93,4.285,6.913,-26.554,284.917,-1878,-220.968,3,3.602,86.974
2026-09-27T21:31:19.000Z,1790544679.000,32.643755421,-117.191361956,3.537,326.735,316.035,309.339,298.639,10.7,6.177,4.658,6.912,-23.957,285.382,-1879,-222.701,3,3.204,87.338
2026-09-27T21:31:20.000Z,1790544680.000,32.643770644,-117.191371252,3.869,335.099,324.399,317.684,306.984,10.7,9.169,4.641,6.911,-31.758,285.926,-1880,-223.994,3,3.226,88.878
2026-09-27T21:31:21.000Z,1790544681.000,32.643786384,-117.191380911,4.067,332.245,321.545,315.003,304.303,10.7,6.298,4.497,6.91,-28.64,286.363,-1881,-225.635,3,3.497,89.561
2026-09-27T21:31:22.000Z,1790544682.000,32.643803333,-117.19138997,3.9,337.944,327.244,314.853,304.153,10.7,4.271,6.776,6.909,-27.966,286.886,-1882,-227.207,3,3.137,90.587
2026-09-27T21:31:23.000Z,1790544683.000,32.643820467,-117.191396961,3.546,342.975,332.275,318.988,308.288,10.7,7.944,2.288,6.908,-31.563,287.426,-1883,-228.484,3,2.654,92.084
2026-09-27T21:31:24.000Z,1790544684.000,32.643835329,-117.191403094,3.421,335.437,324.737,324.269,313.569,10.7,5.546,3.617,6.907,-36.48,287.789,-1884,-229.514,3,2.833,93.505
2026-09-27T21:31:25.000Z,1790544685.000,32.643849143,-117.191409892,3.4,334.299,323.599,335.013,324.313,10.7,11.995,1.371,6.906,-47.046,287.967,-1885,-230.25,3,2.851,95.178
2026-09-27T21:31:26.000Z,1790544686.000,32.643860941,-117.191419847,3.131,327.656,316.956,330.972,320.272,10.7,10.279,7.969,6.904,-42.839,288.134,-1886,-231.851,3,2.805,95.411
2026-09-27T21:31:27.000Z,1790544687.000,32.643873468,-117.191430541,3.135,326.457,315.757,324.503,313.803,10.7,8.827,6.117,6.903,-36.231,288.271,-1887,-233.632,3,2.836,95.475
2026-09-27T21:31:28.000Z,1790544688.000,32.64388687,-117.191439928,3.516,329.879,319.179,327.146,316.446,10.7,10.362,2.612,6.902,-38.661,288.484,-1888,-234.951,3,3.085,96.376
2026-09-27T21:31:29.000Z,1790544689.000,32.643901667,-117.191449388,3.8,335.048,324.348,325.57,314.87,10.7,8.81,4.431,6.901,-37.035,288.535,-1889,-236.519,3,3.155,97.079
2026-09-27T21:31:30.000Z,1790544690.000,32.643916828,-117.191457997,3.866,334.961,324.261,321.364,310.664,10.7,4.666,5.732,6.9,-33.127,288.237,-1890,-238.126,3,3.211,97.656
2026-09-27T21:31:31.000Z,1790544691.000,32.643933678,-117.191465526,3.868,342.885,332.185,320.726,310.026,10.7,3.498,5.454,6.899,-32.856,287.87,-1891,-239.583,3,2.883,98.719
2026-09-27T21:31:32.000Z,1790544692.000,32.643951282,-117.191472334,4.043,341.745,331.045,319.443,308.743,10.7,5.428,2.155,6.898,-31.904,287.54,-1892,-241.035,3,3.064,99.839
2026-09-27T21:31:33.000Z,1790544693.000,32.643968575,-117.191478877,4.078,340.197,329.497,325.488,314.788,10.7,7.088,4.334,6.897,-38.329,287.159,-1893,-242.181,3,3.157,101.515
2026-09-27T21:31:34.000Z,1790544694.000,32.643985461,-117.191487416,3.835,335.555,324.855,324.303,313.603,10.7,7.368,5.27,6.896,-37.583,286.719,-1894,-243.75,3,3.154,102.485
2026-09-27T21:31:35.000Z,1790544695.000,32.644001056,-117.191494462,3.666,341.86,331.16,327.059,316.359,10.7,9.598,6.366,6.894,-40.737,286.322,-1895,-244.969,3,2.765,103.721
2026-09-27T21:31:36.000Z,1790544696.000,32.644016225,-117.191500863,3.6,335.894,325.194,326.685,315.985,10.7,10.015,3.47,6.893,-40.717,285.968,-1896,-246.244,3,2.945,104.715
2026-09-27T21:31:37.000Z,1790544697.000,32.644030347,-117.191508836,3.45,335.045,324.345,326.414,315.714,10.7,8.6,3.715,6.892,-40.907,285.507,-1897,-247.598,3,2.85,105.537
2026-09-27T21:31:38.000Z,1790544698.000,32.644044395,-117.191516438,3.3,335.194,324.494,328.744,318.044,10.7,9.613,5.75,6.891,-43.77,284.973,-1898,-248.805,3,2.719,106.568
2026-09-27T21:31:39.000Z,1790544699.000,32.644058476,-117.191526841,3.699,325.479,314.779,323.797,313.097,10.7,7.963,4.237,6.89,-39.383,284.414,-1899,-250.559,3,3.357,106.899
2026-09-27T21:31:40.000Z,1790544700.000,32.644073189,-117.191538136,3.965,328.934,318.234,323.964,313.264,10.7,9.578,2.812,6.889,-39.922,284.042,-1900,-252.204,3,3.491,107.626
2026-09-27T21:31:41.000Z,1790544701.000,32.644089256,-117.191549668,4.254,331.334,320.634,317.437,306.737,10.7,7.117,5.607,6.888,-33.855,283.582,-1901,-254.169,3,3.656,107.939
2026-09-27T21:31:42.000Z,1790544702.000,32.644106559,-117.191557227,3.979,343.063,332.363,321.042,310.342,10.7,10.173,3.903,6.887,-37.951,283.091,-1902,-255.507,3,2.931,109.376
2026-09-27T21:31:43.000Z,1790544703.000,32.644124032,-117.191563786,3.869,345.369,334.669,319.806,309.106,10.7,5.188,3.443,6.886,-37.25,282.556,-1903,-256.931,3,2.74,110.501
2026-09-27T21:31:44.000Z,1790544704.000,32.644140767,-117.191569967,3.867,340.133,329.433,322.767,312.067,10.7,4.833,3,6.884,-40.604,282.163,-1904,-258.139,3,2.973,111.908
2026-09-27T21:31:45.000Z,1790544705.000,32.64415682,-117.191577277,3.7,340,329.3,327.329,316.629,10.7,8.156,6.652,6.883,-45.453,281.876,-1905,-259.332,3,2.847,113.31
2026-09-27T21:31:46.000Z,1790544706.000,32.644172534,-117.191586771,3.9,333.76,323.06,324.536,313.836,10.7,9.708,4.625,6.882,-42.802,281.734,-1906,-260.995,3,3.253,114.001
2026-09-27T21:31:47.000Z,1790544707.000,32.644187642,-117.19159879,3.9,323.721,313.021,323.63,312.93,10.7,9.959,4.682,6.881,-41.899,281.731,-1907,-262.763,3,3.577,114.642
2026-09-27T21:31:48.000Z,1790544708.000,32.644202059,-117.191609386,3.7,326.176,315.476,323.865,313.165,10.7,11.038,3.9,6.88,-42.247,281.618,-1908,-264.333,3,3.326,115.386
2026-09-27T21:31:49.000Z,1790544709.000,32.644217294,-117.191620896,4.033,329.89,319.19,319.501,308.801,10.7,8.801,4.699,6.879,-37.964,281.537,-1909,-266.186,3,3.502,115.796
2026-09-27T21:31:50.000Z,1790544710.000,32.644233677,-117.191630653,3.964,334.397,323.697,319.044,308.344,10.7,7.08,3.772,6.878,-37.421,281.623,-1910,-267.802,3,3.275,116.709
2026-09-27T21:31:51.000Z,1790544711.000,32.644250138,-117.191638548,3.761,338.95,328.25,320.745,310.045,10.7,5.418,4.424,6.877,-38.957,281.788,-1911,-269.19,3,2.927,117.901
2026-09-27T21:31:52.000Z,1790544712.000,32.644266645,-117.191645866,3.9,338.583,327.883,320.724,310.024,10.7,5.035,2.334,6.876,-38.586,282.138,-1912,-270.591,3,3.048,118.993
2026-09-27T21:31:53.000Z,1790544713.000,32.644283567,-117.191653933,4.1,337.633,326.933,323.967,313.267,10.7,8.133,4.933,6.874,-41.396,282.571,-1913,-271.953,3,3.244,120.335
2026-09-27T21:31:54.000Z,1790544714.000,32.644300439,-117.191663661,4.13,334.121,323.421,327.119,316.419,10.7,9.481,5.441,6.873,-44.257,282.862,-1914,-273.445,3,3.413,121.571
2026-09-27T21:31:55.000Z,1790544715.000,32.644316777,-117.191675922,3.974,330.57,319.87,321.611,310.911,10.7,7.663,4.689,6.872,-38.348,283.264,-1915,-275.474,3,3.416,121.957
2026-09-27T21:31:56.000Z,1790544716.000,32.644333262,-117.191686655,3.861,333.57,322.87,320.43,309.73,10.7,9.8,5.009,6.871,-36.535,283.895,-1916,-277.204,3,3.209,122.77
2026-09-27T21:31:57.000Z,1790544717.000,32.644349031,-117.19169438,3.597,342.344,331.644,323.474,312.774,10.7,9.8,3.529,6.87,-39.084,284.39,-1917,-278.492,3,2.646,124.011
2026-09-27T21:31:58.000Z,1790544718.000,32.644364772,-117.191702882,3.963,330.428,319.728,324.886,314.186,10.7,8.184,3.3,6.869,-39.727,285.159,-1918,-279.9,3,3.405,125.079
2026-09-27T21:31:59.000Z,1790544719.000,32.644381099,-117.191713158,4,334.835,324.135,320.859,310.159,10.7,7.541,3.471,6.868,-34.991,285.868,-1919,-281.694,3,3.268,125.683
2026-09-27T21:32:00.000Z,1790544720.000,32.644398391,-117.191722756,4.122,333.748,323.048,322.852,312.152,10.7,9.548,4.196,6.867,-36.382,286.47,-1920,-283.251,3,3.409,126.879
2026-09-27T21:32:01.000Z,1790544721.000,32.644415876,-117.191732473,4,334.121,323.421,320.545,309.845,10.7,6.462,5.335,6.866,-33.438,287.107,-1921,-284.985,3,3.292,127.75
2026-09-27T21:32:02.000Z,1790544722.000,32.644433192,-117.191740413,4.135,337.608,326.908,322.011,311.311,10.7,8.431,1.996,6.864,-34.142,287.869,-1922,-286.423,3,3.25,128.998
2026-09-27T21:32:03.000Z,1790544723.000,32.644450474,-117.19174794,3.97,340.37,329.67,323.79,313.09,10.7,6.94,5.925,6.863,-35.143,288.646,-1923,-287.81,3,2.996,130.288
2026-09-27T21:32:04.000Z,1790544724.000,32.64446782,-117.19175552,3.674,340.273,329.573,323.947,313.247,10.7,7.689,4.12,6.862,-34.464,289.483,-1924,-289.265,3,2.774,131.455
2026-09-27T21:32:05.000Z,1790544725.000,32.644484982,-117.191763406,4,333.479,322.779,325.416,314.716,10.7,7.346,2.324,6.861,-35.13,290.286,-1925,-290.685,3,3.307,132.689
2026-09-27T21:32:06.000Z,1790544726.000,32.644501226,-117.191771505,4.142,334.347,323.647,333.253,322.553,10.7,12.1,4.553,6.86,-42.586,290.667,-1926,-291.781,3,3.385,134.298
2026-09-27T21:32:07.000Z,1790544727.000,32.644516674,-117.19178298,3.766,328.71,318.01,327.937,317.237,10.7,10.805,5.466,6.859,-36.917,291.02,-1927,-293.734,3,3.275,134.679
2026-09-27T21:32:08.000Z,1790544728.000,32.644533167,-117.191794375,4.136,331.698,320.998,325.064,314.364,10.7,11.982,3.29,6.858,-33.733,291.331,-1928,-295.6,3,3.484,135.331
2026-09-27T21:32:09.000Z,1790544729.000,32.644550408,-117.191803081,4.023,340.456,329.756,327.793,317.093,10.7,12.732,5.228,6.857,-35.809,291.984,-1929,-297.037,3,3.015,136.622
2026-09-27T21:32:10.000Z,1790544730.000,32.644568952,-117.191811335,4.2,340.318,329.618,324.862,314.162,10.7,9.972,4.197,6.856,-32.22,292.642,-1930,-298.735,3,3.152,137.626
2026-09-27T21:32:11.000Z,1790544731.000,32.644588029,-117.19182015,4.303,339.372,328.672,318.118,307.418,10.7,3.603,2.491,6.854,-24.667,293.451,-1931,-300.625,3,3.274,138.345
2026-09-27T21:32:12.000Z,1790544732.000,32.644607432,-117.19182584,4.216,347.78,337.08,324.296,313.596,10.7,8.4,2.6,6.853,-30.321,293.975,-1932,-301.804,3,2.767,140.271
2026-09-27T21:32:13.000Z,1790544733.000,32.644625536,-117.191832594,4,339.15,328.45,325.509,314.809,10.7,6.389,3.317,6.852,-31.158,294.351,-1933,-303.182,3,3.045,141.633
2026-09-27T21:32:14.000Z,1790544734.000,32.644642791,-117.191841007,4.077,339.268,328.568,325.661,314.961,10.7,7.684,6.123,6.851,-31.39,294.27,-1934,-304.703,3,3.095,142.746
2026-09-27T21:32:15.000Z,1790544735.000,32.644659806,-117.191851271,4.334,324.565,313.865,322.995,312.295,10.7,7.931,3.336,6.85,-29.12,293.875,-1935,-306.482,3,3.897,143.52
2026-09-27T21:32:16.000Z,1790544736.000,32.644676883,-117.191862022,4.234,330.689,319.989,325.872,315.172,10.7,11.238,3.502,6.849,-32.179,293.693,-1936,-308.086,3,3.585,144.699
2026-09-27T21:32:17.000Z,1790544737.000,32.644692839,-117.191873102,4.073,329.503,318.803,324.827,314.127,10.7,9.391,4.627,6.848,-31.014,293.813,-1937,-309.822,3,3.491,145.458
2026-09-27T21:32:18.000Z,1790544738.000,32.644709162,-117.191884649,4.116,328.096,317.396,322.028,311.328,10.7,8.141,3.423,6.847,-28.045,293.983,-1938,-311.678,3,3.577,146.088
2026-09-27T21:32:19.000Z,1790544739.000,32.644727164,-117.191894901,4.295,335.999,325.299,325.526,314.826,10.7,10.347,3.226,6.846,-31.488,294.039,-1939,-313.262,3,3.402,147.426
2026-09-27T21:32:20.000Z,1790544740.000,32.644745053,-117.191904509,4.502,336.477,325.777,319.789,309.089,10.7,4.395,3.858,6.844,-25.735,294.054,-1940,-315.135,3,3.54,148.075
2026-09-27T21:32:21.000Z,1790544741.000,32.644763429,-117.191910722,4.066,347.177,336.477,327.434,316.734,10.7,8.278,4.424,6.843,-33.336,294.098,-1941,-316.235,3,2.67,149.987
2026-09-27T21:32:22.000Z,1790544742.000,32.644780769,-117.191916269,3.922,341.952,331.252,323.191,312.491,10.7,4.587,4.248,6.842,-29.219,293.972,-1942,-317.696,3,2.832,150.929
2026-09-27T21:32:23.000Z,1790544743.000,32.64479785,-117.191922584,3.86,342.44,331.74,327.381,316.681,10.7,6.622,3.76,6.841,-33.68,293.701,-1943,-318.867,3,2.761,152.449
2026-09-27T21:32:24.000Z,1790544744.000,32.64481411,-117.191933309,3.867,326.848,316.148,325.096,314.396,10.7,6.597,3.771,6.84,-31.384,293.712,-1944,-320.64,3,3.389,153.161
2026-09-27T21:32:25.000Z,1790544745.000,32.644829504,-117.191945787,4.235,325.321,314.621,322.583,311.883,10.7,7.388,3.618,6.839,-28.959,293.623,-1945,-322.523,3,3.763,153.679
2026-09-27T21:32:26.000Z,1790544746.000,32.644845518,-117.191955984,4.064,332.128,321.428,324.136,313.436,10.7,9.128,4.549,6.838,-30.25,293.886,-1946,-324.083,3,3.362,154.691
2026-09-27T21:32:27.000Z,1790544747.000,32.64486251,-117.191964085,4.16,336.189,325.489,324.369,313.669,10.7,8.953,1.881,6.837,-29.872,294.498,-1947,-325.561,3,3.265,155.803
2026-09-27T21:32:28.000Z,1790544748.000,32.644879983,-117.191973042,4.245,334.864,324.164,324.283,313.583,10.7,7.376,6.341,6.836,-29.157,295.125,-1948,-327.151,3,3.388,156.889
2026-09-27T21:32:29.000Z,1790544749.000,32.644896928,-117.191980731,3.9,338.639,327.939,324.695,313.995,10.7,5.898,5.631,6.834,-29.276,295.419,-1949,-328.585,3,2.948,158.033
2026-09-27T21:32:30.000Z,1790544750.000,32.644913845,-117.191989375,3.835,339.505,328.805,320.4,309.7,10.7,4.32,4.975,6.833,-24.777,295.624,-1950,-330.278,3,2.859,158.758
2026-09-27T21:32:31.000Z,1790544751.000,32.644930911,-117.191996431,3.895,341.319,330.619,325.017,314.317,10.7,6.322,2.612,6.832,-29.624,295.393,-1951,-331.509,3,2.816,160.275
2026-09-27T21:32:32.000Z,1790544752.000,32.644947389,-117.192003185,4,335.587,324.887,327.899,317.199,10.7,7.459,4.019,6.831,-32.855,295.043,-1952,-332.738,3,3.15,161.615
2026-09-27T21:32:33.000Z,1790544753.000,32.6449639,-117.192011667,3.733,337.833,327.133,326.3,315.6,10.7,5.967,5.7,6.83,-31.767,294.533,-1953,-334.304,3,2.845,162.524
2026-09-27T21:32:34.000Z,1790544754.000,32.644979851,-117.192020091,3.865,333.29,322.59,326.863,316.163,10.7,6.998,3.697,6.829,-32.264,294.599,-1954,-335.748,3,3.132,163.55
2026-09-27T21:32:35.000Z,1790544755.000,32.644995607,-117.192029277,4.028,332.375,321.675,323.9,313.2,10.7,5.883,4.402,6.828,-28.817,295.083,-1955,-337.392,3,3.299,164.248
2026-09-27T21:32:36.000Z,1790544756.000,32.645011829,-117.192037523,3.76,341.733,331.033,327.36,316.66,10.7,9.381,3.979,6.827,-31.626,295.734,-1956,-338.714,3,2.685,165.529
2026-09-27T21:32:37.000Z,1790544757.000,32.645027805,-117.19204453,3.423,343.73,333.03,325.892,315.191,10.7,7.1,4.277,6.826,-29.657,296.234,-1957,-340.125,3,2.357,166.48
2026-09-27T21:32:38.000Z,1790544758.000,32.645042844,-117.192050804,3.634,342.741,332.041,327.898,317.198,10.7,5.299,4.197,6.824,-31.51,296.388,-1958,-341.281,3,2.544,167.649
2026-09-27T21:32:39.000Z,1790544759.000,32.645058415,-117.19205708,3.61,340.307,329.607,325.895,315.195,10.7,5.58,6.035,6.823,-29.525,296.37,-1959,-342.633,3,2.632,168.563
2026-09-27T21:32:40.000Z,1790544760.000,32.645074993,-117.192063527,3.84,336.022,325.322,325.138,314.438,10.7,6.417,2.866,6.822,-28.803,296.334,-1960,-343.994,3,2.985,169.653
2026-09-27T21:32:41.000Z,1790544761.000,32.645091379,-117.192071439,3.978,337.001,326.301,325.377,314.677,10.7,7.122,1.794,6.821,-29.191,296.186,-1961,-345.427,3,3.046,170.721
2026-09-27T21:32:42.000Z,1790544762.000,32.645107815,-117.192079526,4.004,336.302,325.602,329.398,318.698,10.7,8.051,3.698,6.82,-33.593,295.805,-1962,-346.715,3,3.094,172.069
2026-09-27T21:32:43.000Z,1790544763.000,32.645123449,-117.192088954,3.962,335.772,325.072,327.403,316.703,10.7,8.498,5.374,6.819,-31.715,295.688,-1963,-348.342,3,3.082,172.82
2026-09-27T21:32:44.000Z,1790544764.000,32.645139865,-117.192099583,4.154,330.508,319.808,321.719,311.019,10.7,8.201,5.509,6.818,-25.888,295.831,-1964,-350.245,3,3.456,173.289
2026-09-27T21:32:45.000Z,1790544765.000,32.645156936,-117.192107054,3.922,340.244,329.544,321.815,311.116,10.7,6.005,4.949,6.817,-25.397,296.418,-1965,-351.68,3,2.845,174.433
2026-09-27T21:32:46.000Z,1790544766.000,32.645173782,-117.192111722,3.607,351.565,340.865,324.213,313.513,10.7,4.699,6.945,6.816,-27.174,297.039,-1966,-352.78,3,2.074,175.887
2026-09-27T21:32:47.000Z,1790544767.000,32.6451899,-117.192115333,3.467,347.967,337.267,325.467,314.767,10.7,3.333,4.767,6.814,-28.338,297.129,-1967,-353.797,3,2.164,177.243
2026-09-27T21:32:48.000Z,1790544768.000,32.64520581,-117.192121008,3.635,339.487,328.787,326.076,315.376,10.7,3.176,2.948,6.813,-29.058,297.018,-1968,-355.004,3,2.66,178.419
2026-09-27T21:32:49.000Z,1790544769.000,32.645220462,-117.192127268,3.457,340.826,330.126,329.721,319.021,10.7,4.968,4.618,6.812,-32.931,296.791,-1969,-356.067,3,2.47,179.676
2026-09-27T21:32:50.000Z,1790544770.000,32.645234635,-117.192133587,3.279,337.076,326.376,332.758,322.058,10.7,9.103,3.382,6.811,-36.186,296.571,-1970,-357.127,3,2.486,180.835
2026-09-27T21:32:51.000Z,1790544771.000,32.645248523,-117.192141494,3.433,334.073,323.373,333.402,322.702,10.7,11.233,4.469,6.81,-37.008,296.394,-1971,-358.42,3,2.714,181.706
2026-09-27T21:32:52.000Z,1790544772.000,32.645263199,-117.19214935,3.631,335.156,324.456,332.194,321.494,10.7,11.394,4.838,6.809,-35.944,296.25,-1972,-359.839,3,2.826,182.518
2026-09-27T21:32:53.000Z,1790544773.000,32.645279118,-117.192157563,3.9,337.629,326.929,327.858,317.158,10.7,8.243,4.757,6.808,-31.545,296.313,-1973,-361.488,3,2.925,183.189
2026-09-27T21:32:54.000Z,1790544774.000,32.645296467,-117.192164022,3.959,341.185,330.485,328,317.3,10.7,7.76,5.199,6.807,-31.699,296.301,-1974,-362.849,3,2.797,184.416
2026-09-27T21:32:55.000Z,1790544775.000,32.645314689,-117.192169053,3.869,350.361,339.661,324.699,313.999,10.7,5.031,5.805,6.806,-28.459,296.24,-1975,-364.274,3,2.258,185.539
2026-09-27T21:32:56.000Z,1790544776.000,32.645333125,-117.192171235,4.033,0.151,349.451,328.347,317.647,10.7,3.865,4.38,6.804,-32.178,296.169,-1976,-365.175,3,1.756,187.363
2026-09-27T21:32:57.000Z,1790544777.000,32.64535095,-117.192174129,3.768,349.8,339.1,332.731,322.031,10.7,7.363,3.632,6.803,-36.57,296.161,-1977,-366.056,3,2.218,189.14
2026-09-27T21:32:58.000Z,1790544778.000,32.645367639,-117.192179665,3.7,341.36,330.66,333.236,322.536,10.7,7.573,5.527,6.802,-36.946,296.29,-1978,-367.288,3,2.59,190.383
2026-09-27T21:32:59.000Z,1790544779.000,32.645384153,-117.192187093,3.617,339.752,329.052,332.683,321.983,10.7,9.227,4.383,6.801,-36.218,296.465,-1979,-368.725,3,2.6,191.432
2026-09-27T21:33:00.000Z,1790544780.000,32.645400317,-117.192194008,3.802,338.611,327.911,335.966,325.266,10.7,13.666,4.697,6.8,-39.416,296.549,-1980,-369.906,3,2.782,192.75
2026-09-27T21:33:01.000Z,1790544781.000,32.645416644,-117.192202522,3.966,337.164,326.464,328.318,317.618,10.7,10.14,3.768,6.799,-31.675,296.643,-1981,-371.771,3,2.967,193.207
2026-09-27T21:33:02.000Z,1790544782.000,32.645433461,-117.19220989,4.046,341.223,330.523,327.093,316.393,10.7,9.401,3.637,6.798,-30.416,296.676,-1982,-373.244,3,2.826,194.234
2026-09-27T21:33:03.000Z,1790544783.000,32.645450887,-117.192216965,4.206,337.007,326.307,331.053,320.353,10.7,9.194,4.3,6.797,-34.357,296.696,-1983,-374.487,3,3.147,195.718
2026-09-27T21:33:04.000Z,1790544784.000,32.645467601,-117.192226825,4.1,334.334,323.634,325.3,314.6,10.7,3.261,4.409,6.796,-28.867,296.433,-1984,-376.367,3,3.189,196.261
2026-09-27T21:33:05.000Z,1790544785.000,32.645484738,-117.192234416,4.2,340.325,329.625,326.577,315.877,10.7,6.913,4.068,6.794,-30.522,296.055,-1985,-377.766,3,2.97,197.494
2026-09-27T21:33:06.000Z,1790544786.000,32.645502669,-117.192240121,4.163,343.034,332.334,329.303,318.603,10.7,8.208,4.232,6.793,-33.619,295.683,-1986,-378.977,3,2.796,199.009
2026-09-27T21:33:07.000Z,1790544787.000,32.645520788,-117.192246574,4.135,343.691,332.991,329.303,318.603,10.7,6.435,5.087,6.792,-33.973,295.33,-1987,-380.379,3,2.738,200.295
2026-09-27T21:33:08.000Z,1790544788.000,32.645538446,-117.192253858,4.077,340.834,330.134,327.507,316.807,10.7,3.984,3.613,6.791,-32.11,295.396,-1988,-381.91,3,2.845,201.36
2026-09-27T21:33:09.000Z,1790544789.000,32.645556126,-117.19226047,4.031,342.102,331.402,329.275,318.575,10.7,7.331,1.861,6.79,-33.652,295.623,-1989,-383.226,3,2.743,202.73
2026-09-27T21:33:10.000Z,1790544790.000,32.645572906,-117.192268036,3.666,342.101,331.401,330.398,319.698,10.7,6.934,4.364,6.789,-34.44,295.959,-1990,-384.608,3,2.492,203.918
2026-09-27T21:33:11.000Z,1790544791.000,32.645589328,-117.192275496,3.9,338.155,327.455,329.19,318.491,10.7,6.313,4.377,6.788,-32.789,296.401,-1991,-386.072,3,2.838,204.907
2026-09-27T21:33:12.000Z,1790544792.000,32.645605476,-117.192283881,3.737,339.581,328.881,326.945,316.245,10.7,4.46,4.845,6.787,-30.152,296.793,-1992,-387.644,3,2.652,205.742
2026-09-27T21:33:13.000Z,1790544793.000,32.645621913,-117.19228993,3.593,344.268,333.568,334.477,323.777,10.7,10.438,3.778,6.786,-37.544,296.933,-1993,-388.577,3,2.329,207.451
2026-09-27T21:33:14.000Z,1790544794.000,32.645637172,-117.192299003,3.601,332.997,322.297,326.731,316.031,10.7,4.398,4.967,6.784,-29.322,297.408,-1994,-390.431,3,2.824,207.767
2026-09-27T21:33:15.000Z,1790544795.000,32.645653101,-117.192307388,3.803,338.769,328.069,328.822,318.122,10.7,8.454,4.009,6.783,-31.252,297.571,-1995,-391.803,3,2.727,208.907
2026-09-27T21:33:16.000Z,1790544796.000,32.645670024,-117.192314758,3.9,341.274,330.574,326.406,315.706,10.7,8.17,5.043,6.782,-28.798,297.608,-1996,-393.331,3,2.672,209.854
2026-09-27T21:33:17.000Z,1790544797.000,32.64568733,-117.192321752,4.2,339.579,328.879,328.152,317.452,10.7,10.196,4.796,6.781,-30.505,297.647,-1997,-394.666,3,2.962,211.169
2026-09-27T21:33:18.000Z,1790544798.000,32.645704503,-117.192328513,3.768,343.416,332.716,328.28,317.58,10.7,7.003,4.958,6.78,-30.862,297.419,-1998,-396.044,3,2.468,212.363
2026-09-27T21:33:19.000Z,1790544799.000,32.645720792,-117.192334324,3.727,344.913,334.213,328.589,317.889,10.7,6.469,5.352,6.779,-31.356,297.234,-1999,-397.292,3,2.364,213.542
2026-09-27T21:33:20.000Z,1790544800.000,32.645737656,-117.192339519,3.7,344.939,334.239,330.412,319.712,10.7,7.977,4.239,6.778,-33.21,297.202,-2000,-398.445,3,2.341,214.919
2026-09-27T21:33:21.000Z,1790544801.000,32.645754039,-117.192345118,3.762,343.594,332.894,331.859,321.159,10.7,7.332,5.203,6.777,-34.612,297.247,-2001,-399.624,3,2.444,216.2
2026-09-27T21:33:22.000Z,1790544802.000,32.645770128,-117.192351873,3.837,333.237,322.537,334.346,323.646,10.7,7.976,2.506,6.776,-36.961,297.386,-2002,-400.832,3,2.973,217.465
2026-09-27T21:33:23.000Z,1790544803.000,32.645785007,-117.192357792,3.5,344.719,334.019,335.897,325.197,10.7,10.958,3.578,6.774,-38.403,297.494,-2003,-401.956,3,2.214,218.598
2026-09-27T21:33:24.000Z,1790544804.000,32.64579987,-117.192363045,3.271,341.737,331.037,335.078,324.378,10.7,10.078,4.3,6.773,-37.615,297.463,-2004,-403.146,3,2.195,219.598
2026-09-27T21:33:25.000Z,1790544805.000,32.645815248,-117.192368983,3.624,345.335,334.635,332.576,321.876,10.7,6.476,4.762,6.772,-35.203,297.373,-2005,-404.502,3,2.255,220.486
2026-09-27T21:33:26.000Z,1790544806.000,32.645831405,-117.192372436,3.718,353.61,342.91,335.272,324.572,10.7,7.918,5.277,6.771,-38.005,297.267,-2006,-405.421,3,1.866,221.951
2026-09-27T21:33:27.000Z,1790544807.000,32.645848744,-117.192374768,3.768,355.412,344.712,334.522,323.822,10.7,8.847,4.375,6.77,-37.438,297.085,-2007,-406.476,3,1.782,223.338
2026-09-27T21:33:28.000Z,1790544808.000,32.645865849,-117.192378016,3.67,346.21,335.51,332.205,321.505,10.7,6.114,4.326,6.769,-35.263,296.942,-2008,-407.675,3,2.227,224.541
2026-09-27T21:33:29.000Z,1790544809.000,32.645882929,-117.192383964,3.836,345.011,334.311,336.373,325.673,10.7,7.255,3.673,6.768,-39.734,296.639,-2009,-408.772,3,2.386,226.058
2026-09-27T21:33:30.000Z,1790544810.000,32.645899619,-117.192390751,3.863,340.317,329.617,334.273,323.573,10.7,6.954,4.466,6.767,-38.306,295.967,-2010,-410.246,3,2.639,227.049
2026-09-27T21:33:31.000Z,1790544811.000,32.645917233,-117.192396226,3.839,347.482,336.782,335.374,324.674,10.7,10.344,5.087,6.766,-39.73,295.644,-2011,-411.484,3,2.247,228.421
2026-09-27T21:33:32.000Z,1790544812.000,32.645934608,-117.192399272,3.664,354.652,343.952,338.832,328.132,10.7,12.153,3.628,6.764,-43.204,295.628,-2012,-412.375,3,1.752,230.065
2026-09-27T21:33:33.000Z,1790544813.000,32.645950712,-117.192402096,3.4,351.122,340.422,337.002,326.302,10.7,8.702,2.91,6.763,-41.451,295.551,-2013,-413.476,3,1.802,231.242
2026-09-27T21:33:34.000Z,1790544814.000,32.645966184,-117.192406696,3.428,340.469,329.769,335.408,324.708,10.7,6.404,4.124,6.762,-40.057,295.35,-2014,-414.68,3,2.32,232.278
2026-09-27T21:33:35.000Z,1790544815.000,32.64598158,-117.19241088,3.62,348.94,338.24,336.88,326.18,10.7,9.7,5.96,6.761,-41.789,295.091,-2015,-415.684,3,2.027,233.545
2026-09-27T21:33:36.000Z,1790544816.000,32.645997511,-117.192414277,3.432,350.14,339.44,337.57,326.87,10.7,11.545,4.14,6.76,-42.816,294.754,-2016,-416.686,3,1.857,234.848
2026-09-27T21:33:37.000Z,1790544817.000,32.646012578,-117.19241772,3.365,349.755,339.055,335.685,324.985,10.7,7.955,5.425,6.759,-41.41,294.274,-2017,-417.792,3,1.836,235.892
2026-09-27T21:33:38.000Z,1790544818.000,32.64602797,-117.192422388,3.497,343.368,332.668,338.312,327.612,10.7,9.343,4.1,6.758,-44.359,293.953,-2018,-418.772,3,2.219,237.211
2026-09-27T21:33:39.000Z,1790544819.000,32.646043526,-117.192428445,3.562,340.88,330.18,338.594,327.894,10.7,10.721,5.527,6.757,-44.815,293.778,-2019,-420.004,3,2.374,238.306
2026-09-27T21:33:40.000Z,1790544820.000,32.646059704,-117.192436333,3.731,338.055,327.355,333.1,322.4,10.7,8.544,5.282,6.756,-39.637,293.463,-2020,-421.727,3,2.618,238.954
2026-09-27T21:33:41.000Z,1790544821.000,32.646076927,-117.192442432,3.8,350.257,339.557,332.863,322.163,10.7,10.565,5.132,6.754,-39.692,293.171,-2021,-423.069,3,2.029,240.162
2026-09-27T21:33:42.000Z,1790544822.000,32.646095029,-117.192443897,3.931,357.528,346.828,337.672,326.972,10.7,11.797,5.872,6.753,-44.648,293.024,-2022,-423.796,3,1.655,242.057
2026-09-27T21:33:43.000Z,1790544823.000,32.646112882,-117.192446193,3.736,354.132,343.432,335.012,324.312,10.7,7.413,5.391,6.752,-42.046,292.966,-2023,-424.976,3,1.765,243.361
2026-09-27T21:33:44.000Z,1790544824.000,32.646129814,-117.192449749,3.739,345.412,334.712,334.751,324.051,10.7,5.839,3.632,6.751,-41.672,293.079,-2024,-426.09,3,2.242,244.68
2026-09-27T21:33:45.000Z,1790544825.000,32.646146558,-117.192453953,3.568,344.747,334.047,336.289,325.589,10.7,9.989,3.468,6.75,-43.032,293.257,-2025,-427.156,3,2.168,246.072
2026-09-27T21:33:46.000Z,1790544826.000,32.6461626,-117.192457967,3.567,348.867,338.167,336.7,326,10.7,12.5,3.433,6.749,-43.459,293.241,-2026,-428.232,3,1.953,247.333
2026-09-27T21:33:47.000Z,1790544827.000,32.646177904,-117.192461698,3.573,346.165,335.465,339.217,328.517,10.7,10.719,4.846,6.748,-46.057,293.16,-2027,-429.132,3,2.091,248.686
2026-09-27T21:33:48.000Z,1790544828.000,32.646193509,-117.192467453,3.726,340.456,329.756,337.83,327.13,10.7,7.991,5.739,6.747,-44.827,293.003,-2028,-430.434,3,2.467,249.688
2026-09-27T21:33:49.000Z,1790544829.000,32.646209837,-117.192473309,3.67,342.414,331.714,337.979,327.279,10.7,10.309,3.989,6.746,-45.098,292.88,-2029,-431.693,3,2.33,250.855
2026-09-27T21:33:50.000Z,1790544830.000,32.64622615,-117.192479573,3.766,340.114,329.414,334.333,323.633,10.7,9.169,5.139,6.744,-41.447,292.885,-2030,-433.189,3,2.503,251.734
2026-09-27T21:33:51.000Z,1790544831.000,32.646243116,-117.192484529,3.934,345.923,335.223,334.906,324.206,10.7,11.235,2.868,6.743,-42.272,292.635,-2031,-434.38,3,2.299,253.039
2026-09-27T21:33:52.000Z,1790544832.000,32.646260658,-117.192488016,3.871,350.093,339.393,337.939,327.239,10.7,11.003,5.206,6.742,-45.767,292.172,-2032,-435.341,3,2.022,254.646
2026-09-27T21:33:53.000Z,1790544833.000,32.646278786,-117.192493033,4.115,344.859,334.159,330.406,319.706,10.7,5.791,3.556,6.741,-38.656,291.75,-2033,-437.007,3,2.456,255.475
2026-09-27T21:33:54.000Z,1790544834.000,32.646298636,-117.192495921,4.47,355.025,344.325,332.627,321.927,10.7,9.149,2.688,6.74,-41.127,291.499,-2034,-438.082,3,1.985,257.274
2026-09-27T21:33:55.000Z,1790544835.000,32.646318107,-117.192497767,4.067,354.333,343.633,336.265,325.565,10.7,10.765,4.031,6.739,-45.026,291.239,-2035,-438.971,3,1.843,259.193
2026-09-27T21:33:56.000Z,1790544836.000,32.646336272,-117.192501158,3.768,346.676,335.976,334.225,323.525,10.7,9.173,3.271,6.738,-43.269,290.956,-2036,-440.222,3,2.135,260.506
2026-09-27T21:33:57.000Z,1790544837.000,32.646352517,-117.192507062,3.585,340.229,329.529,334.226,323.526,10.7,8.981,4.123,6.737,-43.553,290.673,-2037,-441.489,3,2.346,261.652
2026-09-27T21:33:58.000Z,1790544838.000,32.646368038,-117.19251297,3.3,346.81,336.11,334.612,323.912,10.7,11.813,4.756,6.736,-44.215,290.397,-2038,-442.704,3,1.856,262.762
2026-09-27T21:33:59.000Z,1790544839.000,32.646383237,-117.192519083,3.464,338.149,327.449,335.096,324.396,10.7,12.804,4.207,6.734,-44.806,290.29,-2039,-443.915,3,2.354,263.837
2026-09-27T21:34:00.000Z,1790544840.000,32.646398386,-117.192526278,3.665,338.188,327.488,335.187,324.487,10.7,14.582,3.774,6.733,-45.229,289.957,-2040,-445.235,3,2.485,264.821
2026-09-27T21:34:01.000Z,1790544841.000,32.646414751,-117.192535569,3.8,333.335,322.635,330.057,319.357,10.7,11.983,5.244,6.732,-40.471,289.586,-2041,-447.048,3,2.801,265.424
2026-09-27T21:34:02.000Z,1790544842.000,32.646431908,-117.192545342,4.139,336.52,325.82,326.541,315.841,10.7,10.387,3.684,6.731,-37.164,289.378,-2042,-448.843,3,2.887,266.179
2026-09-27T21:34:03.000Z,1790544843.000,32.646450428,-117.192552268,4.138,344.18,333.48,325.123,314.423,10.7,10.438,3.493,6.73,-36.173,288.951,-2043,-450.363,3,2.46,267.368
2026-09-27T21:34:04.000Z,1790544844.000,32.646469153,-117.192557237,4.034,349.745,339.045,328.242,317.542,10.7,9.466,5.53,6.729,-39.903,288.339,-2044,-451.536,3,2.066,269.026
2026-09-27T21:34:05.000Z,1790544845.000,32.64648807,-117.19256258,4.195,345.59,334.89,327.935,317.235,10.7,6.905,3.43,6.728,-39.962,287.973,-2045,-452.896,3,2.398,270.423
2026-09-27T21:34:06.000Z,1790544846.000,32.646506068,-117.192568719,4.163,345.158,334.458,329.185,318.485,10.7,8.963,3.551,6.727,-41.623,287.562,-2046,-454.21,3,2.399,271.808
2026-09-27T21:34:07.000Z,1790544847.000,32.646523176,-117.192575818,3.74,341.29,330.59,331.951,321.251,10.7,10.051,5.431,6.726,-44.705,287.246,-2047,-455.49,3,2.352,273.172
2026-09-27T21:34:08.000Z,1790544848.000,32.646539147,-117.192584728,3.5,333.689,322.989,330.909,320.209,10.7,10.405,4.827,6.724,-43.743,287.166,-2048,-457.049,3,2.539,274.054
2026-09-27T21:34:09.000Z,1790544849.000,32.646555028,-117.192592797,3.733,336.805,326.105,333.867,323.167,10.7,15,3.002,6.723,-46.729,287.138,-2049,-458.337,3,2.56,275.264
2026-09-27T21:34:10.000Z,1790544850.000,32.646570515,-117.192603265,3.67,330.915,320.215,325.845,315.145,10.7,9.645,5.465,6.722,-38.678,287.167,-2050,-460.326,3,2.776,275.501
2026-09-27T21:34:11.000Z,1790544851.000,32.646586901,-117.19261005,3.839,346.545,335.845,328.206,317.506,10.7,11.828,4.344,6.721,-40.867,287.338,-2051,-461.574,3,2.114,276.791
2026-09-27T21:34:12.000Z,1790544852.000,32.646604626,-117.192614285,3.9,348.677,337.977,326.355,315.654,10.7,9.476,5.301,6.72,-38.895,287.46,-2052,-462.85,3,2.02,278.023
2026-09-27T21:34:13.000Z,1790544853.000,32.646622161,-117.192618531,3.801,349.112,338.412,331.765,321.065,10.7,8.801,4.398,6.719,-44.305,287.46,-2053,-463.793,3,1.937,279.779
2026-09-27T21:34:14.000Z,1790544854.000,32.64663945,-117.192626873,3.874,334.286,323.586,328.274,317.574,10.7,7.526,3.826,6.718,-40.887,287.387,-2054,-465.478,3,2.758,280.63
2026-09-27T21:34:15.000Z,1790544855.000,32.64665645,-117.192636112,4.037,338.801,328.101,330.648,319.948,10.7,12.922,4.947,6.717,-43.517,287.132,-2055,-466.955,3,2.637,281.84
2026-09-27T21:34:16.000Z,1790544856.000,32.646673351,-117.192645376,3.777,336.633,325.933,328.061,317.361,10.7,11.461,5.546,6.716,-41.273,286.787,-2056,-468.656,3,2.57,282.671
2026-09-27T21:34:17.000Z,1790544857.000,32.646691076,-117.19265275,4,344.246,333.546,328.543,317.843,10.7,12,4.715,6.714,-41.993,286.55,-2057,-470.097,3,2.305,283.907
2026-09-27T21:34:18.000Z,1790544858.000,32.64670912,-117.192658662,4.033,345.46,334.76,328.198,317.498,10.7,10.001,3.998,6.713,-41.749,286.449,-2058,-471.465,3,2.247,285.191
2026-09-27T21:34:19.000Z,1790544859.000,32.646727588,-117.192665633,4.265,336.996,326.296,325.319,314.619,10.7,6.255,4.829,6.712,-38.848,286.471,-2059,-473.051,3,2.867,286.263
2026-09-27T21:34:20.000Z,1790544860.000,32.646746514,-117.192671861,4.238,344.224,333.524,329.17,318.47,10.7,9.646,2.738,6.711,-42.593,286.577,-2060,-474.306,3,2.425,287.925
2026-09-27T21:34:21.000Z,1790544861.000,32.646764695,-117.192678362,4.008,347.045,336.346,329.264,318.564,10.7,9.847,6.739,6.71,-42.647,286.617,-2061,-475.711,3,2.123,289.221
2026-09-27T21:34:22.000Z,1790544862.000,32.646781744,-117.192684504,3.799,341.973,331.273,330.533,319.833,10.7,10.433,2.503,6.709,-43.924,286.609,-2062,-476.978,3,2.284,290.522
2026-09-27T21:34:23.000Z,1790544863.000,32.64679708,-117.19269101,3.535,341.19,330.49,332.495,321.795,10.7,11.38,3.805,6.708,-45.838,286.657,-2063,-478.159,3,2.16,291.697
2026-09-27T21:34:24.000Z,1790544864.000,32.646812932,-117.192697253,3.736,342.054,331.354,335.197,324.497,10.7,14.562,5.065,6.707,-48.565,286.632,-2064,-479.299,3,2.233,292.983
2026-09-27T21:34:25.000Z,1790544865.000,32.646828844,-117.192705714,3.807,333.953,323.253,332.016,321.316,10.7,12.462,4.707,6.706,-45.459,286.557,-2065,-480.929,3,2.68,293.732
2026-09-27T21:34:26.000Z,1790544866.000,32.646844729,-117.192714981,3.797,336.899,326.199,325.957,315.257,10.7,11.17,4.135,6.704,-39.43,286.527,-2066,-482.738,3,2.528,294.213
2026-09-27T21:34:27.000Z,1790544867.000,32.646862333,-117.192722467,4,339.433,328.733,326.067,315.367,10.7,14.467,2.267,6.703,-39.742,286.325,-2067,-484.199,3,2.523,295.405
2026-09-27T21:34:28.000Z,1790544868.000,32.646879624,-117.192730444,4.264,335.008,324.308,326.737,316.037,10.7,10.028,4.555,6.702,-40.783,285.955,-2068,-485.663,3,2.931,296.584
2026-09-27T21:34:29.000Z,1790544869.000,32.646897286,-117.192738003,4.1,345.071,334.371,328.618,317.918,10.7,11.318,3.529,6.701,-42.905,285.713,-2069,-487.056,3,2.249,297.91
2026-09-27T21:34:30.000Z,1790544870.000,32.646914957,-117.192745856,3.937,341.181,330.481,328.087,317.387,10.7,11.914,5.641,6.7,-42.508,285.579,-2070,-488.58,3,2.373,299.04
2026-09-27T21:34:31.000Z,1790544871.000,32.646933051,-117.192754908,4.098,340.939,330.239,326.636,315.936,10.7,11.966,4.603,6.699,-41.365,285.271,-2071,-490.264,3,2.479,300.073
2026-09-27T21:34:32.000Z,1790544872.000,32.646950752,-117.192761901,3.971,342.269,331.569,332.13,321.43,10.7,15.593,4.835,6.698,-47.191,284.939,-2072,-491.442,3,2.322,301.7
2026-09-27T21:34:33.000Z,1790544873.000,32.64696775,-117.192770375,3.974,335.19,324.49,326.578,315.878,10.7,10.568,5.126,6.697,-41.894,284.684,-2073,-493.216,3,2.699,302.363
2026-09-27T21:34:34.000Z,1790544874.000,32.646985886,-117.192777569,4.13,344.412,333.712,327.218,316.518,10.7,12.469,4.459,6.696,-42.693,284.525,-2074,-494.654,3,2.277,303.659
2026-09-27T21:34:35.000Z,1790544875.000,32.647004135,-117.192784985,4.297,337.896,327.196,327.444,316.744,10.7,11.805,2.532,6.694,-42.763,284.682,-2075,-496.135,3,2.755,304.922
2026-09-27T21:34:36.000Z,1790544876.000,32.647021976,-117.192793656,4.166,337.862,327.162,326.568,315.868,10.7,10.96,4.908,6.693,-41.58,284.988,-2076,-497.75,3,2.668,305.996
2026-09-27T21:34:37.000Z,1790544877.000,32.647039624,-117.192802451,4.129,333.869,323.169,325.736,315.036,10.7,12.464,4.037,6.692,-40.459,285.276,-2077,-499.364,3,2.854,307.049
2026-09-27T21:34:38.000Z,1790544878.000,32.64705655,-117.19281269,4.3,333.843,323.143,324.447,313.747,10.7,10.539,4.07,6.691,-38.926,285.521,-2078,-501.083,3,2.969,307.923
2026-09-27T21:34:39.000Z,1790544879.000,32.647074771,-117.192821881,4.3,338.388,327.688,322.358,311.658,10.7,10.053,3.536,6.69,-36.828,285.53,-2079,-502.802,3,2.708,308.908
2026-09-27T21:34:40.000Z,1790544880.000,32.647093846,-117.192826695,4.232,349.668,338.968,328.989,318.289,10.7,15.297,5.035,6.689,-43.281,285.708,-2080,-503.837,3,1.962,310.875
2026-09-27T21:34:41.000Z,1790544881.000,32.647112323,-117.192833997,4.006,340.723,330.023,326.077,315.377,10.7,10.048,3.529,6.688,-40.237,285.841,-2081,-505.456,3,2.382,311.929
2026-09-27T21:34:42.000Z,1790544882.000,32.647129513,-117.192842348,3.963,340.266,329.566,328.138,317.438,10.7,9.443,6.71,6.687,-42.362,285.776,-2082,-506.886,3,2.376,313.183
2026-09-27T21:34:43.000Z,1790544883.000,32.647146782,-117.192849806,4.038,334.994,324.294,332.591,321.892,10.7,14.407,4.046,6.686,-47.161,285.431,-2083,-508.126,3,2.702,314.666
2026-09-27T21:34:44.000Z,1790544884.000,32.647163473,-117.192859037,3.966,336.065,325.365,332.034,321.334,10.7,14.199,4.834,6.684,-46.588,285.446,-2084,-509.724,3,2.594,315.631
2026-09-27T21:34:45.000Z,1790544885.000,32.647181111,-117.192871199,4.5,329.899,319.199,328.409,317.709,10.7,12.326,3.735,6.683,-43.007,285.402,-2085,-511.756,3,3.287,316.296
2026-09-27T21:34:46.000Z,1790544886.000,32.6471999,-117.19288277,4.605,336.415,325.715,321.805,311.105,10.7,10.92,5.115,6.682,-36.407,285.398,-2086,-513.892,3,2.981,316.859
2026-09-27T21:34:47.000Z,1790544887.000,32.647220028,-117.192890822,4.72,344.75,334.05,323.719,313.019,10.7,12.298,2.758,6.681,-38.192,285.527,-2087,-515.453,3,2.493,318.389
2026-09-27T21:34:48.000Z,1790544888.000,32.647240574,-117.192896463,4.4,346.824,336.124,327.74,317.04,10.7,8.768,6,6.68,-41.913,285.828,-2088,-516.735,3,2.178,320.245
2026-09-27T21:34:49.000Z,1790544889.000,32.647260701,-117.192901473,4.2,351.144,340.444,328.221,317.521,10.7,7.64,4.575,6.679,-42.074,286.147,-2089,-518.088,3,1.79,321.827
2026-09-27T21:34:50.000Z,1790544890.000,32.647279911,-117.192905752,4.135,349.209,338.509,330.778,320.078,10.7,7.396,5.191,6.678,-44.403,286.374,-2090,-519.241,3,1.88,323.521
2026-09-27T21:34:51.000Z,1790544891.000,32.647297982,-117.192911151,4.017,342.852,332.152,336.151,325.451,10.7,9.871,4.246,6.677,-49.538,286.613,-2091,-520.282,3,2.204,325.246
2026-09-27T21:34:52.000Z,1790544892.000,32.647314797,-117.192920638,3.8,331.024,320.324,334.001,323.301,10.7,10.16,5.119,6.676,-47.051,286.95,-2092,-521.992,3,2.688,326.097
2026-09-27T21:34:53.000Z,1790544893.000,32.647330802,-117.192932219,3.832,333.351,322.651,332.813,322.113,10.7,13.051,4.394,6.674,-45.559,287.254,-2093,-523.789,3,2.595,326.828
2026-09-27T21:34:54.000Z,1790544894.000,32.647347289,-117.192943227,4,332.64,321.94,327.669,316.969,10.7,12.535,5.197,6.673,-40.137,287.532,-2094,-525.74,3,2.741,327.339
2026-09-27T21:34:55.000Z,1790544895.000,32.64736437,-117.192950949,4.035,343.892,333.192,328.289,317.589,10.7,10.77,3.541,6.672,-40.357,287.932,-2095,-527.174,3,2.133,328.509
2026-09-27T21:34:56.000Z,1790544896.000,32.64738258,-117.192957886,4.262,339.661,328.961,329.47,318.77,10.7,7.677,4.546,6.671,-41.087,288.383,-2096,-528.569,3,2.507,329.865
2026-09-27T21:34:57.000Z,1790544897.000,32.647402476,-117.192966923,4.53,341.726,331.026,325.581,314.881,10.7,3.03,4.921,6.67,-37.044,288.536,-2097,-530.443,3,2.524,330.879
2026-09-27T21:34:58.000Z,1790544898.000,32.647423254,-117.192973405,4.466,350.101,339.401,329.536,318.836,10.7,10.805,3.569,6.669,-40.754,288.782,-2098,-531.802,3,1.912,332.702
2026-09-27T21:34:59.000Z,1790544899.000,32.647443331,-117.19297957,4.6,346.715,336.015,328.251,317.551,10.7,8.507,3.351,6.668,-39.267,288.984,-2099,-533.33,3,2.204,334.085
2026-09-27T21:35:00.000Z,1790544900.000,32.6474633,-117.19298535,4.463,347.325,336.625,330.65,319.95,10.7,6.987,4.375,6.667,-41.565,289.085,-2100,-534.653,3,2.087,335.754
2026-09-27T21:35:01.000Z,1790544901.000,32.64748275,-117.192991197,4.23,345.385,334.685,333.03,322.33,10.7,6.691,4.158,6.666,-43.841,289.189,-2101,-535.951,3,2.096,337.367
2026-09-27T21:35:02.000Z,1790544902.000,32.647500899,-117.19299691,4.068,344.309,333.609,333.268,322.568,10.7,8.738,4.508,6.664,-43.736,289.532,-2102,-537.281,3,2.075,338.713
2026-09-27T21:35:03.000Z,1790544903.000,32.64751855,-117.193003908,3.939,339.005,328.305,334.361,323.661,10.7,12.265,4.182,6.663,-44.32,290.041,-2103,-538.652,3,2.308,340.006
2026-09-27T21:35:04.000Z,1790544904.000,32.647534967,-117.193012411,3.927,334.355,323.655,334.627,323.927,10.7,11.463,3.517,6.662,-44.157,290.471,-2104,-540.134,3,2.547,341.046
2026-09-27T21:35:05.000Z,1790544905.000,32.647550808,-117.193021404,3.619,339.199,328.499,329.584,318.884,10.7,7.962,6.144,6.661,-38.737,290.846,-2105,-541.89,3,2.102,341.622
2026-09-27T21:35:06.000Z,1790544906.000,32.647567207,-117.193027583,3.393,347.874,337.174,330.404,319.704,10.7,9.721,3.752,6.66,-39.264,291.14,-2106,-543.15,3,1.527,342.828
2026-09-27T21:35:07.000Z,1790544907.000,32.647583939,-117.193033036,3.934,340.299,329.599,332.563,321.863,10.7,10.264,3.967,6.659,-41.304,291.259,-2107,-544.298,3,2.211,344.201
2026-09-27T21:35:08.000Z,1790544908.000,32.647601358,-117.193040717,4.003,340.217,329.517,327.273,316.572,10.7,5.907,4.686,6.658,-35.916,291.357,-2108,-546.017,3,2.25,344.967
2026-09-27T21:35:09.000Z,1790544909.000,32.647620674,-117.193047725,4.273,340.912,330.212,329.534,318.834,10.7,9.861,3.271,6.657,-38.124,291.41,-2109,-547.422,3,2.351,346.5
2026-09-27T21:35:10.000Z,1790544910.000,32.64763987,-117.193055424,4.3,339.95,329.25,326.886,316.186,10.7,7.049,4.803,6.656,-35.52,291.367,-2110,-549.098,3,2.42,347.618
2026-09-27T21:35:11.000Z,1790544911.000,32.647659441,-117.193063383,4.397,340.357,329.657,330.265,319.565,10.7,9.323,3.703,6.654,-38.809,291.456,-2111,-550.546,3,2.44,349.206
2026-09-27T21:35:12.000Z,1790544912.000,32.64767856,-117.19307093,4.366,339.211,328.511,328.433,317.734,10.7,8.501,4.332,6.653,-36.638,291.796,-2112,-552.172,3,2.489,350.387
2026-09-27T21:35:13.000Z,1790544913.000,32.6476972,-117.193077313,4.235,344.765,334.065,328.495,317.795,10.7,8.513,2.592,6.652,-36.259,292.236,-2113,-553.59,3,2.058,351.729
2026-09-27T21:35:14.000Z,1790544914.000,32.647714936,-117.193083593,3.9,342.371,331.671,331.038,320.338,10.7,7.122,6.088,6.651,-38.435,292.603,-2114,-554.842,3,2.029,353.178
2026-09-27T21:35:15.000Z,1790544915.000,32.647732349,-117.193089854,3.453,350.36,339.66,333.934,323.234,10.7,9.094,5.178,6.65,-41.112,292.822,-2115,-556.051,3,1.363,354.62
2026-09-27T21:35:16.000Z,1790544916.000,32.647748177,-117.193097138,3.633,339.039,328.339,334.268,323.568,10.7,9.268,4.201,6.649,-41.25,293.018,-2116,-557.401,3,2.057,355.679
2026-09-27T21:35:17.000Z,1790544917.000,32.647764067,-117.193105185,3.731,338.764,328.064,331.697,320.997,10.7,9.731,4.322,6.648,-38.56,293.137,-2117,-558.961,3,2.122,356.492
2026-09-27T21:35:18.000Z,1790544918.000,32.647780915,-117.193111923,3.937,341.557,330.857,334.053,323.353,10.7,10.527,3.773,6.647,-40.399,293.654,-2118,-560.211,3,2.073,357.818
2026-09-27T21:35:19.000Z,1790544919.000,32.647798665,-117.193118486,3.818,343.807,333.107,332.784,322.084,10.7,10.066,3.982,6.646,-38.599,294.185,-2119,-561.669,3,1.875,358.974
2026-09-27T21:35:20.000Z,1790544920.000,32.647816424,-117.193125723,4.136,340.721,330.021,333.495,322.795,10.7,11.4,4.022,6.644,-38.802,294.693,-2120,-563.085,3,2.216,360.236
2026-09-27T21:35:21.000Z,1790544921.000,32.647833933,-117.193132367,4.033,344.267,333.567,329.4,318.7,10.7,9.3,5.633,6.643,-34.228,295.172,-2121,-564.672,3,1.94,361.158
2026-09-27T21:35:22.000Z,1790544922.000,32.64785137,-117.193138413,3.841,343.69,332.99,330.773,320.073,10.7,10.919,4.235,6.642,-35.271,295.502,-2122,-565.943,3,1.874,362.506
2026-09-27T21:35:23.000Z,1790544923.000,32.647867991,-117.1931439,3.823,342.302,331.602,331.292,320.592,10.7,9.815,4.131,6.641,-35.639,295.653,-2123,-567.169,3,1.94,363.748
2026-09-27T21:35:24.000Z,1790544924.000,32.647884857,-117.19315067,3.969,339.995,329.295,333.269,322.569,10.7,10.992,4.492,6.64,-37.555,295.715,-2124,-568.442,3,2.144,365.047
2026-09-27T21:35:25.000Z,1790544925.000,32.64790135,-117.193158908,3.898,338.589,327.889,332.336,321.636,10.7,11.57,4.894,6.639,-36.588,295.747,-2125,-569.965,3,2.18,366.022
2026-09-27T21:35:26.000Z,1790544926.000,32.647917826,-117.193166979,4.193,334.57,323.87,330.838,320.138,10.7,11.835,4.069,6.638,-34.995,295.843,-2126,-571.5,3,2.577,366.963
2026-09-27T21:35:27.000Z,1790544927.000,32.647934836,-117.193175558,4.108,338.291,327.591,329.217,318.517,10.7,10.108,4.925,6.637,-33.003,296.213,-2127,-573.105,3,2.304,367.913
2026-09-27T21:35:28.000Z,1790544928.000,32.647953138,-117.193182416,4.17,342.569,331.869,328.113,317.413,10.7,10.73,2.47,6.636,-31.444,296.669,-2128,-574.6,3,2.068,369.112
2026-09-27T21:35:29.000Z,1790544929.000,32.647971561,-117.193188819,4.364,345.993,335.293,328.54,317.84,10.7,8.049,4.549,6.634,-31.455,297.085,-2129,-575.993,3,1.925,370.46
2026-09-27T21:35:30.000Z,1790544930.000,32.647990776,-117.193193796,4.202,351.39,340.69,328.716,318.016,10.7,8.792,4.996,6.633,-30.986,297.73,-2130,-577.314,3,1.483,371.939
2026-09-27T21:35:31.000Z,1790544931.000,32.648009235,-117.193198678,4.1,344.846,334.146,330.746,320.046,10.7,7.616,4.565,6.632,-32.577,298.169,-2131,-578.507,3,1.867,373.493
2026-09-27T21:35:32.000Z,1790544932.000,32.648026539,-117.193205027,3.9,341.738,331.038,332.006,321.306,10.7,8.506,4.047,6.631,-33.788,298.217,-2132,-579.801,3,1.955,374.803
2026-09-27T21:35:33.000Z,1790544933.000,32.648042944,-117.193212196,3.976,338.442,327.742,333.086,322.386,10.7,11.248,5.807,6.63,-35.179,297.907,-2133,-581.13,3,2.181,375.973
2026-09-27T21:35:34.000Z,1790544934.000,32.648058456,-117.193220027,3.7,332.358,321.658,333.036,322.336,10.7,13.202,4.762,6.629,-35.335,297.7,-2134,-582.529,3,2.341,376.946
2026-09-27T21:35:35.000Z,1790544935.000,32.648074089,-117.193230766,4.01,331.093,320.393,327.957,317.257,10.7,10.6,4.417,6.628,-30.287,297.67,-2135,-584.416,3,2.601,377.4
2026-09-27T21:35:36.000Z,1790544936.000,32.648091085,-117.193239865,4.039,333.492,322.792,327.958,317.258,10.7,12.071,2.816,6.627,-30.111,297.846,-2136,-585.989,3,2.483,378.441
2026-09-27T21:35:37.000Z,1790544937.000,32.648108192,-117.193248681,4.27,339.701,329.001,326.642,315.942,10.7,9.961,6.299,6.626,-28.559,298.083,-2137,-587.6,3,2.24,379.407
2026-09-27T21:35:38.000Z,1790544938.000,32.648125296,-117.193256713,3.8,339.295,328.595,328.645,317.945,10.7,7.8,4.997,6.624,-30.335,298.31,-2138,-589.002,3,2.009,380.667
2026-09-27T21:35:39.000Z,1790544939.000,32.64814215,-117.193263263,3.8,346.692,335.992,326.653,315.953,10.7,7.19,4.96,6.623,-28.269,298.384,-2139,-590.439,3,1.571,381.684
2026-09-27T21:35:40.000Z,1790544940.000,32.648159265,-117.193268128,3.764,345.89,335.19,328.244,317.544,10.7,9.836,2.809,6.622,-30.068,298.176,-2140,-591.591,3,1.597,383.086
2026-09-27T21:35:41.000Z,1790544941.000,32.648176355,-117.193273352,3.913,346.838,336.138,329.61,318.91,10.7,10.239,4.819,6.621,-31.579,298.031,-2141,-592.779,3,1.595,384.448
2026-09-27T21:35:42.000Z,1790544942.000,32.648192888,-117.193281067,3.868,333.575,322.875,328.916,318.216,10.7,9.411,4.315,6.62,-30.915,298.002,-2142,-594.246,3,2.339,385.471
2026-09-27T21:35:43.000Z,1790544943.000,32.648208694,-117.193291129,3.933,331.27,320.57,330.865,320.165,10.7,10.765,4.203,6.619,-32.981,297.884,-2143,-595.755,3,2.497,386.496
2026-09-27T21:35:44.000Z,1790544944.000,32.64822414,-117.193302717,4.065,325.858,315.158,328.195,317.495,10.7,10.212,5.694,6.618,-30.43,297.765,-2144,-597.588,3,2.861,387.063
2026-09-27T21:35:45.000Z,1790544945.000,32.648240635,-117.193312331,4.173,340.258,329.558,325.373,314.673,10.7,12.348,4.324,6.617,-27.54,297.832,-2145,-599.303,3,2.102,387.817
2026-09-27T21:35:46.000Z,1790544946.000,32.648259448,-117.193319236,4.079,345.182,334.482,322.773,312.073,10.7,8.506,4.245,6.616,-24.625,298.148,-2146,-600.878,3,1.737,388.941
2026-09-27T21:35:47.000Z,1790544947.000,32.648278133,-117.193323567,4.067,349.267,338.567,325.833,315.133,10.7,4.967,4.4,6.614,-27.403,298.43,-2147,-602.006,3,1.457,390.63
2026-09-27T21:35:48.000Z,1790544948.000,32.648296192,-117.193327755,4.035,346.362,335.662,327.108,316.408,10.7,4.249,2.593,6.613,-28.323,298.785,-2148,-603.159,3,1.626,392.13
2026-09-27T21:35:49.000Z,1790544949.000,32.648314023,-117.193331835,4,346.469,335.769,331.33,320.63,10.7,9.228,3.055,6.612,-32.121,299.209,-2149,-604.155,3,1.597,393.834
2026-09-27T21:35:50.000Z,1790544950.000,32.648330712,-117.193338591,3.74,337.918,327.218,328.08,317.38,10.7,7.3,4.73,6.611,-28.713,299.367,-2150,-605.666,3,1.981,394.734
2026-09-27T21:35:51.000Z,1790544951.000,32.648346388,-117.193344074,3.467,345.461,334.761,334.606,323.906,10.7,11.939,4.6,6.61,-35.169,299.437,-2151,-606.558,3,1.428,396.33
2026-09-27T21:35:52.000Z,1790544952.000,32.648361116,-117.193351756,3.236,335.824,325.124,333.028,322.328,10.7,11.064,4.526,6.609,-33.802,299.225,-2152,-607.985,3,1.803,397.13
2026-09-27T21:35:53.000Z,1790544953.000,32.648375307,-117.193361409,3.587,328.897,318.197,331.052,320.352,10.7,12.625,3.974,6.608,-32.166,298.886,-2153,-609.569,3,2.34,397.743
2026-09-27T21:35:54.000Z,1790544954.000,32.648390142,-117.193372479,3.73,327.548,316.848,328.441,317.741,10.7,13.852,4.559,6.607,-29.572,298.869,-2154,-611.329,3,2.495,398.288
2026-09-27T21:35:55.000Z,1790544955.000,32.648405629,-117.193382281,3.897,334.224,323.524,323.508,312.808,10.7,10.473,4.47,6.606,-24.739,298.769,-2155,-613.096,3,2.248,398.779
2026-09-27T21:35:56.000Z,1790544956.000,32.648422615,-117.193389226,4,342.885,332.185,325.106,314.406,10.7,10.037,2.963,6.604,-26.524,298.583,-2156,-614.423,3,1.781,400.059
2026-09-27T21:35:57.000Z,1790544957.000,32.648440065,-117.193395657,4,345.179,334.479,321.74,311.04,10.7,6,4.337,6.603,-23.235,298.506,-2157,-615.922,3,1.63,401.026
2026-09-27T21:35:58.000Z,1790544958.000,32.648457863,-117.19340038,3.938,345.767,335.067,324.962,314.262,10.7,8.276,3.709,6.602,-26.482,298.479,-2158,-617.039,3,1.559,402.626
2026-09-27T21:35:59.000Z,1790544959.000,32.648475188,-117.193405351,3.873,345.618,334.918,325.759,315.059,10.7,6.632,3.859,6.601,-27.163,298.596,-2159,-618.245,3,1.536,403.983
2026-09-27T21:36:00.000Z,1790544960.000,32.648492067,-117.193410133,3.8,349.6,338.9,329.233,318.533,10.7,8.8,4.633,6.6,-30.417,298.816,-2160,-619.297,3,1.253,405.51
2026-09-27T21:36:01.000Z,1790544961.000,32.648509156,-117.193415935,3.772,344.387,333.687,331.914,321.214,10.7,10.4,4.778,6.599,-33.04,298.874,-2161,-620.469,3,1.554,406.936
2026-09-27T21:36:02.000Z,1790544962.000,32.6485253,-117.193424994,3.837,329.622,318.922,331.43,320.73,10.7,9.753,4.163,6.598,-32.509,298.921,-2162,-622.023,3,2.415,407.866
2026-09-27T21:36:03.000Z,1790544963.000,32.648540642,-117.193435481,3.92,327.076,316.376,330.28,319.58,10.7,13.04,4.71,6.597,-31.107,299.173,-2163,-623.691,3,2.595,408.597
2026-09-27T21:36:04.000Z,1790544964.000,32.648556399,-117.193445154,3.7,332.501,321.801,331.161,320.461,10.7,14.791,3.797,6.596,-31.828,299.333,-2164,-625.213,3,2.171,409.56
2026-09-27T21:36:05.000Z,1790544965.000,32.648571801,-117.193453251,3.563,338.011,327.311,330.816,320.116,10.7,12.56,5.009,6.594,-31.371,299.445,-2165,-626.642,3,1.798,410.485
2026-09-27T21:36:06.000Z,1790544966.000,32.64858762,-117.193461118,3.739,336.495,325.795,328.392,317.692,10.7,9.588,3.994,6.593,-28.754,299.638,-2166,-628.167,3,1.966,411.307
2026-09-27T21:36:07.000Z,1790544967.000,32.648604756,-117.193466793,3.846,343.844,333.144,324.154,313.454,10.7,7.254,4.885,6.592,-24.329,299.825,-2167,-629.636,3,1.582,412.226
2026-09-27T21:36:08.000Z,1790544968.000,32.648623363,-117.193468911,4.032,354.679,343.979,329.258,318.558,10.7,8.868,4.842,6.591,-29.547,299.711,-2168,-630.477,3,0.928,414.179
2026-09-27T21:36:09.000Z,1790544969.000,32.648641172,-117.193472468,3.633,352.864,342.164,326.734,316.034,10.7,5.333,4.735,6.59,-27.218,299.516,-2169,-631.73,3,0.94,415.406
2026-09-27T21:36:10.000Z,1790544970.000,32.648658756,-117.193476809,3.929,347.501,336.801,329.096,318.396,10.7,6.474,4.845,6.589,-29.954,299.142,-2170,-632.824,3,1.359,416.936
2026-09-27T21:36:11.000Z,1790544971.000,32.648676237,-117.193483355,3.9,341.144,330.444,332.288,321.588,10.7,9.966,4.255,6.588,-33.062,299.227,-2171,-634.054,3,1.738,418.394
2026-09-27T21:36:12.000Z,1790544972.000,32.648693499,-117.193491985,3.921,336.412,325.712,335.627,324.927,10.7,13.645,3.721,6.587,-35.862,299.765,-2172,-635.431,3,2.024,419.723
2026-09-27T21:36:13.000Z,1790544973.000,32.648709788,-117.19350228,4.065,331.39,320.69,333.416,322.716,10.7,13.657,4.635,6.586,-33.003,300.413,-2173,-637.186,3,2.389,420.477
2026-09-27T21:36:14.000Z,1790544974.000,32.648725762,-117.193511452,3.803,339.272,328.572,331.659,320.959,10.7,13.297,4.603,6.584,-30.719,300.939,-2174,-638.805,3,1.786,421.295
2026-09-27T21:36:15.000Z,1790544975.000,32.648741508,-117.193516667,3.636,342.922,332.222,332.55,321.85,10.7,11.106,4.472,6.583,-31.288,301.262,-2175,-639.946,3,1.493,422.499
2026-09-27T21:36:16.000Z,1790544976.000,32.648758061,-117.193522436,3.459,346.182,335.481,327.172,316.472,10.7,10.33,4.118,6.582,-25.646,301.526,-2176,-641.465,3,1.233,423.283
2026-09-27T21:36:17.000Z,1790544977.000,32.648773931,-117.193528919,3.635,332.627,321.927,321.443,310.743,10.7,7.591,3.591,6.581,-19.884,301.559,-2177,-642.99,3,2.052,423.925
2026-09-27T21:36:18.000Z,1790544978.000,32.648787103,-117.193539964,3.3,320.187,309.487,312.213,301.513,10.7,5.316,3.485,6.58,-10.956,301.257,-2178,-644.824,3,2.404,423.78
2026-09-27T21:36:19.000Z,1790544979.000,32.648797367,-117.19355484,3.465,304.8,294.1,300.222,289.522,10.7,5.151,5.211,6.579,0.722,300.944,-2179,-646.758,3,3.063,422.926
2026-09-27T21:36:20.000Z,1790544980.000,32.6488038,-117.19357236,3.5,287.08,276.38,284.28,273.58,10.7,1.44,4.36,6.578,16.552,300.832,-2180,-648.481,3,3.446,421.299
2026-09-27T21:36:21.000Z,1790544981.000,32.648805833,-117.193592033,3.5,272.967,262.267,267.733,257.033,10.7,-5.033,3.333,6.577,33.367,301.1,-2181,-649.807,3,3.491,419.248
2026-09-27T21:36:22.000Z,1790544982.000,32.648805371,-117.193611954,3.829,265.849,255.149,253.987,243.287,10.7,-4.458,3.965,6.576,47.451,301.438,-2182,-650.847,3,3.755,417.33
2026-09-27T21:36:23.000Z,1790544983.000,32.648802116,-117.193630277,3.072,258.509,247.809,243.375,232.675,10.7,-7.883,5.712,6.574,58.276,301.651,-2183,-651.625,3,2.909,415.567
2026-09-27T21:36:24.000Z,1790544984.000,32.648797969,-117.193645333,2.723,247.469,236.769,235.446,224.746,10.7,-13.854,4.602,6.573,66.458,301.904,-2184,-652.174,3,2.362,414.112
2026-09-27T21:36:25.000Z,1790544985.000,32.648792924,-117.193657889,2.635,241.686,230.986,233.43,222.73,10.7,-16.17,2.992,6.572,68.829,302.258,-2185,-652.858,3,2.14,412.919
2026-09-27T21:36:26.000Z,1790544986.000,32.648787789,-117.193669545,2.571,241.017,230.317,236.558,225.858,10.7,-15.435,1.812,6.571,65.628,302.187,-2186,-653.823,3,2.07,411.903
2026-09-27T21:36:27.000Z,1790544987.000,32.648782334,-117.193684307,3.136,247.097,236.397,241.302,230.602,10.7,-14.17,5.861,6.57,60.349,301.651,-2187,-655.137,3,2.707,410.758
2026-09-27T21:36:28.000Z,1790544988.000,32.64877622,-117.193702424,3.515,247.675,236.975,240.191,229.491,10.7,-12.276,2.856,6.569,60.833,301.024,-2188,-656.311,3,3.049,409.18
2026-09-27T21:36:29.000Z,1790544989.000,32.648769681,-117.193721817,3.84,247.682,236.982,241.732,231.032,10.7,-12.372,5.217,6.568,59.115,300.847,-2189,-657.747,3,3.33,407.585
2026-09-27T21:36:30.000Z,1790544990.000,32.648763212,-117.193740794,3.666,250.594,239.894,241.863,231.163,10.7,-13.641,4.163,6.567,58.978,300.84,-2190,-659.059,3,3.265,405.97
2026-09-27T21:36:31.000Z,1790544991.000,32.648757596,-117.193760613,3.9,248.867,238.167,239.964,229.264,10.7,-11.904,3.168,6.566,60.829,300.793,-2191,-660.349,3,3.417,404.317
2026-09-27T21:36:32.000Z,1790544992.000,32.648751918,-117.193778728,3.365,249.671,238.971,239.094,228.394,10.7,-14.265,6.394,6.564,61.673,300.767,-2192,-661.558,3,2.969,402.787
2026-09-27T21:36:33.000Z,1790544993.000,32.648748375,-117.193794919,2.8,255.669,244.969,237.675,226.975,10.7,-10.585,3.4,6.563,63.201,300.877,-2193,-662.667,3,2.594,401.54
2026-09-27T21:36:34.000Z,1790544994.000,32.648745291,-117.193809815,2.9,258.618,247.918,239.468,228.768,10.7,-11.822,4.241,6.562,61.472,300.94,-2194,-663.906,3,2.739,400.506
2026-09-27T21:36:35.000Z,1790544995.000,32.648741705,-117.193825017,3,253.08,242.38,238.435,227.735,10.7,-11.132,3.502,6.561,62.41,300.846,-2195,-664.955,3,2.724,399.32
2026-09-27T21:36:36.000Z,1790544996.000,32.648736416,-117.193841517,3.331,248.279,237.579,240.549,229.849,10.7,-7.808,7.712,6.56,60.078,300.627,-2196,-666.246,3,2.895,398.012
2026-09-27T21:36:37.000Z,1790544997.000,32.648729088,-117.193860792,4.037,243.819,233.119,238.632,227.932,10.7,-10.174,3.64,6.559,61.818,300.45,-2197,-667.406,3,3.34,396.236
2026-09-27T21:36:38.000Z,1790544998.000,32.648720809,-117.193882782,4.49,244.892,234.192,239.899,229.199,10.7,-11.41,3.339,6.558,60.399,300.298,-2198,-668.964,3,3.758,394.33
2026-09-27T21:36:39.000Z,1790544999.000,32.648712582,-117.193903951,4.1,246.229,235.529,238.229,227.528,10.7,-12.639,3.521,6.557,62.155,300.384,-2199,-670.257,3,3.48,392.378
2026-09-27T21:36:40.000Z,1790545000.000,32.648706576,-117.193922901,3.566,251.271,240.571,240.329,229.629,10.7,-10.239,6.952,6.556,60.238,300.567,-2200,-671.721,3,3.179,390.871
2026-09-27T21:36:41.000Z,1790545001.000,32.648701487,-117.193940224,3.3,249.835,239.135,239.658,228.959,10.7,-13.084,5.072,6.554,60.986,300.644,-2201,-672.905,3,2.902,389.445
2026-09-27T21:36:42.000Z,1790545002.000,32.648697576,-117.1939574,3.171,258.812,248.112,242.941,232.241,10.7,-12.406,3.071,6.553,57.833,300.774,-2202,-674.391,3,2.989,388.27
2026-09-27T21:36:43.000Z,1790545003.000,32.648694524,-117.193974718,3.2,260.04,249.34,245.007,234.307,10.7,-12.686,4.214,6.552,55.971,300.978,-2203,-675.845,3,3.039,387.13
2026-09-27T21:36:44.000Z,1790545004.000,32.648692168,-117.19399292,3.366,260.024,249.324,245.265,234.565,10.7,-11.362,4.133,6.551,55.818,301.084,-2204,-677.293,3,3.196,385.935
2026-09-27T21:36:45.000Z,1790545005.000,32.648688851,-117.194013029,3.8,253.627,242.927,244.941,234.241,10.7,-8.619,4.649,6.55,56.141,301.082,-2205,-678.821,3,3.451,384.526
2026-09-27T21:36:46.000Z,1790545006.000,32.64868342,-117.194034157,4.176,251.293,240.593,244.629,233.929,10.7,-9.076,2.938,6.549,56.387,301.017,-2206,-680.336,3,3.716,382.871
2026-09-27T21:36:47.000Z,1790545007.000,32.648676793,-117.194056031,4.13,248.509,237.809,245.279,234.579,10.7,-11.179,5.681,6.548,55.846,301.125,-2207,-681.918,3,3.577,381.106
2026-09-27T21:36:48.000Z,1790545008.000,32.648671032,-117.19407714,3.934,253.409,242.709,245.367,234.667,10.7,-10.432,4.235,6.547,56.053,301.42,-2208,-683.441,3,3.56,379.438
2026-09-27T21:36:49.000Z,1790545009.000,32.64866634,-117.194096974,3.702,255.686,244.986,244.936,234.236,10.7,-10.898,2.902,6.546,56.728,301.664,-2209,-684.874,3,3.409,377.916
2026-09-27T21:36:50.000Z,1790545010.000,32.648662452,-117.194115603,3.428,257.068,246.368,244.956,234.256,10.7,-11.692,4.352,6.544,56.804,301.76,-2210,-686.271,3,3.187,376.55
2026-09-27T21:36:51.000Z,1790545011.000,32.648660119,-117.194133504,3.341,262.319,251.619,247.193,236.493,10.7,-12.011,4.774,6.543,54.537,301.73,-2211,-687.815,3,3.205,375.455
2026-09-27T21:36:52.000Z,1790545012.000,32.648658532,-117.194151738,3.232,264.713,254.013,247.78,237.08,10.7,-13.861,6.216,6.542,53.776,301.556,-2212,-689.321,3,3.136,374.343
2026-09-27T21:36:53.000Z,1790545013.000,32.648656633,-117.194171567,3.667,260.2,249.5,245.433,234.733,10.7,-11.1,2.2,6.541,55.783,301.216,-2213,-690.769,3,3.476,372.993
2026-09-27T21:36:54.000Z,1790545014.000,32.648651986,-117.19419208,4.039,253.255,242.555,244.83,234.13,10.7,-13.393,5.606,6.54,56.054,300.884,-2214,-692.251,3,3.643,371.43
2026-09-27T21:36:55.000Z,1790545015.000,32.648646855,-117.194213429,3.83,253.114,242.414,245.318,234.618,10.7,-8.493,4.332,6.539,55.38,300.699,-2215,-693.849,3,3.448,369.822
2026-09-27T21:36:56.000Z,1790545016.000,32.648641046,-117.194234481,4.137,251.35,240.65,245.38,234.68,10.7,-11.369,4.74,6.538,55.313,300.693,-2216,-695.363,3,3.666,368.152
2026-09-27T21:36:57.000Z,1790545017.000,32.648635224,-117.194255696,4.067,249.647,238.947,246.367,235.667,10.7,-10.776,4.924,6.537,54.512,300.88,-2217,-696.948,3,3.544,366.51
2026-09-27T21:36:58.000Z,1790545018.000,32.648630045,-117.194277117,4.131,254.048,243.348,246.824,236.124,10.7,-11.428,4.672,6.536,54.356,301.18,-2218,-698.547,3,3.743,364.893
2026-09-27T21:36:59.000Z,1790545019.000,32.648626039,-117.194298442,4.075,257.395,246.695,246.313,235.613,10.7,-12.774,4.601,6.534,55.087,301.4,-2219,-700.134,3,3.785,363.347
2026-09-27T21:37:00.000Z,1790545020.000,32.64862332,-117.194318932,3.68,261.048,250.348,245.33,234.63,10.7,-13.84,3.46,6.533,56.16,301.49,-2220,-701.682,3,3.497,361.945
2026-09-27T21:37:01.000Z,1790545021.000,32.648621297,-117.194337363,3.297,262.658,251.958,245.37,234.67,10.7,-12.668,6.097,6.532,56.223,301.593,-2221,-703.152,3,3.161,360.759
2026-09-27T21:37:02.000Z,1790545022.000,32.648619038,-117.194355792,3.365,260.445,249.745,245.131,234.431,10.7,-12.249,3.475,6.531,56.421,301.552,-2222,-704.592,3,3.186,359.541
2026-09-27T21:37:03.000Z,1790545023.000,32.648615853,-117.194375281,3.964,256.351,245.651,247.481,236.781,10.7,-12.164,2.07,6.53,53.703,301.184,-2223,-706.237,3,3.65,358.288
2026-09-27T21:37:04.000Z,1790545024.000,32.648611968,-117.194397332,4.3,256.651,245.951,249.5,238.8,10.7,-10.549,5.238,6.529,51.482,300.982,-2224,-708.042,3,3.967,356.824
2026-09-27T21:37:05.000Z,1790545025.000,32.648607485,-117.194420277,4.2,256.11,245.41,247.732,237.032,10.7,-10.748,4.82,6.528,53.257,300.989,-2225,-709.672,3,3.857,355.09
2026-09-27T21:37:06.000Z,1790545026.000,32.648602733,-117.1944426,4.267,253.467,242.767,247.767,237.067,10.7,-12.3,2.9,6.527,53.401,301.168,-2226,-711.342,3,3.835,353.445
2026-09-27T21:37:07.000Z,1790545027.000,32.648598599,-117.194463718,4.225,258.655,247.955,249.75,239.05,10.7,-11.612,2.587,6.526,51.458,301.208,-2227,-713.053,3,3.948,352.008
2026-09-27T21:37:08.000Z,1790545028.000,32.648595054,-117.194485288,3.9,262.625,251.925,250.47,239.77,10.7,-12.084,6.307,6.524,50.952,301.421,-2228,-714.755,3,3.731,350.545
2026-09-27T21:37:09.000Z,1790545029.000,32.648592921,-117.194506692,3.791,261.793,251.093,248.27,237.57,10.7,-12.419,3.647,6.523,53.301,301.571,-2229,-716.341,3,3.609,349.087
2026-09-27T21:37:10.000Z,1790545030.000,32.648591433,-117.194526533,3.7,264.433,253.733,248.333,237.633,10.7,-13.267,1.467,6.522,53.319,301.653,-2230,-717.957,3,3.57,347.874
2026-09-27T21:37:11.000Z,1790545031.000,32.648589441,-117.194545453,3.465,264.212,253.512,250.759,240.059,10.7,-12.076,6.753,6.521,51.028,301.787,-2231,-719.607,3,3.339,346.772
2026-09-27T21:37:12.000Z,1790545032.000,32.648587227,-117.194565346,3.738,262.493,251.793,249.748,239.048,10.7,-11.373,1.435,6.52,52.146,301.895,-2232,-721.131,3,3.57,345.441
2026-09-27T21:37:13.000Z,1790545033.000,32.648583809,-117.19458807,4.33,260.1,249.4,251.9,241.2,10.7,-9.819,5.789,6.519,50.118,302.018,-2233,-723.018,3,4.077,343.994
2026-09-27T21:37:14.000Z,1790545034.000,32.648579092,-117.194612941,4.568,256.905,246.205,248.932,238.232,10.7,-9.592,4.751,6.518,53.287,302.219,-2234,-724.734,3,4.206,342.075
2026-09-27T21:37:15.000Z,1790545035.000,32.648573972,-117.194636404,4.502,255.262,244.562,246.408,235.708,10.7,-10.466,3.064,6.517,55.902,302.31,-2235,-726.33,3,4.091,340.224
2026-09-27T21:37:16.000Z,1790545036.000,32.648569762,-117.194656954,3.8,256.169,245.469,243.97,233.27,10.7,-9.708,3.808,6.516,58.214,302.184,-2236,-727.722,3,3.476,338.626
2026-09-27T21:37:17.000Z,1790545037.000,32.648565206,-117.194675512,3.5,254.194,243.494,244.5,233.8,10.7,-11.806,3.612,6.514,57.336,301.836,-2237,-729.113,3,3.15,337.223
2026-09-27T21:37:18.000Z,1790545038.000,32.648561324,-117.194693318,3.332,258.385,247.685,245.381,234.681,10.7,-11.864,5.66,6.513,56.176,301.556,-2238,-730.494,3,3.095,335.937
2026-09-27T21:37:19.000Z,1790545039.000,32.648557364,-117.194712914,3.768,258.182,247.482,246.267,235.567,10.7,-11.331,3.034,6.512,55.03,301.297,-2239,-732.023,3,3.494,334.547
2026-09-27T21:37:20.000Z,1790545040.000,32.648552967,-117.194735181,4.338,259.71,249.01,245.238,234.538,10.7,-11.924,5.133,6.511,55.747,300.986,-2240,-733.64,3,4.063,332.894
2026-09-27T21:37:21.000Z,1790545041.000,32.64854834,-117.19475844,4.175,258.432,247.732,242.802,232.102,10.7,-11.487,4.575,6.51,57.949,300.751,-2241,-735.239,3,3.875,331.114
2026-09-27T21:37:22.000Z,1790545042.000,32.648543252,-117.194780762,4.336,253.748,243.048,242.268,231.568,10.7,-12.832,3.86,6.509,58.371,300.639,-2242,-736.857,3,3.876,329.418
2026-09-27T21:37:23.000Z,1790545043.000,32.64853849,-117.19480211,4.065,255.283,244.583,242.3,231.6,10.7,-12.135,4.742,6.508,58.459,300.759,-2243,-738.444,3,3.679,327.825
2026-09-27T21:37:24.000Z,1790545044.000,32.648533078,-117.194822924,4.031,255.052,244.352,241.666,230.966,10.7,-12.369,3.74,6.507,59.004,300.67,-2244,-739.911,3,3.64,326.178
2026-09-27T21:37:25.000Z,1790545045.000,32.648527865,-117.194844242,4.2,251.244,240.544,241.688,230.988,10.7,-11.122,3.69,6.506,58.87,300.559,-2245,-741.474,3,3.662,324.546
2026-09-27T21:37:26.000Z,1790545046.000,32.648520772,-117.194866333,4.041,248.106,237.406,241.041,230.341,10.7,-11.041,6.335,6.504,59.407,300.448,-2246,-742.969,3,3.406,322.678
2026-09-27T21:37:27.000Z,1790545047.000,32.648513659,-117.194887556,4.334,248.909,238.209,242.334,231.634,10.7,-10.797,2.997,6.503,57.929,300.263,-2247,-744.517,3,3.682,320.924
2026-09-27T21:37:28.000Z,1790545048.000,32.648506842,-117.194909804,4.234,251.362,240.662,243.432,232.732,10.7,-10.968,5.458,6.502,56.654,300.086,-2248,-746.151,3,3.686,319.136
2026-09-27T21:37:29.000Z,1790545049.000,32.648500258,-117.194932487,4.336,252.776,242.076,242.228,231.528,10.7,-12.823,4.783,6.501,57.799,300.027,-2249,-747.686,3,3.823,317.26
2026-09-27T21:37:30.000Z,1790545050.000,32.648494855,-117.194954899,4.27,253.764,243.064,241.948,231.248,10.7,-12.963,3.507,6.5,58.082,300.03,-2250,-749.312,3,3.797,315.54
2026-09-27T21:37:31.000Z,1790545051.000,32.648490656,-117.194975624,3.944,257.887,247.187,243.706,233.006,10.7,-15.375,7.412,6.499,56.221,299.927,-2251,-750.983,3,3.626,314.096
2026-09-27T21:37:32.000Z,1790545052.000,32.648487601,-117.194996526,3.801,256.825,246.125,244.431,233.731,10.7,-13.833,5.43,6.498,55.422,299.853,-2252,-752.657,3,3.465,312.709
2026-09-27T21:37:33.000Z,1790545053.000,32.648484464,-117.195018526,4.4,259.415,248.715,247,236.3,10.7,-12.066,3.834,6.497,52.781,299.781,-2253,-754.532,3,4.087,311.33
2026-09-27T21:37:34.000Z,1790545054.000,32.648479834,-117.195042657,4.674,256.066,245.366,244.948,234.248,10.7,-11.826,5.04,6.496,54.803,299.751,-2254,-756.233,3,4.231,309.512
2026-09-27T21:37:35.000Z,1790545055.000,32.648474512,-117.195067172,4.425,254.94,244.24,245.375,234.675,10.7,-11.462,5.4,6.494,54.564,299.939,-2255,-758.087,3,3.965,307.712
2026-09-27T21:37:36.000Z,1790545056.000,32.648469788,-117.195090161,4.1,256.548,245.848,245.152,234.452,10.7,-12.436,6.796,6.493,55.173,300.326,-2256,-759.798,3,3.721,306.023
2026-09-27T21:37:37.000Z,1790545057.000,32.648464983,-117.195113069,4.33,255.244,244.544,244.778,234.078,10.7,-12.026,2.8,6.492,56.176,300.954,-2257,-761.49,3,3.885,304.325
2026-09-27T21:37:38.000Z,1790545058.000,32.64845994,-117.195134477,4.038,255.53,244.83,245.5,234.8,10.7,-11.611,5.477,6.491,55.767,301.267,-2258,-763.112,3,3.63,302.731
2026-09-27T21:37:39.000Z,1790545059.000,32.648455982,-117.195155798,4.049,258.679,247.979,249.416,238.716,10.7,-11.124,5.73,6.49,51.998,301.414,-2259,-764.967,3,3.73,301.379
2026-09-27T21:37:40.000Z,1790545060.000,32.648451552,-117.195179585,4.768,252.143,241.443,247.968,237.268,10.7,-11.18,3.286,6.489,53.537,301.505,-2260,-766.689,3,4.15,299.618
2026-09-27T21:37:41.000Z,1790545061.000,32.648446469,-117.195204417,4.6,258.954,248.254,248.534,237.834,10.7,-11.107,6.967,6.488,53.038,301.572,-2261,-768.588,3,4.242,297.83
2026-09-27T21:37:42.000Z,1790545062.000,32.648441863,-117.195228895,4.373,257.435,246.735,244.564,233.864,10.7,-11.682,4.274,6.487,57.047,301.611,-2262,-770.204,3,3.983,295.914
2026-09-27T21:37:43.000Z,1790545063.000,32.648437972,-117.195251936,4.1,260.315,249.615,245.744,235.044,10.7,-13.244,3.299,6.486,56.015,301.759,-2263,-772.046,3,3.813,294.353
2026-09-27T21:37:44.000Z,1790545064.000,32.648435459,-117.195273302,4.095,262.932,252.232,248.186,237.486,10.7,-12.9,2.635,6.484,54.048,302.234,-2264,-773.887,3,3.873,293.065
2026-09-27T21:37:45.000Z,1790545065.000,32.648432968,-117.195294752,3.867,262.722,252.022,248.566,237.866,10.7,-11.902,4.799,6.483,54.29,302.857,-2265,-775.61,3,3.651,291.687
2026-09-27T21:37:46.000Z,1790545066.000,32.64842954,-117.195316856,4.131,260.415,249.715,250.131,239.431,10.7,-9.977,5.2,6.482,53.324,303.455,-2266,-777.413,3,3.841,290.243
2026-09-27T21:37:47.000Z,1790545067.000,32.648425448,-117.195339621,4.316,257.581,246.881,248.923,238.223,10.7,-10.845,4.42,6.481,55.099,304.021,-2267,-779.079,3,3.927,288.578
2026-09-27T21:37:48.000Z,1790545068.000,32.648421054,-117.195363646,4.473,258.578,247.878,250.2,239.5,10.7,-10.063,4.39,6.48,54.156,304.356,-2268,-780.982,3,4.099,286.929
2026-09-27T21:37:49.000Z,1790545069.000,32.648416331,-117.195388483,4.7,256.468,245.768,250.3,239.6,10.7,-11.898,4.336,6.479,54.105,304.405,-2269,-782.87,3,4.232,285.153
2026-09-27T21:37:50.000Z,1790545070.000,32.648412307,-117.195413175,4.666,260.035,249.335,250.745,240.045,10.7,-11.6,2.683,6.478,53.544,304.289,-2270,-784.799,3,4.317,283.464
2026-09-27T21:37:51.000Z,1790545071.000,32.648408767,-117.195437369,4.224,264.667,253.967,251.176,240.476,10.7,-12.771,4.734,6.477,53.335,304.511,-2271,-786.707,3,4.023,281.846
2026-09-27T21:37:52.000Z,1790545072.000,32.648406621,-117.195461383,4.23,265.511,254.811,250.14,239.44,10.7,-13.359,5.2,6.476,54.786,304.926,-2272,-788.582,3,4.047,280.294
2026-09-27T21:37:53.000Z,1790545073.000,32.6484059,-117.195483689,4.1,268.492,257.792,251.031,240.331,10.7,-12.767,4.664,6.474,54.462,305.493,-2273,-790.49,3,3.978,279.055
2026-09-27T21:37:54.000Z,1790545074.000,32.648405234,-117.195504626,3.6,269.057,258.357,250.363,239.663,10.7,-14.606,3.388,6.473,55.867,306.229,-2274,-792.195,3,3.501,277.823
2026-09-27T21:37:55.000Z,1790545075.000,32.648404636,-117.195525893,4.071,265.972,255.272,255.029,244.329,10.7,-10.636,2.857,6.472,51.693,306.722,-2275,-794.225,3,3.902,276.838
2026-09-27T21:37:56.000Z,1790545076.000,32.648403091,-117.195549045,4,268.642,257.942,255.585,244.885,10.7,-11.364,7.536,6.471,51.578,307.162,-2276,-796.143,3,3.882,275.465
2026-09-27T21:37:57.000Z,1790545077.000,32.648401288,-117.1955727,4.4,261.344,250.644,254.319,243.619,10.7,-10.044,2.55,6.47,53.193,307.512,-2277,-797.998,3,4.099,273.948
2026-09-27T21:37:58.000Z,1790545078.000,32.648397929,-117.195597302,4.733,260.208,249.508,255.804,245.104,10.7,-11.363,5.708,6.469,52.011,307.815,-2278,-800.002,3,4.372,272.38
2026-09-27T21:37:59.000Z,1790545079.000,32.648394565,-117.195623291,5,263.179,252.479,253.969,243.269,10.7,-10.052,2.4,6.468,54.076,308.045,-2279,-801.95,3,4.71,270.565
2026-09-27T21:38:00.000Z,1790545080.000,32.648390526,-117.195648126,4.338,261.814,251.114,252.226,241.526,10.7,-11.664,4.638,6.467,55.986,308.213,-2280,-803.77,3,4.048,268.76
2026-09-27T21:38:01.000Z,1790545081.000,32.648387453,-117.195670616,3.961,261.977,251.277,252.464,241.764,10.7,-12.006,6.753,6.466,55.886,308.35,-2281,-805.544,3,3.699,267.268
2026-09-27T21:38:02.000Z,1790545082.000,32.648385733,-117.195691633,3.7,263.567,252.867,252.533,241.833,10.7,-12.767,4.967,6.464,55.807,308.34,-2282,-807.249,3,3.489,265.971
2026-09-27T21:38:03.000Z,1790545083.000,32.648384934,-117.195712758,3.837,267.04,256.34,254.303,243.603,10.7,-14.037,2.888,6.463,53.908,308.211,-2283,-809.097,3,3.689,264.835
2026-09-27T21:38:04.000Z,1790545084.000,32.648385038,-117.195734324,3.938,269.167,258.467,256.181,245.481,10.7,-11.886,3.619,6.462,51.81,307.991,-2284,-811.028,3,3.823,263.766
2026-09-27T21:38:05.000Z,1790545085.000,32.64838493,-117.19575807,4.36,266.691,255.991,256.23,245.53,10.7,-11.511,4.521,6.461,51.457,307.687,-2285,-813.038,3,4.182,262.465
2026-09-27T21:38:06.000Z,1790545086.000,32.648383762,-117.195782785,4.7,264.486,253.786,254.929,244.229,10.7,-12.932,4.58,6.46,52.703,307.633,-2286,-815.011,3,4.452,260.944
2026-09-27T21:38:07.000Z,1790545087.000,32.648382633,-117.195807675,4.7,268.403,257.703,255.198,244.498,10.7,-11.531,2.499,6.459,52.497,307.695,-2287,-817.081,3,4.544,259.5
2026-09-27T21:38:08.000Z,1790545088.000,32.648381609,-117.195830433,4.3,265.538,254.838,255.645,244.945,10.7,-9.739,5.515,6.458,52.239,307.884,-2288,-818.986,3,4.096,258.19
2026-09-27T21:38:09.000Z,1790545089.000,32.648379558,-117.195853201,4.084,266.213,255.513,256.482,245.782,10.7,-9.687,5.644,6.457,51.68,308.163,-2289,-820.861,3,3.904,256.808
2026-09-27T21:38:10.000Z,1790545090.000,32.648378196,-117.195877058,4.468,265.442,254.742,255.375,244.675,10.7,-8.118,7.133,6.456,53.121,308.496,-2290,-822.763,3,4.25,255.326
2026-09-27T21:38:11.000Z,1790545091.000,32.648376268,-117.195899718,4.034,262.239,251.539,253.233,242.533,10.7,-11.098,3.999,6.454,55.475,308.708,-2291,-824.479,3,3.76,253.808
2026-09-27T21:38:12.000Z,1790545092.000,32.648374411,-117.195921957,4.152,265.068,254.368,255.174,244.474,10.7,-11.329,3.256,6.453,53.549,308.723,-2292,-826.38,3,3.938,252.527
2026-09-27T21:38:13.000Z,1790545093.000,32.6483732,-117.195945107,4.1,267.559,256.859,256.437,245.737,10.7,-10.476,7.126,6.452,52.205,308.641,-2293,-828.35,3,3.941,251.222
2026-09-27T21:38:14.000Z,1790545094.000,32.648372131,-117.195968631,4.2,267.712,257.013,254.2,243.5,10.7,-11.456,3.362,6.451,54.249,308.449,-2294,-830.177,3,4.039,249.727
2026-09-27T21:38:15.000Z,1790545095.000,32.648371132,-117.195991841,4.435,267.101,256.401,256.268,245.568,10.7,-11.803,4.135,6.45,51.987,308.254,-2295,-832.205,3,4.251,248.479
2026-09-27T21:38:16.000Z,1790545096.000,32.648370765,-117.196015738,4.369,269.146,258.446,257.527,246.827,10.7,-10.573,4.896,6.449,50.67,308.196,-2296,-834.277,3,4.229,247.21
2026-09-27T21:38:17.000Z,1790545097.000,32.648370051,-117.196040513,4.762,263.825,253.125,256.264,245.564,10.7,-10.036,3.598,6.448,51.912,308.177,-2297,-836.28,3,4.477,245.728
2026-09-27T21:38:18.000Z,1790545098.000,32.64836953,-117.19606403,4.27,267.577,256.877,256.8,246.1,10.7,-8.9,5.828,6.447,51.429,308.229,-2298,-838.276,3,4.1,244.428
2026-09-27T21:38:19.000Z,1790545099.000,32.648368932,-117.196085978,4.203,266.565,255.865,255.771,245.071,10.7,-10.168,3.645,6.446,52.508,308.279,-2299,-840.056,3,4.013,243.123
2026-09-27T21:38:20.000Z,1790545100.000,32.6483687,-117.19610697,4.032,268.734,258.034,259.774,249.074,10.7,-8.034,2.952,6.444,48.503,308.277,-2300,-842.021,3,3.892,242.176
2026-09-27T21:38:21.000Z,1790545101.000,32.6483688,-117.196128706,4.113,271.874,261.174,259.526,248.826,10.7,-7.798,6.001,6.443,48.8,308.327,-2301,-843.857,3,4.022,240.986
2026-09-27T21:38:22.000Z,1790545102.000,32.648367575,-117.196153216,4.513,263.589,252.889,257.691,246.991,10.7,-8.48,2.353,6.442,50.658,308.349,-2302,-845.788,3,4.229,239.438
2026-09-27T21:38:23.000Z,1790545103.000,32.648366167,-117.196176698,4.035,267.002,256.302,256.165,245.465,10.7,-7.833,6.541,6.441,52.24,308.406,-2303,-847.636,3,3.857,237.949
2026-09-27T21:38:24.000Z,1790545104.000,32.648365834,-117.196199252,4.166,267.543,256.843,254.104,243.404,10.7,-6.798,2.268,6.44,54.535,308.639,-2304,-849.424,3,3.993,236.584
2026-09-27T21:38:25.000Z,1790545105.000,32.64836609,-117.196219075,3.763,271.894,261.194,256.256,245.556,10.7,-7.652,4.005,6.439,52.497,308.753,-2305,-851.229,3,3.678,235.638
2026-09-27T21:38:26.000Z,1790545106.000,32.6483656,-117.196239722,3.557,269.004,258.304,256.741,246.041,10.7,-9.088,5.616,6.438,52.243,308.985,-2306,-852.981,3,3.433,234.494
2026-09-27T21:38:27.000Z,1790545107.000,32.6483661,-117.196259704,3.542,270.285,259.585,257.647,246.947,10.7,-3.421,6.863,6.437,51.398,309.045,-2307,-854.743,3,3.438,233.499
2026-09-27T21:38:28.000Z,1790545108.000,32.64836557,-117.196280606,3.87,267.908,257.208,254.695,243.995,10.7,-4.17,4.459,6.436,54.235,308.93,-2308,-856.34,3,3.712,232.156
2026-09-27T21:38:29.000Z,1790545109.000,32.648364576,-117.196302027,4,267.605,256.905,255.528,244.828,10.7,-3.814,3.366,6.434,53.295,308.823,-2309,-858.152,3,3.83,230.942
2026-09-27T21:38:30.000Z,1790545110.000,32.648362652,-117.19632407,3.938,264.265,253.565,255.024,244.324,10.7,-2.417,5.907,6.433,53.573,308.597,-2310,-859.903,3,3.697,229.54
2026-09-27T21:38:31.000Z,1790545111.000,32.648360055,-117.19634607,4.031,262.472,251.772,253.916,243.216,10.7,-3.424,2.493,6.432,54.456,308.373,-2311,-861.587,3,3.737,228.05
2026-09-27T21:38:32.000Z,1790545112.000,32.648356901,-117.196367326,4.033,260.699,249.999,255.766,245.066,10.7,-3.468,4.669,6.431,52.584,308.35,-2312,-863.337,3,3.688,226.701
2026-09-27T21:38:33.000Z,1790545113.000,32.648353742,-117.196389576,4.165,259.684,248.984,253.835,243.135,10.7,-4.65,5.127,6.43,54.55,308.384,-2313,-864.973,3,3.776,225.104
2026-09-27T21:38:34.000Z,1790545114.000,32.648352012,-117.19641093,3.775,268.934,258.234,252.724,242.024,10.7,-3.324,4.837,6.429,55.772,308.496,-2314,-866.641,3,3.632,223.729
2026-09-27T21:38:35.000Z,1790545115.000,32.648350362,-117.196430126,3.269,268.243,257.543,253.16,242.46,10.7,-4.509,7.531,6.428,55.462,308.622,-2315,-868.214,3,3.134,222.555
2026-09-27T21:38:36.000Z,1790545116.000,32.648350534,-117.196448318,3.333,273.217,262.517,253.1,242.4,10.7,-7.092,1.873,6.427,55.566,308.666,-2316,-869.761,3,3.265,221.576
2026-09-27T21:38:37.000Z,1790545117.000,32.648349968,-117.196467472,3.732,265.424,254.724,256.328,245.628,10.7,-9.358,7.238,6.426,52.228,308.556,-2317,-871.528,3,3.52,220.646
2026-09-27T21:38:38.000Z,1790545118.000,32.648348025,-117.196488853,4.163,262.073,251.373,255.226,244.526,10.7,-9.45,4.688,6.424,53.192,308.418,-2318,-873.192,3,3.836,219.247
2026-09-27T21:38:39.000Z,1790545119.000,32.648346519,-117.196511567,4.17,263.518,252.818,255.889,245.189,10.7,-6.285,5.2,6.423,52.315,308.204,-2319,-875.08,3,3.881,217.908
2026-09-27T21:38:40.000Z,1790545120.000,32.648344361,-117.196533115,3.928,261.396,250.696,254.193,243.493,10.7,-8.407,3.564,6.422,54.007,308.199,-2320,-876.717,3,3.598,216.451
2026-09-27T21:38:41.000Z,1790545121.000,32.6483428,-117.196552454,3.3,271.162,260.462,259.328,248.628,10.7,-4.972,8.036,6.421,48.863,308.191,-2321,-878.54,3,3.203,215.53
2026-09-27T21:38:42.000Z,1790545122.000,32.648341936,-117.196571818,3.373,270.573,259.873,256.7,246,10.7,-9.173,4.091,6.42,51.545,308.245,-2322,-880.013,3,3.264,214.253
2026-09-27T21:38:43.000Z,1790545123.000,32.64834144,-117.196591568,3.5,274.047,263.347,257.849,247.149,10.7,-7.077,6.268,6.419,50.432,308.281,-2323,-881.721,3,3.434,213.193
2026-09-27T21:38:44.000Z,1790545124.000,32.648340763,-117.196609793,3.332,264.817,254.117,253.947,243.247,10.7,-9.7,4.499,6.418,54.221,308.168,-2324,-883.034,3,3.122,211.934
2026-09-27T21:38:45.000Z,1790545125.000,32.648340434,-117.196628294,3.4,268.597,257.897,253.302,242.602,10.7,-8.465,4.398,6.417,54.71,308.012,-2325,-884.552,3,3.256,210.864
2026-09-27T21:38:46.000Z,1790545126.000,32.648339275,-117.196646366,3.425,266.764,256.064,254.838,244.138,10.7,-7.838,4.204,6.416,53,307.838,-2326,-886.111,3,3.246,209.852
2026-09-27T21:38:47.000Z,1790545127.000,32.648337819,-117.196666149,3.751,262.821,252.121,256.481,245.781,10.7,-6.579,4.67,6.414,51.421,307.902,-2327,-887.804,3,3.463,208.728
2026-09-27T21:38:48.000Z,1790545128.000,32.648335656,-117.196688361,4.231,262.818,252.118,254.437,243.737,10.7,-9.537,5.556,6.413,53.85,308.287,-2328,-889.479,3,3.904,207.215
2026-09-27T21:38:49.000Z,1790545129.000,32.648333399,-117.196710348,4.168,264.107,253.407,254.298,243.598,10.7,-9.067,4.029,6.412,54.324,308.622,-2329,-891.229,3,3.879,205.806
2026-09-27T21:38:50.000Z,1790545130.000,32.648331538,-117.196729644,3.413,265.686,254.986,254.748,244.048,10.7,-9.364,6.813,6.411,54.2,308.948,-2330,-892.8,3,3.208,204.609
2026-09-27T21:38:51.000Z,1790545131.000,32.64832985,-117.196747985,3.275,262.948,252.248,253.087,242.387,10.7,-7.5,4.537,6.41,56.038,309.126,-2331,-894.187,3,3.02,203.373
2026-09-27T21:38:52.000Z,1790545132.000,32.648327755,-117.196766251,3.369,259.349,248.649,255.114,244.414,10.7,-8.69,5.507,6.409,54.018,309.132,-2332,-895.744,3,3.017,202.291
2026-09-27T21:38:53.000Z,1790545133.000,32.648325431,-117.196785153,3.467,263.914,253.214,253.67,242.97,10.7,-10.53,4.508,6.408,55.45,309.12,-2333,-897.16,3,3.216,200.977
2026-09-27T21:38:54.000Z,1790545134.000,32.648323576,-117.196804394,3.63,262.405,251.705,255.07,244.37,10.7,-8.354,5.157,6.407,53.959,309.03,-2334,-898.778,3,3.329,199.832
2026-09-27T21:38:55.000Z,1790545135.000,32.648322175,-117.196823628,3.625,267.041,256.341,255.711,245.011,10.7,-7.289,5.223,6.406,53.227,308.938,-2335,-900.375,3,3.429,198.69
2026-09-27T21:38:56.000Z,1790545136.000,32.64832113,-117.196844502,3.86,266.101,255.401,255.86,245.16,10.7,-10.69,3.471,6.404,53.032,308.892,-2336,-902.103,3,3.629,197.466
2026-09-27T21:38:57.000Z,1790545137.000,32.648321436,-117.196864458,3.904,272.576,261.876,256.936,246.236,10.7,-10.096,6.464,6.403,52.201,309.137,-2337,-903.864,3,3.796,196.463
2026-09-27T21:38:58.000Z,1790545138.000,32.6483218,-117.196884233,3.532,270.564,259.864,257.332,246.632,10.7,-12.566,2.634,6.402,52.223,309.555,-2338,-905.577,3,3.402,195.439
2026-09-27T21:38:59.000Z,1790545139.000,32.6483225,-117.196903867,3.763,270.724,260.024,260.799,250.099,10.7,-10.737,4.572,6.401,49.47,310.269,-2339,-907.44,3,3.627,194.626
2026-09-27T21:39:00.000Z,1790545140.000,32.64832239,-117.196923696,3.64,268.216,257.516,260.069,249.369,10.7,-8.829,7.68,6.4,50.616,310.685,-2340,-909.082,3,3.462,193.494
2026-09-27T21:39:01.000Z,1790545141.000,32.648321196,-117.196943922,3.668,265.272,254.572,259.604,248.904,10.7,-9.268,3.189,6.399,51.421,311.025,-2341,-910.718,3,3.425,192.257
2026-09-27T21:39:02.000Z,1790545142.000,32.648320534,-117.196963074,3.534,270.712,260.012,262.538,251.838,10.7,-7.896,4.482,6.398,48.816,311.354,-2342,-912.444,3,3.404,191.323
2026-09-27T21:39:03.000Z,1790545143.000,32.648320629,-117.196981126,3.036,272.729,262.029,263.553,252.853,10.7,-6.807,8.095,6.397,48.19,311.743,-2343,-914.022,3,2.95,190.409
2026-09-27T21:39:04.000Z,1790545144.000,32.648320843,-117.197000037,3.4,273.127,262.427,263.256,252.556,10.7,-9.571,2.484,6.396,48.831,312.088,-2344,-915.623,3,3.309,189.379
2026-09-27T21:39:05.000Z,1790545145.000,32.648321268,-117.197019873,3.937,271.615,260.915,264.111,253.411,10.7,-8.621,3.432,6.394,48.294,312.405,-2345,-917.36,3,3.806,188.388
2026-09-27T21:39:06.000Z,1790545146.000,32.648322332,-117.197040893,3.9,273.464,262.764,264.731,254.031,10.7,-7.27,8.331,6.393,47.918,312.649,-2346,-919.218,3,3.8,187.377
2026-09-27T21:39:07.000Z,1790545147.000,32.648323987,-117.197061298,3.638,275.466,264.766,262.338,251.638,10.7,-9.562,1.587,6.392,50.394,312.731,-2347,-920.924,3,3.57,186.27
2026-09-27T21:39:08.000Z,1790545148.000,32.648325805,-117.197080619,3.5,278.817,268.117,264.322,253.622,10.7,-8.39,7.11,6.391,48.484,312.806,-2348,-922.733,3,3.468,185.501
2026-09-27T21:39:09.000Z,1790545149.000,32.648327838,-117.197099944,3.331,272.875,262.175,261.612,250.913,10.7,-7.3,2.1,6.39,51.355,312.967,-2349,-924.35,3,3.236,184.47
2026-09-27T21:39:10.000Z,1790545150.000,32.648328534,-117.197117272,3.133,273.403,262.703,262.667,251.967,10.7,-8.734,5.833,6.389,50.469,313.136,-2350,-925.898,3,3.05,183.65
2026-09-27T21:39:11.000Z,1790545151.000,32.648329264,-117.197134383,3.264,269.918,259.218,262.05,251.35,10.7,-6.963,3.379,6.388,51.335,313.386,-2351,-927.356,3,3.126,182.747
2026-09-27T21:39:12.000Z,1790545152.000,32.648329822,-117.19715143,3.083,275.096,264.396,262.922,252.222,10.7,-8.292,5.078,6.387,50.732,313.654,-2352,-928.866,3,3.02,181.92
2026-09-27T21:39:13.000Z,1790545153.000,32.648330969,-117.197170126,3.462,271.885,261.185,261.247,250.547,10.7,-8.053,3.269,6.386,52.674,313.921,-2353,-930.431,3,3.346,180.907
2026-09-27T21:39:14.000Z,1790545154.000,32.6483313,-117.197188973,3.634,268.462,257.762,263.633,252.933,10.7,-8.833,5.097,6.384,50.443,314.076,-2354,-932.149,3,3.45,180.05
2026-09-27T21:39:15.000Z,1790545155.000,32.6483314,-117.197209524,3.695,271.802,261.103,263.019,252.319,10.7,-9.741,4.919,6.383,51.185,314.204,-2355,-933.869,3,3.568,178.903
2026-09-27T21:39:16.000Z,1790545156.000,32.648331563,-117.197230593,3.863,270.825,260.125,261.624,250.924,10.7,-8.75,4.237,6.382,52.761,314.385,-2356,-935.601,3,3.712,177.687
2026-09-27T21:39:17.000Z,1790545157.000,32.648332438,-117.197250289,3.362,274.185,263.485,261.415,250.715,10.7,-8.023,7.3,6.381,52.873,314.288,-2357,-937.303,3,3.279,176.68
2026-09-27T21:39:18.000Z,1790545158.000,32.648333604,-117.197267472,2.964,275.042,264.342,261.55,250.85,10.7,-9.064,5.286,6.38,52.27,313.82,-2358,-938.821,3,2.9,175.857
2026-09-27T21:39:19.000Z,1790545159.000,32.648334433,-117.197284355,3.067,273.726,263.026,261.767,251.067,10.7,-9.536,3.198,6.379,51.701,313.468,-2359,-940.301,3,2.985,175.024
2026-09-27T21:39:20.000Z,1790545160.000,32.648335826,-117.197301991,3.437,272.574,261.874,262.285,251.585,10.7,-6.248,5.289,6.378,51.123,313.409,-2360,-941.884,3,3.328,174.22
2026-09-27T21:39:21.000Z,1790545161.000,32.64833607,-117.197321354,3.56,269.897,259.197,258.551,247.851,10.7,-9.089,3.589,6.377,54.893,313.444,-2361,-943.365,3,3.4,172.973
2026-09-27T21:39:22.000Z,1790545162.000,32.648335566,-117.197341912,3.8,268.914,258.214,258.371,247.671,10.7,-8.302,5.038,6.376,55.213,313.584,-2362,-945.075,3,3.608,171.797
2026-09-27T21:39:23.000Z,1790545163.000,32.648334336,-117.197361637,3.472,267.253,256.553,256.464,245.764,10.7,-10.543,4.894,6.374,57.173,313.637,-2363,-946.595,3,3.262,170.508
2026-09-27T21:39:24.000Z,1790545164.000,32.648334463,-117.19737883,3.027,269.676,258.976,259.269,248.569,10.7,-7.856,8.119,6.373,54.396,313.664,-2364,-948.195,3,2.885,169.736
2026-09-27T21:39:25.000Z,1790545165.000,32.648335303,-117.197395463,2.962,273.247,262.547,259.049,248.349,10.7,-9.632,4.125,6.372,54.612,313.661,-2365,-949.634,3,2.873,168.893
2026-09-27T21:39:26.000Z,1790545166.000,32.648335834,-117.197414719,3.734,267.417,256.717,259.804,249.104,10.7,-8.631,3.164,6.371,53.801,313.605,-2366,-951.328,3,3.509,167.933
2026-09-27T21:39:27.000Z,1790545167.000,32.648335732,-117.197434874,3.598,272.043,261.343,258.702,248.002,10.7,-5.778,7.734,6.37,54.701,313.403,-2367,-952.979,3,3.468,166.764
2026-09-27T21:39:28.000Z,1790545168.000,32.6483357,-117.19745368,3.439,268.456,257.756,255.739,245.039,10.7,-7.124,2.363,6.369,57.295,313.035,-2368,-954.424,3,3.25,165.576
2026-09-27T21:39:29.000Z,1790545169.000,32.64833606,-117.19747147,3.221,272.953,262.253,258.522,247.822,10.7,-7.578,6.521,6.368,54.189,312.711,-2369,-956.088,3,3.116,164.789
2026-09-27T21:39:30.000Z,1790545170.000,32.6483362,-117.197489987,3.367,269.034,258.334,256.766,246.066,10.7,-9.065,2.964,6.367,55.79,312.556,-2370,-957.578,3,3.191,163.697
2026-09-27T21:39:31.000Z,1790545171.000,32.648336267,-117.197509307,3.667,270.998,260.298,260.898,250.198,10.7,-8.068,3.631,6.366,51.622,312.52,-2371,-959.417,3,3.513,162.88
2026-09-27T21:39:32.000Z,1790545172.000,32.64833683,-117.197529007,3.665,271.883,261.183,262.091,251.391,10.7,-7.874,6.339,6.364,50.437,312.528,-2372,-961.167,3,3.526,161.927
2026-09-27T21:39:33.000Z,1790545173.000,32.648336738,-117.197548955,3.624,267.542,256.842,260.014,249.314,10.7,-7.044,3.748,6.363,52.572,312.586,-2373,-962.76,3,3.4,160.711
2026-09-27T21:39:34.000Z,1790545174.000,32.648336169,-117.19756894,3.5,269.906,259.206,261.517,250.817,10.7,-7.036,6.217,6.362,51.12,312.637,-2374,-964.496,3,3.33,159.657
2026-09-27T21:39:35.000Z,1790545175.000,32.648336133,-117.197588113,3.433,270.13,259.43,260.066,249.366,10.7,-7.002,3.635,6.361,52.39,312.456,-2375,-966.053,3,3.269,158.525
2026-09-27T21:39:36.000Z,1790545176.000,32.648336134,-117.197606742,3.268,270.892,260.192,259.966,249.266,10.7,-8.034,5.196,6.36,52.497,312.463,-2376,,3,3.124,157.504
2026-09-27T21:39:37.000Z,1790545177.000,32.648335938,-117.197625144,3.325,268.63,257.93,259.664,248.964,10.7,-8.412,3.162,6.359,52.776,312.439,-2377,,3,3.136,156.467
2026-09-27T21:39:38.000Z,1790545178.000,32.648335839,-117.197643209,3.27,271.881,261.181,261.561,250.861,10.7,-7.512,5.003,6.358,50.908,312.468,-2378,,3,3.14,155.582
2026-09-27T21:39:39.000Z,1790545179.000,32.648336836,-117.197661049,3.132,274.554,263.854,262.336,251.636,10.7,-7.772,4.252,6.357,50.162,312.498,-2379,,3,3.044,154.745
2026-09-27T21:39:40.000Z,1790545180.000,32.64833763,-117.197679942,3.43,275.504,264.804,262.382,251.682,10.7,-9.688,6.917,6.356,49.932,312.314,-2380,,3,3.347,153.79
2026-09-27T21:39:41.000Z,1790545181.000,32.648339611,-117.197698942,3.462,278.534,267.834,259.66,248.96,10.7,-10.502,5.621,6.354,52.324,311.984,-2381,,3,3.413,152.777
2026-09-27T21:39:42.000Z,1790545182.000,32.64834147,-117.197717214,3.33,271.568,260.868,260.671,249.971,10.7,-9.798,3.083,6.353,51.045,311.716,-2382,,3,3.19,152.006
2026-09-27T21:39:43.000Z,1790545183.000,32.648342137,-117.197735361,3.332,271.945,261.245,261.742,251.042,10.7,-9.585,5.405,6.352,49.713,311.455,-2383,,3,3.197,151.14
2026-09-27T21:39:44.000Z,1790545184.000,32.6483426,-117.197755513,3.934,269.96,259.26,259.671,248.971,10.7,-6.802,4.1,6.351,51.655,311.325,-2384,,3,3.732,149.964
2026-09-27T21:39:45.000Z,1790545185.000,32.648340971,-117.19777546,3.565,262.958,252.258,258.542,247.842,10.7,-10.477,7.147,6.35,52.897,311.438,-2385,,3,3.217,148.667
2026-09-27T21:39:46.000Z,1790545186.000,32.648340344,-117.19779478,3.529,264.086,253.386,257.431,246.731,10.7,-6.326,0.843,6.349,54.177,311.607,-2386,,3,3.211,147.497
2026-09-27T21:39:47.000Z,1790545187.000,32.648338496,-117.197813859,3.8,264.974,254.274,260.796,250.096,10.7,-8.543,5.883,6.348,50.944,311.74,-2387,,3,3.481,146.478
2026-09-27T21:39:48.000Z,1790545188.000,32.648337799,-117.19783334,3.7,262.899,252.199,257.699,246.999,10.7,-7.435,4.366,6.347,54.191,311.89,-2388,,3,3.33,145.18
2026-09-27T21:39:49.000Z,1790545189.000,32.6483376,-117.197851542,3.3,270.434,259.734,259.4,248.7,10.7,-6.674,5.566,6.346,52.46,311.86,-2389,,3,3.132,144.264
2026-09-27T21:39:50.000Z,1790545190.000,32.648336661,-117.197870173,3.3,270.142,259.442,258.606,247.906,10.7,-10.447,5.783,6.344,53.04,311.645,-2390,,3,3.125,143.119
2026-09-27T21:39:51.000Z,1790545191.000,32.6483367,-117.19789015,3.569,269.412,258.712,257.725,247.025,10.7,-9.225,4.35,6.343,53.691,311.416,-2391,,3,3.363,141.985
2026-09-27T21:39:52.000Z,1790545192.000,32.6483369,-117.197909359,3.435,271.149,260.449,257.561,246.861,10.7,-9.643,3.598,6.342,53.554,311.115,-2392,,3,3.269,140.948
2026-09-27T21:39:53.000Z,1790545193.000,32.648337431,-117.197928059,3.403,270.472,259.772,259.638,248.938,10.7,-9.324,5.117,6.341,51.29,310.928,-2393,,3,3.226,140.092
2026-09-27T21:39:54.000Z,1790545194.000,32.648339187,-117.197945579,3.087,277.521,266.821,261.323,250.623,10.7,-7.264,5.753,6.34,49.55,310.873,-2394,,3,3.024,139.392
2026-09-27T21:39:55.000Z,1790545195.000,32.648339869,-117.197962523,2.861,273.501,262.801,260.006,249.306,10.7,-9.914,8.867,6.339,50.833,310.839,-2395,,3,2.755,138.455
2026-09-27T21:39:56.000Z,1790545196.000,32.648339867,-117.197981318,3.331,271.115,260.415,257.698,246.998,10.7,-9.205,0.676,6.338,52.935,310.633,-2396,,3,3.166,137.302
2026-09-27T21:39:57.000Z,1790545197.000,32.648339834,-117.198001238,3.768,271.394,260.694,260.276,249.576,10.7,-8.892,5.41,6.337,50.165,310.441,-2397,,3,3.586,136.357
2026-09-27T21:39:58.000Z,1790545198.000,32.648339213,-117.198022053,3.762,267.007,256.307,255.891,245.191,10.7,-7.86,2.787,6.336,54.441,310.332,-2398,,3,3.478,134.926
2026-09-27T21:39:59.000Z,1790545199.000,32.648336622,-117.198042681,3.661,263.829,253.129,256.144,245.444,10.7,-8.535,4.966,6.334,54.05,310.193,-2399,,3,3.299,133.581
2026-09-27T21:40:00.000Z,1790545200.000,32.648334598,-117.198061724,3.567,260.836,250.136,254.831,244.131,10.7,-7.933,3.196,6.333,55.34,310.171,-2400,,3,3.127,132.292
2026-09-27T21:40:01.000Z,1790545201.000,32.6483328,-117.198079367,3.367,264.233,253.533,256.4,245.7,10.7,-6.9,5.733,6.332,53.93,310.33,-2401,,3,3.04,131.249
2026-09-27T21:40:02.000Z,1790545202.000,32.6483315,-117.198096669,3.064,269.5,258.8,255.847,245.147,10.7,-9.664,4.083,6.331,54.467,310.314,-2402,,3,2.874,130.16
2026-09-27T21:40:03.000Z,1790545203.000,32.648330788,-117.198114512,3.529,263.506,252.806,256.876,246.176,10.7,-8.735,4.482,6.33,53.554,310.431,-2403,,3,3.163,129.178
2026-09-27T21:40:04.000Z,1790545204.000,32.648330132,-117.198133715,3.532,267.729,257.028,255.732,245.032,10.7,-7.518,5.511,6.329,54.331,310.064,-2404,,3,3.27,128.011
2026-09-27T21:40:05.000Z,1790545205.000,32.648329333,-117.198153,3.567,267.535,256.835,253.833,243.133,10.7,-7.9,4,6.328,55.821,309.654,-2405,,3,3.295,126.791
2026-09-27T21:40:06.000Z,1790545206.000,32.648326712,-117.198172489,3.741,256.696,245.996,253.018,242.318,10.7,-10.5,4.353,6.327,56.277,309.295,-2406,,3,3.121,125.451
2026-09-27T21:40:07.000Z,1790545207.000,32.648324074,-117.198192468,3.587,261.732,251.032,253.658,242.958,10.7,-8.516,4.9,6.326,55.417,309.075,-2407,,3,3.152,124.155
2026-09-27T21:40:08.000Z,1790545208.000,32.648321819,-117.198212219,3.769,259.118,248.419,252.363,241.663,10.7,-8.319,3.319,6.324,56.58,308.942,-2408,,3,3.222,122.811
2026-09-27T21:40:09.000Z,1790545209.000,32.648319632,-117.198231947,3.7,261.497,250.797,253.963,243.263,10.7,-9.039,3.954,6.323,55.02,308.983,-2409,,3,3.237,121.617
2026-09-27T21:40:10.000Z,1790545210.000,32.6483184,-117.198250727,3.237,269.59,258.89,254.013,243.313,10.7,-9.775,7.937,6.322,55.14,309.153,-2410,,3,3.023,120.485
2026-09-27T21:40:11.000Z,1790545211.000,32.648319024,-117.198268305,3.062,273.5,262.8,253.348,242.648,10.7,-9.048,3.767,6.321,56.036,309.383,-2411,,3,2.926,119.55
2026-09-27T21:40:12.000Z,1790545212.000,32.648319269,-117.198284912,3.138,270.604,259.904,255.976,245.276,10.7,-10.585,4.646,6.32,53.61,309.586,-2412,,3,2.948,118.802
2026-09-27T21:40:13.000Z,1790545213.000,32.6483197,-117.198302224,3.4,269.665,258.965,257.359,246.659,10.7,-6.429,2.929,6.319,52.379,309.739,-2413,,3,3.173,117.971
2026-09-27T21:40:14.000Z,1790545214.000,32.648317972,-117.198321586,3.897,261.145,250.445,258.031,247.331,10.7,-7.766,5.666,6.318,51.805,309.836,-2414,,3,3.385,116.796
2026-09-27T21:40:15.000Z,1790545215.000,32.648315251,-117.198343277,4.075,262.302,251.602,257.075,246.375,10.7,-8.974,3.16,6.317,52.812,309.887,-2415,,3,3.576,115.316
2026-09-27T21:40:16.000Z,1790545216.000,32.648313291,-117.198365157,3.83,267.273,256.573,258.161,247.461,10.7,-7.918,5.739,6.316,51.793,309.953,-2416,,3,3.505,114.005
2026-09-27T21:40:17.000Z,1790545217.000,32.648312096,-117.198385646,3.7,267.407,256.707,257.996,247.296,10.7,-6.818,3.889,6.314,52.022,310.019,-2417,,3,3.386,112.771
2026-09-27T21:40:18.000Z,1790545218.000,32.648310834,-117.19840453,3.431,269.23,258.53,257.96,247.26,10.7,-10.369,6.025,6.313,52.157,310.117,-2418,,3,3.18,111.626
2026-09-27T21:40:19.000Z,1790545219.000,32.648310863,-117.198421733,3.049,271.045,260.345,258.775,248.075,10.7,-9.5,2.688,6.312,51.52,310.295,-2419,,3,2.86,110.736
2026-09-27T21:40:20.000Z,1790545220.000,32.6483114,-117.198437787,2.94,272.796,262.096,263.251,252.551,10.7,-7.079,5.857,6.311,47.109,310.36,-2420,,3,2.787,110.168
2026-09-27T21:40:21.000Z,1790545221.000,32.648311332,-117.198455375,3.164,271.357,260.657,261.45,250.75,10.7,-10.329,5.339,6.31,48.838,310.288,-2421,,3,2.972,109.097
2026-09-27T21:40:22.000Z,1790545222.000,32.648312299,-117.198474853,3.667,278.322,267.622,262.503,251.803,10.7,-6.604,4.404,6.309,47.664,310.167,-2422,,3,3.57,108.185
2026-09-27T21:40:23.000Z,1790545223.000,32.648311477,-117.198495623,3.677,268.208,257.508,259.008,248.308,10.7,-9.908,5.223,6.308,51.091,310.098,-2423,,3,3.373,106.778
2026-09-27T21:40:24.000Z,1790545224.000,32.64831036,-117.198517219,3.86,265.877,255.177,258.649,247.949,10.7,-10.3,3.798,6.307,51.593,310.242,-2424,,3,3.472,105.48
2026-09-27T21:40:25.000Z,1790545225.000,32.648309264,-117.19853779,3.8,268.032,257.332,258.704,248.004,10.7,-7.528,6.304,6.306,51.536,310.241,-2425,,3,3.476,104.263
2026-09-27T21:40:26.000Z,1790545226.000,32.6483079,-117.198557367,3.467,262.9,252.2,256.6,245.9,10.7,-9.833,4.9,6.304,53.687,310.287,-2426,,3,3.029,102.958
2026-09-27T21:40:27.000Z,1790545227.000,32.64830783,-117.198574816,3.035,271.334,260.634,257.66,246.96,10.7,-6.215,6.12,6.303,52.436,310.096,-2427,,3,2.838,102.058
2026-09-27T21:40:28.000Z,1790545228.000,32.648307772,-117.198590893,2.928,270.492,259.792,257.53,246.83,10.7,-10.443,3.13,6.302,52.558,310.088,-2428,,3,2.722,101.169
2026-09-27T21:40:29.000Z,1790545229.000,32.648309037,-117.198607562,3.305,274.453,263.753,259.49,248.79,10.7,-7,5.258,6.301,50.432,309.922,-2429,,3,3.148,100.483
2026-09-27T21:40:30.000Z,1790545230.000,32.648309,-117.198626693,3.6,270.473,259.773,257.765,247.065,10.7,-8.559,4.104,6.3,52.046,309.811,-2430,,3,3.342,99.342
2026-09-27T21:40:31.000Z,1790545231.000,32.648308275,-117.198646465,3.725,265.71,255.01,258.426,247.726,10.7,-9.187,5.737,6.299,51.306,309.732,-2431,,3,3.328,98.235
2026-09-27T21:40:32.000Z,1790545232.000,32.648307128,-117.198668413,3.785,267.921,257.221,257.415,246.715,10.7,-9.5,4.62,6.298,52.173,309.588,-2432,,3,3.441,96.88
2026-09-27T21:40:33.000Z,1790545233.000,32.648305761,-117.198690564,4.161,263.945,253.245,256.073,245.373,10.7,-8.67,4.1,6.297,53.32,309.393,-2433,,3,3.649,95.478
2026-09-27T21:40:34.000Z,1790545234.000,32.648303929,-117.198711146,3.696,265.104,254.404,254.929,244.229,10.7,-8.593,4.796,6.296,54.206,309.135,-2434,,3,3.273,94.131
2026-09-27T21:40:35.000Z,1790545235.000,32.648301739,-117.198730683,3.569,264.531,253.831,255.569,244.869,10.7,-9.339,3.885,6.294,53.25,308.819,-2435,,3,3.14,92.901
2026-09-27T21:40:36.000Z,1790545236.000,32.648300776,-117.198748507,3.176,266.131,255.431,255.182,244.482,10.7,-8.028,7.116,6.293,53.508,308.689,-2436,,3,2.832,91.823
2026-09-27T21:40:37.000Z,1790545237.000,32.648298783,-117.198766803,3.4,257.784,247.084,252.913,242.213,10.7,-8.661,2.439,6.292,55.745,308.658,-2437,,3,2.772,90.531
2026-09-27T21:40:38.000Z,1790545238.000,32.648296192,-117.198784685,3.336,260.575,249.875,254.9,244.2,10.7,-8.064,5.82,6.291,53.592,308.492,-2438,,3,2.807,89.422
2026-09-27T21:40:39.000Z,1790545239.000,32.648294074,-117.198803342,3.596,260.491,249.791,253.691,242.991,10.7,-9.03,4.838,6.29,54.638,308.329,-2439,,3,3.018,88.152
2026-09-27T21:40:40.000Z,1790545240.000,32.648292688,-117.198822958,3.613,265.175,254.475,253.677,242.977,10.7,-9.123,1.865,6.289,54.635,308.312,-2440,,3,3.179,86.958
2026-09-27T21:40:41.000Z,1790545241.000,32.648290892,-117.198844157,3.847,263.3,252.6,255.003,244.303,10.7,-10.183,9.1,6.288,53.401,308.405,-2441,,3,3.32,85.707
2026-09-27T21:40:42.000Z,1790545242.000,32.648289397,-117.198865434,3.632,266.621,255.921,249.9,239.2,10.7,-9.643,4.621,6.287,58.698,308.598,-2442,,3,3.231,84.164
2026-09-27T21:40:43.000Z,1790545243.000,32.648288366,-117.198884573,3.433,266.301,255.601,250.633,239.933,10.7,-8.334,5.332,6.286,58.061,308.694,-2443,,3,3.041,83.061
2026-09-27T21:40:44.000Z,1790545244.000,32.648286776,-117.198902666,3.53,258.446,247.746,249.211,238.511,10.7,-9.614,1.965,6.284,59.628,308.839,-2444,,3,2.869,81.867
2026-09-27T21:40:45.000Z,1790545245.000,32.648283872,-117.198921283,3.571,258.844,248.144,252.971,242.271,10.7,-9.986,5.53,6.283,55.925,308.896,-2445,,3,2.913,80.767
2026-09-27T21:40:46.000Z,1790545246.000,32.648282224,-117.198939581,3.338,264.251,253.551,252.107,241.407,10.7,-6.976,5.445,6.282,56.766,308.872,-2446,,3,2.889,79.578
2026-09-27T21:40:47.000Z,1790545247.000,32.648280099,-117.198957713,3.434,264.156,253.456,254.268,243.568,10.7,-9.368,3.432,6.281,54.625,308.893,-2447,,3,2.966,78.505
2026-09-27T21:40:48.000Z,1790545248.000,32.648278092,-117.198977191,3.708,263.254,252.554,256.223,245.523,10.7,-8.093,5.185,6.28,52.845,309.068,-2448,,3,3.169,77.363
2026-09-27T21:40:49.000Z,1790545249.000,32.648275789,-117.198999302,4.162,263.736,253.036,255.475,244.775,10.7,-9.349,4.596,6.279,53.888,309.364,-2449,,3,3.569,75.911
2026-09-27T21:40:50.000Z,1790545250.000,32.648274262,-117.199021603,3.862,266.118,255.418,255.654,244.954,10.7,-10.153,4.085,6.278,53.942,309.596,-2450,,3,3.386,74.566
2026-09-27T21:40:51.000Z,1790545251.000,32.648274635,-117.199041501,3.5,275.286,264.586,256.165,245.465,10.7,-10.638,4.292,6.277,53.621,309.786,-2451,,3,3.296,73.543
2026-09-27T21:40:52.000Z,1790545252.000,32.648275134,-117.19905933,3.397,269.953,259.253,259.7,249,10.7,-10.766,4.492,6.276,50.272,309.972,-2452,,3,3.077,72.809
2026-09-27T21:40:53.000Z,1790545253.000,32.648274775,-117.199077366,3.449,265.26,254.56,260.408,249.708,10.7,-10.74,6.86,6.274,49.798,310.205,-2453,,3,2.991,71.835
2026-09-27T21:40:54.000Z,1790545254.000,32.64827433,-117.199096668,3.67,266.115,255.415,260.611,249.911,10.7,-7,5.079,6.273,49.928,310.538,-2454,,3,3.207,70.753
2026-09-27T21:40:55.000Z,1790545255.000,32.648272895,-117.19911626,3.532,265.705,255.005,260,249.3,10.7,-7.995,4.505,6.272,50.879,310.879,-2455,,3,3.069,69.521
2026-09-27T21:40:56.000Z,1790545256.000,32.648270769,-117.199137179,3.902,262.566,251.866,259.502,248.802,10.7,-9.229,4.6,6.271,51.606,311.108,-2456,,3,3.273,68.161
2026-09-27T21:40:57.000Z,1790545257.000,32.648269472,-117.199158092,3.864,266.731,256.031,259.836,249.136,10.7,-8.844,4.408,6.27,51.384,311.22,-2457,,3,3.382,66.922
2026-09-27T21:40:58.000Z,1790545258.000,32.648269371,-117.199179116,3.758,270.969,260.269,260.213,249.513,10.7,-10.042,5.313,6.269,51.141,311.354,-2458,,3,3.411,65.789
2026-09-27T21:40:59.000Z,1790545259.000,32.64827128,-117.199199642,3.637,283.532,272.832,261.311,250.611,10.7,-10.74,5.086,6.268,50.34,311.652,-2459,,3,3.553,64.906
2026-09-27T21:41:00.000Z,1790545260.000,32.648274398,-117.19921912,3.766,276.66,265.96,262.434,251.734,10.7,-12.698,4.039,6.267,49.585,312.019,-2460,,3,3.555,64.192
2026-09-27T21:41:01.000Z,1790545261.000,32.648277686,-117.199239036,3.6,282.085,271.385,263.343,252.643,10.7,-10.329,6.1,6.266,48.893,312.236,-2461,,3,3.494,63.459
2026-09-27T21:41:02.000Z,1790545262.000,32.6482794,-117.199260217,3.84,273.593,262.893,261.988,251.288,10.7,-8.321,2.74,6.264,50.495,312.483,-2462,,3,3.547,62.379
2026-09-27T21:41:03.000Z,1790545263.000,32.648279869,-117.199279937,3.494,273.228,262.528,262.331,251.631,10.7,-5.252,7.031,6.263,50.472,312.804,-2463,,3,3.216,61.367
2026-09-27T21:41:04.000Z,1790545264.000,32.648278399,-117.199298612,3.233,263.591,252.891,260.968,250.268,10.7,-8.201,3.504,6.262,52.017,312.985,-2464,,3,2.718,60.136
2026-09-27T21:41:05.000Z,1790545265.000,32.648277475,-117.199316148,3.338,265.885,255.185,265.462,254.762,10.7,-7.6,5.488,6.261,47.583,313.045,-2465,,3,2.873,59.366
2026-09-27T21:41:06.000Z,1790545266.000,32.648276512,-117.199337035,3.837,266.394,255.694,263.612,252.912,10.7,-8.678,2.717,6.26,49.279,312.891,-2466,,3,3.315,58.028
2026-09-27T21:41:07.000Z,1790545267.000,32.64827563,-117.19936052,4.27,269.48,258.78,263.24,252.54,10.7,-7.8,6.4,6.259,49.463,312.703,-2467,,3,3.793,56.646
2026-09-27T21:41:08.000Z,1790545268.000,32.648275169,-117.199381986,3.798,271.827,261.127,259.569,248.869,10.7,-10.497,4.37,6.258,52.898,312.467,-2468,,3,3.438,55.221
2026-09-27T21:41:09.000Z,1790545269.000,32.648277067,-117.199400567,3.267,283.1,272.4,262.267,251.567,10.7,-8.967,4.733,6.257,49.892,312.159,-2469,,3,3.17,54.535
2026-09-27T21:41:10.000Z,1790545270.000,32.648279797,-117.199417449,2.976,282.764,272.064,263.907,253.207,10.7,-10.773,4.935,6.256,48.132,312.039,-2470,,3,2.883,53.96
2026-09-27T21:41:11.000Z,1790545271.000,32.648282817,-117.199435801,3.4,282.405,271.705,263.439,252.739,10.7,-10.105,4.803,6.254,48.601,312.04,-2471,,3,3.287,53.205
2026-09-27T21:41:12.000Z,1790545272.000,32.648284504,-117.199454817,3.5,275.42,264.72,261.9,251.2,10.7,-8.928,6.212,6.253,49.965,311.865,-2472,,3,3.248,52.23
2026-09-27T21:41:13.000Z,1790545273.000,32.648286267,-117.199473467,3.633,272.732,262.032,261.8,251.1,10.7,-6.7,0.9,6.252,49.934,311.734,-2473,,3,3.301,51.367
2026-09-27T21:41:14.000Z,1790545274.000,32.648286536,-117.199492677,3.558,271.158,260.458,262.115,251.415,10.7,-9.214,7.944,6.251,49.726,311.841,-2474,,3,3.187,50.363
2026-09-27T21:41:15.000Z,1790545275.000,32.648285518,-117.199513153,3.671,262.359,251.659,259.7,249,10.7,-8.494,3.265,6.25,52.038,311.738,-2475,,3,2.993,49.015
2026-09-27T21:41:16.000Z,1790545276.000,32.648283964,-117.199533651,3.9,265.396,254.696,260.625,249.925,10.7,-8.204,2.811,6.249,50.976,311.601,-2476,,3,3.29,47.81
2026-09-27T21:41:17.000Z,1790545277.000,32.6482834,-117.199554667,3.967,267.567,256.867,261.267,250.567,10.7,-5.7,4.633,6.248,50.331,311.598,-2477,,3,3.419,46.651
2026-09-27T21:41:18.000Z,1790545278.000,32.648281876,-117.199575481,3.79,264.366,253.666,257.472,246.772,10.7,-11.368,5.448,6.247,54.11,311.582,-2478,,3,3.147,45.166
2026-09-27T21:41:19.000Z,1790545279.000,32.648282062,-117.199595042,3.4,273.074,262.374,258.175,247.475,10.7,-9.66,4.774,6.246,53.261,311.436,-2479,,3,3.074,44.155
2026-09-27T21:41:20.000Z,1790545280.000,32.648283107,-117.199614325,3.569,274.771,264.071,258.3,247.6,10.7,-10.024,3.86,6.244,52.923,311.223,-2480,,3,3.267,43.206
2026-09-27T21:41:21.000Z,1790545281.000,32.6482848,-117.199632401,3.47,272.042,261.342,259.027,248.327,10.7,-9.035,4.347,6.243,51.945,310.972,-2481,,3,3.104,42.414
2026-09-27T21:41:22.000Z,1790545282.000,32.6482844,-117.19965113,3.431,265.337,254.637,258.26,247.56,10.7,-10.697,5.525,6.242,52.412,310.672,-2482,,3,2.864,41.315
2026-09-27T21:41:23.000Z,1790545283.000,32.648284786,-117.199669555,3.362,275.32,264.62,260.532,249.832,10.7,-5.8,2.761,6.241,49.967,310.5,-2483,,3,3.082,40.473
2026-09-27T21:41:24.000Z,1790545284.000,32.648284062,-117.199689834,3.776,265.187,254.487,261.337,250.637,10.7,-9.007,7.822,6.24,49.179,310.516,-2484,,3,3.137,39.349
2026-09-27T21:41:25.000Z,1790545285.000,32.648282997,-117.199710875,3.832,265.917,255.217,259.032,248.332,10.7,-8.374,3.68,6.239,51.782,310.815,-2485,,3,3.203,37.974
2026-09-27T21:41:26.000Z,1790545286.000,32.648281834,-117.199731021,3.601,269.214,258.514,259.766,249.066,10.7,-8.634,5.698,6.238,51.598,311.365,-2486,,3,3.113,36.813
2026-09-27T21:41:27.000Z,1790545287.000,32.648282362,-117.199750135,3.538,270.713,260.013,260.6,249.9,10.7,-7.325,4.038,6.237,51.238,311.838,-2487,,3,3.1,35.866
2026-09-27T21:41:28.000Z,1790545288.000,32.648282129,-117.199769539,3.484,270,259.3,262.955,252.255,10.7,-9.813,4.906,6.236,49.181,312.136,-2488,,3,3.028,34.925
2026-09-27T21:41:29.000Z,1790545289.000,32.6482823,-117.19978949,3.668,270.431,259.731,262.5,251.8,10.7,-8.696,4.112,6.234,49.802,312.302,-2489,,3,3.197,33.827
2026-09-27T21:41:30.000Z,1790545290.000,32.648283398,-117.199809606,3.632,277.154,266.454,264.134,253.434,10.7,-7.24,5.546,6.233,48.172,312.306,-2490,,3,3.349,32.928
2026-09-27T21:41:31.000Z,1790545291.000,32.648284529,-117.199828726,3.265,272.977,262.277,262.952,252.252,10.7,-11.598,4.6,6.232,49.364,312.317,-2491,,3,2.906,31.917
2026-09-27T21:41:32.000Z,1790545292.000,32.648286954,-117.199848132,3.671,280.858,270.158,264.721,254.021,10.7,-9.783,2.688,6.231,47.712,312.433,-2492,,3,3.464,31.185
2026-09-27T21:41:33.000Z,1790545293.000,32.648289213,-117.19986705,3.4,279.196,268.496,266.876,256.176,10.7,-9.397,6.218,6.23,45.583,312.459,-2493,,3,3.173,30.493
2026-09-27T21:41:34.000Z,1790545294.000,32.648291535,-117.199885979,3.5,278.495,267.795,264.435,253.735,10.7,-10.201,4.038,6.229,47.889,312.324,-2494,,3,3.247,29.519
2026-09-27T21:41:35.000Z,1790545295.000,32.64829453,-117.19990431,3.361,283.94,273.24,266.007,255.307,10.7,-9.432,5.507,6.228,46.507,312.514,-2495,,3,3.222,28.888
2026-09-27T21:41:36.000Z,1790545296.000,32.648297669,-117.199922796,3.561,279.2,268.5,267.731,257.031,10.7,-7.807,3.24,6.227,45.001,312.732,-2496,,3,3.316,28.274
2026-09-27T21:41:37.000Z,1790545297.000,32.64829874,-117.199943503,3.91,272.973,262.273,268.908,258.208,10.7,-8.681,6.698,6.226,43.766,312.674,-2497,,3,3.46,27.318
2026-09-27T21:41:38.000Z,1790545298.000,32.648298232,-117.199966225,4.164,266.552,255.852,264.492,253.792,10.7,-9.344,3.948,6.224,48.48,312.972,-2498,,3,3.435,25.755
2026-09-27T21:41:39.000Z,1790545299.000,32.648298731,-117.199986986,3.8,272.703,262.003,266.107,255.407,10.7,-6.972,4.986,6.223,47.081,313.188,-2499,,3,3.342,24.769
2026-09-27T21:41:40.000Z,1790545300.000,32.648300208,-117.200005456,3.3,276.664,265.964,265.816,255.116,10.7,-10.955,4.639,6.222,47.868,313.684,-2500,,3,3,23.878
2026-09-27T21:41:41.000Z,1790545301.000,32.648303224,-117.200023071,3.2,281.376,270.676,267.918,257.218,10.7,-9.812,3.7,6.221,46.238,314.156,-2501,,3,3.008,23.323
2026-09-27T21:41:42.000Z,1790545302.000,32.64830551,-117.200041699,3.532,279.931,269.231,269.632,258.932,10.7,-9.326,3.832,6.22,44.678,314.309,-2502,,3,3.285,22.626
2026-09-27T21:41:43.000Z,1790545303.000,32.64830803,-117.200061972,3.866,276.334,265.634,268.468,257.768,10.7,-9.164,5.798,6.219,45.867,314.335,-2503,,3,3.496,21.673
2026-09-27T21:41:44.000Z,1790545304.000,32.648311086,-117.200081907,3.636,280.35,269.65,269.293,258.593,10.7,-6.286,4.986,6.218,44.916,314.208,-2504,,3,3.386,20.917
2026-09-27T21:41:45.000Z,1790545305.000,32.648313258,-117.200101689,3.6,277.744,267.044,268.586,257.886,10.7,-9.299,4.229,6.217,45.586,314.172,-2505,,3,3.285,19.989
2026-09-27T21:41:46.000Z,1790545306.000,32.648315307,-117.200121464,3.6,275.713,265.013,268.069,257.369,10.7,-9.676,5.746,6.216,46.041,314.111,-2506,,3,3.227,19.063
2026-09-27T21:41:47.000Z,1790545307.000,32.64831857,-117.200140853,3.667,280.766,270.066,268.634,257.934,10.7,-7.76,4.136,6.214,45.469,314.103,-2507,,3,3.415,18.338
2026-09-27T21:41:48.000Z,1790545308.000,32.648321891,-117.200159211,3.3,283.136,272.436,270.439,259.739,10.7,-8.656,4.079,6.213,43.781,314.221,-2508,,3,3.118,17.756
2026-09-27T21:41:49.000Z,1790545309.000,32.648324874,-117.200178131,3.525,282.682,271.982,270.823,260.123,10.7,-8.888,5.573,6.212,43.524,314.348,-2509,,3,3.319,17.021
2026-09-27T21:41:50.000Z,1790545310.000,32.648327751,-117.200198776,3.93,279.642,268.942,269.049,258.349,10.7,-9.03,3.71,6.211,45.456,314.505,-2510,,3,3.621,16.039
2026-09-27T21:41:51.000Z,1790545311.000,32.648331306,-117.200217292,3.5,283.71,273.01,271.541,260.841,10.7,-6.692,7.465,6.21,43.15,314.69,-2511,,3,3.311,15.516
2026-09-27T21:41:52.000Z,1790545312.000,32.648334399,-117.200235188,3.234,278.062,267.362,269.398,258.698,10.7,-8.563,3.261,6.209,45.419,314.817,-2512,,3,2.938,14.678
2026-09-27T21:41:53.000Z,1790545313.000,32.648335921,-117.200254722,3.992,275.845,265.145,272.174,261.474,10.7,-7.887,3.31,6.208,42.894,315.068,-2513,,3,3.556,13.936
2026-09-27T21:41:54.000Z,1790545314.000,32.648337413,-117.200276829,4,273.747,263.047,269.213,258.513,10.7,-9.642,6.111,6.207,46.3,315.513,-2514,,3,3.486,12.669
2026-09-27T21:41:55.000Z,1790545315.000,32.64834025,-117.200296943,3.531,284.855,274.155,270.163,259.463,10.7,-5.988,4.563,6.206,45.887,316.05,-2515,,3,3.351,11.892
2026-09-27T21:41:56.000Z,1790545316.000,32.6483428,-117.200314733,3.167,274,263.3,270.233,259.533,10.7,-9.9,5.467,6.204,46.513,316.747,-2516,,3,2.759,11.158
2026-09-27T21:41:57.000Z,1790545317.000,32.648345059,-117.200332329,3.329,277.706,267.006,269.865,259.165,10.7,-10.071,4.018,6.203,47.614,317.479,-2517,,3,2.997,10.379
2026-09-27T21:41:58.000Z,1790545318.000,32.648348224,-117.200350418,3.5,280.968,270.268,271.641,260.941,10.7,-7.222,5.405,6.202,46.402,318.044,-2518,,3,3.23,9.797
2026-09-27T21:41:59.000Z,1790545319.000,32.648350834,-117.200369507,3.633,274.86,264.16,268.1,257.4,10.7,-9.603,4.536,6.201,50.414,318.514,-2519,,3,3.178,8.76
2026-09-27T21:42:00.000Z,1790545320.000,32.648353429,-117.200388702,3.534,279.767,269.067,269.042,258.342,10.7,-8.395,3.871,6.2,49.69,318.731,-2520,,3,3.223,8.009
2026-09-27T21:42:01.000Z,1790545321.000,32.648356048,-117.200407252,3.438,279.214,268.514,269.81,259.11,10.7,-8.576,5.6,6.199,48.97,318.779,-2521,,3,3.119,7.285
2026-09-27T21:42:02.000Z,1790545322.000,32.648358307,-117.200427435,3.638,278.756,268.056,269.293,258.593,10.7,-7.769,3.315,6.198,49.605,318.898,-2522,,3,3.283,6.356
2026-09-27T21:42:03.000Z,1790545323.000,32.648359967,-117.2004477,3.8,277.667,266.967,270.633,259.933,10.7,-9.767,5.267,6.197,48.561,319.194,-2523,,3,3.392,5.49
2026-09-27T21:42:04.000Z,1790545324.000,32.648362514,-117.200467589,3.537,279.606,268.906,270.137,259.437,10.7,-7.514,4.551,6.196,49.521,319.658,-2524,,3,3.205,4.603
2026-09-27T21:42:05.000Z,1790545325.000,32.648365411,-117.200485734,2.929,288.944,278.244,269.24,258.54,10.7,-10.529,6.809,6.194,50.969,320.209,-2525,,3,2.817,3.818
2026-09-27T21:42:06.000Z,1790545326.000,32.64837032,-117.20050043,2.831,290.682,279.982,270.287,259.587,10.7,-7.765,2.4,6.193,50.343,320.63,-2526,,3,2.745,3.529
2026-09-27T21:42:07.000Z,1790545327.000,32.648374965,-117.200515495,3.133,290.503,279.803,274.931,264.231,10.7,-9.535,5.299,6.192,46.103,321.034,-2527,,3,3.035,3.445
2026-09-27T21:42:08.000Z,1790545328.000,32.648379652,-117.200533983,3.735,283.171,272.471,273.967,263.267,10.7,-9.198,3.035,6.191,47.436,321.402,-2528,,3,3.468,2.794
2026-09-27T21:42:09.000Z,1790545329.000,32.64838324,-117.200555487,4.029,284.351,273.651,273.042,262.342,10.7,-6.473,6.111,6.19,48.706,321.749,-2529,,3,3.765,1.883
2026-09-27T21:42:10.000Z,1790545330.000,32.648385974,-117.200577004,3.795,276.742,266.042,271.216,260.516,10.7,-7.247,3.358,6.189,50.924,322.14,-2530,,3,3.329,0.834
2026-09-27T21:42:11.000Z,1790545331.000,32.648387467,-117.20059634,3.6,276.374,265.674,273.035,262.335,10.7,-8.365,6.7,6.188,49.439,322.474,-2531,,3,3.142,0.038
2026-09-27T21:42:12.000Z,1790545332.000,32.648389225,-117.200614427,3.275,275.195,264.495,270.388,259.688,10.7,-6.688,3.989,6.187,52.566,322.954,-2532,,3,2.818,-0.967
2026-09-27T21:42:13.000Z,1790545333.000,32.648391693,-117.200631222,3.2,284.204,273.504,273.085,262.385,10.7,-5.319,3.87,6.186,50.422,323.507,-2533,,3,2.973,-1.477
2026-09-27T21:42:14.000Z,1790545334.000,32.648394273,-117.200646526,2.665,289.146,278.446,274.156,263.456,10.7,-9.365,7.973,6.184,49.706,323.862,-2534,,3,2.55,-2.004
2026-09-27T21:42:15.000Z,1790545335.000,32.6483983,-117.200662239,3.037,288.312,277.612,274.738,264.038,10.7,-8.287,3.013,6.183,49.202,323.94,-2535,,3,2.892,-2.456
2026-09-27T21:42:16.000Z,1790545336.000,32.648402436,-117.200679993,3.662,282.653,271.953,276.265,265.565,10.7,-8.1,3.939,6.182,47.656,323.922,-2536,,3,3.356,-2.943
2026-09-27T21:42:17.000Z,1790545337.000,32.648406082,-117.200699988,3.662,282.193,271.493,274.969,264.269,10.7,-8.093,5.838,6.181,48.886,323.855,-2537,,3,3.339,-3.794
2026-09-27T21:42:18.000Z,1790545338.000,32.648409802,-117.200719046,3.467,282.219,271.519,275.567,264.867,10.7,-6.701,3.899,6.18,48.163,323.73,-2538,,3,3.158,-4.454
2026-09-27T21:42:19.000Z,1790545339.000,32.648413266,-117.2007376,3.5,283.989,273.289,275.403,264.703,10.7,-8.82,5.391,6.179,48.431,323.834,-2539,,3,3.227,-5.164
2026-09-27T21:42:20.000Z,1790545340.000,32.648417357,-117.200754697,3.2,278.93,268.23,276.444,265.744,10.7,-6.714,3.687,6.178,47.457,323.901,-2540,,3,2.826,-5.652
2026-09-27T21:42:21.000Z,1790545341.000,32.648421189,-117.200770167,2.769,287.858,277.158,276.792,266.092,10.7,-9.873,8.134,6.177,46.954,323.745,-2541,,3,2.616,-6.124
2026-09-27T21:42:22.000Z,1790545342.000,32.648426731,-117.200784923,2.801,292.91,282.21,277.232,266.532,10.7,-8.261,3.561,6.176,46.317,323.549,-2542,,3,2.716,-6.396
2026-09-27T21:42:23.000Z,1790545343.000,32.648431453,-117.200799321,2.926,296.982,286.282,279.265,268.565,10.7,-9.782,5.414,6.174,44.053,323.318,-2543,,3,2.88,-6.607
2026-09-27T21:42:24.000Z,1790545344.000,32.648437216,-117.200814459,3.205,288.619,277.919,280.863,270.163,10.7,-6.2,3.632,6.173,42.201,323.064,-2544,,3,3.038,-6.794
2026-09-27T21:42:25.000Z,1790545345.000,32.648441365,-117.200832261,3.368,287.692,276.992,279.899,269.199,10.7,-9.268,5.165,6.172,42.801,322.7,-2545,,3,3.171,-7.46
2026-09-27T21:42:26.000Z,1790545346.000,32.648446465,-117.200850368,3.336,293.639,282.939,280.61,269.91,10.7,-5.426,5.81,6.171,41.938,322.548,-2546,,3,3.239,-7.933
2026-09-27T21:42:27.000Z,1790545347.000,32.648450661,-117.200867867,3.38,282.856,272.156,280.518,269.818,10.7,-6.223,3.44,6.17,42.412,322.93,-2547,,3,3.069,-8.514
2026-09-27T21:42:28.000Z,1790545348.000,32.648453939,-117.200884924,3.202,284.813,274.113,279.102,268.402,10.7,-10.324,5.97,6.169,43.913,323.015,-2548,,3,2.947,-9.251
2026-09-27T21:42:29.000Z,1790545349.000,32.648459352,-117.20089989,2.965,293.371,282.671,276.913,266.213,10.7,-5.556,3.996,6.168,45.868,322.781,-2549,,3,2.87,-9.734
2026-09-27T21:42:30.000Z,1790545350.000,32.648462305,-117.200915229,2.839,283.728,273.028,275.912,265.212,10.7,-7.983,5.025,6.167,46.67,322.583,-2550,,3,2.586,-10.374
2026-09-27T21:42:31.000Z,1790545351.000,32.648464207,-117.200931166,2.977,277.612,266.912,273.499,262.799,10.7,-6.594,6.121,6.166,48.819,322.317,-2551,,3,2.559,-11.239
2026-09-27T21:42:32.000Z,1790545352.000,32.6484653,-117.200948378,3.099,272.06,261.36,269.831,259.131,10.7,-6.802,3.537,6.164,52.164,321.995,-2552,,3,2.489,-12.325
2026-09-27T21:42:33.000Z,1790545353.000,32.648465432,-117.20096647,3.366,272.153,261.453,269.778,259.078,10.7,-6.734,3.476,6.163,51.869,321.647,-2553,,3,2.698,-13.302
2026-09-27T21:42:34.000Z,1790545354.000,32.648466994,-117.2009836,3.165,276.376,265.676,271.253,260.553,10.7,-6.135,6.171,6.162,50.07,321.323,-2554,,3,2.663,-13.997
2026-09-27T21:42:35.000Z,1790545355.000,32.648468884,-117.201001384,3.3,277.603,266.903,269.042,258.342,10.7,-9.142,4.181,6.161,52.14,321.182,-2555,,3,2.807,-14.941
2026-09-27T21:42:36.000Z,1790545356.000,32.648471612,-117.201018509,3.268,285.675,274.975,267.668,256.968,10.7,-9.52,5.285,6.16,53.166,320.834,-2556,,3,2.988,-15.717
2026-09-27T21:42:37.000Z,1790545357.000,32.648475298,-117.201034389,3,286.79,276.09,267.269,256.569,10.7,-8.864,3.336,6.159,53.102,320.371,-2557,,3,2.763,-16.274
2026-09-27T21:42:38.000Z,1790545358.000,32.648478413,-117.201049639,2.875,282.465,271.765,269.338,258.638,10.7,-9.325,5.525,6.158,50.808,320.146,-2558,,3,2.553,-16.69
2026-09-27T21:42:39.000Z,1790545359.000,32.648480142,-117.201067011,3.158,275.74,265.04,268.458,257.758,10.7,-9.942,3.251,6.157,51.426,319.884,-2559,,3,2.607,-17.538
2026-09-27T21:42:40.000Z,1790545360.000,32.648482572,-117.201083676,3.336,279.83,269.13,270.882,260.182,10.7,-4.164,4.242,6.156,48.998,319.88,-2560,,3,2.876,-18.067
2026-09-27T21:42:41.000Z,1790545361.000,32.648484465,-117.201099784,3,275.363,264.663,271.929,261.229,10.7,-8.263,5.474,6.154,48.278,320.207,-2561,,3,2.455,-18.703
2026-09-27T21:42:42.000Z,1790545362.000,32.648486278,-117.20111648,3.063,281.031,270.331,271.367,260.667,10.7,-8.748,5.641,6.153,49.13,320.498,-2562,,3,2.662,-19.487
2026-09-27T21:42:43.000Z,1790545363.000,32.648488852,-117.201132611,2.77,282.844,272.144,269.989,259.289,10.7,-7.1,4.463,6.152,50.632,320.621,-2563,,3,2.445,-20.225
2026-09-27T21:42:44.000Z,1790545364.000,32.648490936,-117.201147448,2.8,281.266,270.566,271.231,260.531,10.7,-7.633,3.794,6.151,49.531,320.762,-2564,,3,2.429,-20.763
2026-09-27T21:42:45.000Z,1790545365.000,32.648493288,-117.201162108,2.888,274.539,263.839,272.939,262.239,10.7,-8.076,5.025,6.15,47.773,320.712,-2565,,3,2.315,-21.233
2026-09-27T21:42:46.000Z,1790545366.000,32.648495711,-117.201178417,3.075,282.194,271.494,273.426,262.726,10.7,-7.138,3.977,6.149,47.137,320.563,-2566,,3,2.683,-21.87
2026-09-27T21:42:47.000Z,1790545367.000,32.648497943,-117.201196237,3.406,277.911,267.211,272.711,262.011,10.7,-6.994,6.137,6.148,47.723,320.434,-2567,,3,2.83,-22.688
2026-09-27T21:42:48.000Z,1790545368.000,32.648499932,-117.201214355,3.167,279.445,268.745,269.9,259.2,10.7,-8.897,5.033,6.147,50.491,320.391,-2568,,3,2.669,-23.684
2026-09-27T21:42:49.000Z,1790545369.000,32.648503252,-117.201229809,2.7,287.271,276.571,271.811,261.111,10.7,-6.573,6.077,6.146,48.707,320.517,-2569,,3,2.449,-24.099
2026-09-27T21:42:50.000Z,1790545370.000,32.648506321,-117.201243726,2.57,281.783,271.083,270.84,260.14,10.7,-9.421,3.313,6.144,49.823,320.664,-2570,,3,2.213,-24.645
2026-09-27T21:42:51.000Z,1790545371.000,32.648509342,-117.201257631,2.868,284.631,273.931,272.761,262.061,10.7,-8.661,3.761,6.143,48.009,320.77,-2571,,3,2.535,-25
2026-09-27T21:42:52.000Z,1790545372.000,32.648512395,-117.201272407,2.932,283.454,272.754,272.905,262.205,10.7,-7.227,4.937,6.142,47.923,320.828,-2572,,3,2.558,-25.519
2026-09-27T21:42:53.000Z,1790545373.000,32.648514838,-117.201288264,2.925,282.3,271.6,273.863,263.163,10.7,-6.999,4.462,6.141,46.907,320.77,-2573,,3,2.518,-26.097
2026-09-27T21:42:54.000Z,1790545374.000,32.648517311,-117.201305087,3.07,278.429,267.729,273.57,262.87,10.7,-6.721,5.289,6.14,47.078,320.648,-2574,,3,2.524,-26.81
2026-09-27T21:42:55.000Z,1790545375.000,32.64851927,-117.201322631,3.3,277.645,266.945,272.197,261.497,10.7,-8.408,4.132,6.139,48.394,320.592,-2575,,3,2.676,-27.683
2026-09-27T21:42:56.000Z,1790545376.000,32.64852093,-117.201340935,3.341,274.657,263.957,270.105,259.405,10.7,-8.649,5.389,6.138,50.566,320.672,-2576,,3,2.592,-28.67
2026-09-27T21:42:57.000Z,1790545377.000,32.648522709,-117.201356794,2.862,280.502,269.802,269.867,259.167,10.7,-8.419,4.081,6.137,50.846,320.713,-2577,,3,2.385,-29.389
2026-09-27T21:42:58.000Z,1790545378.000,32.648526249,-117.201369946,2.363,287.354,276.654,272.663,261.963,10.7,-5.774,4.351,6.136,48.031,320.693,-2578,,3,2.109,-29.599
2026-09-27T21:42:59.000Z,1790545379.000,32.648529604,-117.201382351,2.367,286.349,275.649,272.867,262.167,10.7,-8.802,4.331,6.134,47.609,320.476,-2579,,3,2.091,-29.957
2026-09-27T21:43:00.000Z,1790545380.000,32.648532735,-117.201396763,2.776,284.126,273.426,272.386,261.686,10.7,-8.414,4.621,6.133,47.775,320.161,-2580,,3,2.394,-30.493
2026-09-27T21:43:01.000Z,1790545381.000,32.648535687,-117.201413608,3.1,279.295,268.595,271.698,260.998,10.7,-6.617,4.685,6.132,48.243,319.942,-2581,,3,2.524,-31.19
2026-09-27T21:43:02.000Z,1790545382.000,32.648537675,-117.201430706,3.069,278.606,267.906,270.531,259.831,10.7,-7.8,5.025,6.131,49.276,319.807,-2582,,3,2.467,-32.02
2026-09-27T21:43:03.000Z,1790545383.000,32.648540733,-117.201446995,3.133,278.938,268.238,270.433,259.734,10.7,-5.467,5.1,6.13,49.264,319.697,-2583,,3,2.522,-32.638
2026-09-27T21:43:04.000Z,1790545384.000,32.648541428,-117.201464079,3.236,270.907,260.207,268.28,257.58,10.7,-8.849,3.749,6.129,51.253,319.532,-2584,,3,2.296,-33.647
2026-09-27T21:43:05.000Z,1790545385.000,32.648542652,-117.201479841,2.7,280.461,269.761,270.5,259.8,10.7,-6.385,5.426,6.128,48.956,319.456,-2585,,3,2.198,-34.25
2026-09-27T21:43:06.000Z,1790545386.000,32.648544604,-117.201493837,2.532,278.18,267.48,271.317,260.616,10.7,-5.944,5.804,6.127,47.715,319.032,-2586,,3,1.995,-34.782
2026-09-27T21:43:07.000Z,1790545387.000,32.648546233,-117.201507995,2.8,274.573,263.873,270.299,259.599,10.7,-9.933,4.431,6.126,48.267,318.566,-2587,,3,2.085,-35.474
2026-09-27T21:43:08.000Z,1790545388.000,32.648549312,-117.201522234,2.838,283.157,272.457,272.314,261.614,10.7,-6.774,3.64,6.124,45.9,318.214,-2588,,3,2.367,-35.836
2026-09-27T21:43:09.000Z,1790545389.000,32.648552184,-117.201537981,2.969,282.326,271.626,271.853,261.153,10.7,-9.107,6.522,6.123,46.169,318.022,-2589,,3,2.444,-36.466
2026-09-27T21:43:10.000Z,1790545390.000,32.648555832,-117.201554161,3.134,285.698,274.998,270.867,260.167,10.7,-7.066,4.2,6.122,47.06,317.927,-2590,,3,2.672,-37.084
2026-09-27T21:43:11.000Z,1790545391.000,32.648559262,-117.201569273,2.738,292.164,281.464,271.875,261.175,10.7,-8.113,5.4,6.121,45.822,317.697,-2591,,3,2.476,-37.53
2026-09-27T21:43:12.000Z,1790545392.000,32.648562312,-117.201585321,2.962,280.562,269.862,270.937,260.237,10.7,-8.562,4.486,6.12,46.468,317.405,-2592,,3,2.361,-38.192
2026-09-27T21:43:13.000Z,1790545393.000,32.648565177,-117.201601747,2.861,280.645,269.945,272.584,261.884,10.7,-5.869,4.561,6.119,44.597,317.181,-2593,,3,2.276,-38.717
2026-09-27T21:43:14.000Z,1790545394.000,32.648567167,-117.201616538,2.733,281.279,270.579,273.067,262.367,10.7,-6.433,4.666,6.118,43.769,316.836,-2594,,3,2.184,-39.31
2026-09-27T21:43:15.000Z,1790545395.000,32.64856916,-117.201631546,3.03,275.525,264.825,274.3,263.6,10.7,-5.481,4.58,6.117,42.156,316.456,-2595,,3,2.217,-39.863
2026-09-27T21:43:16.000Z,1790545396.000,32.648569941,-117.201648189,3.041,273.234,262.534,272.881,262.181,10.7,-7.73,5.532,6.116,43.17,316.051,-2596,,3,2.125,-40.797
2026-09-27T21:43:17.000Z,1790545397.000,32.648572046,-117.20166371,2.764,284.345,273.645,271.568,260.868,10.7,-6.236,4.614,6.114,44.05,315.618,-2597,,3,2.267,-41.541
2026-09-27T21:43:18.000Z,1790545398.000,32.648574299,-117.201677891,2.567,276.635,265.935,271.971,261.271,10.7,-4.429,3.303,6.113,43.201,315.172,-2598,,3,1.882,-42.083
2026-09-27T21:43:19.000Z,1790545399.000,32.648575059,-117.201692212,2.635,277.383,266.683,272.312,261.612,10.7,-8.494,6.259,6.112,42.361,314.672,-2599,,3,1.946,-42.772
2026-09-27T21:43:20.000Z,1790545400.000,32.648576754,-117.201707552,2.759,279.725,269.025,270.859,260.159,10.7,-6.846,3.537,6.111,43.272,314.13,-2600,,3,2.1,-43.552
2026-09-27T21:43:21.000Z,1790545401.000,32.648579746,-117.201722746,2.9,284.757,274.057,271.159,260.459,10.7,-6.568,5.659,6.11,42.355,313.514,-2601,,3,2.356,-44.09
2026-09-27T21:43:22.000Z,1790545402.000,32.648583224,-117.201736769,2.634,287.614,276.914,269.638,258.938,10.7,-7.952,3.776,6.109,43.177,312.815,-2602,,3,2.207,-44.64
2026-09-27T21:43:23.000Z,1790545403.000,32.648586701,-117.201750391,2.625,292.893,282.193,271.651,260.951,10.7,-7.099,6.813,6.108,40.585,312.237,-2603,,3,2.317,-44.934
2026-09-27T21:43:24.000Z,1790545404.000,32.648589747,-117.201765645,2.692,285.345,274.645,268.439,257.739,10.7,-8.053,3.72,6.107,42.985,311.424,-2604,,3,2.179,-45.702
2026-09-27T21:43:25.000Z,1790545405.000,32.648592001,-117.201780472,2.867,275.392,264.692,269.231,258.531,10.7,-6.968,3.964,6.106,41.5,310.731,-2605,,3,1.984,-46.255
2026-09-27T21:43:26.000Z,1790545406.000,32.648593884,-117.201793356,2.423,278.304,267.604,270.959,260.258,10.7,-5.316,6.816,6.104,39.184,310.143,-2606,,3,1.756,-46.673
2026-09-27T21:43:27.000Z,1790545407.000,32.648595748,-117.201805849,2.3,278.886,268.186,272.72,262.02,10.7,-6.576,3.786,6.103,36.715,309.435,-2607,,3,1.677,-47.066
2026-09-27T21:43:28.000Z,1790545408.000,32.648597404,-117.201820137,2.764,278.915,268.215,272.628,261.928,10.7,-6.896,3.943,6.102,35.889,308.517,-2608,,3,2.005,-47.701
2026-09-27T21:43:29.000Z,1790545409.000,32.648598496,-117.201836151,3.17,271.731,261.031,271.709,261.009,10.7,-7.335,5.279,6.101,35.719,307.427,-2609,,3,1.991,-48.538
2026-09-27T21:43:30.000Z,1790545410.000,32.648600093,-117.201851633,2.771,276.86,266.16,270.929,260.229,10.7,-5.936,4.258,6.1,35.328,306.257,-2610,,3,1.913,-49.289
2026-09-27T21:43:31.000Z,1790545411.000,32.64860184,-117.201866832,2.8,277.471,266.771,271.62,260.92,10.7,-6.05,4.58,6.099,33.601,305.221,-2611,,3,1.942,-49.913
2026-09-27T21:43:32.000Z,1790545412.000,32.648603804,-117.201881201,2.532,278.915,268.215,270.632,259.932,10.7,-7.636,4.461,6.098,33.603,304.235,-2612,,3,1.791,-50.585
2026-09-27T21:43:33.000Z,1790545413.000,32.648606162,-117.201895182,2.632,286.886,276.186,274.026,263.326,10.7,-6.144,5.872,6.097,29.112,303.138,-2613,,3,2.094,-50.903
2026-09-27T21:43:34.000Z,1790545414.000,32.648608286,-117.201908013,2.386,278.475,267.775,275.079,264.379,10.7,-8.069,5.217,6.096,26.986,302.065,-2614,,3,1.658,-51.337
2026-09-27T21:43:35.000Z,1790545415.000,32.648611786,-117.201921353,2.7,288.333,277.633,279.306,268.606,10.7,-6.806,3.431,6.094,21.725,301.031,-2615,,3,2.175,-51.446
2026-09-27T21:43:36.000Z,1790545416.000,32.648617096,-117.201933426,2.567,296.916,286.216,284.997,274.297,10.7,-7.167,5.534,6.093,14.797,299.794,-2616,,3,2.27,-51.201
2026-09-27T21:43:37.000Z,1790545417.000,32.648624024,-117.201944452,2.466,306.473,295.773,290.724,280.024,10.7,-6.064,4.3,6.092,8.131,298.855,-2617,,3,2.342,-50.733
2026-09-27T21:43:38.000Z,1790545418.000,32.648630747,-117.20195507,2.262,307.713,297.013,297.323,286.623,10.7,-8.772,5.138,6.091,0.629,297.952,-2618,,3,2.163,-50.179
2026-09-27T21:43:39.000Z,1790545419.000,32.6486384,-117.2019644,2.331,326.306,315.606,303.331,292.631,10.7,-7.475,4.869,6.09,-6.453,296.878,-2619,,3,2.33,-49.51
2026-09-27T21:43:40.000Z,1790545420.000,32.648646171,-117.201972139,2.1,315.82,305.12,311.63,300.93,10.7,-5.806,2.999,6.089,-15.647,295.983,-2620,,3,2.076,-48.557
2026-09-27T21:43:41.000Z,1790545421.000,32.648653604,-117.201979741,2.375,319.426,308.726,318.788,308.088,10.7,-5.563,4.01,6.088,-23.789,295,-2621,,3,2.366,-47.727
2026-09-27T21:43:42.000Z,1790545422.000,32.648662144,-117.201986058,2.2,331.706,321.006,325.572,314.871,10.7,-6.258,4.414,6.087,-31.741,293.83,-2622,,3,2.18,-46.772
2026-09-27T21:43:43.000Z,1790545423.000,32.64867164,-117.201987469,2.1,357.36,346.66,342.271,331.571,10.7,0.328,5.017,6.086,-49.587,292.685,-2623,,3,1.74,-44.805
2026-09-27T21:43:44.000Z,1790545424.000,32.648681091,-117.201988999,2.037,353.257,342.557,345.313,334.613,10.7,-8.387,4.697,6.084,-53.708,291.605,-2624,,3,1.759,-43.838
2026-09-27T21:43:45.000Z,1790545425.000,32.648690824,-117.201987674,2.152,9.22,358.52,356.502,345.802,10.7,-0.659,3.622,6.083,-65.976,290.526,-2625,,3,1.472,-42.248
2026-09-27T21:43:46.000Z,1790545426.000,32.648700608,-117.201983343,2.4,22.853,12.153,6.546,355.846,10.7,11.457,4.087,6.082,-77.054,289.492,-2626,,3,1.16,-40.671
2026-09-27T21:43:47.000Z,1790545427.000,32.648710203,-117.201977197,2.233,30.236,19.536,8.536,357.836,10.7,6.47,5.869,6.081,-80.054,288.482,-2627,,3,0.802,-39.392
2026-09-27T21:43:48.000Z,1790545428.000,32.64871943,-117.201969654,2.685,34.737,24.037,14.108,3.408,10.7,4.5,3.623,6.08,-86.675,287.432,-2628,,3,0.738,-37.961
2026-09-27T21:43:49.000Z,1790545429.000,32.648727553,-117.201959355,2.47,51.791,41.091,19.826,9.126,10.7,8.343,5.868,6.079,-93.389,286.437,-2629,,3,-0.074,-36.518
2026-09-27T21:43:50.000Z,1790545430.000,32.648734385,-117.201949243,2.064,48.518,37.818,26.164,15.464,10.7,6.428,4.007,6.078,-100.747,285.417,-2630,,3,0.036,-35.236
2026-09-27T21:43:51.000Z,1790545431.000,32.648740756,-117.201941478,1.834,44.5,33.8,29.371,18.671,10.7,5.403,5.973,6.077,-105.056,284.315,-2631,,3,0.146,-34.202
2026-09-27T21:43:52.000Z,1790545432.000,32.648746945,-117.201935717,1.562,36.097,25.397,30.224,19.524,10.7,5.448,5.262,6.076,-107.135,283.089,-2632,,3,0.342,-33.321
2026-09-27T21:43:53.000Z,1790545433.000,32.648753165,-117.201930411,1.631,29.621,18.921,29.562,18.862,10.7,7.617,4.086,6.074,-107.492,282.07,-2633,,3,0.525,-32.475
2026-09-27T21:43:54.000Z,1790545434.000,32.648758973,-117.201924224,1.565,44.601,33.901,33.776,23.076,10.7,12.776,5.263,6.073,-112.702,281.074,-2634,,3,0.094,-31.589
2026-09-27T21:43:55.000Z,1790545435.000,32.648765565,-117.201918373,1.862,36.069,25.369,28.133,17.433,10.7,5.771,4.733,6.072,-108.099,280.034,-2635,,3,0.377,-30.711
2026-09-27T21:43:56.000Z,1790545436.000,32.648771542,-117.20191085,1.876,50.887,40.187,31.247,20.547,10.7,7.406,4.344,6.071,-112.321,278.927,-2636,,3,-0.116,-29.735
2026-09-27T21:43:57.000Z,1790545437.000,32.648778367,-117.201901888,2.238,46.431,35.731,30.038,19.338,10.7,6.907,5.014,6.07,-112.242,277.796,-2637,,3,0.018,-28.638
2026-09-27T21:43:58.000Z,1790545438.000,32.648785597,-117.20189177,2.3,52.673,41.973,32.732,22.032,10.7,8.169,5.401,6.069,-116.022,276.71,-2638,,3,-0.252,-27.417
2026-09-27T21:43:59.000Z,1790545439.000,32.648792638,-117.201881782,2.364,52.351,41.651,32.08,21.38,10.7,5.493,6.171,6.068,-116.374,275.706,-2639,,3,-0.265,-26.239
2026-09-27T21:44:00.000Z,1790545440.000,32.648799472,-117.201871481,2.2,48.475,37.775,32.992,22.292,10.7,5.675,4.533,6.067,-118.248,274.744,-2640,,3,-0.117,-25.056
2026-09-27T21:44:01.000Z,1790545441.000,32.648806085,-117.201861839,2.232,50.117,39.417,33.708,23.008,10.7,4.372,4.7,6.066,-119.951,273.757,-2641,,3,-0.2,-23.93
2026-09-27T21:44:02.000Z,1790545442.000,32.648811856,-117.201852947,2.066,47.597,36.897,36.576,25.876,10.7,4.976,5.066,6.064,-123.827,272.749,-2642,,3,-0.11,-22.922
2026-09-27T21:44:03.000Z,1790545443.000,32.648818614,-117.201845761,2,38.21,27.51,35.712,25.012,10.7,3.563,3.487,6.063,-123.963,271.749,-2643,,3,0.208,-21.918
2026-09-27T21:44:04.000Z,1790545444.000,32.648824882,-117.201838018,1.87,43.185,32.485,37.219,26.519,10.7,7.8,3.709,6.062,-126.542,270.678,-2644,,3,0.019,-20.931
2026-09-27T21:44:05.000Z,1790545445.000,32.648831576,-117.201831157,1.9,40.033,29.333,34.035,23.335,10.7,5.702,5.433,6.061,-124.482,269.552,-2645,,3,0.112,-19.952
2026-09-27T21:44:06.000Z,1790545446.000,32.648837886,-117.201824527,1.762,40.683,29.983,31.151,20.451,10.7,3.139,4.274,6.06,-122.667,268.484,-2646,,3,0.073,-19.033
2026-09-27T21:44:07.000Z,1790545447.000,32.648844775,-117.201816553,2.172,44.368,33.668,29.583,18.883,10.7,5.43,4.17,6.059,-122.02,267.563,-2647,,3,-0.065,-17.987
2026-09-27T21:44:08.000Z,1790545448.000,32.648851889,-117.201806964,2.368,49.532,38.832,29.731,19.031,10.7,7.189,4.21,6.058,-123.238,266.493,-2648,,3,-0.303,-16.82
2026-09-27T21:44:09.000Z,1790545449.000,32.648859564,-117.201797736,2.3,40.959,30.259,25.167,14.467,10.7,2.633,3.968,6.057,-119.729,265.438,-2649,,3,0.031,-15.675
2026-09-27T21:44:10.000Z,1790545450.000,32.648866297,-117.20178851,2.1,45.884,35.184,26.964,16.264,10.7,4.513,4.42,6.056,-122.579,264.385,-2650,,3,-0.168,-14.54
2026-09-27T21:44:11.000Z,1790545451.000,32.648873861,-117.20178071,2.1,37.533,26.833,26.046,15.346,10.7,4.42,4.524,6.054,-122.685,263.361,-2651,,3,0.122,-13.442
2026-09-27T21:44:12.000Z,1790545452.000,32.6488814,-117.2017733,2.233,38.733,28.033,23.9,13.2,10.7,5.033,3.667,6.053,-121.594,262.306,-2652,,3,0.067,-12.389
2026-09-27T21:44:13.000Z,1790545453.000,32.64888898,-117.201765489,2.331,42.808,32.108,23.657,12.957,10.7,6.204,5.357,6.052,-122.514,261.143,-2653,,3,-0.114,-11.282
2026-09-27T21:44:14.000Z,1790545454.000,32.648898336,-117.201758258,2.438,30.4,19.7,23.458,12.758,10.7,5.082,3.524,6.051,-123.467,259.991,-2654,,3,0.387,-10.046
2026-09-27T21:44:15.000Z,1790545455.000,32.648908513,-117.201752613,2.463,21.783,11.083,23.437,12.738,10.7,5.306,5.887,6.05,-124.536,258.901,-2655,,3,0.731,-8.818
2026-09-27T21:44:16.000Z,1790545456.000,32.64891827,-117.201748132,2.233,22.605,11.905,21.165,10.465,10.7,6.165,4.834,6.049,-123.336,257.829,-2656,,3,0.617,-7.734
2026-09-27T21:44:17.000Z,1790545457.000,32.648927657,-117.201742464,2.271,30.543,19.843,16.407,5.707,10.7,6.443,3.1,6.048,-119.66,256.747,-2657,,3,0.304,-6.688
2026-09-27T21:44:18.000Z,1790545458.000,32.648936955,-117.201735084,2.5,34.041,23.341,17.072,6.372,10.7,4.963,3.312,6.047,-121.43,255.642,-2658,,3,0.161,-5.428
2026-09-27T21:44:19.000Z,1790545459.000,32.648945557,-117.201727247,2.3,37.787,27.087,17.228,6.528,10.7,3.132,5.268,6.046,-122.612,254.616,-2659,,3,-0.021,-4.219
2026-09-27T21:44:20.000Z,1790545460.000,32.648952792,-117.201720208,1.768,44.26,33.56,17.408,6.708,10.7,3.964,4.036,6.044,-123.859,253.549,-2660,,3,-0.228,-3.177
2026-09-27T21:44:21.000Z,1790545461.000,32.648959026,-117.201714449,1.525,40.251,29.551,18.45,7.75,10.7,5.476,4.524,6.043,-125.824,252.627,-2661,,3,-0.1,-2.273
2026-09-27T21:44:22.000Z,1790545462.000,32.648964458,-117.201708942,1.538,45.511,34.811,18.417,7.717,10.7,5.845,5.921,6.042,-126.863,251.554,-2662,,3,-0.249,-1.483
2026-09-27T21:44:23.000Z,1790545463.000,32.648970808,-117.201705231,1.734,16.452,5.752,19.427,8.727,10.7,2.695,4.166,6.041,-129.032,250.395,-2663,,3,0.576,-0.683
2026-09-27T21:44:24.000Z,1790545464.000,32.64897809,-117.201702205,1.8,21.348,10.648,17.767,7.067,10.7,4.7,4.543,6.04,-128.849,248.918,-2664,,3,0.442,0.101
2026-09-27T21:44:25.000Z,1790545465.000,32.648986913,-117.201697152,2.441,23.74,13.04,19.159,8.459,10.7,8.312,4.765,6.039,-131.188,247.971,-2665,,3,0.482,1.208
2026-09-27T21:44:26.000Z,1790545466.000,32.64899734,-117.201690328,2.733,30.721,20.021,19.17,8.47,10.7,5.768,5.101,6.038,-132.142,247.028,-2666,,3,0.185,2.522
2026-09-27T21:44:27.000Z,1790545467.000,32.649008367,-117.201682433,2.9,30.867,20.167,18.2,7.5,10.7,5.267,5,6.037,-131.992,246.208,-2667,,3,0.16,3.927
2026-09-27T21:44:28.000Z,1790545468.000,32.649019249,-117.201674672,2.8,30.535,19.835,15.25,4.55,10.7,4.979,4.15,6.036,-129.806,245.444,-2668,,3,0.145,5.256
2026-09-27T21:44:29.000Z,1790545469.000,32.6490299,-117.20166692,2.76,29.88,19.18,16.08,5.38,10.7,6.62,4.26,6.034,-131.338,244.742,-2669,,3,0.148,6.664
2026-09-27T21:44:30.000Z,1790545470.000,32.649038856,-117.20166122,2.032,22.262,11.562,14.812,4.112,10.7,5.432,6.636,6.033,-130.87,243.942,-2670,,3,0.361,7.75
2026-09-27T21:44:31.000Z,1790545471.000,32.649047082,-117.201657275,2.028,19.409,8.709,10.069,359.369,10.7,5.294,3.391,6.032,-127.153,242.915,-2671,,3,0.448,8.557
2026-09-27T21:44:32.000Z,1790545472.000,32.649055734,-117.201652853,1.975,32.843,22.143,10.066,359.366,10.7,6.694,6.351,6.031,-128.054,242.013,-2672,,3,-0.037,9.578
2026-09-27T21:44:33.000Z,1790545473.000,32.64906397,-117.201648515,1.792,20.73,10.03,10.892,0.192,10.7,4.969,5.27,6.03,-129.544,241.348,-2673,,3,0.33,10.59
2026-09-27T21:44:34.000Z,1790545474.000,32.649071572,-117.201645364,1.868,23.966,13.266,8.871,358.171,10.7,3.407,3.468,6.029,-128.256,240.616,-2674,,3,0.229,11.378
2026-09-27T21:44:35.000Z,1790545475.000,32.649079485,-117.201641253,1.972,21.845,11.145,8.036,357.336,10.7,5.1,4.445,6.028,-128.183,239.853,-2675,,3,0.302,12.286
2026-09-27T21:44:36.000Z,1790545476.000,32.649088786,-117.201636707,2.239,21.387,10.687,10.469,359.769,10.7,5.299,5.785,6.027,-131.176,239.294,-2676,,3,0.342,13.463
2026-09-27T21:44:37.000Z,1790545477.000,32.64909957,-117.201631698,2.6,24.507,13.807,6.931,356.231,10.7,4.799,3.934,6.026,-128.071,238.861,-2677,,3,0.236,14.581
2026-09-27T21:44:38.000Z,1790545478.000,32.649110817,-117.201624495,2.935,25.283,14.583,12.253,1.553,10.7,7.836,4.212,6.024,-133.776,238.477,-2678,,3,0.194,16.179
2026-09-27T21:44:39.000Z,1790545479.000,32.649123158,-117.20161799,2.9,27.774,17.074,9.409,358.709,10.7,6.425,5.162,6.023,-131.401,238.008,-2679,,3,0.037,17.553
2026-09-27T21:44:40.000Z,1790545480.000,32.649135311,-117.201611416,2.663,20.663,9.963,11.316,0.616,10.7,6.153,4.968,6.022,-133.617,237.699,-2680,,3,0.335,19.076
2026-09-27T21:44:41.000Z,1790545481.000,32.649146967,-117.201607267,2.4,16.468,5.768,9.7,359,10.7,5.7,4.333,6.021,-132.262,237.438,-2681,,3,0.454,20.301
2026-09-27T21:44:42.000Z,1790545482.000,32.649157733,-117.201603051,2.405,20.615,9.915,8.241,357.541,10.7,7.184,4.6,6.02,-130.993,237.248,-2682,,3,0.262,21.449
2026-09-27T21:44:43.000Z,1790545483.000,32.649167423,-117.201598043,2.17,20.618,9.918,10.275,359.575,10.7,7.318,3.97,6.019,-133.076,237.199,-2683,,3,0.218,22.673
2026-09-27T21:44:44.000Z,1790545484.000,32.649175962,-117.201594658,1.968,13.486,2.786,9.48,358.78,10.7,4.327,4.916,6.018,-132.211,237.269,-2684,,3,0.426,23.602
2026-09-27T21:44:45.000Z,1790545485.000,32.64918283,-117.201591103,1.501,30.699,19.999,9.964,359.264,10.7,3.935,4.432,6.017,-132.649,237.316,-2685,,3,-0.132,24.434
2026-09-27T21:44:46.000Z,1790545486.000,32.649187883,-117.201585955,1.486,41.124,30.424,14.1,3.4,10.7,6.09,4.365,6.016,-136.77,237.33,-2686,,3,-0.405,25.305
2026-09-27T21:44:47.000Z,1790545487.000,32.649192491,-117.201580939,1.369,42.923,32.223,13.216,2.516,10.7,3.809,4.485,6.014,-135.919,237.297,-2687,,3,-0.42,25.968
2026-09-27T21:44:48.000Z,1790545488.000,32.649198853,-117.201575676,1.932,28.81,18.11,13.505,2.805,10.7,4.5,3.763,6.013,-136.338,237.167,-2688,,3,-0.138,26.839
2026-09-27T21:44:49.000Z,1790545489.000,32.649206954,-117.201570132,2.286,31.679,20.979,12.53,1.83,10.7,6.106,4.442,6.012,-135.414,237.116,-2689,,3,-0.293,27.843
2026-09-27T21:44:50.000Z,1790545490.000,32.649215604,-117.201563992,2.058,28.27,17.57,14.721,4.021,10.7,7.488,4.8,6.011,-137.698,237.023,-2690,,3,-0.159,29.027
2026-09-27T21:44:51.000Z,1790545491.000,32.649226416,-117.201559761,2.667,13.388,2.688,12.659,1.959,10.7,4.524,3.102,6.01,-135.459,237.2,-2691,,3,0.461,30.172
2026-09-27T21:44:52.000Z,1790545492.000,32.64923939,-117.201555669,3.1,13.805,3.105,13.005,2.305,10.7,7.269,3.935,6.009,-135.533,237.472,-2692,,3,0.482,31.579
2026-09-27T21:44:53.000Z,1790545493.000,32.649253819,-117.201550984,3.363,19.9,9.2,9.7,359,10.7,7.925,4.751,6.008,-132.21,237.49,-2693,,3,0.129,33.029
2026-09-27T21:44:54.000Z,1790545494.000,32.649268034,-117.201543172,3.259,27.219,16.519,12.329,1.629,10.7,9.388,4.794,6.007,-134.592,237.738,-2694,,3,-0.331,34.829
2026-09-27T21:44:55.000Z,1790545495.000,32.649281396,-117.201536236,3.001,27.994,17.294,8.765,358.065,10.7,5.698,3.731,6.006,-130.888,237.877,-2695,,3,-0.378,36.293
2026-09-27T21:44:56.000Z,1790545496.000,32.64929271,-117.201529164,2.723,25.099,14.399,9.348,358.648,10.7,3.645,3.4,6.004,-131.369,237.979,-2696,,3,-0.233,37.722
2026-09-27T21:44:57.000Z,1790545497.000,32.649302904,-117.20152265,2.158,30.083,19.383,11.059,0.359,10.7,6.038,4.279,6.003,-132.976,238.083,-2697,,3,-0.391,39.057
2026-09-27T21:44:58.000Z,1790545498.000,32.649310474,-117.201516457,1.728,43.186,32.486,13.563,2.863,10.7,5.728,3.657,6.002,-135.37,238.193,-2698,,3,-0.701,40.161
2026-09-27T21:44:59.000Z,1790545499.000,32.649316954,-117.201510875,1.634,28.896,18.196,14.134,3.434,10.7,5.963,5.34,6.001,-135.827,238.307,-2699,,3,-0.283,41.068
2026-09-27T21:45:00.000Z,1790545500.000,32.649322643,-117.201506467,1.376,28.519,17.819,16.933,6.233,10.7,3.938,4.733,6,-138.52,238.413,-2700,,3,-0.237,41.9
2026-09-27T21:45:01.000Z,1790545501.000,32.649329103,-117.201502644,1.569,26.526,15.826,18.125,7.425,10.7,4.503,3.569,5.999,-139.612,238.513,-2701,,3,-0.225,42.723
2026-09-27T21:45:02.000Z,1790545502.000,32.649338137,-117.201499298,2.367,18.047,7.347,12.399,1.699,10.7,5.834,4.099,5.998,-133.789,238.61,-2702,,3,-0.007,43.561
2026-09-27T21:45:03.000Z,1790545503.000,32.64934847,-117.201493228,2.6,26.825,16.125,17.021,6.321,10.7,9.16,3.749,5.997,-138.316,238.705,-2703,,3,-0.427,44.959
2026-09-27T21:45:04.000Z,1790545504.000,32.649360514,-117.201487231,3.1,19.074,8.374,15.827,5.127,10.7,4.279,4.845,5.996,-137.014,238.813,-2704,,3,-0.123,46.343
2026-09-27T21:45:05.000Z,1790545505.000,32.649372978,-117.201481084,2.668,19.337,8.637,14.895,4.195,10.7,5.437,4.805,5.994,-135.98,238.914,-2705,,3,-0.146,47.779
2026-09-27T21:45:06.000Z,1790545506.000,32.649386042,-117.201474729,3.101,23.83,13.13,13.333,2.633,10.7,7.904,4.768,5.993,-134.329,239.004,-2706,,3,-0.445,49.26
2026-09-27T21:45:07.000Z,1790545507.000,32.649399083,-117.201467464,3.071,26.864,16.164,12.588,1.888,10.7,8.047,3.558,5.992,-133.551,239.037,-2707,,3,-0.634,50.812
2026-09-27T21:45:08.000Z,1790545508.000,32.64941106,-117.201459957,2.591,34.498,23.798,13.551,2.851,10.7,7.091,5.861,5.991,-134.788,238.764,-2708,,3,-0.892,52.334
2026-09-27T21:45:09.000Z,1790545509.000,32.649420436,-117.201453998,2.1,24.335,13.635,15.099,4.399,10.7,4.764,4.937,5.99,-136.328,238.771,-2709,,3,-0.38,53.552
2026-09-27T21:45:10.000Z,1790545510.000,32.649428035,-117.201450053,1.929,25.741,15.041,12.17,1.47,10.7,4.588,4.959,5.989,-133.445,238.725,-2710,,3,-0.407,54.365
2026-09-27T21:45:11.000Z,1790545511.000,32.649434976,-117.201445362,1.563,29.002,18.302,14.125,3.425,10.7,8.512,4.925,5.988,-135.532,238.593,-2711,,3,-0.425,55.309
2026-09-27T21:45:12.000Z,1790545512.000,32.649443128,-117.201442764,1.964,9.882,359.182,11.049,0.349,10.7,6.218,4.3,5.987,-132.555,238.494,-2712,,3,0.102,56.09
2026-09-27T21:45:13.000Z,1790545513.000,32.649452263,-117.201440135,2.099,17.144,6.444,10.599,359.899,10.7,5.597,5.635,5.986,-132.009,238.59,-2713,,3,-0.172,57.044
2026-09-27T21:45:14.000Z,1790545514.000,32.649461557,-117.201435793,2.164,23.565,12.865,9.657,358.957,10.7,6.843,3.55,5.984,-130.801,238.856,-2714,,3,-0.434,58.088
2026-09-27T21:45:15.000Z,1790545515.000,32.649472341,-117.201430299,2.63,22.588,11.888,6.19,355.49,10.7,4.35,4.47,5.983,-126.956,239.234,-2715,,3,-0.505,59.232
2026-09-27T21:45:16.000Z,1790545516.000,32.649484247,-117.201423827,2.967,22.317,11.617,7.3,356.6,10.7,5.075,4.237,5.982,-127.647,239.653,-2716,,3,-0.585,60.705
2026-09-27T21:45:17.000Z,1790545517.000,32.649496376,-117.201417478,2.9,19.978,9.278,12.008,1.308,10.7,6.257,4.937,5.981,-131.953,240.054,-2717,,3,-0.484,62.313
2026-09-27T21:45:18.000Z,1790545518.000,32.649509101,-117.201413137,2.975,13.351,2.651,5.5,354.8,10.7,3.15,4.3,5.98,-125.03,240.47,-2718,,3,-0.184,63.463
2026-09-27T21:45:19.000Z,1790545519.000,32.649521305,-117.201406562,2.821,24.2,13.5,14.23,3.53,10.7,11.081,3.851,5.979,-133.307,240.924,-2719,,3,-0.728,65.232
2026-09-27T21:45:20.000Z,1790545520.000,32.649533074,-117.20140083,2.766,20.032,9.332,12.871,2.171,10.7,6.765,5.664,5.978,-131.435,241.436,-2720,,3,-0.543,66.567
2026-09-27T21:45:21.000Z,1790545521.000,32.649543307,-117.201396008,2.277,19.271,8.571,16.015,5.315,10.7,5.131,6.146,5.977,-134.116,241.899,-2721,,3,-0.435,67.847
2026-09-27T21:45:22.000Z,1790545522.000,32.649553208,-117.201391419,2.087,25.271,14.571,15.405,4.705,10.7,6.234,4.252,5.976,-133.021,242.384,-2722,,3,-0.626,68.975
2026-09-27T21:45:23.000Z,1790545523.000,32.649563255,-117.201385461,2.529,25.813,15.113,14.952,4.252,10.7,7.342,5.187,5.974,-132.038,242.913,-2723,,3,-0.801,70.196
2026-09-27T21:45:24.000Z,1790545524.000,32.649574648,-117.201378004,3.029,29.026,18.326,14.455,3.755,10.7,5.623,5.219,5.973,-131.086,243.369,-2724,,3,-1.144,71.618
2026-09-27T21:45:25.000Z,1790545525.000,32.649585784,-117.201369794,2.9,32.9,22.2,16.043,5.343,10.7,4.574,4.489,5.972,-132.218,243.826,-2725,,3,-1.297,73.117
2026-09-27T21:45:26.000Z,1790545526.000,32.649596341,-117.201361402,2.6,36.476,25.776,18.935,8.235,10.7,5.423,5.537,5.971,-134.638,244.297,-2726,,3,-1.324,74.602
2026-09-27T21:45:27.000Z,1790545527.000,32.649606819,-117.201354044,2.5,33.204,22.504,16.808,6.108,10.7,5.302,3.702,5.97,-131.885,244.923,-2727,,3,-1.167,75.898
2026-09-27T21:45:28.000Z,1790545528.000,32.649616346,-117.201346508,2.4,32.602,21.902,19.319,8.619,10.7,6.909,4.464,5.969,-133.612,245.707,-2728,,3,-1.113,77.231
2026-09-27T21:45:29.000Z,1790545529.000,32.649625969,-117.201340123,2.4,26.731,16.031,18.723,8.023,10.7,6.262,5.069,5.968,-132.344,246.379,-2729,,3,-0.906,78.436
2026-09-27T21:45:30.000Z,1790545530.000,32.649635375,-117.201334995,2.1,21.279,10.579,20.034,9.334,10.7,6.436,4.505,5.967,-133.043,246.991,-2730,,3,-0.618,79.595
2026-09-27T21:45:31.000Z,1790545531.000,32.649643812,-117.201330188,1.939,32.313,21.613,17.442,6.742,10.7,5.912,5.3,5.966,-129.679,247.763,-2731,,3,-0.926,80.559
2026-09-27T21:45:32.000Z,1790545532.000,32.649652067,-117.201324124,2.284,26.045,15.345,15.771,5.071,10.7,6.047,3.531,5.964,-127.248,248.523,-2732,,3,-0.879,81.591
2026-09-27T21:45:33.000Z,1790545533.000,32.649662639,-117.201317812,2.578,26.261,15.561,13.617,2.917,10.7,6.822,3.79,5.963,-124.615,249.002,-2733,,3,-1.02,82.829
2026-09-27T21:45:34.000Z,1790545534.000,32.649674593,-117.201311523,2.8,23.789,13.089,13.248,2.548,10.7,5.942,4.774,5.962,-123.833,249.414,-2734,,3,-1.019,84.241
2026-09-27T21:45:35.000Z,1790545535.000,32.649686505,-117.201306425,2.608,17.794,7.094,13.383,2.683,10.7,6.05,5.547,5.961,-123.682,249.701,-2735,,3,-0.712,85.601
2026-09-27T21:45:36.000Z,1790545536.000,32.64969897,-117.201302635,2.7,15.096,4.396,6.196,355.495,10.7,5.798,3.828,5.96,-116.283,249.913,-2736,,3,-0.64,86.68
2026-09-27T21:45:37.000Z,1790545537.000,32.649712936,-117.201296463,3.2,20.705,10.005,4.955,354.255,10.7,7.978,3.9,5.959,-114.763,250.193,-2737,,3,-1.089,88.229
2026-09-27T21:45:38.000Z,1790545538.000,32.64972781,-117.201288528,3.701,24.731,14.031,3.7,353,10.7,8.267,3.635,5.958,-113.211,250.489,-2738,,3,-1.537,89.954
2026-09-27T21:45:39.000Z,1790545539.000,32.649742048,-117.201281074,3.434,20.333,9.633,6.226,355.526,10.7,6.972,5.066,5.957,-115.518,250.708,-2739,,3,-1.215,91.752
2026-09-27T21:45:40.000Z,1790545540.000,32.649753749,-117.201277032,2.4,14.847,4.147,2.465,351.765,10.7,3.981,4.807,5.956,-111.54,250.925,-2740,,3,-0.65,92.871
2026-09-27T21:45:41.000Z,1790545541.000,32.649763968,-117.201276637,2.031,356.399,345.699,356.031,345.331,10.7,5.318,4.675,5.954,-104.878,251.153,-2741,,3,0.082,93.508
2026-09-27T21:45:42.000Z,1790545542.000,32.649772306,-117.201279069,1.967,339.745,329.045,349.833,339.133,10.7,6.103,4.302,5.953,-98.45,251.383,-2742,,3,0.629,93.789
2026-09-27T21:45:43.000Z,1790545543.000,32.649781115,-117.201282996,2.1,337.857,327.157,343.404,332.704,10.7,6.272,4.448,5.952,-91.793,251.611,-2743,,3,0.725,93.978
2026-09-27T21:45:44.000Z,1790545544.000,32.649790375,-117.201288079,2.4,333.412,322.712,335.425,324.725,10.7,6.633,4.554,5.951,-83.568,251.856,-2744,,3,0.989,94.001
2026-09-27T21:45:45.000Z,1790545545.000,32.64979979,-117.201292779,2.164,338.839,328.139,325.985,315.285,10.7,5.932,3.443,5.95,-73.876,252.109,-2745,,3,0.692,93.903
2026-09-27T21:45:46.000Z,1790545546.000,32.649808161,-117.201301393,2.734,310.049,299.349,312.784,302.084,10.7,1.073,2.201,5.949,-60.462,252.322,-2746,,3,2.009,93.152
2026-09-27T21:45:47.000Z,1790545547.000,32.649817089,-117.201308909,2.236,333.225,322.525,303.207,292.507,10.7,0.722,7.258,5.948,-50.674,252.533,-2747,,3,0.908,92.775
2026-09-27T21:45:48.000Z,1790545548.000,32.649826365,-117.20131321,1.758,333.043,322.343,292.864,282.164,10.7,-0.039,3.758,5.947,-40.101,252.763,-2748,,3,0.716,92.548
2026-09-27T21:45:49.000Z,1790545549.000,32.649831714,-117.201319187,1.568,305.305,294.605,283.299,272.599,10.7,-11.451,2.505,5.946,-30.341,252.958,-2749,,3,1.232,91.967
2026-09-27T21:45:50.000Z,1790545550.000,32.649835295,-117.201328846,2.198,285.39,274.691,275.851,265.151,10.7,-10.234,4.532,5.944,-22.676,253.175,-2750,,3,2.087,91.222
2026-09-27T21:45:51.000Z,1790545551.000,32.649836564,-117.201341591,2.436,273.536,262.836,270.321,259.621,10.7,-8.264,4.477,5.943,-16.919,253.402,-2751,,3,2.421,90.264
2026-09-27T21:45:52.000Z,1790545552.000,32.64983617,-117.201355051,2.29,273.701,263.001,267.2,256.5,10.7,-6.259,5.69,5.942,-13.602,253.598,-2752,,3,2.276,89.292
2026-09-27T21:45:53.000Z,1790545553.000,32.649835128,-117.201366193,1.832,256.752,246.052,261.128,250.428,10.7,-10.385,4.785,5.941,-7.324,253.804,-2753,,3,1.799,88.221
2026-09-27T21:45:54.000Z,1790545554.000,32.64983417,-117.201374556,1.598,251.361,240.661,260.106,249.406,10.7,-11.264,3.506,5.94,-6.099,254.007,-2754,,3,1.534,87.621
2026-09-27T21:45:55.000Z,1790545555.000,32.649832977,-117.201381687,1.223,260.002,249.302,258.038,247.338,10.7,-11.232,4.223,5.939,-3.821,254.217,-2755,,3,1.212,87.008
2026-09-27T21:45:56.000Z,1790545556.000,32.649832129,-117.201391211,1.9,265.597,254.897,256.029,245.329,10.7,-11.958,4.564,5.938,-1.588,254.441,-2756,,3,1.899,86.305
2026-09-27T21:45:57.000Z,1790545557.000,32.649831228,-117.201402532,2.172,260.53,249.83,254.928,244.228,10.7,-11.228,4.792,5.937,-0.254,254.674,-2757,,3,2.154,85.549
2026-09-27T21:45:58.000Z,1790545558.000,32.64982917,-117.201415182,2.4,255.316,244.616,252.434,241.734,10.7,-13.332,4.034,5.936,2.475,254.909,-2758,,3,2.341,84.549
2026-09-27T21:45:59.000Z,1790545559.000,32.649826913,-117.201428557,2.375,258.738,248.038,251.049,240.349,10.7,-12.789,5.509,5.934,4.085,255.134,-2759,,3,2.343,83.55
2026-09-27T21:46:00.000Z,1790545560.000,32.649824619,-117.201441314,2.19,258.128,247.428,250.19,239.49,10.7,-11.351,3.79,5.933,5.167,255.356,-2760,,3,2.155,82.607
2026-09-27T21:46:01.000Z,1790545561.000,32.649822564,-117.201451024,1.668,259.237,248.537,250.912,240.212,10.7,-12.592,5.448,5.932,4.67,255.582,-2761,,3,1.647,81.926
2026-09-27T21:46:02.000Z,1790545562.000,32.64982167,-117.201459673,1.635,260.45,249.75,252.218,241.518,10.7,-11.196,1.553,5.931,3.578,255.796,-2762,,3,1.619,81.436
2026-09-27T21:46:03.000Z,1790545563.000,32.649819791,-117.20146815,1.6,251.785,241.085,251.485,240.785,10.7,-11.515,6.509,5.93,4.513,255.998,-2763,,3,1.533,80.769
2026-09-27T21:46:04.000Z,1790545564.000,32.649817756,-117.201477006,1.638,255.768,245.068,249.731,239.031,10.7,-10.788,3.6,5.929,6.503,256.234,-2764,,3,1.597,80.021
2026-09-27T21:46:05.000Z,1790545565.000,32.649816266,-117.201486673,1.733,264.587,253.887,249.433,238.733,10.7,-11.168,4.572,5.928,7.047,256.48,-2765,,3,1.729,79.345
2026-09-27T21:46:06.000Z,1790545566.000,32.649815375,-117.201497178,1.937,259.096,248.396,247.523,236.823,10.7,-10.977,3.374,5.927,9.178,256.701,-2766,,3,1.91,78.609
2026-09-27T21:46:07.000Z,1790545567.000,32.649813715,-117.201508083,2.2,260.477,249.777,248.715,238.015,10.7,-11.2,3.95,5.926,8.213,256.928,-2767,,3,2.177,77.916
2026-09-27T21:46:08.000Z,1790545568.000,32.649812296,-117.201519797,2.236,260.464,249.764,246.164,235.464,10.7,-10.615,5.675,5.924,10.979,257.143,-2768,,3,2.211,77.04
2026-09-27T21:46:09.000Z,1790545569.000,32.649810273,-117.20153118,2.1,253.475,242.775,244.239,233.539,10.7,-9.066,3.537,5.923,13.128,257.367,-2769,,3,2.022,76.16
2026-09-27T21:46:10.000Z,1790545570.000,32.649806994,-117.201542665,2.137,240.919,230.219,242.374,231.674,10.7,-10.379,5.132,5.922,15.209,257.582,-2770,,3,1.879,75.167
2026-09-27T21:46:11.000Z,1790545571.000,32.649802671,-117.201553368,1.97,243.896,233.196,241.29,230.59,10.7,-8.921,4.19,5.921,16.512,257.803,-2771,,3,1.775,74.154
2026-09-27T21:46:12.000Z,1790545572.000,32.649798816,-117.201562967,1.937,242.065,231.365,241.568,230.868,10.7,-7.537,3.521,5.92,16.459,258.027,-2772,,3,1.715,73.292
2026-09-27T21:46:13.000Z,1790545573.000,32.649793776,-117.201574246,2.5,241.622,230.922,243.227,232.527,10.7,-9.734,5.195,5.919,15.024,258.251,-2773,,3,2.2,72.282
2026-09-27T21:46:14.000Z,1790545574.000,32.649789284,-117.201587804,2.671,248.6,237.9,242.849,232.149,10.7,-9.593,3.236,5.918,15.63,258.479,-2774,,3,2.483,71.123
2026-09-27T21:46:15.000Z,1790545575.000,32.649786589,-117.201599304,1.94,258.26,247.56,242.2,231.5,10.7,-9.411,6.849,5.917,16.508,258.708,-2775,,3,1.897,70.229
2026-09-27T21:46:16.000Z,1790545576.000,32.649784596,-117.201609161,1.728,254.379,243.679,243.772,233.072,10.7,-10.172,1.443,5.916,15.149,258.921,-2776,,3,1.66,69.57
2026-09-27T21:46:17.000Z,1790545577.000,32.649783302,-117.201620184,2.102,265.614,254.914,247.728,237.028,10.7,-10.704,5.462,5.914,11.384,259.112,-2777,,3,2.095,69.014
2026-09-27T21:46:18.000Z,1790545578.000,32.6497817,-117.20163366,2.438,267.421,256.721,247.687,236.987,10.7,-9.952,5.387,5.913,11.659,259.346,-2778,,3,2.434,68.133
2026-09-27T21:46:19.000Z,1790545579.000,32.649781219,-117.201646285,2.33,262.819,252.119,247.6,236.9,10.7,-9.891,3.649,5.912,11.949,259.549,-2779,,3,2.309,67.398
2026-09-27T21:46:20.000Z,1790545580.000,32.649779996,-117.201657664,2.104,260.395,249.695,249.676,238.976,10.7,-10.444,4.64,5.911,10.118,259.794,-2780,,3,2.072,66.759
2026-09-27T21:46:21.000Z,1790545581.000,32.649777672,-117.201669672,2.266,248.483,237.783,253.128,242.428,10.7,-10.4,3.569,5.91,6.906,260.034,-2781,,3,2.101,66.058
2026-09-27T21:46:22.000Z,1790545582.000,32.64977424,-117.201681294,2.387,241.262,230.562,255.26,244.56,10.7,-9.049,6.023,5.909,4.992,260.253,-2782,,3,2.081,65.222
2026-09-27T21:46:23.000Z,1790545583.000,32.649770227,-117.201692821,2.135,245.525,234.825,256.797,246.097,10.7,-8.035,1.797,5.908,3.684,260.481,-2783,,3,1.931,64.312
2026-09-27T21:46:24.000Z,1790545584.000,32.649767801,-117.201704096,2.134,256.091,245.391,261.765,251.065,10.7,-9.368,6.135,5.907,-1.063,260.702,-2784,,3,2.064,63.757
2026-09-27T21:46:25.000Z,1790545585.000,32.649766869,-117.201716642,2.266,266.839,256.139,260.534,249.834,10.7,-10.128,3.163,5.906,0.371,260.906,-2785,,3,2.26,62.917
2026-09-27T21:46:26.000Z,1790545586.000,32.649766524,-117.201729814,2.338,275.602,264.902,261.348,250.648,10.7,-12.817,5.852,5.904,-0.213,261.135,-2786,,3,2.33,62.215
2026-09-27T21:46:27.000Z,1790545587.000,32.649768581,-117.201742794,2.37,277.988,267.288,261.049,250.349,10.7,-9.91,2.998,5.903,0.303,261.352,-2787,,3,2.351,61.677
2026-09-27T21:46:28.000Z,1790545588.000,32.649771762,-117.201754256,2.232,294.409,283.709,262.694,251.994,10.7,-10.905,6.832,5.902,-1.132,261.562,-2788,,3,2.04,61.436
2026-09-27T21:46:29.000Z,1790545589.000,32.649774487,-117.20176702,2.275,279.977,269.277,260.275,249.575,10.7,-11.725,2.336,5.901,1.501,261.776,-2789,,3,2.244,60.846
2026-09-27T21:46:30.000Z,1790545590.000,32.649775,-117.201779194,2.262,270.321,259.621,261.538,250.838,10.7,-10.502,6.451,5.9,0.457,261.995,-2790,,3,2.262,60.302
2026-09-27T21:46:31.000Z,1790545591.000,32.649774094,-117.201790044,1.831,262.131,251.431,262.112,251.413,10.7,-6.887,3.994,5.899,0.107,262.219,-2791,,3,1.812,59.662
2026-09-27T21:46:32.000Z,1790545592.000,32.649772099,-117.201801404,2.3,255.423,244.723,264.733,254.033,10.7,-7.134,2.335,5.898,-2.281,262.452,-2792,,3,2.222,59.02
2026-09-27T21:46:33.000Z,1790545593.000,32.649768826,-117.201814971,2.762,255.417,244.717,264.976,254.276,10.7,-7.85,5.163,5.897,-2.297,262.679,-2793,,3,2.666,58
2026-09-27T21:46:34.000Z,1790545594.000,32.649765704,-117.201829712,2.558,258.72,248.02,259.9,249.2,10.7,-9.717,5.396,5.896,2.986,262.886,-2794,,3,2.5,56.614
2026-09-27T21:46:35.000Z,1790545595.000,32.649763028,-117.201843905,2.6,256.031,245.331,254.92,244.22,10.7,-8.04,3.476,5.894,8.168,263.088,-2795,,3,2.507,55.329
2026-09-27T21:46:36.000Z,1790545596.000,32.649760968,-117.201857795,2.634,258.806,248.106,250.203,239.503,10.7,-9.565,3.466,5.893,13.103,263.306,-2796,,3,2.566,54.156
2026-09-27T21:46:37.000Z,1790545597.000,32.6497602,-117.201869675,2.064,268.791,258.091,246.843,236.143,10.7,-11.357,6.223,5.892,16.709,263.553,-2797,,3,2.061,53.291
2026-09-27T21:46:38.000Z,1790545598.000,32.649760571,-117.201879703,1.6,268.132,257.432,242.971,232.271,10.7,-10.954,4.956,5.891,20.82,263.791,-2798,,3,1.596,52.624
2026-09-27T21:46:39.000Z,1790545599.000,32.6497609,-117.201887654,1.5,273.844,263.144,244.161,233.461,10.7,-9.136,3.107,5.89,19.835,263.995,-2799,,3,1.499,52.266
2026-09-27T21:46:40.000Z,1790545600.000,32.649760103,-117.201895482,1.569,252.375,241.675,246.788,236.088,10.7,-9.131,4.566,5.889,17.421,264.208,-2800,,3,1.477,51.874
2026-09-27T21:46:41.000Z,1790545601.000,32.649756991,-117.201906528,2.336,249.158,238.459,248.355,237.655,10.7,-9.273,4.236,5.888,16.078,264.433,-2801,,3,2.149,51.058
2026-09-27T21:46:42.000Z,1790545602.000,32.649751999,-117.201920632,2.76,245.387,234.687,248.47,237.77,10.7,-7.84,4.84,5.887,16.191,264.661,-2802,,3,2.454,49.843
2026-09-27T21:46:43.000Z,1790545603.000,32.64974712,-117.201935105,2.764,247.664,236.964,246.428,235.728,10.7,-6.508,4.88,5.886,18.465,264.893,-2803,,3,2.496,48.525
2026-09-27T21:46:44.000Z,1790545604.000,32.649742377,-117.201947438,2.165,246.883,236.183,245.865,235.165,10.7,-9.223,4.635,5.884,19.259,265.124,-2804,,3,1.936,47.401
2026-09-27T21:46:45.000Z,1790545605.000,32.64973899,-117.201957663,2.062,250.052,239.352,248.524,237.824,10.7,-9.938,2.656,5.883,16.82,265.344,-2805,,3,1.889,46.651
2026-09-27T21:46:46.000Z,1790545606.000,32.6497376,-117.201968652,1.8,265.927,255.227,249.922,239.222,10.7,-8.478,7.361,5.882,15.644,265.566,-2806,,3,1.783,45.989
2026-09-27T21:46:47.000Z,1790545607.000,32.649737031,-117.201979214,1.9,257.147,246.447,246.459,235.759,10.7,-9.271,1.635,5.881,19.337,265.796,-2807,,3,1.819,45.211
2026-09-27T21:46:48.000Z,1790545608.000,32.649735805,-117.201989365,1.965,262.545,251.845,245.9,235.2,10.7,-11.58,6.665,5.88,20.114,266.014,-2808,,3,1.925,44.524
2026-09-27T21:46:49.000Z,1790545609.000,32.649735212,-117.201998302,1.675,258.65,247.95,242.362,231.662,10.7,-7.35,3.263,5.879,23.848,266.209,-2809,,3,1.612,43.846
2026-09-27T21:46:50.000Z,1790545610.000,32.64973253,-117.202007577,2,246.476,235.776,242.998,232.298,10.7,-8.931,3.034,5.878,23.431,266.429,-2810,,3,1.764,43.121
2026-09-27T21:46:51.000Z,1790545611.000,32.649728464,-117.202018708,2.4,244.718,234.018,243.867,233.167,10.7,-7.464,5.763,5.877,22.788,266.655,-2811,,3,2.074,42.18
2026-09-27T21:46:52.000Z,1790545612.000,32.649723812,-117.202031064,2.513,243.259,232.559,241.313,230.613,10.7,-9.438,4.913,5.876,25.571,266.884,-2812,,3,2.125,40.992
2026-09-27T21:46:53.000Z,1790545613.000,32.649719702,-117.202043394,2.438,247.342,236.642,242.738,232.038,10.7,-9.049,4.891,5.874,24.392,267.13,-2813,,3,2.142,40
2026-09-27T21:46:54.000Z,1790545614.000,32.649716323,-117.202055001,2.136,254.031,243.331,240.936,230.236,10.7,-11.073,4.023,5.873,26.406,267.343,-2814,,3,1.977,38.997
2026-09-27T21:46:55.000Z,1790545615.000,32.649714634,-117.202065148,2.032,263.152,252.452,243.168,232.468,10.7,-9.313,4.747,5.872,24.4,267.569,-2815,,3,1.978,38.372
2026-09-27T21:46:56.000Z,1790545616.000,32.649713519,-117.202074345,1.8,259.057,248.357,242.343,231.643,10.7,-8.522,5.101,5.871,25.404,267.747,-2816,,3,1.717,37.74
2026-09-27T21:46:57.000Z,1790545617.000,32.649711003,-117.202084932,2.171,251.429,240.729,242.758,232.058,10.7,-9.871,3.184,5.87,25.184,267.942,-2817,,3,1.961,36.951
2026-09-27T21:46:58.000Z,1790545618.000,32.649707121,-117.202096741,2.3,251.341,240.641,243.563,232.863,10.7,-8.279,4.895,5.869,24.598,268.161,-2818,,3,2.069,35.986
2026-09-27T21:46:59.000Z,1790545619.000,32.64970267,-117.202108326,2.334,246.66,235.96,243.366,232.666,10.7,-7.733,4.403,5.868,25.01,268.376,-2819,,3,1.999,34.945
2026-09-27T21:47:00.000Z,1790545620.000,32.649697723,-117.202119811,2.272,240.211,229.511,243.785,233.085,10.7,-9.872,4.934,5.867,24.809,268.593,-2820,,3,1.79,33.888
2026-09-27T21:47:01.000Z,1790545621.000,32.649693909,-117.202131574,2.189,252.955,242.255,243.409,232.709,10.7,-8.121,3.589,5.866,25.429,268.837,-2821,,3,1.972,32.887
2026-09-27T21:47:02.000Z,1790545622.000,32.649690831,-117.202141409,1.9,251.344,240.644,244.269,233.569,10.7,-8.733,5.73,5.864,24.798,269.067,-2822,,3,1.682,32.106
2026-09-27T21:47:03.000Z,1790545623.000,32.649688234,-117.202150588,1.634,255.963,245.263,244.426,233.726,10.7,-11.542,4.29,5.863,24.852,269.278,-2823,,3,1.499,31.378
2026-09-27T21:47:04.000Z,1790545624.000,32.649687452,-117.20216048,1.824,258.512,247.812,243.803,233.103,10.7,-9.531,3.265,5.862,25.7,269.503,-2824,,3,1.702,30.744
2026-09-27T21:47:05.000Z,1790545625.000,32.649686051,-117.202171506,2.01,252.61,241.91,243.61,232.91,10.7,-10.449,5.449,5.861,26.114,269.723,-2825,,3,1.786,30.008
2026-09-27T21:47:06.000Z,1790545626.000,32.649684031,-117.202183584,2.333,261.971,251.271,243.833,233.133,10.7,-10.296,3.667,5.86,26.109,269.942,-2826,,3,2.215,29.176
2026-09-27T21:47:07.000Z,1790545627.000,32.649681468,-117.202196325,2.434,257.436,246.736,242.734,232.034,10.7,-8.467,4.499,5.859,27.43,270.163,-2827,,3,2.236,28.209
2026-09-27T21:47:08.000Z,1790545628.000,32.649678123,-117.202208172,2.26,247.172,236.472,241.919,231.219,10.7,-9.637,4.523,5.858,28.487,270.406,-2828,,3,1.872,27.231
2026-09-27T21:47:09.000Z,1790545629.000,32.649673241,-117.202219837,2.29,245.691,234.991,243,232.3,10.7,-9.56,3.21,5.857,27.608,270.608,-2829,,3,1.85,26.194
2026-09-27T21:47:10.000Z,1790545630.000,32.649668465,-117.202231504,2.467,244.028,233.328,243.266,232.566,10.7,-6.832,4.766,5.856,27.579,270.845,-2830,,3,1.932,25.136
2026-09-27T21:47:11.000Z,1790545631.000,32.649663261,-117.202242769,2.336,240.517,229.817,242.819,232.119,10.7,-9.883,3.417,5.854,28.273,271.092,-2831,,3,1.716,24.035
2026-09-27T21:47:12.000Z,1790545632.000,32.649659129,-117.2022537,2.024,246.605,235.905,243.276,232.576,10.7,-9.367,5.181,5.853,28.064,271.34,-2832,,3,1.611,23.082
2026-09-27T21:47:13.000Z,1790545633.000,32.649656423,-117.202262678,1.631,248.819,238.119,241.531,230.831,10.7,-9.208,4.63,5.852,30.032,271.562,-2833,,3,1.326,22.285
2026-09-27T21:47:14.000Z,1790545634.000,32.649653802,-117.202271027,1.732,247.891,237.191,243.331,232.631,10.7,-10.464,2.234,5.851,28.458,271.789,-2834,,3,1.386,21.659
2026-09-27T21:47:15.000Z,1790545635.000,32.64965119,-117.202281887,2.3,257.437,246.737,244.9,234.2,10.7,-10.938,5.852,5.85,27.118,272.018,-2835,,3,2.036,20.891
2026-09-27T21:47:16.000Z,1790545636.000,32.649649054,-117.20229474,2.338,260.212,249.512,241.854,231.154,10.7,-8.87,4.162,5.849,30.36,272.214,-2836,,3,2.108,19.883
2026-09-27T21:47:17.000Z,1790545637.000,32.649646788,-117.202308056,2.437,256.431,245.731,241.381,230.681,10.7,-9.013,4.087,5.848,31.036,272.417,-2837,,3,2.11,18.935
2026-09-27T21:47:18.000Z,1790545638.000,32.649643536,-117.202319926,2.234,251.527,240.827,239.899,229.199,10.7,-10.402,5.432,5.847,32.754,272.653,-2838,,3,1.814,17.944
2026-09-27T21:47:19.000Z,1790545639.000,32.649640633,-117.202330902,1.939,248.829,238.129,239.184,228.484,10.7,-9.29,4.451,5.846,33.707,272.891,-2839,,3,1.505,17.059
2026-09-27T21:47:20.000Z,1790545640.000,32.649637481,-117.202340468,1.83,250.985,240.285,242.03,231.33,10.7,-8.64,2.151,5.844,31.08,273.11,-2840,,3,1.454,16.351
2026-09-27T21:47:21.000Z,1790545641.000,32.649633823,-117.202350757,2.168,247.439,236.739,245.474,234.774,10.7,-7.158,5.629,5.843,27.855,273.329,-2841,,3,1.625,15.591
2026-09-27T21:47:22.000Z,1790545642.000,32.64962984,-117.202362076,2.266,250.001,239.301,246.128,235.428,10.7,-9.537,4.194,5.842,27.422,273.55,-2842,,3,1.744,14.641
2026-09-27T21:47:23.000Z,1790545643.000,32.649626255,-117.202374754,2.627,254.81,244.11,246.973,236.273,10.7,-7.409,4.564,5.841,26.806,273.779,-2843,,3,2.135,13.661
2026-09-27T21:47:24.000Z,1790545644.000,32.649622817,-117.202388064,2.5,256.864,246.164,247.3,236.6,10.7,-7.5,3.762,5.84,26.703,274.003,-2844,,3,2.061,12.639
2026-09-27T21:47:25.000Z,1790545645.000,32.649620062,-117.202400721,2.232,258.393,247.693,247.768,237.068,10.7,-10.368,3.965,5.839,26.411,274.179,-2845,,3,1.857,11.72
2026-09-27T21:47:26.000Z,1790545646.000,32.649619032,-117.202413014,2.1,272.177,261.477,249.171,238.471,10.7,-7,4.639,5.838,25.22,274.391,-2846,,3,1.968,11.019
2026-09-27T21:47:27.000Z,1790545647.000,32.6496185,-117.202424565,1.91,267.386,256.686,246.79,236.09,10.7,-8.533,4.939,5.837,27.835,274.625,-2847,,3,1.717,10.238
2026-09-27T21:47:28.000Z,1790545648.000,32.64961843,-117.202434522,1.652,266.391,255.691,248.683,237.983,10.7,-8.23,2.848,5.836,26.188,274.871,-2848,,3,1.468,9.77
2026-09-27T21:47:29.000Z,1790545649.000,32.649618068,-117.202442213,1.135,274.004,263.304,249.38,238.68,10.7,-9.16,7.208,5.834,25.695,275.075,-2849,,3,1.066,9.35
2026-09-27T21:47:30.000Z,1790545650.000,32.649617504,-117.202450438,1.661,266.827,256.127,250.37,239.67,10.7,-6.23,0.974,5.833,24.912,275.282,-2850,,3,1.472,8.896
2026-09-27T21:47:31.000Z,1790545651.000,32.649615181,-117.202461231,2.328,256.405,245.705,253.464,242.764,10.7,-7.926,4.783,5.832,22.041,275.505,-2851,,3,1.819,8.246
2026-09-27T21:47:32.000Z,1790545652.000,32.649612892,-117.202474971,2.661,260.991,250.291,252.346,241.645,10.7,-5.468,3.699,5.831,23.392,275.738,-2852,,3,2.177,7.235
2026-09-27T21:47:33.000Z,1790545653.000,32.649610004,-117.202488482,2.634,254.56,243.86,250.366,239.666,10.7,-8.228,4.738,5.83,25.586,275.952,-2853,,3,1.932,6.144
2026-09-27T21:47:34.000Z,1790545654.000,32.649607038,-117.202501672,2.3,256.114,245.414,247.473,236.773,10.7,-8.172,4.352,5.829,28.691,276.164,-2854,,3,1.691,5.028
2026-09-27T21:47:35.000Z,1790545655.000,32.649605218,-117.202511712,1.779,258.813,248.113,249.458,238.758,10.7,-6.779,4.913,5.828,26.935,276.393,-2855,,3,1.349,4.404
2026-09-27T21:47:36.000Z,1790545656.000,32.649602819,-117.202521407,1.913,248.08,237.38,248.869,238.169,10.7,-7.9,5.644,5.827,27.722,276.591,-2856,,3,1.167,3.633
2026-09-27T21:47:37.000Z,1790545657.000,32.649600973,-117.20253164,1.965,259.062,248.362,248.145,237.445,10.7,-7.035,3.031,5.826,28.684,276.829,-2857,,3,1.451,2.876
2026-09-27T21:47:38.000Z,1790545658.000,32.649598455,-117.202541573,1.864,253.154,242.454,248.136,237.436,10.7,-7.336,5.945,5.824,28.922,277.058,-2858,,3,1.213,2.106
2026-09-27T21:47:39.000Z,1790545659.000,32.649596396,-117.202551576,1.739,254.452,243.752,248.018,237.318,10.7,-5.618,3.118,5.823,29.267,277.285,-2859,,3,1.138,1.37
2026-09-27T21:47:40.000Z,1790545660.000,32.649592948,-117.202562487,2.169,247.384,236.684,248.614,237.914,10.7,-9.145,5.176,5.822,28.898,277.512,-2860,,3,1.166,0.49
2026-09-27T21:47:41.000Z,1790545661.000,32.64958963,-117.202574679,2.4,256.222,245.522,248.298,237.598,10.7,-6.83,4.3,5.821,29.425,277.723,-2861,,3,1.539,-0.489
2026-09-27T21:47:42.000Z,1790545662.000,32.649586442,-117.202586369,2.231,252.858,242.158,248.331,237.631,10.7,-7.769,4.816,5.82,29.614,277.945,-2862,,3,1.282,-1.412
2026-09-27T21:47:43.000Z,1790545663.000,32.649582969,-117.202597094,1.962,247.178,236.478,247.27,236.57,10.7,-10.431,4.993,5.819,30.897,278.167,-2863,,3,0.917,-2.357
2026-09-27T21:47:44.000Z,1790545664.000,32.649581333,-117.202607042,1.666,261.869,251.169,248.664,237.964,10.7,-6.161,3.928,5.818,29.722,278.386,-2864,,3,1.103,-2.986
2026-09-27T21:47:45.000Z,1790545665.000,32.649579867,-117.202616294,1.666,262.788,252.088,249.331,238.631,10.7,-10.198,4.733,5.817,29.278,278.609,-2865,,3,1.1,-3.593
2026-09-27T21:47:46.000Z,1790545666.000,32.649579785,-117.202625649,1.6,271.258,260.558,249.323,238.623,10.7,-9.585,4.77,5.816,29.52,278.843,-2866,,3,1.204,-4.111
2026-09-27T21:47:47.000Z,1790545667.000,32.649580162,-117.20263395,1.685,273.101,262.401,250.147,239.447,10.7,-8.018,5.2,5.814,28.927,279.074,-2867,,3,1.289,-4.492
2026-09-27T21:47:48.000Z,1790545668.000,32.649579358,-117.202643237,1.8,260.905,250.205,251.563,240.863,10.7,-8.042,2.058,5.813,27.74,279.303,-2868,,3,1.074,-5.004
2026-09-27T21:47:49.000Z,1790545669.000,32.649576438,-117.20265495,2.432,252.985,242.285,252.73,242.03,10.7,-8.566,6.462,5.812,26.796,279.526,-2869,,3,1.105,-5.85
2026-09-27T21:47:50.000Z,1790545670.000,32.649573371,-117.202668494,2.5,254.19,243.49,252.009,241.309,10.7,-5.339,3.2,5.811,27.724,279.734,-2870,,3,1.101,-6.9
2026-09-27T21:47:51.000Z,1790545671.000,32.649569874,-117.202681261,2.329,247.123,236.423,252.142,241.442,10.7,-8.642,5.5,5.81,27.818,279.96,-2871,,3,0.68,-7.906
2026-09-27T21:47:52.000Z,1790545672.000,32.649567664,-117.202692033,2,260.326,249.626,252.927,242.227,10.7,-8.086,2.918,5.809,27.256,280.183,-2872,,3,0.954,-8.654
2026-09-27T21:47:53.000Z,1790545673.000,32.649566503,-117.202701817,1.866,265.47,254.77,255.961,245.261,10.7,-7.834,5.337,5.808,24.422,280.383,-2873,,3,0.997,-9.138
2026-09-27T21:47:54.000Z,1790545674.000,32.649565336,-117.202712116,1.672,266.118,255.418,254.8,244.1,10.7,-7.584,4.196,5.807,25.81,280.61,-2874,,3,0.868,-9.865
2026-09-27T21:47:55.000Z,1790545675.000,32.649564162,-117.20272248,1.769,268.588,257.888,257.655,246.955,10.7,-8.169,3.203,5.806,23.188,280.843,-2875,,3,0.942,-10.385
2026-09-27T21:47:56.000Z,1790545676.000,32.649563501,-117.202733329,1.8,273.492,262.792,259.532,248.832,10.7,-8.101,4.699,5.804,21.529,281.062,-2876,,3,1.043,-10.933
2026-09-27T21:47:57.000Z,1790545677.000,32.649562734,-117.202745607,2.231,267.664,256.964,261.203,250.503,10.7,-8.094,3.678,5.803,20.075,281.278,-2877,,3,1.034,-11.575
2026-09-27T21:47:58.000Z,1790545678.000,32.649561736,-117.202757962,2.209,266.592,255.892,262.926,252.226,10.7,-8.819,6.091,5.802,18.569,281.495,-2878,,3,0.914,-12.237
2026-09-27T21:47:59.000Z,1790545679.000,32.649560524,-117.202770694,2.362,260.719,250.019,263.976,253.276,10.7,-7.831,3.245,5.801,17.736,281.712,-2879,,3,0.661,-12.978
2026-09-27T21:48:00.000Z,1790545680.000,32.6495594,-117.202782784,2.033,269.032,258.332,266.198,255.498,10.7,-6.565,4.431,5.8,15.71,281.908,-2880,,3,0.773,-13.601
2026-09-27T21:48:01.000Z,1790545681.000,32.6495596,-117.202794152,1.932,279.942,269.242,264.838,254.138,10.7,-6.432,4.208,5.799,17.29,282.128,-2881,,3,0.997,-14.287
2026-09-27T21:48:02.000Z,1790545682.000,32.649560124,-117.202804255,1.576,278.841,268.141,262.335,251.635,10.7,-8.414,6.645,5.798,20.002,282.336,-2882,,3,0.738,-14.941
2026-09-27T21:48:03.000Z,1790545683.000,32.649561077,-117.202813076,1.5,288.683,277.983,261.7,251,10.7,-7.438,3.223,5.797,20.856,282.556,-2883,,3,0.883,-15.373
2026-09-27T21:48:04.000Z,1790545684.000,32.649562102,-117.20282158,1.567,282.82,272.12,262.637,251.937,10.7,-8.939,4.141,5.796,20.157,282.793,-2884,,3,0.75,-15.689
2026-09-27T21:48:05.000Z,1790545685.000,32.649563631,-117.202831941,1.966,277.752,267.052,265.627,254.928,10.7,-5.834,5.741,5.794,17.41,283.037,-2885,,3,0.722,-15.933
2026-09-27T21:48:06.000Z,1790545686.000,32.649563838,-117.202843681,2.123,265.494,254.794,262.57,251.87,10.7,-7.632,4.82,5.793,20.713,283.283,-2886,,3,0.249,-16.74
2026-09-27T21:48:07.000Z,1790545687.000,32.649563431,-117.20285582,2.269,267.852,257.152,261.719,251.019,10.7,-6.006,4.287,5.792,21.796,283.514,-2887,,3,0.254,-17.488
2026-09-27T21:48:08.000Z,1790545688.000,32.649563232,-117.202866019,1.703,277.245,266.545,262.261,251.561,10.7,-7.003,5.266,5.791,21.465,283.726,-2888,,3,0.4,-18.03
2026-09-27T21:48:09.000Z,1790545689.000,32.6495632,-117.20287472,1.764,264.235,253.535,264.036,253.336,10.7,-4.557,3.586,5.79,19.904,283.94,-2889,,3,-0.042,-18.401
2026-09-27T21:48:10.000Z,1790545690.000,32.649561877,-117.20288482,2.062,264.685,253.985,266.109,255.409,10.7,-8.923,3.962,5.789,18.058,284.166,-2890,,3,-0.115,-18.943
2026-09-27T21:48:11.000Z,1790545691.000,32.649561332,-117.20289811,2.505,268.273,257.573,265.991,255.291,10.7,-4.9,3.895,5.788,18.382,284.373,-2891,,3,-0.113,-19.724
2026-09-27T21:48:12.000Z,1790545692.000,32.649560633,-117.202911633,2.2,266.9,256.2,262.9,252.2,10.7,-7.133,6.3,5.787,21.693,284.593,-2892,,3,-0.263,-20.713
2026-09-27T21:48:13.000Z,1790545693.000,32.649561023,-117.202922147,1.938,276.301,265.601,260.615,249.915,10.7,-4.708,3.97,5.786,24.194,284.809,-2893,,3,0.011,-21.385
2026-09-27T21:48:14.000Z,1790545694.000,32.6495617,-117.202930804,1.8,265.9,255.2,262.816,252.116,10.7,-7.4,3.193,5.784,22.204,285.02,-2894,,3,-0.377,-21.666
2026-09-27T21:48:15.000Z,1790545695.000,32.649562233,-117.202940367,1.933,274,263.3,264.867,254.167,10.7,-6.833,4.167,5.783,20.38,285.247,-2895,,3,-0.208,-22.015
2026-09-27T21:48:16.000Z,1790545696.000,32.649562534,-117.20295161,2.203,266.254,255.554,264.3,253.6,10.7,-7.634,5.034,5.782,21.162,285.462,-2896,,3,-0.619,-22.635
2026-09-27T21:48:17.000Z,1790545697.000,32.649562939,-117.202963065,2.244,268.21,257.51,263.773,253.073,10.7,-5.378,3.617,5.781,21.94,285.713,-2897,,3,-0.648,-23.255
2026-09-27T21:48:18.000Z,1790545698.000,32.649563123,-117.202973604,1.816,272.973,262.273,265.329,254.629,10.7,-7.032,5.593,5.78,20.612,285.941,-2898,,3,-0.449,-23.718
2026-09-27T21:48:19.000Z,1790545699.000,32.649564403,-117.202981983,1.468,283.218,272.518,269.19,258.49,10.7,-7.435,5.471,5.779,16.963,286.153,-2899,,3,-0.157,-23.812
2026-09-27T21:48:20.000Z,1790545700.000,32.649565164,-117.202990225,1.893,273.544,262.844,274.558,263.858,10.7,-7.48,1.907,5.778,11.798,286.356,-2900,,3,-0.582,-23.831
2026-09-27T21:48:21.000Z,1790545701.000,32.649565462,-117.20300141,2.21,271.756,261.056,279.986,269.286,10.7,-7.424,4.59,5.777,6.581,286.567,-2901,,,,
2026-09-27T21:48:22.000Z,1790545702.000,32.649567049,-117.203013568,2.06,282.426,271.726,282.829,272.129,10.7,-5.141,5.16,5.776,3.966,286.795,-2902,,,,
2026-09-27T21:48:23.000Z,1790545703.000,32.649570376,-117.203022789,1.568,297.449,286.749,286.948,276.248,10.7,-4.412,4.368,5.774,0.093,287.041,-2903,,,,
2026-09-27T21:48:24.000Z,1790545704.000,32.649575182,-117.203029569,1.7,306.714,296.014,296.205,285.505,10.7,-3.611,3.329,5.773,-8.916,287.288,-2904,,,,
2026-09-27T21:48:25.000Z,1790545705.000,32.649579912,-117.203036488,1.8,321.788,311.088,298.6,287.9,10.7,-8.562,5.125,5.772,-11.078,287.522,-2905,,,,
2026-09-27T21:48:26.000Z,1790545706.000,32.649587305,-117.20304217,2.034,329.723,319.023,302.936,292.236,10.7,-4.302,4.47,5.771,-15.178,287.758,-2906,,,,
2026-09-27T21:48:27.000Z,1790545707.000,32.649595229,-117.20304773,1.967,331.991,321.291,308.034,297.334,10.7,-3.164,3.567,5.77,-20.057,287.976,-2907,,,,
2026-09-27T21:48:28.000Z,1790545708.000,32.649602457,-117.203052374,1.728,337.936,327.236,314.678,303.978,10.7,-1.113,5.853,5.769,-26.491,288.187,-2908,,,,
2026-09-27T21:48:29.000Z,1790545709.000,32.649608555,-117.203057041,1.5,313.531,302.831,314.547,303.847,10.7,1.094,5.079,5.768,-26.135,288.412,-2909,,,,
2026-09-27T21:48:30.000Z,1790545710.000,32.649612811,-117.203063696,1.595,296.609,285.909,314.673,303.973,10.7,0.899,3.358,5.767,-26.051,288.622,-2910,,,,
2026-09-27T21:48:31.000Z,1790545711.000,32.649615886,-117.203070416,1.365,307.86,297.16,309.435,298.735,10.7,1.582,5.261,5.766,-20.62,288.815,-2911,,,,
2026-09-27T21:48:32.000Z,1790545712.000,32.649619477,-117.203074566,1.149,305.42,294.72,308.771,298.071,10.7,5.26,3.863,5.764,-19.753,289.018,-2912,,,,
2026-09-27T21:48:33.000Z,1790545713.000,32.649621401,-117.203079541,0.879,304.394,293.694,302.318,291.618,10.7,-0.959,4.82,5.763,-13.087,289.231,-2913,,,,
2026-09-27T21:48:34.000Z,1790545714.000,32.649624205,-117.203084678,1.335,298.323,287.623,297.357,286.657,10.7,0.93,3.74,5.762,-7.957,289.4,-2914,,,,
2026-09-27T21:48:35.000Z,1790545715.000,32.649628058,-117.203090924,1.434,312.445,301.745,298.632,287.932,10.7,3.221,4.147,5.761,-9.015,289.617,-2915,,,,
2026-09-27T21:48:36.000Z,1790545716.000,32.649632432,-117.203097032,1.3,313.365,302.665,297.11,286.41,10.7,-1.332,5.442,5.76,-7.246,289.864,-2916,,,,
2026-09-27T21:48:37.000Z,1790545717.000,32.649638963,-117.203100081,1.7,355.142,344.442,301.082,290.382,10.7,3.422,3.157,5.759,-10.971,290.11,-2917,,,,
2026-09-27T21:48:38.000Z,1790545718.000,32.649645674,-117.203101736,1.402,345.075,334.375,309.975,299.275,10.7,3.226,6.403,5.758,-19.652,290.323,-2918,,,,
2026-09-27T21:48:39.000Z,1790545719.000,32.649650792,-117.203106058,1.4,316.185,305.485,308.968,298.268,10.7,-2.6,3.134,5.757,-18.451,290.517,-2919,,,,
2026-09-27T21:48:40.000Z,1790545720.000,32.64965537,-117.203110243,1.237,325.286,314.586,313.276,302.576,10.7,2.78,5.686,5.756,-22.532,290.744,-2920,,,,
2026-09-27T21:48:41.000Z,1790545721.000,32.649658704,-117.203113264,0.757,317.838,307.138,320.096,309.396,10.7,4.21,3.879,5.754,-29.119,290.977,-2921,,,,
2026-09-27T21:48:42.000Z,1790545722.000,32.649660301,-117.203115767,0.534,318.303,307.603,324.803,314.103,10.7,1.201,4.466,5.753,-33.605,291.198,-2922,,,,
2026-09-27T21:48:43.000Z,1790545723.000,32.649662195,-117.203117595,0.505,324.527,313.827,328.677,317.977,10.7,0.139,6.242,5.752,-37.261,291.416,-2923,,,,
2026-09-27T21:48:44.000Z,1790545724.000,32.649664239,-117.203121078,0.981,298.274,287.574,329.963,319.263,10.7,0.419,2.9,5.751,-38.308,291.654,-2924,,,,
2026-09-27T21:48:45.000Z,1790545725.000,32.649666726,-117.203123343,0.822,333.788,323.088,332.965,322.265,10.7,3.326,5.526,5.75,-41.058,291.907,-2925,,,,
2026-09-27T21:48:46.000Z,1790545726.000,32.64967106,-117.203123302,1.102,357.304,346.604,337.416,326.716,10.7,3.564,4.966,5.749,-45.272,292.143,-2926,,,,
2026-09-27T21:48:47.000Z,1790545727.000,32.649676346,-117.203121971,1.1,6.998,356.298,337.446,326.746,10.7,0.606,5.334,5.748,-45.074,292.372,-2927,,,,
2026-09-27T21:48:48.000Z,1790545728.000,32.649682852,-117.203120135,1.678,17.083,6.383,339.448,328.748,10.7,0.63,4.557,5.747,-46.833,292.615,-2928,,,,
2026-09-27T21:48:49.000Z,1790545729.000,32.649690035,-117.203119669,1.5,354.443,343.743,336.986,326.286,10.7,1.007,5.045,5.746,-44.143,292.843,-2929,,,,
2026-09-27T21:48:50.000Z,1790545730.000,32.649698241,-117.20311897,1.735,359.952,349.252,336.359,325.659,10.7,4.265,2.57,5.744,-43.295,293.064,-2930,,,,
2026-09-27T21:48:51.000Z,1790545731.000,32.649705903,-117.203119129,1.571,348.017,337.317,335.168,324.468,10.7,1.69,5.461,5.743,-41.91,293.258,-2931,,,,
2026-09-27T21:48:52.000Z,1790545732.000,32.649712051,-117.203119825,1.2,355.555,344.855,337.512,326.812,10.7,2.149,4.224,5.742,-43.973,293.539,-2932,,,,
2026-09-27T21:48:53.000Z,1790545733.000,32.649716749,-117.203121843,0.869,327.039,316.339,331.082,320.382,10.7,1.129,5.169,5.741,-37.338,293.744,-2933,,,,
2026-09-27T21:48:54.000Z,1790545734.000,32.649720561,-117.203122534,0.634,355.576,344.876,331.571,320.871,10.7,5.561,4.503,5.74,-37.618,293.953,-2934,,,,
2026-09-27T21:48:55.000Z,1790545735.000,32.649723317,-117.203123553,0.663,321.784,311.084,329.9,319.2,10.7,3.62,4.49,5.739,-35.745,294.155,-2935,,,,
2026-09-27T21:48:56.000Z,1790545736.000,32.649725377,-117.203126371,0.882,293.912,283.212,325.251,314.551,10.7,-0.283,4.206,5.738,-30.884,294.367,-2936,,,,
2026-09-27T21:48:57.000Z,1790545737.000,32.649727575,-117.203127828,0.839,13.598,2.898,321.99,311.29,10.7,2.952,4.157,5.737,-27.41,294.58,-2937,,,,
2026-09-27T21:48:58.000Z,1790545738.000,32.649730791,-117.203126965,0.735,354.407,343.707,332.03,321.33,10.7,6.072,4.784,5.736,-37.229,294.801,-2938,,,,
2026-09-27T21:48:59.000Z,1790545739.000,32.64973374,-117.203128488,0.826,327.56,316.86,329.44,318.74,10.7,-3.06,6.128,5.734,-34.414,295.026,-2939,,,,
2026-09-27T21:49:00.000Z,1790545740.000,32.649738915,-117.203128881,1.36,1.657,350.957,331.756,321.056,10.7,3.817,3.194,5.733,-36.514,295.242,-2940,,,,
2026-09-27T21:49:01.000Z,1790545741.000,32.649745636,-117.203129834,1.6,347.382,336.682,335.833,325.133,10.7,4.565,4.465,5.732,-40.361,295.472,-2941,,,,
2026-09-27T21:49:02.000Z,1790545742.000,32.6497526,-117.203132964,1.5,337.261,326.561,326.764,316.064,10.7,-1.164,4.857,5.731,-31.098,295.666,-2942,,,,
2026-09-27T21:49:03.000Z,1790545743.000,32.649759936,-117.203131361,1.621,21.173,10.473,338.051,327.351,10.7,8.16,5.74,5.73,-42.171,295.88,-2943,,,,
2026-09-27T21:49:04.000Z,1790545744.000,32.649765908,-117.203131943,1,344.173,333.473,335.179,324.479,10.7,0.866,3.5,5.729,-39.058,296.12,-2944,,,,
2026-09-27T21:49:05.000Z,1790545745.000,32.649770602,-117.203133066,0.966,4.621,353.921,329.67,318.97,10.7,0.304,5.134,5.728,-33.337,296.333,-2945,,,,
2026-09-27T21:49:06.000Z,1790545746.000,32.64977479,-117.203133025,0.835,331.524,320.824,339.111,328.411,10.7,6.825,4.6,5.727,-42.575,296.536,-2946,,,,
2026-09-27T21:49:07.000Z,1790545747.000,32.649777202,-117.203135642,0.54,311.377,300.677,333.549,322.849,10.7,2.783,6.125,5.726,-36.797,296.752,-2947,,,,
2026-09-27T21:49:08.000Z,1790545748.000,32.649779638,-117.203136797,0.481,325.395,314.695,334.751,324.051,10.7,3.835,5.094,5.724,-37.775,296.977,-2948,,,,
2026-09-27T21:49:09.000Z,1790545749.000,32.649782763,-117.203138831,0.932,323.034,312.334,330.206,319.506,10.7,1.303,3.132,5.723,-33.01,297.196,-2949,,,,
2026-09-27T21:49:10.000Z,1790545750.000,32.649787765,-117.203138972,1.3,9.976,359.276,332.929,322.229,10.7,4.728,5.117,5.722,-35.496,297.433,-2950,,,,
2026-09-27T21:49:11.000Z,1790545751.000,32.649793944,-117.203139586,1.438,344.931,334.231,332.956,322.256,10.7,-1.026,5.928,5.721,-35.281,297.675,-2951,,,,
2026-09-27T21:49:12.000Z,1790545752.000,32.649800939,-117.20314013,1.46,359.405,348.705,334.429,323.729,10.7,1.99,3.888,5.72,-36.53,297.899,-2952,,,,
2026-09-27T21:49:13.000Z,1790545753.000,32.649808008,-117.203141434,1.667,357.958,347.258,330.831,320.131,10.7,0.498,4.994,5.719,-32.707,298.125,-2953,,,,
2026-09-27T21:49:14.000Z,1790545754.000,32.64981531,-117.20314173,1.5,354.314,343.614,335.835,325.135,10.7,2.71,5.57,5.718,-37.503,298.332,-2954,,,,
2026-09-27T21:49:15.000Z,1790545755.000,32.649822022,-117.2031423,1.4,0.844,350.144,334.897,324.197,10.7,2.722,4.985,5.717,-36.349,298.547,-2955,,,,
2026-09-27T21:49:16.000Z,1790545756.000,32.649827485,-117.203143947,1.069,336.534,325.834,334.861,324.161,10.7,-0.377,5.5,5.716,-36.077,298.784,-2956,,,,
2026-09-27T21:49:17.000Z,1790545757.000,32.649831167,-117.203144833,0.833,348.998,338.298,335.567,324.867,10.7,3.2,3.167,5.714,-36.566,299,-2957,,,,
2026-09-27T21:49:18.000Z,1790545758.000,32.649834593,-117.203145962,0.734,345.638,334.938,336.365,325.666,10.7,3.838,5.734,5.713,-37.145,299.221,-2958,,,,
2026-09-27T21:49:19.000Z,1790545759.000,32.649837733,-117.203147524,0.638,342.485,331.785,336.6,325.9,10.7,0.585,5.609,5.712,-37.154,299.446,-2959,,,,
2026-09-27T21:49:20.000Z,1790545760.000,32.649841176,-117.203148804,0.7,331.35,320.65,334.947,324.247,10.7,0.324,4.045,5.711,-35.297,299.65,-2960,,,,
2026-09-27T21:49:21.000Z,1790545761.000,32.649845796,-117.2031487,1.2,4.619,353.919,337.4,326.7,10.7,4.23,3.868,5.71,-37.523,299.877,-2961,,,,
2026-09-27T21:49:22.000Z,1790545762.000,32.649851508,-117.203148529,1.2,352.49,341.79,334.156,323.456,10.7,1.4,5.236,5.709,-34.065,300.091,-2962,,,,
2026-09-27T21:49:23.000Z,1790545763.000,32.649857177,-117.203150954,1.423,337.294,326.594,330.117,319.417,10.7,-0.261,3.185,5.708,-29.784,300.333,-2963,,,,
2026-09-27T21:49:24.000Z,1790545764.000,32.649862409,-117.203154635,1.4,344.572,333.872,321.87,311.17,10.7,1.585,5.933,5.707,-21.336,300.534,-2964,,,,
2026-09-27T21:49:25.000Z,1790545765.000,32.649868358,-117.203157327,1.3,332.783,322.083,319.12,308.42,10.7,5.071,3.579,5.706,-18.354,300.766,-2965,,,,
2026-09-27T21:49:26.000Z,1790545766.000,32.649872042,-117.203161453,0.937,331.788,321.088,309.389,298.689,10.7,-2.269,5.231,5.704,-8.406,300.983,-2966,,,,
2026-09-27T21:49:27.000Z,1790545767.000,32.649875931,-117.2031625,0.9,2.037,351.337,306.338,295.639,10.7,-0.139,5.854,5.703,-5.139,301.2,-2967,,,,
2026-09-27T21:49:28.000Z,1790545768.000,32.649878372,-117.203165075,0.932,293.322,282.622,297.714,287.014,10.7,-3.132,2.939,5.702,3.692,301.406,-2968,,,,
2026-09-27T21:49:29.000Z,1790545769.000,32.649878968,-117.203170087,1.329,260.6,249.9,292.491,281.791,10.7,-4.695,4.376,5.701,9.116,301.607,-2969,,,,
2026-09-27T21:49:30.000Z,1790545770.000,32.649879484,-117.203176413,1.032,289.334,278.634,285.661,274.961,10.7,-2.667,6.561,5.7,16.172,301.833,-2970,,,,
2026-09-27T21:49:31.000Z,1790545771.000,32.6498808,-117.20318224,1.147,278.295,267.595,279.381,268.681,10.7,0.36,2.247,5.699,22.702,302.083,-2971,,,,
2026-09-27T21:49:32.000Z,1790545772.000,32.6498802,-117.203188031,1.034,258.09,247.39,274.735,264.035,10.7,-7.066,6.634,5.698,27.579,302.314,-2972,,,,
2026-09-27T21:49:33.000Z,1790545773.000,32.649881197,-117.20319236,0.769,291.751,281.051,269.978,259.278,10.7,-2.372,2.872,5.697,32.562,302.539,-2973,,,,
2026-09-27T21:49:34.000Z,1790545774.000,32.649881111,-117.203196004,0.726,255.145,244.445,264.207,253.507,10.7,-4.619,5.667,5.696,38.566,302.773,-2974,,,,
2026-09-27T21:49:35.000Z,1790545775.000,32.649880759,-117.203199763,0.741,259.938,249.238,259.803,249.103,10.7,-3.718,3.984,5.694,43.181,302.983,-2975,,,,
2026-09-27T21:49:36.000Z,1790545776.000,32.649879199,-117.203202468,0.733,222.571,211.871,253.332,242.632,10.7,-5.235,4.77,5.693,49.845,303.177,-2976,,,,
2026-09-27T21:49:37.000Z,1790545777.000,32.649878339,-117.203205723,0.696,249.388,238.688,251.081,240.381,10.7,-2.865,5.055,5.692,52.31,303.392,-2977,,,,
2026-09-27T21:49:38.000Z,1790545778.000,32.649875061,-117.203209901,0.887,224.267,213.567,245.224,234.524,10.7,-5.34,3.588,5.691,58.41,303.634,-2978,,,,
2026-09-27T21:49:39.000Z,1790545779.000,32.649872382,-117.203215076,1.37,242.436,231.736,244.682,233.982,10.7,-1.503,5.072,5.69,59.189,303.871,-2979,,,,
2026-09-27T21:49:40.000Z,1790545780.000,32.649868728,-117.203221741,1.534,232.259,221.559,240.666,229.966,10.7,-3.505,4.7,5.689,63.41,304.076,-2980,,,,
2026-09-27T21:49:41.000Z,1790545781.000,32.649865772,-117.203228852,1.5,247.314,236.614,238.842,228.141,10.7,-4.369,3.869,5.688,65.463,304.305,-2981,,,,
2026-09-27T21:49:42.000Z,1790545782.000,32.649863745,-117.20323371,0.972,235.245,224.545,236.164,225.464,10.7,-6.228,7.409,5.687,68.346,304.51,-2982,,,,
2026-09-27T21:49:43.000Z,1790545783.000,32.649861321,-117.203236848,0.691,223.149,212.449,235.009,224.309,10.7,-7.452,1.848,5.686,69.726,304.735,-2983,,,,
2026-09-27T21:49:44.000Z,1790545784.000,32.649860169,-117.203240122,0.765,260.002,249.302,238.004,227.304,10.7,-3.274,5.882,5.684,66.966,304.97,-2984,,,,
2026-09-27T21:49:45.000Z,1790545785.000,32.64985665,-117.203244155,1.26,211.283,200.583,235.42,224.72,10.7,-5.8,5.135,5.683,69.777,305.197,-2985,,,,
2026-09-27T21:49:46.000Z,1790545786.000,32.649852815,-117.203249908,1.521,242.247,231.547,237.739,227.039,10.7,-5.155,3.108,5.682,67.69,305.43,-2986,,,,
2026-09-27T21:49:47.000Z,1790545787.000,32.649848411,-117.203258103,1.931,235.303,224.603,235.111,224.411,10.7,-4.045,5.648,5.681,70.528,305.639,-2987,,,,
2026-09-27T21:49:48.000Z,1790545788.000,32.649843867,-117.203265067,1.433,233.733,223.033,234,223.3,10.7,-5.9,5.1,5.68,71.85,305.85,-2988,,,,
2026-09-27T21:49:49.000Z,1790545789.000,32.649840291,-117.203270928,1.464,227.812,217.112,233.236,222.536,10.7,-5.701,3.718,5.679,72.84,306.077,-2989,,,,
2026-09-27T21:49:50.000Z,1790545790.000,32.64983824,-117.203276105,0.958,267.25,256.55,232.719,222.019,10.7,-4.384,6.665,5.678,73.568,306.286,-2990,,,,
2026-09-27T21:49:51.000Z,1790545791.000,32.649835523,-117.203279854,0.939,234.889,224.189,232.539,221.839,10.7,-7.622,2.769,5.677,73.991,306.53,-2991,,,,
2026-09-27T21:49:52.000Z,1790545792.000,32.649834005,-117.203283392,0.932,233.523,222.823,231.897,221.197,10.7,-6.921,4.774,5.676,74.846,306.743,-2992,,,,
2026-09-27T21:49:53.000Z,1790545793.000,32.649830973,-117.203289315,1.683,235.251,224.551,231.756,221.056,10.7,-6.439,3.578,5.674,75.212,306.968,-2993,,,,
2026-09-27T21:49:54.000Z,1790545794.000,32.649826684,-117.203297186,1.8,236.509,225.809,229.715,219.015,10.7,-6.131,5.238,5.673,77.473,307.188,-2994,,,,
2026-09-27T21:49:55.000Z,1790545795.000,32.649821021,-117.20330619,2.032,233.942,223.242,229.132,218.432,10.7,-6.328,3.664,5.672,78.275,307.407,-2995,,,,
2026-09-27T21:49:56.000Z,1790545796.000,32.649815197,-117.203314797,2.1,226.426,215.726,226.871,216.171,10.7,-6.51,4.865,5.671,80.747,307.618,-2996,,,,
2026-09-27T21:49:57.000Z,1790545797.000,32.649809527,-117.203322917,1.861,228.655,217.955,227.4,216.7,10.7,-7.2,4.422,5.67,80.435,307.835,-2997,,,,
2026-09-27T21:49:58.000Z,1790545798.000,32.64980422,-117.203329423,1.294,226.853,216.153,227.88,217.18,10.7,-7.563,4.423,5.669,80.189,308.069,-2998,,,,
2026-09-27T21:49:59.000Z,1790545799.000,32.64980106,-117.203334605,0.968,211.545,200.845,228.797,218.097,10.7,-5.508,4.538,5.668,79.493,308.29,-2999,,,,
2026-09-27T21:50:00.000Z,1790545800.000,32.649798069,-117.203338857,0.934,244.078,233.378,231.528,220.828,10.7,-7.206,3.466,5.667,76.976,308.505,-3000,,,,
2026-09-27T21:50:01.000Z,1790545801.000,32.64979638,-117.203345096,1.336,256.191,245.491,233.184,222.484,10.7,-7.492,3.548,5.666,75.541,308.725,-3001,,,,
2026-09-27T21:50:02.000Z,1790545802.000,32.649793852,-117.203353621,1.778,254.471,243.771,235.63,224.93,10.7,-6.388,4.739,5.664,73.31,308.94,-3002,,,,
2026-09-27T21:50:03.000Z,1790545803.000,32.649790495,-117.203362915,1.8,245.21,234.51,234.805,224.105,10.7,-8.078,3.943,5.663,74.362,309.167,-3003,,,,
2026-09-27T21:50:04.000Z,1790545804.000,32.649786743,-117.203372607,1.969,244.247,233.547,236.965,226.265,10.7,-7.392,3.877,5.662,72.448,309.413,-3004,,,,
2026-09-27T21:50:05.000Z,1790545805.000,32.649782757,-117.203382375,1.737,245.684,234.984,237.01,226.31,10.7,-3.404,5.759,5.661,72.634,309.644,-3005,,,,
2026-09-27T21:50:06.000Z,1790545806.000,32.649778009,-117.203390668,1.616,229.034,218.334,233.907,223.207,10.7,-4.299,5.546,5.66,75.956,309.863,-3006,,,,
2026-09-27T21:50:07.000Z,1790545807.000,32.649773897,-117.203397571,1.7,229.709,219.009,234.064,223.364,10.7,-3.835,0.868,5.659,76.018,310.082,-3007,,,,
2026-09-27T21:50:08.000Z,1790545808.000,32.649769988,-117.203405089,1.636,241.684,230.984,235.036,224.336,10.7,-3.336,6.703,5.658,75.261,310.297,-3008,,,,
2026-09-27T21:50:09.000Z,1790545809.000,32.649765532,-117.203414481,1.716,239.834,229.134,231.339,220.639,10.7,-4.977,3.588,5.657,79.17,310.509,-3009,,,,
2026-09-27T21:50:10.000Z,1790545810.000,32.649761453,-117.203423163,1.763,247.385,236.685,229.658,218.958,10.7,-6.063,5.132,5.656,81.067,310.725,-3010,,,,
2026-09-27T21:50:11.000Z,1790545811.000,32.649758135,-117.203429698,1.067,232.804,222.104,225.799,215.099,10.7,-5.301,6.163,5.654,85.12,310.919,-3011,,,,
2026-09-27T21:50:12.000Z,1790545812.000,32.649754447,-117.20343497,1.394,241.694,230.994,228.477,217.777,10.7,-2.977,0.66,5.653,82.688,311.165,-3012,,,,
2026-09-27T21:50:13.000Z,1790545813.000,32.649750064,-117.203441258,1.807,219.83,209.13,225.929,215.229,10.7,-3.156,8.329,5.652,85.474,311.403,-3013,,,,
2026-09-27T21:50:14.000Z,1790545814.000,32.649744255,-117.203450722,2.265,234.661,223.961,225.787,215.087,10.7,-0.335,1.739,5.651,85.853,311.641,-3014,,,,
2026-09-27T21:50:15.000Z,1790545815.000,32.649737224,-117.203459411,2.557,214.591,203.891,223.131,212.431,10.7,-4.484,6.608,5.65,88.723,311.853,-3015,,,,
2026-09-27T21:50:16.000Z,1790545816.000,32.649730157,-117.203467914,1.986,231.73,221.03,225.286,214.586,10.7,-4.471,3.571,5.649,86.777,312.062,-3016,,,,
2026-09-27T21:50:17.000Z,1790545817.000,32.6497237,-117.203476169,2.323,225.654,214.954,226.969,216.269,10.7,-3.877,3.77,5.648,85.308,312.277,-3017,,,,
2026-09-27T21:50:18.000Z,1790545818.000,32.649718692,-117.203485115,1.835,242.161,231.461,229.905,219.205,10.7,-3.773,5.805,5.647,82.597,312.502,-3018,,,,
2026-09-27T21:50:19.000Z,1790545819.000,32.649715303,-117.203493325,1.666,249.106,238.406,232.798,222.098,10.7,-6.263,4.012,5.646,79.932,312.731,-3019,,,,
2026-09-27T21:50:20.000Z,1790545820.000,32.649713474,-117.203499294,0.937,256.82,246.12,236.204,225.504,10.7,-6.763,7.11,5.644,76.75,312.954,-3020,,,,
2026-09-27T21:50:21.000Z,1790545821.000,32.649713131,-117.203506135,1.369,269.826,259.126,240.631,229.931,10.7,-2.703,2.059,5.643,72.543,313.174,-3021,,,,
2026-09-27T21:50:22.000Z,1790545822.000,32.649711701,-117.203513994,1.433,260.363,249.663,243.731,233.031,10.7,-1.5,6.102,5.642,69.66,313.391,-3022,,,,
2026-09-27T21:50:23.000Z,1790545823.000,32.649708584,-117.203524261,2.178,246.98,236.28,241.271,230.571,10.7,-2.732,3.697,5.641,72.337,313.608,-3023,,,,
2026-09-27T21:50:24.000Z,1790545824.000,32.649705126,-117.203534434,2.062,250.703,240.003,242.874,232.174,10.7,-1.727,6.451,5.64,70.969,313.843,-3024,,,,
2026-09-27T21:50:25.000Z,1790545825.000,32.649700903,-117.203544811,2.076,230.996,220.296,239.714,229.014,10.7,-1.959,4.811,5.639,74.362,314.076,-3025,,,,
2026-09-27T21:50:26.000Z,1790545826.000,32.649695806,-117.203554988,2.034,241.889,231.189,239.27,228.57,10.7,-2.74,3.66,5.638,75.006,314.276,-3026,,,,
2026-09-27T21:50:27.000Z,1790545827.000,32.649691461,-117.203563458,1.764,229.082,218.382,238.828,228.128,10.7,-3.4,5.481,5.637,75.65,314.478,-3027,,,,
2026-09-27T21:50:28.000Z,1790545828.000,32.649687292,-117.203570639,1.492,233.84,223.14,238.238,227.538,10.7,-4.177,3.093,5.636,76.494,314.732,-3028,,,,
2026-09-27T21:50:29.000Z,1790545829.000,32.649684493,-117.203577668,1.269,252.079,241.379,240.846,230.146,10.7,-5.439,5.462,5.634,74.097,314.943,-3029,,,,
2026-09-27T21:50:30.000Z,1790545830.000,32.649683302,-117.20358479,1.266,262.144,251.444,241.93,231.23,10.7,-4.43,2.936,5.633,73.216,315.146,-3030,,,,
2026-09-27T21:50:31.000Z,1790545831.000,32.649680849,-117.20359399,1.929,247.119,236.419,243.022,232.323,10.7,-5.929,5.539,5.632,72.338,315.361,-3031,,,,
2026-09-27T21:50:32.000Z,1790545832.000,32.649678,-117.203604942,2.2,255.301,244.601,244.279,233.579,10.7,-3.92,2.898,5.631,71.311,315.591,-3032,,,,
2026-09-27T21:50:33.000Z,1790545833.000,32.649674693,-117.20361609,1.796,249.484,238.784,242.536,231.836,10.7,-3.668,6.818,5.63,73.281,315.817,-3033,,,,
2026-09-27T21:50:34.000Z,1790545834.000,32.649671675,-117.203624275,1.5,245.215,234.515,242.47,231.77,10.7,-5.205,3.485,5.629,73.562,316.032,-3034,,,,
2026-09-27T21:50:35.000Z,1790545835.000,32.649669731,-117.203630254,1.038,234.986,224.286,242.977,232.277,10.7,-4.661,6.023,5.628,73.274,316.251,-3035,,,,
2026-09-27T21:50:36.000Z,1790545836.000,32.649667254,-117.203636524,1.215,253.504,242.804,246.045,235.345,10.7,-3.284,1.422,5.627,70.442,316.487,-3036,,,,
2026-09-27T21:50:37.000Z,1790545837.000,32.649664498,-117.20364458,1.835,255.847,245.147,248.237,237.537,10.7,-4.263,5.335,5.626,68.479,316.716,-3037,,,,
2026-09-27T21:50:38.000Z,1790545838.000,32.649662367,-117.203653928,1.501,259.894,249.194,247.336,236.636,10.7,-3.23,4.503,5.624,69.593,316.929,-3038,,,,
2026-09-27T21:50:39.000Z,1790545839.000,32.649660863,-117.203662804,1.7,270.794,260.094,248.971,238.271,10.7,-4.812,5.107,5.623,68.18,317.15,-3039,,,,
2026-09-27T21:50:40.000Z,1790545840.000,32.649660491,-117.203671685,1.661,261.99,251.29,247.282,236.582,10.7,-3.349,3.661,5.622,70.082,317.364,-3040,,,,
2026-09-27T21:50:41.000Z,1790545841.000,32.649658601,-117.203679928,1.5,260.231,249.531,247.299,236.599,10.7,-4.77,5.463,5.621,70.269,317.568,-3041,,,,
2026-09-27T21:50:42.000Z,1790545842.000,32.649656672,-117.203687248,1.497,252.247,241.547,247.566,236.865,10.7,-3.71,3.834,5.62,70.189,317.755,-3042,,,,
2026-09-27T21:50:43.000Z,1790545843.000,32.649653853,-117.203695221,1.564,243.186,232.486,245.891,235.191,10.7,-3.685,4.972,5.619,72.13,318.021,-3043,,,,
2026-09-27T21:50:44.000Z,1790545844.000,32.649651022,-117.203702972,1.331,257.067,246.367,247.169,236.469,10.7,-4.355,5.278,5.618,71.091,318.261,-3044,,,,
2026-09-27T21:50:45.000Z,1790545845.000,32.649648734,-117.203710264,1.433,256.43,245.729,246.467,235.767,10.7,-4.134,2.932,5.617,71.998,318.465,-3045,,,,
2026-09-27T21:50:46.000Z,1790545846.000,32.64964691,-117.203718965,1.995,253.577,242.877,246.51,235.81,10.7,-2.58,4.285,5.616,72.162,318.672,-3046,,,,
2026-09-27T21:50:47.000Z,1790545847.000,32.649643245,-117.203728447,1.762,244.457,233.757,243.115,232.415,10.7,-5.77,5.494,5.614,75.767,318.882,-3047,,,,
2026-09-27T21:50:48.000Z,1790545848.000,32.649639116,-117.203737783,1.938,247.422,236.722,241.416,230.716,10.7,-4.031,3.923,5.613,77.68,319.096,-3048,,,,
2026-09-27T21:50:49.000Z,1790545849.000,32.649635195,-117.203747511,2.1,241.463,230.763,240.731,230.031,10.7,-2.767,2.802,5.612,78.598,319.33,-3049,,,,
2026-09-27T21:50:50.000Z,1790545850.000,32.649630416,-117.203758197,2.4,237.303,226.603,237.511,226.811,10.7,-5.176,5.954,5.611,82.069,319.579,-3050,,,,
2026-09-27T21:50:51.000Z,1790545851.000,32.649627118,-117.203765828,1.497,247.146,236.446,235.072,224.372,10.7,-3.775,4.669,5.61,84.739,319.811,-3051,,,,
2026-09-27T21:50:52.000Z,1790545852.000,32.649624587,-117.203770849,1.308,227.788,217.088,234.949,224.249,10.7,-5.56,3.16,5.609,85.077,320.026,-3052,,,,
2026-09-27T21:50:53.000Z,1790545853.000,32.649621737,-117.20377696,1.366,236.556,225.856,235.637,224.937,10.7,-3.538,4.663,5.608,84.591,320.227,-3053,,,,
2026-09-27T21:50:54.000Z,1790545854.000,32.649619338,-117.20378308,1.238,250.474,239.774,233.229,222.529,10.7,-3.673,3.738,5.607,87.253,320.482,-3054,,,,
2026-09-27T21:50:55.000Z,1790545855.000,32.649617488,-117.203787737,0.942,251.824,241.124,232.342,221.642,10.7,-4.034,5.646,5.606,88.369,320.711,-3055,,,,
2026-09-27T21:50:56.000Z,1790545856.000,32.649614271,-117.203793228,1.266,231.962,221.262,231.898,221.198,10.7,-5.269,2.055,5.604,89.024,320.922,-3056,,,,
2026-09-27T21:50:57.000Z,1790545857.000,32.649611569,-117.203802122,1.9,255.702,245.002,234.735,224.035,10.7,-2.037,4.478,5.603,86.413,321.149,-3057,,,,
2026-09-27T21:50:58.000Z,1790545858.000,32.649607933,-117.203811207,1.726,237.756,227.056,228.4,217.7,10.7,-4.885,7.492,5.602,92.971,321.371,-3058,,,,
2026-09-27T21:50:59.000Z,1790545859.000,32.649603678,-117.203819437,1.7,236.083,225.383,225.547,214.847,10.7,-3.461,3.546,5.601,96.051,321.598,-3059,,,,
2026-09-27T21:51:00.000Z,1790545860.000,32.649598926,-117.203825441,1.533,224.683,213.983,225.267,214.567,10.7,-5.033,4.404,5.6,96.545,321.812,-3060,,,,
2026-09-27T21:51:01.000Z,1790545861.000,32.649594276,-117.203831155,1.438,232.028,221.328,226.003,215.303,10.7,-1.666,3.814,5.599,96.013,322.016,-3061,,,,
2026-09-27T21:51:02.000Z,1790545862.000,32.649589593,-117.203837187,1.573,233.977,223.277,226.88,216.18,10.7,-2.486,5.653,5.598,95.349,322.229,-3062,,,,
2026-09-27T21:51:03.000Z,1790545863.000,32.649583905,-117.203844673,1.752,225.592,214.892,227.548,216.848,10.7,-4.27,3.978,5.597,94.92,322.467,-3063,,,,
2026-09-27T21:51:04.000Z,1790545864.000,32.649578598,-117.203852569,1.933,224.615,213.915,227.099,216.399,10.7,-3.802,4.233,5.596,95.597,322.696,-3064,,,,
2026-09-27T21:51:05.000Z,1790545865.000,32.649573544,-117.203860912,1.674,240.15,229.45,229.43,218.73,10.7,-3.113,4.565,5.594,93.474,322.905,-3065,,,,
2026-09-27T21:51:06.000Z,1790545866.000,32.649568066,-117.203868117,1.8,225.207,214.507,228.883,218.183,10.7,-4.522,3.877,5.593,94.25,323.133,-3066,,,,
2026-09-27T21:51:07.000Z,1790545867.000,32.649563248,-117.203875165,1.5,233.7,223,227.576,216.876,10.7,-2.348,5.989,5.592,95.784,323.36,-3067,,,,
2026-09-27T21:51:08.000Z,1790545868.000,32.649559035,-117.203882564,1.501,247.319,236.619,225.135,214.435,10.7,-1.232,2.766,5.591,98.435,323.57,-3068,,,,
2026-09-27T21:51:09.000Z,1790545869.000,32.64955515,-117.203888435,1.436,236.739,226.039,223.736,213.036,10.7,-5.043,5.85,5.59,100.06,323.796,-3069,,,,
2026-09-27T21:51:10.000Z,1790545870.000,32.649552237,-117.203894144,1.019,233.561,222.861,220.898,210.198,10.7,-3.581,3.189,5.589,103.139,324.036,-3070,,,,
2026-09-27T21:51:11.000Z,1790545871.000,32.649548595,-117.203897808,1.168,228.221,217.521,222.543,211.843,10.7,-5.93,5.014,5.588,101.71,324.253,-3071,,,,
2026-09-27T21:51:12.000Z,1790545872.000,32.649546208,-117.203903258,1.197,230.057,219.357,221.171,210.471,10.7,-0.466,4.551,5.587,103.322,324.493,-3072,,,,
2026-09-27T21:51:13.000Z,1790545873.000,32.649541455,-117.203908327,1.6,222.077,211.377,222.182,211.482,10.7,-4.161,3.61,5.586,102.524,324.706,-3073,,,,
2026-09-27T21:51:14.000Z,1790545874.000,32.649537547,-117.203914837,1.577,229.826,219.126,224,213.3,10.7,-1.37,3.562,5.584,100.91,324.91,-3074,,,,
2026-09-27T21:51:15.000Z,1790545875.000,32.6495326,-117.2039207,1.467,209.166,198.466,222.367,211.667,10.7,-2.967,6.733,5.583,102.768,325.135,-3075,,,,
2026-09-27T21:51:16.000Z,1790545876.000,32.649527173,-117.203925856,1.632,225.375,214.675,226.992,216.292,10.7,-3.976,2.305,5.582,98.34,325.332,-3076,,,,
2026-09-27T21:51:17.000Z,1790545877.000,32.649522788,-117.203932724,1.928,237.1,226.4,230.712,220.012,10.7,-3.764,4.72,5.581,94.87,325.582,-3077,,,,
2026-09-27T21:51:18.000Z,1790545878.000,32.649518812,-117.203941585,1.7,245.627,234.927,232.061,221.361,10.7,-3.661,4.5,5.58,93.76,325.82,-3078,,,,
2026-09-27T21:51:19.000Z,1790545879.000,32.64951483,-117.203949341,1.667,231.604,220.904,231.869,221.169,10.7,-3.966,4.861,5.579,94.164,326.033,-3079,,,,
2026-09-27T21:51:20.000Z,1790545880.000,32.649512239,-117.203956215,1.331,249.805,239.105,233.692,222.992,10.7,-1.273,5.696,5.578,92.566,326.258,-3080,,,,
2026-09-27T21:51:21.000Z,1790545881.000,32.649509669,-117.203962839,1.315,232.079,221.379,232.854,222.154,10.7,-1.377,2.955,5.577,93.601,326.454,-3081,,,,
2026-09-27T21:51:22.000Z,1790545882.000,32.649505735,-117.203969473,1.9,232.152,221.452,234.07,223.37,10.7,-4.7,4.47,5.576,92.598,326.667,-3082,,,,
2026-09-27T21:51:23.000Z,1790545883.000,32.649501463,-117.203977108,1.6,236.363,225.663,234.066,223.366,10.7,-3.2,2.9,5.574,92.848,326.914,-3083,,,,
2026-09-27T21:51:24.000Z,1790545884.000,32.64949721,-117.203983521,1.466,231.842,221.141,233.6,222.9,10.7,-2.376,5.493,5.573,93.546,327.146,-3084,,,,
2026-09-27T21:51:25.000Z,1790545885.000,32.649493969,-117.20398797,1.115,220.336,209.636,234.023,223.323,10.7,-3.201,4.345,5.572,93.343,327.367,-3085,,,,
2026-09-27T21:51:26.000Z,1790545886.000,32.649491162,-117.203992276,1.035,241.111,230.411,234.632,223.932,10.7,-4.265,1.873,5.571,92.963,327.595,-3086,,,,
2026-09-27T21:51:27.000Z,1790545887.000,32.649488455,-117.203998518,1.491,244.491,233.791,232.155,221.455,10.7,-3.518,5.964,5.57,95.545,327.7,-3087,,,,
2026-09-27T21:51:28.000Z,1790545888.000,32.64948545,-117.204005734,1.539,230.545,219.845,227.227,216.527,10.7,-2.606,3.661,5.569,100.385,327.612,-3088,,,,
2026-09-27T21:51:29.000Z,1790545889.000,32.649480977,-117.204010825,1.343,226.997,216.297,226.081,215.381,10.7,-6.079,4.702,5.568,101.533,327.614,-3089,,,,
2026-09-27T21:51:30.000Z,1790545890.000,32.649477439,-117.204016787,1.468,242.162,231.462,227.368,216.668,10.7,-3.137,1.868,5.567,100.622,327.991,-3090,,,,
2026-09-27T21:51:31.000Z,1790545891.000,32.649472989,-117.204023805,1.7,230.926,220.226,225.341,214.641,10.7,-3.523,5.6,5.566,102.736,328.078,-3091,,,,
2026-09-27T21:51:32.000Z,1790545892.000,32.649467725,-117.204030094,1.381,231.015,220.315,221.303,210.603,10.7,-4.184,4.254,5.564,107.236,328.539,-3092,,,,
2026-09-27T21:51:33.000Z,1790545893.000,32.649462981,-117.204033406,0.962,195.837,185.137,219.769,209.069,10.7,-3.475,3.955,5.563,108.525,328.293,-3093,,,,
2026-09-27T21:51:34.000Z,1790545894.000,32.649459039,-117.204034963,1.161,201.754,191.054,221.026,210.326,10.7,-3.366,3.997,5.562,106.593,327.619,-3094,,,,
2026-09-27T21:51:35.000Z,1790545895.000,32.649455846,-117.204039013,1.259,234.235,223.535,224.63,213.93,10.7,-3.065,2.481,5.561,102.459,327.088,-3095,,,,
2026-09-27T21:51:36.000Z,1790545896.000,32.64945169,-117.204046221,1.691,240.281,229.581,222.017,211.317,10.7,-2.128,5.81,5.56,104.707,326.724,-3096,,,,
2026-09-27T21:51:37.000Z,1790545897.000,32.64944744,-117.204053141,1.43,231.411,220.711,219.76,209.06,10.7,-3.33,4.76,5.559,106.854,326.614,-3097,,,,
2026-09-27T21:51:38.000Z,1790545898.000,32.649442861,-117.204057972,1.267,212.835,202.135,218.5,207.8,10.7,-4.737,2.472,5.558,108.193,326.693,-3098,,,,
2026-09-27T21:51:39.000Z,1790545899.000,32.649439179,-117.204062952,1.2,225.287,214.587,219.77,209.07,10.7,-1.674,5.357,5.557,106.989,326.759,-3099,,,,
2026-09-27T21:51:40.000Z,1790545900.000,32.649434044,-117.204067994,1.568,212.732,202.032,218.162,207.462,10.7,-3.932,3.249,5.556,108.608,326.77,-3100,,,,
2026-09-27T21:51:41.000Z,1790545901.000,32.649428762,-117.204073638,1.57,223.719,213.019,217.351,206.651,10.7,-2.179,5.2,5.554,109.252,326.602,-3101,,,,
2026-09-27T21:51:42.000Z,1790545902.000,32.649423463,-117.204078337,1.433,221.945,211.245,217.967,207.267,10.7,-3.131,1.831,5.553,108.224,326.191,-3102,,,,
2026-09-27T21:51:43.000Z,1790545903.000,32.649418748,-117.204083317,1.6,217.174,206.474,217.93,207.23,10.7,-3.487,5.33,5.552,107.834,325.764,-3103,,,,
2026-09-27T21:51:44.000Z,1790545904.000,32.64941438,-117.204087896,1.262,221.356,210.656,219.048,208.348,10.7,-5.682,3.266,5.551,106.388,325.436,-3104,,,,
2026-09-27T21:51:45.000Z,1790545905.000,32.64941023,-117.204093006,1.433,227.252,216.552,222.069,211.369,10.7,-2.662,4.1,5.55,103.108,325.177,-3105,,,,
2026-09-27T21:51:46.000Z,1790545906.000,32.649406515,-117.204098515,1.43,227.025,216.325,221.83,211.13,10.7,-3.38,4.7,5.549,103.05,324.88,-3106,,,,
2026-09-27T21:51:47.000Z,1790545907.000,32.649402109,-117.204104475,1.339,226.728,216.028,223.323,212.623,10.7,-2.871,2.809,5.548,101.493,324.816,-3107,,,,
2026-09-27T21:51:48.000Z,1790545908.000,32.649398379,-117.204110422,1.34,232.986,222.286,224.22,213.52,10.7,-2.74,4.802,5.547,101.025,325.245,-3108,,,,
2026-09-27T21:51:49.000Z,1790545909.000,32.649393855,-117.204116645,1.503,226.998,216.298,223.294,212.594,10.7,-2.303,2.897,5.546,102.241,325.534,-3109,,,,
2026-09-27T21:51:50.000Z,1790545910.000,32.649388747,-117.204121123,1.365,215.696,204.996,222.3,211.6,10.7,-3.957,5.443,5.544,103,325.3,-3110,,,,
2026-09-27T21:51:51.000Z,1790545911.000,32.649383515,-117.204125285,1.225,219.231,208.531,224.761,214.061,10.7,-2.354,2.302,5.543,100.346,325.107,-3111,,,,
2026-09-27T21:51:52.000Z,1790545912.000,32.649379338,-117.204131724,1.63,236.543,225.843,225.919,215.219,10.7,0.327,4.162,5.542,98.768,324.687,-3112,,,,
2026-09-27T21:51:53.000Z,1790545913.000,32.649374757,-117.204137079,1.428,223.127,212.427,226.475,215.775,10.7,-6.943,5.218,5.541,98.111,324.586,-3113,,,,
2026-09-27T21:51:54.000Z,1790545914.000,32.649371969,-117.204142095,0.934,228.289,217.589,227.666,216.966,10.7,-2.84,3.497,5.54,97.418,325.084,-3114,,,,
2026-09-27T21:51:55.000Z,1790545915.000,32.649368328,-117.204146145,1.064,210.552,199.852,229.48,218.78,10.7,-3.08,5.219,5.539,95.921,325.4,-3115,,,,
2026-09-27T21:51:56.000Z,1790545916.000,32.64936499,-117.204152525,1.5,250.661,239.961,234.805,224.105,10.7,-2.839,1.934,5.538,91.009,325.814,-3116,,,,
2026-09-27T21:51:57.000Z,1790545917.000,32.649361495,-117.204160078,1.33,237.54,226.84,235.838,225.138,10.7,-2.735,6.965,5.537,89.873,325.711,-3117,,,,
2026-09-27T21:51:58.000Z,1790545918.000,32.64935895,-117.204165906,1.128,241.227,230.527,236.564,225.864,10.7,-1.636,3.221,5.536,89.124,325.688,-3118,,,,
2026-09-27T21:51:59.000Z,1790545919.000,32.64935649,-117.204169359,0.862,233.691,222.991,240.845,230.145,10.7,-3.962,4,5.534,84.767,325.612,-3119,,,,
2026-09-27T21:52:00.000Z,1790545920.000,32.649355362,-117.204174061,0.977,259.14,248.44,245.722,235.022,10.7,-1.193,4.207,5.533,79.78,325.503,-3120,,,,
2026-09-27T21:52:01.000Z,1790545921.000,32.649354398,-117.204180375,1.402,262.386,251.686,248.07,237.37,10.7,-1.033,4.369,5.532,77.461,325.531,-3121,,,,
2026-09-27T21:52:02.000Z,1790545922.000,32.64935264,-117.204188245,1.465,253.123,242.424,250.195,239.495,10.7,-2.005,4.515,5.531,75.495,325.69,-3122,,,,
2026-09-27T21:52:03.000Z,1790545923.000,32.649351213,-117.204195334,1.362,255.422,244.722,251.46,240.76,10.7,-1.366,4.574,5.53,74.392,325.852,-3123,,,,
2026-09-27T21:52:04.000Z,1790545924.000,32.649350062,-117.204203234,1.4,262.269,251.569,254.776,244.076,10.7,-1.945,2.573,5.529,71.15,325.926,-3124,,,,
2026-09-27T21:52:05.000Z,1790545925.000,32.649347868,-117.204211163,1.766,245.253,234.553,257.765,247.065,10.7,-3.798,5.067,5.528,68.287,326.052,-3125,,,,
2026-09-27T21:52:06.000Z,1790545926.000,32.6493464,-117.204219474,1.5,260.983,250.283,260.987,250.287,10.7,-1.47,3.878,5.527,65.247,326.234,-3126,,,,
2026-09-27T21:52:07.000Z,1790545927.000,32.649345776,-117.204227531,1.224,265.064,254.364,262.062,251.362,10.7,0.579,4.283,5.526,64.435,326.497,-3127,,,,
2026-09-27T21:52:08.000Z,1790545928.000,32.649344932,-117.204235089,1.436,270.402,259.702,265.34,254.64,10.7,-3.317,3.855,5.524,60.9,326.24,-3128,,,,
2026-09-27T21:52:09.000Z,1790545929.000,32.649345066,-117.204241131,0.966,278.92,268.22,269.397,258.697,10.7,-2.871,4.999,5.523,56.546,325.943,-3129,,,,
2026-09-27T21:52:10.000Z,1790545930.000,32.649346027,-117.204247071,1.083,283.314,272.614,271.324,260.624,10.7,-0.473,4.071,5.522,54.027,325.351,-3130,,,,
2026-09-27T21:52:11.000Z,1790545931.000,32.649347012,-117.204252605,0.971,278.943,268.243,277.264,266.564,10.7,-3.929,3.5,5.521,47.758,325.022,-3131,,,,
2026-09-27T21:52:12.000Z,1790545932.000,32.649349207,-117.204258015,1.168,301.551,290.851,282.15,271.45,10.7,-2.693,5.172,5.52,42.746,324.896,-3132,,,,
2026-09-27T21:52:13.000Z,1790545933.000,32.649351297,-117.204265053,1.534,276.576,265.876,285.3,274.6,10.7,-2.477,2.829,5.519,39.536,324.836,-3133,,,,
2026-09-27T21:52:14.000Z,1790545934.000,32.649353759,-117.204272707,1.662,306.489,295.789,286.773,276.073,10.7,-0.045,5.048,5.518,37.92,324.692,-3134,,,,
2026-09-27T21:52:15.000Z,1790545935.000,32.649357889,-117.204278329,1.37,320.97,310.27,291.098,280.398,10.7,2.281,3.63,5.517,33.483,324.581,-3135,,,,
2026-09-27T21:52:16.000Z,1790545936.000,32.649361231,-117.204282695,0.934,309.968,299.268,294.398,283.698,10.7,-5.7,4.097,5.516,30.156,324.554,-3136,,,,
2026-09-27T21:52:17.000Z,1790545937.000,32.649365486,-117.204285597,1.362,348.921,338.221,299.183,288.483,10.7,-0.524,4.438,5.514,25.416,324.599,-3137,,,,
2026-09-27T21:52:18.000Z,1790545938.000,32.649369409,-117.204288471,0.862,323.377,312.677,302.147,291.447,10.7,-0.045,4.15,5.513,22.39,324.537,-3138,,,,
2026-09-27T21:52:19.000Z,1790545939.000,32.649372613,-117.204290444,0.9,330.048,319.348,307.019,296.319,10.7,-0.843,3.499,5.512,17.344,324.363,-3139,,,,
2026-09-27T21:52:20.000Z,1790545940.000,32.649375034,-117.204294237,1.067,286.743,276.043,310.135,299.435,10.7,-3.267,5.07,5.511,14.2,324.335,-3140,,,,
2026-09-27T21:52:21.000Z,1790545941.000,32.649377311,-117.204301034,1.462,290.404,279.704,309.36,298.66,10.7,1.396,3.7,5.51,14.711,324.071,-3141,,,,
2026-09-27T21:52:22.000Z,1790545942.000,32.649379724,-117.204309076,1.762,279.884,269.184,312.157,301.457,10.7,-0.91,4.414,5.509,12.005,324.162,-3142,,,,
2026-09-27T21:52:23.000Z,1790545943.000,32.649382519,-117.204316609,1.4,319.526,308.826,310.796,300.096,10.7,-3.581,4.519,5.508,13.475,324.271,-3143,,,,
2026-09-27T21:52:24.000Z,1790545944.000,32.649387931,-117.204320298,1.499,330.543,319.843,318.431,307.731,10.7,1.967,3.832,5.507,5.973,324.404,-3144,,,,
2026-09-27T21:52:25.000Z,1790545945.000,32.649392373,-117.204324737,1.4,316.996,306.296,318.636,307.936,10.7,-5.873,4.209,5.506,6.031,324.666,-3145,,,,
2026-09-27T21:52:26.000Z,1790545946.000,32.64939939,-117.2043268,2.378,7.657,356.957,325.249,314.549,10.7,6.445,4.558,5.504,-0.492,324.757,-3146,,,,
2026-09-27T21:52:27.000Z,1790545947.000,32.649409003,-117.204329602,2.233,331.552,320.852,331.231,320.531,10.7,1.727,4.737,5.503,-6.422,324.809,-3147,,,,
2026-09-27T21:52:28.000Z,1790545948.000,32.649418393,-117.204334165,2.167,348.897,338.197,331.031,320.331,10.7,-6.23,3.633,5.502,-6.041,324.99,-3148,,,,
2026-09-27T21:52:29.000Z,1790545949.000,32.649429028,-117.204336255,2.709,350.7,340,336.473,325.773,10.7,2.891,2.673,5.501,-11.081,325.392,-3149,,,,
2026-09-27T21:52:30.000Z,1790545950.000,32.649439056,-117.204338885,2,348.227,337.527,341.556,330.856,10.7,4.216,8.014,5.5,-15.669,325.887,-3150,,,,
2026-09-27T21:52:31.000Z,1790545951.000,32.649450329,-117.204343566,2.666,346.42,335.72,329.303,318.603,10.7,-10.166,3.032,5.499,-3.058,326.245,-3151,,,,
2026-09-27T21:52:32.000Z,1790545952.000,32.64946325,-117.204343265,2.959,2.096,351.396,343.759,333.059,10.7,9.372,3.903,5.498,-17.237,326.522,-3152,,,,
2026-09-27T21:52:33.000Z,1790545953.000,32.649474151,-117.2043469,2.275,344.492,333.792,332.15,321.45,10.7,-2.464,5.251,5.497,-5.197,326.954,-3153,,,,
2026-09-27T21:52:34.000Z,1790545954.000,32.649485456,-117.204349647,2.631,352.848,342.148,331.501,320.801,10.7,-2.692,2.569,5.496,-3.94,327.561,-3154,,,,
2026-09-27T21:52:35.000Z,1790545955.000,32.649496037,-117.204353168,2.801,340.824,330.124,334.905,324.205,10.7,4.571,5.134,5.494,-6.862,328.043,-3155,,,,
2026-09-27T21:52:36.000Z,1790545956.000,32.649505972,-117.204359509,2.764,325.727,315.027,328.455,317.755,10.7,-4.015,3.718,5.493,-0.2,328.254,-3156,,,,
2026-09-27T21:52:37.000Z,1790545957.000,32.64951769,-117.204364721,2.724,345.731,335.031,343.42,332.72,10.7,5.104,6.548,5.492,-15.349,328.071,-3157,,,,
2026-09-27T21:52:38.000Z,1790545958.000,32.649528918,-117.204372078,2.668,326.448,315.748,330.482,319.782,10.7,-4.775,3.575,5.491,-3.007,327.475,-3158,,,,
2026-09-27T21:52:39.000Z,1790545959.000,32.64954072,-117.204376397,3.098,347.318,336.618,334.934,324.234,10.7,6.065,3.041,5.49,-7.499,327.435,-3159,,,,
2026-09-27T21:52:40.000Z,1790545960.000,32.649552692,-117.204381064,2.891,336.701,326.001,336,325.3,10.7,-2.548,5.8,5.489,-8.241,327.759,-3160,,,,
2026-09-27T21:52:41.000Z,1790545961.000,32.649565726,-117.204385111,2.83,354.268,343.568,329.626,318.926,10.7,-8.704,2.862,5.488,-1.38,328.245,-3161,,,,
2026-09-27T21:52:42.000Z,1790545962.000,32.649578597,-117.204385304,2.836,355.944,345.244,342.35,331.65,10.7,5.804,3.075,5.487,-13.666,328.684,-3162,,,,
2026-09-27T21:52:43.000Z,1790545963.000,32.649590159,-117.20438963,2.534,339.741,329.041,339.333,328.633,10.7,-4.995,6.062,5.486,-10.303,329.029,-3163,,,,
2026-09-27T21:52:44.000Z,1790545964.000,32.649601404,-117.204393483,2.583,348.865,338.165,336.35,325.65,10.7,-6.962,3.933,5.484,-6.992,329.358,-3164,,,,
2026-09-27T21:52:45.000Z,1790545965.000,32.649614557,-117.204391462,2.769,9.608,358.908,356.427,345.727,10.7,12.731,3.25,5.483,-26.975,329.451,-3165,,,,
2026-09-27T21:52:46.000Z,1790545966.000,32.649629137,-117.204393694,3.038,347.626,336.926,345.79,335.09,10.7,-4.103,4.3,5.482,-16.524,329.267,-3166,,,,
2026-09-27T21:52:47.000Z,1790545967.000,32.64964303,-117.204391929,2.938,9.203,358.503,352.098,341.398,10.7,-2.664,4.127,5.481,-23.134,328.963,-3167,,,,
2026-09-27T21:52:48.000Z,1790545968.000,32.649658048,-117.204389695,3.495,7.322,356.622,352.573,341.873,10.7,1.549,3.178,5.48,-23.879,328.694,-3168,,,,
2026-09-27T21:52:49.000Z,1790545969.000,32.649671956,-117.204387432,2.865,3.934,353.234,358.527,347.827,10.7,1.007,4.5,5.479,-30.053,328.475,-3169,,,,
2026-09-27T21:52:50.000Z,1790545970.000,32.649686414,-117.204386702,3.132,3.458,352.758,355.772,345.072,10.7,-8.06,4.306,5.478,-27.463,328.309,-3170,,,,
2026-09-27T21:52:51.000Z,1790545971.000,32.649701127,-117.204382203,3.373,19.157,8.457,7.247,356.547,10.7,4.72,4.29,5.477,-39.03,328.217,-3171,,,,
2026-09-27T21:52:52.000Z,1790545972.000,32.649716581,-117.204378152,3.139,10.048,359.348,10.021,359.321,10.7,1.228,5.576,5.476,-42.01,328.012,-3172,,,,
2026-09-27T21:52:53.000Z,1790545973.000,32.649731114,-117.204373292,2.902,17.433,6.733,5.242,354.542,10.7,-6.625,3.33,5.474,-37.627,327.615,-3173,,,,
2026-09-27T21:52:54.000Z,1790545974.000,32.649745646,-117.204362373,4.011,28.803,18.103,16.011,5.311,10.7,8.495,4.497,5.473,-49.054,326.957,-3174,,,,
2026-09-27T21:52:55.000Z,1790545975.000,32.649760192,-117.204353011,3.838,23.763,13.063,12.5,1.8,10.7,-0.377,3.598,5.472,-46.248,326.252,-3175,,,,
2026-09-27T21:52:56.000Z,1790545976.000,32.649774135,-117.204343426,3.273,33.128,22.428,13.158,2.458,10.7,-8.062,3.292,5.471,-47.54,325.618,-3176,,,,
2026-09-27T21:52:57.000Z,1790545977.000,32.649786146,-117.204333052,3.061,37.073,26.373,19.461,8.761,10.7,0.353,3.068,5.47,-54.191,325.27,-3177,,,,
2026-09-27T21:52:58.000Z,1790545978.000,32.649799215,-117.204322375,3.584,30.837,20.137,22.841,12.141,10.7,4.655,3.845,5.469,-57.859,324.982,-3178,,,,
2026-09-27T21:52:59.000Z,1790545979.000,32.649813481,-117.204311988,3.67,35.226,24.526,16.818,6.118,10.7,-1.919,5.546,5.468,-52.376,324.442,-3179,,,,
2026-09-27T21:53:00.000Z,1790545980.000,32.649827201,-117.204298067,3.9,40.018,29.318,30.658,19.958,10.7,3.118,4.168,5.467,-67.383,323.275,-3180,,,,
2026-09-27T21:53:01.000Z,1790545981.000,32.649840314,-117.204285288,3.534,40.08,29.38,33.463,22.763,10.7,-1.863,3.703,5.466,-71.36,322.104,-3181,,,,
2026-09-27T21:53:02.000Z,1790545982.000,32.649851396,-117.20427201,3.523,47.544,36.844,37.423,26.723,10.7,-1.709,3.9,5.464,-76.527,320.896,-3182,,,,
2026-09-27T21:53:03.000Z,1790545983.000,32.64986219,-117.204257084,3.461,48.474,37.774,40.505,29.805,10.7,-0.012,4.012,5.463,-81.333,319.171,-3183,,,,
2026-09-27T21:53:04.000Z,1790545984.000,32.649871873,-117.204241122,3.533,55.465,44.765,45.138,34.438,10.7,0.37,3.503,5.462,-87.679,317.459,-3184,,,,
2026-09-27T21:53:05.000Z,1790545985.000,32.649881227,-117.204224688,3.628,61.589,50.889,46.685,35.985,10.7,-2.922,4.342,5.461,-90.801,315.884,-3185,,,,
2026-09-27T21:53:06.000Z,1790545986.000,32.649888303,-117.204206975,3.662,65.511,54.811,51.465,40.765,10.7,-1.358,3.4,5.46,-96.824,314.641,-3186,,,,
2026-09-27T21:53:07.000Z,1790545987.000,32.649894319,-117.204187776,3.632,73.059,62.359,54.846,44.146,10.7,-0.505,3.027,5.459,-101.322,313.524,-3187,,,,
2026-09-27T21:53:08.000Z,1790545988.000,32.649899824,-117.204167696,4.096,72.962,62.262,58.258,47.558,10.7,0.406,4.07,5.458,-105.764,312.493,-3188,,,,
2026-09-27T21:53:09.000Z,1790545989.000,32.649905469,-117.204146783,3.783,73.408,62.708,62.4,51.7,10.7,-3.391,3.961,5.457,-110.966,311.434,-3189,,,,
2026-09-27T21:53:10.000Z,1790545990.000,32.649910183,-117.204126277,3.569,76.141,65.441,66.076,55.376,10.7,-1.29,4.607,5.456,-115.723,310.353,-3190,,,,
2026-09-27T21:53:11.000Z,1790545991.000,32.649913469,-117.20410861,3.033,83.922,73.222,69.837,59.137,10.7,-1.11,4.126,5.454,-120.417,309.42,-3191,,,,
2026-09-27T21:53:12.000Z,1790545992.000,32.649914629,-117.204093754,2.471,87.752,77.052,72.223,61.523,10.7,-4.347,3.777,5.453,-123.857,308.367,-3192,,,,
2026-09-27T21:53:13.000Z,1790545993.000,32.649914524,-117.204080755,2.2,87.609,76.909,72.067,61.367,10.7,-3.785,3.976,5.452,-124.995,307.073,-3193,,,,
2026-09-27T21:53:14.000Z,1790545994.000,32.649914431,-117.20406711,2.569,90.516,79.816,70.5,59.8,10.7,1.635,4.012,5.451,-124.603,305.897,-3194,,,,
2026-09-27T21:53:15.000Z,1790545995.000,32.649915332,-117.204051773,2.999,82.237,71.537,71.499,60.799,10.7,-2.764,3.199,5.45,-126.651,304.848,-3195,,,,
2026-09-27T21:53:16.000Z,1790545996.000,32.64991673,-117.204032663,3.73,85.845,75.145,73.547,62.847,10.7,-4.37,3.13,5.449,-129.736,303.811,-3196,,,,
2026-09-27T21:53:17.000Z,1790545997.000,32.6499178,-117.204012054,3.876,85.977,75.277,75.221,64.521,10.7,1.91,5.19,5.448,-132.6,302.621,-3197,,,,
2026-09-27T21:53:18.000Z,1790545998.000,32.649919279,-117.203992068,3.363,82.263,71.563,81.674,70.974,10.7,-1.105,4.516,5.447,-140.095,301.579,-3198,,,,
2026-09-27T21:53:19.000Z,1790545999.000,32.649921098,-117.203975588,2.9,85.79,75.09,82.698,71.998,10.7,-5.676,4.168,5.446,-142.044,300.654,-3199,,,,
2026-09-27T21:53:20.000Z,1790546000.000,32.649920379,-117.203961301,2.5,94.926,84.226,84.203,73.503,10.7,2.018,2.843,5.444,-144.42,299.783,-3200,,,,
2026-09-27T21:53:21.000Z,1790546001.000,32.64991959,-117.203947784,2.3,97.772,87.072,84.74,74.04,10.7,-4.189,4.9,5.443,-145.651,299.089,-3201,,,,
2026-09-27T21:53:22.000Z,1790546002.000,32.649917265,-117.203934742,2.535,100.799,90.099,86.297,75.597,10.7,0.03,4.935,5.442,-147.95,298.347,-3202,,,,
2026-09-27T21:53:23.000Z,1790546003.000,32.649913483,-117.203922655,2.234,122.419,111.719,88.89,78.19,10.7,-1.024,3.034,5.441,-151.279,297.611,-3203,,,,
2026-09-27T21:53:24.000Z,1790546004.000,32.649908801,-117.203911366,2.364,122.682,111.982,91,80.3,10.7,-4.818,5.318,5.44,-153.928,297.072,-3204,,,,
2026-09-27T21:53:25.000Z,1790546005.000,32.649902985,-117.203899806,2.47,133.581,122.881,90.93,80.23,10.7,2.518,3.83,5.439,-154.402,296.528,-3205,,,,
2026-09-27T21:53:26.000Z,1790546006.000,32.649897463,-117.203888158,2.501,117.927,107.227,91.834,81.134,10.7,0.83,4.269,5.438,-155.838,295.996,-3206,,,,
2026-09-27T21:53:27.000Z,1790546007.000,32.649893673,-117.203874591,2.734,108.049,97.349,94.261,83.561,10.7,-5.239,3.368,5.437,-158.831,295.43,-3207,,,,
2026-09-27T21:53:28.000Z,1790546008.000,32.649889103,-117.203861686,2.638,104.575,93.875,97.121,86.421,10.7,1.469,5.165,5.436,-162.562,294.558,-3208,,,,
2026-09-27T21:53:29.000Z,1790546009.000,32.649885691,-117.203849258,2.4,102.297,91.597,102.997,92.297,10.7,-0.536,3.539,5.434,-169.291,293.706,-3209,,,,
2026-09-27T21:53:30.000Z,1790546010.000,32.649884267,-117.203838067,2.133,97.008,86.308,106.267,95.567,10.7,-5.9,3.867,5.433,-173.3,292.967,-3210,,,,
2026-09-27T21:53:31.000Z,1790546011.000,32.649881786,-117.203828108,1.864,115.269,104.569,108.664,97.964,10.7,0.155,4.372,5.432,-176.517,292.147,-3211,,,,
2026-09-27T21:53:32.000Z,1790546012.000,32.649877574,-117.203818022,2,115.465,104.765,110.083,99.383,10.7,3.13,3.687,5.431,-178.472,291.611,-3212,,,,
2026-09-27T21:53:33.000Z,1790546013.000,32.649872949,-117.203807367,2.232,120.093,109.393,112.441,101.741,10.7,-5.095,3.813,5.43,178.927,291.368,-3213,,,,
2026-09-27T21:53:34.000Z,1790546014.000,32.6498666,-117.203798567,2.167,134.869,124.169,114.4,103.7,10.7,-3.6,4.9,5.429,176.779,291.179,-3214,,,,
2026-09-27T21:53:35.000Z,1790546015.000,32.649858288,-117.203789964,2.447,140.463,129.763,115.676,104.976,10.7,5.329,3.224,5.428,175.367,291.044,-3215,,,,
2026-09-27T21:53:36.000Z,1790546016.000,32.64985017,-117.203780599,2.329,134.203,123.503,116.753,106.053,10.7,-4.836,5.012,5.427,174.474,291.227,-3216,,,,
2026-09-27T21:53:37.000Z,1790546017.000,32.649841007,-117.203773638,2.433,151.251,140.551,118.333,107.633,10.7,-2.176,4.069,5.426,173.113,291.445,-3217,,,,
2026-09-27T21:53:38.000Z,1790546018.000,32.64983171,-117.203767444,2.2,143.572,132.872,117.302,106.602,10.7,2.744,4.296,5.424,174.424,291.726,-3218,,,,
2026-09-27T21:53:39.000Z,1790546019.000,32.649825264,-117.203758707,2.064,131.661,120.961,117.821,107.121,10.7,-5.057,4.2,5.423,174.303,292.124,-3219,,,,
2026-09-27T21:53:40.000Z,1790546020.000,32.64981807,-117.203752045,1.931,147.778,137.078,120,109.3,10.7,-0.208,5.1,5.422,172.504,292.504,-3220,,,,
2026-09-27T21:53:41.000Z,1790546021.000,32.649811815,-117.203743407,2.2,125.985,115.285,119.776,109.076,10.7,-1.244,4.008,5.421,173.02,292.797,-3221,,,,
2026-09-27T21:53:42.000Z,1790546022.000,32.649804678,-117.203733814,2.566,132.114,121.414,122.862,112.162,10.7,-2.272,4.236,5.42,170.028,292.89,-3222,,,,
2026-09-27T21:53:43.000Z,1790546023.000,32.649796945,-117.203723199,2.427,128.038,117.338,125.091,114.391,10.7,-2.264,5.155,5.419,168.053,293.144,-3223,,,,
2026-09-27T21:53:44.000Z,1790546024.000,32.649788755,-117.203712794,2.431,137.811,127.111,127.969,117.269,10.7,0.983,5.431,5.418,165.129,293.099,-3224,,,,
2026-09-27T21:53:45.000Z,1790546025.000,32.649779156,-117.203704892,2.5,148.529,137.829,129.37,118.67,10.7,1.191,3.603,5.417,163.789,293.159,-3225,,,,
2026-09-27T21:53:46.000Z,1790546026.000,32.649768379,-117.203697722,2.935,156.535,145.835,132.959,122.259,10.7,-3.43,4.446,5.416,160.35,293.31,-3226,,,,
2026-09-27T21:53:47.000Z,1790546027.000,32.649756551,-117.203691442,2.776,159.903,149.203,134.462,123.762,10.7,-3.261,5.982,5.414,159.073,293.535,-3227,,,,
2026-09-27T21:53:48.000Z,1790546028.000,32.649743633,-117.203686605,2.761,162.002,151.302,133.053,122.353,10.7,6.239,3.278,5.413,160.73,293.782,-3228,,,,
2026-09-27T21:53:49.000Z,1790546029.000,32.649732833,-117.2036796,2.833,146.754,136.054,131.733,121.033,10.7,-5.033,4.433,5.412,162.42,294.153,-3229,,,,
2026-09-27T21:53:50.000Z,1790546030.000,32.649721944,-117.203670833,2.865,148.527,137.827,131.341,120.641,10.7,-1.357,3.941,5.411,163.247,294.587,-3230,,,,
2026-09-27T21:53:51.000Z,1790546031.000,32.649711961,-117.20365971,3.061,129.625,118.925,130.6,119.9,10.7,3.2,3.917,5.41,164.095,294.695,-3231,,,,
2026-09-27T21:53:52.000Z,1790546032.000,32.649702086,-117.203644435,3.744,132.399,121.699,133.401,122.701,10.7,-1.849,3.924,5.409,161.121,294.522,-3232,,,,
2026-09-27T21:53:53.000Z,1790546033.000,32.649691911,-117.203630547,3.202,125.021,114.321,136.569,125.869,10.7,2.426,6.262,5.408,157.687,294.256,-3233,,,,
2026-09-27T21:53:54.000Z,1790546034.000,32.649680932,-117.203618735,3.124,149.433,138.733,141.121,130.421,10.7,-2.315,3.915,5.407,153.465,294.586,-3234,,,,
2026-09-27T21:53:55.000Z,1790546035.000,32.649667108,-117.203613344,3.262,164.999,154.299,147.718,137.018,10.7,-0.512,4.633,5.406,147.066,294.784,-3235,,,,
2026-09-27T21:53:56.000Z,1790546036.000,32.649651648,-117.203610268,3.536,180.547,169.847,157.333,146.633,10.7,-5.559,3.7,5.404,137.659,294.992,-3236,,,,
2026-09-27T21:53:57.000Z,1790546037.000,32.649635391,-117.203613159,3.476,188.708,178.008,166.172,155.472,10.7,-1.052,4.241,5.403,129.163,295.335,-3237,,,,
2026-09-27T21:53:58.000Z,1790546038.000,32.649620257,-117.20361753,3.361,193.869,183.169,171.891,161.191,10.7,-0.36,6.321,5.402,123.403,295.294,-3238,,,,
2026-09-27T21:53:59.000Z,1790546039.000,32.649604358,-117.203620024,3.2,194.167,183.467,179.355,168.655,10.7,-5.715,3.002,5.401,116.01,295.365,-3239,,,,
2026-09-27T21:54:00.000Z,1790546040.000,32.649591988,-117.203623434,2.6,187.237,176.537,182.203,171.503,10.7,1.733,1.786,5.4,113.503,295.706,-3240,,,,
2026-09-27T21:54:01.000Z,1790546041.000,32.649580468,-117.203626965,2.2,192.734,182.034,185.165,174.465,10.7,1.287,8.121,5.399,110.677,295.842,-3241,,,,
2026-09-27T21:54:02.000Z,1790546042.000,32.64956782,-117.203630865,2.612,199.747,189.047,188.976,178.276,10.7,-1.585,1.58,5.398,107.342,296.319,-3242,,,,
2026-09-27T21:54:03.000Z,1790546043.000,32.649556098,-117.203637132,3.061,202.236,191.536,189.123,178.423,10.7,1.515,2.528,5.397,107.7,296.822,-3243,,,,
2026-09-27T21:54:04.000Z,1790546044.000,32.649543424,-117.203644505,3.169,206.366,195.666,189.833,179.133,10.7,2.566,6.033,5.396,107.285,297.118,-3244,,,,
2026-09-27T21:54:05.000Z,1790546045.000,32.649529127,-117.203651272,3.178,198.891,188.191,191.844,181.144,10.7,-3.879,4.03,5.394,105.387,297.231,-3245,,,,
2026-09-27T21:54:06.000Z,1790546046.000,32.649516133,-117.203657917,2.878,206.41,195.71,197.428,186.728,10.7,-1.838,3.338,5.393,99.945,297.373,-3246,,,,
2026-09-27T21:54:07.000Z,1790546047.000,32.649504787,-117.203665676,2.794,215.821,205.121,202.944,192.244,10.7,1.013,5.438,5.392,94.922,297.867,-3247,,,,
2026-09-27T21:54:08.000Z,1790546048.000,32.649494947,-117.203675185,2.703,224.558,213.858,210.853,200.153,10.7,-2.977,3.587,5.391,87.813,298.666,-3248,,,,
2026-09-27T21:54:09.000Z,1790546049.000,32.64948843,-117.203686169,2.736,242.979,232.279,222.742,212.042,10.7,-2.788,3.646,5.39,76.745,299.487,-3249,,,,
2026-09-27T21:54:10.000Z,1790546050.000,32.649483915,-117.203698614,2.4,249.622,238.922,224.89,214.19,10.7,-1.761,6.308,5.389,75.2,300.09,-3250,,,,
2026-09-27T21:54:11.000Z,1790546051.000,32.649479961,-117.203711617,2.365,254.224,243.524,227.263,216.563,10.7,-0.106,1.688,5.388,73.298,300.561,-3251,,,,
2026-09-27T21:54:12.000Z,1790546052.000,32.649474842,-117.20372315,2.53,243.136,232.436,232.756,222.056,10.7,-2.622,5.402,5.387,68.526,301.282,-3252,,,,
2026-09-27T21:54:13.000Z,1790546053.000,32.649468464,-117.203736278,2.923,243.598,232.898,238.229,227.529,10.7,-0.335,3.413,5.386,63.28,301.509,-3253,,,,
2026-09-27T21:54:14.000Z,1790546054.000,32.649462279,-117.203750881,3.316,241.01,230.31,241.769,231.069,10.7,2.956,4.309,5.384,59.359,301.128,-3254,,,,
2026-09-27T21:54:15.000Z,1790546055.000,32.649455694,-117.203765079,2.631,241.405,230.705,246.308,235.608,10.7,-4.663,6.136,5.383,54.493,300.801,-3255,,,,
2026-09-27T21:54:16.000Z,1790546056.000,32.649451708,-117.203779664,2.565,251.683,240.983,247.139,236.439,10.7,1.604,1.919,5.382,53.883,301.022,-3256,,,,
2026-09-27T21:54:17.000Z,1790546057.000,32.64944952,-117.20379278,2.42,263.801,253.101,252.34,241.64,10.7,1.86,6.36,5.381,48.619,300.959,-3257,,,,
2026-09-27T21:54:18.000Z,1790546058.000,32.649447561,-117.203806583,2.479,258.57,247.87,253.346,242.646,10.7,-4.524,3.583,5.38,48.029,301.375,-3258,,,,
2026-09-27T21:54:19.000Z,1790546059.000,32.649449068,-117.203819909,2.333,284.134,273.434,255.797,245.097,10.7,0.899,3.698,5.379,45.798,301.595,-3259,,,,
2026-09-27T21:54:20.000Z,1790546060.000,32.649450458,-117.203830855,2.035,281.006,270.306,258.974,248.274,10.7,0.794,6.032,5.378,42.743,301.717,-3260,,,,
2026-09-27T21:54:21.000Z,1790546061.000,32.649450838,-117.203841813,1.837,275.365,264.665,258.925,248.225,10.7,-2.088,3.25,5.377,42.715,301.64,-3261,,,,
2026-09-27T21:54:22.000Z,1790546062.000,32.649450669,-117.20385386,2.031,270.167,259.467,262.707,252.007,10.7,-0.979,5.869,5.376,38.707,301.414,-3262,,,,
2026-09-27T21:54:23.000Z,1790546063.000,32.649450467,-117.203865359,2.066,265.549,254.849,260.133,249.433,10.7,1.871,3.496,5.374,41.039,301.172,-3263,,,,
2026-09-27T21:54:24.000Z,1790546064.000,32.649449443,-117.203876151,2.064,256.243,245.543,263.407,252.707,10.7,-1.937,3.756,5.373,37.827,301.233,-3264,,,,
2026-09-27T21:54:25.000Z,1790546065.000,32.649449083,-117.2038857,1.539,277.657,266.957,264.639,253.939,10.7,-0.478,5.573,5.372,36.99,301.629,-3265,,,,
2026-09-27T21:54:26.000Z,1790546066.000,32.6494501,-117.203895304,1.837,274.365,263.665,268.774,258.074,10.7,-0.274,2.994,5.371,33.13,301.905,-3266,,,,
2026-09-27T21:54:27.000Z,1790546067.000,32.649450894,-117.203905361,1.906,281.529,270.829,274.024,263.324,10.7,-2.27,3.87,5.37,27.752,301.776,-3267,,,,
2026-09-27T21:54:28.000Z,1790546068.000,32.649452941,-117.203916886,2.174,287.32,276.62,275.485,264.785,10.7,-0.511,3.133,5.369,25.667,301.152,-3268,,,,
2026-09-27T21:54:29.000Z,1790546069.000,32.649456185,-117.20392719,1.8,301.511,290.811,277.527,266.827,10.7,-1.427,6.137,5.368,22.612,300.139,-3269,,,,
2026-09-27T21:54:30.000Z,1790546070.000,32.649461365,-117.203934531,1.501,312.579,301.879,279.433,268.733,10.7,1.303,2.8,5.367,19.749,299.182,-3270,,,,
2026-09-27T21:54:31.000Z,1790546071.000,32.649466071,-117.203939936,1.621,309.193,298.493,285.5,274.8,10.7,-4.479,5.543,5.366,13.313,298.813,-3271,,,,
2026-09-27T21:54:32.000Z,1790546072.000,32.649470668,-117.20394708,1.539,302.555,291.855,287.784,277.084,10.7,-1.809,3.38,5.364,11.089,298.873,-3272,,,,
2026-09-27T21:54:33.000Z,1790546073.000,32.649472885,-117.203957356,2.1,295.689,284.989,287.023,276.323,10.7,0.126,4.384,5.363,12.533,299.556,-3273,,,,
2026-09-27T21:54:34.000Z,1790546074.000,32.649475165,-117.203967971,1.9,279.523,268.823,289.996,279.296,10.7,3.855,3.935,5.362,10.103,300.099,-3274,,,,
2026-09-27T21:54:35.000Z,1790546075.000,32.649475187,-117.203979748,1.838,273.599,262.899,287.95,277.25,10.7,-7.087,5.249,5.361,12.745,300.694,-3275,,,,
2026-09-27T21:54:36.000Z,1790546076.000,32.649478286,-117.203988751,1.718,297.502,286.802,289.031,278.331,10.7,1.708,1.357,5.36,12.076,301.107,-3276,,,,
2026-09-27T21:54:37.000Z,1790546077.000,32.649481952,-117.203994352,1.131,319.392,308.692,295.425,284.725,10.7,4.09,8.324,5.359,5.564,300.989,-3277,,,,
2026-09-27T21:54:38.000Z,1790546078.000,32.649485698,-117.203999663,1.267,305.894,295.194,293.899,283.199,10.7,-3.892,2.127,5.358,6.715,300.614,-3278,,,,
2026-09-27T21:54:39.000Z,1790546079.000,32.649490854,-117.204004688,1.631,317.495,306.795,296.878,286.178,10.7,-0.73,3.787,5.357,3.414,300.291,-3279,,,,
2026-09-27T21:54:40.000Z,1790546080.000,32.649496035,-117.204010533,1.638,301.233,290.533,297.4,286.7,10.7,4.365,4.751,5.356,2.47,299.87,-3280,,,,
2026-09-27T21:54:41.000Z,1790546081.000,32.649499827,-117.204018236,1.43,308.451,297.751,292.73,282.03,10.7,-4.048,4.588,5.354,6.807,299.537,-3281,,,,
2026-09-27T21:54:42.000Z,1790546082.000,32.649503903,-117.204025341,1.566,295.286,284.586,294.261,283.561,10.7,-2.273,3.298,5.353,4.953,299.214,-3282,,,,
2026-09-27T21:54:43.000Z,1790546083.000,32.649507691,-117.204031257,1.334,305.996,295.296,294.213,283.513,10.7,3.164,5.694,5.352,4.89,299.103,-3283,,,,
2026-09-27T21:54:44.000Z,1790546084.000,32.649510686,-117.204036145,1.352,284.518,273.818,298.041,287.341,10.7,3.437,2.865,5.351,1.378,299.419,-3284,,,,
2026-09-27T21:54:45.000Z,1790546085.000,32.649511169,-117.2040432,1.25,284.434,273.734,295.906,285.206,10.7,-7.1,5.606,5.35,3.839,299.745,-3285,,,,
2026-09-27T21:54:46.000Z,1790546086.000,32.649513602,-117.204050438,1.4,295.392,284.692,296.636,285.936,10.7,3.207,3.567,5.349,3.167,299.803,-3286,,,,
2026-09-27T21:54:47.000Z,1790546087.000,32.649514359,-117.204058603,1.564,272.935,262.235,295.577,284.877,10.7,0.338,5.308,5.348,4.183,299.76,-3287,,,,
2026-09-27T21:54:48.000Z,1790546088.000,32.649516288,-117.204065566,1.23,307.827,297.127,293.352,282.652,10.7,-4.439,2.709,5.347,6.484,299.836,-3288,,,,
2026-09-27T21:54:49.000Z,1790546089.000,32.649520009,-117.204069439,1.032,315.789,305.089,297.648,286.948,10.7,3.431,5.7,5.346,2.827,300.475,-3289,,,,
2026-09-27T21:54:50.000Z,1790546090.000,32.649523393,-117.204073924,1.031,311.814,301.114,298.335,287.635,10.7,-0.755,3.058,5.344,3.179,301.514,-3290,,,,
2026-09-27T21:54:51.000Z,1790546091.000,32.649527276,-117.204079304,1.3,320.691,309.991,296.332,285.632,10.7,-1.8,3.548,5.343,6.219,302.552,-3291,,,,
2026-09-27T21:54:52.000Z,1790546092.000,32.649532902,-117.204083247,1.639,341.191,330.491,300.348,289.648,10.7,4.25,5.306,5.342,3.365,303.714,-3292,,,,
2026-09-27T21:54:53.000Z,1790546093.000,32.649537266,-117.204087931,1.067,305.143,294.443,300.1,289.399,10.7,-0.263,4.028,5.341,4.447,304.547,-3293,,,,
2026-09-27T21:54:54.000Z,1790546094.000,32.649539926,-117.204093447,1.296,302.009,291.309,299.244,288.544,10.7,-2.292,4.192,5.34,5.868,305.112,-3294,,,,
2026-09-27T21:54:55.000Z,1790546095.000,32.649541523,-117.204098756,0.9,291.069,280.369,301.647,290.947,10.7,0.247,4.485,5.339,4.203,305.85,-3295,,,,
2026-09-27T21:54:56.000Z,1790546096.000,32.6495423,-117.204103761,0.969,282.316,271.616,303.123,292.423,10.7,1.37,3.762,5.338,3.413,306.536,-3296,,,,
2026-09-27T21:54:57.000Z,1790546097.000,32.649541634,-117.204108659,0.8,263.199,252.499,303.055,292.355,10.7,-3.793,5.434,5.337,4.343,307.398,-3297,,,,
2026-09-27T21:54:58.000Z,1790546098.000,32.649542643,-117.204112365,0.7,296.295,285.595,307.174,296.474,10.7,3.486,3.996,5.336,0.86,308.033,-3298,,,,
2026-09-27T21:54:59.000Z,1790546099.000,32.649543485,-117.204117216,0.938,284.24,273.54,307.015,296.315,10.7,-1.771,5.763,5.334,1.439,308.454,-3299,,,,
2026-09-27T21:55:00.000Z,1790546100.000,32.649546805,-117.204120769,1.2,338.185,327.485,306.034,295.334,10.7,0.867,2.169,5.333,3.284,309.318,-3300,,,,
2026-09-27T21:55:01.000Z,1790546101.000,32.649551515,-117.204122825,1.235,347.62,336.92,310.595,299.895,10.7,2.725,5.415,5.332,0.231,310.826,-3301,,,,
2026-09-27T21:55:02.000Z,1790546102.000,32.649556897,-117.204125517,1.227,344.056,333.356,308.861,298.161,10.7,-1.554,5.295,5.331,3.471,312.332,-3302,,,,
2026-09-27T21:55:03.000Z,1790546103.000,32.649562434,-117.204128895,1.57,325.989,315.289,310.935,300.235,10.7,-0.93,2.066,5.33,2.654,313.589,-3303,,,,
2026-09-27T21:55:04.000Z,1790546104.000,32.64956717,-117.204132102,1,330.773,320.073,314.276,303.576,10.7,2.513,7.096,5.329,-0.109,314.167,-3304,,,,
2026-09-27T21:55:05.000Z,1790546105.000,32.6495699,-117.204138178,1.265,283.868,273.168,314.583,303.883,10.7,-0.825,3.808,5.328,-0.235,314.348,-3305,,,,
2026-09-27T21:55:06.000Z,1790546106.000,32.649570323,-117.204143568,0.793,294.286,283.586,311.203,300.503,10.7,-4.406,3.719,5.327,3.588,314.791,-3306,,,,
2026-09-27T21:55:07.000Z,1790546107.000,32.6495716,-117.204143769,0.162,37.6,26.9,318.172,307.472,10.7,6.441,5.293,5.326,-2.91,315.262,-3307,,,,
2026-09-27T21:55:08.000Z,1790546108.000,32.6495716,-117.2041437,0,64.1,53.4,322.429,311.729,10.7,3.102,3.931,5.324,-6.073,316.356,-3308,,,,
2026-09-27T21:55:09.000Z,1790546109.000,32.649571039,-117.204146766,1.042,254.111,243.411,317.949,307.249,10.7,-7.032,3.158,5.323,-0.637,317.312,-3309,,,,
2026-09-27T21:55:10.000Z,1790546110.000,32.649571793,-117.2041498,0.785,349.68,338.98,319.725,309.025,10.7,5.651,5.745,5.322,-1.927,317.797,-3310,,,,
2026-09-27T21:55:11.000Z,1790546111.000,32.649575002,-117.204151302,0.834,312.583,301.883,323.735,313.035,10.7,10.987,4.074,5.321,-5.639,318.096,-3311,,,,
2026-09-27T21:55:12.000Z,1790546112.000,32.64957795,-117.20415619,1.23,330.84,320.14,315.47,304.77,10.7,-9.555,2.79,5.32,2.457,317.927,-3312,,,,
2026-09-27T21:55:13.000Z,1790546113.000,32.649584081,-117.204157074,1.237,359.2,348.5,318.781,308.081,10.7,-0.723,6.029,5.319,-0.962,317.819,-3313,,,,
2026-09-27T21:55:14.000Z,1790546114.000,32.649590555,-117.204156039,1.184,354.116,343.416,324.068,313.368,10.7,9.798,1.868,5.318,-6.335,317.732,-3314,,,,
2026-09-27T21:55:15.000Z,1790546115.000,32.64959487,-117.204155567,0.733,356.529,345.829,323.003,312.303,10.7,-1.008,7.3,5.317,-5.367,317.636,-3315,,,,
2026-09-27T21:55:16.000Z,1790546116.000,32.649598261,-117.2041557,0.535,355.817,345.117,319.139,308.439,10.7,-4.843,2.796,5.316,-1.783,317.355,-3316,,,,
2026-09-27T21:55:17.000Z,1790546117.000,32.649600082,-117.204155161,0.379,13.6,2.9,327.067,316.367,10.7,7.492,5.851,5.314,-9.805,317.262,-3317,,,,
2026-09-27T21:55:18.000Z,1790546118.000,32.649600063,-117.204158083,0.973,255.043,244.343,320.732,310.032,10.7,4.117,4.265,5.313,-2.983,317.748,-3318,,,,
2026-09-27T21:55:19.000Z,1790546119.000,32.649599199,-117.204162535,0.833,251.231,240.531,318.196,307.496,10.7,-3.902,3.232,5.312,0.242,318.439,-3319,,,,
2026-09-27T21:55:20.000Z,1790546120.000,32.6495987,-117.20416637,0.7,264.008,253.308,316.122,305.422,10.7,0.939,4.777,5.311,2.727,318.849,-3320,,,,
2026-09-27T21:55:21.000Z,1790546121.000,32.649599323,-117.204168385,0.415,338.434,327.734,319.746,309.046,10.7,8.73,4.445,5.31,-0.946,318.8,-3321,,,,
2026-09-27T21:55:22.000Z,1790546122.000,32.649600833,-117.204170467,0.633,326.749,316.05,315.233,304.533,10.7,-1.4,4.533,5.309,3.061,318.294,-3322,,,,
2026-09-27T21:55:23.000Z,1790546123.000,32.649603096,-117.204172198,0.766,324.319,313.619,313.356,302.656,10.7,-2.314,5.324,5.308,4.083,317.439,-3323,,,,
2026-09-27T21:55:24.000Z,1790546124.000,32.649606383,-117.204173064,0.772,348.693,337.993,313.434,302.734,10.7,2.881,3.319,5.307,3.542,316.976,-3324,,,,
2026-09-27T21:55:25.000Z,1790546125.000,32.649608945,-117.204174038,0.662,348.906,338.206,315.176,304.476,10.7,5.162,4.324,5.306,1.819,316.995,-3325,,,,
2026-09-27T21:55:26.000Z,1790546126.000,32.649610434,-117.20417717,0.935,285.95,275.25,312.929,302.229,10.7,-5.039,4.531,5.304,4.029,316.957,-3326,,,,
2026-09-27T21:55:27.000Z,1790546127.000,32.649611131,-117.204179762,0.234,294,283.3,311.962,301.262,10.7,-0.11,5.759,5.303,4.815,316.777,-3327,,,,
2026-09-27T21:55:28.000Z,1790546128.000,32.649610914,-117.204182271,0.5,248.132,237.432,313.962,303.262,10.7,4.181,4.51,5.302,1.821,315.783,-3328,,,,
2026-09-27T21:55:29.000Z,1790546129.000,32.649610331,-117.204184438,0.262,245.2,234.5,309.453,298.753,10.7,-3.847,4.084,5.301,5.191,314.644,-3329,,,,
2026-09-27T21:55:30.000Z,1790546130.000,32.6496107,-117.2041841,0,30.6,19.9,317.068,306.368,10.7,2.302,3.968,5.3,-3.376,313.692,-3330,,,,
2026-09-27T21:55:31.000Z,1790546131.000,32.649611122,-117.204185339,0.139,313.611,302.911,311.697,300.997,10.7,-1.56,5.331,5.299,0.959,312.656,-3331,,,,
2026-09-27T21:55:32.000Z,1790546132.000,32.649613504,-117.2041856,0.7,0.452,349.752,311.739,301.039,10.7,1.518,3.243,5.298,0.329,312.068,-3332,,,,
2026-09-27T21:55:33.000Z,1790546133.000,32.649615937,-117.204186804,0.635,318.408,307.708,314.29,303.59,10.7,-0.217,3.826,5.297,-2.5,311.789,-3333,,,,
2026-09-27T21:55:34.000Z,1790546134.000,32.649617865,-117.204189232,0.568,307.26,296.56,308.663,297.963,10.7,-2.809,5.031,5.296,3.101,311.764,-3334,,,,
2026-09-27T21:55:35.000Z,1790546135.000,32.649620455,-117.204190483,0.7,325.308,314.608,313.536,302.836,10.7,6.264,2.662,5.294,-1.506,312.031,-3335,,,,
2026-09-27T21:55:36.000Z,1790546136.000,32.64962123,-117.204193627,0.839,267.612,256.912,311.706,301.006,10.7,-2.381,4.461,5.293,0.77,312.477,-3336,,,,
2026-09-27T21:55:37.000Z,1790546137.000,32.649621033,-117.2041964,0.2,268.1,257.4,309.563,298.863,10.7,-2.239,5.068,5.292,3.043,312.607,-3337,,,,
2026-09-27T21:55:38.000Z,1790546138.000,32.649622008,-117.204197512,0.592,264.781,254.081,315.252,304.552,10.7,7.896,3.456,5.291,-3.055,312.197,-3338,,,,
2026-09-27T21:55:39.000Z,1790546139.000,32.649620276,-117.204202034,0.786,247.173,236.473,307.975,297.275,10.7,-6.477,4.07,5.29,3.595,311.569,-3339,,,,
2026-09-27T21:55:40.000Z,1790546140.000,32.649620945,-117.204201886,0.5,54.603,43.903,310.642,299.942,10.7,4.867,4.976,5.289,0.323,310.965,-3340,,,,
2026-09-27T21:55:41.000Z,1790546141.000,32.6496221,-117.204200101,0.266,65.3,54.6,314.034,303.333,10.7,3.505,4.1,5.288,-3.645,310.389,-3341,,,,
2026-09-27T21:55:42.000Z,1790546142.000,32.64962301,-117.204198929,0.462,49.141,38.441,311.395,300.695,10.7,-5.619,3.386,5.287,-0.671,310.724,-3342,,,,
2026-09-27T21:55:43.000Z,1790546143.000,32.649625344,-117.204198644,0.444,334.867,324.167,313.069,302.369,10.7,1.486,3.766,5.286,-1.904,311.164,-3343,,,,
2026-09-27T21:55:44.000Z,1790546144.000,32.649627304,-117.204201445,0.668,302.89,292.19,312.119,301.419,10.7,3.383,4.428,5.284,-0.534,311.585,-3344,,,,
2026-09-27T21:55:45.000Z,1790546145.000,32.64962896,-117.20420327,0.465,12.788,2.088,309.924,299.224,10.7,1.589,4.54,5.283,2.29,312.214,-3345,,,,
2026-09-27T21:55:46.000Z,1790546146.000,32.649630236,-117.204204211,0.619,266.649,255.949,315.306,304.606,10.7,1.223,3.845,5.282,-2.216,313.09,-3346,,,,
2026-09-27T21:55:47.000Z,1790546147.000,32.649629739,-117.204208278,0.361,259.299,248.599,308.173,297.473,10.7,-4.262,5.687,5.281,5.935,314.109,-3347,,,,
2026-09-27T21:55:48.000Z,1790546148.000,32.6496313,-117.204209435,0.5,279.562,268.862,313.667,302.967,10.7,9.166,1.699,5.28,1.437,315.104,-3348,,,,
2026-09-27T21:55:49.000Z,1790546149.000,32.6496303,-117.204212055,0.409,241.433,230.733,309.973,299.273,10.7,-5.247,8.009,5.279,5.871,315.843,-3349,,,,
2026-09-27T21:55:50.000Z,1790546150.000,32.649632023,-117.204211316,0.5,41.054,30.354,312.291,301.591,10.7,2.521,0.967,5.278,4.117,316.409,-3350,,,,
2026-09-27T21:55:51.000Z,1790546151.000,32.649632262,-117.204213146,0.5,241.412,230.712,310.863,300.163,10.7,-2.515,5.923,5.277,6.093,316.956,-3351,,,,
2026-09-27T21:55:52.000Z,1790546152.000,32.649632533,-117.204214767,0.167,288.1,277.4,308.467,297.767,10.7,1.933,3.267,5.276,9.012,317.479,-3352,,,,
2026-09-27T21:55:53.000Z,1790546153.000,32.6496327,-117.2042148,0,63.6,52.9,313.969,303.269,10.7,5.847,4.601,5.274,4.001,317.969,-3353,,,,
2026-09-27T21:55:54.000Z,1790546154.000,32.649632317,-117.204215783,0.5,222.955,212.255,309.009,298.309,10.7,-7.058,5.012,5.273,9.474,318.482,-3354,,,,
2026-09-27T21:55:55.000Z,1790546155.000,32.649633367,-117.204215633,0.633,49.164,38.464,312.404,301.704,10.7,4.609,5.667,5.272,6.618,319.022,-3355,,,,
2026-09-27T21:55:56.000Z,1790546156.000,32.649634565,-117.204217017,0.665,284.419,273.719,312.736,302.036,10.7,4.461,2.417,5.271,6.683,319.419,-3356,,,,
2026-09-27T21:55:57.000Z,1790546157.000,32.649636038,-117.204219925,0.6,349.918,339.218,310.826,300.126,10.7,-1.924,5.8,5.27,8.976,319.801,-3357,,,,
2026-09-27T21:55:58.000Z,1790546158.000,32.649639829,-117.20422026,0.84,9.714,359.014,311.419,300.719,10.7,2.259,3.659,5.269,8.585,320.004,-3358,,,,
2026-09-27T21:55:59.000Z,1790546159.000,32.649643532,-117.204220832,0.899,346.096,335.396,316.835,306.135,10.7,3.737,4,5.268,3.378,320.213,-3359,,,,
2026-09-27T21:56:00.000Z,1790546160.000,32.64964675,-117.204224125,1.295,322.977,312.277,313.305,302.605,10.7,-4.465,4.16,5.267,7.227,320.532,-3360,,,,
2026-09-27T21:56:01.000Z,1790546161.000,32.649650852,-117.204225184,0.907,354.332,343.632,315.697,304.997,10.7,4.813,4.877,5.266,5.392,321.089,-3361,,,,
2026-09-27T21:56:02.000Z,1790546162.000,32.649653636,-117.204226936,0.6,316.16,305.46,317.097,306.397,10.7,2.826,4.769,5.264,4.514,321.611,-3362,,,,
2026-09-27T21:56:03.000Z,1790546163.000,32.649656665,-117.204227734,0.934,26.62,15.92,314.627,303.927,10.7,-0.438,5.23,5.263,7.264,321.891,-3363,,,,
2026-09-27T21:56:04.000Z,1790546164.000,32.649661397,-117.204227759,1.41,330.24,319.54,319.069,308.369,10.7,3.545,3.659,5.262,3.025,322.093,-3364,,,,
2026-09-27T21:56:05.000Z,1790546165.000,32.649663893,-117.204232663,1.17,316.289,305.589,313.63,302.93,10.7,-2.144,4.407,5.261,8.586,322.216,-3365,,,,
2026-09-27T21:56:06.000Z,1790546166.000,32.649666942,-117.204238058,1.468,294.638,283.938,314.484,303.784,10.7,5.268,3.468,5.26,7.699,322.184,-3366,,,,
2026-09-27T21:56:07.000Z,1790546167.000,32.649669887,-117.204245003,1.494,295.184,284.484,311.248,300.548,10.7,1.132,5.29,5.259,10.752,322,-3367,,,,
2026-09-27T21:56:08.000Z,1790546168.000,32.649673944,-117.204251661,1.5,300.262,289.562,309.186,298.486,10.7,-0.888,3.344,5.258,12.643,321.829,-3368,,,,
2026-09-27T21:56:09.000Z,1790546169.000,32.649678593,-117.204257301,1.639,316.19,305.49,310.069,299.369,10.7,3.053,3.961,5.257,11.748,321.817,-3369,,,,
2026-09-27T21:56:10.000Z,1790546170.000,32.649683939,-117.204263472,1.5,322.383,311.683,305.197,294.497,10.7,-0.334,4.57,5.256,16.718,321.915,-3370,,,,
2026-09-27T21:56:11.000Z,1790546171.000,32.649691183,-117.20426749,1.8,331.41,320.71,308.431,297.731,10.7,4.572,4.076,5.254,13.367,321.798,-3371,,,,
2026-09-27T21:56:12.000Z,1790546172.000,32.649697189,-117.204273489,1.721,316.582,305.882,303.629,292.929,10.7,-2.249,3.085,5.253,18.17,321.799,-3372,,,,
2026-09-27T21:56:13.000Z,1790546173.000,32.649704195,-117.204277911,1.937,345.433,334.733,307.274,296.574,10.7,3.332,6.737,5.252,14.341,321.615,-3373,,,,
2026-09-27T21:56:14.000Z,1790546174.000,32.649710397,-117.204282995,1.666,310.234,299.534,311.994,301.294,10.7,2.774,4.796,5.251,9.259,321.253,-3374,,,,
2026-09-27T21:56:15.000Z,1790546175.000,32.649716103,-117.204292259,2.424,301.103,290.403,308.926,298.226,10.7,-3.885,5.562,5.25,11.615,320.541,-3375,,,,
2026-09-27T21:56:16.000Z,1790546176.000,32.649723821,-117.204302867,2.661,310.111,299.411,308.631,297.931,10.7,2.907,3.793,5.249,11.083,319.714,-3376,,,,
2026-09-27T21:56:17.000Z,1790546177.000,32.64973145,-117.204312254,2.296,318.259,307.559,308.1,297.4,10.7,2.093,3.2,5.248,11.026,319.126,-3377,,,,
2026-09-27T21:56:18.000Z,1790546178.000,32.649739325,-117.204318597,1.968,335.641,324.941,307.7,297,10.7,-4.235,6.034,5.247,11.187,318.887,-3378,,,,
2026-09-27T21:56:19.000Z,1790546179.000,32.649749009,-117.204321831,2.23,343.072,332.372,310.177,299.477,10.7,4.778,0.77,5.246,8.696,318.873,-3379,,,,
2026-09-27T21:56:20.000Z,1790546180.000,32.649756961,-117.204328636,2.306,313.718,303.018,311.676,300.976,10.7,-0.373,5.87,5.244,7.19,318.866,-3380,,,,
2026-09-27T21:56:21.000Z,1790546181.000,32.649764136,-117.204339004,2.701,303.995,293.295,306.799,296.099,10.7,-5.432,4.567,5.243,11.408,318.208,-3381,,,,
2026-09-27T21:56:22.000Z,1790546182.000,32.649774092,-117.204349067,3.07,325.14,314.44,308.708,298.008,10.7,7.446,4.889,5.242,8.221,316.929,-3382,,,,
2026-09-27T21:56:23.000Z,1790546183.000,32.649785363,-117.204360575,3.655,313.204,302.504,313.143,302.443,10.7,3.674,3.816,5.241,2.385,315.528,-3383,,,,
2026-09-27T21:56:24.000Z,1790546184.000,32.649796171,-117.204374186,3.469,321.842,311.142,307.516,296.816,10.7,-7.675,4.445,5.24,6.263,313.779,-3384,,,,
2026-09-27T21:56:25.000Z,1790546185.000,32.6498104,-117.204383367,3.367,328.731,318.031,312.133,301.433,10.7,5.467,4.233,5.239,-0.223,311.911,-3385,,,,
2026-09-27T21:56:26.000Z,1790546186.000,32.649822916,-117.204394666,3.564,314.185,303.485,313.335,302.635,10.7,2.376,3.607,5.238,-3.231,310.104,-3386,,,,
2026-09-27T21:56:27.000Z,1790546187.000,32.649833483,-117.204409607,3.438,315.007,304.307,307.062,296.362,10.7,-7.47,5.506,5.237,1.597,308.659,-3387,,,,
2026-09-27T21:56:28.000Z,1790546188.000,32.649846651,-117.204421888,3.431,318.304,307.604,309.519,298.819,10.7,6.025,2.862,5.236,-1.797,307.722,-3388,,,,
2026-09-27T21:56:29.000Z,1790546189.000,32.64985876,-117.20443432,3.63,316.275,305.575,310.48,299.78,10.7,1.18,4.835,5.234,-3.611,306.869,-3389,,,,
2026-09-27T21:56:30.000Z,1790546190.000,32.649871576,-117.20444669,3.562,320.718,310.018,307.817,297.117,10.7,-2.224,3.645,5.233,-2,305.817,-3390,,,,
2026-09-27T21:56:31.000Z,1790546191.000,32.649885534,-117.204459142,3.739,318.185,307.485,310.553,299.853,10.7,2.215,3.677,5.232,-5.862,304.691,-3391,,,,
2026-09-27T21:56:32.000Z,1790546192.000,32.649897153,-117.204474194,3.632,312.376,301.676,307.408,296.708,10.7,-0.603,5.946,5.231,-4.053,303.355,-3392,,,,
2026-09-27T21:56:33.000Z,1790546193.000,32.649909503,-117.204487233,3.604,305.547,294.847,305.688,294.988,10.7,0.012,2.511,5.23,-3.844,301.844,-3393,,,,
2026-09-27T21:56:34.000Z,1790546194.000,32.649920074,-117.204501947,3.582,304.847,294.147,303.382,292.682,10.7,-0.317,2.882,5.229,-3.399,299.983,-3394,,,,
2026-09-27T21:56:35.000Z,1790546195.000,32.649930263,-117.204515472,3.421,314.8,304.1,308.785,298.085,10.7,4.127,5.339,5.228,-10.26,298.525,-3395,,,,
2026-09-27T21:56:36.000Z,1790546196.000,32.649941053,-117.204528556,3.532,316.796,306.096,308.405,297.705,10.7,-0.703,5.575,5.227,-11.49,296.915,-3396,,,,
2026-09-27T21:56:37.000Z,1790546197.000,32.649953991,-117.204541213,4.064,328.173,317.473,305.392,294.692,10.7,0.356,5.085,5.226,-9.948,295.444,-3397,,,,
2026-09-27T21:56:38.000Z,1790546198.000,32.649969648,-117.204552402,4.185,327.75,317.05,307.724,297.024,10.7,4.145,4.34,5.224,-13.672,294.053,-3398,,,,
2026-09-27T21:56:39.000Z,1790546199.000,32.649984325,-117.204566025,4.07,321.848,311.148,304.002,293.302,10.7,-1.249,2.321,5.223,-11.384,292.617,-3399,,,,
2026-09-27T21:56:40.000Z,1790546200.000,32.6499993,-117.204580667,4.333,319.567,308.867,305.333,294.633,10.7,-1.9,7.133,5.222,-13.878,291.455,-3400,,,,
2026-09-27T21:56:41.000Z,1790546201.000,32.650015777,-117.204597701,4.738,315.012,304.312,302.3,291.6,10.7,4.874,3.038,5.221,-11.42,290.88,-3401,,,,
2026-09-27T21:56:42.000Z,1790546202.000,32.65003053,-117.204616263,4.415,312.656,301.956,302.55,291.85,10.7,-1.733,6.754,5.22,-11.791,290.76,-3402,,,,
2026-09-27T21:56:43.000Z,1790546203.000,32.650046509,-117.20463569,5.296,315.139,304.439,306.514,295.814,10.7,0.1,-0.177,5.219,-16.139,290.375,-3403,,,,
2026-09-27T21:56:44.000Z,1790546204.000,32.650061319,-117.204655777,5.097,309.975,299.275,308.991,298.291,10.7,3.673,5.287,5.218,-18.781,290.21,-3404,,,,
2026-09-27T21:56:45.000Z,1790546205.000,32.650073689,-117.204679564,5.042,298.611,287.911,302.913,292.213,10.7,-3.224,4.509,5.217,-12.842,290.071,-3405,,,,
2026-09-27T21:56:46.000Z,1790546206.000,32.650086737,-117.204701014,4.476,307.3,296.6,300.012,289.312,10.7,-0.511,1.924,5.216,-9.96,290.052,-3406,,,,
2026-09-27T21:56:47.000Z,1790546207.000,32.650100871,-117.204717806,4.133,316.192,305.492,308.335,297.635,10.7,3.932,4.531,5.214,-18.358,289.977,-3407,,,,
2026-09-27T21:56:48.000Z,1790546208.000,32.650114916,-117.204735842,4.3,306.222,295.522,305.702,295.002,10.7,-6.988,6.226,5.213,-16.148,289.554,-3408,,,,
2026-09-27T21:56:49.000Z,1790546209.000,32.650131359,-117.204752959,4.75,320.857,310.157,307.085,296.385,10.7,2.013,1.536,5.212,-18.025,289.06,-3409,,,,
2026-09-27T21:56:50.000Z,1790546210.000,32.650147386,-117.204771603,4.322,312.002,301.302,306.174,295.474,10.7,0.079,4.187,5.211,-17.591,288.584,-3410,,,,
2026-09-27T21:56:51.000Z,1790546211.000,32.650163563,-117.204788293,4.73,321.134,310.434,304.238,293.538,10.7,0.308,2.297,5.21,-15.955,288.283,-3411,,,,
2026-09-27T21:56:52.000Z,1790546212.000,32.650181201,-117.204805595,4.937,317.981,307.281,307.487,296.787,10.7,-0.767,2.597,5.209,-19.253,288.234,-3412,,,,
2026-09-27T21:56:53.000Z,1790546213.000,32.650198764,-117.204823956,5.27,324.102,313.402,305.154,294.454,10.7,-3.998,3.169,5.208,-17.031,288.122,-3413,,,,
2026-09-27T21:56:54.000Z,1790546214.000,32.650218442,-117.204841134,5.524,320.925,310.225,311.916,301.216,10.7,3.269,7.108,5.207,-23.823,288.093,-3414,,,,
2026-09-27T21:56:55.000Z,1790546215.000,32.650237486,-117.204861089,5.466,315.755,305.055,309.095,298.395,10.7,-0.045,5.267,5.206,-20.664,288.431,-3415,,,,
2026-09-27T21:56:56.000Z,1790546216.000,32.65025597,-117.204881235,5.37,319.75,309.05,308.23,297.53,10.7,-0.695,4.645,5.204,-19.398,288.832,-3416,,,,
2026-09-27T21:56:57.000Z,1790546217.000,32.650274668,-117.204900372,5.261,318.305,307.605,309.235,298.535,10.7,-0.565,3.712,5.203,-20.292,288.943,-3417,,,,
2026-09-27T21:56:58.000Z,1790546218.000,32.650292246,-117.204920527,5.304,314.366,303.666,308.551,297.851,10.7,0.553,2.028,5.202,-19.608,288.943,-3418,,,,
2026-09-27T21:56:59.000Z,1790546219.000,32.650309167,-117.204941267,5.4,312.9,302.2,310.233,299.533,10.7,1.7,1.033,5.201,-21.247,288.987,-3419,,,,
2026-09-27T21:57:00.000Z,1790546220.000,32.650324095,-117.204962426,5.108,314.424,303.724,306.613,295.913,10.7,-3.3,4.767,5.2,-17.91,288.703,-3420,,,,
2026-09-27T21:57:01.000Z,1790546221.000,32.650340877,-117.204981448,5,313.935,303.235,308.38,297.68,10.7,4.376,3.067,5.199,-19.659,288.721,-3421,,,,
2026-09-27T21:57:02.000Z,1790546222.000,32.650356678,-117.205000986,4.832,314.855,304.155,307.044,296.345,10.7,-1.64,4.913,5.198,-18.912,288.132,-3422,,,,
2026-09-27T21:57:03.000Z,1790546223.000,32.650373217,-117.20502181,5.366,311.286,300.586,306.911,296.211,10.7,-3.45,2.531,5.197,-18.727,288.183,-3423,,,,
2026-09-27T21:57:04.000Z,1790546224.000,32.650389455,-117.205043777,5.407,313.127,302.427,304.437,293.737,10.7,0.143,6.109,5.196,-16.344,288.093,-3424,,,,
2026-09-27T21:57:05.000Z,1790546225.000,32.650408652,-117.205064162,5.48,319.67,308.97,304,293.3,10.7,3.279,4.871,5.194,-16.47,287.53,-3425,,,,
2026-09-27T21:57:06.000Z,1790546226.000,32.650428234,-117.205083334,5.532,317.136,306.436,304.003,293.303,10.7,0.203,4.335,5.193,-16.917,287.086,-3426,,,,
2026-09-27T21:57:07.000Z,1790546227.000,32.650447628,-117.205104381,5.612,313.711,303.011,303.377,292.677,10.7,-4.076,3.565,5.192,-16.436,286.941,-3427,,,,
2026-09-27T21:57:08.000Z,1790546228.000,32.650465492,-117.205126631,5.723,315.522,304.822,302.192,291.492,10.7,1.838,2.931,5.191,-15.207,286.985,-3428,,,,
2026-09-27T21:57:09.000Z,1790546229.000,32.650481674,-117.205149967,5.4,305.782,295.082,302.219,291.519,10.7,1.083,3.296,5.19,-15.189,287.031,-3429,,,,
2026-09-27T21:57:10.000Z,1790546230.000,32.650495438,-117.205173508,5.267,308.308,297.608,301.304,290.604,10.7,-5.066,5.6,5.189,-14.466,286.837,-3430,,,,
2026-09-27T21:57:11.000Z,1790546231.000,32.650511819,-117.20519569,5.372,310.706,300.006,301.493,290.793,10.7,1.72,2.478,5.188,-14.865,286.628,-3431,,,,
2026-09-27T21:57:12.000Z,1790546232.000,32.650526325,-117.205217973,5.154,305.32,294.62,301.207,290.507,10.7,-0.416,4.938,5.187,-14.665,286.542,-3432,,,,
2026-09-27T21:57:13.000Z,1790546233.000,32.650541621,-117.205241488,5.263,306.835,296.135,297.343,286.643,10.7,1.108,2.329,5.186,-10.924,286.42,-3433,,,,
2026-09-27T21:57:14.000Z,1790546234.000,32.650555077,-117.205265957,5.568,301.889,291.189,300.042,289.342,10.7,-0.221,3.739,5.184,-13.577,286.465,-3434,,,,
2026-09-27T21:57:15.000Z,1790546235.000,32.650569377,-117.20529119,5.7,303.762,293.062,298.671,287.971,10.7,-2.838,5.115,5.183,-12.084,286.587,-3435,,,,
2026-09-27T21:57:16.000Z,1790546236.000,32.650586895,-117.20531584,5.7,310.73,300.03,295.904,285.204,10.7,2.427,3.882,5.182,-9.433,286.471,-3436,,,,
2026-09-27T21:57:17.000Z,1790546237.000,32.65060534,-117.205336007,5.467,316.868,306.168,300.363,289.663,10.7,0.664,3.796,5.181,-14.021,286.341,-3437,,,,
2026-09-27T21:57:18.000Z,1790546238.000,32.650624255,-117.205356886,5.534,316.807,306.107,301.921,291.221,10.7,-0.721,3.141,5.18,-15.713,286.208,-3438,,,,
2026-09-27T21:57:19.000Z,1790546239.000,32.650641855,-117.205378827,5.474,310.563,299.863,302.091,291.391,10.7,0.715,2.643,5.179,-16.127,285.964,-3439,,,,
2026-09-27T21:57:20.000Z,1790546240.000,32.650655998,-117.205404532,5.532,298.472,287.772,300.4,289.7,10.7,-2.419,5.568,5.178,-14.685,285.715,-3440,,,,
2026-09-27T21:57:21.000Z,1790546241.000,32.650670617,-117.205430042,5.634,304.858,294.158,300.826,290.126,10.7,1.56,5.323,5.177,-15.098,285.728,-3441,,,,
2026-09-27T21:57:22.000Z,1790546242.000,32.650686469,-117.205456868,6.234,299.2,288.5,302.493,291.793,10.7,0.842,3.776,5.176,-16.484,286.009,-3442,,,,
2026-09-27T21:57:23.000Z,1790546243.000,32.650701859,-117.205483644,5.961,304.865,294.165,299.067,288.367,10.7,-1.327,3.678,5.174,-13.092,285.975,-3443,,,,
2026-09-27T21:57:24.000Z,1790546244.000,32.650718587,-117.205508027,5.669,309.107,298.407,299.208,288.508,10.7,-0.253,4.377,5.173,-13.222,285.985,-3444,,,,
2026-09-27T21:57:25.000Z,1790546245.000,32.650735255,-117.205530452,5.5,313.9,303.2,300.765,290.065,10.7,0.433,3.968,5.172,-14.615,286.151,-3445,,,,
2026-09-27T21:57:26.000Z,1790546246.000,32.650753293,-117.205551458,5.594,315.763,305.063,302.124,291.424,10.7,0.972,6.011,5.171,-16.038,286.086,-3446,,,,
2026-09-27T21:57:27.000Z,1790546247.000,32.65077162,-117.205573922,5.722,308.955,298.255,298.949,288.249,10.7,2.608,2.863,5.17,-13.31,285.639,-3447,,,,
2026-09-27T21:57:28.000Z,1790546248.000,32.650787627,-117.205600324,6.199,307.001,296.301,296.133,285.433,10.7,-2.002,5.534,5.169,-10.704,285.429,-3448,,,,
2026-09-27T21:57:29.000Z,1790546249.000,32.650804733,-117.205628314,6.4,306.106,295.406,295.818,285.118,10.7,3.001,3.577,5.168,-10.404,285.414,-3449,,,,
2026-09-27T21:57:30.000Z,1790546250.000,32.650820855,-117.20565764,6.463,302.537,291.837,294.263,283.563,10.7,-1.62,5.529,5.167,-8.513,285.751,-3450,,,,
2026-09-27T21:57:31.000Z,1790546251.000,32.650837491,-117.205685966,5.932,303.422,292.722,295.327,284.627,10.7,-2.942,4.963,5.166,-9.103,286.224,-3451,,,,
2026-09-27T21:57:32.000Z,1790546252.000,32.650855381,-117.20571223,6.631,310.479,299.779,296.257,285.557,10.7,-3.843,5.31,5.164,-9.69,286.567,-3452,,,,
2026-09-27T21:57:33.000Z,1790546253.000,32.650874375,-117.20573597,5.926,313.884,303.184,301.674,290.974,10.7,5.589,1.042,5.163,-14.584,287.09,-3453,,,,
2026-09-27T21:57:34.000Z,1790546254.000,32.650890498,-117.205761586,5.914,305.118,294.418,300.622,289.922,10.7,-1.624,2.532,5.162,-13.446,287.176,-3454,,,,
2026-09-27T21:57:35.000Z,1790546255.000,32.650905885,-117.205788614,5.895,305.603,294.903,297.846,287.146,10.7,-3.203,4.073,5.161,-11.078,286.768,-3455,,,,
2026-09-27T21:57:36.000Z,1790546256.000,32.650922035,-117.205813285,5.672,308.07,297.37,303.235,292.535,10.7,2.088,5.479,5.16,-16.96,286.275,-3456,,,,
2026-09-27T21:57:37.000Z,1790546257.000,32.650938985,-117.205838552,6.393,309.08,298.38,305.838,295.138,10.7,-0.342,5.578,5.159,-20.018,285.82,-3457,,,,
2026-09-27T21:57:38.000Z,1790546258.000,32.650956622,-117.205864948,6.215,309.758,299.058,301.191,290.491,10.7,-4.415,3.526,5.158,-15.292,285.9,-3458,,,,
2026-09-27T21:57:39.000Z,1790546259.000,32.650975951,-117.205889302,5.981,313.787,303.087,300.399,289.699,10.7,2.268,2.744,5.157,-14.116,286.283,-3459,,,,
2026-09-27T21:57:40.000Z,1790546260.000,32.650996186,-117.20590892,5.766,323.473,312.773,304.961,294.261,10.7,5.5,6.477,5.156,-18.311,286.65,-3460,,,,
2026-09-27T21:57:41.000Z,1790546261.000,32.651017442,-117.205931028,6.424,317.011,306.311,306.644,295.944,10.7,-1.568,7.133,5.154,-20.041,286.603,-3461,,,,
2026-09-27T21:57:42.000Z,1790546262.000,32.651039088,-117.205955157,6.246,314.822,304.122,302.247,291.547,10.7,-1.605,5.046,5.153,-15.649,286.598,-3462,,,,
2026-09-27T21:57:43.000Z,1790546263.000,32.651057944,-117.205979651,5.698,309.065,298.365,300.733,290.033,10.7,1.927,4.438,5.152,-14.166,286.567,-3463,,,,
2026-09-27T21:57:44.000Z,1790546264.000,32.65107466,-117.206005831,6.265,304.775,294.075,303.301,292.601,10.7,1.905,2.614,5.151,-16.61,286.692,-3464,,,,
2026-09-27T21:57:45.000Z,1790546265.000,32.651091176,-117.206034552,6.924,307.4,296.7,299.662,288.962,10.7,-0.6,4.333,5.15,-12.637,287.025,-3465,,,,
2026-09-27T21:57:46.000Z,1790546266.000,32.65110826,-117.206061254,5.57,306.546,295.846,301.33,290.63,10.7,2.021,3.237,5.149,-14.171,287.16,-3466,,,,
2026-09-27T21:57:47.000Z,1790546267.000,32.651125372,-117.206086275,5.733,312.539,301.839,301.901,291.201,10.7,-0.567,4.433,5.148,-14.866,287.036,-3467,,,,
2026-09-27T21:57:48.000Z,1790546268.000,32.651142545,-117.206109855,5.64,309.42,298.72,302.395,291.695,10.7,0.305,3.745,5.147,-15.633,286.762,-3468,,,,
2026-09-27T21:57:49.000Z,1790546269.000,32.651159719,-117.206133189,5.546,314.578,303.878,302.554,291.854,10.7,0.071,3.283,5.146,-15.633,286.92,-3469,,,,
2026-09-27T21:57:50.000Z,1790546270.000,32.651177526,-117.206156295,5.929,310.693,299.993,305.099,294.399,10.7,0.341,7.14,5.144,-18.754,286.345,-3470,,,,
2026-09-27T21:57:51.000Z,1790546271.000,32.651196106,-117.206180508,5.865,314.301,303.601,303.67,292.97,10.7,2.569,5.7,5.143,-18.4,285.27,-3471,,,,
2026-09-27T21:57:52.000Z,1790546272.000,32.651215928,-117.206206395,6.294,310.017,299.317,301.822,291.122,10.7,-2.421,3.848,5.142,-16.642,285.18,-3472,,,,
2026-09-27T21:57:53.000Z,1790546273.000,32.651235572,-117.206233275,6.624,311.394,300.694,301.323,290.623,10.7,-1.456,3.411,5.141,-16.124,285.198,-3473,,,,
2026-09-27T21:57:54.000Z,1790546274.000,32.65125452,-117.206259954,6.569,309.683,298.983,301.607,290.907,10.7,0.728,6.676,5.14,-16.375,285.231,-3474,,,,
2026-09-27T21:57:55.000Z,1790546275.000,32.65127346,-117.206286279,6.397,310.387,299.687,300.128,289.428,10.7,2.469,3.556,5.139,-14.569,285.559,-3475,,,,
2026-09-27T21:57:56.000Z,1790546276.000,32.65129148,-117.206313535,6.215,307.855,297.155,300.138,289.438,10.7,1.593,4.237,5.138,-13.947,286.192,-3476,,,,
2026-09-27T21:57:57.000Z,1790546277.000,32.651307854,-117.206341475,5.776,303.7,293,294.95,284.25,10.7,-0.126,5.436,5.137,-8.159,286.792,-3477,,,,
2026-09-27T21:57:58.000Z,1790546278.000,32.651321974,-117.206369626,6,297.125,286.425,294.682,283.982,10.7,-1.119,6.138,5.136,-7.319,287.363,-3478,,,,
2026-09-27T21:57:59.000Z,1790546279.000,32.651337417,-117.206398537,6.4,303.797,293.097,295.594,284.894,10.7,3.625,4.625,5.134,-7.88,287.714,-3479,,,,
2026-09-27T21:58:00.000Z,1790546280.000,32.65135197,-117.206427218,6.022,298.961,288.261,292.327,281.627,10.7,-0.944,4.26,5.133,-4.801,287.527,-3480,,,,
2026-09-27T21:58:01.000Z,1790546281.000,32.651367167,-117.206454795,5.641,305.523,294.823,291.699,280.999,10.7,-7.688,4.868,5.132,-4.382,287.317,-3481,,,,
2026-09-27T21:58:02.000Z,1790546282.000,32.651385266,-117.206478842,6.065,314.175,303.475,298.846,288.146,10.7,0.732,4.443,5.131,-11.491,287.354,-3482,,,,
2026-09-27T21:58:03.000Z,1790546283.000,32.651405065,-117.206503162,6.503,316.492,305.792,300.334,289.634,10.7,2.032,2.829,5.13,-13.039,287.295,-3483,,,,
2026-09-27T21:58:04.000Z,1790546284.000,32.651424407,-117.206527331,6.163,310.53,299.83,300.399,289.699,10.7,-3.804,2.87,5.129,-12.834,287.566,-3484,,,,
2026-09-27T21:58:05.000Z,1790546285.000,32.651443157,-117.206551466,5.77,315.794,305.094,301.018,290.318,10.7,-6.349,5.794,5.128,-12.738,288.28,-3485,,,,
2026-09-27T21:58:06.000Z,1790546286.000,32.651464054,-117.206572322,5.733,320.342,309.642,306.542,295.842,10.7,2.902,5.405,5.127,-17.755,288.787,-3486,,,,
2026-09-27T21:58:07.000Z,1790546287.000,32.651483877,-117.206594168,5.796,314.77,304.07,307.738,297.038,10.7,-0.687,3.552,5.126,-18.246,289.492,-3487,,,,
2026-09-27T21:58:08.000Z,1790546288.000,32.651502712,-117.206616599,5.922,315.04,304.34,304.022,293.322,10.7,-5.135,3.535,5.124,-13.997,290.025,-3488,,,,
2026-09-27T21:58:09.000Z,1790546289.000,32.651520651,-117.206638703,5.558,312.962,302.262,308.489,297.789,10.7,1.227,5.062,5.123,-18.017,290.473,-3489,,,,
2026-09-27T21:58:10.000Z,1790546290.000,32.651537635,-117.206661259,5.595,310.128,299.428,309.505,298.805,10.7,-0.524,4.839,5.122,-18.491,291.014,-3490,,,,
2026-09-27T21:58:11.000Z,1790546291.000,32.651554676,-117.206683783,5.438,318.039,307.339,308.4,297.7,10.7,0.345,4.516,5.121,-17.07,291.33,-3491,,,,
2026-09-27T21:58:12.000Z,1790546292.000,32.651572641,-117.206705709,5.4,311.244,300.544,307.507,296.807,10.7,-1.343,4.631,5.12,-16.064,291.443,-3492,,,,
2026-09-27T21:58:13.000Z,1790546293.000,32.651590002,-117.206727276,5.326,313.323,302.623,302.761,292.061,10.7,-5.071,3.842,5.119,-11.2,291.561,-3493,,,,
2026-09-27T21:58:14.000Z,1790546294.000,32.651608708,-117.206744414,5.266,325.184,314.484,307.694,296.994,10.7,-1.868,3.724,5.118,-16.11,291.583,-3494,,,,
2026-09-27T21:58:15.000Z,1790546295.000,32.651627671,-117.206758714,5.35,323.478,312.778,314.736,304.036,10.7,0.114,2.436,5.117,-23.204,291.531,-3495,,,,
2026-09-27T21:58:16.000Z,1790546296.000,32.651647017,-117.206777658,5.489,317.266,306.566,310.187,299.487,10.7,-3.789,1.462,5.116,-18.97,291.217,-3496,,,,
2026-09-27T21:58:17.000Z,1790546297.000,32.651665648,-117.206797614,5.069,318.594,307.894,311.789,301.089,10.7,2.623,7.366,5.114,-20.661,291.128,-3497,,,,
2026-09-27T21:58:18.000Z,1790546298.000,32.651682907,-117.206818581,4.69,306.579,295.879,305.045,294.345,10.7,-2.942,5.482,5.113,-14.271,290.775,-3498,,,,
2026-09-27T21:58:19.000Z,1790546299.000,32.651701724,-117.206838552,5.572,318.862,308.162,306.481,295.781,10.7,-2.991,4.674,5.112,-16.022,290.459,-3499,,,,
2026-09-27T21:58:20.000Z,1790546300.000,32.651722044,-117.206858605,5.869,320.205,309.505,305.153,294.453,10.7,-2.945,3.594,5.111,-14.599,290.554,-3500,,,,
2026-09-27T21:58:21.000Z,1790546301.000,32.65174174,-117.20687744,5.799,319.03,308.33,309.698,298.998,10.7,-1.802,4.366,5.11,-19.147,290.551,-3501,,,,
2026-09-27T21:58:22.000Z,1790546302.000,32.651761007,-117.206897242,5.365,320.696,309.996,309.521,298.821,10.7,-5.465,6.212,5.109,-19.322,290.2,-3502,,,,
2026-09-27T21:58:23.000Z,1790546303.000,32.651780986,-117.20691681,5.453,317.423,306.723,309.142,298.442,10.7,-1.276,5.374,5.108,-19.245,289.897,-3503,,,,
2026-09-27T21:58:24.000Z,1790546304.000,32.651799882,-117.206938563,5.904,312.42,301.72,305.096,294.396,10.7,-1.281,2.117,5.107,-15.67,289.426,-3504,,,,
2026-09-27T21:58:25.000Z,1790546305.000,32.65181711,-117.206959404,5.366,314.662,303.962,304.146,293.446,10.7,1.116,1.468,5.106,-15.232,288.914,-3505,,,,
2026-09-27T21:58:26.000Z,1790546306.000,32.651835148,-117.206979619,5.538,315.345,304.645,309.571,298.871,10.7,2.033,5.799,5.104,-20.863,288.708,-3506,,,,
2026-09-27T21:58:27.000Z,1790546307.000,32.651852472,-117.207002857,5.562,308.969,298.269,303.092,292.392,10.7,-5.223,3.963,5.103,-15.34,287.752,-3507,,,,
2026-09-27T21:58:28.000Z,1790546308.000,32.651869502,-117.207027247,5.535,310.128,299.428,300.342,289.642,10.7,-1.858,5.113,5.102,-12.78,287.562,-3508,,,,
2026-09-27T21:58:29.000Z,1790546309.000,32.651888228,-117.207049452,5.865,314.611,303.911,302.119,291.419,10.7,3.394,4.513,5.101,-14.895,287.224,-3509,,,,
2026-09-27T21:58:30.000Z,1790546310.000,32.651906887,-117.207072561,5.863,310.226,299.526,302.935,292.235,10.7,-1.238,2.41,5.1,-15.953,286.982,-3510,,,,
2026-09-27T21:58:31.000Z,1790546311.000,32.651923964,-117.207097785,6,308.487,297.787,299.427,288.727,10.7,-5.518,2.027,5.099,-12.488,286.939,-3511,,,,
2026-09-27T21:58:32.000Z,1790546312.000,32.651940779,-117.207121484,5.635,311.241,300.541,301.138,290.438,10.7,1.48,5.096,5.098,-14.137,287.002,-3512,,,,
2026-09-27T21:58:33.000Z,1790546313.000,32.651957521,-117.20714553,5.864,302.813,292.113,304.204,293.504,10.7,-1.061,6,5.097,-17.4,286.805,-3513,,,,
2026-09-27T21:58:34.000Z,1790546314.000,32.651974918,-117.207171904,6.238,308.517,297.817,299.761,289.061,10.7,-4.523,3.615,5.096,-13.303,286.458,-3514,,,,
2026-09-27T21:58:35.000Z,1790546315.000,32.651993826,-117.207196319,5.561,312.709,302.009,298.862,288.162,10.7,-0.639,4.509,5.094,-12.528,286.334,-3515,,,,
2026-09-27T21:58:36.000Z,1790546316.000,32.65201234,-117.207218241,5.933,314.903,304.203,303.799,293.099,10.7,0.033,3.468,5.093,-17.742,286.057,-3516,,,,
2026-09-27T21:58:37.000Z,1790546317.000,32.65203047,-117.207242172,6,308.665,297.965,300.503,289.803,10.7,-4.724,3.705,5.092,-14.872,285.631,-3517,,,,
2026-09-27T21:58:38.000Z,1790546318.000,32.65204908,-117.207265819,5.9,313.763,303.063,301.67,290.97,10.7,2.015,3.67,5.091,-16.306,285.364,-3518,,,,
2026-09-27T21:58:39.000Z,1790546319.000,32.652067913,-117.207291006,6.2,311.856,301.156,301.794,291.094,10.7,-1.238,3.363,5.09,-16.563,285.23,-3519,,,,
2026-09-27T21:58:40.000Z,1790546320.000,32.652086939,-117.207316133,6.268,314.78,304.08,299.71,289.01,10.7,-2.128,2.602,5.089,-14.487,285.223,-3520,,,,
2026-09-27T21:58:41.000Z,1790546321.000,32.652106881,-117.207338581,6.171,319.643,308.943,302.933,292.233,10.7,-0.402,7.923,5.088,-17.394,285.539,-3521,,,,
2026-09-27T21:58:42.000Z,1790546322.000,32.652129925,-117.207360815,6.2,321.942,311.242,304.37,293.67,10.7,1.623,7.063,5.087,-18.421,285.949,-3522,,,,
2026-09-27T21:58:43.000Z,1790546323.000,32.652150233,-117.207384933,6.2,306.433,295.733,304.167,293.467,10.7,-6.5,4,5.086,-17.978,286.188,-3523,,,,
2026-09-27T21:58:44.000Z,1790546324.000,32.652167999,-117.207410941,6,310.132,299.432,300.772,290.072,10.7,-1.344,5.261,5.084,-14.359,286.414,-3524,,,,
2026-09-27T21:58:45.000Z,1790546325.000,32.652186498,-117.207435792,5.964,311.702,301.002,304.436,293.736,10.7,4.692,3.906,5.083,-18.303,286.133,-3525,,,,
2026-09-27T21:58:46.000Z,1790546326.000,32.652203827,-117.207462076,6,308.847,298.147,300.574,289.874,10.7,-5.471,6.42,5.082,-14.75,285.824,-3526,,,,
2026-09-27T21:58:47.000Z,1790546327.000,32.652222466,-117.207487044,6.235,311.78,301.08,303.032,292.332,10.7,2.045,2.857,5.081,-17.628,285.405,-3527,,,,
2026-09-27T21:58:48.000Z,1790546328.000,32.652239218,-117.20751333,5.972,307.354,296.654,299.851,289.151,10.7,-5.033,3.857,5.08,-14.797,285.054,-3528,,,,
2026-09-27T21:58:49.000Z,1790546329.000,32.652256118,-117.207539381,6,309.954,299.254,297.315,286.615,10.7,-4.261,2.555,5.079,-12.547,284.769,-3529,,,,
2026-09-27T21:58:50.000Z,1790546330.000,32.652274966,-117.207563612,6.023,314.158,303.458,301.293,290.593,10.7,-1.609,5.685,5.078,-16.643,284.65,-3530,,,,
2026-09-27T21:58:51.000Z,1790546331.000,32.652296125,-117.207586259,6.266,322.929,312.229,304.364,293.664,10.7,3.562,5.535,5.077,-19.847,284.517,-3531,,,,
2026-09-27T21:58:52.000Z,1790546332.000,32.652317323,-117.207610425,6.109,313.197,302.497,300.516,289.816,10.7,-2.165,3.274,5.076,-16.302,284.214,-3532,,,,
2026-09-27T21:58:53.000Z,1790546333.000,32.652336537,-117.207636444,6.423,308.284,297.584,297.285,286.585,10.7,0.454,3.661,5.074,-13.061,284.224,-3533,,,,
2026-09-27T21:58:54.000Z,1790546334.000,32.652356663,-117.207662158,6.163,311.205,300.505,300.784,290.084,10.7,5.858,4.774,5.073,-16.281,284.503,-3534,,,,
2026-09-27T21:58:55.000Z,1790546335.000,32.65237461,-117.207689261,6.4,308.056,297.356,298.106,287.406,10.7,-6.974,4.828,5.072,-13.543,284.563,-3535,,,,
2026-09-27T21:58:56.000Z,1790546336.000,32.652391748,-117.207717658,6.323,301.903,291.203,297.684,286.984,10.7,-3.145,2.277,5.071,-13.001,284.683,-3536,,,,
2026-09-27T21:58:57.000Z,1790546337.000,32.652406748,-117.207747297,6.3,300.855,290.155,297.862,287.162,10.7,0.362,4.831,5.07,-12.906,284.956,-3537,,,,
2026-09-27T21:58:58.000Z,1790546338.000,32.652421381,-117.207777631,6.1,299.419,288.719,296.905,286.205,10.7,-0.342,4.678,5.069,-11.6,285.305,-3538,,,,
2026-09-27T21:58:59.000Z,1790546339.000,32.652436149,-117.207807628,6.565,299.281,288.581,296.5,285.8,10.7,-5.235,3,5.068,-10.745,285.755,-3539,,,,
2026-09-27T21:59:00.000Z,1790546340.000,32.652454031,-117.207835554,6.336,311.023,300.323,298.468,287.768,10.7,2.167,3.36,5.067,-12.485,285.983,-3540,,,,
2026-09-27T21:59:01.000Z,1790546341.000,32.652471609,-117.207864484,6.121,308.906,298.206,295.37,284.67,10.7,-4.457,4.13,5.066,-9.336,286.033,-3541,,,,
2026-09-27T21:59:02.000Z,1790546342.000,32.652490625,-117.207889103,6.2,309.871,299.171,296.798,286.098,10.7,-3.041,3.835,5.064,-10.982,285.816,-3542,,,,
2026-09-27T21:59:03.000Z,1790546343.000,32.652510689,-117.207913048,6.365,315.649,304.949,299.441,288.741,10.7,-2.995,3.741,5.063,-13.422,286.018,-3543,,,,
2026-09-27T21:59:04.000Z,1790546344.000,32.652532819,-117.207936166,6.5,318.131,307.431,303.359,292.659,10.7,2.145,4.444,5.062,-17.207,286.153,-3544,,,,
2026-09-27T21:59:05.000Z,1790546345.000,32.652554666,-117.207960445,6.439,317.445,306.745,305.494,294.794,10.7,-7.603,9.718,5.061,-19.192,286.301,-3545,,,,
2026-09-27T21:59:06.000Z,1790546346.000,32.652577312,-117.207985606,6.568,315.243,304.543,305.466,294.766,10.7,-0.858,1.375,5.06,-19.072,286.394,-3546,,,,
2026-09-27T21:59:07.000Z,1790546347.000,32.652597407,-117.208012585,6.635,308.783,298.083,302.209,291.509,10.7,-1.765,3.256,5.059,-14.739,287.47,-3547,,,,
2026-09-27T21:59:08.000Z,1790546348.000,32.652616773,-117.208038956,6.377,308.903,298.203,304.656,293.956,10.7,-3.897,3.186,5.058,-16.333,288.323,-3548,,,,
2026-09-27T21:59:09.000Z,1790546349.000,32.652637855,-117.208062781,6.331,321.461,310.761,306.417,295.717,10.7,-2.162,5.27,5.057,-17.494,288.923,-3549,,,,
2026-09-27T21:59:10.000Z,1790546350.000,32.652659,-117.208086133,6.267,314.433,303.733,309.133,298.433,10.7,0.7,3.5,5.056,-20.246,288.887,-3550,,,,
2026-09-27T21:59:11.000Z,1790546351.000,32.652677369,-117.208110866,6.123,308.971,298.271,304.393,293.693,10.7,-6.945,3.439,5.054,-14.898,289.495,-3551,,,,
2026-09-27T21:59:12.000Z,1790546352.000,32.652696974,-117.208134716,5.971,316.866,306.166,305.479,294.779,10.7,-1.313,4.621,5.053,-16.114,289.365,-3552,,,,
2026-09-27T21:59:13.000Z,1790546353.000,32.652717912,-117.208156255,6.131,318.06,307.36,309.551,298.851,10.7,1.026,3.794,5.052,-20.375,289.176,-3553,,,,
2026-09-27T21:59:14.000Z,1790546354.000,32.652738923,-117.208178786,6.134,317.297,306.597,306.412,295.712,10.7,-5.119,4.857,5.051,-17.333,289.079,-3554,,,,
2026-09-27T21:59:15.000Z,1790546355.000,32.652759976,-117.208201695,6.3,316.126,305.426,305.089,294.389,10.7,-1.783,2.373,5.05,-16.163,288.926,-3555,,,,
2026-09-27T21:59:16.000Z,1790546356.000,32.652781235,-117.208224745,6.1,319.609,308.909,308.589,297.889,10.7,1.28,3.552,5.049,-20.002,288.587,-3556,,,,
2026-09-27T21:59:17.000Z,1790546357.000,32.652801389,-117.208248292,6.202,316.655,305.955,309.837,299.137,10.7,-5.133,7.294,5.048,-21.395,288.443,-3557,,,,
2026-09-27T21:59:18.000Z,1790546358.000,32.652822737,-117.208272794,6.17,314.599,303.899,306.339,295.639,10.7,-0.518,4.479,5.047,-17.854,288.485,-3558,,,,
2026-09-27T21:59:19.000Z,1790546359.000,32.652842725,-117.208298037,6.2,310.361,299.661,304.638,293.938,10.7,0.858,3.685,5.046,-16.299,288.339,-3559,,,,
2026-09-27T21:59:20.000Z,1790546360.000,32.652861684,-117.208324372,6.269,312.176,301.476,302.238,291.538,10.7,-5.594,5.775,5.044,-14.154,288.084,-3560,,,,
2026-09-27T21:59:21.000Z,1790546361.000,32.652883167,-117.208349367,6.367,314.432,303.732,302.467,291.767,10.7,1.767,2.333,5.043,-14.511,287.955,-3561,,,,
2026-09-27T21:59:22.000Z,1790546362.000,32.652903437,-117.208374559,6.335,314.501,303.801,300.639,289.939,10.7,-1.631,3.644,5.042,-12.835,287.804,-3562,,,,
2026-09-27T21:59:23.000Z,1790546363.000,32.652923958,-117.208399557,6.339,311.949,301.249,301.984,291.285,10.7,-1.205,3.051,5.041,-14.379,287.605,-3563,,,,
2026-09-27T21:59:24.000Z,1790546364.000,32.652943851,-117.208425608,6.231,313.231,302.531,302.369,291.669,10.7,-2.606,4.219,5.04,-14.92,287.449,-3564,,,,
2026-09-27T21:59:25.000Z,1790546365.000,32.652961672,-117.208453009,6.133,307.231,296.531,301.666,290.966,10.7,-5.035,4.102,5.039,-14.15,287.516,-3565,,,,
2026-09-27T21:59:26.000Z,1790546366.000,32.652979729,-117.20848159,6.538,307.257,296.557,301.4,290.7,10.7,0.6,2.543,5.038,-13.78,287.62,-3566,,,,
2026-09-27T21:59:27.000Z,1790546367.000,32.652997593,-117.208509885,6.414,309.787,299.087,301.418,290.718,10.7,-4.096,4.328,5.037,-14.101,287.317,-3567,,,,
2026-09-27T21:59:28.000Z,1790546368.000,32.653016908,-117.208536953,6.268,312.548,301.848,299.223,288.523,10.7,-8.268,2.939,5.036,-11.972,287.251,-3568,,,,
2026-09-27T21:59:29.000Z,1790546369.000,32.653036794,-117.208560553,6.076,315.238,304.538,299.824,289.124,10.7,-2.154,3.259,5.034,-12.606,287.218,-3569,,,,
2026-09-27T21:59:30.000Z,1790546370.000,32.65305714,-117.208582995,5.964,316.011,305.311,304.428,293.728,10.7,-3.955,6.582,5.033,-17.358,287.07,-3570,,,,
2026-09-27T21:59:31.000Z,1790546371.000,32.653078587,-117.208606545,6.2,313.5,302.8,302.682,291.982,10.7,-5.53,3.227,5.032,-15.851,286.831,-3571,,,,
2026-09-27T21:59:32.000Z,1790546372.000,32.65309848,-117.208630508,6.232,312.552,301.852,302.097,291.397,10.7,-2.531,1.929,5.031,-15.577,286.52,-3572,,,,
2026-09-27T21:59:33.000Z,1790546373.000,32.653117288,-117.208654627,6.035,310.572,299.872,304.394,293.694,10.7,-3.158,4.271,5.03,-18.052,286.341,-3573,,,,
2026-09-27T21:59:34.000Z,1790546374.000,32.65313631,-117.208679751,6.2,311.182,300.482,304.647,293.947,10.7,-2.179,3.811,5.029,-18.363,286.284,-3574,,,,
2026-09-27T21:59:35.000Z,1790546375.000,32.653157327,-117.208705047,6.269,314.397,303.697,305.996,295.296,10.7,-1.286,5.786,5.028,-19.681,286.315,-3575,,,,
2026-09-27T21:59:36.000Z,1790546376.000,32.653178093,-117.208728492,6.2,318.333,307.634,306.162,295.462,10.7,-5.733,7.23,5.027,-19.464,286.697,-3576,,,,
2026-09-27T21:59:37.000Z,1790546377.000,32.653200337,-117.208752394,6.47,315.444,304.744,303.379,292.679,10.7,-1.256,2.182,5.026,-16.484,286.895,-3577,,,,
2026-09-27T21:59:38.000Z,1790546378.000,32.653220538,-117.208775662,6.076,317.019,306.319,301.738,291.038,10.7,-4.329,3.919,5.024,-14.984,286.754,-3578,,,,
2026-09-27T21:59:39.000Z,1790546379.000,32.653241156,-117.208797894,5.938,317.425,306.725,307.244,296.544,10.7,-3.444,4.925,5.023,-20.537,286.706,-3579,,,,
2026-09-27T21:59:40.000Z,1790546380.000,32.653261939,-117.208821897,6.498,313.699,302.999,307.4,296.7,10.7,-1.668,5.492,5.022,-20.59,286.81,-3580,,,,
2026-09-27T21:59:41.000Z,1790546381.000,32.65328033,-117.208850313,6.6,303.2,292.5,301.278,290.578,10.7,-3.207,1.1,5.021,-14.445,286.833,-3581,,,,
2026-09-27T21:59:42.000Z,1790546382.000,32.653296873,-117.208879974,6.217,306.887,296.187,299.283,288.583,10.7,-5.135,5.429,5.02,-12.239,287.044,-3582,,,,
2026-09-27T21:59:43.000Z,1790546383.000,32.653315354,-117.208906038,6.2,313.829,303.129,305.708,295.008,10.7,-0.347,5.218,5.019,-18.313,287.395,-3583,,,,
2026-09-27T21:59:44.000Z,1790546384.000,32.65333384,-117.20893271,6.27,308.065,297.365,300.985,290.285,10.7,-6.03,6.325,5.018,-13.494,287.491,-3584,,,,
2026-09-27T21:59:45.000Z,1790546385.000,32.653352604,-117.208959292,6.236,310.46,299.76,296.5,285.8,10.7,-5.42,2.588,5.017,-9.544,286.956,-3585,,,,
2026-09-27T21:59:46.000Z,1790546386.000,32.653372462,-117.208983133,6.07,312.068,301.368,302.289,291.589,10.7,-0.06,2.059,5.016,-15.858,286.431,-3586,,,,
2026-09-27T21:59:47.000Z,1790546387.000,32.653390834,-117.209007174,5.965,315.147,304.447,303.632,292.932,10.7,-8.44,4.965,5.014,-17.169,286.464,-3587,,,,
2026-09-27T21:59:48.000Z,1790546388.000,32.653411229,-117.209031284,6.33,314.8,304.1,302.27,291.57,10.7,-3.61,2.285,5.013,-16.14,286.13,-3588,,,,
2026-09-27T21:59:49.000Z,1790546389.000,32.653432664,-117.209055103,6.561,319.613,308.913,299.917,289.217,10.7,-1.158,2.825,5.012,-14.07,285.847,-3589,,,,
2026-09-27T21:59:50.000Z,1790546390.000,32.653456788,-117.20907575,6.239,322.976,312.276,307.561,296.861,10.7,1.322,4.198,5.011,-21.846,285.715,-3590,,,,
2026-09-27T21:59:51.000Z,1790546391.000,32.65347817,-117.20909907,6.334,316.438,305.738,300.698,289.998,10.7,-12.904,6.598,5.01,-14.945,285.753,-3591,,,,
2026-09-27T21:59:52.000Z,1790546392.000,32.653502525,-117.20912109,6.435,321.215,310.515,302.7,292,10.7,0.265,2.195,5.009,-16.616,286.084,-3592,,,,
2026-09-27T21:59:53.000Z,1790546393.000,32.65352439,-117.209142935,6.4,318.406,307.706,308.428,297.728,10.7,-1.822,6.005,5.008,-21.877,286.551,-3593,,,,
2026-09-27T21:59:54.000Z,1790546394.000,32.653545548,-117.209168834,6.6,311.096,300.396,305.349,294.649,10.7,-3.686,2.861,5.007,-18.48,286.87,-3594,,,,
2026-09-27T21:59:55.000Z,1790546395.000,32.653562112,-117.209198359,6.5,301.682,290.982,303.2,292.5,10.7,-5.694,4.672,5.006,-16.038,287.162,-3595,,,,
2026-09-27T21:59:56.000Z,1790546396.000,32.653578305,-117.209228391,6.461,306.599,295.899,299.312,288.612,10.7,-1.836,5.006,5.004,-12.236,287.076,-3596,,,,
2026-09-27T21:59:57.000Z,1790546397.000,32.653596137,-117.209255534,5.99,307.011,296.311,302.378,291.679,10.7,-1.046,4.128,5.003,-15.593,286.786,-3597,,,,
2026-09-27T21:59:58.000Z,1790546398.000,32.65361346,-117.209280366,5.967,310.023,299.323,304.353,293.653,10.7,-8.179,5.508,5.002,-17.751,286.602,-3598,,,,
2026-09-27T21:59:59.000Z,1790546399.000,32.653632717,-117.209304266,6.031,314.713,304.013,304.765,294.065,10.7,-3.247,2.937,5.001,-18.651,286.114,-3599,,,,
2026-09-27T22:00:00.000Z,1790546400.000,32.653652136,-117.20932857,6.263,313.686,302.986,305.48,294.78,10.7,-1.269,3.537,5,-20.055,285.426,-3600,,,,
2026-09-27T22:00:01.000Z,1790546401.000,32.653672712,-117.209353663,6.3,316.521,305.821,303.5,292.8,10.7,-6.201,3.701,5.001,-18.506,284.994,-3601,,,,
2026-09-27T22:00:02.000Z,1790546402.000,32.653694515,-117.209376281,6.266,318.879,308.178,302.298,291.598,10.7,-4.708,2.767,5.002,-17.48,284.818,-3602,,,,
2026-09-27T22:00:03.000Z,1790546403.000,32.653717479,-117.209396424,6.166,325.717,315.017,304.19,293.489,10.7,-2.166,4.628,5.003,-19.546,284.643,-3603,,,,
2026-09-27T22:00:04.000Z,1790546404.000,32.653739711,-117.209415926,5.938,321.255,310.555,307.878,297.178,10.7,-5.694,7.302,5.004,-23.262,284.616,-3604,,,,
2026-09-27T22:00:05.000Z,1790546405.000,32.653763592,-117.209439292,6.563,320.663,309.963,307.929,297.229,10.7,-0.828,6.563,5.006,-23.265,284.664,-3605,,,,
2026-09-27T22:00:06.000Z,1790546406.000,32.653784044,-117.209464631,6.068,310.853,300.153,301.19,290.49,10.7,-3.7,3.96,5.007,-16.267,284.922,-3606,,,,
2026-09-27T22:00:07.000Z,1790546407.000,32.653802496,-117.20949194,6.839,310.256,299.556,303.363,292.663,10.7,-1.939,3.593,5.008,-18.179,285.184,-3607,,,,
2026-09-27T22:00:08.000Z,1790546408.000,32.653820523,-117.209521266,6.7,303.697,292.997,304.717,294.017,10.7,-1.283,2.197,5.009,-19.226,285.491,-3608,,,,
2026-09-27T22:00:09.000Z,1790546409.000,32.653835726,-117.209552019,6.235,301.643,290.943,300.427,289.727,10.7,-6.735,3.827,5.01,-14.855,285.572,-3609,,,,
2026-09-27T22:00:10.000Z,1790546410.000,32.653850834,-117.209579681,6,302.951,292.251,298.884,288.184,10.7,-3.264,2.578,5.011,-13.754,285.13,-3610,,,,
2026-09-27T22:00:11.000Z,1790546411.000,32.653867558,-117.209604311,5.825,310.243,299.543,301.159,290.459,10.7,-4.436,3.71,5.012,-16.402,284.758,-3611,,,,
2026-09-27T22:00:12.000Z,1790546412.000,32.65388693,-117.209626899,5.876,317.009,306.309,304.141,293.441,10.7,-4.852,3.462,5.013,-19.521,284.619,-3612,,,,
2026-09-27T22:00:13.000Z,1790546413.000,32.653908207,-117.209647274,5.967,322.427,311.727,308.04,297.34,10.7,-0.361,5.967,5.014,-23.97,284.069,-3613,,,,
2026-09-27T22:00:14.000Z,1790546414.000,32.653927711,-117.209671819,6.3,309.044,298.344,302.604,291.904,10.7,-6.617,3.612,5.016,-19,283.604,-3614,,,,
2026-09-27T22:00:15.000Z,1790546415.000,32.653947199,-117.209698383,6.423,311.824,301.124,298.946,288.246,10.7,-7.584,5.122,5.017,-15.596,283.35,-3615,,,,
2026-09-27T22:00:16.000Z,1790546416.000,32.653970496,-117.209722688,6.692,323.691,312.991,302.94,292.24,10.7,2.033,4.231,5.018,-19.651,283.289,-3616,,,,
2026-09-27T22:00:17.000Z,1790546417.000,32.653994933,-117.209745867,6.867,319.034,308.334,306.2,295.5,10.7,-4.467,6.2,5.019,-22.807,283.393,-3617,,,,
2026-09-27T22:00:18.000Z,1790546418.000,32.654018324,-117.209771319,6.814,317.171,306.471,302.967,292.267,10.7,-7.838,1.01,5.02,-19.3,283.667,-3618,,,,
2026-09-27T22:00:19.000Z,1790546419.000,32.654038769,-117.209798002,6.618,308.839,298.139,305.629,294.929,10.7,-4.61,6.714,5.021,-21.561,284.068,-3619,,,,
2026-09-27T22:00:20.000Z,1790546420.000,32.654057638,-117.209827631,6.868,304.726,294.026,305.571,294.871,10.7,-2.413,6.306,5.022,-21.177,284.393,-3620,,,,
2026-09-27T22:00:21.000Z,1790546421.000,32.654077231,-117.209856986,6.966,310.843,300.143,304.261,293.561,10.7,-4.039,5.968,5.023,-19.847,284.414,-3621,,,,
2026-09-27T22:00:22.000Z,1790546422.000,32.654097793,-117.209883342,6.436,314.977,304.277,304.724,294.024,10.7,-2.742,6.313,5.024,-20.813,283.911,-3622,,,,
2026-09-27T22:00:23.000Z,1790546423.000,32.654118295,-117.209909743,6.331,310.099,299.399,301.453,290.753,10.7,-7.062,2.889,5.026,-18.193,283.261,-3623,,,,
2026-09-27T22:00:24.000Z,1790546424.000,32.654137996,-117.209935001,6.437,314.897,304.197,303.9,293.2,10.7,-5.596,5.045,5.027,-20.929,282.971,-3624,,,,
2026-09-27T22:00:25.000Z,1790546425.000,32.654160448,-117.209959806,6.734,318.227,307.527,306.304,295.603,10.7,1.8,2.731,5.028,-23.447,282.856,-3625,,,,
2026-09-27T22:00:26.000Z,1790546426.000,32.654181248,-117.20998716,6.6,310.537,299.837,300.597,289.897,10.7,-7.319,3.459,5.029,-17.956,282.641,-3626,,,,
2026-09-27T22:00:27.000Z,1790546427.000,32.654202765,-117.210013065,6.569,318.506,307.806,301.92,291.22,10.7,-7.294,6.31,5.03,-19.61,282.31,-3627,,,,
2026-09-27T22:00:28.000Z,1790546428.000,32.654228176,-117.210034108,6.967,324.233,313.533,309.972,299.272,10.7,1.769,6.338,5.031,-28.004,281.968,-3628,,,,
2026-09-27T22:00:29.000Z,1790546429.000,32.65425221,-117.210058972,6.838,316.09,305.39,303.638,292.938,10.7,-5.623,2.511,5.032,-21.976,281.662,-3629,,,,
2026-09-27T22:00:30.000Z,1790546430.000,32.654274724,-117.210085145,6.88,318.421,307.721,301.138,290.438,10.7,-2.376,3.1,5.033,-19.146,281.992,-3630,,,,
2026-09-27T22:00:31.000Z,1790546431.000,32.654296584,-117.210114413,7.368,307.274,296.574,303.906,293.206,10.7,1.853,4.878,5.034,-21.585,282.321,-3631,,,,
2026-09-27T22:00:32.000Z,1790546432.000,32.654316522,-117.210145393,7.264,305.792,295.092,298.105,287.405,10.7,-6.159,4.256,5.036,-15.308,282.796,-3632,,,,
2026-09-27T22:00:33.000Z,1790546433.000,32.654336713,-117.210176796,7.174,308.24,297.54,297.635,286.935,10.7,-5.674,3.758,5.037,-14.814,282.821,-3633,,,,
2026-09-27T22:00:34.000Z,1790546434.000,32.654357728,-117.210206654,6.925,313.366,302.666,303.17,292.47,10.7,-2.698,6.38,5.038,-20.582,282.588,-3634,,,,
2026-09-27T22:00:35.000Z,1790546435.000,32.65437842,-117.210235118,6.771,306.377,295.677,300.811,290.111,10.7,-4.3,3.9,5.039,-18.763,282.047,-3635,,,,
2026-09-27T22:00:36.000Z,1790546436.000,32.654398627,-117.210261912,6.528,310.537,299.837,304.036,293.336,10.7,-5.633,5.711,5.04,-22.567,281.469,-3636,,,,
2026-09-27T22:00:37.000Z,1790546437.000,32.654419902,-117.210287365,6.3,316.667,305.967,306.645,295.945,10.7,-1.779,6.685,5.041,-25.891,280.755,-3637,,,,
2026-09-27T22:00:38.000Z,1790546438.000,32.654442828,-117.210312177,6.668,315.589,304.889,305.26,294.56,10.7,-3.585,2.972,5.042,-25.464,279.795,-3638,,,,
2026-09-27T22:00:39.000Z,1790546439.000,32.654465317,-117.210337148,6.566,322.053,311.353,306.841,296.141,10.7,2.579,4.359,5.043,-28.048,278.794,-3639,,,,
2026-09-27T22:00:40.000Z,1790546440.000,32.654488985,-117.21035926,6.465,321.91,311.21,307.095,296.395,10.7,-5.07,4.025,5.044,-29.05,278.045,-3640,,,,
2026-09-27T22:00:41.000Z,1790546441.000,32.654514306,-117.210379865,6.778,329.645,318.945,310.579,299.879,10.7,-2.296,3.822,5.046,-32.858,277.721,-3641,,,,
2026-09-27T22:00:42.000Z,1790546442.000,32.654540909,-117.210399571,6.632,325.09,314.39,313.082,302.382,10.7,-3.448,5.348,5.047,-35.305,277.777,-3642,,,,
2026-09-27T22:00:43.000Z,1790546443.000,32.654565386,-117.210422748,7,319.376,308.676,313.575,302.875,10.7,0.366,4.946,5.048,-35.465,278.11,-3643,,,,
2026-09-27T22:00:44.000Z,1790546444.000,32.654588059,-117.210449234,6.961,314.526,303.826,308.512,297.812,10.7,-4.565,4.481,5.049,-30.141,278.372,-3644,,,,
2026-09-27T22:00:45.000Z,1790546445.000,32.654610722,-117.210476303,6.9,316.629,305.929,306.251,295.551,10.7,-2.347,5.401,5.05,-28.018,278.233,-3645,,,,
2026-09-27T22:00:46.000Z,1790546446.000,32.654632294,-117.210502037,6.633,312.136,301.436,306.574,295.874,10.7,-1.869,5.212,5.051,-28.651,277.923,-3646,,,,
2026-09-27T22:00:47.000Z,1790546447.000,32.654653259,-117.210529732,6.805,313.392,302.692,304.498,293.798,10.7,-1.054,4.889,5.052,-27.092,277.405,-3647,,,,
2026-09-27T22:00:48.000Z,1790546448.000,32.654673244,-117.210557938,6.9,307.518,296.818,300.85,290.15,10.7,-2.577,3.39,5.053,-23.747,277.103,-3648,,,,
2026-09-27T22:00:49.000Z,1790546449.000,32.654693334,-117.21058682,6.692,308.05,297.35,300.338,289.638,10.7,-4.009,3.485,5.054,-23.335,277.003,-3649,,,,
2026-09-27T22:00:50.000Z,1790546450.000,32.654715451,-117.210612549,6.8,315.681,304.981,304.567,293.867,10.7,-1.262,3.697,5.056,-28.141,276.427,-3650,,,,
2026-09-27T22:00:51.000Z,1790546451.000,32.654738732,-117.210638832,7.131,317.515,306.815,303.831,293.131,10.7,-3.781,4.163,5.057,-28.317,275.513,-3651,,,,
2026-09-27T22:00:52.000Z,1790546452.000,32.654762071,-117.210664548,6.69,320.158,309.458,301.1,290.4,10.7,-6.124,4.995,5.058,-26.49,274.61,-3652,,,,
2026-09-27T22:00:53.000Z,1790546453.000,32.654788911,-117.210685971,6.965,327.175,316.475,309.88,299.18,10.7,1.538,5.827,5.059,-35.832,274.048,-3653,,,,
2026-09-27T22:00:54.000Z,1790546454.000,32.654815174,-117.210708276,6.932,323.094,312.394,309.135,298.435,10.7,-5.129,6.008,5.06,-34.967,274.168,-3654,,,,
2026-09-27T22:00:55.000Z,1790546455.000,32.654839311,-117.210733364,6.737,316.869,306.169,309.668,298.968,10.7,-1.495,5.853,5.061,-35.004,274.664,-3655,,,,
2026-09-27T22:00:56.000Z,1790546456.000,32.654862481,-117.210760546,6.9,308.957,298.257,307.916,297.216,10.7,-1.765,4.792,5.062,-32.803,275.114,-3656,,,,
2026-09-27T22:00:57.000Z,1790546457.000,32.654884239,-117.210787909,6.83,316.188,305.488,306.165,295.465,10.7,-1.097,4.695,5.063,-30.564,275.601,-3657,,,,
2026-09-27T22:00:58.000Z,1790546458.000,32.654906769,-117.210812073,6.439,321.269,310.569,308.455,297.755,10.7,-2.857,5.286,5.064,-32.315,276.14,-3658,,,,
2026-09-27T22:00:59.000Z,1790546459.000,32.654930249,-117.210834031,6.564,321.128,310.428,311.923,301.223,10.7,-0.845,2.584,5.066,-35.348,276.574,-3659,,,,
2026-09-27T22:01:00.000Z,1790546460.000,32.654951472,-117.210858704,6.508,310.966,300.266,311.416,300.716,10.7,-0.66,5.522,5.067,-34.643,276.773,-3660,,,,
2026-09-27T22:01:01.000Z,1790546461.000,32.654971673,-117.210885877,6.667,308.867,298.167,309.068,298.368,10.7,-0.435,7.604,5.068,-32.315,276.753,-3661,,,,
2026-09-27T22:01:02.000Z,1790546462.000,32.654993253,-117.210914202,6.935,312.698,301.998,303.984,293.284,10.7,0.33,4.443,5.069,-27.536,276.447,-3662,,,,
2026-09-27T22:01:03.000Z,1790546463.000,32.655016557,-117.210940165,7.1,316.385,305.685,305.338,294.638,10.7,-1.108,4.822,5.07,-29.399,275.939,-3663,,,,
2026-09-27T22:01:04.000Z,1790546464.000,32.655041689,-117.210963742,6.7,324.342,313.642,304.842,294.142,10.7,-3.179,4.411,5.071,-29.556,275.287,-3664,,,,
2026-09-27T22:01:05.000Z,1790546465.000,32.655067189,-117.210984503,6.765,325.466,314.766,310.564,299.864,10.7,2.879,5.739,5.072,-35.611,274.953,-3665,,,,
2026-09-27T22:01:06.000Z,1790546466.000,32.655092127,-117.211008327,7.161,319.933,309.233,308.044,297.344,10.7,-5.204,5.49,5.073,-33.373,274.672,-3666,,,,
2026-09-27T22:01:07.000Z,1790546467.000,32.655118583,-117.211032329,7.223,324.4,313.7,306.623,295.923,10.7,-0.947,5.046,5.074,-32.184,274.439,-3667,,,,
2026-09-27T22:01:08.000Z,1790546468.000,32.655144484,-117.211056184,6.966,319.969,309.269,311.695,300.995,10.7,-1.147,5.197,5.076,-37.306,274.389,-3668,,,,
2026-09-27T22:01:09.000Z,1790546469.000,32.655168104,-117.211082363,7.171,316.888,306.188,307.224,296.524,10.7,-4.035,4.994,5.077,-32.96,274.264,-3669,,,,
2026-09-27T22:01:10.000Z,1790546470.000,32.655191914,-117.211108221,6.937,315.687,304.987,309.124,298.424,10.7,1.727,6.527,5.078,-34.904,274.22,-3670,,,,
2026-09-27T22:01:11.000Z,1790546471.000,32.655214604,-117.21113717,7.3,310.252,299.552,304.972,294.272,10.7,-4.428,5.521,5.079,-30.655,274.318,-3671,,,,
2026-09-27T22:01:12.000Z,1790546472.000,32.655237725,-117.211165329,7.334,315.998,305.298,304.655,293.955,10.7,-0.902,4.095,5.08,-30.139,274.516,-3672,,,,
2026-09-27T22:01:13.000Z,1790546473.000,32.655259367,-117.21119244,6.8,314.569,303.869,306.985,296.285,10.7,0.77,4.79,5.081,-32.246,274.739,-3673,,,,
2026-09-27T22:01:14.000Z,1790546474.000,32.655279721,-117.211218627,6.607,315.804,305.104,307.262,296.562,10.7,-0.335,7.977,5.082,-32.474,274.788,-3674,,,,
2026-09-27T22:01:15.000Z,1790546475.000,32.655301299,-117.211245835,6.637,309.29,298.59,304.11,293.41,10.7,0.3,4.842,5.083,-29.508,274.602,-3675,,,,
2026-09-27T22:01:16.000Z,1790546476.000,32.65532012,-117.211274847,6.7,309.237,298.537,299.538,288.838,10.7,-1.402,3.602,5.084,-25.165,274.373,-3676,,,,
2026-09-27T22:01:17.000Z,1790546477.000,32.655339417,-117.211302042,6.5,312.173,301.473,299.822,289.122,10.7,1.408,4.805,5.086,-25.774,274.047,-3677,,,,
2026-09-27T22:01:18.000Z,1790546478.000,32.655361804,-117.211326126,6.561,318.43,307.73,304.619,293.919,10.7,0.678,6.6,5.087,-30.848,273.772,-3678,,,,
2026-09-27T22:01:19.000Z,1790546479.000,32.655385599,-117.211351134,6.665,320.135,309.435,302.598,291.898,10.7,-2.498,3.165,5.088,-28.729,273.869,-3679,,,,
2026-09-27T22:01:20.000Z,1790546480.000,32.655407798,-117.211377919,6.935,312.936,302.236,301.521,290.821,10.7,-0.848,4.991,5.089,-27.502,274.019,-3680,,,,
2026-09-27T22:01:21.000Z,1790546481.000,32.655430453,-117.21140544,7.063,314.617,303.917,304.718,294.018,10.7,-2.67,4.022,5.09,-30.311,274.407,-3681,,,,
2026-09-27T22:01:22.000Z,1790546482.000,32.655454465,-117.211432795,7.07,318.758,308.058,306.251,295.551,10.7,-1.811,4.99,5.091,-31.718,274.533,-3682,,,,
2026-09-27T22:01:23.000Z,1790546483.000,32.655479803,-117.211456164,7.033,322.758,312.058,306.708,296.008,10.7,-1.822,5.194,5.092,-32.207,274.502,-3683,,,,
2026-09-27T22:01:24.000Z,1790546484.000,32.655504785,-117.211478825,6.67,322.79,312.09,309.015,298.315,10.7,-3.92,3.945,5.093,-34.62,274.395,-3684,,,,
2026-09-27T22:01:25.000Z,1790546485.000,32.655529328,-117.211502251,6.9,320.823,310.123,308.638,297.938,10.7,-1.338,5.571,5.094,-34.107,274.532,-3685,,,,
2026-09-27T22:01:26.000Z,1790546486.000,32.655553926,-117.21152717,6.937,316.618,305.918,312.304,301.604,10.7,4.412,4.388,5.096,-37.466,274.838,-3686,,,,
2026-09-27T22:01:27.000Z,1790546487.000,32.655576458,-117.211554657,7.233,313.464,302.764,308.5,297.8,10.7,-7.868,6.935,5.097,-33.545,274.955,-3687,,,,
2026-09-27T22:01:28.000Z,1790546488.000,32.655600126,-117.21158153,7.139,316.949,306.249,304.527,293.827,10.7,-0.23,5.297,5.098,-29.715,274.812,-3688,,,,
2026-09-27T22:01:29.000Z,1790546489.000,32.65562483,-117.211607313,6.978,319.714,309.014,305.032,294.332,10.7,3.429,5.453,5.099,-30.497,274.535,-3689,,,,
2026-09-27T22:01:30.000Z,1790546490.000,32.655649915,-117.211633583,7.201,322.109,311.409,302.778,292.078,10.7,-5.728,2.372,5.1,-28.247,274.53,-3690,,,,
2026-09-27T22:01:31.000Z,1790546491.000,32.655674772,-117.211658044,7.031,321.527,310.827,308.979,298.279,10.7,-2.197,5.945,5.101,-34.066,274.913,-3691,,,,
2026-09-27T22:01:32.000Z,1790546492.000,32.655698388,-117.211684024,6.837,312.71,302.01,308.916,298.216,10.7,-2.394,6.146,5.102,-33.674,275.241,-3692,,,,
2026-09-27T22:01:33.000Z,1790546493.000,32.655720328,-117.211714563,7.091,313.364,302.664,305.6,294.9,10.7,-1.33,4.734,5.103,-30.432,275.168,-3693,,,,
2026-09-27T22:01:34.000Z,1790546494.000,32.655742282,-117.211742819,6.9,314.619,303.919,305.437,294.737,10.7,0.236,5.57,5.104,-30.624,274.813,-3694,,,,
2026-09-27T22:01:35.000Z,1790546495.000,32.655764989,-117.211769718,6.807,320.425,309.725,308.365,297.665,10.7,2.093,5.192,5.106,-33.902,274.464,-3695,,,,
2026-09-27T22:01:36.000Z,1790546496.000,32.655787148,-117.211796397,6.821,314.042,303.342,309.985,299.285,10.7,-2.164,5.754,5.107,-35.987,273.998,-3696,,,,
2026-09-27T22:01:37.000Z,1790546497.000,32.655809136,-117.211825302,6.87,314.381,303.681,306.924,296.224,10.7,-2.734,5.391,5.108,-33.094,273.83,-3697,,,,
2026-09-27T22:01:38.000Z,1790546498.000,32.655831656,-117.211855098,7.366,311.091,300.391,307.759,297.059,10.7,2.892,4.973,5.109,-34.417,273.342,-3698,,,,
2026-09-27T22:01:39.000Z,1790546499.000,32.655854614,-117.211885913,7.762,312.038,301.338,303.046,292.346,10.7,-0.846,3.577,5.11,-30.62,272.427,-3699,,,,
2026-09-27T22:01:40.000Z,1790546500.000,32.65587965,-117.211913766,7.4,318.517,307.817,302.156,291.456,10.7,0.256,6.62,5.111,-30.531,271.625,-3700,,,,
2026-09-27T22:01:41.000Z,1790546501.000,32.655907333,-117.211940133,7.6,322.201,311.501,299.9,289.2,10.7,-2.233,6.5,5.112,-28.764,271.136,-3701,,,,
2026-09-27T22:01:42.000Z,1790546502.000,32.655936695,-117.211964241,7.77,322.933,312.233,307.863,297.163,10.7,6.915,3.063,5.113,-36.984,270.879,-3702,,,,
2026-09-27T22:01:43.000Z,1790546503.000,32.655962032,-117.211992786,7.627,315.942,305.242,301.019,290.319,10.7,-6.183,7.936,5.114,-30.122,270.897,-3703,,,,
2026-09-27T22:01:44.000Z,1790546504.000,32.655988276,-117.212023441,7.6,315.139,304.439,300.087,289.387,10.7,0.956,6.656,5.116,-29.059,271.028,-3704,,,,
2026-09-27T22:01:45.000Z,1790546505.000,32.656012982,-117.212052997,7.668,312.683,301.983,302.901,292.201,10.7,1.783,4.345,5.117,-31.886,271.015,-3705,,,,
2026-09-27T22:01:46.000Z,1790546506.000,32.656034667,-117.212083579,7.2,309.471,298.771,300.191,289.491,10.7,-2.997,5.753,5.118,-29.242,270.949,-3706,,,,
2026-09-27T22:01:47.000Z,1790546507.000,32.65605647,-117.212113349,7.262,308.527,297.827,305.569,294.869,10.7,1.886,8.08,5.119,-34.486,271.083,-3707,,,,
2026-09-27T22:01:48.000Z,1790546508.000,32.656077897,-117.21214781,7.807,304.58,293.88,302.971,292.271,10.7,-0.79,5.322,5.12,-31.745,271.226,-3708,,,,
2026-09-27T22:01:49.000Z,1790546509.000,32.656097106,-117.212182813,7.767,301.827,291.127,301.898,291.198,10.7,-0.436,4.001,5.121,-30.534,271.363,-3709,,,,
2026-09-27T22:01:50.000Z,1790546510.000,32.656116118,-117.21221818,7.741,307.076,296.376,301.635,290.935,10.7,-1.53,7.414,5.122,-30.344,271.291,-3710,,,,
2026-09-27T22:01:51.000Z,1790546511.000,32.656137968,-117.21224919,7.246,312.309,301.609,304.239,293.538,10.7,1.854,7.023,5.123,-33.216,271.023,-3711,,,,
2026-09-27T22:01:52.000Z,1790546512.000,32.656161634,-117.21227953,7.3,310.149,299.449,300.345,289.645,10.7,-1.746,3.809,5.124,-29.866,270.479,-3712,,,,
2026-09-27T22:01:53.000Z,1790546513.000,32.656183162,-117.212308054,6.897,314.2,303.5,299.866,289.166,10.7,-3.229,6.192,5.126,-29.629,270.236,-3713,,,,
2026-09-27T22:01:54.000Z,1790546514.000,32.656206866,-117.212334434,7.261,317.958,307.258,304.1,293.4,10.7,2.516,6.191,5.127,-34.123,269.977,-3714,,,,
2026-09-27T22:01:55.000Z,1790546515.000,32.656232185,-117.212363803,7.68,311.834,301.134,303.692,292.992,10.7,0.262,4.521,5.128,-33.892,269.801,-3715,,,,
2026-09-27T22:01:56.000Z,1790546516.000,32.656255992,-117.212393098,7.467,314.47,303.77,302.572,291.872,10.7,-2.491,6.561,5.129,-32.744,269.827,-3716,,,,
2026-09-27T22:01:57.000Z,1790546517.000,32.656280344,-117.212421768,7.366,315.327,304.627,303.345,292.645,10.7,1.128,7.445,5.13,-33.533,269.811,-3717,,,,
2026-09-27T22:01:58.000Z,1790546518.000,32.656305202,-117.212451204,7.774,314.777,304.077,302.786,292.086,10.7,-0.993,6.418,5.131,-32.719,270.067,-3718,,,,
2026-09-27T22:01:59.000Z,1790546519.000,32.656330276,-117.212481427,7.595,314.621,303.921,303.252,292.552,10.7,-1.187,4.271,5.132,-32.676,270.576,-3719,,,,
2026-09-27T22:02:00.000Z,1790546520.000,32.656353674,-117.212511272,7.634,315.51,304.81,303.158,292.458,10.7,2.429,5.784,5.133,-32.005,271.153,-3720,,,,
2026-09-27T22:02:01.000Z,1790546521.000,32.656376689,-117.212539856,7.095,311.787,301.087,305.884,295.184,10.7,-1.084,8.43,5.134,-34.384,271.499,-3721,,,,
2026-09-27T22:02:02.000Z,1790546522.000,32.656400287,-117.212569374,7.4,315.995,305.295,305.227,294.527,10.7,-1.23,6.122,5.136,-33.512,271.715,-3722,,,,
2026-09-27T22:02:03.000Z,1790546523.000,32.65642327,-117.212599257,7.1,312.223,301.523,305.014,294.314,10.7,1.359,6.859,5.137,-33.091,271.923,-3723,,,,
2026-09-27T22:02:04.000Z,1790546524.000,32.65644437,-117.212630157,7.432,310.712,300.012,304.062,293.362,10.7,0.06,8.234,5.138,-32.148,271.913,-3724,,,,
2026-09-27T22:02:05.000Z,1790546525.000,32.656467004,-117.212660806,7.54,310.5,299.8,306.58,295.88,10.7,3.22,6.499,5.139,-34.79,271.79,-3725,,,,
2026-09-27T22:02:06.000Z,1790546526.000,32.656490105,-117.21269302,7.361,311.043,300.343,303.87,293.17,10.7,2.679,6.064,5.14,-32.149,271.72,-3726,,,,
2026-09-27T22:02:07.000Z,1790546527.000,32.656511594,-117.212724376,7.233,308.476,297.776,302.612,291.912,10.7,1.39,7.719,5.141,-31.049,271.564,-3727,,,,
2026-09-27T22:02:08.000Z,1790546528.000,32.65653451,-117.212755468,7.669,313.013,302.313,301.962,291.262,10.7,1.983,6.221,5.142,-30.682,271.28,-3728,,,,
2026-09-27T22:02:09.000Z,1790546529.000,32.656558749,-117.212784357,7.364,316.324,305.624,301.957,291.257,10.7,0.592,5.416,5.143,-30.901,271.056,-3729,,,,
2026-09-27T22:02:10.000Z,1790546530.000,32.65658408,-117.212811625,7.4,315.714,305.014,301.982,291.282,10.7,1.81,3.752,5.144,-30.989,270.993,-3730,,,,
2026-09-27T22:02:11.000Z,1790546531.000,32.656608068,-117.212840191,7.566,312.638,301.938,304.246,293.546,10.7,1.774,6.176,5.146,-33.34,270.906,-3731,,,,
2026-09-27T22:02:12.000Z,1790546532.000,32.656632892,-117.212869174,7.6,314.581,303.881,304.648,293.948,10.7,-1.25,8.582,5.147,-33.637,271.012,-3732,,,,
2026-09-27T22:02:13.000Z,1790546533.000,32.656659351,-117.212896025,7.538,318.385,307.685,306.677,295.977,10.7,3.934,3.953,5.148,-35.648,271.029,-3733,,,,
2026-09-27T22:02:14.000Z,1790546534.000,32.656684109,-117.212925306,7.5,312.607,301.907,306.528,295.828,10.7,1.269,5.49,5.149,-35.405,271.123,-3734,,,,
2026-09-27T22:02:15.000Z,1790546535.000,32.656707557,-117.21295523,7.4,314.795,304.095,308.276,297.576,10.7,3.911,6.825,5.15,-37.047,271.229,-3735,,,,
2026-09-27T22:02:16.000Z,1790546536.000,32.656729878,-117.212985941,7.5,310.975,300.275,303.6,292.9,10.7,-1.012,7.576,5.151,-32.131,271.469,-3736,,,,
2026-09-27T22:02:17.000Z,1790546537.000,32.656753671,-117.2130165,7.4,309.457,298.757,304.714,294.014,10.7,3.629,4.757,5.152,-32.866,271.848,-3737,,,,
2026-09-27T22:02:18.000Z,1790546538.000,32.656775446,-117.213048109,7.632,309.02,298.32,305.058,294.358,10.7,-1.169,7.29,5.153,-32.934,272.123,-3738,,,,
2026-09-27T22:02:19.000Z,1790546539.000,32.65679756,-117.213080023,7.333,310.201,299.5,300.998,290.298,10.7,-5.367,7.529,5.154,-28.908,272.09,-3739,,,,
2026-09-27T22:02:20.000Z,1790546540.000,32.656821535,-117.213110619,7.672,309.236,298.536,304.353,293.653,10.7,1.607,4.804,5.156,-32.54,271.814,-3740,,,,
2026-09-27T22:02:21.000Z,1790546541.000,32.65684584,-117.213140202,7.389,316.817,306.117,303.719,293.019,10.7,-0.33,5.411,5.157,-32.234,271.485,-3741,,,,
2026-09-27T22:02:22.000Z,1790546542.000,32.656869866,-117.213168207,7.167,313.71,303.01,305.965,295.265,10.7,-1.376,4.763,5.158,-34.727,271.238,-3742,,,,
2026-09-27T22:02:23.000Z,1790546543.000,32.656893369,-117.21319801,7.665,312.035,301.335,305.412,294.712,10.7,-3.076,6.006,5.159,-34.356,271.056,-3743,,,,
2026-09-27T22:02:24.000Z,1790546544.000,32.656917863,-117.213229545,8.076,312.53,301.83,304.836,294.136,10.7,1.272,5.47,5.16,-34.012,270.823,-3744,,,,
2026-09-27T22:02:25.000Z,1790546545.000,32.656942706,-117.213260763,7.844,314.769,304.069,304.856,294.156,10.7,-0.056,7.069,5.161,-34.083,270.773,-3745,,,,
2026-09-27T22:02:26.000Z,1790546546.000,32.656967007,-117.213291236,7.5,315.112,304.412,300.868,290.168,10.7,-4.598,7.397,5.162,-30.285,270.583,-3746,,,,
2026-09-27T22:02:27.000Z,1790546547.000,32.656993434,-117.213317921,7.576,322.368,311.668,305.589,294.889,10.7,4.646,4.023,5.163,-35.13,270.459,-3747,,,,
2026-09-27T22:02:28.000Z,1790546548.000,32.657018692,-117.213346585,7.611,315.962,305.262,305.289,294.589,10.7,0.7,7.525,5.164,-34.723,270.566,-3748,,,,
2026-09-27T22:02:29.000Z,1790546549.000,32.657041956,-117.213376131,7.367,312.561,301.861,300.573,289.873,10.7,-2.603,6.475,5.166,-30.024,270.549,-3749,,,,
2026-09-27T22:02:30.000Z,1790546550.000,32.657065013,-117.213407192,7.538,310.707,300.007,303.069,292.369,10.7,1.866,5.731,5.167,-32.435,270.634,-3750,,,,
2026-09-27T22:02:31.000Z,1790546551.000,32.657086281,-117.213440029,7.474,305.659,294.959,298.804,288.104,10.7,-3.259,4.848,5.168,-28.212,270.592,-3751,,,,
2026-09-27T22:02:32.000Z,1790546552.000,32.657109721,-117.2134709,7.568,314.221,303.521,302.505,291.805,10.7,3.9,8.579,5.169,-32.021,270.484,-3752,,,,
2026-09-27T22:02:33.000Z,1790546553.000,32.657133426,-117.213499823,7.266,310.371,299.671,302.199,291.499,10.7,2.205,7.733,5.17,-31.619,270.58,-3753,,,,
2026-09-27T22:02:34.000Z,1790546554.000,32.657157094,-117.213531206,7.83,311.971,301.271,300.13,289.43,10.7,-3.239,6.935,5.171,-29.276,270.854,-3754,,,,
2026-09-27T22:02:35.000Z,1790546555.000,32.657180351,-117.213562466,7.638,310.414,299.714,300.992,290.292,10.7,1.931,6.014,5.172,-29.857,271.134,-3755,,,,
2026-09-27T22:02:36.000Z,1790546556.000,32.657202373,-117.213596419,7.737,305.042,294.342,298.848,288.148,10.7,-3.121,5.81,5.173,-27.488,271.359,-3756,,,,
2026-09-27T22:02:37.000Z,1790546557.000,32.657225725,-117.213628623,7.799,313.601,302.9,302.499,291.799,10.7,2.263,6.336,5.174,-30.916,271.583,-3757,,,,
2026-09-27T22:02:38.000Z,1790546558.000,32.657249724,-117.213659548,7.762,308.376,297.676,304.938,294.238,10.7,-1.329,5.41,5.176,-33.26,271.678,-3758,,,,
2026-09-27T22:02:39.000Z,1790546559.000,32.657271848,-117.213692716,7.538,309.375,298.675,299.947,289.247,10.7,-7.732,4.931,5.177,-28.011,271.936,-3759,,,,
2026-09-27T22:02:40.000Z,1790546560.000,32.657295909,-117.21372211,7.7,314.935,304.235,309.167,298.467,10.7,4.938,6.895,5.178,-37.057,272.11,-3760,,,,
2026-09-27T22:02:41.000Z,1790546561.000,32.657319721,-117.213751706,7.6,310.149,299.449,308.003,297.303,10.7,0.952,6.972,5.179,-35.893,272.11,-3761,,,,
2026-09-27T22:02:42.000Z,1790546562.000,32.657343234,-117.213781382,7.336,315.8,305.1,304.184,293.484,10.7,-5.236,6.532,5.18,-32.066,272.118,-3762,,,,
2026-09-27T22:02:43.000Z,1790546563.000,32.657368214,-117.213810142,7.53,314.979,304.279,306.494,295.794,10.7,-1.215,5.443,5.181,-34.513,271.982,-3763,,,,
2026-09-27T22:02:44.000Z,1790546564.000,32.657394167,-117.213836867,7.567,320.567,309.867,307.6,296.9,10.7,4.133,4.5,5.182,-35.685,271.915,-3764,,,,
2026-09-27T22:02:45.000Z,1790546565.000,32.657419872,-117.213863461,7.565,316.33,305.63,306.433,295.733,10.7,-2.873,6.116,5.183,-34.221,272.212,-3765,,,,
2026-09-27T22:02:46.000Z,1790546566.000,32.657447301,-117.213890171,7.677,323.061,312.361,303.036,292.336,10.7,2.065,6.54,5.184,-30.253,272.782,-3766,,,,
2026-09-27T22:02:47.000Z,1790546567.000,32.657474825,-117.213915793,7.437,320.416,309.716,309.516,298.816,10.7,-0.578,9.689,5.186,-36.468,273.048,-3767,,,,
2026-09-27T22:02:48.000Z,1790546568.000,32.657501873,-117.213943407,7.7,318.94,308.24,303.732,293.032,10.7,-6.643,5.897,5.187,-30.402,273.33,-3768,,,,
2026-09-27T22:02:49.000Z,1790546569.000,32.657528813,-117.21397006,7.762,317.402,306.702,309.265,298.565,10.7,5.134,6.435,5.188,-35.56,273.706,-3769,,,,
2026-09-27T22:02:50.000Z,1790546570.000,32.657553282,-117.214000883,7.63,309.999,299.299,307.42,296.72,10.7,0.929,7.51,5.189,-33.499,273.921,-3770,,,,
2026-09-27T22:02:51.000Z,1790546571.000,32.657575131,-117.214033211,7.633,308.833,298.133,304.612,293.912,10.7,-3.849,8.533,5.19,-30.524,274.089,-3771,,,,
2026-09-27T22:02:52.000Z,1790546572.000,32.65759746,-117.214064465,7.27,311.41,300.71,303.72,293.02,10.7,0.465,7.36,5.191,-29.329,274.391,-3772,,,,
2026-09-27T22:02:53.000Z,1790546573.000,32.657619938,-117.214095682,7.538,308.86,298.16,305.98,295.28,10.7,0.033,5.247,5.192,-31.53,274.45,-3773,,,,
2026-09-27T22:02:54.000Z,1790546574.000,32.657642267,-117.214126932,7.23,311.721,301.021,302.335,291.635,10.7,-7.312,5.417,5.193,-28.004,274.332,-3774,,,,
2026-09-27T22:02:55.000Z,1790546575.000,32.657667007,-117.214154042,7.366,320.994,310.294,307.392,296.692,10.7,4.359,5.162,5.194,-33.444,273.948,-3775,,,,
2026-09-27T22:02:56.000Z,1790546576.000,32.657692709,-117.214179802,7.293,319.95,309.25,311.264,300.564,10.7,1.8,7.443,5.196,-37.861,273.404,-3776,,,,
2026-09-27T22:02:57.000Z,1790546577.000,32.6577173,-117.214208612,7.5,313.086,302.386,304.606,293.906,10.7,-6.935,6.869,5.197,-31.721,272.885,-3777,,,,
2026-09-27T22:02:58.000Z,1790546578.000,32.657742589,-117.214237821,7.435,318.828,308.128,301.754,291.054,10.7,0.822,5.531,5.198,-29.313,272.441,-3778,,,,
2026-09-27T22:02:59.000Z,1790546579.000,32.657769411,-117.214264677,7.966,319.36,308.66,310.272,299.572,10.7,7.112,4.812,5.199,-38.046,272.226,-3779,,,,
2026-09-27T22:03:00.000Z,1790546580.000,32.657794447,-117.214294539,7.783,312.992,302.292,303.469,292.769,10.7,-8.248,8.064,5.2,-30.755,272.714,-3780,,,,
2026-09-27T22:03:01.000Z,1790546581.000,32.657821553,-117.214323683,7.67,319.96,309.26,304.181,293.481,10.7,-0.979,9.58,5.201,-30.719,273.462,-3781,,,,
2026-09-27T22:03:02.000Z,1790546582.000,32.657848907,-117.214351143,7.764,317.276,306.576,307.157,296.457,10.7,5.396,8.061,5.202,-33.024,274.133,-3782,,,,
2026-09-27T22:03:03.000Z,1790546583.000,32.657874184,-117.214379181,7.366,313.938,303.238,302.198,291.498,10.7,-7.331,6.929,5.203,-27.651,274.547,-3783,,,,
2026-09-27T22:03:04.000Z,1790546584.000,32.657899212,-117.214407347,7.5,315.631,304.931,306.824,296.124,10.7,1.842,5.372,5.204,-32.137,274.687,-3784,,,,
2026-09-27T22:03:05.000Z,1790546585.000,32.657922157,-117.214439185,7.639,308.844,298.144,308.931,298.231,10.7,-0.897,6.51,5.206,-34.53,274.4,-3785,,,,
2026-09-27T22:03:06.000Z,1790546586.000,32.6579439,-117.2144727,7.667,308.167,297.467,303.667,292.967,10.7,-4.7,7.867,5.207,-29.805,273.861,-3786,,,,
2026-09-27T22:03:07.000Z,1790546587.000,32.657967382,-117.21450353,7.303,312.293,301.593,306.627,295.928,10.7,5.145,5.617,5.208,-32.973,273.655,-3787,,,,
2026-09-27T22:03:08.000Z,1790546588.000,32.657989282,-117.214535702,7.677,308.349,297.649,301.451,290.751,10.7,-6.239,5.048,5.209,-27.782,273.669,-3788,,,,
2026-09-27T22:03:09.000Z,1790546589.000,32.658015065,-117.214564297,7.432,321.825,311.125,304.718,294.018,10.7,2.101,5.853,5.21,-31.267,273.451,-3789,,,,
2026-09-27T22:03:10.000Z,1790546590.000,32.658043117,-117.214588593,7.566,325.09,314.39,305.555,294.855,10.7,4.1,8.205,5.211,-32.321,273.234,-3790,,,,
2026-09-27T22:03:11.000Z,1790546591.000,32.658071624,-117.214611673,7.6,324.983,314.283,302.6,291.9,10.7,-4.334,6.655,5.212,-29.568,273.032,-3791,,,,
2026-09-27T22:03:12.000Z,1790546592.000,32.658100823,-117.214636143,7.47,323.599,312.899,306.56,295.86,10.7,-0.08,5.81,5.213,-33.746,272.815,-3792,,,,
2026-09-27T22:03:13.000Z,1790546593.000,32.65812639,-117.214665112,7.768,312.693,301.993,306.278,295.578,10.7,-1.35,6.704,5.214,-33.763,272.515,-3793,,,,
2026-09-27T22:03:14.000Z,1790546594.000,32.658150548,-117.214697301,7.997,313.128,302.428,306.61,295.91,10.7,3.841,7.366,5.216,-34.073,272.536,-3794,,,,
2026-09-27T22:03:15.000Z,1790546595.000,32.658173522,-117.214730525,7.864,307.023,296.323,302.887,292.187,10.7,-2.249,7.37,5.217,-30.197,272.69,-3795,,,,
2026-09-27T22:03:16.000Z,1790546596.000,32.658196734,-117.214763244,7.624,308.938,298.238,301.59,290.89,10.7,-1.158,4.224,5.218,-28.703,272.887,-3796,,,,
2026-09-27T22:03:17.000Z,1790546597.000,32.658219666,-117.214791897,7.3,316.392,305.692,304.522,293.822,10.7,2.044,8.168,5.219,-31.457,273.065,-3797,,,,
2026-09-27T22:03:18.000Z,1790546598.000,32.65824429,-117.21481834,7.065,315.82,305.12,309.025,298.325,10.7,1.77,6.895,5.22,-35.824,273.201,-3798,,,,
2026-09-27T22:03:19.000Z,1790546599.000,32.658267256,-117.214846863,7.124,313.658,302.958,306.186,295.486,10.7,-3.714,5.776,5.221,-33.009,273.177,-3799,,,,
2026-09-27T22:03:20.000Z,1790546600.000,32.658290191,-117.214877199,7.367,311.842,301.142,306.598,295.898,10.7,-0.498,6.567,5.222,-33.894,272.705,-3800,,,,
2026-09-27T22:03:21.000Z,1790546601.000,32.658313858,-117.214907123,7.499,313.136,302.436,304.033,293.333,10.7,2.767,7.399,5.223,-32.128,271.905,-3801,,,,
2026-09-27T22:03:22.000Z,1790546602.000,32.658338353,-117.214936469,7.524,313.096,302.396,306.498,295.798,10.7,4.195,4.448,5.224,-35.249,271.249,-3802,,,,
2026-09-27T22:03:23.000Z,1790546603.000,32.658362241,-117.214970118,7.971,312.924,302.224,296.076,285.376,10.7,-6.547,6.576,5.226,-25.141,270.935,-3803,,,,
2026-09-27T22:03:24.000Z,1790546604.000,32.65838877,-117.214998378,7.564,317.815,307.115,304.309,293.609,10.7,7.112,8.924,5.227,-33.353,270.957,-3804,,,,
2026-09-27T22:03:25.000Z,1790546605.000,32.658413691,-117.215029479,7.966,312.215,301.515,301.01,290.31,10.7,-5.98,7.108,5.228,-30.121,270.889,-3805,,,,
2026-09-27T22:03:26.000Z,1790546606.000,32.658438385,-117.215060201,7.673,310.982,300.282,300.392,289.692,10.7,-4.436,6.654,5.229,-29.362,271.029,-3806,,,,
2026-09-27T22:03:27.000Z,1790546607.000,32.658463614,-117.215090681,7.691,313.939,303.239,305.939,295.239,10.7,4.046,7.448,5.23,-34.881,271.058,-3807,,,,
2026-09-27T22:03:28.000Z,1790546608.000,32.658487075,-117.215120602,7.6,312.94,302.24,301.571,290.871,10.7,-1.324,7.058,5.231,-30.836,270.735,-3808,,,,
2026-09-27T22:03:29.000Z,1790546609.000,32.658511428,-117.215148319,7.27,316.374,305.674,301.347,290.647,10.7,2.074,5.56,5.232,-30.809,270.538,-3809,,,,
2026-09-27T22:03:30.000Z,1790546610.000,32.658534748,-117.215177011,7.319,312.65,301.95,304.394,293.694,10.7,-0.865,6.003,5.233,-33.916,270.478,-3810,,,,
2026-09-27T22:03:31.000Z,1790546611.000,32.658557326,-117.215209289,7.467,310.066,299.366,297.569,286.869,10.7,-1.704,3.199,5.234,-27.048,270.521,-3811,,,,
2026-09-27T22:03:32.000Z,1790546612.000,32.658579396,-117.215240108,7.47,310.415,299.714,301.863,291.163,10.7,-0.203,6.018,5.236,-31.177,270.685,-3812,,,,
2026-09-27T22:03:33.000Z,1790546613.000,32.65860343,-117.215269123,7.561,314.397,303.697,305.732,295.032,10.7,5.871,5.762,5.237,-34.829,270.904,-3813,,,,
2026-09-27T22:03:34.000Z,1790546614.000,32.658626282,-117.21530102,7.532,307.659,296.959,301.658,290.958,10.7,-7.896,8.063,5.238,-30.677,270.981,-3814,,,,
2026-09-27T22:03:35.000Z,1790546615.000,32.658649435,-117.215333255,7.566,310.978,300.278,302.12,291.42,10.7,-1.57,7.658,5.239,-31.204,270.915,-3815,,,,
2026-09-27T22:03:36.000Z,1790546616.000,32.658673768,-117.215364243,7.8,312.647,301.947,302.988,292.288,10.7,1.224,6.57,5.24,-32.217,270.771,-3816,,,,
2026-09-27T22:03:37.000Z,1790546617.000,32.658698173,-117.215394979,7.724,311.976,301.276,300.123,289.423,10.7,-3.105,5.062,5.241,-29.556,270.567,-3817,,,,
2026-09-27T22:03:38.000Z,1790546618.000,32.658723454,-117.215424563,7.703,315.904,305.204,305.955,295.255,10.7,-3.348,6.784,5.242,-35.547,270.408,-3818,,,,
2026-09-27T22:03:39.000Z,1790546619.000,32.658749252,-117.215453012,7.73,317.544,306.844,307.916,297.216,10.7,-0.309,7.535,5.243,-37.639,270.277,-3819,,,,
2026-09-27T22:03:40.000Z,1790546620.000,32.658775443,-117.215482786,8.029,314.893,304.193,306.293,295.593,10.7,-1.429,5.507,5.244,-36.033,270.259,-3820,,,,
2026-09-27T22:03:41.000Z,1790546621.000,32.658801789,-117.21551195,7.938,318.884,308.184,303.229,292.529,10.7,-1.038,5.668,5.246,-32.842,270.387,-3821,,,,
2026-09-27T22:03:42.000Z,1790546622.000,32.658830112,-117.215538239,7.632,322.239,311.539,309.761,299.061,10.7,5.176,7.915,5.247,-39.409,270.352,-3822,,,,
2026-09-27T22:03:43.000Z,1790546623.000,32.658855674,-117.215565973,7.435,316.686,305.986,303.866,293.166,10.7,-6.568,7.834,5.248,-33.647,270.219,-3823,,,,
2026-09-27T22:03:44.000Z,1790546624.000,32.658881428,-117.215593839,7.536,316.594,305.894,303.855,293.155,10.7,-1.238,5.307,5.249,-33.504,270.352,-3824,,,,
2026-09-27T22:03:45.000Z,1790546625.000,32.658906275,-117.215625469,7.839,312.421,301.721,307.546,296.846,10.7,4.924,4.343,5.25,-36.937,270.609,-3825,,,,
2026-09-27T22:03:46.000Z,1790546626.000,32.658928515,-117.215660275,8.203,306.471,295.771,301.478,290.778,10.7,-5.448,6.968,5.251,-30.554,270.924,-3826,,,,
2026-09-27T22:03:47.000Z,1790546627.000,32.658952055,-117.215692035,7.57,312,301.3,302.855,292.155,10.7,0.455,5.34,5.252,-31.704,271.151,-3827,,,,
2026-09-27T22:03:48.000Z,1790546628.000,32.658975939,-117.215723038,8.091,314.3,303.6,304.894,294.195,10.7,-0.9,5.103,5.253,-33.471,271.423,-3828,,,,
2026-09-27T22:03:49.000Z,1790546629.000,32.659002623,-117.215751902,7.561,317.506,306.806,305.461,294.761,10.7,0.754,3.406,5.254,-34.022,271.439,-3829,,,,
2026-09-27T22:03:50.000Z,1790546630.000,32.659028195,-117.215779628,7.802,318.861,308.161,306.528,295.828,10.7,-2.586,4.808,5.256,-35.171,271.358,-3830,,,,
2026-09-27T22:03:51.000Z,1790546631.000,32.659054167,-117.215806667,7.63,319.276,308.576,310.005,299.305,10.7,-1.711,7.508,5.257,-38.699,271.307,-3831,,,,
2026-09-27T22:03:52.000Z,1790546632.000,32.659080477,-117.215834886,7.862,317.322,306.622,307.649,296.949,10.7,0.014,6.125,5.258,-36.695,270.953,-3832,,,,
2026-09-27T22:03:53.000Z,1790546633.000,32.659106925,-117.215863939,7.638,315.516,304.816,304.893,294.193,10.7,-0.837,6.384,5.259,-34.46,270.433,-3833,,,,
2026-09-27T22:03:54.000Z,1790546634.000,32.659132958,-117.215892557,7.867,316.597,305.897,306.702,296.002,10.7,-1.83,6.934,5.26,-36.657,270.044,-3834,,,,
2026-09-27T22:03:55.000Z,1790546635.000,32.659159924,-117.215920717,8,321.079,310.379,306.613,295.913,10.7,0.763,7.424,5.261,-37.077,269.536,-3835,,,,
2026-09-27T22:03:56.000Z,1790546636.000,32.659187231,-117.215950065,7.829,312.419,301.719,307.482,296.782,10.7,-1.294,6.718,5.262,-37.968,269.514,-3836,,,,
2026-09-27T22:03:57.000Z,1790546637.000,32.659212393,-117.215981162,7.798,316.43,305.73,297.898,287.198,10.7,-4.2,4.405,5.263,-28.348,269.55,-3837,,,,
2026-09-27T22:03:58.000Z,1790546638.000,32.659239198,-117.216009194,7.934,316.88,306.18,310.552,299.852,10.7,8.05,3.658,5.264,-40.703,269.849,-3838,,,,
2026-09-27T22:03:59.000Z,1790546639.000,32.659262729,-117.21604173,8.036,310.426,299.726,305.317,294.617,10.7,-3.336,5.353,5.266,-35.291,270.026,-3839,,,,
2026-09-27T22:04:00.000Z,1790546640.000,32.659286725,-117.216073214,7.43,313.999,303.299,300.438,289.738,10.7,-3.854,6.328,5.267,-30.462,269.976,-3840,,,,
2026-09-27T22:04:01.000Z,1790546641.000,32.659312411,-117.216100314,7.432,317.571,306.871,310.21,299.51,10.7,7.98,5.892,5.268,-40.372,269.839,-3841,,,,
2026-09-27T22:04:02.000Z,1790546642.000,32.659335474,-117.216131573,7.865,306.463,295.763,306.528,295.828,10.7,-6.191,6.539,5.269,-36.743,269.785,-3842,,,,
2026-09-27T22:04:03.000Z,1790546643.000,32.659357902,-117.216163736,7.451,310.438,299.738,304.317,293.617,10.7,-4.588,5.923,5.27,-34.669,269.649,-3843,,,,
2026-09-27T22:04:04.000Z,1790546644.000,32.65938112,-117.216194347,7.532,308.57,297.87,310.472,299.772,10.7,7.064,6.025,5.271,-41.067,269.405,-3844,,,,
2026-09-27T22:04:05.000Z,1790546645.000,32.659402425,-117.216228122,7.899,308.162,297.462,302.332,291.632,10.7,-1.969,7.868,5.272,-33.302,269.03,-3845,,,,
2026-09-27T22:04:06.000Z,1790546646.000,32.65942619,-117.216259769,7.676,313.812,303.112,300.191,289.491,10.7,0.238,4.665,5.273,-31.653,268.538,-3846,,,,
2026-09-27T22:04:07.000Z,1790546647.000,32.659451733,-117.216290755,8.03,316.177,305.477,299.563,288.863,10.7,-0.528,5.018,5.274,-31.53,268.033,-3847,,,,
2026-09-27T22:04:08.000Z,1790546648.000,32.659478043,-117.216319175,7.7,319.182,308.482,300.513,289.813,10.7,-2.468,8.47,5.276,-32.832,267.681,-3848,,,,
2026-09-27T22:04:09.000Z,1790546649.000,32.6595053,-117.216347528,7.568,316.428,305.728,300.268,289.568,10.7,-1.086,4.782,5.277,-32.674,267.594,-3849,,,,
2026-09-27T22:04:10.000Z,1790546650.000,32.659530074,-117.21637744,7.914,311.942,301.242,301.245,290.545,10.7,-3.443,5.604,5.278,-33.715,267.53,-3850,,,,
2026-09-27T22:04:11.000Z,1790546651.000,32.659554183,-117.216410579,8.07,310.79,300.09,303.092,292.392,10.7,1.76,5.881,5.279,-35.727,267.365,-3851,,,,
2026-09-27T22:04:12.000Z,1790546652.000,32.659577057,-117.216445303,8.2,307.77,297.07,300.6,289.9,10.7,1.998,7.633,5.28,-33.262,267.338,-3852,,,,
2026-09-27T22:04:13.000Z,1790546653.000,32.659599051,-117.216480716,8.066,304.903,294.204,297.641,286.942,10.7,-0.91,5.541,5.281,-30.025,267.616,-3853,,,,
2026-09-27T22:04:14.000Z,1790546654.000,32.659619438,-117.216516633,7.814,304.514,293.814,297.195,286.495,10.7,-6.057,6.281,5.282,-29.376,267.82,-3854,,,,
2026-09-27T22:04:15.000Z,1790546655.000,32.659642155,-117.216549752,7.526,310.751,300.051,303.054,292.354,10.7,5.235,4.491,5.283,-35.008,268.046,-3855,,,,
2026-09-27T22:04:16.000Z,1790546656.000,32.659663904,-117.216581255,7.466,308.902,298.202,304.638,293.938,10.7,0.99,5.912,5.284,-36.663,267.975,-3856,,,,
2026-09-27T22:04:17.000Z,1790546657.000,32.659685355,-117.216612634,7.3,310.196,299.496,301.733,291.033,10.7,-2.208,5.89,5.286,-34.055,267.677,-3857,,,,
2026-09-27T22:04:18.000Z,1790546658.000,32.659709406,-117.21664341,7.67,312.287,301.587,304.843,294.143,10.7,3.634,7.47,5.287,-37.827,267.015,-3858,,,,
2026-09-27T22:04:19.000Z,1790546659.000,32.65973239,-117.216675634,7.734,308.939,298.239,300.63,289.93,10.7,-4.305,7.533,5.288,-34.219,266.411,-3859,,,,
2026-09-27T22:04:20.000Z,1790546660.000,32.659756218,-117.21670838,7.765,309.216,298.516,299.189,288.489,10.7,0.387,7.416,5.289,-33.274,265.915,-3860,,,,
2026-09-27T22:04:21.000Z,1790546661.000,32.659778993,-117.21674273,8.036,308.363,297.663,298.291,287.591,10.7,-1.191,6.973,5.29,-32.568,265.723,-3861,,,,
2026-09-27T22:04:22.000Z,1790546662.000,32.659804196,-117.216775887,7.862,314.263,303.563,298.477,287.777,10.7,-1.101,6.993,5.291,-32.816,265.661,-3862,,,,
2026-09-27T22:04:23.000Z,1790546663.000,32.659830702,-117.216805641,7.865,315.5,304.8,301.841,291.141,10.7,3.869,6.206,5.292,-36.126,265.715,-3863,,,,
2026-09-27T22:04:24.000Z,1790546664.000,32.659854413,-117.216837558,7.834,308.624,297.924,300.262,289.562,10.7,-5.921,7.748,5.293,-34.399,265.863,-3864,,,,
2026-09-27T22:04:25.000Z,1790546665.000,32.659878104,-117.216868608,7.362,313.202,302.502,303.89,293.19,10.7,-0.693,9.336,5.294,-37.938,265.952,-3865,,,,
2026-09-27T22:04:26.000Z,1790546666.000,32.6599006,-117.216900784,7.363,304.9,294.2,305.558,294.858,10.7,0.368,5.768,5.296,-39.564,265.994,-3866,,,,
2026-09-27T22:04:27.000Z,1790546667.000,32.6599209,-117.216934633,7.633,306.633,295.933,303.6,292.9,10.7,-2.333,6.167,5.297,-37.732,265.868,-3867,,,,
2026-09-27T22:04:28.000Z,1790546668.000,32.659942,-117.216967848,7.7,305.976,295.276,304.467,293.767,10.7,1.5,5.748,5.298,-38.765,265.702,-3868,,,,
2026-09-27T22:04:29.000Z,1790546669.000,32.659963466,-117.217003138,7.83,307.034,296.334,300.297,289.597,10.7,-2.257,5.403,5.299,-34.782,265.515,-3869,,,,
2026-09-27T22:04:30.000Z,1790546670.000,32.659985631,-117.217034341,7.267,311.781,301.081,300.494,289.794,10.7,-0.033,6.131,5.3,-35.094,265.4,-3870,,,,
2026-09-27T22:04:31.000Z,1790546671.000,32.660009872,-117.217062837,7.3,316.693,305.993,302.489,291.79,10.7,4.107,7.772,5.301,-37.187,265.303,-3871,,,,
2026-09-27T22:04:32.000Z,1790546672.000,32.660034682,-117.217091847,7.6,310.454,299.754,301.282,290.582,10.7,-0.658,5.579,5.302,-36.022,265.26,-3872,,,,
2026-09-27T22:04:33.000Z,1790546673.000,32.660058645,-117.217123371,7.87,315.199,304.499,300.982,290.282,10.7,-1.923,7.379,5.303,-35.79,265.192,-3873,,,,
2026-09-27T22:04:34.000Z,1790546674.000,32.660083135,-117.217153944,7.935,312.583,301.883,301.849,291.149,10.7,-0.485,10.708,5.304,-36.666,265.183,-3874,,,,
2026-09-27T22:04:35.000Z,1790546675.000,32.660108954,-117.217185302,7.964,311.703,301.003,301.395,290.695,10.7,4.945,3.314,5.306,-36.125,265.27,-3875,,,,
2026-09-27T22:04:36.000Z,1790546676.000,32.660131142,-117.217217687,7.714,312.149,301.449,301.404,290.704,10.7,-3.975,8.231,5.307,-36.055,265.349,-3876,,,,
2026-09-27T22:04:37.000Z,1790546677.000,32.66015368,-117.217250297,7.408,307.355,296.654,301.61,290.91,10.7,-2.33,7.078,5.308,-35.964,265.647,-3877,,,,
2026-09-27T22:04:38.000Z,1790546678.000,32.660175411,-117.217283267,7.6,308.226,297.526,302.697,291.997,10.7,1.96,6.234,5.309,-36.757,265.94,-3878,,,,
2026-09-27T22:04:39.000Z,1790546679.000,32.660195653,-117.217317934,7.738,304.485,293.785,299.326,288.626,10.7,-3.772,5.859,5.31,-33.084,266.243,-3879,,,,
2026-09-27T22:04:40.000Z,1790546680.000,32.660218157,-117.217352701,7.86,308.174,297.474,301.481,290.781,10.7,4.063,3.518,5.311,-34.958,266.523,-3880,,,,
2026-09-27T22:04:41.000Z,1790546681.000,32.660238654,-117.217387246,7.668,307.125,296.425,297.025,286.325,10.7,-6.032,7.457,5.312,-30.288,266.737,-3881,,,,
2026-09-27T22:04:42.000Z,1790546682.000,32.66026267,-117.21741825,7.669,314.909,304.209,305.411,294.711,10.7,9.055,5.016,5.313,-38.81,266.601,-3882,,,,
2026-09-27T22:04:43.000Z,1790546683.000,32.660285242,-117.217450673,7.886,311.231,300.531,299.138,288.438,10.7,-4.513,7.158,5.314,-32.539,266.599,-3883,,,,
2026-09-27T22:04:44.000Z,1790546684.000,32.660309959,-117.217483149,7.63,310.858,300.158,298.066,287.366,10.7,0.775,5.983,5.316,-31.582,266.484,-3884,,,,
2026-09-27T22:04:45.000Z,1790546685.000,32.660331967,-117.217516833,8.067,307.867,297.167,298.833,288.133,10.7,-1.133,5.967,5.317,-32.335,266.499,-3885,,,,
2026-09-27T22:04:46.000Z,1790546686.000,32.660354094,-117.217551604,8.162,307.596,296.896,296.675,285.975,10.7,-6.585,6.937,5.318,-29.995,266.681,-3886,,,,
2026-09-27T22:04:47.000Z,1790546687.000,32.660378551,-117.217583598,7.762,314.051,303.351,303.183,292.483,10.7,2.047,6.847,5.319,-36.156,267.027,-3887,,,,
2026-09-27T22:04:48.000Z,1790546688.000,32.660402039,-117.217616658,7.832,308.073,297.373,300.854,290.154,10.7,-4.738,5.07,5.32,-33.458,267.396,-3888,,,,
2026-09-27T22:04:49.000Z,1790546689.000,32.660424677,-117.217648202,7.434,310.963,300.263,300.535,289.835,10.7,-3.362,7.092,5.321,-32.81,267.725,-3889,,,,
2026-09-27T22:04:50.000Z,1790546690.000,32.660448699,-117.217676764,7.509,313.834,303.134,304.896,294.196,10.7,2.671,6.328,5.322,-36.753,268.144,-3890,,,,
2026-09-27T22:04:51.000Z,1790546691.000,32.660472526,-117.217707755,7.7,308.2,297.5,305.5,294.8,10.7,-0.523,3.788,5.323,-36.909,268.591,-3891,,,,
2026-09-27T22:04:52.000Z,1790546692.000,32.660494339,-117.217739754,7.603,309.932,299.232,302.143,291.443,10.7,0.647,6.377,5.324,-33.238,268.904,-3892,,,,
2026-09-27T22:04:53.000Z,1790546693.000,32.660516096,-117.217771427,7.6,308.316,297.616,301.725,291.025,10.7,0.935,8.785,5.326,-32.762,268.964,-3893,,,,
2026-09-27T22:04:54.000Z,1790546694.000,32.660539511,-117.217803343,7.615,310.445,299.745,299.204,288.504,10.7,-2.336,3.686,5.327,-30.348,268.855,-3894,,,,
2026-09-27T22:04:55.000Z,1790546695.000,32.660564425,-117.217833125,7.803,319.355,308.655,308.2,297.5,10.7,6.774,9.052,5.328,-39.301,268.899,-3895,,,,
2026-09-27T22:04:56.000Z,1790546696.000,32.660587811,-117.217863568,7.431,309.335,298.635,300.895,290.195,10.7,-6.322,10.286,5.329,-31.771,269.125,-3896,,,,
2026-09-27T22:04:57.000Z,1790546697.000,32.660613322,-117.217893487,7.473,316.469,305.769,302.573,291.873,10.7,6.963,3.281,5.33,-33.138,269.435,-3897,,,,
2026-09-27T22:04:58.000Z,1790546698.000,32.660637534,-117.217925243,8.149,312.288,301.588,305.227,294.527,10.7,0.685,9.572,5.331,-35.581,269.646,-3898,,,,
2026-09-27T22:04:59.000Z,1790546699.000,32.66066163,-117.217957255,7.736,309.643,298.943,299.461,288.761,10.7,-4.768,7.65,5.332,-29.44,270.021,-3899,,,,