ISODateTimeUTC,SecondsSince1970,Lat,Lon,SOG,COG,Heading,Heel,Trim,TWS,TWA,TWD,TimeToGunCalc,BelowLineCalc,Leg,VMC,XTE
2026-09-27T19:23:01.000Z,1790536981.000,32.641408872,-117.192910053,4.674,253.065,242.935,-13.872,2.44,5,34.499,277.434,419,-237.016,,,
2026-09-27T19:23:02.000Z,1790536982.000,32.641403637,-117.192933393,4.5,254.363,242.581,-15.519,4.497,5,32.117,274.697,418,-238.661,,,
2026-09-27T19:23:03.000Z,1790536983.000,32.641398479,-117.192957784,4.6,252.942,241.532,-15.321,4.832,5,30.046,271.577,417,-240.35,,,
2026-09-27T19:23:04.000Z,1790536984.000,32.641393035,-117.192981825,4.401,257.029,240.001,-14.136,4.897,5,28.371,268.372,416,-241.962,,,
2026-09-27T19:23:05.000Z,1790536985.000,32.641385518,-117.193005883,4.766,249.009,238.731,-13.463,3.146,5,26.233,264.964,415,-243.485,,,
2026-09-27T19:23:06.000Z,1790536986.000,32.64137641,-117.19303069,5.129,248.687,239.742,-12.464,2.877,5,21.568,261.31,414,-245.145,,,
2026-09-27T19:23:07.000Z,1790536987.000,32.641366495,-117.193056955,5.348,246.52,238.614,-13.783,4.492,5,19.402,258.016,413,-246.737,,,
2026-09-27T19:23:08.000Z,1790536988.000,32.641356489,-117.193082989,5.061,247.224,237.921,-12.763,6.661,5,18.226,256.147,412,-248.335,,,
2026-09-27T19:23:09.000Z,1790536989.000,32.641345634,-117.193109131,5.057,246.79,239.086,-18.649,1.28,5,14.818,253.904,411,-250.027,,,
2026-09-27T19:23:10.000Z,1790536990.000,32.641337976,-117.193135629,5.068,252.962,240.4,-15.56,6.166,5,11.321,251.721,410,-251.923,,,
2026-09-27T19:23:11.000Z,1790536991.000,32.64133172,-117.19316195,4.835,253.17,240.005,-16.22,2.435,5,9.134,249.139,409,-253.759,,,
2026-09-27T19:23:12.000Z,1790536992.000,32.641326337,-117.193186409,4.636,255.284,240.507,-15.763,3.773,5,6.329,246.836,408,-255.547,,,
2026-09-27T19:23:13.000Z,1790536993.000,32.641320101,-117.193210541,4.736,255.274,242.735,-15.964,5.456,5,2.312,245.047,407,-257.379,,,
2026-09-27T19:23:14.000Z,1790536994.000,32.641314786,-117.193236355,4.979,255.101,239.705,-12.286,3.314,5,3.859,243.564,406,-259.044,,,
2026-09-27T19:23:15.000Z,1790536995.000,32.641304871,-117.193262327,5.338,241.812,235.338,-14.353,4.886,5,6.854,242.192,405,-260.383,,,
2026-09-27T19:23:16.000Z,1790536996.000,32.641292858,-117.193288753,5.833,240.663,234.632,-15.203,1.095,5,6.08,240.712,404,-261.907,,,
2026-09-27T19:23:17.000Z,1790536997.000,32.641280194,-117.193316398,5.8,242.293,233.1,-16.756,6.321,5,6.068,239.168,403,-263.439,,,
2026-09-27T19:23:18.000Z,1790536998.000,32.641268284,-117.193343903,5.241,240.026,224.66,-8.812,7.093,5,12.852,237.511,402,-264.472,,,
2026-09-27T19:23:19.000Z,1790536999.000,32.64125441,-117.193367309,5.037,235.966,217.177,-5.525,1.956,5,18.787,235.964,401,-265.111,,,
2026-09-27T19:23:20.000Z,1790537000.000,32.641238477,-117.193386423,4.92,224.141,208.377,-2.279,3.739,5,27.146,235.523,400,-265.167,,,
2026-09-27T19:23:21.000Z,1790537001.000,32.641219224,-117.193402596,4.937,218.91,201.333,1.353,5.167,5,34.215,235.549,399,-264.949,,,
2026-09-27T19:23:22.000Z,1790537002.000,32.641197433,-117.193416433,5.333,204.267,191.1,2.267,1.633,5,44.6,235.7,398,-264.164,,,
2026-09-27T19:23:23.000Z,1790537003.000,32.641172971,-117.193428502,5.994,197.622,180.963,-1.166,3.68,5,55.194,236.158,397,-263.143,,,
2026-09-27T19:23:24.000Z,1790537004.000,32.641146574,-117.193437405,5.835,192.359,172.642,-3.177,5.346,5,64.059,236.702,396,-261.944,,,
2026-09-27T19:23:25.000Z,1790537005.000,32.641119606,-117.193440664,5.924,182.475,165.024,-3.564,1.82,5,72.124,237.148,395,-260.345,,,
2026-09-27T19:23:26.000Z,1790537006.000,32.641093739,-117.193438957,5.6,175.386,163.226,-3.045,4.066,5,74.393,237.619,394,-258.767,,,
2026-09-27T19:23:27.000Z,1790537007.000,32.641067492,-117.193434668,5.562,168.455,160.687,-1.313,4.406,5,77.066,237.753,393,-256.916,,,
2026-09-27T19:23:28.000Z,1790537008.000,32.641042775,-117.193427692,5.4,165.331,158.498,-2.269,3.128,5,79.493,237.992,392,-254.947,,,
2026-09-27T19:23:29.000Z,1790537009.000,32.641018983,-117.193420338,5.168,166.795,158.1,-1.436,4.334,5,80.028,238.128,391,-253.091,,,
2026-09-27T19:23:30.000Z,1790537010.000,32.640994499,-117.193414512,5.304,170.86,156.673,-0.7,4.057,5,81.701,238.375,390,-251.274,,,
2026-09-27T19:23:31.000Z,1790537011.000,32.640969081,-117.193409389,5.664,172.515,158.402,-6.543,3.424,5,80.001,238.403,389,-249.631,,,
2026-09-27T19:23:32.000Z,1790537012.000,32.640943244,-117.193407518,5.661,177.946,156.372,-2.114,4.204,5,81.743,238.115,388,-248.041,,,
2026-09-27T19:23:33.000Z,1790537013.000,32.640917268,-117.193402527,5.6,169.47,152.284,-3.878,5.684,5,85.539,237.823,387,-246.092,,,
2026-09-27T19:23:34.000Z,1790537014.000,32.640890346,-117.193395849,5.932,168.697,153.4,-2.132,3.178,5,84.04,237.44,386,-244.204,,,
2026-09-27T19:23:35.000Z,1790537015.000,32.640864935,-117.193387082,5.7,160.637,149.438,-0.994,5.27,5,87.548,236.987,385,-241.99,,,
2026-09-27T19:23:36.000Z,1790537016.000,32.640840806,-117.193376211,5.305,156.955,145.76,4.03,4.555,5,90.876,236.637,384,-239.697,,,
2026-09-27T19:23:37.000Z,1790537017.000,32.64081884,-117.193362496,5.679,152.733,142.051,0.906,3.015,5,94.316,236.366,383,-237.295,,,
2026-09-27T19:23:38.000Z,1790537018.000,32.640797572,-117.193349773,5.112,154.626,137.812,2.15,3.962,5,98.486,236.298,382,-235.014,,,
2026-09-27T19:23:39.000Z,1790537019.000,32.640777959,-117.193334453,5.318,143.457,133.464,-1.7,4.713,5,102.979,236.443,381,-232.624,,,
2026-09-27T19:23:40.000Z,1790537020.000,32.640757255,-117.193319073,5.374,147.579,131.945,1.472,3.439,5,104.635,236.58,380,-230.25,,,
2026-09-27T19:23:41.000Z,1790537021.000,32.640738678,-117.193302247,5.201,136.805,124.471,3.037,4.635,5,112.178,236.649,379,-227.785,,,
2026-09-27T19:23:42.000Z,1790537022.000,32.640723901,-117.193281815,4.604,127.281,116.783,2.92,5.696,5,119.782,236.566,378,-225.296,,,
2026-09-27T19:23:43.000Z,1790537023.000,32.640711835,-117.193259107,4.9,121.381,113.063,2.118,4.855,5,123.404,236.467,377,-222.804,,,
2026-09-27T19:23:44.000Z,1790537024.000,32.640699958,-117.193237342,4.863,121.861,109.899,4.86,4.213,5,126.284,236.182,376,-220.413,,,
2026-09-27T19:23:45.000Z,1790537025.000,32.64068878,-117.193216015,4.6,122.113,110.055,-0.977,4.177,5,125.886,235.941,375,-218.066,,,
2026-09-27T19:23:46.000Z,1790537026.000,32.640677053,-117.193196167,4.031,131.1,111.337,-3.026,4.806,5,124.428,235.766,374,-215.803,,,
2026-09-27T19:23:47.000Z,1790537027.000,32.640665633,-117.193177767,3.967,129.067,113,-2.533,4.867,5,122.546,235.546,373,-213.675,,,
2026-09-27T19:23:48.000Z,1790537028.000,32.64065378,-117.193159767,4.294,129.343,114.911,1.406,5.189,5,120.52,235.432,372,-211.561,,,
2026-09-27T19:23:49.000Z,1790537029.000,32.640643375,-117.193140256,4.393,118.477,115.994,-3.458,4.445,5,119.402,235.395,371,-209.403,,,
2026-09-27T19:23:50.000Z,1790537030.000,32.640631716,-117.193120065,4.627,125.775,119.244,-1.889,3.22,5,116.185,235.429,370,-207.128,,,
2026-09-27T19:23:51.000Z,1790537031.000,32.640618835,-117.193100153,4.759,127.13,122.001,0.103,5.16,5,113.624,235.625,369,-204.824,,,
2026-09-27T19:23:52.000Z,1790537032.000,32.64060562,-117.193081136,4.268,130.058,122.605,0.158,4.416,5,113.46,236.065,368,-202.57,,,
2026-09-27T19:23:53.000Z,1790537033.000,32.640592528,-117.193065495,4.066,139.371,122.666,0.133,5.033,5,113.896,236.562,367,-200.598,,,
2026-09-27T19:23:54.000Z,1790537034.000,32.640579455,-117.19305106,3.934,132.328,120.703,-2.758,4.729,5,116.271,236.974,366,-198.716,,,
2026-09-27T19:23:55.000Z,1790537035.000,32.640565957,-117.19303533,4.227,140.021,121.891,-0.773,2.408,5,115.616,237.506,365,-196.722,,,
2026-09-27T19:23:56.000Z,1790537036.000,32.640550635,-117.193018207,4.873,134.291,121.691,-1.773,4.882,5,116.18,237.871,364,-194.511,,,
2026-09-27T19:23:57.000Z,1790537037.000,32.640533923,-117.193000463,4.78,141.435,123.4,-0.24,5.039,5,114.868,238.268,363,-192.19,,,
2026-09-27T19:23:58.000Z,1790537038.000,32.640517724,-117.192981286,4.869,137.328,124.876,-1.396,4.324,5,113.857,238.733,362,-189.779,,,
2026-09-27T19:23:59.000Z,1790537039.000,32.640502836,-117.192962627,4.668,132.316,124.061,-0.639,5.542,5,115.093,239.154,361,-187.456,,,
2026-09-27T19:24:00.000Z,1790537040.000,32.64048746,-117.192944531,4.9,134.101,124.232,1.637,2.463,5,115.284,239.516,360,-185.164,,,
2026-09-27T19:24:01.000Z,1790537041.000,32.640473594,-117.192925584,4.7,126.771,125.022,-4.542,5.442,5,114.871,239.893,359,-182.886,,,
2026-09-27T19:24:02.000Z,1790537042.000,32.640457652,-117.192908296,4.892,137.203,123.088,2.504,4.192,5,117.324,240.412,358,-180.613,,,
2026-09-27T19:24:03.000Z,1790537043.000,32.640442899,-117.192890774,4.461,134.807,120.821,1.696,3.979,5,120.096,240.918,357,-178.386,,,
2026-09-27T19:24:04.000Z,1790537044.000,32.640428527,-117.192871826,4.808,128.495,121.477,-2.561,3.284,5,119.892,241.369,356,-176.077,,,
2026-09-27T19:24:05.000Z,1790537045.000,32.6404142,-117.192852433,4.9,129.8,122.5,0.533,4.033,5,119.383,241.883,355,-173.736,,,
2026-09-27T19:24:06.000Z,1790537046.000,32.640400571,-117.192830808,4.966,124.342,121.434,0.665,4.932,5,120.997,242.431,354,-171.233,,,
2026-09-27T19:24:07.000Z,1790537047.000,32.640386154,-117.192809484,4.906,126.411,119.2,0.947,4.083,5,123.85,243.05,353,-168.713,,,
2026-09-27T19:24:08.000Z,1790537048.000,32.64037169,-117.192789516,4.836,130.291,117.827,1.1,5.054,5,125.782,243.609,352,-166.309,,,
2026-09-27T19:24:09.000Z,1790537049.000,32.640358015,-117.192770894,4.459,132.494,116.719,-1.918,5.038,5,127.394,244.114,351,-164.06,,,
2026-09-27T19:24:10.000Z,1790537050.000,32.640343789,-117.192752503,4.469,130.894,114.915,-1.515,5.255,5,129.773,244.688,350,-161.806,,,
2026-09-27T19:24:11.000Z,1790537051.000,32.6403295,-117.192734667,4.367,128.166,113,0.967,4.067,5,132.351,245.351,349,-159.6,,,
2026-09-27T19:24:12.000Z,1790537052.000,32.64031719,-117.192714977,4.631,121.882,107.781,4.022,4.431,5,138.193,245.974,348,-157.386,,,
2026-09-27T19:24:13.000Z,1790537053.000,32.640308004,-117.192692999,4.393,115.475,100.884,2.593,3.584,5,145.524,246.408,347,-155.216,,,
2026-09-27T19:24:14.000Z,1790537054.000,32.64030286,-117.192669394,4.651,100.571,94.708,1.357,4.608,5,152.088,246.796,346,-153.162,,,
2026-09-27T19:24:15.000Z,1790537055.000,32.640301462,-117.192642617,5.024,90.861,91.319,3.585,3.348,5,155.84,247.159,345,-150.981,,,
2026-09-27T19:24:16.000Z,1790537056.000,32.6403017,-117.192614447,5.069,91.595,86.945,8.524,4.629,5,160.665,247.61,344,-148.824,,,
2026-09-27T19:24:17.000Z,1790537057.000,32.640302835,-117.192587465,4.698,84.224,82.82,6.328,5.937,5,165.257,248.077,343,-146.824,,,
2026-09-27T19:24:18.000Z,1790537058.000,32.640303833,-117.192562816,4.6,89.106,79.236,2.506,2.833,5,169.319,248.555,342,-145.002,,,
2026-09-27T19:24:19.000Z,1790537059.000,32.640304994,-117.192540562,4,86.091,73.813,1.836,3.787,5,175.147,248.96,341,-143.503,,,
2026-09-27T19:24:20.000Z,1790537060.000,32.640306951,-117.192520453,3.563,86.374,71.273,6.384,5.484,5,178.161,249.434,340,-142.08,,,
2026-09-27T19:24:21.000Z,1790537061.000,32.640309129,-117.192502443,3.257,85.757,66.443,5.871,4.929,5,-176.583,249.86,339,-140.992,,,
2026-09-27T19:24:22.000Z,1790537062.000,32.640313345,-117.192484226,3.277,70.919,60.858,5.593,4.333,5,-170.59,250.268,338,-140.062,,,
2026-09-27T19:24:23.000Z,1790537063.000,32.640318964,-117.192465207,3.633,70.741,55.402,5.796,3.602,5,-164.718,250.684,337,-139.154,,,
2026-09-27T19:24:24.000Z,1790537064.000,32.64032651,-117.192443741,4.535,68.559,55.075,4.86,4.28,5,-163.984,251.091,336,-137.784,,,
2026-09-27T19:24:25.000Z,1790537065.000,32.640335732,-117.192420245,5.055,58.878,53.753,2.836,5.374,5,-162.246,251.507,335,-136.403,,,
2026-09-27T19:24:26.000Z,1790537066.000,32.640346924,-117.1923958,4.974,62.58,51.676,5.085,5.057,5,-159.75,251.926,334,-135.103,,,
2026-09-27T19:24:27.000Z,1790537067.000,32.640358555,-117.192371229,5.26,59.3,55.683,7.947,4.701,5,-163.347,252.336,333,-133.37,,,
2026-09-27T19:24:28.000Z,1790537068.000,32.640371366,-117.192346796,5.036,60.836,52.86,6.836,4.819,5,-160.106,252.754,332,-132.205,,,
2026-09-27T19:24:29.000Z,1790537069.000,32.640383222,-117.192322592,5.165,62.242,51.571,6.972,5.035,5,-158.375,253.196,331,-130.901,,,
2026-09-27T19:24:30.000Z,1790537070.000,32.640395691,-117.192298259,5.194,60.702,51.583,3.394,4.419,5,-157.944,253.639,330,-129.522,,,
2026-09-27T19:24:31.000Z,1790537071.000,32.640406965,-117.192273243,5.2,61.894,52.409,0.091,4.136,5,-158.336,254.073,329,-127.964,,,
2026-09-27T19:24:32.000Z,1790537072.000,32.640416858,-117.192247569,5.239,64.002,53.912,1.898,4.068,5,-159.401,254.511,328,-126.232,,,
2026-09-27T19:24:33.000Z,1790537073.000,32.64042761,-117.192221285,5.46,63.46,54.205,2.119,2.712,5,-159.288,254.916,327,-124.582,,,
2026-09-27T19:24:34.000Z,1790537074.000,32.640440256,-117.19219529,5.265,59.692,51.87,3.9,2.719,5,-156.521,255.349,326,-123.246,,,
2026-09-27T19:24:35.000Z,1790537075.000,32.640452549,-117.192171865,5.132,56.897,51.032,5.102,4.162,5,-155.297,255.735,325,-121.996,,,
2026-09-27T19:24:36.000Z,1790537076.000,32.640465859,-117.192150076,4.605,57.082,45.25,2.55,4.3,5,-149.043,256.207,324,-121.311,,,
2026-09-27T19:24:37.000Z,1790537077.000,32.640479175,-117.192127702,4.863,57.374,42.363,3.563,3.777,5,-145.669,256.694,323,-120.364,,,
2026-09-27T19:24:38.000Z,1790537078.000,32.640492464,-117.192103899,5.422,57.481,43.1,1.558,4.162,5,-145.95,257.151,322,-119.014,,,
2026-09-27T19:24:39.000Z,1790537079.000,32.640507037,-117.192076122,6.259,57.43,44.667,0.889,4.956,5,-147.084,257.583,321,-117.336,,,
2026-09-27T19:24:40.000Z,1790537080.000,32.640522945,-117.192044811,6.633,58.206,44.367,2.901,4.202,5,-146.393,257.974,320,-115.579,,,
2026-09-27T19:24:41.000Z,1790537081.000,32.640539003,-117.19201272,6.832,56.204,49.097,7.234,4.968,5,-150.611,258.486,319,-113.379,,,
2026-09-27T19:24:42.000Z,1790537082.000,32.640556033,-117.191982986,6.3,55.805,45.36,1.841,3.859,5,-146.216,259.144,318,-112.073,,,
2026-09-27T19:24:43.000Z,1790537083.000,32.640571991,-117.191955242,5.9,56.649,48.33,4.003,6.057,5,-148.664,259.666,317,-110.363,,,
2026-09-27T19:24:44.000Z,1790537084.000,32.640587874,-117.191930759,5.4,50.768,47.623,0.64,2.731,5,-147.645,259.978,316,-109.202,,,
2026-09-27T19:24:45.000Z,1790537085.000,32.640602796,-117.191907596,5.456,51.978,42.581,3.248,5.411,5,-142.254,260.328,315,-108.437,,,
2026-09-27T19:24:46.000Z,1790537086.000,32.640619161,-117.191883009,5.734,52.997,40.335,8.032,2.796,5,-139.652,260.684,314,-107.415,,,
2026-09-27T19:24:47.000Z,1790537087.000,32.640636216,-117.19185684,6.261,49.897,38.721,6.229,2.355,5,-137.694,261.026,313,-106.248,,,
2026-09-27T19:24:48.000Z,1790537088.000,32.640655521,-117.191830531,6.335,49.38,38.158,6.493,5.835,5,-136.768,261.389,312,-105.102,,,
2026-09-27T19:24:49.000Z,1790537089.000,32.640675177,-117.191803207,6.6,50.53,43.227,6.926,3.272,5,-141.499,261.728,311,-103.445,,,
2026-09-27T19:24:50.000Z,1790537090.000,32.640694783,-117.19177594,6.477,48.024,43.354,6.277,3.661,5,-141.434,261.92,310,-102.18,,,
2026-09-27T19:24:51.000Z,1790537091.000,32.640714729,-117.191749035,6.34,49.844,41.467,3.844,2.279,5,-139.491,261.976,309,-101.122,,,
2026-09-27T19:24:52.000Z,1790537092.000,32.640732497,-117.191721752,5.903,53.508,45.911,7.144,4.344,5,-143.917,261.994,308,-99.425,,,
2026-09-27T19:24:53.000Z,1790537093.000,32.640748551,-117.191695228,5.934,54.366,45.095,2.539,5.008,5,-143.252,261.843,307,-98.112,,,
2026-09-27T19:24:54.000Z,1790537094.000,32.640763995,-117.191667933,6.065,56.818,47.762,2.089,3.862,5,-146.136,261.626,306,-96.436,,,
2026-09-27T19:24:55.000Z,1790537095.000,32.640780206,-117.191639643,6.555,58.228,44.73,1.221,3.381,5,-143.523,261.206,305,-95.155,,,
2026-09-27T19:24:56.000Z,1790537096.000,32.640795837,-117.191609835,6.585,59.56,46.253,2.936,3.353,5,-145.827,260.427,304,-93.367,,,
2026-09-27T19:24:57.000Z,1790537097.000,32.640811225,-117.191578473,6.894,59.848,49.342,2.664,3.305,5,-149.695,259.647,303,-91.32,,,
2026-09-27T19:24:58.000Z,1790537098.000,32.640827442,-117.191547188,6.568,58.495,47.389,-0.751,4.677,5,-148.244,259.144,302,-89.706,,,
2026-09-27T19:24:59.000Z,1790537099.000,32.640842706,-117.191517612,6.137,58.939,50.029,6.684,5.326,5,-151.171,258.858,301,-87.837,,,
2026-09-27T19:25:00.000Z,1790537100.000,32.640857278,-117.191490481,5.936,58.123,47.998,4.817,3.2,5,-149.448,258.55,300,-86.488,,,
2026-09-27T19:25:01.000Z,1790537101.000,32.640871623,-117.191465519,5.3,56.569,47.597,5.397,4.426,5,-149.744,257.853,299,-85.184,,,
2026-09-27T19:25:02.000Z,1790537102.000,32.640886892,-117.191442199,5.362,50.106,44.317,4.689,3.898,5,-147.432,256.885,298,-84.287,,,
2026-09-27T19:25:03.000Z,1790537103.000,32.640903258,-117.191419329,5.381,48.885,43.841,6.081,2.937,5,-147.565,256.275,297,-83.267,,,
2026-09-27T19:25:04.000Z,1790537104.000,32.640920702,-117.191395106,5.763,48.135,40.3,4.506,3.114,5,-144.471,255.829,296,-82.432,,,
2026-09-27T19:25:05.000Z,1790537105.000,32.640938112,-117.191369815,5.933,49.597,39.738,7.972,4.962,5,-144.294,255.444,295,-81.273,,,
2026-09-27T19:25:06.000Z,1790537106.000,32.640956697,-117.191344752,6.269,48.982,37.719,5.628,3.625,5,-142.945,254.774,294,-80.309,,,
2026-09-27T19:25:07.000Z,1790537107.000,32.640974846,-117.19131837,6.364,51.107,38.676,3.428,2.381,5,-144.638,254.038,293,-78.977,,,
2026-09-27T19:25:08.000Z,1790537108.000,32.640991796,-117.191289435,6.563,54.216,40.653,1.061,5.922,5,-147.182,253.471,292,-77.29,,,
2026-09-27T19:25:09.000Z,1790537109.000,32.641008524,-117.191258649,6.8,56.969,44.49,0.109,2.602,5,-151.529,252.961,291,-75.295,,,
2026-09-27T19:25:10.000Z,1790537110.000,32.64102318,-117.191225862,6.663,61.061,52.588,5.678,3.805,5,-159.911,252.677,290,-72.715,,,
2026-09-27T19:25:11.000Z,1790537111.000,32.641037347,-117.191193911,6.634,61.378,56.292,3.27,3.172,5,-163.662,252.63,289,-70.523,,,
2026-09-27T19:25:12.000Z,1790537112.000,32.64104988,-117.191161424,6.695,66.108,56.932,4.442,4.676,5,-164.19,252.741,288,-68.426,,,
2026-09-27T19:25:13.000Z,1790537113.000,32.64106049,-117.191129137,6.229,69.938,60.829,6.306,4.829,5,-167.764,253.065,287,-66.022,,,
2026-09-27T19:25:14.000Z,1790537114.000,32.641070812,-117.191097705,6.115,68.487,62.633,2.522,3.593,5,-169.099,253.534,286,-63.823,,,
2026-09-27T19:25:15.000Z,1790537115.000,32.64107977,-117.191068632,5.514,71.413,60.842,3.9,3.586,5,-166.554,254.288,285,-61.99,,,
2026-09-27T19:25:16.000Z,1790537116.000,32.641087732,-117.191039953,4.994,70.372,62.475,2.912,3.887,5,-167.103,255.372,284,-59.91,,,
2026-09-27T19:25:17.000Z,1790537117.000,32.641094178,-117.19101285,5.335,74.562,62.773,-1.075,4.119,5,-166.228,256.544,283,-57.972,,,
2026-09-27T19:25:18.000Z,1790537118.000,32.641100176,-117.19098505,5.329,74.194,63.394,-1.854,4.124,5,-165.748,257.646,282,-55.932,,,
2026-09-27T19:25:19.000Z,1790537119.000,32.641105281,-117.190954872,5.758,80.893,65.974,0.768,3.158,5,-167.344,258.63,281,-53.523,,,
2026-09-27T19:25:20.000Z,1790537120.000,32.641111083,-117.190922838,6.137,74.591,66.641,1.178,3.685,5,-166.854,259.788,280,-51.12,,,
2026-09-27T19:25:21.000Z,1790537121.000,32.641118482,-117.19089008,6.259,74.694,66.588,0.282,3.612,5,-165.328,261.259,279,-48.785,,,
2026-09-27T19:25:22.000Z,1790537122.000,32.641126061,-117.190858335,5.868,71.4,65.563,1.227,4.817,5,-162.649,262.915,278,-46.605,,,
2026-09-27T19:25:23.000Z,1790537123.000,32.641134458,-117.190829696,5.402,71.849,62.348,-1.131,5.134,5,-157.916,264.432,277,-44.87,,,
2026-09-27T19:25:24.000Z,1790537124.000,32.641141747,-117.190801203,5.562,70.778,65.165,0.562,3.613,5,-159.34,265.825,276,-42.695,,,
2026-09-27T19:25:25.000Z,1790537125.000,32.64114967,-117.190771619,5.671,71.335,65.612,-2.259,3.847,5,-158.096,267.516,275,-40.618,,,
2026-09-27T19:25:26.000Z,1790537126.000,32.641155864,-117.190740913,5.6,80.331,66.64,0.325,3.137,5,-157.153,269.487,274,-38.323,,,
2026-09-27T19:25:27.000Z,1790537127.000,32.641160832,-117.190710451,5.559,78.076,68.896,-1.851,4.082,5,-157.325,271.571,273,-35.91,,,
2026-09-27T19:25:28.000Z,1790537128.000,32.64116421,-117.190683386,4.527,80.161,69.522,-2.159,4.622,5,-155.684,273.838,272,-33.8,,,
2026-09-27T19:25:29.000Z,1790537129.000,32.641166499,-117.190660274,4.1,84.997,68.666,1.231,4.935,5,-152.45,276.217,271,-32.051,,,
2026-09-27T19:25:30.000Z,1790537130.000,32.641168661,-117.190639122,3.9,82.753,69.273,-0.739,3.763,5,-150.653,278.62,270,-30.369,,,
2026-09-27T19:25:31.000Z,1790537131.000,32.641170392,-117.190618084,3.936,83.36,71.096,-1.012,3.068,5,-150.186,280.91,269,-28.603,,,
2026-09-27T19:25:32.000Z,1790537132.000,32.641172415,-117.190595463,4.137,82.871,71.352,0.163,4.048,5,-148.234,283.119,268,-26.815,,,
2026-09-27T19:25:33.000Z,1790537133.000,32.64117565,-117.190571123,4.8,79.058,70.75,0.642,4.392,5,-145.679,285.071,267,-24.996,,,
2026-09-27T19:25:34.000Z,1790537134.000,32.641178806,-117.190544529,4.967,78.918,70.298,3.433,4.563,5,-143.545,286.753,266,-22.978,,,
2026-09-27T19:25:35.000Z,1790537135.000,32.641182694,-117.190516805,5.232,79.316,69.968,2.426,4.402,5,-141.72,288.248,265,-20.896,,,
2026-09-27T19:25:36.000Z,1790537136.000,32.641187483,-117.190487577,5.535,79.094,71.478,-0.252,3.865,5,-141.859,289.618,264,-18.627,,,
2026-09-27T19:25:37.000Z,1790537137.000,32.641191544,-117.190458151,5.456,80.4,73.807,-0.266,3.49,5,-142.94,290.867,263,-16.26,,,
2026-09-27T19:25:38.000Z,1790537138.000,32.641194278,-117.190431195,4.852,80.265,74.315,1.783,4.911,5,-142.132,292.183,262,-14.135,,,
2026-09-27T19:25:39.000Z,1790537139.000,32.64119676,-117.190406084,4.24,87.117,75.861,-1.318,4.74,5,-142.508,293.353,261,-12.094,,,
2026-09-27T19:25:40.000Z,1790537140.000,32.641197674,-117.190383689,4.084,84.094,77.526,0.826,4.842,5,-143.018,294.508,260,-10.193,,,
2026-09-27T19:25:41.000Z,1790537141.000,32.641197701,-117.190364012,3.434,92.714,75.573,0.802,4.964,5,-140.133,295.439,259,-8.666,,,
2026-09-27T19:25:42.000Z,1790537142.000,32.6411978,-117.190345661,3.33,87.8,70.1,2.415,4.825,5,-133.701,296.399,258,-7.46,,,
2026-09-27T19:25:43.000Z,1790537143.000,32.641198946,-117.190325698,3.891,79.898,68.818,-1.319,3.763,5,-131.449,297.369,257,-5.939,,,
2026-09-27T19:25:44.000Z,1790537144.000,32.641201447,-117.190302935,4.424,82.773,70.732,-0.924,5.053,5,-132.339,298.393,256,-4.063,,,
2026-09-27T19:25:45.000Z,1790537145.000,32.641204273,-117.190278888,4.567,82.808,72.607,-1.154,4.62,5,-133.167,299.44,255,-2.103,,,
2026-09-27T19:25:46.000Z,1790537146.000,32.641207006,-117.190254501,4.465,77.105,72.935,2.931,3.331,5,-132.622,300.313,254,-0.201,,,
2026-09-27T19:25:47.000Z,1790537147.000,32.641210262,-117.190231699,4.366,77.073,69.97,0.666,4.732,5,-129.188,300.782,253,1.351,,,
2026-09-27T19:25:48.000Z,1790537148.000,32.641213223,-117.190207763,4.329,82.792,69.771,0.871,4.1,5,-129.031,300.74,252,3.174,,,
2026-09-27T19:25:49.000Z,1790537149.000,32.641215975,-117.190184103,4.438,83.501,71.424,0.363,3.65,5,-131.26,300.164,251,5.094,,,
2026-09-27T19:25:50.000Z,1790537150.000,32.641218447,-117.190160196,4.362,85.152,73.032,-1.58,3.72,5,-133.823,299.209,250,7.044,,,
2026-09-27T19:25:51.000Z,1790537151.000,32.641220676,-117.190136227,4.462,82.447,74.676,2.631,4.51,5,-136.972,297.704,249,9.011,,,
2026-09-27T19:25:52.000Z,1790537152.000,32.641222367,-117.190113759,4.1,86.842,75.1,1.968,5.568,5,-139.302,295.798,248,10.813,,,
2026-09-27T19:25:53.000Z,1790537153.000,32.641222434,-117.190092902,3.737,88.734,77.363,-0.271,3.361,5,-143.467,293.896,247,12.662,,,
2026-09-27T19:25:54.000Z,1790537154.000,32.641222235,-117.190072972,3.535,94.588,79.354,-1.683,4.076,5,-147.345,292.009,246,14.428,,,
2026-09-27T19:25:55.000Z,1790537155.000,32.641220517,-117.190054001,3.536,100.646,80.792,0.441,4.455,5,-151.594,289.197,245,16.162,,,
2026-09-27T19:25:56.000Z,1790537156.000,32.64121862,-117.190036016,3.38,92.92,79.28,0.558,3.679,5,-152.617,286.663,244,17.678,,,
2026-09-27T19:25:57.000Z,1790537157.000,32.641217631,-117.190016672,3.576,92.294,78.117,-0.086,5.676,5,-154.23,283.887,243,19.275,,,
2026-09-27T19:25:58.000Z,1790537158.000,32.641216967,-117.189996333,3.833,90.367,77.667,2.567,5,5,-156.754,280.913,242,20.974,,,
2026-09-27T19:25:59.000Z,1790537159.000,32.641218159,-117.189974249,4.265,84.091,74.863,-0.111,5.666,5,-156.526,278.337,241,22.596,,,
2026-09-27T19:26:00.000Z,1790537160.000,32.641219947,-117.189949581,4.628,85.134,74.826,0.377,3.711,5,-159.036,275.79,240,24.55,,,
2026-09-27T19:26:01.000Z,1790537161.000,32.641222153,-117.189923375,4.61,86.085,73.332,-0.888,4.516,5,-160.502,272.83,239,26.528,,,
2026-09-27T19:26:02.000Z,1790537162.000,32.641224619,-117.189898529,4.561,80.421,72.841,-0.997,4.062,5,-163.511,269.33,238,28.436,,,
2026-09-27T19:26:03.000Z,1790537163.000,32.641227777,-117.189876377,3.86,80.981,69.996,1.164,5.004,5,-163.92,266.076,237,29.946,,,
2026-09-27T19:26:04.000Z,1790537164.000,32.641230862,-117.189857823,3.168,76.443,67.938,-0.058,3.434,5,-164.95,262.988,236,31.202,,,
2026-09-27T19:26:05.000Z,1790537165.000,32.641235258,-117.189841005,3.069,72.93,61.976,-0.673,4.527,5,-162.483,259.494,235,31.987,,,
2026-09-27T19:26:06.000Z,1790537166.000,32.641239581,-117.189824372,3.135,75.478,58.736,4.01,3.519,5,-162.717,256.019,234,32.925,,,
2026-09-27T19:26:07.000Z,1790537167.000,32.641245585,-117.18980756,3.637,62.03,50.668,1.247,4.931,5,-157.713,252.955,233,33.429,,,
2026-09-27T19:26:08.000Z,1790537168.000,32.641252825,-117.189787768,4.4,66.089,51.479,0.916,3.901,5,-161.307,250.173,232,34.76,,,
2026-09-27T19:26:09.000Z,1790537169.000,32.641263058,-117.189765885,4.903,57.974,48.565,-2.629,3.5,5,-161.036,247.529,231,35.831,,,
2026-09-27T19:26:10.000Z,1790537170.000,32.641273759,-117.189743017,4.866,60.57,46.899,4.029,5.4,5,-161.887,245.012,230,37.052,,,
2026-09-27T19:26:11.000Z,1790537171.000,32.641285899,-117.189720286,4.908,55.684,43.4,5.308,3.06,5,-160.36,243.04,229,38.044,,,
2026-09-27T19:26:12.000Z,1790537172.000,32.641298281,-117.18969971,4.662,50.772,40.675,2.953,3.653,5,-159.061,241.614,228,38.901,,,
2026-09-27T19:26:13.000Z,1790537173.000,32.641311001,-117.189681745,4.062,50.246,37.823,2.154,6.393,5,-157.47,240.353,227,39.511,,,
2026-09-27T19:26:14.000Z,1790537174.000,32.641324127,-117.189665654,4.179,45.133,35.167,4.679,3.936,5,-155.599,239.568,226,39.958,,,
2026-09-27T19:26:15.000Z,1790537175.000,32.641338932,-117.18964893,4.468,44.994,30.171,3.894,3.135,5,-151.002,239.169,225,40.181,,,
2026-09-27T19:26:16.000Z,1790537176.000,32.641354194,-117.189631073,4.7,43.636,33.199,5.003,3.969,5,-154.114,239.085,224,41.123,,,
2026-09-27T19:26:17.000Z,1790537177.000,32.641369738,-117.189614727,4.424,40.597,32.954,1.235,5.546,5,-154.043,238.911,223,41.66,,,
2026-09-27T19:26:18.000Z,1790537178.000,32.641385538,-117.189598999,4.273,38.551,31.734,2.121,4.497,5,-153.105,238.629,222,42.054,,,
2026-09-27T19:26:19.000Z,1790537179.000,32.6414013,-117.189583585,4.576,37.647,32.635,5.282,3.444,5,-154.166,238.469,221,42.596,,,
2026-09-27T19:26:20.000Z,1790537180.000,32.641418322,-117.189567209,4.808,40.776,29.177,3.9,4.931,5,-150.573,238.604,220,42.799,,,
2026-09-27T19:26:21.000Z,1790537181.000,32.641436176,-117.189548616,5.236,41.933,29.661,3.6,6.362,5,-150.661,239,219,43.463,,,
2026-09-27T19:26:22.000Z,1790537182.000,32.641455392,-117.189528979,5.371,42.154,30.419,3.712,2.934,5,-150.731,239.688,218,44.166,,,
2026-09-27T19:26:23.000Z,1790537183.000,32.641475304,-117.189509133,5.791,40.654,26.618,1.845,1.835,5,-146.114,240.504,217,44.48,,,
2026-09-27T19:26:24.000Z,1790537184.000,32.641495157,-117.18948953,5.65,39.273,26.603,2.565,3.963,5,-145.523,241.08,216,45.085,,,
2026-09-27T19:26:25.000Z,1790537185.000,32.64151486,-117.189471347,5.177,37.285,26.639,0.793,4.246,5,-145.204,241.435,215,45.583,,,
2026-09-27T19:26:26.000Z,1790537186.000,32.641534717,-117.189454562,5.028,32.158,26.989,1.832,4.551,5,-145.062,241.927,214,45.983,,,
2026-09-27T19:26:27.000Z,1790537187.000,32.641554795,-117.189438677,5.267,32.037,23.82,3.337,2.38,5,-141.182,242.638,213,46.012,,,
2026-09-27T19:26:28.000Z,1790537188.000,32.641575566,-117.189424507,5.2,27.347,20.449,-0.251,3.944,5,-136.998,243.45,212,45.847,,,
2026-09-27T19:26:29.000Z,1790537189.000,32.64159606,-117.189411236,4.972,28.812,22.632,-1.212,5.008,5,-138.404,244.228,211,46.07,,,
2026-09-27T19:26:30.000Z,1790537190.000,32.64161449,-117.189398173,4.5,32.188,26.962,-1.013,3.813,5,-141.349,245.613,210,46.557,,,
2026-09-27T19:26:31.000Z,1790537191.000,32.64163159,-117.189384528,4.5,35.057,28.24,-0.522,1.619,5,-141.82,246.42,209,46.914,,,
2026-09-27T19:26:32.000Z,1790537192.000,32.641648803,-117.189369203,4.637,37.545,27.124,1.792,4.3,5,-139.971,247.153,208,47.21,,,
2026-09-27T19:26:33.000Z,1790537193.000,32.64166694,-117.189350693,5.301,43.958,27.636,1.737,3.803,5,-139.374,248.262,207,47.854,,,
2026-09-27T19:26:34.000Z,1790537194.000,32.641687063,-117.189329477,5.93,42.638,29.945,-1.375,2.695,5,-140.752,249.193,206,48.767,,,
2026-09-27T19:26:35.000Z,1790537195.000,32.641707109,-117.189306148,6.2,44.993,34.615,1.371,3.478,5,-144.644,249.971,205,50.05,,,
2026-09-27T19:26:36.000Z,1790537196.000,32.641726635,-117.189283978,5.825,42.164,35.925,-0.5,3.763,5,-145.535,250.39,204,50.991,,,
2026-09-27T19:26:37.000Z,1790537197.000,32.641744696,-117.189263485,5.481,42.991,35.807,-2.256,3.378,5,-144.966,250.84,203,51.753,,,
2026-09-27T19:26:38.000Z,1790537198.000,32.641762113,-117.189242351,5.332,44.219,36.306,3.259,4.004,5,-144.91,251.395,202,52.651,,,
2026-09-27T19:26:39.000Z,1790537199.000,32.641781126,-117.189222707,5.766,41.228,32.667,5.766,3.003,5,-140.979,251.688,201,53.01,,,
2026-09-27T19:26:40.000Z,1790537200.000,32.641802486,-117.189203367,5.77,34.23,25.763,5.559,4.655,5,-134.023,251.74,200,52.957,,,
2026-09-27T19:26:41.000Z,1790537201.000,32.641826146,-117.189186907,5.644,28.96,17.443,5.3,4.101,5,-125.708,251.735,199,52.436,,,
2026-09-27T19:26:42.000Z,1790537202.000,32.641849119,-117.189176415,5.074,18.281,12.694,6.685,2.853,5,-120.947,251.747,198,51.748,,,
2026-09-27T19:26:43.000Z,1790537203.000,32.641869287,-117.189176098,4,355.894,351.289,6.696,1.595,5,-99.7,251.59,197,49.186,,,
2026-09-27T19:26:44.000Z,1790537204.000,32.641885687,-117.189186054,3.974,324.489,332.905,17.776,3.42,5,-81.473,251.431,196,46.469,,,
2026-09-27T19:26:45.000Z,1790537205.000,32.641896426,-117.189204146,3.971,294.132,298.296,12.911,2.591,5,-46.833,251.464,195,43.562,,,
2026-09-27T19:26:46.000Z,1790537206.000,32.641900822,-117.189223316,3.564,278.958,276.627,1.297,5.443,5,-25.282,251.345,194,42.048,,,
2026-09-27T19:26:47.000Z,1790537207.000,32.641901694,-117.189240969,2.906,272.304,263.647,-12.605,2.565,5,-12.331,251.317,193,41.02,,,
2026-09-27T19:26:48.000Z,1790537208.000,32.64190414,-117.189255299,2.663,283.539,268.422,-3.822,6.156,5,-16.981,251.441,192,39.503,,,
2026-09-27T19:26:49.000Z,1790537209.000,32.641907519,-117.189269515,2.6,285.942,273.897,-8.321,3.24,5,-22.149,251.748,191,37.951,,,
2026-09-27T19:26:50.000Z,1790537210.000,32.641912157,-117.189284097,2.831,291.147,276.52,-1.38,4.907,5,-24.625,251.894,190,36.421,,,
2026-09-27T19:26:51.000Z,1790537211.000,32.641915067,-117.1893004,3,277.134,278.033,-7.334,5.333,5,-25.786,252.247,189,34.875,,,
2026-09-27T19:26:52.000Z,1790537212.000,32.641918985,-117.189315507,2.869,297.242,276.122,-6.915,4.65,5,-23.647,252.475,188,33.474,,,
2026-09-27T19:26:53.000Z,1790537213.000,32.641925508,-117.189327556,2.7,303.892,281.37,3.119,3.787,5,-29.029,252.341,187,32.001,,,
2026-09-27T19:26:54.000Z,1790537214.000,32.64192869,-117.189340221,2.173,277.727,276.137,-8.725,5.224,5,-23.844,252.293,186,30.923,,,
2026-09-27T19:26:55.000Z,1790537215.000,32.641931944,-117.189352426,2.362,298.922,276.556,-5.361,2.532,5,-24.275,252.281,185,29.73,,,
2026-09-27T19:26:56.000Z,1790537216.000,32.641935996,-117.189363173,2.04,294.212,277.298,1.402,6.277,5,-24.676,252.622,184,28.608,,,
2026-09-27T19:26:57.000Z,1790537217.000,32.641939241,-117.189373665,1.973,288.043,277.127,-4.405,3.59,5,-24.129,252.998,183,27.575,,,
2026-09-27T19:26:58.000Z,1790537218.000,32.641941362,-117.189382747,1.504,287,277.793,-7.035,5.469,5,-24.439,253.354,182,26.693,,,
2026-09-27T19:26:59.000Z,1790537219.000,32.6419439,-117.189392164,2.061,273.621,279.592,-5.533,0.253,5,-25.894,253.699,181,25.734,,,
2026-09-27T19:27:00.000Z,1790537220.000,32.641944199,-117.189402575,1.7,280.897,280.079,-10.364,6.1,5,-26.029,254.051,180,24.842,,,
2026-09-27T19:27:01.000Z,1790537221.000,32.641947361,-117.189409947,1.27,297.212,285.342,-0.844,3.983,5,-31.038,254.304,179,23.959,,,
2026-09-27T19:27:02.000Z,1790537222.000,32.641948319,-117.189417015,1.181,282.958,286.937,-7.637,3.156,5,-32.547,254.39,178,23.297,,,
2026-09-27T19:27:03.000Z,1790537223.000,32.641951107,-117.189421711,1.236,314.296,293.115,-0.534,5.381,5,-38.577,254.538,177,22.698,,,
2026-09-27T19:27:04.000Z,1790537224.000,32.6419534,-117.189426231,1.066,282.273,292.534,-3.097,4.362,5,-37.814,254.72,176,22.208,,,
2026-09-27T19:27:05.000Z,1790537225.000,32.641954692,-117.189429922,0.735,308.588,296.135,-1.32,3.959,5,-41.305,254.83,175,21.819,,,
2026-09-27T19:27:06.000Z,1790537226.000,32.64195665,-117.18943255,0.757,313.963,295.15,-1.714,5.143,5,-40.266,254.884,174,21.503,,,
2026-09-27T19:27:07.000Z,1790537227.000,32.641960088,-117.189433988,0.386,354.439,300.465,1.124,5.651,5,-45.868,254.597,173,21.209,,,
2026-09-27T19:27:08.000Z,1790537228.000,32.641962479,-117.189436098,0.802,315.017,302.898,0.763,3.654,5,-48.728,254.17,172,20.925,,,
2026-09-27T19:27:09.000Z,1790537229.000,32.641964713,-117.189438704,0.768,331.017,306.64,1.332,4.332,5,-53.018,253.623,171,20.631,,,
2026-09-27T19:27:10.000Z,1790537230.000,32.641968135,-117.189438967,0.833,359.072,312.868,6.533,4.534,5,-59.878,252.991,170,20.54,,,
2026-09-27T19:27:11.000Z,1790537231.000,32.641972085,-117.18944006,0.965,343.118,316.395,4.005,3.73,5,-64.078,252.317,169,20.33,,,
2026-09-27T19:27:12.000Z,1790537232.000,32.641976864,-117.189442755,1.136,335.918,312.881,-1.509,4.591,5,-61.084,251.797,168,19.777,,,
2026-09-27T19:27:13.000Z,1790537233.000,32.641982225,-117.189441688,1.475,21.762,320.95,4.063,6.875,5,-69.421,251.529,167,19.807,,,
2026-09-27T19:27:14.000Z,1790537234.000,32.641987952,-117.189440159,1.259,7.042,319.626,1.037,1.826,5,-68.098,251.528,166,19.597,,,
2026-09-27T19:27:15.000Z,1790537235.000,32.641994924,-117.189438895,1.773,6.488,327.413,1.822,3.074,5,-75.767,251.645,165,19.62,,,
2026-09-27T19:27:16.000Z,1790537236.000,32.642001597,-117.189438866,1.201,352.955,332.633,0.775,5.831,5,-80.874,251.759,164,19.506,,,
2026-09-27T19:27:17.000Z,1790537237.000,32.642007578,-117.189441454,1.594,341.224,332.418,-2.059,3.682,5,-80.54,251.879,163,18.974,,,
2026-09-27T19:27:18.000Z,1790537238.000,32.642013296,-117.189443228,1.456,356.537,339.076,0.516,6.024,5,-87.12,251.956,162,18.867,,,
2026-09-27T19:27:19.000Z,1790537239.000,32.642019345,-117.189444448,1.3,347.007,343.069,-3.252,3.541,5,-91.162,251.907,161,18.676,,,
2026-09-27T19:27:20.000Z,1790537240.000,32.642024647,-117.189443071,1.359,39.912,346.358,-1.807,5.259,5,-94.61,251.748,160,18.715,,,
2026-09-27T19:27:21.000Z,1790537241.000,32.642030748,-117.189438223,1.597,33.873,355.471,2.823,4.597,5,-103.828,251.643,159,19.394,,,
2026-09-27T19:27:22.000Z,1790537242.000,32.642037561,-117.189433237,1.9,25.178,3.196,-0.627,5.294,5,-111.373,251.823,158,20.01,,,
2026-09-27T19:27:23.000Z,1790537243.000,32.642045424,-117.18942756,1.9,27.444,14.284,2.244,5.04,5,-122.086,252.199,157,20.927,,,
2026-09-27T19:27:24.000Z,1790537244.000,32.642053566,-117.189421648,2.051,31.004,16.116,1.24,4.395,5,-123.523,252.594,156,21.144,,,
2026-09-27T19:27:25.000Z,1790537245.000,32.642062248,-117.189414514,2.223,33.999,22.171,7.848,6.077,5,-129.199,252.972,155,21.775,,,
2026-09-27T19:27:26.000Z,1790537246.000,32.642072034,-117.18940823,2.441,28.267,26.624,12.664,5.076,5,-133.367,253.256,154,22.153,,,
2026-09-27T19:27:27.000Z,1790537247.000,32.642085143,-117.189404554,2.963,16.64,13.174,0.938,3.562,5,-119.656,253.518,153,20.706,,,
2026-09-27T19:27:28.000Z,1790537248.000,32.642099113,-117.189398744,3.432,22.373,10.512,-3.618,5.316,5,-116.564,253.949,152,20.261,,,
2026-09-27T19:27:29.000Z,1790537249.000,32.64211324,-117.1893894,3.559,25.677,12.689,0.094,4.776,5,-118.438,254.251,151,20.479,,,
2026-09-27T19:27:30.000Z,1790537250.000,32.642128658,-117.18938055,3.645,33.784,12.984,0.745,3.442,5,-118.412,254.573,150,20.444,,,
2026-09-27T19:27:31.000Z,1790537251.000,32.642143463,-117.189370358,3.762,30.265,13.504,1.245,4.814,5,-118.32,255.185,149,20.569,,,
2026-09-27T19:27:32.000Z,1790537252.000,32.642157662,-117.189359376,3.6,37.741,17.024,2.35,4.441,5,-121.483,255.541,148,21.029,,,
2026-09-27T19:27:33.000Z,1790537253.000,32.642171229,-117.189345336,3.903,42.106,24.387,0.565,5.374,5,-129.036,255.351,147,22.089,,,
2026-09-27T19:27:34.000Z,1790537254.000,32.642184084,-117.189329221,3.804,46.039,33.96,-0.108,4.986,5,-138.846,255.114,146,23.54,,,
2026-09-27T19:27:35.000Z,1790537255.000,32.642195051,-117.189313481,3.444,55.178,41.615,-0.808,5.151,5,-146.813,254.803,145,24.893,,,
2026-09-27T19:27:36.000Z,1790537256.000,32.642202963,-117.18929753,3.109,65.971,53.798,-1.018,3.645,5,-159.27,254.528,144,26.736,,,
2026-09-27T19:27:37.000Z,1790537257.000,32.642208064,-117.189281214,3.221,77.255,59.904,-4.614,4.507,5,-165.594,254.309,143,28.259,,,
2026-09-27T19:27:38.000Z,1790537258.000,32.642208596,-117.189262344,3.6,90.684,71.526,-3.791,4.877,5,-177.369,254.157,142,30.539,,,
2026-09-27T19:27:39.000Z,1790537259.000,32.64220713,-117.189241611,3.902,99.055,85.583,-7.634,3.4,5,168.488,254.071,141,33.051,,,
2026-09-27T19:27:40.000Z,1790537260.000,32.64220122,-117.189221022,4.2,111.618,100.894,-4.051,4.4,5,153.258,254.152,140,35.574,,,
2026-09-27T19:27:41.000Z,1790537261.000,32.642193871,-117.189202149,3.629,119.014,110.422,-5.314,4.614,5,143.95,254.372,139,37.679,,,
2026-09-27T19:27:42.000Z,1790537262.000,32.642184645,-117.189185392,3.575,125.541,121.806,-9.778,4.337,5,132.599,254.404,138,39.567,,,
2026-09-27T19:27:43.000Z,1790537263.000,32.642172465,-117.189171524,3.7,145.698,134.515,-11.201,4.719,5,119.739,254.254,137,41.156,,,
2026-09-27T19:27:44.000Z,1790537264.000,32.642156327,-117.189161578,3.768,154.634,143.983,-6.119,4.255,5,110.129,254.112,136,42.529,,,
2026-09-27T19:27:45.000Z,1790537265.000,32.642138846,-117.189154504,4,160.929,149.298,-6.531,5.5,5,104.67,253.968,135,43.806,,,
2026-09-27T19:27:46.000Z,1790537266.000,32.642120112,-117.189149711,4.2,170.409,153.896,-5.9,4.627,5,99.82,253.716,134,44.959,,,
2026-09-27T19:27:47.000Z,1790537267.000,32.642100886,-117.18914422,4.436,166.618,157.125,-11.955,5.375,5,96.137,253.262,133,46.243,,,
2026-09-27T19:27:48.000Z,1790537268.000,32.64208058,-117.189142113,4.425,176.274,161.6,-4.34,4.662,5,91.24,252.84,132,47.221,,,
2026-09-27T19:27:49.000Z,1790537269.000,32.642059851,-117.189140333,4.478,176.622,163.171,-0.796,5.029,5,89.278,252.449,131,48.345,,,
2026-09-27T19:27:50.000Z,1790537270.000,32.642039404,-117.189138041,4.481,174.883,165.313,-6.157,4.287,5,86.685,251.999,130,49.461,,,
2026-09-27T19:27:51.000Z,1790537271.000,32.642017998,-117.189139098,4.6,181.566,168.432,-4.862,6.234,5,82.96,251.392,129,50.283,,,
2026-09-27T19:27:52.000Z,1790537272.000,32.641996135,-117.18914093,4.735,181.447,169.835,-3.491,4.607,5,81.149,250.983,128,51.167,,,
2026-09-27T19:27:53.000Z,1790537273.000,32.641974014,-117.189143548,4.708,188.387,172.392,-2.324,2.224,5,78.327,250.719,127,51.921,,,
2026-09-27T19:27:54.000Z,1790537274.000,32.641951053,-117.189146171,5.052,184.885,173.443,-4.2,4.881,5,76.851,250.294,126,52.814,,,
2026-09-27T19:27:55.000Z,1790537275.000,32.641926594,-117.189149658,5.135,187.993,175.324,-3.907,3.162,5,74.279,249.603,125,53.656,,,
2026-09-27T19:27:56.000Z,1790537276.000,32.641902019,-117.189151838,5.319,184.237,175.519,-5.04,4.527,5,73.297,248.816,124,54.726,,,
2026-09-27T19:27:57.000Z,1790537277.000,32.641877641,-117.189153975,5.236,185.138,177.543,-2.978,3.311,5,70.55,248.093,123,55.662,,,
2026-09-27T19:27:58.000Z,1790537278.000,32.641854275,-117.189158631,5.066,191.664,180.232,-1.332,3.635,5,67.252,247.484,122,56.286,,,
2026-09-27T19:27:59.000Z,1790537279.000,32.641831756,-117.189166464,5.392,202.132,185.476,-6.78,3.12,5,61.35,246.826,121,56.408,,,
2026-09-27T19:28:00.000Z,1790537280.000,32.641809734,-117.189177801,5.409,201.769,186.073,-6.008,6.936,5,60.14,246.213,120,56.555,,,
2026-09-27T19:28:01.000Z,1790537281.000,32.641787454,-117.189188338,4.89,203.602,184.874,-3.912,6.324,5,60.507,245.381,119,56.917,,,
2026-09-27T19:28:02.000Z,1790537282.000,32.641764449,-117.189198117,5.101,199.579,187.84,-1.76,4.954,5,56.757,244.597,118,57.065,,,
2026-09-27T19:28:03.000Z,1790537283.000,32.641740543,-117.189206677,5.066,198.867,192.939,-6.502,3.834,5,50.778,243.717,117,57.189,,,
2026-09-27T19:28:04.000Z,1790537284.000,32.641719447,-117.189218298,4.969,209.488,202.886,-5.494,3.242,5,40.093,242.979,116,56.515,,,
2026-09-27T19:28:05.000Z,1790537285.000,32.64170002,-117.189233428,5.022,215.542,208.861,-6.797,7.468,5,33.307,242.168,115,55.775,,,
2026-09-27T19:28:06.000Z,1790537286.000,32.641681127,-117.189251573,5.164,219.041,214.862,-13.728,5.247,5,26.755,241.618,114,54.755,,,
2026-09-27T19:28:07.000Z,1790537287.000,32.641665631,-117.189273212,5.275,234.828,222.839,-16.025,2.151,5,18.426,241.266,113,53.122,,,
2026-09-27T19:28:08.000Z,1790537288.000,32.641652445,-117.189297891,5.4,238.302,225.14,-13.719,4.736,5,15.761,240.902,112,51.573,,,
2026-09-27T19:28:09.000Z,1790537289.000,32.641640075,-117.189323215,5.097,237.12,224.787,-10.016,4.855,5,15.967,240.755,111,50.135,,,
2026-09-27T19:28:10.000Z,1790537290.000,32.641627638,-117.189345992,4.833,237.766,225.335,-10.867,3.099,5,15.33,240.665,110,48.842,,,
2026-09-27T19:28:11.000Z,1790537291.000,32.641615871,-117.189368324,4.67,238.245,226.965,-13.58,5.489,5,13.478,240.443,109,47.468,,,
2026-09-27T19:28:12.000Z,1790537292.000,32.6416043,-117.189391772,5.172,238.208,225.132,-12.9,1.62,5,15.042,240.174,108,46.258,,,
2026-09-27T19:28:13.000Z,1790537293.000,32.641591151,-117.189413641,4.9,232.296,222.589,-9.811,7.637,5,17.386,239.974,107,45.318,,,
2026-09-27T19:28:14.000Z,1790537294.000,32.641576869,-117.189435599,5.1,230.942,224.854,-12.282,2.436,5,15.05,239.904,106,44.053,,,
2026-09-27T19:28:15.000Z,1790537295.000,32.641562162,-117.189460142,5.5,235.567,227.199,-10.934,3.399,5,12.861,240.061,105,42.592,,,
2026-09-27T19:28:16.000Z,1790537296.000,32.641548109,-117.189486547,5.668,238.678,227.603,-13.475,4.168,5,12.76,240.363,104,41.093,,,
2026-09-27T19:28:17.000Z,1790537297.000,32.641534165,-117.189513313,5.7,236.196,226.503,-10.615,5.631,5,14.148,240.651,103,39.673,,,
2026-09-27T19:28:18.000Z,1790537298.000,32.64151965,-117.189538706,5.506,237.577,224.735,-13.489,3.459,5,16.189,240.924,102,38.448,,,
2026-09-27T19:28:19.000Z,1790537299.000,32.641507131,-117.189563693,5.336,238.963,226.183,-12.845,5.947,5,15.008,241.191,101,36.906,,,
2026-09-27T19:28:20.000Z,1790537300.000,32.641493929,-117.189587961,5.014,234.567,223.31,-11.162,3.609,5,18.108,241.418,100,35.794,,,
2026-09-27T19:28:21.000Z,1790537301.000,32.64147902,-117.18961,5.22,229.86,219.74,-10.62,0.96,5,21.954,241.694,99,35.013,,,
2026-09-27T19:28:22.000Z,1790537302.000,32.641462569,-117.189630966,5.3,223.587,212.106,-5.1,7.149,5,29.847,241.954,98,34.731,,,
2026-09-27T19:28:23.000Z,1790537303.000,32.641442888,-117.189649782,5.568,218.537,202.272,-8.737,4.06,5,39.943,242.215,97,34.979,,,
2026-09-27T19:28:24.000Z,1790537304.000,32.641420559,-117.189667834,6.194,212.196,193.279,-5.106,4.422,5,49.211,242.49,96,35.347,,,
2026-09-27T19:28:25.000Z,1790537305.000,32.641394988,-117.189682001,5.9,200.42,179.699,-1.047,5.226,5,63.089,242.788,95,36.512,,,
2026-09-27T19:28:26.000Z,1790537306.000,32.641366903,-117.189688562,6.2,188.551,168.052,1.761,2.599,5,74.956,243.007,94,38.197,,,
2026-09-27T19:28:27.000Z,1790537307.000,32.641338491,-117.189689021,6.36,178.623,157.384,7.156,3.003,5,85.889,243.273,93,40.234,,,
2026-09-27T19:28:28.000Z,1790537308.000,32.64131122,-117.189682281,6.035,160.562,145.052,6.519,4.127,5,98.545,243.596,92,42.75,,,
2026-09-27T19:28:29.000Z,1790537309.000,32.641286508,-117.189669106,5.966,150.34,136.737,7.031,3.166,5,107.115,243.852,91,45.382,,,
2026-09-27T19:28:30.000Z,1790537310.000,32.641265074,-117.189648915,6.066,136.081,123.125,6.821,3.378,5,121.013,244.138,90,48.397,,,
2026-09-27T19:28:31.000Z,1790537311.000,32.641249288,-117.189623453,5.529,120.458,112.436,9.271,5.774,5,132.007,244.443,89,51.325,,,
2026-09-27T19:28:32.000Z,1790537312.000,32.641238968,-117.189595494,5.286,110.343,101.994,11.035,3.54,5,142.676,244.67,88,54.026,,,
2026-09-27T19:28:33.000Z,1790537313.000,32.641233163,-117.189568377,5.019,97.061,90.991,11.61,2.969,5,153.935,244.926,87,56.255,,,
2026-09-27T19:28:34.000Z,1790537314.000,32.641233771,-117.189542249,4.6,83.4,78.707,5.487,4.632,5,166.482,245.188,86,57.855,,,
2026-09-27T19:28:35.000Z,1790537315.000,32.641236065,-117.189519188,3.738,80.119,68.777,7.932,5.323,5,176.701,245.478,85,59.094,,,
2026-09-27T19:28:36.000Z,1790537316.000,32.641239853,-117.189497757,3.965,75.883,60.986,8.324,3.388,5,-175.202,245.784,84,60.176,,,
2026-09-27T19:28:37.000Z,1790537317.000,32.641246952,-117.18947714,4.1,60.792,54.304,4.456,3.216,5,-168.242,246.062,83,61.053,,,
2026-09-27T19:28:38.000Z,1790537318.000,32.641257136,-117.18945779,4.238,52.326,44.814,2.076,4.925,5,-158.482,246.332,82,61.422,,,
2026-09-27T19:28:39.000Z,1790537319.000,32.64127011,-117.189438934,4.521,49.16,36.962,1.835,4.946,5,-150.354,246.607,81,61.701,,,
2026-09-27T19:28:40.000Z,1790537320.000,32.6412862,-117.1894199,5.133,45,32.8,4.8,3.767,5,-145.932,246.868,80,62.118,,,
2026-09-27T19:28:41.000Z,1790537321.000,32.641306145,-117.189401786,5.698,36.968,24.709,1.142,3,5,-137.623,247.086,79,61.94,,,
2026-09-27T19:28:42.000Z,1790537322.000,32.641327202,-117.189383055,5.67,35.365,26.491,4.565,6.03,5,-139.13,247.361,78,62.555,,,
2026-09-27T19:28:43.000Z,1790537323.000,32.641348824,-117.189365324,5.336,35.104,25.448,1.74,4.116,5,-137.817,247.631,77,62.83,,,
2026-09-27T19:28:44.000Z,1790537324.000,32.64137007,-117.189349447,5.335,30.363,24.919,0.098,3.874,5,-137.009,247.91,76,63.012,,,
2026-09-27T19:28:45.000Z,1790537325.000,32.641389665,-117.189333993,5.1,39.859,23.914,3.978,5.117,5,-135.698,248.216,75,63.205,,,
2026-09-27T19:28:46.000Z,1790537326.000,32.64141011,-117.1893181,5.132,31.49,20.252,0.352,3.465,5,-131.765,248.487,74,63.177,,,
2026-09-27T19:28:47.000Z,1790537327.000,32.641429594,-117.189302806,5.001,37.734,24.465,3.734,4.069,5,-135.74,248.726,73,63.784,,,
2026-09-27T19:28:48.000Z,1790537328.000,32.641448309,-117.189288661,4.663,33.807,22.98,0.166,4.383,5,-133.99,248.99,72,63.875,,,
2026-09-27T19:28:49.000Z,1790537329.000,32.641465538,-117.189274317,4.4,35.975,26.282,0.737,6.455,5,-137.024,249.258,71,64.447,,,
2026-09-27T19:28:50.000Z,1790537330.000,32.641481939,-117.189260208,4.2,39.915,26.553,2.592,5.05,5,-137.02,249.534,70,64.796,,,
2026-09-27T19:28:51.000Z,1790537331.000,32.641498884,-117.189245514,4.681,34.293,25.231,2.195,3.345,5,-135.413,249.818,69,65.037,,,
2026-09-27T19:28:52.000Z,1790537332.000,32.641518702,-117.189229301,5.27,36.305,19.738,-3.619,4.868,5,-129.629,250.109,68,64.919,,,
2026-09-27T19:28:53.000Z,1790537333.000,32.641539264,-117.189209494,6.058,39.771,27.776,-0.415,3.509,5,-137.372,250.404,67,66.155,,,
2026-09-27T19:28:54.000Z,1790537334.000,32.641559851,-117.189186462,6.2,44.5,32.705,1.289,4.223,5,-142.015,250.69,66,67.407,,,
2026-09-27T19:28:55.000Z,1790537335.000,32.641577844,-117.189162336,5.8,49.933,43.746,1.343,6.237,5,-152.789,250.957,65,69.363,,,
2026-09-27T19:28:56.000Z,1790537336.000,32.6415933,-117.189139683,5.2,54.189,46.572,-3.121,2.79,5,-155.368,251.204,64,70.666,,,
2026-09-27T19:28:57.000Z,1790537337.000,32.641606613,-117.189117053,5.06,56.271,48.199,-0.943,3.54,5,-156.688,251.511,63,71.984,,,
2026-09-27T19:28:58.000Z,1790537338.000,32.641619911,-117.18909306,5.3,54.911,47.351,2.629,3.568,5,-155.593,251.757,62,73.227,,,
2026-09-27T19:28:59.000Z,1790537339.000,32.641633968,-117.189068326,5.504,55.931,45.927,-0.024,3.776,5,-153.88,252.047,61,74.448,,,
2026-09-27T19:29:00.000Z,1790537340.000,32.641648757,-117.189042321,5.764,54.443,45.329,1.236,3.371,5,-152.999,252.33,60,75.799,,,
2026-09-27T19:29:01.000Z,1790537341.000,32.641664935,-117.189019118,5.4,48.573,41.114,3.767,3.623,5,-148.548,252.566,59,76.563,,,
2026-09-27T19:29:02.000Z,1790537342.000,32.641683174,-117.189000542,5.2,36.372,30.004,4.344,3.922,5,-137.172,252.832,58,76.276,,,
2026-09-27T19:29:03.000Z,1790537343.000,32.641703643,-117.188985994,5.1,27.039,19.899,6.384,4.264,5,-126.826,253.074,57,75.612,,,
2026-09-27T19:29:04.000Z,1790537344.000,32.641725326,-117.188976203,4.867,20.074,9.37,10.031,5.599,5,-116.02,253.35,56,74.478,,,
2026-09-27T19:29:05.000Z,1790537345.000,32.641748635,-117.188970443,5.139,7.825,358.655,14.002,4.188,5,-104.999,253.656,55,72.961,,,
2026-09-27T19:29:06.000Z,1790537346.000,32.641772839,-117.1889695,5.453,0.33,349.964,12.31,4.156,5,-96.037,253.927,54,71.205,,,
2026-09-27T19:29:07.000Z,1790537347.000,32.641797225,-117.188972359,5.49,348.293,348.393,14.431,2.821,5,-94.227,254.166,53,69.613,,,
2026-09-27T19:29:08.000Z,1790537348.000,32.641820158,-117.188977995,5.038,348.998,341.098,9.945,8.657,5,-86.657,254.441,52,67.531,,,
2026-09-27T19:29:09.000Z,1790537349.000,32.641843717,-117.188981848,5.268,350.81,341.174,12.821,3.211,5,-86.465,254.709,51,66.003,,,
2026-09-27T19:29:10.000Z,1790537350.000,32.641868017,-117.188986002,5.265,355.314,340.03,11.598,4.034,5,-85.072,254.958,50,64.345,,,
2026-09-27T19:29:11.000Z,1790537351.000,32.641893522,-117.188989729,5.7,353.182,344.819,13.297,4.525,5,-89.594,255.225,49,62.997,,,
2026-09-27T19:29:12.000Z,1790537352.000,32.641918479,-117.188994067,6.015,348.488,338.598,7.5,6.913,5,-83.085,255.513,48,61.002,,,
2026-09-27T19:29:13.000Z,1790537353.000,32.641943506,-117.188995813,5.237,356.55,344.086,8.672,3.515,5,-88.288,255.798,47,59.877,,,
2026-09-27T19:29:14.000Z,1790537354.000,32.641967087,-117.188993947,5.116,9.961,356.389,9.684,3.209,5,-100.322,256.067,46,59.612,,,
2026-09-27T19:29:15.000Z,1790537355.000,32.641991446,-117.188988581,5.3,9.056,3.588,10.4,5.39,5,-107.23,256.358,45,59.32,,,
2026-09-27T19:29:16.000Z,1790537356.000,32.642015575,-117.188981564,5.499,13.238,7.104,8.634,2.932,5,-110.453,256.651,44,58.926,,,
2026-09-27T19:29:17.000Z,1790537357.000,32.642038588,-117.188973822,5.1,18.583,6.544,3.334,5.615,5,-109.62,256.924,43,58.341,,,
2026-09-27T19:29:18.000Z,1790537358.000,32.642061494,-117.188963528,5.529,23.229,8.129,-0.6,4.636,5,-110.919,257.21,42,58.138,,,
2026-09-27T19:29:19.000Z,1790537359.000,32.642083632,-117.188948875,5.537,28.061,13.652,4.378,4.097,5,-116.181,257.471,41,58.644,,,
2026-09-27T19:29:20.000Z,1790537360.000,32.642106854,-117.188937075,5.321,19.108,13.562,5.401,5.265,5,-115.869,257.693,40,58.422,,,
2026-09-27T19:29:21.000Z,1790537361.000,32.642131157,-117.188932607,5.238,2.358,0.649,3.216,3.868,5,-102.703,257.945,39,56.563,,,
2026-09-27T19:29:22.000Z,1790537362.000,32.642154817,-117.188934469,5.033,353.699,345.966,12.306,5.364,5,-87.743,258.223,38,54.209,,,
2026-09-27T19:29:23.000Z,1790537363.000,32.642176791,-117.188942972,4.863,335.15,330.434,15.863,3.137,5,-71.922,258.511,37,51.556,,,
2026-09-27T19:29:24.000Z,1790537364.000,32.642194744,-117.188958991,4.864,316.387,314.25,13.811,5.955,5,-55.469,258.782,36,48.753,,,
2026-09-27T19:29:25.000Z,1790537365.000,32.642207503,-117.188980413,4.653,296.967,289.687,8.457,2.88,5,-30.608,259.079,35,46.169,,,
2026-09-27T19:29:26.000Z,1790537366.000,32.642212435,-117.189002887,4.141,279.113,266.248,-3.847,3.659,5,-6.907,259.341,34,44.682,,,
2026-09-27T19:29:27.000Z,1790537367.000,32.642212527,-117.189024358,3.563,264.23,248.761,-1.332,3.856,5,10.863,259.625,33,43.803,,,
2026-09-27T19:29:28.000Z,1790537368.000,32.642208149,-117.189041335,3.539,240.493,237.771,2.161,5.607,5,22.102,259.873,32,43.342,,,
2026-09-27T19:29:29.000Z,1790537369.000,32.642199077,-117.189056586,3.269,231.808,229.468,-2.182,4.589,5,30.654,260.121,31,43.147,,,
2026-09-27T19:29:30.000Z,1790537370.000,32.642189849,-117.189073151,3.857,234.897,229.464,-7.922,4.901,5,30.92,260.384,30,42.247,,,
2026-09-27T19:29:31.000Z,1790537371.000,32.642178799,-117.189091901,4.074,236.774,230.11,-10.537,5.632,5,30.537,260.648,29,41.211,,,
2026-09-27T19:29:32.000Z,1790537372.000,32.642169053,-117.189110441,3.8,240.849,231.478,-13.769,4.877,5,29.441,260.918,28,40.071,,,
2026-09-27T19:29:33.000Z,1790537373.000,32.642161353,-117.189130017,3.864,250.356,237.883,-13.54,4.989,5,23.305,261.188,27,38.38,,,
2026-09-27T19:29:34.000Z,1790537374.000,32.642156526,-117.189150495,3.767,255.95,238.198,-11.2,4.476,5,23.262,261.46,26,36.907,,,
2026-09-27T19:29:35.000Z,1790537375.000,32.642151938,-117.189170246,3.732,259.533,237.703,-8.703,5.438,5,24.161,261.864,25,35.538,,,
2026-09-27T19:29:36.000Z,1790537376.000,32.642146355,-117.189188504,3.63,243.15,239.84,-10.78,5.295,5,22.639,262.479,24,34.162,,,
2026-09-27T19:29:37.000Z,1790537377.000,32.642140788,-117.189207924,3.764,255.548,244.44,-9.216,3.784,5,18.675,263.115,23,32.529,,,
2026-09-27T19:29:38.000Z,1790537378.000,32.642136293,-117.189228133,3.886,252.356,247.297,-7.386,6.3,5,16.389,263.686,22,30.901,,,
2026-09-27T19:29:39.000Z,1790537379.000,32.64213079,-117.189250404,4.218,253.684,245.741,-5.141,3.52,5,18.686,264.426,21,29.433,,,
2026-09-27T19:29:40.000Z,1790537380.000,32.642124281,-117.189274176,4.663,253.918,246.827,-5.922,3.581,5,18.282,265.109,20,27.726,,,
2026-09-27T19:29:41.000Z,1790537381.000,32.642118206,-117.189297011,4.265,251.803,245.731,-4.566,6.995,5,20.149,265.88,19,26.213,,,
2026-09-27T19:29:42.000Z,1790537382.000,32.642112955,-117.18931817,3.9,251.236,243.94,-5.395,3.345,5,22.717,266.657,18,24.842,,,
2026-09-27T19:29:43.000Z,1790537383.000,32.642109279,-117.18933571,3.236,259.372,249.17,-6.964,5.639,5,18.032,267.202,17,23.246,,,
2026-09-27T19:29:44.000Z,1790537384.000,32.64210877,-117.189352414,2.77,271.024,251.504,-5.5,6.289,5,16.226,267.73,16,21.747,,,
2026-09-27T19:29:45.000Z,1790537385.000,32.64210784,-117.189369503,3.34,268.843,255.262,-4.55,2.243,5,13.175,268.437,15,20.164,,,
2026-09-27T19:29:46.000Z,1790537386.000,32.642107727,-117.189388394,3.395,265.828,255.137,-4.337,5.81,5,13.918,269.054,14,18.608,,,
2026-09-27T19:29:47.000Z,1790537387.000,32.642107832,-117.189407548,3.434,272.663,255.202,-4.426,4.334,5,14.512,269.714,13,17.009,,,
2026-09-27T19:29:48.000Z,1790537388.000,32.6421081,-117.189426699,3.53,266.736,258.63,-3.095,4.14,5,11.744,270.373,12,15.225,,,
2026-09-27T19:29:49.000Z,1790537389.000,32.642106858,-117.189445238,3.574,258.474,255.299,-1.258,2.7,5,15.492,270.791,11,13.926,,,
2026-09-27T19:29:50.000Z,1790537390.000,32.642103753,-117.189462323,3.341,251.036,244.071,1.864,5.476,5,26.978,271.049,10,13.342,,,
2026-09-27T19:29:51.000Z,1790537391.000,32.642096107,-117.189477407,3.102,237.587,235.038,-6.314,4.757,5,36.655,271.693,9,13.104,,,
2026-09-27T19:29:52.000Z,1790537392.000,32.642088223,-117.189491424,3.1,234.891,237.761,-7.568,5.47,5,34.962,272.723,8,12.153,,,
2026-09-27T19:29:53.000Z,1790537393.000,32.642082407,-117.189506208,2.945,249.053,244.677,-7.5,6.126,5,29.352,274.029,7,10.758,,,
2026-09-27T19:29:54.000Z,1790537394.000,32.642077078,-117.189523301,3.134,247.009,239.59,-4.366,5.325,5,35.965,275.555,6,9.954,,,
2026-09-27T19:29:55.000Z,1790537395.000,32.64206954,-117.189538856,3.164,237.512,228.704,-6.136,5.728,5,48.206,276.91,5,9.839,,,
2026-09-27T19:29:56.000Z,1790537396.000,32.642061123,-117.189552799,2.945,235.312,220.782,-8.067,3.155,5,57.284,278.065,4,9.728,,,
2026-09-27T19:29:57.000Z,1790537397.000,32.642049785,-117.189565395,3.76,214.646,212.701,-13.454,2.563,5,66.367,279.068,3,9.912,,,
2026-09-27T19:29:58.000Z,1790537398.000,32.642036697,-117.189577902,3.54,218.298,213.401,-17.202,7.081,5,66.49,279.891,2,9.491,,,
2026-09-27T19:29:59.000Z,1790537399.000,32.6420231,-117.1895935,4,228.301,222.567,-15.733,1.733,5,57.932,280.499,1,8.165,,,
2026-09-27T19:30:00.000Z,1790537400.000,32.642012521,-117.189611685,4.135,243.842,232.396,-9.845,3.214,5,48.562,280.959,0,6.451,,,
2026-09-27T19:30:01.000Z,1790537401.000,32.642004021,-117.189632828,4.237,243.542,236.854,-10.196,3.975,5.001,44.675,281.528,-1,4.812,,,
2026-09-27T19:30:02.000Z,1790537402.000,32.641996413,-117.189654288,4.2,251.062,240.893,-9.247,3.783,5.001,41.27,282.163,-2,3.142,,,
2026-09-27T19:30:03.000Z,1790537403.000,32.641990307,-117.189675779,4.4,246.582,239.419,-11.121,3.419,5.002,43.467,282.886,-3,1.773,,,
2026-09-27T19:30:04.000Z,1790537404.000,32.641983511,-117.189698072,4.708,238.375,235.33,-10.184,5.005,5.002,48.329,283.659,-4,0.56,,,
2026-09-27T19:30:05.000Z,1790537405.000,32.6419739,-117.1897197,4.333,240.032,233.933,-11.2,4.333,5.003,50.61,284.544,-5,-0.64,1,2.575,14.823
2026-09-27T19:30:06.000Z,1790537406.000,32.64196539,-117.189741073,4.196,247.694,236.026,-7.586,5.822,5.003,49.475,285.502,-6,-2.127,1,2.918,13.231
2026-09-27T19:30:07.000Z,1790537407.000,32.641955681,-117.189762958,4.436,240.934,235.521,-9.357,3.257,5.004,50.857,286.377,-7,-3.408,1,2.685,11.389
2026-09-27T19:30:08.000Z,1790537408.000,32.641946691,-117.1897852,4.674,243.829,237.026,-9.033,3.652,5.004,50.235,287.261,-8,-4.899,1,3.01,9.693
2026-09-27T19:30:09.000Z,1790537409.000,32.641938622,-117.189808436,4.64,246.92,236.741,-9.06,4.999,5.005,51.57,288.311,-9,-6.392,1,3.172,7.974
2026-09-27T19:30:10.000Z,1790537410.000,32.64193069,-117.18983226,4.3,249.924,235.969,-13.176,3.171,5.006,53.354,289.323,-10,-7.907,1,3.097,6.227
2026-09-27T19:30:11.000Z,1790537411.000,32.641923192,-117.189855189,4.333,246.995,236.664,-13.511,3.023,5.006,53.384,290.048,-11,-9.473,1,2.961,4.621
2026-09-27T19:30:12.000Z,1790537412.000,32.641916472,-117.189877908,4.498,254.672,240.872,-11.277,3.112,5.007,49.548,290.42,-12,-11.305,1,3.483,3.267
2026-09-27T19:30:13.000Z,1790537413.000,32.641908943,-117.189902219,4.928,251.908,241.455,-15.843,4.236,5.007,49.028,290.484,-13,-12.975,1,3.657,1.603
2026-09-27T19:30:14.000Z,1790537414.000,32.64190155,-117.189927139,4.863,250.647,240.83,-14.547,3.147,5.008,49.509,290.339,-14,-14.621,1,3.534,-0.129
2026-09-27T19:30:15.000Z,1790537415.000,32.641894021,-117.189949713,4.445,249.415,241.328,-12.711,6.616,5.008,48.768,290.096,-15,-16.141,1,3.16,-1.73
2026-09-27T19:30:16.000Z,1790537416.000,32.641887172,-117.189972804,4.338,252.407,240.745,-13.065,3.456,5.009,49.057,289.802,-16,-17.666,1,3.237,-3.335
2026-09-27T19:30:17.000Z,1790537417.000,32.641880192,-117.189996593,4.597,250.408,241.528,-12.905,2.13,5.009,47.946,289.474,-17,-19.335,1,3.319,-4.912
2026-09-27T19:30:18.000Z,1790537418.000,32.641872669,-117.190021625,4.8,252.502,240.567,-13.869,5.464,5.01,48.599,289.166,-18,-20.96,1,3.581,-6.678
2026-09-27T19:30:19.000Z,1790537419.000,32.641865953,-117.190047258,5.105,251.247,240.37,-17.161,1.97,5.011,48.752,289.122,-19,-22.729,1,3.73,-8.347
2026-09-27T19:30:20.000Z,1790537420.000,32.641861106,-117.190070411,4.2,254.982,239.485,-13.604,6.12,5.011,49.82,289.304,-20,-24.341,1,3.247,-9.765
2026-09-27T19:30:21.000Z,1790537421.000,32.64185498,-117.190092104,4.224,252.332,239.962,-14.986,2.32,5.012,49.501,289.463,-21,-25.859,1,3.136,-11.192
2026-09-27T19:30:22.000Z,1790537422.000,32.641849977,-117.190112672,4,249.66,243.623,-13,6.278,5.012,45.986,289.61,-22,-27.554,1,2.84,-12.302
2026-09-27T19:30:23.000Z,1790537423.000,32.641844053,-117.190135923,4.232,255.806,243.754,-14.682,6.209,5.013,45.92,289.675,-23,-29.188,1,3.304,-13.784
2026-09-27T19:30:24.000Z,1790537424.000,32.641837503,-117.190160225,4.666,249.531,239.868,-12.931,5.197,5.013,49.769,289.636,-24,-30.608,1,3.3,-15.569
2026-09-27T19:30:25.000Z,1790537425.000,32.641829372,-117.190184768,4.871,247.04,238.73,-14.258,1.666,5.014,50.66,289.39,-25,-32.148,1,3.288,-17.384
2026-09-27T19:30:26.000Z,1790537426.000,32.641820548,-117.190208836,4.836,246.284,238.92,-16.636,7.044,5.014,49.994,288.914,-26,-33.705,1,3.213,-19.189
2026-09-27T19:30:27.000Z,1790537427.000,32.641811851,-117.190233135,4.7,250.009,237.732,-17.8,5.022,5.015,50.709,288.441,-27,-35.192,1,3.341,-21.053
2026-09-27T19:30:28.000Z,1790537428.000,32.641803028,-117.190257198,4.7,247.5,237.919,-15.281,4.612,5.016,50.122,288.041,-28,-36.748,1,3.19,-22.859
2026-09-27T19:30:29.000Z,1790537429.000,32.641794515,-117.190282036,4.864,250.302,240.16,-16.096,2.164,5.016,47.668,287.828,-29,-38.527,1,3.468,-24.567
2026-09-27T19:30:30.000Z,1790537430.000,32.641787305,-117.190306416,4.834,251.961,241.268,-16.034,3.971,5.017,46.341,287.609,-30,-40.255,1,3.541,-26.175
2026-09-27T19:30:31.000Z,1790537431.000,32.64178026,-117.190330289,4.435,252.491,239.19,-15.395,5.62,5.017,48.196,287.385,-31,-41.732,1,3.273,-27.9
2026-09-27T19:30:32.000Z,1790537432.000,32.641773974,-117.190353785,4.573,251.402,240.773,-14.692,3.273,5.018,46.342,287.115,-32,-43.468,1,3.313,-29.359
2026-09-27T19:30:33.000Z,1790537433.000,32.641767341,-117.190378035,4.637,254.99,240,-12.668,5.365,5.018,46.839,286.839,-33,-45.087,1,3.55,-30.995
2026-09-27T19:30:34.000Z,1790537434.000,32.641759679,-117.190403165,4.98,253.502,239.579,-11.239,2.74,5.019,47.083,286.662,-34,-46.749,1,3.725,-32.751
2026-09-27T19:30:35.000Z,1790537435.000,32.641751279,-117.190428772,5,248.902,238.236,-13.391,4.881,5.019,48.303,286.539,-35,-48.35,1,3.458,-34.644
2026-09-27T19:30:36.000Z,1790537436.000,32.641742997,-117.190453541,4.733,244.697,237.033,-15.268,4.299,5.02,49.395,286.429,-36,-49.895,1,3.01,-36.483
2026-09-27T19:30:37.000Z,1790537437.000,32.641735181,-117.190475728,4.497,246.755,238.292,-16.627,4.544,5.021,48.1,286.393,-37,-51.423,1,2.98,-38.067
2026-09-27T19:30:38.000Z,1790537438.000,32.64172742,-117.190499604,4.791,250.932,241.791,-17.02,1.918,5.021,44.554,286.344,-38,-53.245,1,3.424,-39.599
2026-09-27T19:30:39.000Z,1790537439.000,32.641719897,-117.190525785,5.3,249.56,241.951,-13.912,7.058,5.022,44.289,286.24,-39,-55.042,1,3.695,-41.353
2026-09-27T19:30:40.000Z,1790537440.000,32.641711522,-117.190552421,5.241,248.092,239.918,-14.653,3.36,5.022,46.221,286.139,-40,-56.684,1,3.552,-43.319
2026-09-27T19:30:41.000Z,1790537441.000,32.641701261,-117.190580554,5.6,249.297,238.994,-14.918,3.944,5.023,47.121,286.115,-41,-58.428,1,3.876,-45.477
2026-09-27T19:30:42.000Z,1790537442.000,32.641692367,-117.190606933,4.967,248.867,238.433,-11.7,6.5,5.023,47.713,286.147,-42,-60.121,1,3.407,-47.412
2026-09-27T19:30:43.000Z,1790537443.000,32.641684451,-117.1906318,4.635,252.449,237.9,-12.878,3.453,5.024,48.323,286.223,-43,-61.741,1,3.38,-49.189
2026-09-27T19:30:44.000Z,1790537444.000,32.641676145,-117.190654851,4.7,246.668,236.379,-13.228,3.743,5.024,50.04,286.419,-44,-63.119,1,3.083,-50.979
2026-09-27T19:30:45.000Z,1790537445.000,32.641667204,-117.190678746,5.026,246.123,236.789,-14.697,2.637,5.025,49.864,286.653,-45,-64.672,1,3.257,-52.78
2026-09-27T19:30:46.000Z,1790537446.000,32.64165855,-117.190702967,4.997,247.922,235.769,-9.707,5.597,5.026,51.092,286.862,-46,-66.164,1,3.352,-54.627
2026-09-27T19:30:47.000Z,1790537447.000,32.641647651,-117.19072768,4.924,245.574,235.862,-12.2,2.386,5.026,51.285,287.147,-47,-67.662,1,3.146,-56.673
2026-09-27T19:30:48.000Z,1790537448.000,32.641637156,-117.190753128,5.233,247.277,238.269,-12.798,5.205,5.027,49.088,287.357,-48,-69.404,1,3.457,-58.602
2026-09-27T19:30:49.000Z,1790537449.000,32.641627478,-117.190781029,5.336,249.265,237.27,-15.57,3.494,5.027,50.214,287.484,-49,-71.152,1,3.657,-60.694
2026-09-27T19:30:50.000Z,1790537450.000,32.6416175,-117.190808009,5.309,246.354,234.836,-16.7,2.045,5.028,52.893,287.729,-50,-72.705,1,3.433,-62.841
2026-09-27T19:30:51.000Z,1790537451.000,32.641608356,-117.190832246,4.8,247.514,237.103,-16.208,5.56,5.028,50.776,287.88,-51,-74.408,1,3.174,-64.597
2026-09-27T19:30:52.000Z,1790537452.000,32.641600373,-117.190855865,4.738,249.436,238.888,-17.088,4.365,5.029,49.104,287.993,-52,-76.082,1,3.247,-66.227
2026-09-27T19:30:53.000Z,1790537453.000,32.641592465,-117.19088088,4.755,250.653,239.607,-15.814,4.166,5.029,48.486,288.093,-53,-77.802,1,3.328,-67.951
2026-09-27T19:30:54.000Z,1790537454.000,32.641585022,-117.190906036,4.9,250.683,240.559,-12.894,2.763,5.03,47.652,288.211,-54,-79.572,1,3.428,-69.621
2026-09-27T19:30:55.000Z,1790537455.000,32.641577239,-117.190931515,5.2,248.315,241.136,-15.334,1.736,5.031,47.203,288.339,-55,-81.325,1,3.477,-71.355
2026-09-27T19:30:56.000Z,1790537456.000,32.641568669,-117.190957634,5.03,248.542,238.935,-13.559,6.852,5.031,49.569,288.504,-56,-82.902,1,3.373,-73.327
2026-09-27T19:30:57.000Z,1790537457.000,32.641558816,-117.190984101,5.372,244.151,238.313,-17.521,2.366,5.032,50.328,288.641,-57,-84.549,1,3.282,-75.365
2026-09-27T19:30:58.000Z,1790537458.000,32.641550539,-117.191010169,5.1,250.571,240.825,-15.462,6.413,5.032,47.986,288.811,-58,-86.46,1,3.544,-77.082
2026-09-27T19:30:59.000Z,1790537459.000,32.641542179,-117.191037025,5.32,251.003,241.46,-18.979,2.262,5.033,47.455,288.915,-59,-88.302,1,3.722,-78.924
2026-09-27T19:31:00.000Z,1790537460.000,32.641534713,-117.191063817,5.163,250.879,242.186,-12.773,4.503,5.033,46.73,288.916,-60,-90.19,1,3.6,-80.668
2026-09-27T19:31:01.000Z,1790537461.000,32.641527674,-117.191088243,4.634,251.322,240.931,-10.642,6.389,5.034,47.906,288.837,-61,-91.771,1,3.253,-82.376
2026-09-27T19:31:02.000Z,1790537462.000,32.641520793,-117.191112256,4.861,247.658,239.379,-11.986,1.688,5.034,49.216,288.595,-62,-93.304,1,3.181,-84.065
2026-09-27T19:31:03.000Z,1790537463.000,32.64151341,-117.191135614,4.773,248.787,240.727,-13.256,5.865,5.035,47.552,288.28,-63,-94.955,1,3.19,-85.641
2026-09-27T19:31:04.000Z,1790537464.000,32.641505956,-117.191160368,4.7,250.042,237.065,-14.478,5.201,5.036,50.94,288.005,-64,-96.373,1,3.214,-87.512
2026-09-27T19:31:05.000Z,1790537465.000,32.64149736,-117.19118504,5,246.86,237.42,-19,2.08,5.036,50.298,287.718,-65,-98.004,1,3.207,-89.31
2026-09-27T19:31:06.000Z,1790537466.000,32.641488878,-117.191210531,4.904,250.1,240.332,-17.6,4.653,5.037,47.072,287.404,-66,-99.885,1,3.349,-91.009
2026-09-27T19:31:07.000Z,1790537467.000,32.641480637,-117.191236124,5.299,245.003,239.434,-17.398,2.702,5.037,47.463,286.897,-67,-101.524,1,3.256,-92.865
2026-09-27T19:31:08.000Z,1790537468.000,32.641471449,-117.191261134,4.964,246.102,238.3,-16.252,6.508,5.038,48.136,286.436,-68,-103.048,1,3.12,-94.804
2026-09-27T19:31:09.000Z,1790537469.000,32.641461448,-117.191286,5.044,246.668,238.948,-16.72,2.62,5.038,47.218,286.166,-69,-104.643,1,3.205,-96.738
2026-09-27T19:31:10.000Z,1790537470.000,32.641452396,-117.191312222,5.327,249.248,238.847,-15.39,4.804,5.039,46.965,285.812,-70,-106.347,1,3.562,-98.662
2026-09-27T19:31:11.000Z,1790537471.000,32.641442542,-117.191339735,5.44,247.365,235.041,-14.4,4.339,5.039,50.413,285.455,-71,-107.854,1,3.497,-100.88
2026-09-27T19:31:12.000Z,1790537472.000,32.641430853,-117.191364656,4.863,240.098,234.418,-17.392,6.388,5.04,50.779,285.197,-72,-109.277,1,2.624,-103.043
2026-09-27T19:31:13.000Z,1790537473.000,32.641420291,-117.191388591,4.766,244.622,235.702,-17.564,3.078,5.041,49.061,284.762,-73,-110.813,1,2.876,-104.975
2026-09-27T19:31:14.000Z,1790537474.000,32.641410732,-117.191413317,5.23,244.795,238.17,-16.556,2.576,5.041,46.148,284.318,-74,-112.548,1,3.164,-106.78
2026-09-27T19:31:15.000Z,1790537475.000,32.641402336,-117.191439649,5.19,249.252,237.037,-12.837,7.195,5.042,47.161,284.198,-75,-114.222,1,3.447,-108.688
2026-09-27T19:31:16.000Z,1790537476.000,32.641393592,-117.191467702,5.511,249.366,236.207,-15.422,0.975,5.042,47.76,283.967,-76,-116.042,1,3.663,-110.682
2026-09-27T19:31:17.000Z,1790537477.000,32.641385104,-117.19149413,5.3,249.746,234.942,-14.038,4.346,5.043,48.878,283.82,-77,-117.708,1,3.545,-112.606
2026-09-27T19:31:18.000Z,1790537478.000,32.641375134,-117.191518425,4.531,245.069,233.355,-14.382,7.741,5.043,50.277,283.632,-78,-119.097,1,2.741,-114.609
2026-09-27T19:31:19.000Z,1790537479.000,32.641365596,-117.191542075,4.666,243.627,232.866,-13.835,0.835,5.044,50.582,283.448,-79,-120.533,1,2.724,-116.499
2026-09-27T19:31:20.000Z,1790537480.000,32.641355465,-117.191565514,5.165,243.134,236.29,-14.64,4.23,5.044,47.066,283.356,-80,-122.205,1,2.975,-118.281
2026-09-27T19:31:21.000Z,1790537481.000,32.641344496,-117.19159173,5.557,242.276,236.764,-12.478,3.201,5.045,46.573,283.337,-81,-123.851,1,3.126,-120.374
2026-09-27T19:31:22.000Z,1790537482.000,32.641333514,-117.191619404,5.636,249.222,238.2,-12.714,6.164,5.046,45.267,283.467,-82,-125.684,1,3.705,-122.481
2026-09-27T19:31:23.000Z,1790537483.000,32.641323355,-117.191647576,5.5,246.552,238.984,-15.603,5.462,5.046,44.637,283.621,-83,-127.554,1,3.413,-124.551
2026-09-27T19:31:24.000Z,1790537484.000,32.641315939,-117.191677144,5.623,252.808,245.869,-18.277,2.669,5.047,37.668,283.537,-84,-130.085,1,3.945,-126.085
2026-09-27T19:31:25.000Z,1790537485.000,32.641312665,-117.191706382,5.197,265.711,254.41,-14.674,4.005,5.047,29.129,283.539,-85,-132.853,1,4.38,-127.033
2026-09-27T19:31:26.000Z,1790537486.000,32.641315916,-117.191731394,4.47,286.554,266.702,-7.74,2.643,5.048,17.007,283.708,-86,-135.695,1,4.376,-126.827
2026-09-27T19:31:27.000Z,1790537487.000,32.641325264,-117.191751245,4.13,307.189,281.759,0.617,1.735,5.048,2.167,283.926,-87,-138.306,1,4.08,-125.489
2026-09-27T19:31:28.000Z,1790537488.000,32.641337532,-117.191768548,4.263,311.421,297.543,6.122,2.999,5.049,-13.353,284.19,-88,-140.549,1,4.15,-123.63
2026-09-27T19:31:29.000Z,1790537489.000,32.641351221,-117.191782575,3.879,324.915,308.764,10.547,6.639,5.049,-24.414,284.35,-89,-142.328,1,3.463,-121.878
2026-09-27T19:31:30.000Z,1790537490.000,32.641368074,-117.191792596,4.04,333.111,316.638,20.169,4.032,5.05,-32.063,284.575,-90,-143.862,1,3.308,-119.943
2026-09-27T19:31:31.000Z,1790537491.000,32.641385905,-117.19180239,4.435,333.3,323.823,20.875,2.429,5.051,-38.927,284.896,-91,-145.368,1,3.621,-117.983
2026-09-27T19:31:32.000Z,1790537492.000,32.641403469,-117.191814879,4.534,330.671,321.097,15.1,7.666,5.051,-35.983,285.114,-92,-147.402,1,3.816,-116.87
2026-09-27T19:31:33.000Z,1790537493.000,32.641421163,-117.191827145,4.665,325.812,317.547,15.248,6.321,5.052,-32.116,285.432,-93,-149.437,1,4.124,-115.802
2026-09-27T19:31:34.000Z,1790537494.000,32.641439954,-117.191838233,4.636,335.156,317.978,15.684,2.436,5.052,-32.31,285.668,-94,-151.312,1,3.69,-114.284
2026-09-27T19:31:35.000Z,1790537495.000,32.641459671,-117.191847941,4.778,339.434,318.772,11.161,3.559,5.053,-33.085,285.686,-95,-153.109,1,3.574,-112.594
2026-09-27T19:31:36.000Z,1790537496.000,32.64148036,-117.191857391,4.76,338.564,323.976,12.693,5.067,5.053,-38.215,285.761,-96,-154.788,1,3.604,-110.478
2026-09-27T19:31:37.000Z,1790537497.000,32.64150058,-117.191869265,4.836,332.246,322.372,13.339,5.672,5.054,-36.546,285.825,-97,-156.87,1,3.985,-108.991
2026-09-27T19:31:38.000Z,1790537498.000,32.641519932,-117.191882874,5.134,327.894,318.937,15.2,4.392,5.054,-33.075,285.862,-98,-159.105,1,4.438,-107.794
2026-09-27T19:31:39.000Z,1790537499.000,32.641538639,-117.191898974,4.97,322.27,317.2,16.455,3.185,5.055,-31.281,285.919,-99,-161.453,1,4.519,-106.637
2026-09-27T19:31:40.000Z,1790537500.000,32.641556318,-117.191917508,5.117,317.273,313.486,12.013,4.503,5.056,-27.609,285.877,-100,-163.993,1,4.819,-105.829
2026-09-27T19:31:41.000Z,1790537501.000,32.641575206,-117.191934684,4.93,324.222,311.777,10.521,6.405,5.056,-26.044,285.733,-101,-166.426,1,4.408,-104.698
2026-09-27T19:31:42.000Z,1790537502.000,32.641596352,-117.191948715,5.2,331.743,311.959,10.579,3.236,5.057,-26.393,285.566,-102,-168.675,1,4.302,-103.071
2026-09-27T19:31:43.000Z,1790537503.000,32.64161728,-117.191961661,5.168,336.107,318.161,10.442,3.871,5.057,-32.774,285.387,-103,-170.676,1,4.038,-100.97
2026-09-27T19:31:44.000Z,1790537504.000,32.641637553,-117.19197449,4.934,329.498,317.3,9.732,5.735,5.058,-31.948,285.352,-104,-172.808,1,4.182,-99.465
2026-09-27T19:31:45.000Z,1790537505.000,32.641657526,-117.191987904,4.966,329.83,317.203,11.791,4.803,5.058,-31.895,285.308,-105,-174.951,1,4.191,-97.955
2026-09-27T19:31:46.000Z,1790537506.000,32.641676963,-117.192002416,4.717,326.327,317.298,12.523,5.339,5.059,-32.153,285.145,-106,-177.153,1,4.126,-96.528
2026-09-27T19:31:47.000Z,1790537507.000,32.641697129,-117.192018224,5.347,327.096,315.694,14.663,3.543,5.059,-30.689,285.005,-107,-179.545,1,4.641,-95.203
2026-09-27T19:31:48.000Z,1790537508.000,32.641717011,-117.192035011,5.56,321.633,315.493,17.056,0.944,5.06,-30.782,284.711,-108,-181.966,1,5.065,-93.84
2026-09-27T19:31:49.000Z,1790537509.000,32.641736698,-117.192054562,5.51,321.298,315.603,14.627,3.906,5.061,-31.369,284.234,-109,-184.599,1,5.031,-92.578
2026-09-27T19:31:50.000Z,1790537510.000,32.641755526,-117.192072366,5.266,322.972,312.394,11.725,5.215,5.061,-28.74,283.654,-110,-187.12,1,4.742,-91.589
2026-09-27T19:31:51.000Z,1790537511.000,32.641776387,-117.192087445,5.294,328.585,314.324,15.859,3.911,5.062,-31.183,283.141,-111,-189.402,1,4.517,-89.898
2026-09-27T19:31:52.000Z,1790537512.000,32.641797245,-117.192104522,5.429,323.158,312.536,13.2,4.629,5.062,-29.766,282.77,-112,-191.933,1,4.877,-88.568
2026-09-27T19:31:53.000Z,1790537513.000,32.641817542,-117.192122988,5.346,322.988,308.746,9.192,5.035,5.063,-26.577,282.169,-113,-194.579,1,4.808,-87.506
2026-09-27T19:31:54.000Z,1790537514.000,32.641838181,-117.192140824,5.321,322.917,308.7,12.719,3.112,5.063,-27.368,281.332,-114,-197.122,1,4.787,-86.094
2026-09-27T19:31:55.000Z,1790537515.000,32.641858659,-117.192158076,5.331,324.282,308.613,12.655,2.341,5.064,-27.845,280.768,-115,-199.609,1,4.737,-84.679
2026-09-27T19:31:56.000Z,1790537516.000,32.641878585,-117.192173091,5.299,331.258,311.126,12.825,5.213,5.064,-30.95,280.176,-116,-201.837,1,4.376,-83.032
2026-09-27T19:31:57.000Z,1790537517.000,32.641898726,-117.192188897,5.428,323.722,311.466,11.275,4.906,5.065,-31.737,279.728,-117,-204.179,1,4.844,-81.563
2026-09-27T19:31:58.000Z,1790537518.000,32.64191828,-117.192206358,5.4,323.945,311.655,12.584,5.477,5.066,-32.018,279.636,-118,-206.63,1,4.807,-80.229
2026-09-27T19:31:59.000Z,1790537519.000,32.641937013,-117.192225919,5.437,315.035,309.979,10.921,7.001,5.066,-30.309,279.671,-119,-209.249,1,5.164,-79.202
2026-09-27T19:32:00.000Z,1790537520.000,32.64195549,-117.192245429,5.421,316.495,308.242,15.558,2.619,5.067,-28.564,279.678,-120,-211.848,1,5.103,-78.206
2026-09-27T19:32:01.000Z,1790537521.000,32.641973446,-117.192263402,5,322.583,309.413,15.239,4.73,5.067,-29.785,279.628,-121,-214.245,1,4.5,-76.976
2026-09-27T19:32:02.000Z,1790537522.000,32.641991719,-117.192280652,4.833,318.975,309.202,15.93,4.708,5.068,-29.766,279.436,-122,-216.62,1,4.472,-75.795
2026-09-27T19:32:03.000Z,1790537523.000,32.642009432,-117.192300378,5.435,314.66,308.972,16.695,2.417,5.068,-29.801,279.171,-123,-219.172,1,5.17,-74.766
2026-09-27T19:32:04.000Z,1790537524.000,32.642025751,-117.192321792,5.4,311.395,305.195,12.064,4.408,5.069,-26.301,278.894,-124,-221.841,1,5.222,-74.224
2026-09-27T19:32:05.000Z,1790537525.000,32.642043884,-117.192340622,5.363,320.136,305.788,13.951,4.024,5.069,-27.131,278.657,-125,-224.33,1,4.917,-73.054
2026-09-27T19:32:06.000Z,1790537526.000,32.642061621,-117.192359927,5,314.519,303.512,9.143,6.663,5.07,-24.912,278.6,-126,-226.868,1,4.757,-72.17
2026-09-27T19:32:07.000Z,1790537527.000,32.642079572,-117.192379114,5.4,319.722,302.248,6.913,1.687,5.071,-23.706,278.542,-127,-229.394,1,4.965,-71.18
2026-09-27T19:32:08.000Z,1790537528.000,32.642099805,-117.192395162,5.303,326.679,309.373,9.781,4.546,5.071,-30.949,278.424,-128,-231.684,1,4.584,-69.172
2026-09-27T19:32:09.000Z,1790537529.000,32.642119585,-117.192410538,5.106,327.334,309.386,9.146,6.446,5.072,-30.925,278.462,-129,-233.977,1,4.382,-67.749
2026-09-27T19:32:10.000Z,1790537530.000,32.642139521,-117.192425769,5.1,324.99,310.489,11.754,3.311,5.072,-31.773,278.716,-130,-236.248,1,4.478,-66.219
2026-09-27T19:32:11.000Z,1790537531.000,32.642159067,-117.192441718,5.328,326.236,313.348,14.227,5.736,5.073,-34.444,278.904,-131,-238.52,1,4.619,-64.622
2026-09-27T19:32:12.000Z,1790537532.000,32.642177614,-117.192460599,5.177,318.315,308.723,12.185,5.584,5.073,-29.706,279.017,-132,-241.129,1,4.8,-63.817
2026-09-27T19:32:13.000Z,1790537533.000,32.64219587,-117.19247931,5.04,320.379,307.541,13.94,5.019,5.074,-28.125,279.416,-133,-243.639,1,4.6,-62.77
2026-09-27T19:32:14.000Z,1790537534.000,32.642213703,-117.192497438,5,316.751,307.629,13.423,4.232,5.074,-27.381,280.248,-134,-246.06,1,4.683,-61.643
2026-09-27T19:32:15.000Z,1790537535.000,32.642230969,-117.192514574,4.634,321.238,306.063,9.781,6.887,5.075,-25.226,280.837,-135,-248.391,1,4.199,-60.667
2026-09-27T19:32:16.000Z,1790537536.000,32.64224987,-117.192528885,4.73,326.955,308.495,13.73,1.025,5.076,-27.121,281.374,-136,-250.518,1,4.063,-59.101
2026-09-27T19:32:17.000Z,1790537537.000,32.642267761,-117.192546425,5.172,317.651,312,12.53,4.87,5.076,-30.335,281.665,-137,-252.832,1,4.811,-57.68
2026-09-27T19:32:18.000Z,1790537538.000,32.642285554,-117.192567072,5.3,312.442,309.157,11.931,6.457,5.077,-27.423,281.734,-138,-255.514,1,5.086,-56.882
2026-09-27T19:32:19.000Z,1790537539.000,32.642303537,-117.19258794,5.36,315.43,307.9,14,5.144,5.077,-26.096,281.804,-139,-258.19,1,5.057,-55.95
2026-09-27T19:32:20.000Z,1790537540.000,32.642322664,-117.19260937,5.495,315.385,305.426,16.121,3.964,5.078,-23.535,281.891,-140,-260.985,1,5.184,-55.021
2026-09-27T19:32:21.000Z,1790537541.000,32.642341826,-117.192628827,5.566,319.825,304.871,12.404,3.069,5.078,-22.98,281.891,-141,-263.591,1,5.091,-53.862
2026-09-27T19:32:22.000Z,1790537542.000,32.64236278,-117.192645933,5.535,326.446,306.605,14.505,5.36,5.079,-24.662,281.943,-142,-266.07,1,4.769,-52.248
2026-09-27T19:32:23.000Z,1790537543.000,32.642384109,-117.192662464,5.3,327.248,306.009,9.271,5.645,5.079,-23.909,282.1,-143,-268.547,1,4.525,-50.76
2026-09-27T19:32:24.000Z,1790537544.000,32.642405972,-117.192677534,5.616,331.397,309.4,9.643,2.957,5.08,-27.105,282.295,-144,-270.874,1,4.567,-48.847
2026-09-27T19:32:25.000Z,1790537545.000,32.642428658,-117.192691116,5.7,332.221,315.82,14.752,5.429,5.081,-33.346,282.473,-145,-273.033,1,4.583,-46.568
2026-09-27T19:32:26.000Z,1790537546.000,32.642450999,-117.192708026,5.4,324.105,315.132,14.234,6.629,5.081,-32.628,282.503,-146,-275.604,1,4.749,-44.996
2026-09-27T19:32:27.000Z,1790537547.000,32.642471433,-117.1927262,5.5,322.967,312,15.533,3.167,5.082,-29.454,282.546,-147,-278.234,1,4.886,-43.853
2026-09-27T19:32:28.000Z,1790537548.000,32.642491341,-117.19274272,5.27,326.103,314.826,17.33,5.195,5.082,-32.158,282.668,-148,-280.567,1,4.54,-42.245
2026-09-27T19:32:29.000Z,1790537549.000,32.64251018,-117.192759051,5.136,321.042,314.635,17.621,3.201,5.083,-31.926,282.709,-149,-282.896,1,4.635,-40.97
2026-09-27T19:32:30.000Z,1790537550.000,32.642528789,-117.192776963,5.237,321.2,312.483,17.211,2.846,5.083,-29.629,282.854,-150,-285.388,1,4.719,-39.927
2026-09-27T19:32:31.000Z,1790537551.000,32.642547951,-117.192796072,5.521,319.809,311.481,15.54,5.379,5.084,-28.52,282.961,-151,-287.981,1,5.03,-38.788
2026-09-27T19:32:32.000Z,1790537552.000,32.642568409,-117.192816641,5.632,318.542,309.023,13.72,3.677,5.084,-26.081,282.942,-152,-290.784,1,5.18,-37.686
2026-09-27T19:32:33.000Z,1790537553.000,32.642589207,-117.192836674,5.733,321.833,310.033,13.267,3.297,5.085,-27.241,282.792,-153,-293.5,1,5.132,-36.259
2026-09-27T19:32:34.000Z,1790537554.000,32.64261053,-117.192855404,5.734,325.315,311.243,13.358,7.095,5.086,-28.768,282.475,-154,-296.129,1,4.966,-34.714
2026-09-27T19:32:35.000Z,1790537555.000,32.642632636,-117.192874045,5.605,324.394,309.879,14.179,3.082,5.086,-27.749,282.13,-155,-298.839,1,4.896,-33.286
2026-09-27T19:32:36.000Z,1790537556.000,32.642653951,-117.192891818,5.8,326.307,309.62,10.266,3.386,5.087,-27.836,281.784,-156,-301.416,1,4.967,-31.819
2026-09-27T19:32:37.000Z,1790537557.000,32.642676076,-117.192907567,5.676,330.6,315.456,12.6,5.576,5.087,-33.846,281.61,-157,-303.738,1,4.623,-29.725
2026-09-27T19:32:38.000Z,1790537558.000,32.642697115,-117.192925696,5.6,320.437,313.822,11.825,4.109,5.088,-32.455,281.367,-158,-306.365,1,5.061,-28.403
2026-09-27T19:32:39.000Z,1790537559.000,32.642718456,-117.192945552,5.902,324.194,309.633,11.605,3.933,5.088,-28.631,281.002,-159,-309.194,1,5.155,-27.317
2026-09-27T19:32:40.000Z,1790537560.000,32.64274043,-117.19296184,5.603,328.813,312.416,13.621,5.334,5.089,-31.732,280.684,-160,-311.624,1,4.654,-25.491
2026-09-27T19:32:41.000Z,1790537561.000,32.642761941,-117.19297812,5.144,327.121,312.63,14.009,4.699,5.089,-32.092,280.539,-161,-314.078,1,4.353,-23.91
2026-09-27T19:32:42.000Z,1790537562.000,32.642782225,-117.192996289,5.5,320.594,315.598,14.709,2.734,5.09,-35.15,280.448,-162,-316.561,1,4.955,-22.317
2026-09-27T19:32:43.000Z,1790537563.000,32.64280116,-117.193015947,5.576,317.726,314.252,13.114,4.927,5.091,-33.951,280.301,-163,-319.2,1,5.137,-21.246
2026-09-27T19:32:44.000Z,1790537564.000,32.642820793,-117.193036133,5.6,320.639,311.039,13.958,4.658,5.091,-30.878,280.161,-164,-321.953,1,5.04,-20.269
2026-09-27T19:32:45.000Z,1790537565.000,32.642841791,-117.193055991,5.732,320.328,309.647,13.615,2.668,5.092,-29.56,280.087,-165,-324.707,1,5.17,-19.003
2026-09-27T19:32:46.000Z,1790537566.000,32.642863769,-117.193074941,5.966,325.8,309.166,13.53,3.64,5.092,-29.197,279.969,-166,-327.419,1,5.108,-17.531
2026-09-27T19:32:47.000Z,1790537567.000,32.642885355,-117.193092229,5.766,326.485,313.891,13.491,5.493,5.093,-34.164,279.726,-167,-329.872,1,4.897,-15.633
2026-09-27T19:32:48.000Z,1790537568.000,32.642907252,-117.193110287,5.694,322.077,310.418,12.265,3.77,5.093,-30.801,279.617,-168,-332.568,1,5.051,-14.365
2026-09-27T19:32:49.000Z,1790537569.000,32.642929631,-117.193127348,5.673,328.943,309.444,11.981,3.517,5.094,-29.88,279.564,-169,-335.152,1,4.679,-12.819
2026-09-27T19:32:50.000Z,1790537570.000,32.642952058,-117.193141572,5.641,331.896,312,14.995,2.837,5.094,-32.723,279.277,-170,-337.44,1,4.478,-10.886
2026-09-27T19:32:51.000Z,1790537571.000,32.642973735,-117.193158032,5.435,321.946,314.373,14.53,5.176,5.095,-35.277,279.096,-171,-339.869,1,4.818,-9.13
2026-09-27T19:32:52.000Z,1790537572.000,32.642993574,-117.193177907,5.867,315.765,311.565,11.533,3.4,5.096,-32.442,279.123,-172,-342.6,1,5.462,-8.089
2026-09-27T19:32:53.000Z,1790537573.000,32.643013864,-117.193197801,5.697,323.688,313.971,16.061,3.539,5.096,-34.828,279.143,-173,-345.244,1,4.964,-6.602
2026-09-27T19:32:54.000Z,1790537574.000,32.64303426,-117.193218852,5.964,319.3,312.42,17.02,5.328,5.097,-33.201,279.219,-174,-348.075,1,5.403,-5.453
2026-09-27T19:32:55.000Z,1790537575.000,32.643054149,-117.193240049,5.564,317.281,308.045,16.054,4.975,5.097,-28.579,279.466,-175,-350.936,1,5.119,-4.582
2026-09-27T19:32:56.000Z,1790537576.000,32.643073489,-117.193258429,5.299,321.624,311.842,18.879,1.607,5.098,-32.032,279.81,-176,-353.39,1,4.701,-3.023
2026-09-27T19:32:57.000Z,1790537577.000,32.643092748,-117.193279352,5.664,317.247,310.911,14.701,5.084,5.098,-30.834,280.077,-177,-356.136,1,5.209,-1.937
2026-09-27T19:32:58.000Z,1790537578.000,32.643113716,-117.193298813,5.634,324.644,310.24,13.436,8.196,5.099,-30.109,280.132,-178,-358.842,1,4.85,-0.602
2026-09-27T19:32:59.000Z,1790537579.000,32.643136892,-117.193316061,5.8,326.769,310.133,15.736,3.196,5.099,-29.993,280.14,-179,-361.468,1,4.877,1.086
2026-09-27T19:33:00.000Z,1790537580.000,32.643159432,-117.193333945,6.105,324.991,311.827,13.162,3.042,5.1,-31.504,280.323,-180,-364.08,1,5.229,2.824
2026-09-27T19:33:01.000Z,1790537581.000,32.643181787,-117.193351824,6.1,327.936,309.937,10.527,2.227,5.101,-29.422,280.516,-181,-366.75,1,5.053,4.265
2026-09-27T19:33:02.000Z,1790537582.000,32.643205941,-117.193366986,6.076,332.273,318.262,16.6,4.428,5.101,-37.441,280.821,-182,-369.059,1,4.755,6.774
2026-09-27T19:33:03.000Z,1790537583.000,32.643227572,-117.193385291,5.86,321.323,312.744,10.897,7.288,5.102,-31.413,281.331,-183,-371.829,1,5.194,7.856
2026-09-27T19:33:04.000Z,1790537584.000,32.643248691,-117.193404383,5.596,324.917,312.074,8.915,2.009,5.102,-30.326,281.748,-184,-374.514,1,4.784,9.221
2026-09-27T19:33:05.000Z,1790537585.000,32.643269777,-117.193419418,5.332,332.563,320.289,17.517,4.78,5.103,-38.266,282.023,-185,-376.634,1,4.146,11.406
2026-09-27T19:33:06.000Z,1790537586.000,32.643290771,-117.19343545,5.335,325.595,317.912,15.135,6.877,5.103,-35.774,282.138,-186,-379.116,1,4.521,12.752
2026-09-27T19:33:07.000Z,1790537587.000,32.643312038,-117.193453484,5.609,323.427,316.937,17.264,4.628,5.104,-34.585,282.352,-187,-381.734,1,4.86,14.151
2026-09-27T19:33:08.000Z,1790537588.000,32.643332259,-117.193475612,5.924,312.451,313.241,13.729,4.806,5.104,-30.737,282.504,-188,-384.7,1,5.601,15.08
2026-09-27T19:33:09.000Z,1790537589.000,32.6433537,-117.19349584,6.14,322.22,309.7,17.74,1.3,5.105,-27.16,282.54,-189,-387.552,1,5.38,16.213
2026-09-27T19:33:10.000Z,1790537590.000,32.643376486,-117.193511964,5.974,332.845,313.651,14.887,6.291,5.106,-30.916,282.735,-190,-389.985,1,4.608,18.217
2026-09-27T19:33:11.000Z,1790537591.000,32.643400292,-117.193527994,5.8,329.196,313.731,11.537,6.46,5.106,-30.814,282.917,-191,-392.539,1,4.695,20.03
2026-09-27T19:33:12.000Z,1790537592.000,32.643423289,-117.193543819,5.675,331.674,312.245,7.22,5.04,5.107,-29.232,283.012,-192,-395.068,1,4.442,21.648
2026-09-27T19:33:13.000Z,1790537593.000,32.643446632,-117.193557342,5.671,333.084,315.764,10.942,3.039,5.107,-32.56,283.205,-193,-397.311,1,4.345,23.771
2026-09-27T19:33:14.000Z,1790537594.000,32.643469842,-117.193570811,5.627,333.834,321.794,14.531,4.856,5.108,-38.512,283.282,-194,-399.445,1,4.258,26.058
2026-09-27T19:33:15.000Z,1790537595.000,32.643492323,-117.193587466,5.86,322.806,319.586,14.6,3.523,5.108,-36.491,283.096,-195,-402.055,1,5.082,27.546
2026-09-27T19:33:16.000Z,1790537596.000,32.643514173,-117.193605753,5.663,324.348,318.222,14.51,4.11,5.109,-35.321,282.901,-196,-404.738,1,4.831,28.967
2026-09-27T19:33:17.000Z,1790537597.000,32.643536287,-117.193622205,5.7,327.975,317.996,19.161,2.982,5.109,-35.137,282.859,-197,-407.247,1,4.66,30.569
2026-09-27T19:33:18.000Z,1790537598.000,32.643557056,-117.193638369,5.1,327.381,317.603,17.628,4.206,5.11,-34.568,283.035,-198,-409.669,1,4.197,32.032
2026-09-27T19:33:19.000Z,1790537599.000,32.643578073,-117.193654135,5.271,328.09,317.58,15.987,4.229,5.111,-34.405,283.176,-199,-412.059,1,4.297,33.564
2026-09-27T19:33:20.000Z,1790537600.000,32.643599846,-117.193670124,5.753,326.563,318.679,14.626,5.853,5.111,-35.7,282.979,-200,-414.475,1,4.773,35.247
2026-09-27T19:33:21.000Z,1790537601.000,32.643622678,-117.193687704,6,324.892,315.075,15.39,2.594,5.112,-32.362,282.713,-201,-417.205,1,5.07,36.625
2026-09-27T19:33:22.000Z,1790537602.000,32.643646611,-117.193706045,6.131,329.906,315.169,15.721,4.972,5.112,-32.764,282.405,-202,-419.957,1,4.87,38.363
2026-09-27T19:33:23.000Z,1790537603.000,32.643670647,-117.193725179,6.332,323.043,312.752,16.787,3.316,5.113,-30.694,282.058,-203,-422.837,1,5.45,39.89
2026-09-27T19:33:24.000Z,1790537604.000,32.643694067,-117.193744475,6.164,329.17,313.172,16.534,3.046,5.113,-31.358,281.814,-204,-425.635,1,4.935,41.565
2026-09-27T19:33:25.000Z,1790537605.000,32.643716705,-117.193762617,5.965,325.427,315.837,16.076,6.013,5.114,-34.151,281.686,-205,-428.242,1,4.995,43.374
2026-09-27T19:33:26.000Z,1790537606.000,32.643739336,-117.193779842,5.7,327.074,312.419,13.791,5.455,5.114,-30.767,281.652,-206,-430.916,1,4.678,44.756
2026-09-27T19:33:27.000Z,1790537607.000,32.643762361,-117.193794728,5.735,334.55,312.182,14.872,3.874,5.115,-30.513,281.668,-207,-433.341,1,4.235,46.508
2026-09-27T19:33:28.000Z,1790537608.000,32.643785404,-117.193808043,5.54,332.717,318.282,17.42,3.681,5.116,-36.703,281.579,-208,-435.481,1,4.203,48.801
2026-09-27T19:33:29.000Z,1790537609.000,32.64380672,-117.19382682,5.975,319.7,316.7,14.336,5.275,5.116,-35,281.7,-209,-438.181,1,5.291,50.132
2026-09-27T19:33:30.000Z,1790537610.000,32.643828003,-117.193848005,6.034,320.488,309.836,13.366,4.72,5.117,-28.071,281.765,-210,-441.185,1,5.302,50.96
2026-09-27T19:33:31.000Z,1790537611.000,32.643850444,-117.193867686,5.971,321.871,311.571,17.67,3.606,5.117,-29.764,281.806,-211,-443.941,1,5.172,52.624
2026-09-27T19:33:32.000Z,1790537612.000,32.64387217,-117.193886745,5.663,322.372,312.015,17.248,6.531,5.118,-30.113,281.902,-212,-446.631,1,4.877,54.137
2026-09-27T19:33:33.000Z,1790537613.000,32.643892782,-117.193906521,5.625,323.182,308.026,11.851,4.484,5.118,-25.896,282.13,-213,-449.403,1,4.801,55.165
2026-09-27T19:33:34.000Z,1790537614.000,32.643914967,-117.193922815,5.641,327.259,312.33,14.337,4.404,5.119,-30.022,282.308,-214,-451.821,1,4.589,57.132
2026-09-27T19:33:35.000Z,1790537615.000,32.643937496,-117.193940619,5.868,325.796,313.132,11.774,5.498,5.119,-30.676,282.456,-215,-454.441,1,4.855,58.803
2026-09-27T19:33:36.000Z,1790537616.000,32.643959164,-117.193959858,5.933,322.962,309.363,8.794,3.484,5.12,-26.76,282.603,-216,-457.225,1,5.064,59.978
2026-09-27T19:33:37.000Z,1790537617.000,32.643981828,-117.193976372,5.734,327.453,317.397,14.261,3.137,5.121,-34.858,282.539,-217,-459.584,1,4.64,62.264
2026-09-27T19:33:38.000Z,1790537618.000,32.644003852,-117.193994599,6.13,322.954,315.6,11.954,3.87,5.121,-33.323,282.277,-218,-462.278,1,5.224,63.671
2026-09-27T19:33:39.000Z,1790537619.000,32.644026393,-117.194011383,5.691,332.928,316.739,10.064,10.611,5.122,-34.541,282.198,-219,-464.798,1,4.256,65.404
2026-09-27T19:33:40.000Z,1790537620.000,32.644049911,-117.194027333,5.538,326.262,315.707,10.221,3.496,5.122,-33.368,282.339,-220,-467.362,1,4.537,67.108
2026-09-27T19:33:41.000Z,1790537621.000,32.644073921,-117.194042945,6.069,331.955,318.517,13.455,-0.216,5.123,-35.981,282.535,-221,-469.815,1,4.596,69.16
2026-09-27T19:33:42.000Z,1790537622.000,32.644097028,-117.194057402,5.832,335.975,318.53,12.511,2.51,5.123,-35.705,282.825,-222,-472.204,1,4.132,70.956
2026-09-27T19:33:43.000Z,1790537623.000,32.644119976,-117.194069771,5.365,333.498,321.635,12.416,5.415,5.124,-38.552,283.083,-223,-474.316,1,3.956,73.042
2026-09-27T19:33:44.000Z,1790537624.000,32.644142845,-117.194083238,5.689,330.828,321.734,13.676,3.128,5.124,-38.55,283.184,-224,-476.607,1,4.364,74.857
2026-09-27T19:33:45.000Z,1790537625.000,32.644166645,-117.19409939,6.064,331.021,316.4,13.428,5.385,5.125,-33.116,283.284,-225,-479.331,1,4.634,76.267
2026-09-27T19:33:46.000Z,1790537626.000,32.644191059,-117.194114858,6.138,329.774,321.43,22,1.105,5.126,-37.983,283.447,-226,-481.722,1,4.769,78.526
2026-09-27T19:33:47.000Z,1790537627.000,32.644213279,-117.194134541,6.038,322.614,314.976,14.362,8.257,5.126,-31.58,283.397,-227,-484.683,1,5.126,79.555
2026-09-27T19:33:48.000Z,1790537628.000,32.644236075,-117.19415397,5.926,322.09,313.916,17.116,2.569,5.127,-30.424,283.492,-228,-487.494,1,5.056,81.048
2026-09-27T19:33:49.000Z,1790537629.000,32.644257615,-117.194172578,5.8,325.178,310.595,13.901,2.103,5.127,-27.186,283.408,-229,-490.215,1,4.774,82.27
2026-09-27T19:33:50.000Z,1790537630.000,32.644280259,-117.194188006,5.795,329.905,315.966,15.795,3.384,5.128,-32.648,283.318,-230,-492.543,1,4.477,84.393
2026-09-27T19:33:51.000Z,1790537631.000,32.644302703,-117.194204064,5.694,327.935,314.471,11.571,8.448,5.128,-31.238,283.233,-231,-495.066,1,4.516,85.946
2026-09-27T19:33:52.000Z,1790537632.000,32.644325168,-117.194222367,5.873,327.908,312.282,9.3,4.528,5.129,-29.239,283.043,-232,-497.79,1,4.655,87.362
2026-09-27T19:33:53.000Z,1790537633.000,32.644347104,-117.194239968,5.74,327.306,312.675,10.438,7.243,5.129,-29.97,282.705,-233,-500.372,1,4.583,88.949
2026-09-27T19:33:54.000Z,1790537634.000,32.644369382,-117.194258766,5.961,322.323,312.852,12.906,2.718,5.13,-30.403,282.449,-234,-503.074,1,5.049,90.508
2026-09-27T19:33:55.000Z,1790537635.000,32.644391203,-117.194276321,5.859,326.243,313.481,17.063,2.178,5.131,-31.184,282.297,-235,-505.64,1,4.733,92.103
2026-09-27T19:33:56.000Z,1790537636.000,32.64441253,-117.194293006,5.497,326.945,315.755,15.747,2.633,5.131,-33.515,282.24,-236,-508.068,1,4.397,93.805
2026-09-27T19:33:57.000Z,1790537637.000,32.644433376,-117.194309415,5.195,322.75,315.579,13.358,4.852,5.132,-33.3,282.279,-237,-510.508,1,4.369,95.283
2026-09-27T19:33:58.000Z,1790537638.000,32.644454824,-117.194325982,5.736,326.54,313.995,13.707,0.585,5.132,-31.612,282.384,-238,-513.023,1,4.603,96.709
2026-09-27T19:33:59.000Z,1790537639.000,32.644476381,-117.194343864,5.606,324.265,312.883,11.624,6.911,5.133,-30.437,282.445,-239,-515.642,1,4.624,98.131
2026-09-27T19:34:00.000Z,1790537640.000,32.644498592,-117.194362493,5.86,325.93,309.763,11.543,2.938,5.133,-27.41,282.353,-240,-518.391,1,4.732,99.435
2026-09-27T19:34:01.000Z,1790537641.000,32.644521276,-117.194379016,5.878,330.386,313.405,14.31,4.04,5.134,-31.262,282.143,-241,-520.859,1,4.456,101.39
2026-09-27T19:34:02.000Z,1790537642.000,32.644543733,-117.1943951,6.033,327.167,316.333,15.533,2.867,5.134,-34.484,281.849,-242,-523.278,1,4.782,103.279
2026-09-27T19:34:03.000Z,1790537643.000,32.644564706,-117.194415438,6.032,316.714,311.936,13.23,5.196,5.135,-30.433,281.503,-243,-526.147,1,5.367,104.299
2026-09-27T19:34:04.000Z,1790537644.000,32.64458684,-117.194434999,5.906,326.418,311.223,16.035,3.688,5.136,-30.041,281.183,-244,-528.924,1,4.72,105.745
2026-09-27T19:34:05.000Z,1790537645.000,32.644609022,-117.194452748,5.588,323.337,312.388,16.476,5.074,5.136,-31.524,280.864,-245,-531.515,1,4.636,107.411
2026-09-27T19:34:06.000Z,1790537646.000,32.64463024,-117.194472354,5.628,323.15,308.995,14.976,1.748,5.137,-28.219,280.776,-246,-534.296,1,4.676,108.554
2026-09-27T19:34:07.000Z,1790537647.000,32.644651113,-117.194491797,5.561,321.361,310.094,11.7,6.755,5.137,-29.23,280.863,-247,-536.965,1,4.711,110.019
2026-09-27T19:34:08.000Z,1790537648.000,32.644671902,-117.194510735,5.535,320.749,308.195,10.452,2.781,5.138,-27.348,280.846,-248,-539.638,1,4.717,111.259
2026-09-27T19:34:09.000Z,1790537649.000,32.644692511,-117.194527782,5.7,326.081,314.265,13.995,2.842,5.138,-33.362,280.903,-249,-541.997,1,4.554,113.172
2026-09-27T19:34:10.000Z,1790537650.000,32.644713044,-117.194546948,5.565,322.651,312.923,12.5,5.98,5.139,-32.04,280.883,-250,-544.674,1,4.635,114.424
2026-09-27T19:34:11.000Z,1790537651.000,32.644733659,-117.194566159,5.648,320.335,312.228,12.896,2.959,5.139,-31.517,280.711,-251,-547.344,1,4.823,115.731
2026-09-27T19:34:12.000Z,1790537652.000,32.644754482,-117.194584998,5.828,322.545,312.328,14.505,3.803,5.14,-31.826,280.502,-252,-549.977,1,4.852,117.135
2026-09-27T19:34:13.000Z,1790537653.000,32.644775588,-117.194604547,5.92,322.398,310.222,11.858,6.482,5.141,-29.861,280.361,-253,-552.726,1,4.934,118.37
2026-09-27T19:34:14.000Z,1790537654.000,32.64479767,-117.194624235,5.665,322.268,309.948,12.438,5.313,5.141,-29.702,280.246,-254,-555.501,1,4.724,119.84
2026-09-27T19:34:15.000Z,1790537655.000,32.644818307,-117.194643839,5.533,323.334,307.235,9.735,5.002,5.142,-27.165,280.07,-255,-558.232,1,4.553,120.975
2026-09-27T19:34:16.000Z,1790537656.000,32.644839267,-117.194662235,5.503,322.068,307.913,12.249,2.321,5.142,-27.971,279.941,-256,-560.828,1,4.592,122.456
2026-09-27T19:34:17.000Z,1790537657.000,32.644859546,-117.194680463,5.6,324.039,311.553,11.547,3.229,5.143,-31.681,279.872,-257,-563.322,1,4.56,124.104
2026-09-27T19:34:18.000Z,1790537658.000,32.644878815,-117.194698661,5,321.972,309.354,8.555,6.708,5.143,-29.558,279.796,-258,-565.864,1,4.17,125.196
2026-09-27T19:34:19.000Z,1790537659.000,32.64489942,-117.19471594,5.5,324,310.78,12.76,1.8,5.144,-30.94,279.84,-259,-568.333,1,4.473,126.741
2026-09-27T19:34:20.000Z,1790537660.000,32.644919509,-117.194734946,5.563,319.439,313.388,13.651,4.686,5.144,-33.504,279.885,-260,-570.891,1,4.763,128.257
2026-09-27T19:34:21.000Z,1790537661.000,32.644939507,-117.194754974,5.867,318.196,309.665,15.101,2.534,5.145,-29.713,279.951,-261,-573.655,1,5.085,129.236
2026-09-27T19:34:22.000Z,1790537662.000,32.644959211,-117.194775377,5.8,319.345,310.182,15.378,4.255,5.146,-30.211,279.971,-262,-576.353,1,4.965,130.5
2026-09-27T19:34:23.000Z,1790537663.000,32.644979615,-117.194794657,5.7,320.713,308.306,14.123,2.789,5.146,-28.252,280.054,-263,-579.034,1,4.804,131.69
2026-09-27T19:34:24.000Z,1790537664.000,32.645000218,-117.194812527,5.592,322.426,311.466,13.772,5.528,5.147,-31.369,280.097,-264,-581.523,1,4.616,133.347
2026-09-27T19:34:25.000Z,1790537665.000,32.645020506,-117.19483048,5.365,323.953,309.853,10.27,2.895,5.147,-29.642,280.211,-265,-584.086,1,4.343,134.597
2026-09-27T19:34:26.000Z,1790537666.000,32.645041624,-117.194846783,5.7,328.083,313.76,12.881,2.997,5.148,-33.531,280.229,-266,-586.448,1,4.355,136.422
2026-09-27T19:34:27.000Z,1790537667.000,32.645063582,-117.194864733,5.5,324.237,308.757,7.102,5.5,5.148,-28.582,280.175,-267,-589.164,1,4.427,137.58
2026-09-27T19:34:28.000Z,1790537668.000,32.645085869,-117.194880111,5.666,331.376,315.332,9.898,2.521,5.149,-35.293,280.039,-268,-591.454,1,4.1,139.764
2026-09-27T19:34:29.000Z,1790537669.000,32.645106933,-117.194896774,5.103,326.594,313.256,3.034,8.709,5.149,-33.423,279.833,-269,-593.969,1,3.969,141.109
2026-09-27T19:34:30.000Z,1790537670.000,32.645128988,-117.19491172,5.3,328.652,316.148,12.068,2.572,5.15,-36.33,279.818,-270,-596.275,1,3.995,142.999
2026-09-27T19:34:31.000Z,1790537671.000,32.645150319,-117.19492814,5.59,325.423,319.247,15.643,3.521,5.151,-39.286,279.961,-271,-598.649,1,4.408,144.769
2026-09-27T19:34:32.000Z,1790537672.000,32.645171333,-117.194947036,5.703,321.956,314.225,13.4,3.881,5.151,-34.199,280.026,-272,-601.432,1,4.698,145.807
2026-09-27T19:34:33.000Z,1790537673.000,32.645192353,-117.194965371,5.431,326.599,314.139,11.331,6.981,5.152,-34.17,279.969,-273,-604.037,1,4.205,147.235
2026-09-27T19:34:34.000Z,1790537674.000,32.645212794,-117.194982623,5.267,325.397,312.708,11.465,3.508,5.152,-32.777,279.931,-274,-606.553,1,4.143,148.544
2026-09-27T19:34:35.000Z,1790537675.000,32.645232288,-117.195000026,5.4,322.88,312.069,9.465,3.989,5.153,-32.239,279.83,-275,-609.014,1,4.386,149.811
2026-09-27T19:34:36.000Z,1790537676.000,32.64525253,-117.195016645,5.364,324.541,312.566,11.872,3.092,5.153,-33.015,279.552,-276,-611.424,1,4.26,151.271
2026-09-27T19:34:37.000Z,1790537677.000,32.645273267,-117.195032696,5.364,326.804,315.272,14.053,4.622,5.154,-35.919,279.353,-277,-613.761,1,4.122,152.971
2026-09-27T19:34:38.000Z,1790537678.000,32.645293512,-117.19505115,5.562,320.096,309.643,10.458,5.028,5.154,-30.256,279.387,-278,-616.452,1,4.658,153.89
2026-09-27T19:34:39.000Z,1790537679.000,32.645314328,-117.195069587,6.059,324.718,311.499,15.102,1.797,5.155,-32.054,279.445,-279,-619.02,1,4.786,155.446
2026-09-27T19:34:40.000Z,1790537680.000,32.64533378,-117.195089548,5.536,319.037,309.1,10.328,6.572,5.156,-29.564,279.536,-280,-621.72,1,4.684,156.473
2026-09-27T19:34:41.000Z,1790537681.000,32.645354226,-117.195107627,5.6,324.929,310.464,14.497,3.935,5.156,-30.824,279.639,-281,-624.249,1,4.401,157.966
2026-09-27T19:34:42.000Z,1790537682.000,32.645373204,-117.195126501,5.334,315.909,310.034,11.579,5.658,5.157,-30.302,279.733,-282,-626.8,1,4.655,159.14
2026-09-27T19:34:43.000Z,1790537683.000,32.645392427,-117.195145891,5.508,318.479,309.053,13.2,2.939,5.157,-29.254,279.799,-283,-629.415,1,4.678,160.277
2026-09-27T19:34:44.000Z,1790537684.000,32.645411259,-117.195165322,5.626,318.298,308.965,11.322,3.833,5.158,-29.337,279.628,-284,-631.997,1,4.784,161.441
2026-09-27T19:34:45.000Z,1790537685.000,32.645430003,-117.195184881,5.5,318.343,306.447,11.605,3.117,5.158,-27.044,279.404,-285,-634.621,1,4.671,162.4
2026-09-27T19:34:46.000Z,1790537686.000,32.645449759,-117.195205328,5.631,319.359,305.017,10.531,3.586,5.159,-25.664,279.353,-286,-637.352,1,4.725,163.513
2026-09-27T19:34:47.000Z,1790537687.000,32.645469667,-117.195225267,5.5,321.033,303.667,6.867,4.2,5.159,-24.382,279.284,-287,-640.044,1,4.522,164.667
2026-09-27T19:34:48.000Z,1790537688.000,32.645490232,-117.195243435,5.534,322.586,306.7,7.268,3.734,5.16,-27.429,279.271,-288,-642.577,1,4.458,166.304
2026-09-27T19:34:49.000Z,1790537689.000,32.645510323,-117.195261069,5.53,324.78,309.552,7.143,3.25,5.161,-30.291,279.261,-289,-645.032,1,4.32,167.896
2026-09-27T19:34:50.000Z,1790537690.000,32.645530484,-117.195277629,5.291,322.762,315.119,12.173,6.444,5.161,-35.859,279.26,-290,-647.328,1,4.242,169.741
2026-09-27T19:34:51.000Z,1790537691.000,32.645549292,-117.195296192,5.324,319.372,311.729,10.834,6.066,5.162,-32.543,279.187,-291,-649.912,1,4.446,170.683
2026-09-27T19:34:52.000Z,1790537692.000,32.64556838,-117.19531462,5.18,323.121,309.6,11.64,7.22,5.162,-30.447,279.153,-292,-652.462,1,4.127,171.753
2026-09-27T19:34:53.000Z,1790537693.000,32.645587951,-117.195332687,5.336,319.934,310.411,12.791,2.281,5.163,-31.13,279.281,-293,-654.955,1,4.42,173.115
2026-09-27T19:34:54.000Z,1790537694.000,32.645606221,-117.195353786,5.467,314.067,308.004,12.067,3.098,5.163,-28.648,279.356,-294,-657.686,1,4.815,173.978
2026-09-27T19:34:55.000Z,1790537695.000,32.64562425,-117.195374243,5.464,315.108,306.784,8.951,4.011,5.164,-27.385,279.399,-295,-660.329,1,4.762,174.932
2026-09-27T19:34:56.000Z,1790537696.000,32.645643703,-117.195391954,5.1,324.743,306.655,9.163,5.451,5.164,-27.184,279.472,-296,-662.801,1,3.959,176.222
2026-09-27T19:34:57.000Z,1790537697.000,32.645663161,-117.195407875,5.024,323.027,311.149,9.189,4.519,5.165,-31.609,279.54,-297,-665.052,1,3.988,177.943
2026-09-27T19:34:58.000Z,1790537698.000,32.645681333,-117.195425633,5.122,318.326,309.815,6.363,5.478,5.166,-30.441,279.373,-298,-667.485,1,4.304,179.008
2026-09-27T19:34:59.000Z,1790537699.000,32.645700463,-117.195444563,5.373,320.695,309.032,8.288,3.703,5.166,-29.913,279.119,-299,-670.054,1,4.387,180.167
2026-09-27T19:35:00.000Z,1790537700.000,32.645719301,-117.195462969,5.2,320.079,308.511,9.463,8.577,5.167,-29.415,279.096,-300,-672.558,1,4.274,181.337
2026-09-27T19:35:01.000Z,1790537701.000,32.645737808,-117.195481898,5.2,317.321,309.125,12.835,2.185,5.167,-30.002,279.123,-301,-675.073,1,4.408,182.544
2026-09-27T19:35:02.000Z,1790537702.000,32.645754145,-117.195502858,5.457,313.339,307.066,8.834,5.327,5.168,-28.025,279.042,-302,-677.683,1,4.813,183.241
2026-09-27T19:35:03.000Z,1790537703.000,32.645771656,-117.195521302,4.8,323,306.275,12.01,7.428,5.168,-27.3,278.975,-303,-680.122,1,3.79,184.253
2026-09-27T19:35:04.000Z,1790537704.000,32.64578974,-117.1955398,5.2,315.8,306.64,11.96,1.44,5.169,-27.514,279.126,-304,-682.586,1,4.47,185.414
2026-09-27T19:35:05.000Z,1790537705.000,32.645807327,-117.195558974,5.169,317.829,309.192,11.965,5.344,5.169,-29.951,279.241,-305,-685.046,1,4.344,186.67
2026-09-27T19:35:06.000Z,1790537706.000,32.645824414,-117.195578318,5.06,316.276,304.332,10.315,4.261,5.17,-25.164,279.168,-306,-687.593,1,4.322,187.283
2026-09-27T19:35:07.000Z,1790537707.000,32.645842257,-117.195595957,5.1,322.153,308.093,13.296,4.587,5.171,-29.028,279.065,-307,-689.929,1,4.058,188.72
2026-09-27T19:35:08.000Z,1790537708.000,32.64585991,-117.195615558,5.006,314.044,305.652,14.563,2.702,5.171,-26.6,279.052,-308,-692.497,1,4.368,189.572
2026-09-27T19:35:09.000Z,1790537709.000,32.645876576,-117.19563534,5.237,318.548,304.69,9.106,6.278,5.172,-25.62,279.07,-309,-695.007,1,4.352,190.434
2026-09-27T19:35:10.000Z,1790537710.000,32.645895552,-117.195652889,5,320.886,303.838,13.749,4.89,5.172,-24.775,279.063,-310,-697.447,1,4.034,191.624
2026-09-27T19:35:11.000Z,1790537711.000,32.645914327,-117.195670006,5.281,322.716,307.298,12.919,2.34,5.173,-28.305,278.993,-311,-699.795,1,4.154,193.153
2026-09-27T19:35:12.000Z,1790537712.000,32.645931976,-117.195687876,4.904,321.704,304.396,6.985,6.683,5.173,-25.516,278.881,-312,-702.22,1,3.907,194.033
2026-09-27T19:35:13.000Z,1790537713.000,32.645950254,-117.195705121,5.233,321.437,305.863,13.23,1.997,5.174,-27.122,278.741,-313,-704.576,1,4.179,195.349
2026-09-27T19:35:14.000Z,1790537714.000,32.645967579,-117.195723279,5.07,318.619,306.786,9.87,6.621,5.174,-28.161,278.625,-314,-706.963,1,4.19,196.489
2026-09-27T19:35:15.000Z,1790537715.000,32.645985782,-117.19574051,5.236,319.925,310.007,14.807,2.857,5.175,-31.356,278.652,-315,-709.281,1,4.255,197.933
2026-09-27T19:35:16.000Z,1790537716.000,32.646003159,-117.195759747,5.463,317.639,307.261,14.227,3.812,5.176,-28.518,278.743,-316,-711.814,1,4.559,198.749
2026-09-27T19:35:17.000Z,1790537717.000,32.646020824,-117.195778703,5.019,317.59,307.076,12.981,6.053,5.176,-28.227,278.849,-317,-714.299,1,4.188,199.805
2026-09-27T19:35:18.000Z,1790537718.000,32.64603897,-117.195797302,5.163,318.419,306.726,12.074,2.369,5.177,-27.724,279.001,-318,-716.781,1,4.263,200.911
2026-09-27T19:35:19.000Z,1790537719.000,32.646056687,-117.19581522,5.2,318.372,309.667,13.167,4.169,5.177,-30.302,279.366,-319,-719.136,1,4.291,202.259
2026-09-27T19:35:20.000Z,1790537720.000,32.646074297,-117.195834363,5.066,319.072,308.694,10.134,6.269,5.178,-29.192,279.502,-320,-721.647,1,4.142,203.241
2026-09-27T19:35:21.000Z,1790537721.000,32.646092787,-117.195853551,5.4,317.929,308.606,13.229,2.974,5.178,-29.236,279.371,-321,-724.192,1,4.472,204.38
2026-09-27T19:35:22.000Z,1790537722.000,32.646111345,-117.195872781,5.11,318.964,307.653,12.237,6.851,5.179,-28.534,279.119,-322,-726.757,1,4.176,205.456
2026-09-27T19:35:23.000Z,1790537723.000,32.64613124,-117.19589118,5.52,320.38,307.8,13.56,2.78,5.179,-28.993,278.807,-323,-729.306,1,4.426,206.787
2026-09-27T19:35:24.000Z,1790537724.000,32.646150833,-117.195910506,5.526,318.554,307.447,12.547,2.842,5.18,-28.636,278.811,-324,-731.923,1,4.529,208.011
2026-09-27T19:35:25.000Z,1790537725.000,32.646169306,-117.195930944,5.568,316.936,304.2,8.926,6.074,5.181,-25.417,278.783,-325,-734.608,1,4.648,208.85
2026-09-27T19:35:26.000Z,1790537726.000,32.646187887,-117.195949721,5.401,321.133,305.995,10.164,3.635,5.181,-27.138,278.857,-326,-737.103,1,4.274,210.164
2026-09-27T19:35:27.000Z,1790537727.000,32.646205787,-117.19596818,5.036,317.214,304.493,6.207,5.465,5.182,-25.385,279.108,-327,-739.572,1,4.183,211.159
2026-09-27T19:35:28.000Z,1790537728.000,32.646224522,-117.195986164,5.435,322.346,306.106,9.147,0.688,5.182,-26.71,279.397,-328,-742.011,1,4.22,212.504
2026-09-27T19:35:29.000Z,1790537729.000,32.646243718,-117.196001398,5.196,327.525,312.231,10.947,6.028,5.183,-32.589,279.641,-329,-744.163,1,3.716,214.352
2026-09-27T19:35:30.000Z,1790537730.000,32.64626352,-117.1960149,4.62,327.42,313,13.18,7.22,5.183,-33.255,279.745,-330,-746.286,1,3.304,215.907
2026-09-27T19:35:31.000Z,1790537731.000,32.646283176,-117.196031648,5.304,317.644,314.457,16.128,1.851,5.184,-34.643,279.814,-331,-748.655,1,4.362,217.376
2026-09-27T19:35:32.000Z,1790537732.000,32.646300332,-117.19605402,5.566,311.259,309.35,11.606,6.731,5.184,-29.427,279.923,-332,-751.497,1,4.899,217.871
2026-09-27T19:35:33.000Z,1790537733.000,32.646318974,-117.196076046,5.7,319.152,302.993,13.886,3.258,5.185,-23,279.993,-333,-754.362,1,4.595,218.42
2026-09-27T19:35:34.000Z,1790537734.000,32.646340194,-117.196093258,5.671,327.516,308.743,16.636,4.899,5.186,-28.703,280.04,-334,-756.815,1,4.027,220.375
2026-09-27T19:35:35.000Z,1790537735.000,32.646361066,-117.19611005,5.237,323.657,306.453,10.093,5.781,5.186,-26.39,280.063,-335,-759.315,1,3.953,221.674
2026-09-27T19:35:36.000Z,1790537736.000,32.646381604,-117.196126589,5.381,326.257,306.902,6.798,1.644,5.187,-26.866,280.036,-336,-761.738,1,3.891,223.164
2026-09-27T19:35:37.000Z,1790537737.000,32.646402423,-117.196140806,4.968,329.464,312.011,4.796,10.57,5.187,-31.918,280.092,-337,-763.903,1,3.387,225.135
2026-09-27T19:35:38.000Z,1790537738.000,32.646423327,-117.196155221,5.065,327.196,310.502,8.496,1.952,5.188,-30.276,280.226,-338,-766.205,1,3.591,226.592
2026-09-27T19:35:39.000Z,1790537739.000,32.646443464,-117.196170406,5.366,327.729,318.032,14.124,3.547,5.188,-37.739,280.293,-339,-768.326,1,3.761,228.631
2026-09-27T19:35:40.000Z,1790537740.000,32.64646228,-117.196189145,5.139,317.373,313.674,12,6.838,5.189,-33.555,280.119,-340,-770.96,1,4.199,229.499
2026-09-27T19:35:41.000Z,1790537741.000,32.646480335,-117.196207499,5.145,318.3,311.208,16.347,3.664,5.189,-30.976,280.232,-341,-773.464,1,4.151,230.443
2026-09-27T19:35:42.000Z,1790537742.000,32.6464974,-117.196226533,5.271,314.56,310.271,16.553,4.918,5.19,-29.635,280.635,-342,-775.939,1,4.443,231.377
2026-09-27T19:35:43.000Z,1790537743.000,32.64651398,-117.19624626,4.98,317.24,307.62,13.08,4.04,5.191,-26.58,281.04,-343,-778.472,1,4.065,232.101
2026-09-27T19:35:44.000Z,1790537744.000,32.646532267,-117.196265535,5.503,318.584,309.152,12.43,2.849,5.191,-27.868,281.284,-344,-780.989,1,4.41,233.343
2026-09-27T19:35:45.000Z,1790537745.000,32.646550082,-117.196285811,5.5,313.762,305.734,10.305,5.458,5.192,-24.415,281.319,-345,-783.636,1,4.666,234.11
2026-09-27T19:35:46.000Z,1790537746.000,32.646568858,-117.196306622,5.541,319.805,304.318,11.088,1.594,5.192,-23.238,281.08,-346,-786.345,1,4.361,235.11
2026-09-27T19:35:47.000Z,1790537747.000,32.646588237,-117.19632578,5.7,322.951,304.807,9.25,4.857,5.193,-24.194,280.613,-347,-788.927,1,4.28,236.387
2026-09-27T19:35:48.000Z,1790537748.000,32.64660932,-117.196343621,5.362,322.951,305.91,10.625,5.561,5.193,-25.564,280.346,-348,-791.48,1,4.02,237.935
2026-09-27T19:35:49.000Z,1790537749.000,32.6466301,-117.19636214,5.66,321.84,306.68,8.98,2.12,5.194,-26.674,280.006,-349,-794.077,1,4.308,239.4
2026-09-27T19:35:50.000Z,1790537750.000,32.646650512,-117.196381541,5.739,323.039,307.461,8.442,3.978,5.194,-27.637,279.825,-350,-796.727,1,4.283,240.795
2026-09-27T19:35:51.000Z,1790537751.000,32.646670977,-117.196399154,5.4,323.66,308.135,9.561,4.969,5.195,-28.214,279.921,-351,-799.232,1,3.984,242.255
2026-09-27T19:35:52.000Z,1790537752.000,32.646689886,-117.19641549,4.9,322.39,308.061,9.839,5.076,5.196,-27.96,280.101,-352,-801.562,1,3.682,243.546
2026-09-27T19:35:53.000Z,1790537753.000,32.64670831,-117.196430354,4.7,324.291,308.922,11.307,2.749,5.196,-28.641,280.281,-353,-803.73,1,3.422,244.918
2026-09-27T19:35:54.000Z,1790537754.000,32.64672604,-117.196445413,4.863,323.1,313.585,10.881,5.097,5.197,-33.226,280.359,-354,-805.803,1,3.603,246.506
2026-09-27T19:35:55.000Z,1790537755.000,32.646742969,-117.196463672,4.94,313.865,310.663,8.677,6.891,5.197,-30.361,280.302,-355,-808.249,1,4.142,247.303
2026-09-27T19:35:56.000Z,1790537756.000,32.646761119,-117.196484857,5.667,314.646,310.19,9.998,2.503,5.198,-29.906,280.284,-356,-810.949,1,4.705,248.302
2026-09-27T19:35:57.000Z,1790537757.000,32.646779453,-117.196504687,5.565,317.697,308.665,11.433,5.563,5.198,-28.348,280.317,-357,-813.564,1,4.443,249.288
2026-09-27T19:35:58.000Z,1790537758.000,32.646799608,-117.196523016,5.796,324.917,309.127,14.027,4.992,5.199,-28.947,280.179,-358,-816.115,1,4.145,250.673
2026-09-27T19:35:59.000Z,1790537759.000,32.646819599,-117.196541604,5.535,322.32,307.41,11.87,3.795,5.199,-27.473,279.937,-359,-818.713,1,4.124,251.859
2026-09-27T19:36:00.000Z,1790537760.000,32.646839498,-117.196557938,5.073,328.464,305.967,7.317,7.131,5.2,-26.159,279.808,-360,-821.11,1,3.389,253.143
2026-09-27T19:36:01.000Z,1790537761.000,32.646861102,-117.196571611,5.238,332.451,308.396,9.904,3.149,5.201,-28.892,279.504,-361,-823.324,1,3.211,255.007
2026-09-27T19:36:02.000Z,1790537762.000,32.64688189,-117.196588377,5.538,321.555,310.492,8.712,1.338,5.201,-31.296,279.197,-362,-825.75,1,4.153,256.643
2026-09-27T19:36:03.000Z,1790537763.000,32.646902152,-117.196607516,5.7,321.283,310.104,7.983,5.496,5.202,-31.126,278.978,-363,-828.388,1,4.286,257.94
2026-09-27T19:36:04.000Z,1790537764.000,32.646922793,-117.196626127,5.666,321.769,309.799,12.132,4.698,5.202,-30.945,278.855,-364,-831,1,4.222,259.303
2026-09-27T19:36:05.000Z,1790537765.000,32.646942223,-117.19664505,5.596,319.184,311.345,12.68,4.196,5.203,-32.424,278.921,-365,-833.542,1,4.328,260.675
2026-09-27T19:36:06.000Z,1790537766.000,32.646960603,-117.196663582,5.064,322.097,310.019,11.527,5.593,5.203,-30.944,279.075,-366,-836.05,1,3.743,261.732
2026-09-27T19:36:07.000Z,1790537767.000,32.646979816,-117.196680589,5,323.673,311.092,11.531,3.826,5.204,-31.773,279.319,-367,-838.431,1,3.595,263.118
2026-09-27T19:36:08.000Z,1790537768.000,32.646997633,-117.196698852,5.081,317.567,307.726,7.004,4.963,5.204,-28.111,279.615,-368,-840.919,1,4.004,263.968
2026-09-27T19:36:09.000Z,1790537769.000,32.647017245,-117.19671627,4.969,324.58,308.162,10.425,3.144,5.205,-28.211,279.952,-369,-843.368,1,3.506,265.33
2026-09-27T19:36:10.000Z,1790537770.000,32.64703546,-117.196733261,5.167,322.931,313.101,11.066,4.101,5.206,-32.865,280.236,-370,-845.624,1,3.743,266.915
2026-09-27T19:36:11.000Z,1790537771.000,32.647053847,-117.196750616,5.3,323.722,312.412,11.492,3.151,5.206,-32.119,280.293,-371,-848.026,1,3.783,268.068
2026-09-27T19:36:12.000Z,1790537772.000,32.647072778,-117.196770269,5.5,318.68,311.182,11.964,4.484,5.207,-30.895,280.287,-372,-850.655,1,4.243,269.146
2026-09-27T19:36:13.000Z,1790537773.000,32.647092551,-117.196789991,5.359,321.363,307.741,7.818,6.4,5.207,-27.435,280.306,-373,-853.367,1,3.965,270.133
2026-09-27T19:36:14.000Z,1790537774.000,32.647114006,-117.196807996,5.595,324.885,309.089,9.084,1.795,5.208,-28.782,280.308,-374,-855.945,1,3.892,271.731
2026-09-27T19:36:15.000Z,1790537775.000,32.647134393,-117.196826127,5.666,322.531,313.07,9.068,2.938,5.208,-32.72,280.35,-375,-858.423,1,4.097,273.419
2026-09-27T19:36:16.000Z,1790537776.000,32.647155202,-117.19684365,5.535,326.648,309.786,6.568,6.023,5.209,-29.337,280.449,-376,-861.012,1,3.71,274.61
2026-09-27T19:36:17.000Z,1790537777.000,32.647176687,-117.19685904,5.071,327.435,314.841,11.083,4.518,5.209,-34.259,280.582,-377,-863.29,1,3.337,276.594
2026-09-27T19:36:18.000Z,1790537778.000,32.647196672,-117.196874908,5.24,327.74,313.463,10.344,5.496,5.21,-32.727,280.736,-378,-865.667,1,3.421,277.913
2026-09-27T19:36:19.000Z,1790537779.000,32.647216597,-117.196891413,5.162,326.92,314.636,9.984,7.106,5.211,-33.774,280.863,-379,-868.034,1,3.418,279.397
2026-09-27T19:36:20.000Z,1790537780.000,32.647235973,-117.196909707,5.5,321.136,311.732,8.465,4.203,5.211,-30.749,280.982,-380,-870.614,1,4.032,280.445
2026-09-27T19:36:21.000Z,1790537781.000,32.647256024,-117.196927044,5.595,326.18,313.11,12.594,5.05,5.212,-31.896,281.214,-381,-873.056,1,3.743,281.926
2026-09-27T19:36:22.000Z,1790537782.000,32.647276205,-117.196943253,5.188,325.611,311.865,11.512,7.691,5.212,-30.44,281.424,-382,-875.465,1,3.502,283.261
2026-09-27T19:36:23.000Z,1790537783.000,32.647296777,-117.196958024,5.078,327.713,313.694,14.925,2.986,5.213,-32.154,281.541,-383,-877.711,1,3.28,284.928
2026-09-27T19:36:24.000Z,1790537784.000,32.647316259,-117.196975321,5.469,319.028,316.275,13.5,1.42,5.213,-34.733,281.542,-384,-880.086,1,4.115,286.442
2026-09-27T19:36:25.000Z,1790537785.000,32.647335225,-117.196993663,5.366,322.066,312.9,12.828,5.775,5.214,-31.367,281.533,-385,-882.665,1,3.838,287.413
2026-09-27T19:36:26.000Z,1790537786.000,32.647355543,-117.197011951,5.569,324.369,310.243,12.043,3.518,5.214,-28.742,281.501,-386,-885.28,1,3.817,288.573
2026-09-27T19:36:27.000Z,1790537787.000,32.647377221,-117.197027931,5.825,329.387,313.948,14.175,1.973,5.215,-32.436,281.512,-387,-887.646,1,3.595,290.451
2026-09-27T19:36:28.000Z,1790537788.000,32.647398702,-117.197045825,5.7,324.609,314.032,11.512,3.206,5.216,-32.591,281.441,-388,-890.234,1,3.87,291.956
2026-09-27T19:36:29.000Z,1790537789.000,32.647420182,-117.197064189,5.661,327.2,311.979,8.147,8.31,5.216,-30.605,281.374,-389,-892.908,1,3.644,293.28
2026-09-27T19:36:30.000Z,1790537790.000,32.647442484,-117.197081641,5.496,323.499,310.861,11.968,2.069,5.217,-29.563,281.297,-390,-895.526,1,3.793,294.793
2026-09-27T19:36:31.000Z,1790537791.000,32.647463804,-117.197098076,5.9,326.164,315.086,12.166,2.498,5.217,-33.938,281.149,-391,-897.895,1,3.858,296.655
2026-09-27T19:36:32.000Z,1790537792.000,32.647484608,-117.197114663,5.393,326.203,313.86,9.787,7.5,5.218,-32.799,281.061,-392,-900.371,1,3.516,298.043
2026-09-27T19:36:33.000Z,1790537793.000,32.647505029,-117.197131431,5.34,323.593,310.342,9.901,2.757,5.218,-29.221,281.121,-393,-902.886,1,3.655,299.206
2026-09-27T19:36:34.000Z,1790537794.000,32.64752423,-117.197148665,5.4,323.825,312.589,8.782,2.123,5.219,-31.36,281.229,-394,-905.26,1,3.672,300.672
2026-09-27T19:36:35.000Z,1790537795.000,32.64754328,-117.197164908,5.068,323.491,317.409,9.39,8.336,5.219,-36.032,281.376,-395,-907.47,1,3.459,302.352
2026-09-27T19:36:36.000Z,1790537796.000,32.647562188,-117.197182288,5.199,317.672,313.17,8.505,4.157,5.22,-31.826,281.345,-396,-909.991,1,3.91,303.29
2026-09-27T19:36:37.000Z,1790537797.000,32.647581513,-117.197200652,5.365,322.431,312.52,12.508,1.588,5.221,-31.498,281.022,-397,-912.524,1,3.72,304.502
2026-09-27T19:36:38.000Z,1790537798.000,32.647600856,-117.19721775,5.437,324.438,313.726,9.906,4.575,5.221,-33.145,280.581,-398,-914.912,1,3.622,305.907
2026-09-27T19:36:39.000Z,1790537799.000,32.647621372,-117.197233228,4.981,329.912,312.936,8.659,10.731,5.222,-32.712,280.224,-399,-917.264,1,2.941,307.338
2026-09-27T19:36:40.000Z,1790537800.000,32.647643606,-117.197248253,5.468,329.036,311.332,7.979,2.28,5.222,-31.267,280.064,-400,-919.693,1,3.286,308.901
2026-09-27T19:36:41.000Z,1790537801.000,32.647664167,-117.197264767,5.567,324.833,311.966,7.767,0.333,5.223,-31.796,280.171,-401,-922.107,1,3.653,310.408
2026-09-27T19:36:42.000Z,1790537802.000,32.647685682,-117.19728038,5.7,330.924,312.77,7.067,7.155,5.223,-32.516,280.254,-402,-924.495,1,3.252,312.06
2026-09-27T19:36:43.000Z,1790537803.000,32.647708174,-117.197295295,5.164,327.308,311.886,10.806,4.917,5.224,-31.561,280.325,-403,-926.909,1,3.199,313.707
2026-09-27T19:36:44.000Z,1790537804.000,32.647727617,-117.197311437,5.08,322.781,312.682,8.001,1.781,5.224,-32.243,280.44,-404,-929.231,1,3.444,315.127
2026-09-27T19:36:45.000Z,1790537805.000,32.647746195,-117.197327248,5.1,325.468,316.446,10.275,4.983,5.225,-35.965,280.481,-405,-931.411,1,3.269,316.697
2026-09-27T19:36:46.000Z,1790537806.000,32.647764125,-117.197343221,4.535,321.861,316.858,10.398,9.795,5.226,-36.331,280.526,-406,-933.647,1,3.114,317.939
2026-09-27T19:36:47.000Z,1790537807.000,32.647782639,-117.197361499,5.47,318.545,313.805,13.035,2.8,5.226,-33.366,280.439,-407,-936.194,1,3.973,318.893
2026-09-27T19:36:48.000Z,1790537808.000,32.647801037,-117.197380273,5.364,321.345,313.723,13.598,3.712,5.227,-33.472,280.251,-408,-938.7,1,3.704,320.039
2026-09-27T19:36:49.000Z,1790537809.000,32.647819208,-117.197399108,5.238,319.649,310.338,10.7,5.603,5.227,-30.182,280.156,-409,-941.267,1,3.721,320.905
2026-09-27T19:36:50.000Z,1790537810.000,32.647838437,-117.197414822,4.762,332.252,307.929,6.738,9.43,5.228,-27.721,280.208,-410,-943.598,1,2.563,322.069
2026-09-27T19:36:51.000Z,1790537811.000,32.647859227,-117.197427019,4.933,333.416,313.337,8.516,2.61,5.228,-32.977,280.359,-411,-945.583,1,2.559,324.136
2026-09-27T19:36:52.000Z,1790537812.000,32.647878664,-117.197440677,5.068,332.848,311.634,2.885,3.376,5.229,-31.184,280.45,-412,-947.752,1,2.664,325.458
2026-09-27T19:36:53.000Z,1790537813.000,32.647899028,-117.197455269,5.165,324.557,318.976,8.111,5.478,5.229,-38.615,280.361,-413,-949.829,1,3.309,327.525
2026-09-27T19:36:54.000Z,1790537814.000,32.647919146,-117.197473205,5.452,324.285,315.115,10.993,5.367,5.23,-34.823,280.292,-414,-952.457,1,3.505,328.596
2026-09-27T19:36:55.000Z,1790537815.000,32.647940028,-117.197490767,5.56,323.759,314.581,14.879,5.423,5.231,-34.474,280.107,-415,-955.002,1,3.604,330.006
2026-09-27T19:36:56.000Z,1790537816.000,32.647960691,-117.197508279,5.232,324.551,314.332,13.713,3.923,5.231,-34.131,280.201,-416,-957.525,1,3.327,331.418
2026-09-27T19:36:57.000Z,1790537817.000,32.647980073,-117.197524809,5.166,321.492,312.1,11.936,4.626,5.232,-31.566,280.534,-417,-959.943,1,3.485,332.585
2026-09-27T19:36:58.000Z,1790537818.000,32.647999106,-117.197541155,5.195,327.08,312.226,7.486,4.601,5.232,-31.255,280.97,-418,-962.276,1,3.107,333.904
2026-09-27T19:36:59.000Z,1790537819.000,32.64801808,-117.197556028,4.725,326.981,311.514,4.412,7.552,5.233,-30.389,281.125,-419,-964.501,1,2.824,335.209
2026-09-27T19:37:00.000Z,1790537820.000,32.648038379,-117.197569151,5.04,333.623,311.523,7.784,1.802,5.233,-30.503,281.02,-420,-966.634,1,2.515,336.771
2026-09-27T19:37:01.000Z,1790537821.000,32.648058462,-117.197583448,5.173,326.817,312.354,5.4,5.473,5.234,-31.593,280.761,-421,-968.837,1,3.085,338.329
2026-09-27T19:37:02.000Z,1790537822.000,32.648078719,-117.197598855,5.333,326.341,315.269,10.329,2.004,5.234,-34.758,280.511,-422,-971.092,1,3.205,340.022
2026-09-27T19:37:03.000Z,1790537823.000,32.648098326,-117.197617658,5.634,319.466,312.712,9.803,5.391,5.235,-32.425,280.287,-423,-973.72,1,3.893,341.101
2026-09-27T19:37:04.000Z,1790537824.000,32.648117722,-117.19763844,5.7,316.979,312.172,13.69,3.365,5.236,-32.19,279.982,-424,-976.454,1,4.105,342.236
2026-09-27T19:37:05.000Z,1790537825.000,32.648136579,-117.197658858,5.621,319.951,308.535,12.037,3.535,5.236,-28.763,279.771,-425,-979.184,1,3.833,343.09
2026-09-27T19:37:06.000Z,1790537826.000,32.648156797,-117.197676045,5.376,325.121,313.359,13.411,4.695,5.237,-33.682,279.677,-426,-981.56,1,3.286,344.862
2026-09-27T19:37:07.000Z,1790537827.000,32.648175993,-117.197691328,4.966,327.105,311.959,9.365,9.165,5.237,-32.33,279.629,-427,,1,2.889,346.12
2026-09-27T19:37:08.000Z,1790537828.000,32.648195935,-117.197707638,5.2,323.029,309.1,7.179,3.716,5.238,-29.401,279.699,-428,,1,3.31,347.302
2026-09-27T19:37:09.000Z,1790537829.000,32.648214998,-117.197724441,5.4,323.868,308.047,6.736,3.716,5.238,-28.199,279.848,-429,,1,3.367,348.514
2026-09-27T19:37:10.000Z,1790537830.000,32.648234164,-117.197741989,5.487,318.982,311.111,13.747,4.129,5.239,-31.419,279.692,-430,,1,3.764,350.031
2026-09-27T19:37:11.000Z,1790537831.000,32.648251251,-117.197763297,5.1,314.48,303.031,7.369,6.576,5.239,-23.565,279.466,-431,,1,3.775,350.316
2026-09-27T19:37:12.000Z,1790537832.000,32.64826839,-117.197783919,5.135,313.442,303.734,11.637,2.959,5.24,-24.45,279.283,-432,,1,3.856,351.326
2026-09-27T19:37:13.000Z,1790537833.000,32.648284498,-117.197804251,5.2,312.857,304.941,10.135,5.3,5.241,-25.763,279.178,-433,,1,3.933,352.283
2026-09-27T19:37:14.000Z,1790537834.000,32.648301451,-117.19782488,5.1,316.696,302.085,11.199,3.629,5.241,-22.962,279.124,-434,,1,3.619,352.99
2026-09-27T19:37:15.000Z,1790537835.000,32.648319367,-117.197843729,5.287,320.356,305.398,12.085,5.066,5.242,-26.288,279.11,-435,,1,3.497,354.355
2026-09-27T19:37:16.000Z,1790537836.000,32.648337129,-117.197863692,5.24,312.43,304.501,9.056,4.707,5.242,-25.58,278.922,-436,,1,3.968,355.327
2026-09-27T19:37:17.000Z,1790537837.000,32.648355141,-117.197885041,5.5,317.323,303.732,7.551,3.323,5.243,-25.228,278.504,-437,,1,3.835,356.28
2026-09-27T19:37:18.000Z,1790537838.000,32.648374585,-117.197902764,5.135,328.433,306.113,8.582,6,5.243,-27.893,278.22,-438,,1,2.794,357.769
2026-09-27T19:37:19.000Z,1790537839.000,32.648395131,-117.197917225,5.2,327.467,312.393,12.093,2.094,5.244,-34.147,278.246,-439,,1,2.89,359.795
2026-09-27T19:37:20.000Z,1790537840.000,32.648413501,-117.197933159,5.263,322.155,312.773,7.097,5.689,5.244,-34.451,278.323,-440,,1,3.309,361.083
2026-09-27T19:37:21.000Z,1790537841.000,32.648432958,-117.197949656,5.3,322.265,312.109,11.558,2.016,5.245,-33.746,278.364,-441,,1,3.315,362.378
2026-09-27T19:37:22.000Z,1790537842.000,32.648451894,-117.197967162,5.368,322.377,313.663,13.751,4.747,5.246,-35.37,278.294,-442,,1,3.339,363.753
2026-09-27T19:37:23.000Z,1790537843.000,32.648469033,-117.197986067,4.933,315.533,309.4,9.6,5.833,5.246,-31.088,278.312,-443,,1,3.501,364.443
2026-09-27T19:37:24.000Z,1790537844.000,32.648486332,-117.198003735,4.806,323.441,308.294,9.494,4.916,5.247,-29.821,278.473,-444,,1,2.905,365.439
2026-09-27T19:37:25.000Z,1790537845.000,32.648505091,-117.198019635,5.136,325.654,312.572,14.602,2.298,5.247,-33.944,278.629,-445,,1,2.933,367.071
2026-09-27T19:37:26.000Z,1790537846.000,32.648522767,-117.198037687,5.001,318.382,310.061,11.2,7.082,5.248,-31.424,278.637,-446,,1,3.346,367.983
2026-09-27T19:37:27.000Z,1790537847.000,32.648540976,-117.19805772,5.231,316.449,305.65,8.55,3.238,5.248,-26.878,278.772,-447,,1,3.622,368.721
2026-09-27T19:37:28.000Z,1790537848.000,32.648560026,-117.198074594,5.299,324.701,312.263,11.796,5.738,5.249,-33.464,278.799,-448,,1,3.07,370.53
2026-09-27T19:37:29.000Z,1790537849.000,32.648578076,-117.198092644,5.102,320.196,308.116,6.002,8.44,5.249,-29.465,278.651,-449,,1,3.266,371.352
2026-09-27T19:37:30.000Z,1790537850.000,32.648596182,-117.198109818,4.772,320.034,309.419,9.113,6.369,5.25,-30.835,278.584,-450,,1,3.056,372.638
2026-09-27T19:37:31.000Z,1790537851.000,32.648613626,-117.198128048,5.121,317.686,305.9,9.325,2.993,5.251,-27.173,278.727,-451,,1,3.431,373.437
2026-09-27T19:37:32.000Z,1790537852.000,32.648632084,-117.19814544,5.262,323.069,309.225,9.851,3.017,5.251,-30.731,278.493,-452,,1,3.133,374.911
2026-09-27T19:37:33.000Z,1790537853.000,32.648651046,-117.198162244,4.967,325.177,311.641,9.668,8.541,5.252,-33.149,278.493,-453,,1,2.798,376.384
2026-09-27T19:37:34.000Z,1790537854.000,32.648670051,-117.19817942,5.008,321.463,310.543,11.473,2.702,5.252,-32.059,278.484,-454,,1,3.075,377.574
2026-09-27T19:37:35.000Z,1790537855.000,32.648687718,-117.198197187,5.104,321.361,310.177,10.265,5.043,5.253,-31.671,278.506,-455,,1,3.132,378.662
2026-09-27T19:37:36.000Z,1790537856.000,32.648706764,-117.198213513,4.837,325.084,307.726,12.689,2.866,5.253,-29.01,278.716,-456,,1,2.705,379.782
2026-09-27T19:37:37.000Z,1790537857.000,32.648725904,-117.198228612,5.008,322.408,313.912,11.548,6.336,5.254,-34.804,279.108,-457,,1,2.98,381.63
2026-09-27T19:37:38.000Z,1790537858.000,32.648743212,-117.198245646,4.667,319.354,309.535,7.463,7.042,5.254,-30.246,279.289,-458,,1,2.966,382.4
2026-09-27T19:37:39.000Z,1790537859.000,32.648761064,-117.198262335,4.772,322.729,308.191,9.209,5.882,5.255,-29.038,279.153,-459,,1,2.802,383.471
2026-09-27T19:37:40.000Z,1790537860.000,32.648780052,-117.198278424,4.814,323.754,309.071,8.435,4.479,5.256,-30.094,278.977,-460,,1,2.747,384.855
2026-09-27T19:37:41.000Z,1790537861.000,32.648798369,-117.198294644,5.138,324.17,314.386,12.596,2.569,5.256,-35.425,278.961,-461,,1,2.89,386.507
2026-09-27T19:37:42.000Z,1790537862.000,32.648815633,-117.198315228,5.517,311.522,309.056,5.261,8.665,5.257,-30.02,279.036,-462,,1,4.02,387.064
2026-09-27T19:37:43.000Z,1790537863.000,32.648834261,-117.19833442,5.395,324.329,306.478,12.496,1.086,5.257,-27.448,279.03,-463,,1,3.004,388.021
2026-09-27T19:37:44.000Z,1790537864.000,32.648852601,-117.198350306,4.997,323.072,312.466,12.4,5.096,5.258,-33.432,279.034,-464,,1,2.862,389.746
2026-09-27T19:37:45.000Z,1790537865.000,32.648871158,-117.198364046,4.7,328.623,313.364,12.4,6.671,5.258,-34.381,278.983,-465,,1,2.296,391.175
2026-09-27T19:37:46.000Z,1790537866.000,32.648889212,-117.198378463,4.538,323.223,309.889,10.585,5.677,5.259,-31.096,278.794,-466,,1,2.572,392.19
2026-09-27T19:37:47.000Z,1790537867.000,32.648907363,-117.198393763,4.979,324.399,309.319,11.52,1.982,5.259,-30.73,278.589,-467,,1,2.728,393.406
2026-09-27T19:37:48.000Z,1790537868.000,32.648925205,-117.19840997,4.971,322.278,312.226,11.906,3.946,5.26,-33.646,278.581,-468,,1,2.865,394.826
2026-09-27T19:37:49.000Z,1790537869.000,32.648941767,-117.198428833,5.067,315.9,309.267,11.567,6.167,5.261,-30.556,278.711,-469,,1,3.355,395.558
2026-09-27T19:37:50.000Z,1790537870.000,32.648958132,-117.198449343,5.294,312.658,306.071,12.177,3.829,5.261,-27.286,278.785,-470,,1,3.716,396.186
2026-09-27T19:37:51.000Z,1790537871.000,32.648975093,-117.198468883,4.846,318.234,306.137,12.573,4.888,5.262,-27.373,278.763,-471,,1,3.042,397.169
2026-09-27T19:37:52.000Z,1790537872.000,32.64899215,-117.19848651,4.9,319.362,305.296,10.738,2.499,5.262,-26.285,279.011,-472,,1,2.992,398.162
2026-09-27T19:37:53.000Z,1790537873.000,32.649008989,-117.198502048,4.668,325.029,309.881,9.327,4.338,5.263,-30.586,279.295,-473,,1,2.461,399.641
2026-09-27T19:37:54.000Z,1790537874.000,32.6490263,-117.198516733,4.7,325.533,308.633,9.9,6.467,5.263,-29.252,279.382,-474,,1,2.434,400.742
2026-09-27T19:37:55.000Z,1790537875.000,32.649044264,-117.198533661,5.1,319.479,310.294,9.931,4.209,5.264,-31.047,279.247,-475,,1,3.076,402.05
2026-09-27T19:37:56.000Z,1790537876.000,32.649061082,-117.198553631,5.193,315.266,308.27,7.558,7.048,5.264,-29.277,278.993,-476,,1,3.419,402.839
2026-09-27T19:37:57.000Z,1790537877.000,32.649078498,-117.19857354,5.442,318.867,309.358,10.823,2.37,5.265,-30.621,278.738,-477,,1,3.309,403.933
2026-09-27T19:37:58.000Z,1790537878.000,32.649097099,-117.198591685,5.31,324.68,308.47,8.724,9.156,5.266,-29.835,278.636,-478,,1,2.774,405.061
2026-09-27T19:37:59.000Z,1790537879.000,32.649116727,-117.198607994,5.001,323.232,308.367,9.77,3.529,5.266,-29.643,278.724,-479,,1,2.708,406.424
2026-09-27T19:38:00.000Z,1790537880.000,32.649135548,-117.198622264,4.965,331.827,312.053,9.445,4.481,5.267,-33.234,278.819,-480,,1,2.023,408.079
2026-09-27T19:38:01.000Z,1790537881.000,32.64915541,-117.198636902,4.936,326.164,309.778,9.343,2.879,5.267,-30.954,278.824,-481,,1,2.435,409.361
2026-09-27T19:38:02.000Z,1790537882.000,32.649174255,-117.198651892,5.181,325.326,312.692,7.245,4.104,5.268,-33.885,278.807,-482,,1,2.609,410.929
2026-09-27T19:38:03.000Z,1790537883.000,32.649193576,-117.198666284,4.7,330.378,313.459,7.08,8.843,5.268,-34.57,278.888,-483,,1,1.989,412.401
2026-09-27T19:38:04.000Z,1790537884.000,32.649212778,-117.198681048,4.77,325.25,315.595,11.821,3.611,5.269,-36.525,279.07,-484,,1,2.385,413.951
2026-09-27T19:38:05.000Z,1790537885.000,32.649229561,-117.198698657,4.935,313.723,312.269,7.938,5.155,5.269,-32.928,279.341,-485,,1,3.264,414.73
2026-09-27T19:38:06.000Z,1790537886.000,32.649246291,-117.198716308,4.927,315.396,313.859,11.71,2.173,5.27,-34.284,279.576,-486,,1,3.14,415.878
2026-09-27T19:38:07.000Z,1790537887.000,32.649262578,-117.198734878,4.911,318.789,311.067,10.38,8.6,5.271,-31.29,279.776,-487,,1,2.893,416.609
2026-09-27T19:38:08.000Z,1790537888.000,32.649280233,-117.198752159,4.663,321.133,305.58,8.651,3.99,5.271,-25.623,279.957,-488,,1,2.582,417.312
2026-09-27T19:38:09.000Z,1790537889.000,32.6492979,-117.1987678,4.967,322.667,313.933,10.267,2.199,5.272,-33.881,280.052,-489,,1,2.626,419.161
2026-09-27T19:38:10.000Z,1790537890.000,32.649314845,-117.198784575,4.7,318.78,312.24,6.835,8.22,5.272,-32.235,280.005,-490,,1,2.741,420.113
2026-09-27T19:38:11.000Z,1790537891.000,32.649332758,-117.198801493,4.978,322.445,310.442,11.593,2.626,5.273,-30.465,279.977,-491,,1,2.628,421.148
2026-09-27T19:38:12.000Z,1790537892.000,32.649350327,-117.198819815,4.8,317.899,310.249,9.987,5.075,5.273,-30.34,279.909,-492,,1,2.84,422.218
2026-09-27T19:38:13.000Z,1790537893.000,32.649368742,-117.198837333,5.191,320.966,308.761,10.783,2.339,5.274,-29.019,279.742,-493,,1,2.832,423.304
2026-09-27T19:38:14.000Z,1790537894.000,32.649388077,-117.198852132,5.203,328.51,312.565,7.922,5.333,5.274,-32.925,279.64,-494,,1,2.228,424.999
2026-09-27T19:38:15.000Z,1790537895.000,32.649408087,-117.198867922,5.033,322.395,311.064,8.269,4.93,5.275,-31.384,279.68,-495,,1,2.615,426.313
2026-09-27T19:38:16.000Z,1790537896.000,32.649428022,-117.198884134,5.265,325.224,313.43,8.771,3.377,5.276,-33.714,279.716,-496,,1,2.497,427.902
2026-09-27T19:38:17.000Z,1790537897.000,32.649446866,-117.198899571,4.963,326.588,315.001,10.522,5.821,5.276,-35.291,279.71,-497,,1,2.237,429.346
2026-09-27T19:38:18.000Z,1790537898.000,32.649465823,-117.198915123,5.08,324.354,312.798,10.4,3.42,5.277,-33.067,279.731,-498,,1,2.453,430.51
2026-09-27T19:38:19.000Z,1790537899.000,32.64948513,-117.198929711,4.805,329.098,314.329,11.814,6.468,5.277,-34.483,279.846,-499,,1,1.952,432.032
2026-09-27T19:38:20.000Z,1790537900.000,32.649503117,-117.198945151,4.468,320.257,311.737,8.411,4.257,5.278,-31.61,280.127,-500,,1,2.412,433.071
2026-09-27T19:38:21.000Z,1790537901.000,32.649520222,-117.198961128,4.9,321.187,311.555,8.352,1.445,5.278,-31.069,280.486,-501,,1,2.568,434.185
2026-09-27T19:38:22.000Z,1790537902.000,32.649537356,-117.198976993,4.673,321.898,310.902,8.544,4.546,5.279,-30.144,280.758,-502,,1,2.389,435.27
2026-09-27T19:38:23.000Z,1790537903.000,32.649555316,-117.198993016,4.979,321.36,312.053,10.758,2.558,5.279,-31.186,280.867,-503,,1,2.575,436.572
2026-09-27T19:38:24.000Z,1790537904.000,32.649573432,-117.199010032,5.037,322.726,315.605,10.995,5.979,5.28,-34.858,280.748,-504,,1,2.488,438.034
2026-09-27T19:38:25.000Z,1790537905.000,32.649592,-117.199029533,5.433,317.6,310.333,11.8,5.5,5.281,-29.832,280.501,-505,,1,3.085,438.771
2026-09-27T19:38:26.000Z,1790537906.000,32.649611154,-117.199049854,5.5,318.158,306.731,10.442,6,5.281,-26.444,280.287,-506,,1,3.066,439.659
2026-09-27T19:38:27.000Z,1790537907.000,32.649630432,-117.19906894,5.336,320.212,305.124,10.064,5.8,5.282,-25.029,280.095,-507,,1,2.802,440.761
2026-09-27T19:38:28.000Z,1790537908.000,32.649648923,-117.199086143,5.08,321.123,306.2,8.02,3.48,5.282,-26.37,279.831,-508,,1,2.586,442.069
2026-09-27T19:38:29.000Z,1790537909.000,32.649668242,-117.199102155,4.839,327.547,309.351,7.17,5.817,5.283,-29.748,279.603,-509,,1,1.969,443.668
2026-09-27T19:38:30.000Z,1790537910.000,32.649688027,-117.199117521,5,323.661,307.696,4.628,2.276,5.283,-28.275,279.421,-510,,1,2.327,444.962
2026-09-27T19:38:31.000Z,1790537911.000,32.649708358,-117.19913087,5.234,330.46,318.509,10.754,3.208,5.284,-39.034,279.475,-511,,1,1.852,447.346
2026-09-27T19:38:32.000Z,1790537912.000,32.649727158,-117.199146693,4.9,320.207,317.116,9.5,7.194,5.284,-37.533,279.583,-512,,1,2.511,448.548
2026-09-27T19:38:33.000Z,1790537913.000,32.649745436,-117.199163788,4.938,322.828,313.359,10.683,4.911,5.285,-33.584,279.775,-513,,1,2.323,449.468
2026-09-27T19:38:34.000Z,1790537914.000,32.649764407,-117.199181507,4.994,320.132,311.531,11.581,5.569,5.286,-31.604,279.928,-514,,1,2.542,450.579
2026-09-27T19:38:35.000Z,1790537915.000,32.649782661,-117.199198994,5.101,319.443,310.567,11.401,3.464,5.286,-30.504,280.063,-515,,1,2.637,451.691
2026-09-27T19:38:36.000Z,1790537916.000,32.649799876,-117.199215846,4.766,321.642,312.238,9.634,3.14,5.287,-31.97,280.268,-516,,1,2.294,452.926
2026-09-27T19:38:37.000Z,1790537917.000,32.649816893,-117.199232658,4.865,319.158,312.464,10.187,4.842,5.287,-32.011,280.454,-517,,1,2.513,454.031
2026-09-27T19:38:38.000Z,1790537918.000,32.649833927,-117.19925144,5.163,316.161,307.863,7.874,5.276,5.288,-27.261,280.602,-518,,1,2.885,454.686
2026-09-27T19:38:39.000Z,1790537919.000,32.649851548,-117.199269465,5.321,316.762,307.289,7.279,2.221,5.288,-26.789,280.5,-519,,1,2.915,455.743
2026-09-27T19:38:40.000Z,1790537920.000,32.649869949,-117.199286205,5.064,326.577,313.555,9.722,6.781,5.289,-33.347,280.208,-520,,1,1.996,457.46
2026-09-27T19:38:41.000Z,1790537921.000,32.649889393,-117.199302395,4.934,325.163,307.629,7.131,6.861,5.289,-27.756,279.873,-521,,1,2.044,458.357
2026-09-27T19:38:42.000Z,1790537922.000,32.649909822,-117.199318864,5.271,323.242,307.477,8.377,3.847,5.29,-27.869,279.608,-522,,1,2.329,459.792
2026-09-27T19:38:43.000Z,1790537923.000,32.649929322,-117.19933543,5.227,323.679,308.846,7.109,4.455,5.291,-29.455,279.391,-523,,1,2.26,461.248
2026-09-27T19:38:44.000Z,1790537924.000,32.649948762,-117.199351738,5.139,325.728,311.563,7.682,4.397,5.291,-32.286,279.277,-524,,1,2.04,462.813
2026-09-27T19:38:45.000Z,1790537925.000,32.649969051,-117.199367795,5.062,325.996,310.781,9.657,4.932,5.292,-31.369,279.412,-525,,1,1.973,464.2
2026-09-27T19:38:46.000Z,1790537926.000,32.649989813,-117.199382678,5.2,325.259,315.66,14.998,1.697,5.292,-36.034,279.626,-526,,1,2.072,466.115
2026-09-27T19:38:47.000Z,1790537927.000,32.650008388,-117.199399392,4.931,321.231,314.404,11.131,4.935,5.293,-34.54,279.864,-527,,1,2.265,467.269
2026-09-27T19:38:48.000Z,1790537928.000,32.650026603,-117.199415887,4.816,322.262,316.322,12.516,5.44,5.293,-36.294,280.029,-528,,1,2.122,468.635
2026-09-27T19:38:49.000Z,1790537929.000,32.650043946,-117.199433447,5.021,318.255,314.941,13.041,4.377,5.294,-34.654,280.287,-529,,1,2.511,469.622
2026-09-27T19:38:50.000Z,1790537930.000,32.650060202,-117.19945204,4.538,316.321,311.519,10.306,6.931,5.294,-31.163,280.356,-530,,1,2.391,470.302
2026-09-27T19:38:51.000Z,1790537931.000,32.6500763,-117.199468067,4.433,323.301,311.367,11.067,5.1,5.295,-31.106,280.261,-531,,1,1.85,471.314
2026-09-27T19:38:52.000Z,1790537932.000,32.650093551,-117.19948402,4.8,321.776,312.353,10.565,5.48,5.296,-32.249,280.104,-532,,1,2.107,472.534
2026-09-27T19:38:53.000Z,1790537933.000,32.650110546,-117.199502435,5.026,318.141,308.69,6.649,4.715,5.296,-28.812,279.878,-533,,1,2.477,473.273
2026-09-27T19:38:54.000Z,1790537934.000,32.650129236,-117.199520637,5.44,321.881,307.24,9.539,2.16,5.297,-27.682,279.558,-534,,1,2.352,474.363
2026-09-27T19:38:55.000Z,1790537935.000,32.650149511,-117.199537833,5.13,321.405,311.261,11.27,5.152,5.297,-32.067,279.194,-535,,1,2.24,476.081
2026-09-27T19:38:56.000Z,1790537936.000,32.650169653,-117.19955429,5.067,328.165,308.765,9.402,5.431,5.298,-29.838,278.927,-536,,1,1.646,477.304
2026-09-27T19:38:57.000Z,1790537937.000,32.650189813,-117.19957105,5.334,324.219,310.129,11.735,4.125,5.298,-31.325,278.804,-537,,1,2.06,478.819
2026-09-27T19:38:58.000Z,1790537938.000,32.650208569,-117.199587713,5.164,321.626,308.108,6.5,4.144,5.299,-29.385,278.723,-538,,1,2.194,479.93
2026-09-27T19:38:59.000Z,1790537939.000,32.650227867,-117.199602204,5,333.542,312.797,9.795,5.778,5.299,-34.001,278.796,-539,,1,1.128,481.702
2026-09-27T19:39:00.000Z,1790537940.000,32.650246787,-117.199617787,5.1,321.352,314.436,9.461,3.979,5.3,-35.31,279.125,-540,,1,2.159,483.155
2026-09-27T19:39:01.000Z,1790537941.000,32.650264483,-117.199634779,4.8,318.074,310.589,7.581,7.521,5.301,-31.178,279.412,-541,,1,2.266,484.008
2026-09-27T19:39:02.000Z,1790537942.000,32.650282926,-117.199649895,4.735,323.333,312.924,12.262,3.958,5.301,-33.345,279.579,-542,,1,1.83,485.485
2026-09-27T19:39:03.000Z,1790537943.000,32.65029999,-117.199666646,4.736,315.556,310.851,10.058,3.678,5.302,-31.047,279.804,-543,,1,2.394,486.419
2026-09-27T19:39:04.000Z,1790537944.000,32.650316502,-117.19968434,4.963,314.27,311.473,9.462,3.449,5.302,-31.378,280.095,-544,,1,2.592,487.469
2026-09-27T19:39:05.000Z,1790537945.000,32.650332856,-117.199704119,5.119,315.9,308.735,11.56,3.14,5.303,-28.661,280.074,-545,,1,2.536,488.163
2026-09-27T19:39:06.000Z,1790537946.000,32.65034989,-117.19972466,5.098,314.476,306.159,8.726,4.955,5.303,-25.942,280.217,-546,,1,2.623,488.907
2026-09-27T19:39:07.000Z,1790537947.000,32.65036812,-117.199743021,5.266,322.13,304.933,9.667,3.835,5.304,-24.527,280.406,-547,,1,2.07,489.96
2026-09-27T19:39:08.000Z,1790537948.000,32.650386976,-117.19975975,5.13,321.344,307.509,6.953,3.792,5.304,-27.031,280.478,-548,,1,2.066,491.442
2026-09-27T19:39:09.000Z,1790537949.000,32.650404825,-117.199775422,4.674,325.603,308.571,3.505,6.4,5.305,-28.155,280.416,-549,,1,1.546,492.74
2026-09-27T19:39:10.000Z,1790537950.000,32.650423708,-117.199789101,4.761,328.072,314.705,8.468,4.633,5.306,-34.418,280.286,-550,,1,1.364,494.61
2026-09-27T19:39:11.000Z,1790537951.000,32.65044234,-117.199804572,4.867,323.434,314.468,7.968,4.701,5.306,-34.108,280.36,-551,,1,1.753,495.895
2026-09-27T19:39:12.000Z,1790537952.000,32.650460651,-117.19982099,4.796,325.329,313.484,9.288,5.584,5.307,-32.932,280.551,-552,,1,1.565,497.054
2026-09-27T19:39:13.000Z,1790537953.000,32.650478882,-117.19983821,5.072,317.846,314.424,9.781,3.349,5.307,-33.656,280.768,-553,,1,2.251,498.32
2026-09-27T19:39:14.000Z,1790537954.000,32.65049624,-117.19985517,5,322.315,313.546,10.739,2.383,5.308,-32.441,281.105,-554,,1,1.85,499.369
2026-09-27T19:39:15.000Z,1790537955.000,32.650513574,-117.199870878,4.5,321.585,312.874,8.296,6.052,5.308,-31.492,281.382,-555,,1,1.706,500.479
2026-09-27T19:39:16.000Z,1790537956.000,32.650531906,-117.199884704,4.533,332.237,314.369,6.365,5.964,5.309,-32.829,281.54,-556,,1,0.9,501.928
2026-09-27T19:39:17.000Z,1790537957.000,32.650550446,-117.199896006,4.596,333.572,315.336,8.718,4.792,5.309,-33.697,281.639,-557,,1,0.794,503.453
2026-09-27T19:39:18.000Z,1790537958.000,32.650567891,-117.199908511,4.237,325.776,314.353,6.373,5.237,5.31,-32.565,281.789,-558,,1,1.28,504.674
2026-09-27T19:39:19.000Z,1790537959.000,32.650585295,-117.199922207,4.525,323.546,316.727,9.075,4.702,5.311,-34.753,281.974,-559,,1,1.521,506.098
2026-09-27T19:39:20.000Z,1790537960.000,32.650601492,-117.199939915,5.021,314.304,313.198,8.642,4.638,5.311,-31.586,281.612,-560,,1,2.414,506.801
2026-09-27T19:39:21.000Z,1790537961.000,32.650618793,-117.199958491,5.067,320.636,308.035,7.435,5.498,5.312,-26.602,281.433,-561,,1,1.918,507.448
2026-09-27T19:39:22.000Z,1790537962.000,32.65063814,-117.199973746,5.132,325.554,312.874,11.37,3.48,5.312,-31.645,281.229,-562,,1,1.511,509.208
2026-09-27T19:39:23.000Z,1790537963.000,32.65065689,-117.199988721,5.22,330.713,313.445,8.097,6.652,5.313,-32.44,281.005,-563,,1,1.066,510.584
2026-09-27T19:39:24.000Z,1790537964.000,32.650676308,-117.200004034,5,325.228,310.661,8.187,5.885,5.313,-29.789,280.872,-564,,1,1.47,511.758
2026-09-27T19:39:25.000Z,1790537965.000,32.650695287,-117.200020265,4.979,321.553,308.903,6.603,2.982,5.314,-28.171,280.731,-565,,1,1.751,512.929
2026-09-27T19:39:26.000Z,1790537966.000,32.650714255,-117.200035138,4.936,328.956,313.594,8.526,4.247,5.314,-33.085,280.509,-566,,1,1.11,514.652
2026-09-27T19:39:27.000Z,1790537967.000,32.650732842,-117.200048882,4.502,324.52,313.016,6.148,4.332,5.315,-32.699,280.317,-567,,1,1.335,515.971
2026-09-27T19:39:28.000Z,1790537968.000,32.650752057,-117.200060622,4.629,334.877,316.129,10.311,3.278,5.316,-35.81,280.32,-568,,1,0.541,517.711
2026-09-27T19:39:29.000Z,1790537969.000,32.650770308,-117.200072547,4.512,329.455,316.537,8.55,5.538,5.316,-36.142,280.395,-569,,1,0.935,519.141
2026-09-27T19:39:30.000Z,1790537970.000,32.650787259,-117.200085917,4.379,323.202,316.361,7.682,4.248,5.317,-35.906,280.455,-570,,1,1.357,520.339
2026-09-27T19:39:31.000Z,1790537971.000,32.650804158,-117.200101689,4.563,321.052,316.374,9.274,3.595,5.317,-35.969,280.405,-571,,1,1.563,521.455
2026-09-27T19:39:32.000Z,1790537972.000,32.650820675,-117.200117111,4.532,320.756,315.756,12.228,6.079,5.318,-35.896,279.86,-572,,1,1.562,522.498
2026-09-27T19:39:33.000Z,1790537973.000,32.650837964,-117.200133599,4.759,321.1,310.694,9.023,5.023,5.318,-31.061,279.633,-573,,1,1.601,523.238
2026-09-27T19:39:34.000Z,1790537974.000,32.650855678,-117.200148835,4.563,324.973,309.98,7.663,4.963,5.319,-30.497,279.483,-574,,1,1.228,524.4
2026-09-27T19:39:35.000Z,1790537975.000,32.65087378,-117.200164017,4.721,320.976,309.245,5.715,5.617,5.319,-29.836,279.409,-575,,1,1.571,525.602
2026-09-27T19:39:36.000Z,1790537976.000,32.650892012,-117.200179669,4.9,326.586,309.696,6.961,3.043,5.32,-30.277,279.419,-576,,1,1.156,526.892
2026-09-27T19:39:37.000Z,1790537977.000,32.650909708,-117.200194548,4.698,328.046,310.704,6.932,4.908,5.321,-31.199,279.505,-577,,1,0.977,528.2
2026-09-27T19:39:38.000Z,1790537978.000,32.650927192,-117.200208483,4.336,327.705,309.664,7.678,5.609,5.321,-30.234,279.431,-578,,1,0.914,529.364
2026-09-27T19:39:39.000Z,1790537979.000,32.650944279,-117.200221564,4.363,325.097,310.87,8.314,3.082,5.322,-31.774,279.096,-579,,1,1.101,530.694
2026-09-27T19:39:40.000Z,1790537980.000,32.65096052,-117.200235696,4.739,327.906,311.218,7.185,3.146,5.322,-32.39,278.829,-580,,1,0.956,531.832
2026-09-27T19:39:41.000Z,1790537981.000,32.650977406,-117.200251073,4.568,318.764,316.569,10.567,7.163,5.323,-37.995,278.575,-581,,1,1.607,533.368
2026-09-27T19:39:42.000Z,1790537982.000,32.650993632,-117.200269829,5.097,314.931,306.725,8.334,5.775,5.323,-28.353,278.372,-582,,1,2.096,533.541
2026-09-27T19:39:43.000Z,1790537983.000,32.651010239,-117.200288628,5.1,315.287,305.598,9.328,3.019,5.324,-27.264,278.334,-583,,1,2.054,534.421
2026-09-27T19:39:44.000Z,1790537984.000,32.65102694,-117.200306016,5.1,321.831,306.082,9.213,2.304,5.324,-27.873,278.209,-584,,1,1.494,535.493
2026-09-27T19:39:45.000Z,1790537985.000,32.651044587,-117.200321905,5.082,323.376,305.679,8.557,4.671,5.325,-27.537,278.142,-585,,1,1.342,536.647
2026-09-27T19:39:46.000Z,1790537986.000,32.651061789,-117.200337553,4.432,323.142,304.163,4.789,4.2,5.326,-26.38,277.783,-586,,1,1.175,537.677
2026-09-27T19:39:47.000Z,1790537987.000,32.651077483,-117.20035112,4.3,326.468,309.563,4.258,3.943,5.326,-32.206,277.357,-587,,1,0.885,539.18
2026-09-27T19:39:48.000Z,1790537988.000,32.651092644,-117.200364352,4.328,322.295,312.566,5.43,5.419,5.327,-35.612,276.954,-588,,1,1.184,540.448
2026-09-27T19:39:49.000Z,1790537989.000,32.651107775,-117.200379434,4.28,316.044,312.782,7.564,4.576,5.327,-36.15,276.632,-589,,1,1.602,541.427
2026-09-27T19:39:50.000Z,1790537990.000,32.651122303,-117.200395743,4.5,315.878,314.058,11.34,2.318,5.328,-37.654,276.404,-590,,1,1.684,542.378
2026-09-27T19:39:51.000Z,1790537991.000,32.651136165,-117.200413576,4.2,310.957,309.064,9.225,5.664,5.328,-32.74,276.324,-591,,1,1.891,542.72
2026-09-27T19:39:52.000Z,1790537992.000,32.651150414,-117.200431112,4.302,317.952,306.408,7.574,3.63,5.329,-29.965,276.443,-592,,1,1.444,543.289
2026-09-27T19:39:53.000Z,1790537993.000,32.651165839,-117.20044651,4.6,321.413,308.717,9.854,2.876,5.329,-32.098,276.619,-593,,1,1.266,544.45
2026-09-27T19:39:54.000Z,1790537994.000,32.651180427,-117.200462805,4.5,317.489,306.185,5.548,4.967,5.33,-29.592,276.593,-594,,1,1.521,545.111
2026-09-27T19:39:55.000Z,1790537995.000,32.651195123,-117.200480183,4.64,315.658,305.918,8.08,3.12,5.331,-29.479,276.439,-595,,1,1.694,545.919
2026-09-27T19:39:56.000Z,1790537996.000,32.651209984,-117.200497416,4.268,318.065,303.514,6.787,6.141,5.331,-27.198,276.316,-596,,1,1.379,546.58
2026-09-27T19:39:57.000Z,1790537997.000,32.651225257,-117.200514055,4.366,315.839,302.4,6.803,4.161,5.332,-26.227,276.173,-597,,1,1.559,547.407
2026-09-27T19:39:58.000Z,1790537998.000,32.651241305,-117.200530928,4.7,316.324,305.123,7.341,4.559,5.332,-29.111,276.012,-598,,1,1.627,548.611
2026-09-27T19:39:59.000Z,1790537999.000,32.651257048,-117.200549211,4.919,312.971,304.697,5.038,4.259,5.333,-28.523,276.174,-599,,1,1.956,549.479
2026-09-27T19:40:00.000Z,1790538000.000,32.65127331,-117.20056851,5.04,318.624,302.138,7.179,3.763,5.333,-25.869,276.269,-600,,1,1.524,550.19
2026-09-27T19:40:01.000Z,1790538001.000,32.651290558,-117.200585655,4.798,321.761,303.867,8.906,4.759,5.334,-27.607,276.26,-601,,1,1.183,551.426
2026-09-27T19:40:02.000Z,1790538002.000,32.651306974,-117.200600943,4.234,322.552,304.695,6.497,4.239,5.334,-28.594,276.101,-602,,1,0.974,552.577
2026-09-27T19:40:03.000Z,1790538003.000,32.651322125,-117.200616782,4.393,317.63,305.851,3.957,4.575,5.335,-30.086,275.765,-603,,1,1.361,553.604
2026-09-27T19:40:04.000Z,1790538004.000,32.651336956,-117.200631777,4.239,319.917,307.632,6.027,6.6,5.336,-32.113,275.519,-604,,1,1.14,554.679
2026-09-27T19:40:05.000Z,1790538005.000,32.651351956,-117.200645917,4.139,318.889,308.534,7.197,2.279,5.336,-33.015,275.518,-605,,1,1.173,555.734
2026-09-27T19:40:06.000Z,1790538006.000,32.651366805,-117.200660337,4.268,322.741,312.268,8.107,5.538,5.337,-36.416,275.852,-606,,1,0.92,556.983
2026-09-27T19:40:07.000Z,1790538007.000,32.651381609,-117.200675774,4.203,317.842,308.329,7.395,4.09,5.337,-32.131,276.198,-607,,1,1.242,557.591
2026-09-27T19:40:08.000Z,1790538008.000,32.65139627,-117.200691727,4.236,315.575,306.897,3.691,5.184,5.338,-30.73,276.167,-608,,1,1.4,558.359
2026-09-27T19:40:09.000Z,1790538009.000,32.651411196,-117.200706572,4.362,320.588,312.423,10.849,4.175,5.338,-36.261,276.162,-609,,1,1.063,559.74
2026-09-27T19:40:10.000Z,1790538010.000,32.651425056,-117.20072398,4.382,311.532,308.406,7.369,5.839,5.339,-32.225,276.18,-610,,1,1.713,560.171
2026-09-27T19:40:11.000Z,1790538011.000,32.651440243,-117.200742919,4.6,312.93,307.013,8.885,5.636,5.339,-31.013,276,-611,,1,1.681,560.882
2026-09-27T19:40:12.000Z,1790538012.000,32.651454919,-117.200762633,4.77,310.514,304.144,8.42,6.499,5.34,-28.511,275.634,-612,,1,1.916,561.393
2026-09-27T19:40:13.000Z,1790538013.000,32.65147016,-117.200781673,4.708,313.272,303.328,10.085,2.913,5.341,-28.064,275.264,-613,,1,1.668,562.149
2026-09-27T19:40:14.000Z,1790538014.000,32.651485508,-117.200799787,4.721,316.432,302.121,6.483,5.337,5.341,-27.113,275.009,-614,,1,1.413,562.921
2026-09-27T19:40:15.000Z,1790538015.000,32.651501916,-117.200815233,4.56,325.749,302.981,7.442,4.421,5.342,-28.143,274.839,-615,,1,0.628,564.067
2026-09-27T19:40:16.000Z,1790538016.000,32.651518432,-117.200828957,4.2,324.117,302.112,6.662,2.969,5.342,-27.61,274.502,-616,,1,0.685,565.151
2026-09-27T19:40:17.000Z,1790538017.000,32.65153374,-117.200843272,4.432,318.048,304.45,5.537,2.945,5.343,-30.279,274.171,-617,,1,1.168,566.347
2026-09-27T19:40:18.000Z,1790538018.000,32.651546994,-117.200860311,4.226,308.572,302.348,4.47,5.944,5.343,-28.513,273.835,-618,,1,1.759,566.875
2026-09-27T19:40:19.000Z,1790538019.000,32.651561179,-117.200878087,4.457,311.648,300.618,9.664,3.311,5.344,-27.356,273.262,-619,,1,1.623,567.499
2026-09-27T19:40:20.000Z,1790538020.000,32.651574817,-117.200895717,4.46,314.857,302.981,11.739,3.241,5.344,-29.834,273.147,-620,,1,1.377,568.402
2026-09-27T19:40:21.000Z,1790538021.000,32.65158663,-117.200916291,4.628,297.702,295.996,5.836,5.417,5.345,-22.819,273.177,-621,,1,2.654,568.253
2026-09-27T19:40:22.000Z,1790538022.000,32.65159985,-117.200934842,4.47,310.828,299.442,8.044,3.544,5.346,-26.003,273.439,-622,,1,1.652,569.168
2026-09-27T19:40:23.000Z,1790538023.000,32.65161245,-117.200952839,4.159,309.7,297.608,3.808,6.124,5.346,-24.027,273.58,-623,,1,1.603,569.613
2026-09-27T19:40:24.000Z,1790538024.000,32.651626627,-117.200967946,4.16,316.555,301.2,4.419,3.624,5.347,-27.391,273.809,-624,,1,1.121,570.767
2026-09-27T19:40:25.000Z,1790538025.000,32.651641315,-117.200981694,4.021,318.87,307.599,7.203,6.039,5.347,-34.153,273.446,-625,,1,0.914,572.244
2026-09-27T19:40:26.000Z,1790538026.000,32.651654543,-117.200998243,3.863,317.306,301.346,2.378,5.66,5.348,-28.42,272.926,-626,,1,0.972,572.458
2026-09-27T19:40:27.000Z,1790538027.000,32.651668733,-117.201011767,3.967,319.164,307.6,10.433,2.667,5.348,-35.203,272.397,-627,,1,0.861,573.882
2026-09-27T19:40:28.000Z,1790538028.000,32.651680384,-117.201026871,3.606,309.926,305.513,5.087,5.584,5.349,-33.445,272.068,-628,,1,1.33,574.324
2026-09-27T19:40:29.000Z,1790538029.000,32.651693018,-117.201041657,3.98,314.639,306.44,9.219,2.841,5.349,-34.541,271.899,-629,,1,1.148,575.117
2026-09-27T19:40:30.000Z,1790538030.000,32.651705333,-117.20105845,4.2,307.386,304.903,5.062,6.1,5.35,-33.249,271.653,-630,,1,1.7,575.606
2026-09-27T19:40:31.000Z,1790538031.000,32.651718989,-117.201075626,4.163,314.626,303.812,8.792,4.137,5.351,-32.33,271.482,-631,,1,1.18,576.251
2026-09-27T19:40:32.000Z,1790538032.000,32.651732754,-117.201091615,4.4,314.108,304.802,9.463,3.865,5.351,-33.241,271.56,-632,,1,1.273,577.118
2026-09-27T19:40:33.000Z,1790538033.000,32.651745295,-117.201110595,4.535,303.093,299.75,4.65,2.47,5.352,-28.007,271.743,-633,,1,2.107,577.262
2026-09-27T19:40:34.000Z,1790538034.000,32.651758647,-117.201127725,4.439,321.63,300.934,4.908,7.409,5.352,-29.06,271.874,-634,,1,0.693,578.061
2026-09-27T19:40:35.000Z,1790538035.000,32.651773654,-117.201142056,3.918,315.59,299.363,6.265,4.908,5.353,-27.679,271.685,-635,,1,1.004,578.912
2026-09-27T19:40:36.000Z,1790538036.000,32.651787547,-117.201156684,4.105,322.29,299.5,3.389,5.705,5.353,-27.933,271.567,-636,,1,0.571,579.776
2026-09-27T19:40:37.000Z,1790538037.000,32.651799906,-117.201172129,3.738,310.649,295.845,4.7,3.893,5.354,-24.668,271.177,-637,,1,1.247,580.146
2026-09-27T19:40:38.000Z,1790538038.000,32.651809924,-117.201190268,3.944,299.432,288.468,5.284,4.984,5.354,-17.429,271.039,-638,,1,2.007,579.874
2026-09-27T19:40:39.000Z,1790538039.000,32.651816096,-117.20121004,3.814,282.633,279.989,6.152,3.7,5.355,-9.307,270.682,-639,,1,2.804,579.07
2026-09-27T19:40:40.000Z,1790538040.000,32.651817019,-117.201231333,4.181,265.762,267.712,2.257,3.862,5.356,2.565,270.277,-640,,1,3.763,577.419
2026-09-27T19:40:41.000Z,1790538041.000,32.651815097,-117.201253477,3.997,262.742,258.407,5.103,5.642,5.356,11.516,269.923,-641,,1,3.684,575.733
2026-09-27T19:40:42.000Z,1790538042.000,32.651809508,-117.201272782,3.634,246.281,242.674,-3.658,5.363,5.357,27.011,269.685,-642,,1,3.612,573.506
2026-09-27T19:40:43.000Z,1790538043.000,32.651802569,-117.201289534,3.271,240.989,230.995,-2.82,4.945,5.357,38.245,269.24,-643,,1,3.271,571.651
2026-09-27T19:40:44.000Z,1790538044.000,32.651793225,-117.201302073,3.021,226.304,219.401,-10.957,3.903,5.358,49.101,268.502,-644,,1,2.933,569.884
2026-09-27T19:40:45.000Z,1790538045.000,32.651784933,-117.201313209,2.86,224.979,213.616,-11.379,5.744,5.358,54.27,267.886,-645,,1,2.76,568.516
2026-09-27T19:40:46.000Z,1790538046.000,32.651776011,-117.201321489,2.364,216.225,209.272,-16.757,6.14,5.359,58.202,267.475,-646,,1,2.159,567.249
2026-09-27T19:40:47.000Z,1790538047.000,32.65176664,-117.201331826,2.801,230.535,212.866,-17.767,1.261,5.359,54.171,267.037,-647,,1,2.761,565.938
2026-09-27T19:40:48.000Z,1790538048.000,32.651756497,-117.201344925,3.765,224.416,212.839,-15.5,4.885,5.36,53.844,266.683,-648,,1,3.621,564.409
2026-09-27T19:40:49.000Z,1790538049.000,32.651743465,-117.201358635,3.961,220.076,211.679,-14.979,4.89,5.361,54.71,266.389,-649,,1,3.715,562.549
2026-09-27T19:40:50.000Z,1790538050.000,32.651729023,-117.201372398,4.04,217.923,211.18,-16.22,3.459,5.361,55.017,266.197,-650,,1,3.732,560.552
2026-09-27T19:40:51.000Z,1790538051.000,32.651714371,-117.201385158,3.797,216.903,210.258,-12.332,3.49,5.362,55.773,266.031,-651,,1,3.479,558.569
2026-09-27T19:40:52.000Z,1790538052.000,32.651700415,-117.201395157,3.366,210.293,209.168,-12.2,6.5,5.362,56.542,265.709,-652,,1,2.906,556.762
2026-09-27T19:40:53.000Z,1790538053.000,32.651687574,-117.201404826,3.141,219.283,211.589,-10.898,3.048,5.363,53.642,265.231,-653,,1,2.925,555.111
2026-09-27T19:40:54.000Z,1790538054.000,32.6516759,-117.2014162,3.56,220.8,212.1,-11.54,4.2,5.363,52.572,264.672,-654,,1,3.348,553.497
2026-09-27T19:40:55.000Z,1790538055.000,32.651664542,-117.20142894,3.421,222.395,212.161,-12.504,4.064,5.364,52.298,264.459,-655,,1,3.248,551.859
2026-09-27T19:40:56.000Z,1790538056.000,32.65165289,-117.201443996,3.831,227.854,214.48,-13.337,4.161,5.364,50.127,264.607,-656,,1,3.735,550.132
2026-09-27T19:40:57.000Z,1790538057.000,32.651641209,-117.201460655,4.099,229.842,215.665,-11.702,8.168,5.365,48.79,264.455,-657,,1,4.025,548.329
2026-09-27T19:40:58.000Z,1790538058.000,32.651628271,-117.201476764,3.9,221.399,210.308,-9.819,5.837,5.366,54.224,264.532,-658,,1,3.677,546.333
2026-09-27T19:40:59.000Z,1790538059.000,32.651613843,-117.201490029,3.836,217.933,209.163,-8.29,4.875,5.366,55.623,264.785,-659,,1,3.531,544.353
2026-09-27T19:41:00.000Z,1790538060.000,32.651599346,-117.201499949,3.66,211.93,210.247,-10.979,2.165,5.367,54.903,265.15,-660,,1,3.199,542.511
2026-09-27T19:41:01.000Z,1790538061.000,32.651585976,-117.201510519,3.435,216.543,211.968,-8.93,6.613,5.367,53.521,265.489,-661,,1,3.125,540.767
2026-09-27T19:41:02.000Z,1790538062.000,32.65157258,-117.201521322,3.434,215.783,211.798,-9.865,2.974,5.368,53.943,265.741,-662,,1,3.103,538.993
2026-09-27T19:41:03.000Z,1790538063.000,32.651559596,-117.20153456,3.528,223.219,212.721,-11.577,4.759,5.368,53.403,266.123,-663,,1,3.356,537.18
2026-09-27T19:41:04.000Z,1790538064.000,32.651547105,-117.201549135,3.7,228.933,210.901,-12.039,6.697,5.369,55.834,266.735,-664,,1,3.615,535.336
2026-09-27T19:41:05.000Z,1790538065.000,32.651534253,-117.201564629,4,228.759,212.862,-14.797,1.278,5.369,54.4,267.261,-665,,1,3.905,533.462
2026-09-27T19:41:06.000Z,1790538066.000,32.651522879,-117.201579805,3.531,229.493,213.231,-10.507,7.893,5.37,54.493,267.724,-666,,1,3.456,531.733
2026-09-27T19:41:07.000Z,1790538067.000,32.651511441,-117.201593392,3.267,224.843,211.833,-10.533,3.567,5.371,56.384,268.217,-667,,1,3.132,530.036
2026-09-27T19:41:08.000Z,1790538068.000,32.65149869,-117.20160591,3.723,220.241,213.517,-11.671,4.578,5.371,55.093,268.61,-668,,1,3.472,528.285
2026-09-27T19:41:09.000Z,1790538069.000,32.651484998,-117.201619212,3.954,217.839,213.617,-9.817,6.363,5.372,55.227,268.844,-669,,1,3.622,526.388
2026-09-27T19:41:10.000Z,1790538070.000,32.651469394,-117.201633606,4.24,218.44,214.841,-11.181,4.925,5.372,54.159,269,-670,,1,3.9,524.273
2026-09-27T19:41:11.000Z,1790538071.000,32.651454521,-117.201649516,4.232,221.1,214.99,-9.563,5.283,5.373,54.177,269.168,-671,,1,3.964,522.158
2026-09-27T19:41:12.000Z,1790538072.000,32.651440467,-117.201663767,3.9,221,213.9,-12.8,3.9,5.373,55.747,269.647,-672,,1,3.649,520.171
2026-09-27T19:41:13.000Z,1790538073.000,32.651427221,-117.201678806,4.036,224.694,214.309,-11.035,4.372,5.374,55.658,269.967,-673,,1,3.859,518.258
2026-09-27T19:41:14.000Z,1790538074.000,32.651414091,-117.201695092,4.1,228.594,216.638,-10.917,4.602,5.374,53.631,270.269,-674,,1,3.992,516.341
2026-09-27T19:41:15.000Z,1790538075.000,32.651401781,-117.201711444,3.896,226.218,215.261,-11.321,4.321,5.375,55.116,270.376,-675,,1,3.753,514.445
2026-09-27T19:41:16.000Z,1790538076.000,32.651390063,-117.201728089,3.763,232.053,216.021,-10.042,5.189,5.376,54.418,270.439,-676,,1,3.708,512.633
2026-09-27T19:41:17.000Z,1790538077.000,32.651378078,-117.201743551,3.734,227.523,213.734,-10.837,3.265,5.376,56.875,270.609,-677,,1,3.617,510.791
2026-09-27T19:41:18.000Z,1790538078.000,32.651365615,-117.201757815,3.73,221.943,213.43,-10.659,4.894,5.377,57.239,270.669,-678,,1,3.504,508.977
2026-09-27T19:41:19.000Z,1790538079.000,32.651352351,-117.201772276,3.71,220.61,215.5,-9.637,3.673,5.377,55.207,270.707,-679,,1,3.454,507.109
2026-09-27T19:41:20.000Z,1790538080.000,32.651338823,-117.201786977,3.9,222.782,214.741,-7.66,4.818,5.378,55.908,270.649,-680,,1,3.681,505.163
2026-09-27T19:41:21.000Z,1790538081.000,32.651323812,-117.201801763,4.012,223.515,216.431,-10.687,0.8,5.378,53.944,270.375,-681,,1,3.802,503.102
2026-09-27T19:41:22.000Z,1790538082.000,32.651310814,-117.201817649,4.266,228.277,216.469,-10.042,4.669,5.379,53.855,270.325,-682,,1,4.141,501.177
2026-09-27T19:41:23.000Z,1790538083.000,32.65129723,-117.201833335,4.058,222.455,212.136,-11.619,2.629,5.379,58.063,270.198,-683,,1,3.818,499.137
2026-09-27T19:41:24.000Z,1790538084.000,32.651284642,-117.201848744,3.882,228.55,214.761,-10.61,7.639,5.38,55.27,270.031,-684,,1,3.771,497.306
2026-09-27T19:41:25.000Z,1790538085.000,32.651272684,-117.201864675,3.721,228.873,212.261,-9.88,4.415,5.381,57.62,269.881,-685,,1,3.618,495.451
2026-09-27T19:41:26.000Z,1790538086.000,32.651259798,-117.201879406,3.7,222.3,211.491,-9.06,4.323,5.381,58.314,269.805,-686,,1,3.474,493.572
2026-09-27T19:41:27.000Z,1790538087.000,32.651246253,-117.201892149,3.832,216.43,212.458,-10.764,6.226,5.382,57.397,269.855,-687,,1,3.442,491.721
2026-09-27T19:41:28.000Z,1790538088.000,32.651232796,-117.20190596,3.879,223.253,216.357,-9.608,2.3,5.382,53.596,269.953,-688,,1,3.662,489.885
2026-09-27T19:41:29.000Z,1790538089.000,32.651221055,-117.201920422,3.563,227.857,215.623,-8.349,6.226,5.383,54.495,270.118,-689,,1,3.446,488.129
2026-09-27T19:41:30.000Z,1790538090.000,32.651208133,-117.201934047,3.8,219.072,210.397,-9.166,3.981,5.383,59.821,270.219,-690,,1,3.482,486.231
2026-09-27T19:41:31.000Z,1790538091.000,32.651194158,-117.201948877,4.1,224.046,214.9,-11.83,2.774,5.384,55.321,270.221,-691,,1,3.884,484.301
2026-09-27T19:41:32.000Z,1790538092.000,32.651181189,-117.201966104,4.466,227.665,212.61,-10.305,2.703,5.384,57.571,270.181,-692,,1,4.311,482.296
2026-09-27T19:41:33.000Z,1790538093.000,32.6511675,-117.201981831,4.234,223.727,210.141,-12.5,4.083,5.385,60.119,270.261,-693,,1,4,480.28
2026-09-27T19:41:34.000Z,1790538094.000,32.651155214,-117.201995449,3.627,221.01,210.981,-12.437,4.812,5.386,59.399,270.38,-694,,1,3.365,478.521
2026-09-27T19:41:35.000Z,1790538095.000,32.651142651,-117.20200883,3.64,222.904,213.362,-11.257,5.206,5.386,56.962,270.324,-695,,1,3.419,476.762
2026-09-27T19:41:36.000Z,1790538096.000,32.651128311,-117.202022852,3.937,219.374,214.137,-10.331,3.712,5.387,56.182,270.319,-696,,1,3.606,474.782
2026-09-27T19:41:37.000Z,1790538097.000,32.651114343,-117.20203669,4.1,220.723,215.8,-9.497,2.95,5.387,54.714,270.514,-697,,1,3.791,472.862
2026-09-27T19:41:38.000Z,1790538098.000,32.651100476,-117.202052315,4.195,225.147,215.535,-10.361,5.812,5.388,55.132,270.667,-698,,1,3.989,470.853
2026-09-27T19:41:39.000Z,1790538099.000,32.651086484,-117.202069697,4.036,225.971,214.019,-11.864,4.745,5.388,56.62,270.638,-699,,1,3.854,468.747
2026-09-27T19:41:40.000Z,1790538100.000,32.651072374,-117.202085171,3.993,222.502,212.3,-13.217,4.459,5.389,58.214,270.514,-700,,1,3.732,466.702
2026-09-27T19:41:41.000Z,1790538101.000,32.651059923,-117.202099952,3.494,225.554,212.506,-11.8,3.903,5.389,57.883,270.389,-701,,1,3.326,464.876
2026-09-27T19:41:42.000Z,1790538102.000,32.651047978,-117.202114718,3.734,224.605,213.835,-11.332,1.065,5.39,56.445,270.281,-702,,1,3.534,463.117
2026-09-27T19:41:43.000Z,1790538103.000,32.651036948,-117.20212834,3.729,227.781,214.706,-8.653,6.93,5.391,55.564,270.27,-703,,1,3.59,461.49
2026-09-27T19:41:44.000Z,1790538104.000,32.651025466,-117.202141481,3.215,225.583,213.723,-10.306,5.722,5.391,56.709,270.433,-704,,1,3.058,459.809
2026-09-27T19:41:45.000Z,1790538105.000,32.651013606,-117.202154471,3.561,223.442,215.831,-9.761,2.315,5.392,54.723,270.553,-705,,1,3.343,458.141
2026-09-27T19:41:46.000Z,1790538106.000,32.651002478,-117.202168499,3.535,230.054,218.939,-10.284,5.265,5.392,51.607,270.545,-706,,1,3.437,456.534
2026-09-27T19:41:47.000Z,1790538107.000,32.650989875,-117.202185288,4.266,229.081,218.399,-11.336,3.896,5.393,52.152,270.551,-707,,1,4.129,454.603
2026-09-27T19:41:48.000Z,1790538108.000,32.650976115,-117.202204005,4.865,228.11,216.22,-10.4,2.515,5.393,54.256,270.476,-708,,1,4.685,452.452
2026-09-27T19:41:49.000Z,1790538109.000,32.650960771,-117.202220944,4.274,224.917,214.537,-11.354,5.048,5.394,55.829,270.366,-709,,1,4.043,450.22
2026-09-27T19:41:50.000Z,1790538110.000,32.650945038,-117.202236952,4.23,216.264,210.5,-10.055,4.8,5.394,59.582,270.082,-710,,1,3.745,447.964
2026-09-27T19:41:51.000Z,1790538111.000,32.650930224,-117.202251076,4.099,219.499,212.966,-9.468,4.033,5.395,57.085,270.051,-711,,1,3.729,445.948
2026-09-27T19:41:52.000Z,1790538112.000,32.650915985,-117.20226568,3.87,222.913,214.194,-9.622,4.783,5.396,55.756,269.95,-712,,1,3.609,443.961
2026-09-27T19:41:53.000Z,1790538113.000,32.650903488,-117.2022809,4.035,225.777,214.377,-8.571,3.842,5.396,55.412,269.789,-713,,1,3.829,442.115
2026-09-27T19:41:54.000Z,1790538114.000,32.650892691,-117.202295272,3.219,230.351,213.319,-10.121,5.467,5.397,56.434,269.752,-714,,1,3.125,440.456
2026-09-27T19:41:55.000Z,1790538115.000,32.650883299,-117.202308781,3.31,223.726,213.02,-9.12,1.07,5.397,56.777,269.797,-715,,1,3.1,438.983
2026-09-27T19:41:56.000Z,1790538116.000,32.650873753,-117.202322821,3.533,228.714,219.602,-10.692,2.069,5.398,50.207,269.809,-716,,1,3.403,437.592
2026-09-27T19:41:57.000Z,1790538117.000,32.650863004,-117.202339327,4.1,229.1,218.268,-7.001,5.966,5.398,51.431,269.698,-717,,1,3.956,435.843
2026-09-27T19:41:58.000Z,1790538118.000,32.650850115,-117.20235588,4.47,222.095,214.94,-8.035,1.905,5.399,54.492,269.432,-718,,1,4.136,433.844
2026-09-27T19:41:59.000Z,1790538119.000,32.650836315,-117.202371706,4.32,225.803,217.801,-9.238,4.878,5.399,51.297,269.098,-719,,1,4.094,431.889
2026-09-27T19:42:00.000Z,1790538120.000,32.650821419,-117.202388658,4.2,223.861,215.969,-9.939,2.452,5.4,52.949,268.919,-720,,1,3.929,429.697
2026-09-27T19:42:01.000Z,1790538121.000,32.650808703,-117.202404704,3.8,226.546,215.428,-7.493,6.457,5.401,53.359,268.788,-721,,1,3.613,427.784
2026-09-27T19:42:02.000Z,1790538122.000,32.650796882,-117.202418934,3.429,226.86,216.009,-10.12,4.346,5.401,52.534,268.544,-722,,1,3.265,426.051
2026-09-27T19:42:03.000Z,1790538123.000,32.650786805,-117.202432812,3.363,227.785,216.717,-8.4,3.829,5.402,51.574,268.291,-723,,1,3.218,424.511
2026-09-27T19:42:04.000Z,1790538124.000,32.650775536,-117.202448646,3.88,233.319,218.398,-8.697,2.781,5.402,49.52,267.918,-724,,1,3.803,422.795
2026-09-27T19:42:05.000Z,1790538125.000,32.650762953,-117.202465325,4.239,224.462,215.013,-8.426,3.992,5.403,52.594,267.608,-725,,1,3.974,420.821
2026-09-27T19:42:06.000Z,1790538126.000,32.650750612,-117.202480849,3.966,230.885,218.629,-8.746,5.668,5.403,48.727,267.356,-726,,1,3.848,419.04
2026-09-27T19:42:07.000Z,1790538127.000,32.65073778,-117.202497219,3.834,225.811,214.168,-8.662,3.725,5.404,52.918,267.086,-727,,1,3.621,417.035
2026-09-27T19:42:08.000Z,1790538128.000,32.65072367,-117.202510713,4.017,215.031,213.717,-9.808,3.81,5.404,53.138,266.855,-728,,1,3.478,415.082
2026-09-27T19:42:09.000Z,1790538129.000,32.650710157,-117.202524743,3.748,219.067,214.587,-6.466,8.195,5.405,52.003,266.59,-729,,1,3.366,413.187
2026-09-27T19:42:10.000Z,1790538130.000,32.650697305,-117.202538834,3.6,219.345,210.692,-8.132,4.31,5.406,55.712,266.404,-730,,1,3.238,411.297
2026-09-27T19:42:11.000Z,1790538131.000,32.650684116,-117.202551919,3.665,221.277,208.465,-9.672,3.872,5.406,57.577,266.042,-731,,1,3.346,409.441
2026-09-27T19:42:12.000Z,1790538132.000,32.650671263,-117.202564337,3.469,220.101,208.573,-9.407,3.055,5.407,57.391,265.964,-732,,1,3.135,407.663
2026-09-27T19:42:13.000Z,1790538133.000,32.650659684,-117.202576445,3.371,220.887,207.593,-8.529,5.535,5.407,58.291,265.885,-733,,1,3.064,406.02
2026-09-27T19:42:14.000Z,1790538134.000,32.650647051,-117.20258913,3.619,221.491,208.5,-9.275,2.247,5.408,57.19,265.69,-734,,1,3.303,404.258
2026-09-27T19:42:15.000Z,1790538135.000,32.650633041,-117.202601978,3.831,217.4,206.769,-8.843,5.528,5.408,58.657,265.426,-735,,1,3.373,402.337
2026-09-27T19:42:16.000Z,1790538136.000,32.65061759,-117.202615209,4.032,217.846,206.132,-7.533,4.843,5.409,59.025,265.157,-736,,1,3.561,400.261
2026-09-27T19:42:17.000Z,1790538137.000,32.65060191,-117.202626307,3.873,209.445,205.927,-9.319,3.259,5.409,58.986,264.913,-737,,1,3.113,398.245
2026-09-27T19:42:18.000Z,1790538138.000,32.65058704,-117.202638688,3.855,220.067,209.828,-6.942,4.824,5.41,55.008,264.836,-738,,1,3.466,396.284
2026-09-27T19:42:19.000Z,1790538139.000,32.650571247,-117.202652509,4.278,217.791,208.778,-8.195,2.4,5.411,56.252,265.03,-739,,1,3.764,394.145
2026-09-27T19:42:20.000Z,1790538140.000,32.650556407,-117.202665758,3.561,219.658,205.787,-6.668,5.265,5.411,59.503,265.29,-740,,1,3.184,392.12
2026-09-27T19:42:21.000Z,1790538141.000,32.650543043,-117.20267566,3.399,212.484,204.634,-9.4,1.571,5.412,60.816,265.449,-741,,1,2.82,390.383
2026-09-27T19:42:22.000Z,1790538142.000,32.650531428,-117.202686468,3.269,221.543,207.731,-9.077,5.441,5.412,57.897,265.628,-742,,1,2.965,388.8
2026-09-27T19:42:23.000Z,1790538143.000,32.650519803,-117.202698919,3.461,222.65,206.171,-7.014,1.539,5.413,59.578,265.749,-743,,1,3.164,387.139
2026-09-27T19:42:24.000Z,1790538144.000,32.650507667,-117.202709309,3.4,212.4,204.323,-9.865,4.507,5.413,61.306,265.63,-744,,1,2.81,385.507
2026-09-27T19:42:25.000Z,1790538145.000,32.650494794,-117.202719297,3.137,214.513,205.437,-6.378,8.633,5.414,59.998,265.435,-745,,1,2.653,383.82
2026-09-27T19:42:26.000Z,1790538146.000,32.650480984,-117.202730552,3.606,218.769,207.888,-7.165,1.675,5.414,57.193,265.081,-746,,1,3.181,381.998
2026-09-27T19:42:27.000Z,1790538147.000,32.65046652,-117.20274349,4.13,216.965,206.705,-6.285,8.325,5.415,58.414,265.119,-747,,1,3.576,380.03
2026-09-27T19:42:28.000Z,1790538148.000,32.65045041,-117.202756175,4.2,211.764,207.304,-9.878,3.66,5.416,57.86,265.164,-748,,1,3.426,377.913
2026-09-27T19:42:29.000Z,1790538149.000,32.650435746,-117.202770635,4.042,225.305,208.879,-8.877,3.9,5.416,56.397,265.276,-749,,1,3.75,375.881
2026-09-27T19:42:30.000Z,1790538150.000,32.650420695,-117.202785294,3.696,214.235,204.493,-8.454,7.672,5.417,60.942,265.434,-750,,1,3.096,373.777
2026-09-27T19:42:31.000Z,1790538151.000,32.650406783,-117.202797214,3.171,225.916,205.371,-9.271,2.185,5.417,60.22,265.59,-751,,1,2.95,371.911
2026-09-27T19:42:32.000Z,1790538152.000,32.65039469,-117.202807352,3.617,217.135,208.282,-10.777,3.273,5.418,57.308,265.59,-752,,1,3.12,370.308
2026-09-27T19:42:33.000Z,1790538153.000,32.650383093,-117.202818869,2.851,220.447,208.149,-9.676,7.44,5.418,57.265,265.414,-753,,1,2.537,368.69
2026-09-27T19:42:34.000Z,1790538154.000,32.650369923,-117.202831508,3.7,219.229,209.809,-10.809,0.692,5.419,55.53,265.339,-754,,1,3.252,366.883
2026-09-27T19:42:35.000Z,1790538155.000,32.650357476,-117.202842218,3.232,215.07,208.335,-9.473,7.738,5.419,57.085,265.42,-755,,1,2.719,365.2
2026-09-27T19:42:36.000Z,1790538156.000,32.650343575,-117.202853826,3.6,218.526,208.966,-8.732,2.995,5.42,56.486,265.452,-756,,1,3.136,363.349
2026-09-27T19:42:37.000Z,1790538157.000,32.650329798,-117.202867331,4.007,222.331,212.271,-9.7,2.529,5.421,53.253,265.524,-757,,1,3.611,361.466
2026-09-27T19:42:38.000Z,1790538158.000,32.650316968,-117.202882032,4.024,223.793,212.014,-9.114,6.525,5.421,53.735,265.749,-758,,1,3.667,359.6
2026-09-27T19:42:39.000Z,1790538159.000,32.65030431,-117.202896747,3.591,230.742,212.456,-12.305,5.121,5.422,53.358,265.814,-759,,1,3.426,357.758
2026-09-27T19:42:40.000Z,1790538160.000,32.65029279,-117.20291091,3.666,222.218,211.466,-10.269,2.766,5.422,54.259,265.725,-760,,1,3.293,356.037
2026-09-27T19:42:41.000Z,1790538161.000,32.650280708,-117.202924291,3.566,224.935,215.165,-11.135,3.302,5.423,50.629,265.794,-761,,1,3.273,354.349
2026-09-27T19:42:42.000Z,1790538162.000,32.650269312,-117.202938346,3.465,226.312,215.177,-7.812,5.971,5.423,50.638,265.815,-762,,1,3.21,352.656
2026-09-27T19:42:43.000Z,1790538163.000,32.650257551,-117.202950638,3.463,223.424,215.941,-10.022,4.37,5.424,49.837,265.778,-763,,1,3.136,351.005
2026-09-27T19:42:44.000Z,1790538164.000,32.650245643,-117.202964333,3.662,227.09,218.407,-9.862,2.807,5.424,47.791,266.198,-764,,1,3.407,349.319
2026-09-27T19:42:45.000Z,1790538165.000,32.650232724,-117.202979444,4.134,225.142,217.567,-9.665,5.697,5.425,49.02,266.587,-765,,1,3.79,347.414
2026-09-27T19:42:46.000Z,1790538166.000,32.650219284,-117.202995714,3.802,226.554,213.864,-11.028,6.322,5.426,53.287,267.151,-766,,1,3.519,345.368
2026-09-27T19:42:47.000Z,1790538167.000,32.650206311,-117.203010855,3.8,223.746,213.765,-11.152,4.018,5.426,53.766,267.531,-767,,1,3.439,343.472
2026-09-27T19:42:48.000Z,1790538168.000,32.650194625,-117.203025675,3.687,226.925,214.613,-11.087,6.638,5.427,53.09,267.703,-768,,1,3.418,341.732
2026-09-27T19:42:49.000Z,1790538169.000,32.650184036,-117.203040413,3.23,228.524,213.551,-9.579,3.728,5.427,54.256,267.808,-769,,1,3.025,340.08
2026-09-27T19:42:50.000Z,1790538170.000,32.650172859,-117.203053309,3.466,224.182,213.531,-9.836,1.065,5.428,54.369,267.9,-770,,1,3.142,338.453
2026-09-27T19:42:51.000Z,1790538171.000,32.650161814,-117.203066516,3.2,232.412,215.438,-6.844,7.658,5.428,52.537,267.975,-771,,1,3.063,336.856
2026-09-27T19:42:52.000Z,1790538172.000,32.650149199,-117.203080657,3.736,224.68,216.184,-10.06,1.425,5.429,51.927,268.111,-772,,1,3.396,335.048
2026-09-27T19:42:53.000Z,1790538173.000,32.650136066,-117.203097062,4.374,228.328,218.511,-10.909,2.472,5.429,49.808,268.319,-773,,1,4.082,333.132
2026-09-27T19:42:54.000Z,1790538174.000,32.650122684,-117.203114025,4.1,227.049,214.783,-9.548,5.696,5.43,53.68,268.463,-774,,1,3.788,331.06
2026-09-27T19:42:55.000Z,1790538175.000,32.650109053,-117.203128684,3.695,222.805,213.8,-10.563,4.226,5.431,54.824,268.624,-775,,1,3.297,329.103
2026-09-27T19:42:56.000Z,1790538176.000,32.650096523,-117.203143406,3.763,226.984,216.429,-9.627,3.539,5.431,52.422,268.851,-776,,1,3.471,327.31
2026-09-27T19:42:57.000Z,1790538177.000,32.650085009,-117.20315911,3.565,229.691,216.522,-7.298,6.456,5.432,52.558,269.08,-777,,1,3.347,325.544
2026-09-27T19:42:58.000Z,1790538178.000,32.650072902,-117.203172816,3.536,223.968,215.627,-11.755,0.582,5.432,53.612,269.239,-778,,1,3.18,323.776
2026-09-27T19:42:59.000Z,1790538179.000,32.650062223,-117.203187267,3.749,227.372,216.941,-7.541,3.383,5.433,52.458,269.399,-779,,1,3.461,322.163
2026-09-27T19:43:00.000Z,1790538180.000,32.650049762,-117.203202078,4,227.114,217.308,-10.355,5.319,5.433,52.278,269.586,-780,,1,3.683,320.34
2026-09-27T19:43:01.000Z,1790538181.000,32.650036143,-117.203219188,4.3,227.565,218.166,-10.734,3.033,5.434,51.461,269.627,-781,,1,3.969,318.321
2026-09-27T19:43:02.000Z,1790538182.000,32.65002215,-117.203237363,4.559,228.768,217.711,-9.883,4.585,5.434,52.088,269.799,-782,,1,4.241,316.198
2026-09-27T19:43:03.000Z,1790538183.000,32.650008623,-117.203253566,4.085,222.844,214.9,-10.005,7.278,5.435,54.965,269.865,-783,,1,3.62,314.158
2026-09-27T19:43:04.000Z,1790538184.000,32.64999671,-117.203267608,3.361,226.82,214.361,-9.8,2.965,5.436,55.436,269.797,-784,,1,3.077,312.405
2026-09-27T19:43:05.000Z,1790538185.000,32.649986981,-117.203278993,2.968,226.438,217.077,-11.526,2.227,5.436,52.747,269.825,-785,,1,2.707,311.028
2026-09-27T19:43:06.000Z,1790538186.000,32.649978252,-117.203290577,3.163,228.978,218.661,-8.642,5.647,5.437,51.436,270.097,-786,,1,2.939,309.73
2026-09-27T19:43:07.000Z,1790538187.000,32.649967684,-117.203304366,3.5,230.324,219.929,-8.614,4.601,5.437,50.351,270.28,-787,,1,3.28,308.158
2026-09-27T19:43:08.000Z,1790538188.000,32.649955676,-117.203320372,3.961,229.134,219.983,-10.461,3.944,5.438,50.362,270.345,-788,,1,3.68,306.329
2026-09-27T19:43:09.000Z,1790538189.000,32.649942592,-117.203339103,4.261,230.109,218.983,-9.93,3.905,5.438,51.451,270.434,-789,,1,3.982,304.265
2026-09-27T19:43:10.000Z,1790538190.000,32.649928381,-117.203357092,4.467,228.341,218.435,-11.728,4.126,5.439,52.014,270.449,-790,,1,4.12,302.125
2026-09-27T19:43:11.000Z,1790538191.000,32.649914381,-117.203374882,4.666,224.091,217.835,-8.837,4.765,5.439,52.773,270.608,-791,,1,4.153,300.013
2026-09-27T19:43:12.000Z,1790538192.000,32.649900877,-117.203390976,3.806,226.017,216.559,-10.659,4.223,5.44,54.394,270.952,-792,,1,3.44,298.004
2026-09-27T19:43:13.000Z,1790538193.000,32.649890096,-117.203405594,3.277,228.099,218.471,-8.735,3.636,5.441,52.879,271.35,-793,,1,3.01,296.388
2026-09-27T19:43:14.000Z,1790538194.000,32.649879955,-117.203417883,3.194,220.062,216.269,-10.226,2.768,5.441,55.594,271.863,-794,,1,2.724,294.848
2026-09-27T19:43:15.000Z,1790538195.000,32.649869363,-117.203430772,3.433,228.502,220.435,-10.733,5.136,5.442,51.9,272.335,-795,,1,3.158,293.365
2026-09-27T19:43:16.000Z,1790538196.000,32.649859014,-117.203448776,4.034,236.648,219.576,-7.432,4.154,5.442,53.112,272.688,-796,,1,3.896,291.609
2026-09-27T19:43:17.000Z,1790538197.000,32.649847176,-117.203465707,4.236,227.867,215.317,-11.022,4.403,5.443,57.497,272.814,-797,,1,3.872,289.68
2026-09-27T19:43:18.000Z,1790538198.000,32.649835457,-117.203481531,3.639,229.097,215.461,-11.217,5.566,5.443,57.571,273.032,-798,,1,3.354,287.889
2026-09-27T19:43:19.000Z,1790538199.000,32.649824106,-117.203496302,3.353,225.507,214.992,-9.677,4.069,5.444,58.076,273.069,-799,,1,3.001,286.166
2026-09-27T19:43:20.000Z,1790538200.000,32.649813652,-117.203509411,3.468,224.5,216.232,-8.227,6.434,5.444,57.131,273.363,-800,,1,3.074,284.625
2026-09-27T19:43:21.000Z,1790538201.000,32.649802524,-117.203523378,3.691,228.907,218.983,-10.2,3.232,5.445,54.793,273.776,-801,,1,3.391,283.014
2026-09-27T19:43:22.000Z,1790538202.000,32.649791363,-117.203540634,4.036,232.831,220.944,-7.928,4.932,5.446,53.187,274.13,-802,,1,3.806,281.267
2026-09-27T19:43:23.000Z,1790538203.000,32.649778957,-117.203557753,3.717,230.227,218.166,-11.223,5.638,5.446,56.449,274.615,-803,,1,3.442,279.294
2026-09-27T19:43:24.000Z,1790538204.000,32.649765801,-117.203573831,4.093,220.324,215.5,-10.307,2.414,5.447,59.746,275.246,-804,,1,3.463,277.297
2026-09-27T19:43:25.000Z,1790538205.000,32.649753355,-117.20358805,3.7,228.383,219.441,-10.259,4.055,5.447,56.415,275.856,-805,,1,3.373,275.565
2026-09-27T19:43:26.000Z,1790538206.000,32.649742198,-117.20360429,3.704,232.057,219.004,-7.369,5.38,5.448,57.169,276.173,-806,,1,3.465,273.803
2026-09-27T19:43:27.000Z,1790538207.000,32.649729791,-117.203621113,4.179,229.217,217.977,-9.379,2.2,5.448,58.378,276.355,-807,,1,3.828,271.881
2026-09-27T19:43:28.000Z,1790538208.000,32.649717862,-117.203638377,3.68,232.018,216.62,-8.86,7.178,5.449,59.994,276.615,-808,,1,3.436,269.986
2026-09-27T19:43:29.000Z,1790538209.000,32.649705007,-117.203654464,3.7,227.535,216.6,-10.903,3.68,5.449,60.11,276.71,-809,,1,3.337,268.067
2026-09-27T19:43:30.000Z,1790538210.000,32.6496936,-117.2036699,3.667,230.1,219.2,-10.8,3.5,5.45,57.762,276.962,-810,,1,3.372,266.37
2026-09-27T19:43:31.000Z,1790538211.000,32.649683365,-117.203686644,3.67,237.929,219.755,-7.49,2.815,5.451,57.571,277.326,-811,,1,3.539,264.705
2026-09-27T19:43:32.000Z,1790538212.000,32.649672068,-117.203702897,4.188,229.498,221.663,-10.349,4.123,5.451,55.79,277.453,-812,,1,3.829,262.982
2026-09-27T19:43:33.000Z,1790538213.000,32.649661804,-117.203719593,3.47,232.735,219.142,-8.209,3.228,5.452,58.523,277.665,-813,,1,3.244,261.246
2026-09-27T19:43:34.000Z,1790538214.000,32.64965211,-117.203733269,3.232,230.635,220.739,-8.461,6.735,5.452,56.876,277.615,-814,,1,2.976,259.775
2026-09-27T19:43:35.000Z,1790538215.000,32.649642797,-117.203746838,3.033,230.701,218.835,-9.002,4.104,5.453,58.684,277.518,-815,,1,2.792,258.27
2026-09-27T19:43:36.000Z,1790538216.000,32.649632768,-117.2037629,3.924,235.151,223.546,-7.633,3.662,5.453,54.018,277.564,-816,,1,3.719,256.752
2026-09-27T19:43:37.000Z,1790538217.000,32.649622545,-117.203779362,3.637,230,220.633,-10.963,5.549,5.454,56.998,277.631,-817,,1,3.326,255.013
2026-09-27T19:43:38.000Z,1790538218.000,32.649611596,-117.203796641,4.218,231.034,220.003,-8.149,2.066,5.454,57.662,277.665,-818,,1,3.885,253.228
2026-09-27T19:43:39.000Z,1790538219.000,32.649600322,-117.20381295,4,230.361,220.002,-9.298,5.438,5.455,57.807,277.808,-819,,1,3.662,251.461
2026-09-27T19:43:40.000Z,1790538220.000,32.649589677,-117.203829351,3.702,229.852,218.932,-7.692,5.103,5.456,58.909,277.842,-820,,1,3.372,249.731
2026-09-27T19:43:41.000Z,1790538221.000,32.649577717,-117.2038451,3.693,230.681,219.565,-9.106,4.081,5.456,58.149,277.713,-821,,1,3.383,247.93
2026-09-27T19:43:42.000Z,1790538222.000,32.64956626,-117.203860566,3.825,228.237,218.612,-8.35,4.55,5.457,59.084,277.697,-822,,1,3.431,246.157
2026-09-27T19:43:43.000Z,1790538223.000,32.649555437,-117.20387656,3.439,233.697,218.282,-7.93,3,5.457,59.341,277.623,-823,,1,3.213,244.441
2026-09-27T19:43:44.000Z,1790538224.000,32.649544884,-117.203891259,3.497,232.946,217.86,-8.254,4.681,5.458,59.377,277.237,-824,,1,3.248,242.801
2026-09-27T19:43:45.000Z,1790538225.000,32.649534645,-117.203904442,3.4,226.013,216.558,-10.123,2.284,5.458,60.261,276.819,-825,,1,2.979,241.234
2026-09-27T19:43:46.000Z,1790538226.000,32.649526142,-117.203918002,3.1,234.928,217.771,-8.278,4.557,5.459,58.719,276.49,-826,,1,2.913,239.876
2026-09-27T19:43:47.000Z,1790538227.000,32.649515991,-117.203932354,3.321,232.863,218.281,-9.398,3.072,5.459,58.077,276.359,-827,,1,3.076,238.308
2026-09-27T19:43:48.000Z,1790538228.000,32.649505328,-117.203947959,3.494,231.914,217.869,-10.788,4.823,5.46,58.355,276.224,-828,,1,3.211,236.622
2026-09-27T19:43:49.000Z,1790538229.000,32.64949442,-117.203962781,3.667,224.519,215.633,-9.808,4.353,5.461,60.419,276.052,-829,,1,3.151,234.909
2026-09-27T19:43:50.000Z,1790538230.000,32.649483812,-117.203976282,3.1,230.44,217.4,-8.45,5.392,5.461,58.455,275.855,-830,,1,2.811,233.348
2026-09-27T19:43:51.000Z,1790538231.000,32.649473308,-117.203989482,3.363,222.477,216.827,-8.97,1.941,5.462,58.909,275.736,-831,,1,2.819,231.767
2026-09-27T19:43:52.000Z,1790538232.000,32.649462296,-117.204003914,3.705,229.969,219.678,-7.829,4.966,5.462,55.736,275.414,-832,,1,3.34,230.155
2026-09-27T19:43:53.000Z,1790538233.000,32.649450189,-117.204018547,3.4,224.105,214.389,-8.826,6.442,5.463,60.806,275.196,-833,,1,2.892,228.272
2026-09-27T19:43:54.000Z,1790538234.000,32.649437933,-117.204032267,3.4,225.3,215.533,-9.267,2.3,5.463,59.528,275.061,-834,,1,2.924,226.521
2026-09-27T19:43:55.000Z,1790538235.000,32.649426112,-117.204045786,3.534,221.203,214.368,-9.297,5.798,5.464,60.621,274.988,-835,,1,2.897,224.787
2026-09-27T19:43:56.000Z,1790538236.000,32.649414759,-117.204059616,3.5,227.702,213.936,-10.075,2.592,5.464,60.896,274.832,-836,,1,3.074,223.101
2026-09-27T19:43:57.000Z,1790538237.000,32.649404824,-117.204074101,3.239,231.56,214.7,-9.904,6.282,5.465,60.025,274.725,-837,,1,2.94,221.551
2026-09-27T19:43:58.000Z,1790538238.000,32.649393875,-117.20408841,3.4,229.238,215.823,-10.245,1.231,5.466,58.785,274.608,-838,,1,3.022,219.911
2026-09-27T19:43:59.000Z,1790538239.000,32.649382755,-117.204102115,3.533,225.811,215.936,-9.464,5.663,5.466,58.718,274.654,-839,,1,3.033,218.261
2026-09-27T19:44:00.000Z,1790538240.000,32.649371721,-117.204116638,3.466,227.133,216.834,-8.04,4.582,5.467,58.099,274.933,-840,,1,3.012,216.602
2026-09-27T19:44:01.000Z,1790538241.000,32.649360472,-117.204130312,3.706,223.077,217.606,-9.355,4.178,5.467,57.589,275.195,-841,,1,3.077,214.953
2026-09-27T19:44:02.000Z,1790538242.000,32.649348333,-117.204144834,3.961,224.75,218.561,-8.922,2.678,5.468,56.72,275.281,-842,,1,3.347,213.185
2026-09-27T19:44:03.000Z,1790538243.000,32.649336683,-117.204160544,4.007,230.227,219.086,-7.083,5.148,5.468,55.993,275.08,-843,,1,3.57,211.414
2026-09-27T19:44:04.000Z,1790538244.000,32.649325811,-117.204176117,3.766,227.734,217.968,-8.732,3.995,5.469,57.317,275.285,-844,,1,3.273,209.694
2026-09-27T19:44:05.000Z,1790538245.000,32.649316059,-117.204190199,3.104,228.633,214.9,-9.727,9.049,5.469,60.927,275.827,-845,,1,2.717,208.113
2026-09-27T19:44:06.000Z,1790538246.000,32.649306246,-117.204202676,3.018,224.321,212.375,-8.543,-0.067,5.47,64.277,276.652,-846,,1,2.52,206.606
2026-09-27T19:44:07.000Z,1790538247.000,32.649296594,-117.204213147,3.16,227.034,213.918,-5.796,5.455,5.471,63.627,277.544,-847,,1,2.715,205.247
2026-09-27T19:44:08.000Z,1790538248.000,32.649285638,-117.204223796,3.066,214.261,211.699,-6.966,4.8,5.471,66.959,278.658,-848,,1,2.215,203.701
2026-09-27T19:44:09.000Z,1790538249.000,32.649273416,-117.204235482,3.632,224.676,216.062,-7.712,4.5,5.472,63.666,279.728,-849,,1,3.03,202.074
2026-09-27T19:44:10.000Z,1790538250.000,32.649260483,-117.204248946,3.629,222.129,214.688,-9.335,5.053,5.472,66.097,280.785,-850,,1,2.928,200.226
2026-09-27T19:44:11.000Z,1790538251.000,32.649247936,-117.204263452,3.737,223.089,214.675,-7.688,2.724,5.473,66.57,281.245,-851,,1,3.045,198.398
2026-09-27T19:44:12.000Z,1790538252.000,32.649236923,-117.204277527,3.48,227.502,216.43,-7.881,6.42,5.473,65.089,281.519,-852,,1,2.977,196.771
2026-09-27T19:44:13.000Z,1790538253.000,32.649227514,-117.204290629,2.928,231.815,215.736,-9.096,5.229,5.474,65.847,281.583,-853,,1,2.609,195.305
2026-09-27T19:44:14.000Z,1790538254.000,32.649218955,-117.204303798,2.969,231.819,216.135,-9.227,1.953,5.474,65.431,281.565,-854,,1,2.643,193.94
2026-09-27T19:44:15.000Z,1790538255.000,32.649210438,-117.204316642,3.106,233.165,219.116,-9.571,4.151,5.475,62.438,281.554,-855,,1,2.795,192.642
2026-09-27T19:44:16.000Z,1790538256.000,32.649201214,-117.204329612,3.089,226.688,218.337,-7.163,5.219,5.476,63.396,281.733,-856,,1,2.606,191.195
2026-09-27T19:44:17.000Z,1790538257.000,32.649190371,-117.204341438,3.309,221.24,221.509,-6.096,3.357,5.476,60.523,282.031,-857,,1,2.605,189.713
2026-09-27T19:44:18.000Z,1790538258.000,32.649180185,-117.204354186,3.267,228.034,227.678,-7.002,2.839,5.477,54.816,282.494,-858,,1,2.791,188.369
2026-09-27T19:44:19.000Z,1790538259.000,32.649171876,-117.204369944,3.434,242.179,237.192,-5.528,5.174,5.477,45.896,283.088,-859,,1,3.281,187.291
2026-09-27T19:44:20.000Z,1790538260.000,32.649165784,-117.204387822,3.294,252.719,243.355,-6.635,5.29,5.478,39.694,283.048,-860,,1,3.271,186.286
2026-09-27T19:44:21.000Z,1790538261.000,32.6491634,-117.20440542,3.155,268.604,251.635,-4.455,3.227,5.478,31.564,283.199,-861,,1,3.113,185.835
2026-09-27T19:44:22.000Z,1790538262.000,32.649164611,-117.204420479,2.495,274.212,259.905,-3.726,5.974,5.479,23.967,283.873,-862,,1,2.408,185.91
2026-09-27T19:44:23.000Z,1790538263.000,32.649168532,-117.204433229,2.367,291.673,267.83,-0.965,3.533,5.479,17.343,285.173,-863,,1,1.988,186.378
2026-09-27T19:44:24.000Z,1790538264.000,32.649174347,-117.204443473,2.305,308.081,279.668,0.126,4.244,5.48,5.904,285.572,-864,,1,1.494,187.477
2026-09-27T19:44:25.000Z,1790538265.000,32.649181153,-117.204452353,2.336,322.103,288.39,-0.755,3.436,5.481,-3.274,285.115,-865,,1,1.029,188.526
2026-09-27T19:44:26.000Z,1790538266.000,32.649188813,-117.204458628,2.203,333.759,300.663,4.22,5.851,5.481,-16.494,284.169,-866,,1,0.539,190.058
2026-09-27T19:44:27.000Z,1790538267.000,32.649196487,-117.204464719,1.8,312.429,310.165,3.968,4.783,5.482,-27.236,282.929,-867,,1,1.038,191.36
2026-09-27T19:44:28.000Z,1790538268.000,32.649202324,-117.204472521,1.7,312.82,315.992,6.951,3.768,5.482,-34.273,281.719,-868,,1,0.966,192.102
2026-09-27T19:44:29.000Z,1790538269.000,32.649208654,-117.204480182,2.2,313.16,322.56,15.566,4.8,5.483,-41.734,280.825,-869,,1,1.234,192.935
2026-09-27T19:44:30.000Z,1790538270.000,32.649213985,-117.204490107,2.4,296.453,320.404,13.626,4.725,5.483,-39.994,280.41,-870,,1,1.857,192.942
2026-09-27T19:44:31.000Z,1790538271.000,32.649219981,-117.204499282,2.28,311.103,317.939,13.019,4.361,5.484,-37.318,280.621,-871,,1,1.337,193.021
2026-09-27T19:44:32.000Z,1790538272.000,32.649227822,-117.204506211,2.2,333.955,314.368,10.64,5.14,5.484,-33.121,281.247,-872,,1,0.491,193.284
2026-09-27T19:44:33.000Z,1790538273.000,32.649237211,-117.204510505,2.3,340.898,313.488,7.491,3.427,5.485,-31.499,281.989,-873,,1,0.231,194.007
2026-09-27T19:44:34.000Z,1790538274.000,32.649247507,-117.204514159,2.631,346.969,311.235,6.845,5.803,5.486,-28.54,282.694,-874,,1,-0.023,194.74
2026-09-27T19:44:35.000Z,1790538275.000,32.649259548,-117.20451787,2.927,344.887,311.6,9.983,2.456,5.486,-28.23,283.37,-875,,1,0.068,195.849
2026-09-27T19:44:36.000Z,1790538276.000,32.649270941,-117.204524275,2.8,330.648,310.073,5.839,4.188,5.487,-26.353,283.721,-876,,1,0.74,196.644
2026-09-27T19:44:37.000Z,1790538277.000,32.649281421,-117.204531968,2.7,332.479,313.706,6.068,6.032,5.487,-30.138,283.569,-877,,1,0.618,197.695
2026-09-27T19:44:38.000Z,1790538278.000,32.64929204,-117.204537604,2.367,334.937,317.84,11.202,3.503,5.488,-35.488,282.352,-878,,1,0.432,198.87
2026-09-27T19:44:39.000Z,1790538279.000,32.649300548,-117.204545114,2.297,318.224,321.245,6.6,4.214,5.488,-39.562,281.683,-879,,1,1.043,199.697
2026-09-27T19:44:40.000Z,1790538280.000,32.649308148,-117.204552287,1.8,322.442,322.761,8.261,4.697,5.489,-41.038,281.723,-880,,1,0.692,200.304
2026-09-27T19:44:41.000Z,1790538281.000,32.649315238,-117.204557777,1.723,326.655,326.538,11.008,3.739,5.489,-45.501,281.038,-881,,1,0.539,201.079
2026-09-27T19:44:42.000Z,1790538282.000,32.649320686,-117.204564529,2.037,311.073,325.202,8.077,5.463,5.49,-44.985,280.217,-882,,1,1.13,201.282
2026-09-27T19:44:43.000Z,1790538283.000,32.649326194,-117.204571892,1.834,314.598,320.3,5.932,3.892,5.491,-40.717,279.583,-883,,1,0.918,201.213
2026-09-27T19:44:44.000Z,1790538284.000,32.649332777,-117.204578777,2.095,314.473,320.027,6.505,4.265,5.491,-40.142,279.886,-884,,1,1.048,201.599
2026-09-27T19:44:45.000Z,1790538285.000,32.649341142,-117.204585888,2.527,328.604,318.329,6.91,3.4,5.492,-37.225,281.104,-885,,1,0.683,202.052
2026-09-27T19:44:46.000Z,1790538286.000,32.649352473,-117.204592832,2.9,339.579,314.168,5.008,4.439,5.492,-31.529,282.639,-886,,1,0.227,202.626
2026-09-27T19:44:47.000Z,1790538287.000,32.649367283,-117.204597851,3.441,346.986,316.349,7.481,3.459,5.493,-32.062,284.288,-887,,1,-0.195,204.104
2026-09-27T19:44:48.000Z,1790538288.000,32.649382267,-117.2046031,3.3,340.733,316.733,3.467,4.367,5.493,-31.024,285.709,-888,,1,0.155,205.454
2026-09-27T19:44:49.000Z,1790538289.000,32.649396402,-117.204609694,3.3,335.876,318.35,5.071,3.8,5.494,-31.842,286.508,-889,,1,0.415,206.758
2026-09-27T19:44:50.000Z,1790538290.000,32.64940895,-117.204616857,2.8,338.187,318.578,6.378,5.126,5.494,-31.742,286.836,-890,,1,0.227,207.777
2026-09-27T19:44:51.000Z,1790538291.000,32.649420701,-117.20462203,2.59,342.142,325.721,10.78,4.6,5.495,-39.287,286.434,-891,,1,0.018,209.283
2026-09-27T19:44:52.000Z,1790538292.000,32.649430236,-117.204627268,2.166,332.15,323.533,6.499,5.002,5.496,-38.406,285.127,-892,,1,0.383,209.899
2026-09-27T19:44:53.000Z,1790538293.000,32.649438819,-117.204630363,1.934,344.44,329.487,9.395,4.997,5.496,-45.116,284.371,-893,,1,-0.078,211.06
2026-09-27T19:44:54.000Z,1790538294.000,32.649445922,-117.204634139,1.9,332.463,327.689,7.145,4.011,5.497,-43.514,284.175,-894,,1,0.314,211.518
2026-09-27T19:44:55.000Z,1790538295.000,32.649453264,-117.204639026,1.95,330.943,326.926,7.501,4.838,5.497,-42.922,284.004,-895,,1,0.368,212.025
2026-09-27T19:44:56.000Z,1790538296.000,32.64946147,-117.204644464,2.175,326.757,330.067,9.749,3.174,5.498,-46.017,284.05,-896,,1,0.558,212.861
2026-09-27T19:44:57.000Z,1790538297.000,32.649469933,-117.204652033,2.433,327.4,326.833,7.9,5.8,5.498,-42.069,284.764,-897,,1,0.59,213.216
2026-09-27T19:44:58.000Z,1790538298.000,32.649480279,-117.204660082,2.634,326.325,328.609,9.972,5.243,5.499,-42.513,286.097,-898,,1,0.675,214.08
2026-09-27T19:44:59.000Z,1790538299.000,32.649492278,-117.204670355,3.335,324.026,320.065,7.329,4.71,5.499,-33.01,287.054,-899,,1,0.97,214.309
2026-09-27T19:45:00.000Z,1790538300.000,32.649506554,-117.204679809,3.7,329.984,319.198,7.316,4.44,5.5,-32.028,287.17,-900,,1,0.682,215.335
2026-09-27T19:45:01.000Z,1790538301.000,32.649522745,-117.20468699,3.669,342.445,318.935,6.997,5.983,5.501,-31.403,287.532,-901,,1,-0.14,216.686
2026-09-27T19:45:02.000Z,1790538302.000,32.64953905,-117.204693339,3.534,343.211,318.705,8.898,3.408,5.501,-30.65,288.055,-902,,1,-0.203,218.083
2026-09-27T19:45:03.000Z,1790538303.000,32.649553186,-117.204700492,3.402,334.249,317.672,4.166,3.34,5.502,-29.179,288.493,-903,,1,0.318,219.169
2026-09-27T19:45:04.000Z,1790538304.000,32.649565988,-117.204706968,2.848,339.624,323.683,7.173,7.557,5.502,-35.218,288.465,-904,,1,-0.016,220.657
2026-09-27T19:45:05.000Z,1790538305.000,32.649576592,-117.204713028,2.461,327.261,322.497,7.09,4.734,5.503,-34.434,288.063,-905,,1,0.503,221.42
2026-09-27T19:45:06.000Z,1790538306.000,32.649586456,-117.204719701,2.569,334.198,323.108,8.016,2.999,5.503,-35.672,287.436,-906,,1,0.207,222.211
2026-09-27T19:45:07.000Z,1790538307.000,32.649595367,-117.204727133,2.667,319.933,327.333,7.267,7.867,5.504,-40.753,286.58,-907,,1,0.853,223.125
2026-09-27T19:45:08.000Z,1790538308.000,32.649604188,-117.204737836,2.9,309.179,319.36,5.788,4.208,5.504,-33.661,285.699,-908,,1,1.416,223.05
2026-09-27T19:45:09.000Z,1790538309.000,32.649614342,-117.204747886,2.88,325.192,319.317,9.283,3.297,5.505,-34.245,285.071,-909,,1,0.645,223.695
2026-09-27T19:45:10.000Z,1790538310.000,32.649625643,-117.204756613,3.043,330.526,316.431,5.787,5.857,5.506,-31.677,284.754,-910,,1,0.39,224.295
2026-09-27T19:45:11.000Z,1790538311.000,32.649640163,-117.204762757,3.431,344.525,316.444,6.769,3.469,5.506,-31.22,285.224,-911,,1,-0.416,225.537
2026-09-27T19:45:12.000Z,1790538312.000,32.649655483,-117.204769441,3.8,339.697,314.833,3.031,3.969,5.507,-28.366,286.467,-912,,1,-0.163,226.716
2026-09-27T19:45:13.000Z,1790538313.000,32.649670972,-117.204776619,3.766,338.396,316.871,2.497,4.108,5.507,-29.668,287.203,-913,,1,-0.099,228.169
2026-09-27T19:45:14.000Z,1790538314.000,32.649686577,-117.204782545,3.5,346.355,321.038,6.411,5.666,5.508,-33.595,287.443,-914,,1,-0.597,229.834
2026-09-27T19:45:15.000Z,1790538315.000,32.649701222,-117.204788701,3.14,337.819,323.979,7.119,4,5.508,-36.349,287.63,-915,,1,-0.088,231.297
2026-09-27T19:45:16.000Z,1790538316.000,32.649713542,-117.2047969,3.042,328.216,326.305,7.826,3.4,5.509,-38.461,287.844,-916,,1,0.408,232.397
2026-09-27T19:45:17.000Z,1790538317.000,32.649723603,-117.204806737,2.567,317.333,326.301,8.767,6.601,5.509,-38.037,288.264,-917,,1,0.807,233.044
2026-09-27T19:45:18.000Z,1790538318.000,32.649733276,-117.204817372,2.839,317.531,323.743,9.535,3.884,5.51,-34.866,288.877,-918,,1,0.872,233.443
2026-09-27T19:45:19.000Z,1790538319.000,32.649742854,-117.204826829,2.737,321.144,321.747,8.475,3.286,5.511,-33.021,288.726,-919,,1,0.664,233.913
2026-09-27T19:45:20.000Z,1790538320.000,32.649753134,-117.204834925,2.909,325.33,323.215,5.684,4.394,5.511,-34.56,288.654,-920,,1,0.485,234.753
2026-09-27T19:45:21.000Z,1790538321.000,32.649764525,-117.20484218,2.797,334.925,320.035,3.171,5.542,5.512,-31.395,288.641,-921,,1,-0.013,235.405
2026-09-27T19:45:22.000Z,1790538322.000,32.649777882,-117.204848124,3.332,336.034,321.498,5.834,3.126,5.512,-33.261,288.237,-922,,1,-0.097,236.64
2026-09-27T19:45:23.000Z,1790538323.000,32.64979178,-117.204855935,3.625,331.945,321.49,3.93,3.985,5.513,-33.836,287.654,-923,,1,0.133,237.753
2026-09-27T19:45:24.000Z,1790538324.000,32.649807272,-117.20486453,3.726,336.137,320.861,8.563,3.851,5.513,-33.735,287.125,-924,,1,-0.158,238.954
2026-09-27T19:45:25.000Z,1790538325.000,32.649823562,-117.204874804,3.77,330.217,323.584,8.724,5.303,5.514,-36.737,286.847,-925,,1,0.204,240.411
2026-09-27T19:45:26.000Z,1790538326.000,32.649839323,-117.204884545,3.902,337.299,315.865,6.067,4.474,5.514,-28.986,286.879,-926,,1,-0.294,241.077
2026-09-27T19:45:27.000Z,1790538327.000,32.649855978,-117.204889994,3.934,344.696,320.674,9.408,3.814,5.515,-33.594,287.08,-927,,1,-0.823,242.916
2026-09-27T19:45:28.000Z,1790538328.000,32.649870834,-117.204894971,3.2,341.438,322.879,6.208,4.243,5.516,-35.438,287.441,-928,,1,-0.508,244.393
2026-09-27T19:45:29.000Z,1790538329.000,32.649883886,-117.204902749,2.975,333.075,323.738,5.2,4.525,5.516,-35.88,287.857,-929,,1,-0.056,245.483
2026-09-27T19:45:30.000Z,1790538330.000,32.649896677,-117.204913088,3.13,327.696,319.818,6.979,6.469,5.517,-31.782,288.036,-930,,1,0.218,246.106
2026-09-27T19:45:31.000Z,1790538331.000,32.649908893,-117.204922058,3.3,325.542,323.3,11.4,2.968,5.517,-35.385,287.915,-931,,1,0.336,247.256
2026-09-27T19:45:32.000Z,1790538332.000,32.649919603,-117.204932168,3.131,323.039,326.473,10.935,4.924,5.518,-38.922,287.551,-932,,1,0.439,248.179
2026-09-27T19:45:33.000Z,1790538333.000,32.649931352,-117.204945346,3.671,318.681,319.747,7.729,4.559,5.518,-32.642,287.106,-933,,1,0.771,248.393
2026-09-27T19:45:34.000Z,1790538334.000,32.649944384,-117.204957192,3.638,326.845,316.323,7.746,5.231,5.519,-29.637,286.686,-934,,1,0.231,249.011
2026-09-27T19:45:35.000Z,1790538335.000,32.649958736,-117.204966714,3.538,331.224,319.016,9.247,2.669,5.519,-32.904,286.112,-935,,1,-0.068,250.306
2026-09-27T19:45:36.000Z,1790538336.000,32.649972056,-117.204976418,3.3,324.94,320.557,6.635,3.717,5.52,-34.9,285.657,-936,,1,0.28,251.401
2026-09-27T19:45:37.000Z,1790538337.000,32.649985675,-117.204987748,3.663,323.153,314.437,3.234,5.595,5.521,-29.488,284.949,-937,,1,0.404,251.897
2026-09-27T19:45:38.000Z,1790538338.000,32.650000376,-117.204996005,3.435,337.012,318.723,9.07,4.623,5.521,-34.351,284.372,-938,,1,-0.471,253.396
2026-09-27T19:45:39.000Z,1790538339.000,32.650014914,-117.205004763,3.361,333.161,319.939,7.061,3.984,5.522,-35.824,284.115,-939,,1,-0.256,254.628
2026-09-27T19:45:40.000Z,1790538340.000,32.650029801,-117.205014842,3.631,330.419,317.721,5.983,5.211,5.522,-33.686,284.035,-940,,1,-0.125,255.592
2026-09-27T19:45:41.000Z,1790538341.000,32.650045406,-117.20502507,3.901,331.539,318.968,7.135,4.899,5.523,-35.092,283.876,-941,,1,-0.235,256.879
2026-09-27T19:45:42.000Z,1790538342.000,32.650060449,-117.205035329,3.595,326.505,319.5,9.015,4.59,5.523,-35.956,283.544,-942,,1,0.077,258.055
2026-09-27T19:45:43.000Z,1790538343.000,32.650074871,-117.205046784,3.835,326.374,316.313,7.506,4.187,5.524,-32.948,283.365,-943,,1,0.067,258.847
2026-09-27T19:45:44.000Z,1790538344.000,32.65008987,-117.205058304,3.778,321.804,316.246,8.473,3.561,5.524,-32.899,283.347,-944,,1,0.343,259.926
2026-09-27T19:45:45.000Z,1790538345.000,32.650104584,-117.205070774,3.863,325.937,313.789,6.995,4.837,5.525,-30.662,283.127,-945,,1,0.048,260.759
2026-09-27T19:45:46.000Z,1790538346.000,32.650119014,-117.205082045,3.63,325.444,313.367,8.434,3.869,5.526,-30.856,282.511,-946,,1,0.054,261.762
2026-09-27T19:45:47.000Z,1790538347.000,32.650132368,-117.205093275,3.535,324.485,313.114,5.38,4.535,5.526,-31.232,281.883,-947,,1,0.091,262.671
2026-09-27T19:45:48.000Z,1790538348.000,32.650146097,-117.205102991,3.472,331.795,313.07,6.891,3.793,5.527,-31.605,281.465,-948,,1,-0.373,263.691
2026-09-27T19:45:49.000Z,1790538349.000,32.650160048,-117.205111882,3.4,326.259,318.122,9.478,4.295,5.527,-37.132,280.99,-949,,1,-0.057,265.15
2026-09-27T19:45:50.000Z,1790538350.000,32.650173921,-117.205125627,4.169,317.192,313.177,6.463,3.474,5.528,-32.711,280.465,-950,,1,0.562,265.662
2026-09-27T19:45:51.000Z,1790538351.000,32.650187562,-117.205140395,4,315.735,314.868,9.499,5.436,5.528,-34.947,279.921,-951,,1,0.613,266.613
2026-09-27T19:45:52.000Z,1790538352.000,32.650200533,-117.205155994,3.9,316.613,310.673,9.877,4.945,5.529,-31.053,279.62,-952,,1,0.514,267.014
2026-09-27T19:45:53.000Z,1790538353.000,32.650213668,-117.205170719,3.937,316.664,307.33,8.557,2.612,5.529,-27.666,279.664,-953,,1,0.491,267.524
2026-09-27T19:45:54.000Z,1790538354.000,32.650227783,-117.205181376,3.804,331.967,311.182,9.968,4.846,5.53,-30.902,280.28,-954,,1,-0.562,268.853
2026-09-27T19:45:55.000Z,1790538355.000,32.650241996,-117.205193228,3.735,323.274,311.123,8.258,2.971,5.531,-30.385,280.738,-955,,1,-0.01,269.84
2026-09-27T19:45:56.000Z,1790538356.000,32.650254429,-117.205208228,3.901,312.512,305.904,4.401,4.168,5.531,-24.859,281.045,-956,,1,0.695,270.121
2026-09-27T19:45:57.000Z,1790538357.000,32.650266989,-117.205222343,3.836,315.629,307.918,8.79,4.801,5.532,-26.655,281.263,-957,,1,0.453,271.018
2026-09-27T19:45:58.000Z,1790538358.000,32.650279408,-117.205236585,3.663,312.211,307.111,9.36,4.628,5.532,-25.67,281.442,-958,,1,0.626,271.672
2026-09-27T19:45:59.000Z,1790538359.000,32.650292832,-117.205252342,4.45,316.012,302.88,8.94,3.75,5.533,-21.476,281.403,-959,,1,0.44,272.098
2026-09-27T19:46:00.000Z,1790538360.000,32.650305584,-117.205268958,4.235,307.977,301.896,5.192,5.7,5.533,-20.755,281.141,-960,,1,0.976,272.681
2026-09-27T19:46:01.000Z,1790538361.000,32.650317892,-117.205286156,4.101,310.264,296.603,3,2.995,5.534,-15.508,281.095,-961,,1,0.76,272.848
2026-09-27T19:46:02.000Z,1790538362.000,32.65033125,-117.20529995,4,319.234,300.989,10.148,4.946,5.534,-19.467,281.522,-962,,1,0.092,274.033
2026-09-27T19:46:03.000Z,1790538363.000,32.650343891,-117.205313044,3.5,315.775,300.1,4.557,3.953,5.535,-18.393,281.707,-963,,1,0.271,274.746
2026-09-27T19:46:04.000Z,1790538364.000,32.650356881,-117.205325491,3.5,317.241,304.33,6.6,3.75,5.536,-22.981,281.349,-964,,1,0.159,275.93
2026-09-27T19:46:05.000Z,1790538365.000,32.6503675,-117.205341,3.767,305.367,302.267,5.533,4.367,5.536,-20.717,281.549,-965,,1,0.92,276.252
2026-09-27T19:46:06.000Z,1790538366.000,32.650377596,-117.205358227,3.834,304.737,302.167,6.834,4.301,5.537,-19.9,282.267,-966,,1,0.954,276.613
2026-09-27T19:46:07.000Z,1790538367.000,32.65038832,-117.205373965,3.794,310.242,304.381,10.171,5.252,5.537,-21.889,282.492,-967,,1,0.564,277.279
2026-09-27T19:46:08.000Z,1790538368.000,32.6503996,-117.205390086,3.739,311.631,302.1,6.774,4.478,5.538,-19.503,282.597,-968,,1,0.443,277.627
2026-09-27T19:46:09.000Z,1790538369.000,32.650411712,-117.205404781,3.67,315.376,304.527,7.667,4.6,5.538,-21.674,282.853,-969,,1,0.172,278.491
2026-09-27T19:46:10.000Z,1790538370.000,32.650423733,-117.205419533,3.833,311.5,302.1,7.1,4.6,5.539,-18.925,283.175,-970,,1,0.415,278.956
2026-09-27T19:46:11.000Z,1790538371.000,32.650435788,-117.205435882,4.232,310.506,298.708,8.9,4.069,5.539,-14.794,283.914,-971,,1,0.504,279.283
2026-09-27T19:46:12.000Z,1790538372.000,32.650445593,-117.205454573,4.1,296.104,288.792,5.221,3.664,5.54,-4.507,284.285,-972,,1,1.465,278.763
2026-09-27T19:46:13.000Z,1790538373.000,32.650454223,-117.20547346,4,295.539,283.585,7.631,3.931,5.541,0.27,283.856,-973,,1,1.445,278.501
2026-09-27T19:46:14.000Z,1790538374.000,32.650458813,-117.205493484,3.6,279.719,271.361,2.751,3.713,5.541,12.021,283.382,-974,,1,2.156,277.255
2026-09-27T19:46:15.000Z,1790538375.000,32.650460133,-117.20551204,3.534,264.558,263.197,5.168,5.466,5.542,19.893,283.09,-975,,1,2.777,276.091
2026-09-27T19:46:16.000Z,1790538376.000,32.650458107,-117.205529495,3.131,254.468,251.653,2.531,3.12,5.542,31.536,283.189,-976,,1,2.761,274.469
2026-09-27T19:46:17.000Z,1790538377.000,32.650453346,-117.205544821,2.974,245.425,241.07,0.698,7.377,5.543,41.938,283.008,-977,,1,2.811,272.824
2026-09-27T19:46:18.000Z,1790538378.000,32.650445831,-117.205559096,3.042,236.246,231.615,-4.521,1.772,5.543,51.177,282.792,-978,,1,2.998,271.106
2026-09-27T19:46:19.000Z,1790538379.000,32.650437858,-117.205572847,3.505,229.194,222.395,-3.532,4.868,5.544,60.344,282.738,-979,,1,3.502,269.481
2026-09-27T19:46:20.000Z,1790538380.000,32.650427441,-117.205584625,2.9,225.394,213.106,-8.496,5.766,5.544,69.559,282.665,-980,,1,2.899,267.795
2026-09-27T19:46:21.000Z,1790538381.000,32.650416556,-117.205594652,3.008,216.868,206.072,-15.204,3.632,5.545,76.245,282.317,-981,,1,2.962,266.252
2026-09-27T19:46:22.000Z,1790538382.000,32.650406072,-117.205604338,2.863,219.054,202.015,-12.863,6.09,5.546,80.025,282.04,-982,,1,2.836,264.818
2026-09-27T19:46:23.000Z,1790538383.000,32.650395194,-117.205612625,2.96,210.269,201.321,-15.421,2.081,5.546,80.841,282.162,-983,,1,2.834,263.4
2026-09-27T19:46:24.000Z,1790538384.000,32.650384406,-117.205619511,2.6,204.211,199.593,-14.607,6.443,5.547,82.675,282.268,-984,,1,2.394,262.05
2026-09-27T19:46:25.000Z,1790538385.000,32.650372963,-117.205625669,2.734,207.796,202.434,-15.465,1.401,5.547,79.302,281.736,-985,,1,2.578,260.641
2026-09-27T19:46:26.000Z,1790538386.000,32.650361528,-117.205634544,3.269,215.021,202.58,-11.165,4.231,5.548,78.272,280.852,-986,,1,3.194,259.141
2026-09-27T19:46:27.000Z,1790538387.000,32.650348478,-117.205643546,3.462,209.063,199.308,-11.554,5.754,5.548,81.329,280.637,-987,,1,3.285,257.487
2026-09-27T19:46:28.000Z,1790538388.000,32.65033393,-117.205652599,3.778,209.496,199.295,-11.351,3.099,5.549,81.408,280.703,-988,,1,3.591,255.664
2026-09-27T19:46:29.000Z,1790538389.000,32.650319179,-117.205661704,3.463,208.639,199.337,-11.494,5.331,5.549,81.317,280.654,-989,,1,3.272,253.819
2026-09-27T19:46:30.000Z,1790538390.000,32.650305,-117.205671867,3.7,211.3,199.5,-11.367,3.233,5.55,80.682,280.182,-990,,1,3.547,251.99
2026-09-27T19:46:31.000Z,1790538391.000,32.650290703,-117.205681448,3.528,209.06,200.093,-12.649,5.843,5.551,79.153,279.245,-991,,1,3.339,250.17
2026-09-27T19:46:32.000Z,1790538392.000,32.650276733,-117.205691462,3.5,209.286,200.026,-11.78,5.01,5.551,79.005,279.031,-992,,1,3.314,248.369
2026-09-27T19:46:33.000Z,1790538393.000,32.650263623,-117.205699988,3.13,208.924,199.819,-9.96,2.832,5.552,79.036,278.856,-993,,1,2.955,246.714
2026-09-27T19:46:34.000Z,1790538394.000,32.650252643,-117.205708051,2.868,210.243,201.571,-6.935,4.949,5.552,76.654,278.225,-994,,1,2.728,245.283
2026-09-27T19:46:35.000Z,1790538395.000,32.650241108,-117.205717228,3.2,210.758,201.537,-7.068,4.229,5.553,75.803,277.339,-995,,1,3.051,243.762
2026-09-27T19:46:36.000Z,1790538396.000,32.65022758,-117.205724445,3.135,203.42,198.195,-10.06,6.11,5.553,78.059,276.254,-996,,1,2.839,242.133
2026-09-27T19:46:37.000Z,1790538397.000,32.650213963,-117.205732144,3.174,207.303,198.863,-8.329,4.096,5.554,76.586,275.449,-997,,1,2.956,240.451
2026-09-27T19:46:38.000Z,1790538398.000,32.650199173,-117.205741498,3.63,212.859,199.751,-7.62,4.539,5.554,75.264,275.015,-998,,1,3.491,238.587
2026-09-27T19:46:39.000Z,1790538399.000,32.650183366,-117.205750586,4.032,205.725,198.706,-11.242,5.197,5.555,75.727,274.434,-999,,1,3.705,236.642
2026-09-27T19:46:40.000Z,1790538400.000,32.65016751,-117.205761458,4.066,215.7,202.899,-10.271,2.063,5.556,71.06,273.958,-1000,,1,3.957,234.598
2026-09-27T19:46:41.000Z,1790538401.000,32.650151981,-117.20577302,3.936,208.032,199.072,-9.678,5.707,5.556,74.624,273.696,-1001,,1,3.67,232.596
2026-09-27T19:46:42.000Z,1790538402.000,32.650136591,-117.205783582,3.695,213.919,199.8,-9.517,2.546,5.557,73.268,273.068,-1002,,1,3.561,230.626
2026-09-27T19:46:43.000Z,1790538403.000,32.650121926,-117.205793476,3.569,205.78,199.262,-9.477,6.309,5.557,72.848,272.109,-1003,,1,3.267,228.763
2026-09-27T19:46:44.000Z,1790538404.000,32.650107114,-117.205803315,3.663,211.556,199.804,-10.465,4.345,5.558,71.38,271.184,-1004,,1,3.482,226.88
2026-09-27T19:46:45.000Z,1790538405.000,32.65009313,-117.205813282,3.531,208.112,199.372,-8.831,4.04,5.558,71.021,270.393,-1005,,1,3.281,225.083
2026-09-27T19:46:46.000Z,1790538406.000,32.650078429,-117.205821533,3.365,205.097,200.052,-11.8,4.981,5.559,69.835,269.887,-1006,,1,3.053,223.271
2026-09-27T19:46:47.000Z,1790538407.000,32.650063653,-117.205830661,3.525,207.129,199.762,-7.687,4.538,5.559,69.636,269.399,-1007,,1,3.245,221.424
2026-09-27T19:46:48.000Z,1790538408.000,32.650049463,-117.205839276,3.131,208.069,200.084,-9.361,6.369,5.56,68.449,268.534,-1008,,1,2.898,219.653
2026-09-27T19:46:49.000Z,1790538409.000,32.650035432,-117.205848925,3.536,213.168,203.336,-9.636,2.864,5.561,64.474,267.81,-1009,,1,3.377,217.849
2026-09-27T19:46:50.000Z,1790538410.000,32.650021671,-117.205860062,3.666,217.06,203.799,-10.501,6.031,5.561,63.912,267.711,-1010,,1,3.566,216.027
2026-09-27T19:46:51.000Z,1790538411.000,32.650007205,-117.205872187,3.829,209.516,201.571,-10.658,2.764,5.562,65.83,267.402,-1011,,1,3.571,214.099
2026-09-27T19:46:52.000Z,1790538412.000,32.649992692,-117.205884883,4.2,216.643,204.214,-9.588,3.861,5.562,62.414,266.629,-1012,,1,4.074,212.137
2026-09-27T19:46:53.000Z,1790538413.000,32.649977056,-117.20589739,3.823,216.094,203.154,-9.794,5.022,5.563,62.764,265.918,-1013,,1,3.697,210.073
2026-09-27T19:46:54.000Z,1790538414.000,32.649961574,-117.205907915,3.662,207.051,201.203,-9.83,2.865,5.563,64.282,265.485,-1014,,1,3.344,208.105
2026-09-27T19:46:55.000Z,1790538415.000,32.649946049,-117.205917357,3.866,206.889,202.965,-10.065,2.566,5.564,62.311,265.275,-1015,,1,3.522,206.163
2026-09-27T19:46:56.000Z,1790538416.000,32.64993138,-117.205928098,3.93,214.048,206.265,-7.674,5.758,5.564,59.007,265.272,-1016,,1,3.752,204.266
2026-09-27T19:46:57.000Z,1790538417.000,32.649916965,-117.205939039,3.7,205.813,202.853,-10.325,5.919,5.565,62.34,265.193,-1017,,1,3.332,202.383
2026-09-27T19:46:58.000Z,1790538418.000,32.649902302,-117.20595026,3.662,218.732,206.423,-9.77,3.216,5.566,58.348,264.771,-1018,,1,3.569,200.469
2026-09-27T19:46:59.000Z,1790538419.000,32.649890044,-117.205962453,3.565,219.162,204.997,-9.057,4.127,5.566,59.493,264.491,-1019,,1,3.479,198.756
2026-09-27T19:47:00.000Z,1790538420.000,32.649876153,-117.205974547,3.932,219.382,206.462,-12.442,3.998,5.567,57.959,264.421,-1020,,1,3.839,196.888
2026-09-27T19:47:01.000Z,1790538421.000,32.649862624,-117.205989176,4.206,222.471,205.559,-7.347,2.505,5.567,58.709,264.268,-1021,,1,4.148,194.954
2026-09-27T19:47:02.000Z,1790538422.000,32.649847382,-117.206000435,3.974,207.536,201.111,-9.483,4.565,5.568,62.775,263.886,-1022,,1,3.609,192.98
2026-09-27T19:47:03.000Z,1790538423.000,32.649832409,-117.206010311,3.53,215.735,205.701,-10.14,3.649,5.568,57.659,263.359,-1023,,1,3.382,191.079
2026-09-27T19:47:04.000Z,1790538424.000,32.649818735,-117.206021697,3.396,220.726,208.404,-8.668,4.343,5.569,54.715,263.118,-1024,,1,3.325,189.268
2026-09-27T19:47:05.000Z,1790538425.000,32.649806189,-117.206033682,3.234,218.828,205.344,-6.592,5.429,5.569,57.253,262.597,-1025,,1,3.141,187.525
2026-09-27T19:47:06.000Z,1790538426.000,32.64979254,-117.206044564,3.465,216.935,206.796,-10.8,1.735,5.57,55.662,262.457,-1026,,1,3.334,185.728
2026-09-27T19:47:07.000Z,1790538427.000,32.649778755,-117.206058398,4.037,225.406,208.231,-8.681,3.533,5.571,54.192,262.423,-1027,,1,4.003,183.808
2026-09-27T19:47:08.000Z,1790538428.000,32.649764036,-117.206072816,4.578,214.556,205.109,-10.148,3.589,5.571,57.092,262.201,-1028,,1,4.341,181.751
2026-09-27T19:47:09.000Z,1790538429.000,32.649748739,-117.206086691,4.068,218.214,204.562,-9.497,5.375,5.572,57.285,261.847,-1029,,1,3.929,179.668
2026-09-27T19:47:10.000Z,1790538430.000,32.649732999,-117.206100801,4.6,218.957,206.334,-9.046,1.13,5.572,55.102,261.437,-1030,,1,4.455,177.535
2026-09-27T19:47:11.000Z,1790538431.000,32.649717687,-117.206114173,3.764,214.308,201.424,-8.033,8.8,5.573,59.604,261.027,-1031,,1,3.552,175.472
2026-09-27T19:47:12.000Z,1790538432.000,32.649701591,-117.206124042,3.788,202.942,199.451,-11.904,2.616,5.573,61.22,260.671,-1032,,1,3.247,173.471
2026-09-27T19:47:13.000Z,1790538433.000,32.649687148,-117.206132085,3.4,204.822,202.149,-9.03,4.921,5.574,58.242,260.391,-1033,,1,2.965,171.685
2026-09-27T19:47:14.000Z,1790538434.000,32.649673867,-117.206141862,3.461,215.359,206,-7.257,1.596,5.574,54.11,260.11,-1034,,1,3.274,169.963
2026-09-27T19:47:15.000Z,1790538435.000,32.649659961,-117.206152037,3.867,206.132,201.701,-11.669,4.463,5.575,58.135,259.835,-1035,,1,3.402,168.164
2026-09-27T19:47:16.000Z,1790538436.000,32.649645666,-117.206164169,3.797,217.952,203.965,-10.479,6.824,5.576,55.694,259.659,-1036,,1,3.636,166.246
2026-09-27T19:47:17.000Z,1790538437.000,32.649630941,-117.206177171,3.774,215.846,202.251,-11.065,3.845,5.576,57.219,259.471,-1037,,1,3.567,164.257
2026-09-27T19:47:18.000Z,1790538438.000,32.649615432,-117.206189989,4,215.578,203.52,-12.44,4,5.577,55.764,259.284,-1038,,1,3.77,162.192
2026-09-27T19:47:19.000Z,1790538439.000,32.649601117,-117.206203042,4.241,215.301,204.268,-11.027,3.264,5.577,54.848,259.116,-1039,,1,3.986,160.24
2026-09-27T19:47:20.000Z,1790538440.000,32.649586687,-117.206215352,3.768,214.123,203.568,-10.866,3.046,5.578,55.307,258.875,-1040,,1,3.509,158.305
2026-09-27T19:47:21.000Z,1790538441.000,32.64957241,-117.20622766,3.865,218.547,204.53,-8.622,5.935,5.578,53.992,258.523,-1041,,1,3.694,156.386
2026-09-27T19:47:22.000Z,1790538442.000,32.64955678,-117.206239652,3.963,209.507,204.942,-10.363,3.51,5.579,53.395,258.337,-1042,,1,3.549,154.342
2026-09-27T19:47:23.000Z,1790538443.000,32.649540768,-117.206252157,4.3,214.649,207.475,-9.875,2.556,5.579,51.096,258.571,-1043,,1,4.002,152.247
2026-09-27T19:47:24.000Z,1790538444.000,32.649525684,-117.206266148,4.233,216.461,207.9,-10.138,3.761,5.58,50.912,258.812,-1044,,1,3.981,150.184
2026-09-27T19:47:25.000Z,1790538445.000,32.649511789,-117.206280774,3.997,222.373,207.4,-11.2,5.966,5.581,52.144,259.544,-1045,,1,3.876,148.212
2026-09-27T19:47:26.000Z,1790538446.000,32.64949815,-117.20629525,3.741,220.8,206.389,-12.472,4.13,5.581,53.582,259.971,-1046,,1,3.598,146.271
2026-09-27T19:47:27.000Z,1790538447.000,32.649484936,-117.206310502,4.063,224.866,209.1,-12.462,3.763,5.582,51.108,260.208,-1047,,1,3.975,144.362
2026-09-27T19:47:28.000Z,1790538448.000,32.649471944,-117.206324775,3.961,217.138,206.561,-11.366,6.092,5.582,53.825,260.386,-1048,,1,3.725,142.485
2026-09-27T19:47:29.000Z,1790538449.000,32.649457453,-117.206339153,4.2,222.247,209.632,-11.247,0.6,5.583,50.8,260.431,-1049,,1,4.059,140.483
2026-09-27T19:47:30.000Z,1790538450.000,32.649443255,-117.206353247,4.266,215.318,209.102,-8.04,7.432,5.583,51.198,260.3,-1050,,1,3.954,138.499
2026-09-27T19:47:31.000Z,1790538451.000,32.649427141,-117.206366209,4.164,212.678,208.15,-9.893,2.065,5.584,51.957,260.108,-1051,,1,3.774,136.363
2026-09-27T19:47:32.000Z,1790538452.000,32.649411673,-117.206379403,4.338,216.276,212.224,-7.676,3.884,5.584,47.862,260.086,-1052,,1,4.033,134.324
2026-09-27T19:47:33.000Z,1790538453.000,32.649396679,-117.206393653,4.026,217.288,209.251,-7.178,5.074,5.585,51.136,260.387,-1053,,1,3.76,132.23
2026-09-27T19:47:34.000Z,1790538454.000,32.649382553,-117.206408517,4.033,226.215,211.267,-10.531,3.734,5.586,49.495,260.762,-1054,,1,3.943,130.246
2026-09-27T19:47:35.000Z,1790538455.000,32.649369998,-117.206424989,3.908,227.857,208.178,-11.688,4.996,5.586,52.693,260.871,-1055,,1,3.84,128.318
2026-09-27T19:47:36.000Z,1790538456.000,32.649357312,-117.206440516,4.064,224.273,207.628,-14.147,2.114,5.587,53.189,260.817,-1056,,1,3.935,126.435
2026-09-27T19:47:37.000Z,1790538457.000,32.649344359,-117.20645563,3.974,220.564,209.774,-11.816,6.436,5.587,51.016,260.79,-1057,,1,3.772,124.558
2026-09-27T19:47:38.000Z,1790538458.000,32.649331257,-117.206470643,3.817,221.422,209.157,-8.617,3.36,5.588,51.44,260.596,-1058,,1,3.637,122.65
2026-09-27T19:47:39.000Z,1790538459.000,32.649316763,-117.206483624,4,214.483,211.696,-10.365,1.8,5.588,48.893,260.589,-1059,,1,3.63,120.706
2026-09-27T19:47:40.000Z,1790538460.000,32.64930251,-117.206498289,4.3,222.99,214.335,-7.437,4.796,5.589,46.155,260.489,-1060,,1,4.122,118.733
2026-09-27T19:47:41.000Z,1790538461.000,32.649286538,-117.206513069,4.162,214.604,209.473,-8.717,6.91,5.589,51.269,260.741,-1061,,1,3.76,116.493
2026-09-27T19:47:42.000Z,1790538462.000,32.649270944,-117.206526493,3.712,219.194,210.414,-12.676,4.133,5.59,50.564,260.978,-1062,,1,3.462,114.405
2026-09-27T19:47:43.000Z,1790538463.000,32.649257342,-117.206541637,4.24,225.939,213.34,-12.079,3.101,5.591,47.703,261.043,-1063,,1,4.104,112.479
2026-09-27T19:47:44.000Z,1790538464.000,32.649244783,-117.206558088,3.833,226.882,210.957,-8.431,6.506,5.591,49.942,260.899,-1064,,1,3.721,110.549
2026-09-27T19:47:45.000Z,1790538465.000,32.649231333,-117.206571633,3.367,221.267,209.133,-14.267,4.667,5.592,51.56,260.694,-1065,,1,3.167,108.652
2026-09-27T19:47:46.000Z,1790538466.000,32.649219392,-117.20658583,3.6,225.514,211.357,-12.429,0.736,5.592,49.141,260.498,-1066,,1,3.465,106.917
2026-09-27T19:47:47.000Z,1790538467.000,32.64920727,-117.206600575,3.7,225.053,210.11,-8.004,6.582,5.593,50.182,260.292,-1067,,1,3.549,105.112
2026-09-27T19:47:48.000Z,1790538468.000,32.649192249,-117.206613891,3.979,216.155,210.028,-13.723,3.523,5.593,50.122,260.15,-1068,,1,3.585,103.079
2026-09-27T19:47:49.000Z,1790538469.000,32.649178347,-117.206629453,3.788,223.496,210.22,-7.7,5.867,5.594,50.036,260.256,-1069,,1,3.589,101.075
2026-09-27T19:47:50.000Z,1790538470.000,32.649163433,-117.206642733,4.2,215,209.2,-11.2,1.667,5.594,51.249,260.449,-1070,,1,3.722,99.045
2026-09-27T19:47:51.000Z,1790538471.000,32.64914919,-117.206655939,4.165,219.993,211.97,-12.006,5.478,5.595,48.523,260.492,-1071,,1,3.836,97.121
2026-09-27T19:47:52.000Z,1790538472.000,32.649135162,-117.20667228,4.379,224.979,211.333,-9.794,4.898,5.596,49.097,260.43,-1072,,1,4.158,95.067
2026-09-27T19:47:53.000Z,1790538473.000,32.649120009,-117.206686461,4.262,215.423,207.792,-11.061,2.916,5.596,52.276,260.068,-1073,,1,3.75,92.959
2026-09-27T19:47:54.000Z,1790538474.000,32.649104844,-117.206699291,4.032,220.462,214.678,-12.949,3.524,5.597,44.972,259.651,-1074,,1,3.696,91
2026-09-27T19:47:55.000Z,1790538475.000,32.649091729,-117.206715372,3.933,225.797,213.899,-9.499,5.268,5.597,45.794,259.693,-1075,,1,3.728,89.044
2026-09-27T19:47:56.000Z,1790538476.000,32.649077641,-117.20673192,4.392,224.614,213.231,-12.208,2.824,5.598,46.469,259.7,-1076,,1,4.123,86.973
2026-09-27T19:47:57.000Z,1790538477.000,32.649064616,-117.206747903,4.4,225.001,212.1,-11.772,5.08,5.598,47.424,259.524,-1077,,1,4.13,85.027
2026-09-27T19:47:58.000Z,1790538478.000,32.649052225,-117.206763517,3.882,223.031,209.692,-8.376,3.49,5.599,49.788,259.479,-1078,,1,3.585,83.151
2026-09-27T19:47:59.000Z,1790538479.000,32.649037926,-117.206777042,3.759,220.355,210.282,-11.505,3.627,5.599,49.199,259.481,-1079,,1,3.387,81.187
2026-09-27T19:48:00.000Z,1790538480.000,32.649024448,-117.206791785,3.937,223.011,210.94,-6.671,3.326,5.6,48.379,259.319,-1080,,1,3.612,79.263
2026-09-27T19:48:01.000Z,1790538481.000,32.649008914,-117.206803903,4.365,207.6,206.335,-11.28,6.123,5.601,52.734,259.069,-1081,,1,3.363,77.193
2026-09-27T19:48:02.000Z,1790538482.000,32.648992305,-117.20681569,4.239,212.745,209.245,-11.494,2.261,5.601,49.471,258.716,-1082,,1,3.469,75.072
2026-09-27T19:48:03.000Z,1790538483.000,32.648976841,-117.206830781,4.7,220.445,210.933,-10.427,4.006,5.602,47.54,258.473,-1083,,1,4.153,72.941
2026-09-27T19:48:04.000Z,1790538484.000,32.648959774,-117.206847649,4.8,216.399,207.053,-13.385,3.6,5.602,51.437,258.49,-1084,,1,4.036,70.537
2026-09-27T19:48:05.000Z,1790538485.000,32.648943717,-117.206864084,4.534,222.702,207.7,-14.23,3.869,5.603,50.714,258.414,-1085,,1,4.036,68.283
2026-09-27T19:48:06.000Z,1790538486.000,32.648929963,-117.206879408,3.707,221.463,204.585,-11.272,5.293,5.603,53.628,258.214,-1086,,1,3.242,66.293
2026-09-27T19:48:07.000Z,1790538487.000,32.648917015,-117.206891141,3.373,213.236,202.993,-10.137,5.749,5.604,55.105,258.098,-1087,,1,2.662,64.531
2026-09-27T19:48:08.000Z,1790538488.000,32.648904,-117.20690088,3.26,213.6,205.5,-10.96,0.44,5.604,52.528,258.028,-1088,,1,2.565,62.839
2026-09-27T19:48:09.000Z,1790538489.000,32.648890969,-117.206911417,3.469,213.093,206.707,-7.538,7.8,5.605,51.229,257.935,-1089,,1,2.687,61.117
2026-09-27T19:48:10.000Z,1790538490.000,32.648875206,-117.206924295,4.334,214.33,208.066,-9.299,1.734,5.606,49.452,257.518,-1090,,1,3.379,59.032
2026-09-27T19:48:11.000Z,1790538491.000,32.648858279,-117.206939721,4.904,221.177,207.947,-9.235,4.727,5.606,49.394,257.341,-1091,,1,4.121,56.724
2026-09-27T19:48:12.000Z,1790538492.000,32.648839134,-117.206956413,5.326,216.401,206.316,-13.679,4.063,5.607,51.069,257.386,-1092,,1,4.155,54.136
2026-09-27T19:48:13.000Z,1790538493.000,32.648820774,-117.206973581,5.216,217.31,207.5,-12.884,2.188,5.607,49.844,257.344,-1093,,1,4.063,51.622
2026-09-27T19:48:14.000Z,1790538494.000,32.648803336,-117.206989959,4.531,218.084,205.551,-9.163,7.231,5.608,51.812,257.363,-1094,,1,3.512,49.219
2026-09-27T19:48:15.000Z,1790538495.000,32.648786985,-117.207002511,3.966,209.134,203.502,-10.805,3.669,5.608,53.643,257.145,-1095,,1,2.586,47.079
2026-09-27T19:48:16.000Z,1790538496.000,32.648774052,-117.207012353,2.934,211.042,204.766,-10.008,6.751,5.609,52.112,256.878,-1096,,1,1.955,45.39
2026-09-27T19:48:17.000Z,1790538497.000,32.648762645,-117.207020626,3.042,215.696,207.552,-10.6,-1.165,5.609,49.011,256.563,-1097,,1,2.178,43.925
2026-09-27T19:48:18.000Z,1790538498.000,32.648752121,-117.207031098,3.559,221.42,211.122,-8.641,4.512,5.61,45.178,256.3,-1098,,1,2.76,42.484
2026-09-27T19:48:19.000Z,1790538499.000,32.648738347,-117.207046595,4.337,225.453,209.532,-10.342,3.437,5.611,46.771,256.302,-1099,,1,3.502,40.48
2026-09-27T19:48:20.000Z,1790538500.000,32.648722039,-117.20706436,5.133,220.771,206.768,-10.833,4.17,5.611,49.647,256.414,-1100,,1,3.807,38.13
2026-09-27T19:48:21.000Z,1790538501.000,32.648703733,-117.207081572,5.232,215.239,204.432,-12.932,4.842,5.612,52.071,256.503,-1101,,1,3.419,35.61
2026-09-27T19:48:22.000Z,1790538502.000,32.648685654,-117.207096169,4.464,213.137,204.036,-10.137,4.673,5.612,52.63,256.665,-1102,,1,2.698,33.217
2026-09-27T19:48:23.000Z,1790538503.000,32.648668795,-117.207106915,4.239,207.269,203.121,-9.139,3.764,5.613,53.745,256.866,-1103,,1,2.107,31.096
2026-09-27T19:48:24.000Z,1790538504.000,32.648653243,-117.207117482,3.762,213.051,208.25,-8.65,3.557,5.613,48.71,256.96,-1104,,1,2.122,29.125
2026-09-27T19:48:25.000Z,1790538505.000,32.648639581,-117.207130451,3.9,218.597,209.835,-8.269,2.459,5.614,47.218,257.053,-1105,,1,2.436,27.255
2026-09-27T19:48:26.000Z,1790538506.000,32.648626167,-117.207144459,3.965,223.3,213.222,-12.831,3.969,5.614,44.013,257.236,-1106,,1,2.662,25.394
2026-09-27T19:48:27.000Z,1790538507.000,32.648613596,-117.207161903,4.328,233.697,215.207,-13.272,2.336,5.615,42.238,257.445,-1107,,1,3.381,23.481
2026-09-27T19:48:28.000Z,1790538508.000,32.648602213,-117.207179536,4.061,231.371,212.339,-11.599,6.713,5.616,45.303,257.642,-1108,,1,3.003,21.613
2026-09-27T19:48:29.000Z,1790538509.000,32.64858924,-117.20719712,4.069,227.424,216.846,-13.216,1.953,5.616,41.248,258.094,-1109,,1,2.747,19.692
2026-09-27T19:48:30.000Z,1790538510.000,32.648576018,-117.207214744,4.302,226.592,219.166,-10.466,5.228,5.617,39.725,258.891,-1110,,1,2.774,17.723
2026-09-27T19:48:31.000Z,1790538511.000,32.648563052,-117.207231572,3.837,229.171,222.653,-9.958,3.339,5.617,37.012,259.665,-1111,,1,2.531,15.847
2026-09-27T19:48:32.000Z,1790538512.000,32.648551935,-117.207248603,4.09,236.768,233.149,-7.015,3.488,5.618,27.376,260.524,-1112,,1,3.036,14.413
2026-09-27T19:48:33.000Z,1790538513.000,32.648543289,-117.207266759,4.016,239.441,241.737,-10.041,6.932,5.618,19.698,261.435,-1113,,1,3.071,13.228
2026-09-27T19:48:34.000Z,1790538514.000,32.648540525,-117.207287615,3.525,264.052,249.788,-2.713,2.745,5.619,12.438,262.226,-1114,,1,3.395,12.585
2026-09-27T19:48:35.000Z,1790538515.000,32.648542005,-117.207307287,3.733,277.95,261.808,-3.058,2.981,5.619,1.444,263.252,-1115,,1,3.732,12.75
2026-09-27T19:48:36.000Z,1790538516.000,32.648547356,-117.207326078,3.566,296.998,270.116,0.984,4.696,5.62,-5.739,264.377,-1116,,1,3.363,13.171
2026-09-27T19:48:37.000Z,1790538517.000,32.648557213,-117.207340441,3.272,317.135,284.391,3.636,4.702,5.621,-18.834,265.557,-1117,,1,2.425,14.731
2026-09-27T19:48:38.000Z,1790538518.000,32.648566356,-117.207351452,2.478,322.247,294.669,-0.022,5.36,5.621,-28.078,266.591,-1118,,1,1.609,16.069
2026-09-27T19:48:39.000Z,1790538519.000,32.648577541,-117.207356686,2.526,339.115,312.476,9.406,4.377,5.622,-44.877,267.6,-1119,,1,0.883,18.424
2026-09-27T19:48:40.000Z,1790538520.000,32.648586338,-117.207363405,2.233,318.859,317.596,5.529,2.938,5.622,-48.79,268.806,-1120,,1,1.407,19.45
2026-09-27T19:48:41.000Z,1790538521.000,32.648594119,-117.207368032,1.868,351.432,323.804,13.165,7.678,5.623,-53.568,270.236,-1121,,1,0.161,20.513
2026-09-27T19:48:42.000Z,1790538522.000,32.648602256,-117.207371665,1.9,332.669,331.045,18.544,2.209,5.623,-59.315,271.73,-1122,,1,0.716,21.692
2026-09-27T19:48:43.000Z,1790538523.000,32.64860913,-117.207378087,1.882,321.713,327.172,13.345,8.442,5.624,-53.929,273.243,-1123,,1,1.003,21.887
2026-09-27T19:48:44.000Z,1790538524.000,32.648618342,-117.20738708,2.6,318.446,326.992,10.834,1.631,5.624,-52.348,274.645,-1124,,1,1.455,22.467
2026-09-27T19:48:45.000Z,1790538525.000,32.648628404,-117.207395236,2.701,330.435,322.067,11.901,6.833,5.625,-46.088,275.979,-1125,,1,0.952,22.835
2026-09-27T19:48:46.000Z,1790538526.000,32.648641241,-117.207401785,2.966,334.065,324.746,14.275,2.015,5.626,-47.419,277.328,-1126,,1,0.758,24.078
2026-09-27T19:48:47.000Z,1790538527.000,32.648654033,-117.207409234,2.936,337.275,317.5,6.951,6.428,5.626,-38.748,278.752,-1127,,1,0.501,24.571
2026-09-27T19:48:48.000Z,1790538528.000,32.648669274,-117.207414626,3.379,345.114,322.398,9.54,1.551,5.627,-42.392,280.005,-1128,,1,-0.042,26.27
2026-09-27T19:48:49.000Z,1790538529.000,32.648684441,-117.207422409,3.231,333.9,321.376,5.738,7.147,5.627,-40.1,281.276,-1129,,1,0.449,27.44
2026-09-27T19:48:50.000Z,1790538530.000,32.648699355,-117.20743016,3.797,336.635,321.465,10.362,3.503,5.628,-38.703,282.763,-1130,,1,0.18,28.666
2026-09-27T19:48:51.000Z,1790538531.000,32.648714168,-117.20743961,3.435,327.807,320.107,10.976,4.186,5.628,-35.69,284.417,-1131,,1,0.535,29.712
2026-09-27T19:48:52.000Z,1790538532.000,32.648728265,-117.207449822,3.436,331.322,317.915,7.422,6.442,5.629,-32.195,285.719,-1132,,1,0.176,30.593
2026-09-27T19:48:53.000Z,1790538533.000,32.64874183,-117.207458086,2.698,333.821,315.626,8.981,4.595,5.629,-28.35,287.276,-1133,,1,-0.09,31.484
2026-09-27T19:48:54.000Z,1790538534.000,32.648753615,-117.207466598,3.037,329.136,317.251,8.374,2.433,5.63,-28.669,288.582,-1134,,1,0.027,32.479
2026-09-27T19:48:55.000Z,1790538535.000,32.648762836,-117.20747687,2.533,312.542,311.631,3.765,5.001,5.631,-21.673,289.958,-1135,,1,0.668,32.596
2026-09-27T19:48:56.000Z,1790538536.000,32.648772841,-117.207486275,3.127,324.458,318.327,10.786,4.17,5.631,-27.033,291.294,-1136,,1,0.063,33.761
2026-09-27T19:48:57.000Z,1790538537.000,32.648781383,-117.207498384,2.955,306.3,310.544,6.299,4.983,5.632,-17.889,292.655,-1137,,1,0.883,33.575
2026-09-27T19:48:58.000Z,1790538538.000,32.648790876,-117.207510897,2.979,318.009,309.353,7.264,4.117,5.632,-15.221,294.132,-1138,,1,0.176,33.969
2026-09-27T19:48:59.000Z,1790538539.000,32.648801272,-117.207522847,3.1,315.761,307.302,5.677,3.6,5.633,-11.69,295.612,-1139,,1,0.177,34.409
2026-09-27T19:49:00.000Z,1790538540.000,32.648813167,-117.207534,3.467,322.433,307.1,5.733,3.933,5.633,-9.979,297.121,-1140,,1,-0.358,35.175
2026-09-27T19:49:01.000Z,1790538541.000,32.648826073,-117.207544779,3.534,326.206,302.866,3.403,5.191,5.634,-4.249,298.617,-1141,,1,-0.747,35.738
2026-09-27T19:49:02.000Z,1790538542.000,32.648840333,-117.20755574,3.807,326.42,305.243,5.121,2.637,5.634,-5.275,299.969,-1142,,1,-0.998,36.958
2026-09-27T19:49:03.000Z,1790538543.000,32.648853453,-117.207567747,3.539,323.004,304.012,0.339,7.335,5.635,-2.895,301.117,-1143,,1,-0.881,37.735
2026-09-27T19:49:04.000Z,1790538544.000,32.648868136,-117.207577106,3.354,331.787,306.946,6.306,2.578,5.636,-4.984,301.962,-1144,,1,-1.453,39.103
2026-09-27T19:49:05.000Z,1790538545.000,32.648880953,-117.207584948,3.003,331.591,311.97,8.03,6.008,5.636,-9.144,302.826,-1145,,1,-1.383,40.498
2026-09-27T19:49:06.000Z,1790538546.000,32.648891505,-117.20759443,2.735,315.6,309.535,6.71,2.99,5.637,-6.264,303.271,-1146,,1,-0.634,41.019
2026-09-27T19:49:07.000Z,1790538547.000,32.648899439,-117.207607153,2.863,302.517,301.923,7.726,4.801,5.637,1.017,302.94,-1147,,1,-0.122,40.735
2026-09-27T19:49:08.000Z,1790538548.000,32.648905506,-117.207622441,3.342,290.563,297.362,11.255,4.259,5.638,5.136,302.498,-1148,,1,0.424,40.4
2026-09-27T19:49:09.000Z,1790538549.000,32.648906668,-117.207642401,3.632,267.563,283.405,8.826,5.416,5.638,18.494,301.899,-1149,,1,1.703,38.63
2026-09-27T19:49:10.000Z,1790538550.000,32.648906166,-117.207662147,3.367,267.732,272.925,9.835,4.295,5.639,28.411,301.336,-1150,,1,1.457,37.01
2026-09-27T19:49:11.000Z,1790538551.000,32.648904474,-117.207678924,2.67,257.942,261.018,9.135,6.712,5.639,39.985,301.003,-1151,,1,1.49,35.34
2026-09-27T19:49:12.000Z,1790538552.000,32.648900761,-117.207692831,2.612,252.931,252.62,1.847,0.896,5.64,48.343,300.963,-1152,,1,1.601,33.891
2026-09-27T19:49:13.000Z,1790538553.000,32.648898161,-117.207703658,1.88,250.007,244.322,2.422,6.52,5.641,56.703,301.024,-1153,,1,1.209,32.743
2026-09-27T19:49:14.000Z,1790538554.000,32.648894693,-117.207714411,2.055,251.99,233.62,-3.497,1.707,5.641,67.319,300.94,-1154,,1,1.26,31.484
2026-09-27T19:49:15.000Z,1790538555.000,32.64889146,-117.207722078,1.532,230.724,221.312,-11.883,4.36,5.642,79.409,300.721,-1155,,1,1.323,30.467
2026-09-27T19:49:16.000Z,1790538556.000,32.648886945,-117.207728382,1.696,226.267,215,-17.118,3.514,5.642,85.384,300.384,-1156,,1,1.529,29.643
2026-09-27T19:49:17.000Z,1790538557.000,32.64888097,-117.207737923,2.364,230.802,210.935,-12.435,4.158,5.643,88.867,299.801,-1157,,1,2.032,28.621
2026-09-27T19:49:18.000Z,1790538558.000,32.648870165,-117.207746869,3.361,208.396,204.915,-12.242,4.721,5.643,94.027,298.943,-1158,,1,3.327,27.149
2026-09-27T19:49:19.000Z,1790538559.000,32.648855397,-117.207755208,3.762,206.397,204.707,-13.656,3.567,5.644,93.167,297.874,-1159,,1,3.739,25.331
2026-09-27T19:49:20.000Z,1790538560.000,32.64884019,-117.207764673,3.701,208.373,201.329,-8.03,6.406,5.644,95.427,296.755,-1160,,1,3.662,23.431
2026-09-27T19:49:21.000Z,1790538561.000,32.648823091,-117.207773399,4.17,206.359,199.765,-9.695,2.75,5.645,95.859,295.624,-1161,,1,4.145,21.369
2026-09-27T19:49:22.000Z,1790538562.000,32.648807995,-117.207782264,3.665,206.041,199.829,-10.3,5.171,5.646,94.653,294.482,-1162,,1,3.64,19.498
2026-09-27T19:49:23.000Z,1790538563.000,32.64879417,-117.207791251,3.198,217.015,201.484,-11.895,4.844,5.646,91.914,293.398,-1163,,1,3.025,17.743
2026-09-27T19:49:24.000Z,1790538564.000,32.648782837,-117.207800232,2.861,207.628,198.076,-8.624,3.083,5.647,94.603,292.679,-1164,,1,2.818,16.271
2026-09-27T19:49:25.000Z,1790538565.000,32.648772588,-117.20780668,2.733,219.523,200.072,-8.488,5.435,5.647,91.981,292.052,-1165,,1,2.508,14.97
2026-09-27T19:49:26.000Z,1790538566.000,32.648761808,-117.207815394,3.034,215.927,200.165,-7.466,3.097,5.648,91.99,292.156,-1166,,1,2.819,13.542
2026-09-27T19:49:27.000Z,1790538567.000,32.648748776,-117.20782483,3.729,206.332,201.078,-5.471,4.436,5.648,91.539,292.617,-1167,,1,3.605,11.855
2026-09-27T19:49:28.000Z,1790538568.000,32.648732629,-117.207834509,3.877,208.147,201.654,-7.408,5.84,5.649,91.358,293.012,-1168,,1,3.646,9.844
2026-09-27T19:49:29.000Z,1790538569.000,32.648715167,-117.207847008,4.37,211.619,204.522,-8.23,0.878,5.649,88.363,292.885,-1169,,1,3.746,7.59
2026-09-27T19:49:30.000Z,1790538570.000,32.648699114,-117.207857508,3.934,201.092,198.628,-9.141,8.528,5.65,93.923,292.551,-1170,,1,3.561,5.58
2026-09-27T19:49:31.000Z,1790538571.000,32.648682532,-117.207866806,3.8,214.377,206.451,-11.245,2.471,5.651,85.503,291.954,-1171,,1,2.103,3.525
2026-09-27T19:49:32.000Z,1790538572.000,32.648668651,-117.207880686,4.077,222.338,209.951,-7.54,3.511,5.651,81.146,291.098,-1172,,1,0.096,1.606
2026-09-27T19:49:33.000Z,1790538573.000,32.64865575,-117.207895929,3.598,228.619,210.681,-8.877,6.852,5.652,79.628,290.309,-1173,,2,-1.537,0.215
2026-09-27T19:49:34.000Z,1790538574.000,32.648644023,-117.207910627,3.74,227.982,211.13,-8.329,2.792,5.652,78.767,289.897,-1174,,2,-1.563,1.953
2026-09-27T19:49:35.000Z,1790538575.000,32.648632214,-117.207921748,2.697,208.305,211.775,-10.197,6.683,5.653,78.002,289.777,-1175,,2,-0.239,3.563
2026-09-27T19:49:36.000Z,1790538576.000,32.648620624,-117.207932676,3.431,217.319,209.718,-5.178,1.033,5.653,79.898,289.617,-1176,,2,-0.839,5.173
2026-09-27T19:49:37.000Z,1790538577.000,32.648607485,-117.20794071,3.46,204.299,202.305,-6.6,6.56,5.654,87.186,289.491,-1177,,2,-0.072,6.841
2026-09-27T19:49:38.000Z,1790538578.000,32.64859074,-117.20795003,4.2,199.956,195.817,-3.474,4.567,5.654,93.407,289.224,-1178,,2,0.227,8.856
2026-09-27T19:49:39.000Z,1790538579.000,32.648571334,-117.207959745,4.869,199.79,182.771,-5.785,2.884,5.655,106.136,288.908,-1179,,2,0.271,10.941
2026-09-27T19:49:40.000Z,1790538580.000,32.648550373,-117.207965913,4.6,190.396,166.794,-6.924,3.1,5.656,121.402,288.196,-1180,,2,0.998,12.692
2026-09-27T19:49:41.000Z,1790538581.000,32.648529549,-117.207966868,4.269,175.596,150.71,-3.366,5.499,5.656,136.788,287.498,-1181,,2,1.957,13.941
2026-09-27T19:49:42.000Z,1790538582.000,32.648510065,-117.207960103,4.305,157.721,141.073,-1,3.543,5.657,145.87,286.943,-1182,,2,3.051,15.022
2026-09-27T19:49:43.000Z,1790538583.000,32.648494842,-117.207946343,4.038,135.056,128.104,-2.338,5.049,5.657,158.222,286.326,-1183,,2,3.738,15.087
2026-09-27T19:49:44.000Z,1790538584.000,32.648484274,-117.207927087,4.339,121.047,120.545,0.369,4.608,5.658,165.521,286.066,-1184,,2,4.294,14.85
2026-09-27T19:49:45.000Z,1790538585.000,32.648475067,-117.207905867,4.533,114,118.867,-2.733,4.233,5.658,167.55,286.416,-1185,,2,4.532,14.868
2026-09-27T19:49:46.000Z,1790538586.000,32.648465704,-117.207884573,4.3,122.721,125.496,-8.335,5.333,5.659,160.944,286.441,-1186,,2,4.236,15.565
2026-09-27T19:49:47.000Z,1790538587.000,32.64845213,-117.207868074,3.936,135.094,133.063,-4.092,4.006,5.659,153.223,286.286,-1187,,2,3.641,16.929
2026-09-27T19:49:48.000Z,1790538588.000,32.64843647,-117.207856593,4.223,156.468,138.246,-5.577,3.516,5.66,147.841,286.087,-1188,,2,3.051,18.491
2026-09-27T19:49:49.000Z,1790538589.000,32.648419731,-117.207848355,3.679,161.903,139,-10.179,5.93,5.661,147.037,286.037,-1189,,2,2.403,19.95
2026-09-27T19:49:50.000Z,1790538590.000,32.648401701,-117.20784366,4.132,170.656,141.532,-3.976,3.87,5.661,144.435,285.967,-1190,,2,2.188,21.8
2026-09-27T19:49:51.000Z,1790538591.000,32.648383292,-117.20783781,4.2,162.216,141.2,-4.458,3.674,5.662,144.588,285.788,-1191,,2,2.719,23.438
2026-09-27T19:49:52.000Z,1790538592.000,32.648365807,-117.207829446,4.116,154.961,140.619,-6.255,5.664,5.662,144.853,285.472,-1192,,2,3.037,24.871
2026-09-27T19:49:53.000Z,1790538593.000,32.648349428,-117.207819761,3.847,153.084,138.01,-4.041,4.663,5.663,147.067,285.078,-1193,,2,2.921,25.994
2026-09-27T19:49:54.000Z,1790538594.000,32.648334792,-117.207808462,3.52,139.854,138.649,-4.9,3.669,5.663,145.941,284.591,-1194,,2,3.125,27.116
2026-09-27T19:49:55.000Z,1790538595.000,32.648321586,-117.207795553,3.866,140.327,140.973,-8.43,3.328,5.664,143.091,284.065,-1195,,2,3.416,28.155
2026-09-27T19:49:56.000Z,1790538596.000,32.648306982,-117.207784246,3.698,146.82,140.506,0.632,5.334,5.664,143.286,283.792,-1196,,2,3.05,29.193
2026-09-27T19:49:57.000Z,1790538597.000,32.648291845,-117.207772166,3.97,147.104,140.256,-1.979,2.974,5.665,143.386,283.642,-1197,,2,3.261,30.272
2026-09-27T19:49:58.000Z,1790538598.000,32.648277052,-117.207761643,3.663,149.119,141.34,-4.037,5.009,5.666,142.32,283.66,-1198,,2,2.932,31.47
2026-09-27T19:49:59.000Z,1790538599.000,32.648261514,-117.207752049,3.53,151.326,142.93,-5.534,5.317,5.666,140.813,283.744,-1199,,2,2.741,32.814
2026-09-27T19:50:00.000Z,1790538600.000,32.648245906,-117.207743419,3.765,155.07,141.5,-7.543,4.943,5.667,142.454,283.954,-1200,,2,2.76,33.986
2026-09-27T19:50:01.000Z,1790538601.000,32.648229417,-117.207736574,3.766,160.258,140.103,-4.234,3.598,5.667,144.517,284.62,-1201,,2,2.515,35.315
2026-09-27T19:50:02.000Z,1790538602.000,32.648212666,-117.207728463,4.065,159.008,138.87,-3.411,4.543,5.668,146.725,285.596,-1202,,2,2.778,36.634
2026-09-27T19:50:03.000Z,1790538603.000,32.648195517,-117.207719264,3.974,151.216,136.863,-2.411,3.511,5.668,149.22,286.083,-1203,,2,3.082,37.896
2026-09-27T19:50:04.000Z,1790538604.000,32.648179258,-117.207708919,3.82,148.756,137,-0.519,4.24,5.669,148.826,285.826,-1204,,2,3.062,39.182
2026-09-27T19:50:05.000Z,1790538605.000,32.648165017,-117.207697223,3.631,145.2,136.412,-3.892,3.814,5.669,148.308,284.72,-1205,,2,3.038,40.158
2026-09-27T19:50:06.000Z,1790538606.000,32.648150643,-117.207685775,3.766,142.273,138.534,-6.064,4.898,5.67,144.827,283.36,-1206,,2,3.251,41.359
2026-09-27T19:50:07.000Z,1790538607.000,32.648136645,-117.207673305,3.805,143.74,139.225,-7.285,4.65,5.671,143.288,282.513,-1207,,2,3.233,42.376
2026-09-27T19:50:08.000Z,1790538608.000,32.648122122,-117.20766331,3.375,150.681,140.075,-3.099,3.363,5.671,142.353,282.428,-1208,,2,2.63,43.55
2026-09-27T19:50:09.000Z,1790538609.000,32.648104328,-117.20765314,4.609,155.456,139.07,-4.361,3.844,5.672,143.942,283.011,-1209,,2,3.336,44.916
2026-09-27T19:50:10.000Z,1790538610.000,32.648085198,-117.207643614,4.091,153.659,138.297,-5.603,4.897,5.672,145.412,283.709,-1210,,2,3.045,46.459
2026-09-27T19:50:11.000Z,1790538611.000,32.648067396,-117.207634647,4.103,159.594,136.803,-5.071,4.642,5.673,147.677,284.479,-1211,,2,2.752,47.833
2026-09-27T19:50:12.000Z,1790538612.000,32.64804978,-117.207627208,4.055,161.973,134.118,-2.236,4.364,5.673,151.211,285.329,-1212,,2,2.59,49.154
2026-09-27T19:50:13.000Z,1790538613.000,32.648033162,-117.207617428,4,150.028,133.942,-8.115,3.434,5.674,151.63,285.573,-1213,,2,3.135,50.475
2026-09-27T19:50:14.000Z,1790538614.000,32.648017199,-117.207604668,4.007,139.14,131.01,-5.062,6.283,5.674,154.573,285.583,-1214,,2,3.553,51.407
2026-09-27T19:50:15.000Z,1790538615.000,32.648003991,-117.207590257,4.067,134.819,128.7,1.337,4.365,5.675,156.576,285.276,-1215,,2,3.737,52.041
2026-09-27T19:50:16.000Z,1790538616.000,32.647992604,-117.207575073,3.7,130.567,129.834,-1.795,6.064,5.676,154.639,284.473,-1216,,2,3.498,52.729
2026-09-27T19:50:17.000Z,1790538617.000,32.647980805,-117.207560262,3.539,145.281,137.656,-4.714,2.878,5.676,146.494,284.15,-1217,,2,2.942,53.978
2026-09-27T19:50:18.000Z,1790538618.000,32.647967008,-117.207550018,3.583,150.704,137.688,-4.961,3.401,5.677,145.9,283.588,-1218,,2,2.775,55.009
2026-09-27T19:50:19.000Z,1790538619.000,32.647950718,-117.207540648,4.1,154.369,138.831,-4.915,4.085,5.677,144.363,283.194,-1219,,2,3.001,56.409
2026-09-27T19:50:20.000Z,1790538620.000,32.647934194,-117.20752933,4.301,151.799,140.435,-10.533,4.466,5.678,142.345,282.781,-1220,,2,3.274,57.793
2026-09-27T19:50:21.000Z,1790538621.000,32.647916127,-117.207520674,4.264,159.651,141.964,-6.708,4.279,5.678,139.97,281.934,-1221,,2,2.835,59.426
2026-09-27T19:50:22.000Z,1790538622.000,32.647896842,-117.207511071,4.4,155.447,142.247,-4.835,2.882,5.679,138.327,280.574,-1222,,2,3.155,61.059
2026-09-27T19:50:23.000Z,1790538623.000,32.647878159,-117.207500718,4.478,155.301,140.083,-7.095,4.023,5.679,139.076,279.159,-1223,,2,3.216,62.427
2026-09-27T19:50:24.000Z,1790538624.000,32.647859141,-117.207488471,4.7,150.776,139,-6.115,3.383,5.68,139.022,278.022,-1224,,2,3.621,63.836
2026-09-27T19:50:25.000Z,1790538625.000,32.64784134,-117.207476453,4.367,153.307,139.604,-6.631,4.331,5.681,137.82,277.424,-1225,,2,3.235,65.252
2026-09-27T19:50:26.000Z,1790538626.000,32.647823715,-117.207466909,3.802,153.932,140.635,-5.594,1.762,5.681,137.079,277.714,-1226,,2,2.786,66.772
2026-09-27T19:50:27.000Z,1790538627.000,32.647808066,-117.207457993,4.027,152.33,137.537,-4.001,2.683,5.682,140.786,278.323,-1227,,2,3.025,67.812
2026-09-27T19:50:28.000Z,1790538628.000,32.647793573,-117.207447371,3.779,145.164,134.262,-5.14,2.076,5.682,143.781,278.043,-1228,,2,3.126,68.653
2026-09-27T19:50:29.000Z,1790538629.000,32.64777786,-117.207435517,4.138,148.508,133.713,-4.962,-0.295,5.683,143.579,277.292,-1229,,2,3.28,69.776
2026-09-27T19:50:30.000Z,1790538630.000,32.647760867,-117.207424433,4.367,150.333,133.733,-4.8,1.9,5.683,142.871,276.605,-1230,,2,3.373,71.101
2026-09-27T19:50:31.000Z,1790538631.000,32.647742575,-117.207413215,4.409,157.191,134.009,-4.881,1.9,5.684,141.094,275.102,-1231,,2,3.043,72.573
2026-09-27T19:50:32.000Z,1790538632.000,32.64772301,-117.207402391,4.739,153.961,133.116,-4.645,1.513,5.684,140.888,274.004,-1232,,2,3.456,74.102
2026-09-27T19:50:33.000Z,1790538633.000,32.647704048,-117.207387485,5.137,142.167,131.137,-5.885,-0.793,5.685,141.852,272.989,-1233,,2,4.384,75.333
2026-09-27T19:50:34.000Z,1790538634.000,32.647686617,-117.207369513,4.8,133.998,130.033,-1.095,1.83,5.686,142.29,272.323,-1234,,2,4.409,76.36
2026-09-27T19:50:35.000Z,1790538635.000,32.647673591,-117.207349775,4.7,123.2,130.563,-2.331,2.503,5.686,141.783,272.346,-1235,,2,4.588,76.999
2026-09-27T19:50:36.000Z,1790538636.000,32.647661794,-117.207331505,4.035,127.004,128.711,2.996,1.104,5.687,144.134,272.844,-1236,,2,3.872,77.382
2026-09-27T19:50:37.000Z,1790538637.000,32.647651332,-117.207314048,3.976,122.716,126.987,-2.735,1.611,5.687,146.49,273.477,-1237,,2,3.888,77.667
2026-09-27T19:50:38.000Z,1790538638.000,32.647638233,-117.207299314,4.16,135.057,125.921,-3.74,1.752,5.688,148.378,274.299,-1238,,2,3.787,78.373
2026-09-27T19:50:39.000Z,1790538639.000,32.647622379,-117.207284594,4.432,146.435,126.232,-7.368,3.254,5.688,149.146,275.378,-1239,,2,3.592,79.471
2026-09-27T19:50:40.000Z,1790538640.000,32.647604233,-117.207270657,4.868,146.916,126.432,-10.603,0.703,5.689,150.118,276.55,-1240,,2,3.919,80.822
2026-09-27T19:50:41.000Z,1790538641.000,32.647585727,-117.207258625,4.536,150.234,126.272,-14.443,2.851,5.689,151.324,277.596,-1241,,2,3.487,82.253
2026-09-27T19:50:42.000Z,1790538642.000,32.647567459,-117.207247947,4.308,155.074,125.78,-10.996,1.533,5.69,152.577,278.357,-1242,,2,3.065,83.683
2026-09-27T19:50:43.000Z,1790538643.000,32.647550359,-117.207237123,4.218,144.831,126.207,-8.693,-1.811,5.691,152.749,278.955,-1243,,2,3.478,85.061
2026-09-27T19:50:44.000Z,1790538644.000,32.647534389,-117.207222353,4.496,138.428,128.24,-6.26,0.891,5.691,151.388,279.629,-1244,,2,3.966,86.304
2026-09-27T19:50:45.000Z,1790538645.000,32.647520133,-117.2072036,4.733,131.298,132.933,-7.367,2.067,5.692,147.432,280.366,-1245,,2,4.419,87.427
2026-09-27T19:50:46.000Z,1790538646.000,32.64750554,-117.207184052,4.935,133.025,137.223,1.392,-1.261,5.692,143.654,280.876,-1246,,2,4.55,88.515
2026-09-27T19:50:47.000Z,1790538647.000,32.647490743,-117.207165031,4.836,132.047,139.656,0.956,0.503,5.693,141.237,280.893,-1247,,2,4.489,89.499
2026-09-27T19:50:48.000Z,1790538648.000,32.647474601,-117.207149262,4.579,140.753,140.679,-1.711,0.7,5.693,140.372,281.051,-1248,,2,3.942,90.636
2026-09-27T19:50:49.000Z,1790538649.000,32.647455766,-117.207136852,4.553,154.635,142.885,-10.586,-0.161,5.694,138.519,281.404,-1249,,2,3.246,92.257
2026-09-27T19:50:50.000Z,1790538650.000,32.6474352,-117.207128267,4.7,161.867,142.3,-12.067,0.333,5.694,139.992,282.292,-1250,,2,2.904,93.996
2026-09-27T19:50:51.000Z,1790538651.000,32.647414649,-117.207122014,4.762,165.072,138.035,-5.866,-1.521,5.695,145.454,283.489,-1251,,2,2.725,95.554
2026-09-27T19:50:52.000Z,1790538652.000,32.647394469,-117.207114488,4.757,157.084,133.879,-4.221,-0.128,5.696,150.641,284.52,-1252,,2,3.234,97.024
2026-09-27T19:50:53.000Z,1790538653.000,32.647375774,-117.207103903,4.4,153.293,130.393,-1.053,-0.621,5.696,155.222,285.614,-1253,,2,3.196,98.272
2026-09-27T19:50:54.000Z,1790538654.000,32.64735843,-117.207088393,4.738,139.013,128.638,-1.525,-1.457,5.697,157.774,286.411,-1254,,2,4.136,99.331
2026-09-27T19:50:55.000Z,1790538655.000,32.647342578,-117.207069313,4.802,132.933,128.467,-1.399,1.232,5.697,158.154,286.621,-1255,,2,4.416,100.228
2026-09-27T19:50:56.000Z,1790538656.000,32.647327436,-117.20704905,4.904,130.045,128.069,2.369,-0.469,5.698,158.324,286.393,-1256,,2,4.6,100.992
2026-09-27T19:50:57.000Z,1790538657.000,32.647312367,-117.207029333,4.867,133.9,126.733,3.567,-1,5.698,159.254,285.988,-1257,,2,4.44,101.694
2026-09-27T19:50:58.000Z,1790538658.000,32.647296608,-117.20701012,4.978,134.737,126.544,-3.875,-0.134,5.699,158.959,285.503,-1258,,2,4.51,102.575
2026-09-27T19:50:59.000Z,1790538659.000,32.647279887,-117.206989749,5.269,137.031,129.138,-7.393,-0.407,5.699,155.942,285.08,-1259,,2,4.679,103.73
2026-09-27T19:51:00.000Z,1790538660.000,32.647262539,-117.206971239,4.934,138.832,127.301,-5.566,0.999,5.7,157.376,284.676,-1260,,2,4.306,104.671
2026-09-27T19:51:01.000Z,1790538661.000,32.647245626,-117.206955385,4.541,143.585,127.276,-1.406,-0.246,5.701,157.42,284.696,-1261,,2,3.764,105.808
2026-09-27T19:51:02.000Z,1790538662.000,32.647229904,-117.206941328,4.34,143.497,126.321,-3.502,-0.963,5.701,158.784,285.105,-1262,,2,3.599,106.816
2026-09-27T19:51:03.000Z,1790538663.000,32.647213798,-117.206928483,4.318,147.59,126.318,-4.185,-0.375,5.702,159.531,285.849,-1263,,2,3.398,107.984
2026-09-27T19:51:04.000Z,1790538664.000,32.647197061,-117.206913937,4.575,144.683,125.675,-5.894,-1.519,5.702,160.828,286.503,-1264,,2,3.736,109.102
2026-09-27T19:51:05.000Z,1790538665.000,32.64718085,-117.20689795,4.533,140.684,124.598,-5.902,1.267,5.703,161.897,286.495,-1265,,2,3.874,110.079
2026-09-27T19:51:06.000Z,1790538666.000,32.64716553,-117.206880802,4.537,135.272,124.969,-1.84,-0.606,5.703,160.78,285.749,-1266,,2,4.081,111.036
2026-09-27T19:51:07.000Z,1790538667.000,32.647151246,-117.206861963,4.619,133.254,125.602,-3.658,-0.981,5.704,159.469,285.071,-1267,,2,4.222,111.846
2026-09-27T19:51:08.000Z,1790538668.000,32.647136308,-117.206841864,5.002,131.949,127.642,-3.8,0.04,5.704,156.991,284.632,-1268,,2,4.616,112.787
2026-09-27T19:51:09.000Z,1790538669.000,32.647119977,-117.206820104,5.233,131.331,130.135,-4.708,0.441,5.705,154.195,284.33,-1269,,2,4.848,113.842
2026-09-27T19:51:10.000Z,1790538670.000,32.64710162,-117.206800617,5.068,142.065,131.869,-1.942,0.235,5.706,152.243,284.113,-1270,,2,4.256,115.127
2026-09-27T19:51:11.000Z,1790538671.000,32.647082925,-117.206784018,5.136,140.913,127.107,-4.197,0.493,5.706,156.761,283.868,-1271,,2,4.366,116.049
2026-09-27T19:51:12.000Z,1790538672.000,32.647064202,-117.206768859,4.763,148.2,126.811,-6.448,0.142,5.707,156.711,283.521,-1272,,2,3.696,117.375
2026-09-27T19:51:13.000Z,1790538673.000,32.647045135,-117.206755247,4.661,150.657,125.194,-6.061,-0.094,5.707,158.005,283.198,-1273,,2,3.485,118.689
2026-09-27T19:51:14.000Z,1790538674.000,32.647026593,-117.206740568,4.6,142.356,121.856,-3.931,-0.738,5.708,161.16,283.016,-1274,,2,3.842,119.771
2026-09-27T19:51:15.000Z,1790538675.000,32.647010805,-117.206723373,4.634,133.008,121.067,-3.068,-0.734,5.708,161.8,282.867,-1275,,2,4.231,120.682
2026-09-27T19:51:16.000Z,1790538676.000,32.646997875,-117.20670294,4.765,126.48,120.455,-4.48,-0.415,5.709,162.258,282.713,-1276,,2,4.543,121.195
2026-09-27T19:51:17.000Z,1790538677.000,32.646986608,-117.206683206,4.263,124.105,121.52,-0.7,1.18,5.709,161.157,282.677,-1277,,2,4.114,121.699
2026-09-27T19:51:18.000Z,1790538678.000,32.646976324,-117.20666357,4.161,123.66,122.461,-2.068,-0.175,5.71,160.208,282.669,-1278,,2,4.023,122.096
2026-09-27T19:51:19.000Z,1790538679.000,32.646963509,-117.206645337,4.332,133.347,124.77,-3.943,-1.197,5.711,157.88,282.65,-1279,,2,3.942,122.912
2026-09-27T19:51:20.000Z,1790538680.000,32.646947194,-117.206627761,4.9,140.9,127.134,-5.2,0.201,5.711,155.459,282.593,-1280,,2,4.151,124.113
2026-09-27T19:51:21.000Z,1790538681.000,32.646928045,-117.206608845,5.4,139.469,129.266,-6.503,-0.652,5.712,153.287,282.553,-1281,,2,4.642,125.534
2026-09-27T19:51:22.000Z,1790538682.000,32.646908908,-117.20659036,5.185,142.022,127.415,-4.515,-0.722,5.712,155.007,282.421,-1282,,2,4.332,126.657
2026-09-27T19:51:23.000Z,1790538683.000,32.646889941,-117.206574262,4.919,146.605,125.749,-2.168,0.919,5.713,156.455,282.204,-1283,,2,3.878,127.865
2026-09-27T19:51:24.000Z,1790538684.000,32.646873301,-117.206559804,4.332,142.82,124.268,-5.545,0.032,5.713,157.753,282.021,-1284,,2,3.582,128.909
2026-09-27T19:51:25.000Z,1790538685.000,32.646857738,-117.206546772,4.134,138.513,123.434,-3.198,-1.134,5.714,158.445,281.878,-1285,,2,3.581,129.948
2026-09-27T19:51:26.000Z,1790538686.000,32.646843055,-117.206531126,4.394,140.672,125.765,-2.228,-1.102,5.714,156.256,282.021,-1286,,2,3.72,131.053
2026-09-27T19:51:27.000Z,1790538687.000,32.646829233,-117.206513376,4.379,129.401,126.416,-2.758,0.869,5.715,155.924,282.34,-1287,,2,4.09,131.857
2026-09-27T19:51:28.000Z,1790538688.000,32.646815203,-117.206495311,4.241,133.83,128.9,1.141,-0.168,5.716,153.841,282.741,-1288,,2,3.831,132.815
2026-09-27T19:51:29.000Z,1790538689.000,32.646801158,-117.206477886,4.5,134.981,130.036,-0.904,-0.36,5.716,153.197,283.233,-1289,,2,4.024,133.691
2026-09-27T19:51:30.000Z,1790538690.000,32.646785412,-117.20646251,4.731,143.635,129.799,-1.602,-1.298,5.717,153.682,283.481,-1290,,2,3.861,134.71
2026-09-27T19:51:31.000Z,1790538691.000,32.646767336,-117.206449814,4.73,152.476,129.1,-4.073,-0.3,5.717,154.531,283.631,-1291,,2,3.392,136.03
2026-09-27T19:51:32.000Z,1790538692.000,32.646748538,-117.206434362,4.962,142.394,128.5,-8.568,0.386,5.718,155.31,283.81,-1292,,2,4.106,137.329
2026-09-27T19:51:33.000Z,1790538693.000,32.646728865,-117.206419195,5.146,148.176,129.423,-4.439,-0.231,5.718,154.477,283.9,-1293,,2,3.942,138.847
2026-09-27T19:51:34.000Z,1790538694.000,32.646710424,-117.206404056,4.836,141.37,125.264,-1.836,-0.222,5.719,158.657,283.921,-1294,,2,4.045,139.841
2026-09-27T19:51:35.000Z,1790538695.000,32.646695026,-117.206386631,4.663,135.31,123.871,-2.79,1.729,5.719,160.142,284.013,-1295,,2,4.147,140.656
2026-09-27T19:51:36.000Z,1790538696.000,32.646680316,-117.206367515,4.909,131.672,125.719,-1.428,-1.299,5.72,158.368,284.086,-1296,,2,4.498,141.595
2026-09-27T19:51:37.000Z,1790538697.000,32.646665647,-117.206348269,4.815,134.322,128.963,-0.922,-0.2,5.721,155.063,284.026,-1297,,2,4.316,142.634
2026-09-27T19:51:38.000Z,1790538698.000,32.646649586,-117.206328709,4.892,133.376,130.977,-3.4,0.123,5.721,153.005,283.981,-1298,,2,4.419,143.705
2026-09-27T19:51:39.000Z,1790538699.000,32.646633028,-117.206312764,4.5,141.372,130.896,-2.379,0.175,5.722,153.017,283.913,-1299,,2,3.754,144.798
2026-09-27T19:51:40.000Z,1790538700.000,32.646616651,-117.206298348,4.434,145.292,129.269,-2.872,-1.366,5.722,154.425,283.695,-1300,,2,3.521,145.809
2026-09-27T19:51:41.000Z,1790538701.000,32.64660049,-117.206285045,4.265,147.005,127,-6.035,0.38,5.723,156.308,283.308,-1301,,2,3.306,146.788
2026-09-27T19:51:42.000Z,1790538702.000,32.646583097,-117.206271286,4.626,142.286,126,-6.229,-0.248,5.723,157.123,283.123,-1302,,2,3.811,147.974
2026-09-27T19:51:43.000Z,1790538703.000,32.646564052,-117.206254901,5.061,143.285,127.3,-5.13,-0.661,5.724,155.755,283.055,-1303,,2,4.116,149.413
2026-09-27T19:51:44.000Z,1790538704.000,32.646544691,-117.20623763,5.335,144.267,127.935,-3.645,-0.545,5.724,155.3,283.235,-1304,,2,4.282,150.799
2026-09-27T19:51:45.000Z,1790538705.000,32.646527222,-117.206218128,5.134,134.192,124.304,-1.498,0.234,5.725,159.175,283.479,-1305,,2,4.591,151.572
2026-09-27T19:51:46.000Z,1790538706.000,32.646512415,-117.206197735,4.965,130.39,122.67,-0.3,0.33,5.726,161.047,283.717,-1306,,2,4.577,152.197
2026-09-27T19:51:47.000Z,1790538707.000,32.646499769,-117.206178311,4.562,125.729,120.951,0.113,-0.424,5.726,162.756,283.707,-1307,,2,4.334,152.63
2026-09-27T19:51:48.000Z,1790538708.000,32.646487317,-117.206158385,4.431,127.732,120.469,-2.219,0.006,5.727,163.035,283.504,-1308,,2,4.158,153.123
2026-09-27T19:51:49.000Z,1790538709.000,32.646474549,-117.20613954,4.633,127.872,120.869,-3.769,-0.704,5.727,162.266,283.136,-1309,,2,4.343,153.76
2026-09-27T19:51:50.000Z,1790538710.000,32.646460995,-117.20612135,4.493,131.166,121.071,-3.429,0.178,5.728,161.588,282.659,-1310,,2,4.114,154.485
2026-09-27T19:51:51.000Z,1790538711.000,32.646446624,-117.206103136,4.465,131.995,120.541,-2.5,0.771,5.728,161.775,282.317,-1311,,2,4.06,155.234
2026-09-27T19:51:52.000Z,1790538712.000,32.646432301,-117.206085737,4.239,135.382,120.197,-1.707,0.728,5.729,162.019,282.216,-1312,,2,3.743,156.023
2026-09-27T19:51:53.000Z,1790538713.000,32.646417084,-117.206068875,4.33,138.81,120.67,-2.656,-1.561,5.729,161.472,282.141,-1313,,2,3.693,156.99
2026-09-27T19:51:54.000Z,1790538714.000,32.646401318,-117.206052417,4.765,140.945,120.602,-4.008,-0.195,5.73,161.394,281.995,-1314,,2,3.966,157.983
2026-09-27T19:51:55.000Z,1790538715.000,32.64638382,-117.20603572,4.9,141.408,120.444,-1.6,1.177,5.731,161.44,281.884,-1315,,2,4.054,159.138
2026-09-27T19:51:56.000Z,1790538716.000,32.646367394,-117.206016818,5.1,132.695,120.939,-3.199,-1.876,5.731,160.894,281.833,-1316,,2,4.603,160.153
2026-09-27T19:51:57.000Z,1790538717.000,32.646353075,-117.205997112,5.02,128.534,122.001,-3.9,1.338,5.732,159.804,281.804,-1317,,2,4.675,160.97
2026-09-27T19:51:58.000Z,1790538718.000,32.64633898,-117.205978361,4.194,131.281,124.331,-0.569,0.069,5.732,157.364,281.696,-1318,,2,3.826,161.899
2026-09-27T19:51:59.000Z,1790538719.000,32.646326108,-117.205961778,3.967,130.739,123.633,-0.265,-0.395,5.733,157.958,281.591,-1319,,2,3.634,162.543
2026-09-27T19:52:00.000Z,1790538720.000,32.646313397,-117.205946036,3.9,133.113,124.335,-3.693,0.593,5.733,157.166,281.501,-1320,,2,3.503,163.313
2026-09-27T19:52:01.000Z,1790538721.000,32.646299319,-117.205931125,4.1,139.071,125.7,-1.93,-1.716,5.734,155.575,281.275,-1321,,2,3.474,164.305
2026-09-27T19:52:02.000Z,1790538722.000,32.646284343,-117.205914963,4.66,138.218,126.76,-2.622,-0.88,5.734,154.349,281.109,-1322,,2,3.982,165.319
2026-09-27T19:52:03.000Z,1790538723.000,32.646268726,-117.205896641,4.669,132.569,125.915,-4.246,0.623,5.735,154.878,280.793,-1323,,2,4.208,166.167
2026-09-27T19:52:04.000Z,1790538724.000,32.646253395,-117.205879527,4.534,134.829,126.733,-1.766,0.334,5.736,153.954,280.688,-1324,,2,4.004,167.162
2026-09-27T19:52:05.000Z,1790538725.000,32.646237028,-117.20586356,4.603,142.966,126.168,-1.266,-1.395,5.736,154.442,280.611,-1325,,2,3.716,168.196
2026-09-27T19:52:06.000Z,1790538726.000,32.646221036,-117.205847824,4.4,141.129,126.065,-4.647,1.1,5.737,154.525,280.59,-1326,,2,3.631,169.237
2026-09-27T19:52:07.000Z,1790538727.000,32.646204325,-117.205831386,4.7,139.361,127.983,-5.339,-1.029,5.737,152.548,280.532,-1327,,2,3.956,170.484
2026-09-27T19:52:08.000Z,1790538728.000,32.64618633,-117.205814404,4.863,140.998,127.969,-3.32,-0.569,5.738,152.379,280.347,-1328,,2,4.014,171.691
2026-09-27T19:52:09.000Z,1790538729.000,32.646169361,-117.205798162,4.633,142.516,127.267,-4.199,1.266,5.738,152.847,280.114,-1329,,2,3.751,172.765
2026-09-27T19:52:10.000Z,1790538730.000,32.64615285,-117.205783815,4.23,143.65,126.74,-3.02,-0.61,5.739,153.173,279.913,-1330,,2,3.373,173.877
2026-09-27T19:52:11.000Z,1790538731.000,32.646139276,-117.205767565,4.364,131.055,125.792,-7.939,0.145,5.739,153.87,279.662,-1331,,2,3.969,174.585
2026-09-27T19:52:12.000Z,1790538732.000,32.646125528,-117.205751405,4.04,132.825,125.516,-3.6,0.505,5.74,153.811,279.328,-1332,,2,3.619,175.368
2026-09-27T19:52:13.000Z,1790538733.000,32.646110716,-117.205734138,4.469,137.194,127.656,-3.314,-1.478,5.741,151.431,279.087,-1333,,2,3.839,176.409
2026-09-27T19:52:14.000Z,1790538734.000,32.646095027,-117.205718328,4.5,140.839,127.666,-4.6,0.265,5.741,151.342,279.009,-1334,,2,3.709,177.425
2026-09-27T19:52:15.000Z,1790538735.000,32.646078128,-117.205702528,4.4,142.537,125.373,-4.1,0.066,5.742,153.703,279.077,-1335,,2,3.549,178.383
2026-09-27T19:52:16.000Z,1790538736.000,32.646061381,-117.205685852,4.764,138.65,124.072,-5.986,-0.136,5.742,155.241,279.313,-1336,,2,4.023,179.371
2026-09-27T19:52:17.000Z,1790538737.000,32.646045153,-117.205667727,4.9,134.622,123.057,-3.957,0.174,5.743,156.34,279.396,-1337,,2,4.31,180.274
2026-09-27T19:52:18.000Z,1790538738.000,32.646029387,-117.205647503,4.9,134.798,123.562,-5.239,0.246,5.743,155.996,279.558,-1338,,2,4.301,181.174
2026-09-27T19:52:19.000Z,1790538739.000,32.646013452,-117.205628814,4.666,132.533,121.931,-2.436,0.167,5.744,157.657,279.588,-1339,,2,4.179,181.977
2026-09-27T19:52:20.000Z,1790538740.000,32.645998576,-117.205610284,4.569,134.796,121.831,-3.478,-0.561,5.744,157.821,279.652,-1340,,2,4.007,182.8
2026-09-27T19:52:21.000Z,1790538741.000,32.645983443,-117.205592859,4.436,136.506,120.536,-2.92,0.6,5.745,159.346,279.882,-1341,,2,3.823,183.595
2026-09-27T19:52:22.000Z,1790538742.000,32.645969665,-117.205573799,4.439,128.906,121.603,-5.661,-0.6,5.746,158.615,280.217,-1342,,2,4.089,184.38
2026-09-27T19:52:23.000Z,1790538743.000,32.645956844,-117.205554466,4.497,124.891,120.197,-3.632,0.47,5.746,160.327,280.525,-1343,,2,4.254,184.859
2026-09-27T19:52:24.000Z,1790538744.000,32.645944608,-117.205535646,4.4,126.933,120.866,-1.535,-0.369,5.747,159.809,280.676,-1344,,2,4.108,185.464
2026-09-27T19:52:25.000Z,1790538745.000,32.645931062,-117.205517668,4.334,133.641,121.894,-2.328,-1.663,5.747,158.777,280.671,-1345,,2,3.836,186.263
2026-09-27T19:52:26.000Z,1790538746.000,32.645916029,-117.205499237,4.828,137.294,122.692,-4.645,-0.255,5.748,157.909,280.601,-1346,,2,4.118,187.178
2026-09-27T19:52:27.000Z,1790538747.000,32.645899386,-117.205480742,4.956,135.562,121.556,-3.256,-0.122,5.748,159.1,280.656,-1347,,2,4.302,188.1
2026-09-27T19:52:28.000Z,1790538748.000,32.645883241,-117.205461624,4.774,133.812,120.363,-2.469,-0.043,5.749,160.519,280.882,-1348,,2,4.213,188.943
2026-09-27T19:52:29.000Z,1790538749.000,32.645869958,-117.205442421,4.332,131.504,120.902,-6.773,0.536,5.749,160.119,281.021,-1349,,2,3.9,189.63
2026-09-27T19:52:30.000Z,1790538750.000,32.645856036,-117.205424474,4.404,133.433,122.6,-3.765,-0.507,5.75,158.453,281.053,-1350,,2,3.896,190.522
2026-09-27T19:52:31.000Z,1790538751.000,32.645840933,-117.205408661,4.555,139.635,121.936,-1.254,-1.82,5.751,159.294,281.23,-1351,,2,3.775,191.425
2026-09-27T19:52:32.000Z,1790538752.000,32.645826435,-117.205391249,4.5,132.222,122.383,-7.734,0.622,5.751,159.072,281.454,-1352,,2,4.022,192.295
2026-09-27T19:52:33.000Z,1790538753.000,32.645810525,-117.205372956,4.669,139.814,124.269,-5.666,-0.314,5.752,157.331,281.6,-1353,,2,3.857,193.391
2026-09-27T19:52:34.000Z,1790538754.000,32.645794872,-117.205356805,4.301,137.427,122.967,-1.733,0.501,5.752,158.94,281.907,-1354,,2,3.648,194.286
2026-09-27T19:52:35.000Z,1790538755.000,32.645780945,-117.205340855,4.065,134.12,123.03,-5.14,-1.09,5.753,158.854,281.884,-1355,,2,3.565,195.122
2026-09-27T19:52:36.000Z,1790538756.000,32.645766788,-117.20532447,4.464,136.147,123.836,-5.69,-0.636,5.753,158.051,281.888,-1356,,2,3.835,196.024
2026-09-27T19:52:37.000Z,1790538757.000,32.645751086,-117.205306864,4.739,136.146,123.827,-5.068,0.046,5.754,158.002,281.829,-1357,,2,4.069,196.973
2026-09-27T19:52:38.000Z,1790538758.000,32.645734641,-117.205288624,4.731,135.17,124.051,-3.492,1.892,5.754,157.647,281.698,-1358,,2,4.101,197.993
2026-09-27T19:52:39.000Z,1790538759.000,32.645719152,-117.20527039,4.402,133.342,121.872,-2.1,-0.502,5.755,159.749,281.621,-1359,,2,3.882,198.724
2026-09-27T19:52:40.000Z,1790538760.000,32.645704796,-117.205251139,4.469,130.238,121.131,-2.772,-0.9,5.756,160.411,281.543,-1360,,2,4.048,199.416
2026-09-27T19:52:41.000Z,1790538761.000,32.645690586,-117.20523162,4.861,131.204,122.161,-3.439,-0.027,5.756,159.134,281.295,-1361,,2,4.366,200.225
2026-09-27T19:52:42.000Z,1790538762.000,32.645675214,-117.205210783,5.061,131.005,124.122,-4.869,-0.213,5.757,156.918,281.04,-1362,,2,4.552,201.179
2026-09-27T19:52:43.000Z,1790538763.000,32.645658968,-117.205190262,4.931,136.804,125.9,-5.971,0.288,5.757,154.861,280.761,-1363,,2,4.192,202.217
2026-09-27T19:52:44.000Z,1790538764.000,32.645642987,-117.205172559,4.766,132.94,124.336,-2.796,-0.202,5.758,156.141,280.477,-1364,,2,4.209,203.068
2026-09-27T19:52:45.000Z,1790538765.000,32.645629271,-117.20515585,4.2,134.268,124.2,-5.653,0.039,5.758,156.1,280.3,-1365,,2,3.661,203.838
2026-09-27T19:52:46.000Z,1790538766.000,32.645615383,-117.20514206,3.923,137.776,121.416,-1.6,-0.877,5.759,158.611,280.027,-1366,,2,3.294,204.521
2026-09-27T19:52:47.000Z,1790538767.000,32.645600986,-117.205126657,4.3,134.184,119.578,-3.173,-1.445,5.759,160.164,279.742,-1367,,2,3.749,205.272
2026-09-27T19:52:48.000Z,1790538768.000,32.645587307,-117.205106364,4.97,128.638,119.803,-8.222,0.195,5.76,159.88,279.683,-1368,,2,4.546,205.934
2026-09-27T19:52:49.000Z,1790538769.000,32.645571605,-117.205085574,5.034,131.902,120.866,-2.635,0.232,5.761,158.914,279.781,-1369,,2,4.479,206.851
2026-09-27T19:52:50.000Z,1790538770.000,32.645555745,-117.205064168,5.195,129.406,120.161,-1.695,-0.421,5.761,159.76,279.921,-1370,,2,4.72,207.62
2026-09-27T19:52:51.000Z,1790538771.000,32.645540516,-117.205042882,5.114,132.631,120.428,-2.976,0.076,5.762,159.368,279.796,-1371,,2,4.517,208.407
2026-09-27T19:52:52.000Z,1790538772.000,32.645525235,-117.205022505,4.883,128.821,118.335,-3.622,1.1,5.762,161.187,279.522,-1372,,2,4.453,209.042
2026-09-27T19:52:53.000Z,1790538773.000,32.645510221,-117.20500177,4.737,130.535,118.395,-2.619,-0.413,5.763,160.705,279.1,-1373,,2,4.259,209.811
2026-09-27T19:52:54.000Z,1790538774.000,32.645495882,-117.204981452,4.668,133.003,119.229,-4.902,-0.832,5.763,159.433,278.662,-1374,,2,4.103,210.588
2026-09-27T19:52:55.000Z,1790538775.000,32.645481394,-117.204961377,4.991,129.286,119.664,-2.527,-1.199,5.764,158.837,278.5,-1375,,2,4.53,211.358
2026-09-27T19:52:56.000Z,1790538776.000,32.645467809,-117.204940998,4.524,128.333,120.2,-3.876,1.313,5.764,158.37,278.57,-1376,,2,4.137,212.032
2026-09-27T19:52:57.000Z,1790538777.000,32.645453923,-117.204923259,4.118,134.808,121.021,-2.621,0.1,5.765,157.713,278.734,-1377,,2,3.551,212.858
2026-09-27T19:52:58.000Z,1790538778.000,32.645438391,-117.204907957,3.965,139.383,119.832,-2.271,-0.933,5.766,159.216,279.048,-1378,,2,3.246,213.78
2026-09-27T19:52:59.000Z,1790538779.000,32.645423578,-117.204892178,4.6,141.285,116.969,-5.6,0.202,5.766,162.371,279.341,-1379,,2,3.674,214.476
2026-09-27T19:53:00.000Z,1790538780.000,32.64540793,-117.204874013,4.794,135.242,116.735,-3.124,-0.665,5.767,163.089,279.825,-1380,,2,4.109,215.381
2026-09-27T19:53:01.000Z,1790538781.000,32.645393111,-117.204851497,5.275,123.635,118.85,-6.188,0.813,5.767,161.257,280.107,-1381,,2,4.974,216.23
2026-09-27T19:53:02.000Z,1790538782.000,32.645377973,-117.20482649,5.5,123.585,121.913,-2.981,-0.762,5.768,158.386,280.299,-1382,,2,5.186,217.094
2026-09-27T19:53:03.000Z,1790538783.000,32.645364353,-117.204802075,5.166,122.009,122.166,1.031,0.966,5.768,158.337,280.502,-1383,,2,4.915,217.599
2026-09-27T19:53:04.000Z,1790538784.000,32.645352112,-117.20478032,4.434,124.697,125.134,-2.935,0.629,5.769,155.548,280.682,-1384,,2,4.149,218.279
2026-09-27T19:53:05.000Z,1790538785.000,32.645339367,-117.204762944,4.204,134.585,123.569,-1.757,-0.7,5.769,157.441,281.01,-1385,,2,3.62,218.811
2026-09-27T19:53:06.000Z,1790538786.000,32.64532516,-117.20474826,4.09,141.47,120.937,-2.934,-1.163,5.77,160.554,281.491,-1386,,2,3.245,219.506
2026-09-27T19:53:07.000Z,1790538787.000,32.645310124,-117.204732724,4.789,142.064,120.749,-5.649,-1.24,5.771,161.306,282.055,-1387,,2,3.766,220.449
2026-09-27T19:53:08.000Z,1790538788.000,32.645295472,-117.204716006,4.499,137.996,123.099,-6.435,0.769,5.771,159.474,282.573,-1388,,2,3.724,221.514
2026-09-27T19:53:09.000Z,1790538789.000,32.645279951,-117.204699657,4.468,138.408,122.404,-2.422,1.656,5.772,160.462,282.867,-1389,,2,3.678,222.436
2026-09-27T19:53:10.000Z,1790538790.000,32.64526675,-117.204683655,4.265,137.098,123.27,-0.403,-1.576,5.772,159.751,283.022,-1390,,2,3.563,223.26
2026-09-27T19:53:11.000Z,1790538791.000,32.645254107,-117.204668547,4,131.515,120.187,-2.647,-0.022,5.773,163.105,283.292,-1391,,2,3.539,223.743
2026-09-27T19:53:12.000Z,1790538792.000,32.645240583,-117.204651484,4.4,131.071,122.1,-3.289,-0.731,5.773,161.692,283.792,-1392,,2,3.906,224.644
2026-09-27T19:53:13.000Z,1790538793.000,32.645226536,-117.204632159,4.732,131.136,125.077,-6.168,-0.642,5.774,159.378,284.455,-1393,,2,4.197,225.599
2026-09-27T19:53:14.000Z,1790538794.000,32.64521186,-117.204613034,4.932,130.895,127.866,-2.032,0.4,5.774,157.269,285.135,-1394,,2,4.381,226.608
2026-09-27T19:53:15.000Z,1790538795.000,32.645196901,-117.204596201,4.506,140.59,130.829,-2.619,0.629,5.775,154.562,285.391,-1395,,2,3.594,227.742
2026-09-27T19:53:16.000Z,1790538796.000,32.645181702,-117.204581528,4.237,137.7,129.747,-3.89,0.169,5.776,155.574,285.321,-1396,,2,3.502,228.666
2026-09-27T19:53:17.000Z,1790538797.000,32.645165778,-117.204567689,4.026,144.374,129.963,-5.121,0.69,5.776,155.26,285.224,-1397,,2,3.039,229.795
2026-09-27T19:53:18.000Z,1790538798.000,32.645149717,-117.204553217,4.433,142.191,129.133,-5.302,0.303,5.777,156.051,285.183,-1398,,2,3.451,230.833
2026-09-27T19:53:19.000Z,1790538799.000,32.64513365,-117.204537783,4.6,140.589,129.635,-2.74,0.166,5.777,155.529,285.165,-1399,,2,3.658,231.94
2026-09-27T19:53:20.000Z,1790538800.000,32.645119001,-117.20452186,4.189,134.278,128.1,-2.063,0.085,5.778,157.053,285.153,-1400,,2,3.588,232.725
2026-09-27T19:53:21.000Z,1790538801.000,32.645105,-117.204506238,4.162,136.862,129.972,-4.007,-0.39,5.778,155.206,285.178,-1401,,2,3.462,233.721
2026-09-27T19:53:22.000Z,1790538802.000,32.645089463,-117.204491533,4.37,139.223,130.24,-4.249,-0.34,5.779,154.94,285.18,-1402,,2,3.529,234.783
2026-09-27T19:53:23.000Z,1790538803.000,32.645072545,-117.204477743,4.534,147.692,131.167,-3.863,-1.403,5.779,153.893,285.061,-1403,,2,3.224,236.071
2026-09-27T19:53:24.000Z,1790538804.000,32.645054718,-117.20446181,4.965,144.598,131.069,-4.833,-0.784,5.78,153.934,285.004,-1404,,2,3.71,237.292
2026-09-27T19:53:25.000Z,1790538805.000,32.645036877,-117.20444387,5.286,134.633,130.071,-5.164,0.314,5.781,155.152,285.223,-1405,,2,4.495,238.371
2026-09-27T19:53:26.000Z,1790538806.000,32.645020838,-117.204427138,4.452,139.607,130.562,-5.814,1.052,5.781,154.98,285.542,-1406,,2,3.565,239.426
2026-09-27T19:53:27.000Z,1790538807.000,32.645004841,-117.204411441,4.194,142.5,130.894,-3.837,0.874,5.782,154.681,285.575,-1407,,2,3.225,240.502
2026-09-27T19:53:28.000Z,1790538808.000,32.644988912,-117.204396147,4.267,142.14,130.365,-4.533,-0.459,5.782,155.189,285.554,-1408,,2,3.296,241.52
2026-09-27T19:53:29.000Z,1790538809.000,32.644972696,-117.204379994,4.832,140.742,131.89,-8.432,-0.824,5.783,153.719,285.609,-1409,,2,3.802,242.694
2026-09-27T19:53:30.000Z,1790538810.000,32.644955814,-117.204366223,4.729,147.542,133.107,-5.887,0.248,5.783,152.729,285.836,-1410,,2,3.345,244
2026-09-27T19:53:31.000Z,1790538811.000,32.644938525,-117.204352013,4.278,148.074,134.466,-6.578,-0.178,5.784,151.751,286.218,-1411,,2,2.994,245.342
2026-09-27T19:53:32.000Z,1790538812.000,32.644920723,-117.20433828,4.631,147.787,133.025,-3.662,-0.225,5.784,153.412,286.437,-1412,,2,3.254,246.54
2026-09-27T19:53:33.000Z,1790538813.000,32.644903551,-117.204324317,4.734,142.154,131.566,-5.865,-0.134,5.785,154.795,286.361,-1413,,2,3.637,247.664
2026-09-27T19:53:34.000Z,1790538814.000,32.644886161,-117.204309586,4.735,145.159,133.36,-7.905,-0.355,5.786,152.84,286.2,-1414,,2,3.47,249.03
2026-09-27T19:53:35.000Z,1790538815.000,32.644868965,-117.204294548,4.436,146.953,134.655,-8.008,0.872,5.786,151.368,286.023,-1415,,2,3.151,250.326
2026-09-27T19:53:36.000Z,1790538816.000,32.644850927,-117.204281445,4.5,151.18,135.48,-3.302,-0.54,5.787,150.446,285.927,-1416,,2,2.949,251.744
2026-09-27T19:53:37.000Z,1790538817.000,32.644833117,-117.204266049,5.077,139.517,134.368,-5.349,-0.687,5.787,151.677,286.045,-1417,,2,4.03,252.907
2026-09-27T19:53:38.000Z,1790538818.000,32.64481552,-117.204249588,5.034,140.906,135.801,-6.261,-1.234,5.788,150.317,286.118,-1418,,2,3.916,254.201
2026-09-27T19:53:39.000Z,1790538819.000,32.644796573,-117.204234615,4.97,149.716,135.765,-4.906,0.676,5.788,150.607,286.372,-1419,,2,3.338,255.577
2026-09-27T19:53:40.000Z,1790538820.000,32.644776429,-117.204220972,5.163,147.083,135.693,-4.98,1.18,5.789,150.611,286.304,-1420,,2,3.634,257.123
2026-09-27T19:53:41.000Z,1790538821.000,32.64475524,-117.20420884,5.12,148.94,135.1,-8.68,-0.54,5.789,150.987,286.087,-1421,,2,3.478,258.791
2026-09-27T19:53:42.000Z,1790538822.000,32.644734301,-117.204193953,5.338,149.152,133.469,-9.255,0.224,5.79,152.418,285.887,-1422,,2,3.606,260.253
2026-09-27T19:53:43.000Z,1790538823.000,32.64471444,-117.204178914,4.965,147.118,131.465,-4.031,-0.002,5.791,154.459,285.924,-1423,,2,3.477,261.569
2026-09-27T19:53:44.000Z,1790538824.000,32.644696791,-117.204163056,4.87,141.309,131.595,-3.7,-0.025,5.791,154.323,285.918,-1424,,2,3.741,262.793
2026-09-27T19:53:45.000Z,1790538825.000,32.644680562,-117.204147862,4.509,139.326,132.109,-3.555,-1.518,5.792,153.57,285.679,-1425,,2,3.558,263.926
2026-09-27T19:53:46.000Z,1790538826.000,32.64466467,-117.204131014,4.878,140.153,133.908,-8.444,-0.4,5.792,151.361,285.269,-1426,,2,3.802,265.061
2026-09-27T19:53:47.000Z,1790538827.000,32.64464668,-117.204115602,4.593,144.143,133.478,-5.253,1.406,5.793,151.488,284.966,-1427,,2,3.366,266.293
2026-09-27T19:53:48.000Z,1790538828.000,32.644628681,-117.204100053,4.731,149.217,133.367,-4.466,-0.895,5.793,151.379,284.746,-1428,,2,3.165,267.545
2026-09-27T19:53:49.000Z,1790538829.000,32.644610105,-117.204085062,4.669,150.412,132.728,-5.463,-1.151,5.794,151.718,284.446,-1429,,2,3.045,268.837
2026-09-27T19:53:50.000Z,1790538830.000,32.644592377,-117.204068756,4.922,137.428,132.793,-8.465,0.307,5.794,151.219,284.012,-1430,,2,3.963,270.047
2026-09-27T19:53:51.000Z,1790538831.000,32.644574896,-117.20405238,5.022,143.527,132.6,-5.694,-0.112,5.795,150.834,283.434,-1431,,2,3.7,271.21
2026-09-27T19:53:52.000Z,1790538832.000,32.644556309,-117.204036355,4.692,143.794,132.692,-5.692,1.238,5.796,150.204,282.897,-1432,,2,3.438,272.52
2026-09-27T19:53:53.000Z,1790538833.000,32.64453674,-117.20402061,5.202,142.009,134.967,-6.267,-1.463,5.796,147.492,282.459,-1433,,2,3.914,274.107
2026-09-27T19:53:54.000Z,1790538834.000,32.644517147,-117.204004811,5.233,145.304,135.765,-7.803,-0.132,5.797,146.339,282.105,-1434,,2,3.727,275.581
2026-09-27T19:53:55.000Z,1790538835.000,32.644498107,-117.203989866,4.935,143.895,134.647,-5.283,-0.412,5.797,147.087,281.735,-1435,,2,3.595,276.886
2026-09-27T19:53:56.000Z,1790538836.000,32.644481249,-117.203974435,4.462,143.354,130.165,-3.989,-0.059,5.798,151.267,281.432,-1436,,2,3.276,277.691
2026-09-27T19:53:57.000Z,1790538837.000,32.644463965,-117.203960283,4.509,145.413,127.583,-3.226,-0.378,5.798,153.627,281.21,-1437,,2,3.194,278.729
2026-09-27T19:53:58.000Z,1790538838.000,32.644445898,-117.203945089,5.342,135.138,127.132,-7.271,-1.406,5.799,154.023,281.155,-1438,,2,4.392,279.975
2026-09-27T19:53:59.000Z,1790538839.000,32.644427783,-117.203927022,5.688,136.364,126.196,-7.881,-1.288,5.799,154.545,280.741,-1439,,2,4.602,281.08
2026-09-27T19:54:00.000Z,1790538840.000,32.644409926,-117.203906288,5.659,129.831,123.27,-3.717,-0.108,5.8,157.149,280.42,-1440,,2,4.924,281.901
2026-09-27T19:54:01.000Z,1790538841.000,32.644393854,-117.203885238,5.112,130.87,122.723,-0.7,0.788,5.801,157.771,280.494,-1441,,2,4.399,282.718
2026-09-27T19:54:02.000Z,1790538842.000,32.644379001,-117.203865232,4.469,128.386,121.954,-2.469,-0.446,5.801,158.623,280.577,-1442,,2,3.939,283.43
2026-09-27T19:54:03.000Z,1790538843.000,32.644366157,-117.203845086,4.601,129.539,122,-5.464,-0.898,5.802,158.533,280.533,-1443,,2,4.008,283.998
2026-09-27T19:54:04.000Z,1790538844.000,32.644352566,-117.203825281,4.531,131.448,121.096,-4.187,-1.524,5.802,159.324,280.421,-1444,,2,3.869,284.578
2026-09-27T19:54:05.000Z,1790538845.000,32.644337955,-117.203805942,4.794,132.435,120.6,-3.424,0.822,5.803,159.76,280.36,-1445,,2,4.048,285.313
2026-09-27T19:54:06.000Z,1790538846.000,32.644324138,-117.203785482,4.789,129.959,123.163,-7.022,0.004,5.803,157.173,280.336,-1446,,2,4.148,286.17
2026-09-27T19:54:07.000Z,1790538847.000,32.644309368,-117.203767008,4.51,136.263,122.71,-5.369,-0.371,5.804,157.647,280.357,-1447,,2,3.632,286.956
2026-09-27T19:54:08.000Z,1790538848.000,32.644294741,-117.203750471,4.3,135.156,119.562,-3.205,0.322,5.804,160.98,280.542,-1448,,2,3.509,287.583
2026-09-27T19:54:09.000Z,1790538849.000,32.644280337,-117.203733149,4.369,131.22,120.996,-5.822,-0.373,5.805,159.848,280.844,-1449,,2,3.728,288.527
2026-09-27T19:54:10.000Z,1790538850.000,32.644266155,-117.203714849,4.765,128.238,121.659,-8.746,0.1,5.806,159.429,281.087,-1450,,2,4.187,289.349
2026-09-27T19:54:11.000Z,1790538851.000,32.644251528,-117.203696641,4.613,136.771,123.275,-3.714,-0.313,5.806,158.18,281.455,-1451,,2,3.679,290.296
2026-09-27T19:54:12.000Z,1790538852.000,32.644236183,-117.203678067,4.395,134.489,122.5,-2.042,-0.874,5.807,159.159,281.659,-1452,,2,3.605,291.112
2026-09-27T19:54:13.000Z,1790538853.000,32.644221157,-117.203659813,4.628,135.075,123.836,-6.123,-0.536,5.807,157.928,281.764,-1453,,2,3.765,292.076
2026-09-27T19:54:14.000Z,1790538854.000,32.644205906,-117.203640649,4.804,130.094,123.7,-5.227,0.131,5.808,158.182,281.882,-1454,,2,4.134,292.911
2026-09-27T19:54:15.000Z,1790538855.000,32.644190365,-117.203621726,4.929,131.742,124.564,-4.387,-0.542,5.808,157.363,281.927,-1455,,2,4.164,293.865
2026-09-27T19:54:16.000Z,1790538856.000,32.644175078,-117.203603192,4.738,134.188,125.71,-4.266,-0.658,5.809,156.385,282.095,-1456,,2,3.888,294.829
2026-09-27T19:54:17.000Z,1790538857.000,32.644159341,-117.203586641,4.5,139.886,127.539,-4.806,-0.055,5.809,154.61,282.149,-1457,,2,3.415,295.966
2026-09-27T19:54:18.000Z,1790538858.000,32.644143311,-117.203570816,4.432,143.137,126.832,-4.595,-0.874,5.81,155.39,282.221,-1458,,2,3.19,296.96
2026-09-27T19:54:19.000Z,1790538859.000,32.6441274,-117.203557467,4.233,145.467,125.633,-5.133,1,5.811,156.814,282.448,-1459,,2,2.922,297.994
2026-09-27T19:54:20.000Z,1790538860.000,32.644110885,-117.20354175,4.53,140.909,123.874,-3,-1.47,5.811,159.065,282.939,-1460,,2,3.374,298.957
2026-09-27T19:54:21.000Z,1790538861.000,32.644093589,-117.203524326,5.037,139.453,122.989,-4.821,-0.963,5.812,160.294,283.283,-1461,,2,3.831,300.006
2026-09-27T19:54:22.000Z,1790538862.000,32.644076901,-117.203505014,5.163,133.06,122.682,-4.721,-0.437,5.812,160.56,283.241,-1462,,2,4.273,300.969
2026-09-27T19:54:23.000Z,1790538863.000,32.644061255,-117.203483018,5.134,130.642,124.034,-4.698,0.298,5.813,158.971,283.005,-1463,,2,4.363,301.858
2026-09-27T19:54:24.000Z,1790538864.000,32.644046662,-117.203462539,4.669,131.807,123.209,1.428,-0.169,5.813,159.535,282.744,-1464,,2,3.914,302.523
2026-09-27T19:54:25.000Z,1790538865.000,32.644034567,-117.203440664,4.509,122.305,123.265,-5.556,-0.479,5.814,159.18,282.445,-1465,,2,4.132,302.951
2026-09-27T19:54:26.000Z,1790538866.000,32.644022879,-117.203419644,4.643,127.231,123.526,-4.531,-1.3,5.814,158.577,282.103,-1466,,2,4.078,303.385
2026-09-27T19:54:27.000Z,1790538867.000,32.644009491,-117.203401164,4.256,136.761,124.049,-3.338,-0.793,5.815,157.766,281.815,-1467,,2,3.347,304.108
2026-09-27T19:54:28.000Z,1790538868.000,32.64399381,-117.203384447,4.363,141.174,127.4,-7.437,-0.074,5.816,153.795,281.195,-1468,,2,3.209,305.354
2026-09-27T19:54:29.000Z,1790538869.000,32.643976933,-117.2033697,4.5,146.067,129.1,-10.533,-0.267,5.816,151.674,280.774,-1469,,2,3.033,306.664
2026-09-27T19:54:30.000Z,1790538870.000,32.643958283,-117.203356932,4.435,150.493,130,-7.931,0.308,5.817,150.584,280.584,-1470,,2,2.721,308.164
2026-09-27T19:54:31.000Z,1790538871.000,32.64393902,-117.203344052,4.861,151.066,130.456,-5.356,-0.217,5.817,149.937,280.393,-1471,,2,2.938,309.688
2026-09-27T19:54:32.000Z,1790538872.000,32.643921417,-117.203328137,4.62,139.039,127.239,-4.421,0.22,5.818,153.173,280.413,-1472,,2,3.494,310.644
2026-09-27T19:54:33.000Z,1790538873.000,32.643905437,-117.203309049,4.869,132.074,127.138,-3.756,-0.562,5.818,153.221,280.359,-1473,,2,4.038,311.559
2026-09-27T19:54:34.000Z,1790538874.000,32.643890086,-117.20328926,4.932,132.502,128.432,-2.366,-0.236,5.819,151.707,280.139,-1474,,2,4.066,312.494
2026-09-27T19:54:35.000Z,1790538875.000,32.643875239,-117.203269412,4.928,129.446,127.964,-4.584,-0.072,5.819,151.901,279.866,-1475,,2,4.203,313.237
2026-09-27T19:54:36.000Z,1790538876.000,32.643860271,-117.203250844,4.463,136.19,129.337,-3.944,0.08,5.82,150.162,279.499,-1476,,2,3.503,314.184
2026-09-27T19:54:37.000Z,1790538877.000,32.643845538,-117.203234135,4.3,134.661,127.9,-3.668,-1.139,5.821,151.036,278.936,-1477,,2,3.442,314.955
2026-09-27T19:54:38.000Z,1790538878.000,32.643830461,-117.203216293,4.438,137.425,130.314,-8.741,-0.552,5.821,147.994,278.308,-1478,,2,3.416,316.021
2026-09-27T19:54:39.000Z,1790538879.000,32.643813916,-117.203201385,4.534,145.236,128.898,-4.463,0.733,5.822,148.844,277.742,-1479,,2,3.06,317.047
2026-09-27T19:54:40.000Z,1790538880.000,32.643796396,-117.203187657,4.4,147.319,128.203,-3.297,-1.171,5.822,149.11,277.313,-1480,,2,2.845,318.272
2026-09-27T19:54:41.000Z,1790538881.000,32.643778688,-117.203171845,4.907,144.114,127.864,-9.428,-0.621,5.823,149.132,276.996,-1481,,2,3.372,319.467
2026-09-27T19:54:42.000Z,1790538882.000,32.643760342,-117.203155986,4.939,143.975,125.829,-5.818,0.978,5.823,151.132,276.96,-1482,,2,3.397,320.591
2026-09-27T19:54:43.000Z,1790538883.000,32.643742656,-117.203138849,5.1,138.614,123.824,-3.369,-0.593,5.824,153.06,276.884,-1483,,2,3.834,321.602
2026-09-27T19:54:44.000Z,1790538884.000,32.643727095,-117.203120594,4.734,134.065,122.233,-4.667,0.3,5.824,154.872,277.105,-1484,,2,3.791,322.386
2026-09-27T19:54:45.000Z,1790538885.000,32.643713952,-117.203101778,4.4,130.068,120.907,-3.842,-1.042,5.825,156.242,277.148,-1485,,2,3.697,322.923
2026-09-27T19:54:46.000Z,1790538886.000,32.643703117,-117.203082085,4.474,119.726,120.363,-4.537,-0.214,5.826,156.804,277.167,-1486,,2,4.132,323.255
2026-09-27T19:54:47.000Z,1790538887.000,32.643692453,-117.203062909,4.421,125.072,120.8,-2.86,-0.578,5.826,156.062,276.862,-1487,,2,3.905,323.668
2026-09-27T19:54:48.000Z,1790538888.000,32.64368099,-117.203041612,4.806,118.643,122.649,-8.535,-1.288,5.827,153.778,276.427,-1488,,2,4.469,324.196
2026-09-27T19:54:49.000Z,1790538889.000,32.643667483,-117.203022151,4.766,135.82,125.4,-7.943,0.771,5.827,150.697,276.097,-1489,,2,3.714,325.073
2026-09-27T19:54:50.000Z,1790538890.000,32.643652666,-117.203005336,4.338,137.011,126.635,-6.562,0.813,5.828,149.181,275.816,-1490,,2,3.319,326.059
2026-09-27T19:54:51.000Z,1790538891.000,32.643636793,-117.202991003,4.172,148.402,127.855,-7.208,-0.925,5.828,147.812,275.667,-1491,,2,2.594,327.245
2026-09-27T19:54:52.000Z,1790538892.000,32.643619377,-117.202978517,4.6,150.838,128.48,-7.14,-2.18,5.829,147.038,275.518,-1492,,2,2.698,328.609
2026-09-27T19:54:53.000Z,1790538893.000,32.643601054,-117.202964242,4.8,146.444,127.7,-10.012,0.743,5.829,147.921,275.621,-1493,,2,3.1,329.888
2026-09-27T19:54:54.000Z,1790538894.000,32.643582621,-117.20295009,4.668,146.9,125.497,-3.23,0.234,5.83,150.474,275.971,-1494,,2,2.98,331.071
2026-09-27T19:54:55.000Z,1790538895.000,32.643566054,-117.202933822,4.5,136.778,124.296,-4.666,-1.498,5.831,151.966,276.262,-1495,,2,3.433,332.064
2026-09-27T19:54:56.000Z,1790538896.000,32.643551094,-117.202916314,4.436,133.919,125.2,-4.035,-0.436,5.831,151.247,276.447,-1496,,2,3.519,333.014
2026-09-27T19:54:57.000Z,1790538897.000,32.64353805,-117.202895996,4.719,122.989,125.719,-6.438,0.438,5.832,150.798,276.517,-1497,,2,4.219,333.633
2026-09-27T19:54:58.000Z,1790538898.000,32.643524576,-117.202874204,4.638,127.931,126.755,-0.855,0.214,5.832,149.728,276.483,-1498,,2,3.949,334.282
2026-09-27T19:54:59.000Z,1790538899.000,32.643511438,-117.202854473,4.433,129.757,126.432,-2.701,-0.332,5.833,149.923,276.355,-1499,,2,3.696,334.866
2026-09-27T19:55:00.000Z,1790538900.000,32.643496376,-117.202838341,4.2,140.763,126.765,-5.475,0.326,5.833,149.362,276.127,-1500,,2,2.99,335.831
2026-09-27T19:55:01.000Z,1790538901.000,32.643480307,-117.202823472,4.564,140.087,127.936,-10.239,0.016,5.834,147.982,275.918,-1501,,2,3.282,337.012
2026-09-27T19:55:02.000Z,1790538902.000,32.643462449,-117.20280984,4.535,149.334,129.561,-8.248,-0.417,5.834,146.165,275.726,-1502,,2,2.706,338.457
2026-09-27T19:55:03.000Z,1790538903.000,32.643442866,-117.202795351,4.931,146.69,129.239,-5.916,-1.092,5.835,146.69,275.928,-1503,,2,3.115,339.894
2026-09-27T19:55:04.000Z,1790538904.000,32.643423122,-117.202780715,5.332,147.405,128.766,-6.871,-1.029,5.836,147.109,275.875,-1504,,2,3.309,341.33
2026-09-27T19:55:05.000Z,1790538905.000,32.643404437,-117.202765071,5.097,139.255,128.166,-5.931,0.575,5.836,147.751,275.917,-1505,,2,3.692,342.61
2026-09-27T19:55:06.000Z,1790538906.000,32.643386148,-117.202748626,5.093,141.931,128.671,-5.222,-0.571,5.837,147.407,276.078,-1506,,2,3.515,343.907
2026-09-27T19:55:07.000Z,1790538907.000,32.643369592,-117.202729766,4.8,136.095,129.078,-4.496,-0.061,5.837,147.205,276.283,-1507,,2,3.644,344.929
2026-09-27T19:55:08.000Z,1790538908.000,32.643354558,-117.202708226,4.853,129.403,130.408,-5.839,0.208,5.838,146.085,276.493,-1508,,2,4.024,345.768
2026-09-27T19:55:09.000Z,1790538909.000,32.643339644,-117.202690612,4.634,134.741,132.2,-2.601,-0.432,5.838,144.279,276.479,-1509,,2,3.58,346.776
2026-09-27T19:55:10.000Z,1790538910.000,32.643323444,-117.202674411,4.433,137.853,132.201,-3.364,0.867,5.839,143.995,276.196,-1510,,2,3.262,347.829
2026-09-27T19:55:11.000Z,1790538911.000,32.643306285,-117.202659455,4.335,138.575,129.85,-5.15,-0.08,5.839,145.995,275.845,-1511,,2,3.149,348.844
2026-09-27T19:55:12.000Z,1790538912.000,32.643288599,-117.202643523,4.9,144.713,129.661,-8.813,-0.445,5.84,145.919,275.579,-1512,,2,3.173,350.044
2026-09-27T19:55:13.000Z,1790538913.000,32.643269058,-117.202629753,4.73,146.232,128.391,-6.395,1.522,5.841,147.053,275.444,-1513,,2,2.96,351.429
2026-09-27T19:55:14.000Z,1790538914.000,32.643249366,-117.202615939,4.6,145.46,129.432,-6.153,-0.582,5.841,145.922,275.354,-1514,,2,2.919,353.009
2026-09-27T19:55:15.000Z,1790538915.000,32.643230554,-117.202598352,5.498,140.449,129.631,-10.172,-0.865,5.842,145.573,275.204,-1515,,2,3.841,354.292
2026-09-27T19:55:16.000Z,1790538916.000,32.643211819,-117.202580383,5.271,141.536,129.843,-4.777,1.1,5.842,145.339,275.181,-1516,,2,3.603,355.555
2026-09-27T19:55:17.000Z,1790538917.000,32.643193468,-117.202562642,4.863,137.098,129.575,0.2,-0.41,5.843,145.654,275.228,-1517,,2,3.583,356.75
2026-09-27T19:55:18.000Z,1790538918.000,32.643177075,-117.202543428,4.73,134.057,130.009,-6.291,-0.23,5.843,145.347,275.356,-1518,,2,3.645,357.744
2026-09-27T19:55:19.000Z,1790538919.000,32.643161001,-117.202526933,4.335,140.76,126.423,0.571,-0.597,5.844,148.992,275.415,-1519,,2,2.992,358.492
2026-09-27T19:55:20.000Z,1790538920.000,32.643146253,-117.202509025,4.47,130.832,124.798,-4.59,-0.564,5.844,150.252,275.05,-1520,,2,3.593,359.205
2026-09-27T19:55:21.000Z,1790538921.000,32.643131302,-117.202491544,4.564,136.325,125.378,-3.213,-0.313,5.845,149.237,274.614,-1521,,2,3.388,360.129
2026-09-27T19:55:22.000Z,1790538922.000,32.643115244,-117.202474354,4.637,137.475,123.848,-3.12,0.242,5.846,150.562,274.41,-1522,,2,3.374,361.009
2026-09-27T19:55:23.000Z,1790538923.000,32.643098724,-117.202457603,4.56,139.817,124.71,-6.201,-1.84,5.846,149.252,273.961,-1523,,2,3.182,362.143
2026-09-27T19:55:24.000Z,1790538924.000,32.643081418,-117.202440852,5.034,135.594,124.097,-7.429,-0.563,5.847,149.731,273.828,-1524,,2,3.763,363.239
2026-09-27T19:55:25.000Z,1790538925.000,32.643064557,-117.202421695,5.33,132.948,125.4,-7.304,-0.236,5.847,148.356,273.756,-1525,,2,4.138,364.354
2026-09-27T19:55:26.000Z,1790538926.000,32.64304805,-117.202402324,4.674,135.736,124.8,-3.435,-0.635,5.848,148.811,273.611,-1526,,2,3.477,365.273
2026-09-27T19:55:27.000Z,1790538927.000,32.643032369,-117.20238422,4.762,136.228,123.549,-1.9,-0.447,5.848,149.847,273.396,-1527,,2,3.51,366.102
2026-09-27T19:55:28.000Z,1790538928.000,32.643016381,-117.202366642,4.731,137.693,123.131,-2.561,-1.147,5.849,150.284,273.415,-1528,,2,3.399,367.049
2026-09-27T19:55:29.000Z,1790538929.000,32.643001168,-117.202347893,4.694,135.263,122.025,-2,0.238,5.849,151.522,273.547,-1529,,2,3.503,367.818
2026-09-27T19:55:30.000Z,1790538930.000,32.642986667,-117.202329367,4.6,129.233,123.267,-4.667,-0.8,5.85,150.484,273.75,-1530,,2,3.732,368.711
2026-09-27T19:55:31.000Z,1790538931.000,32.642972439,-117.202312175,4.172,138.266,123.536,-3.479,-0.164,5.851,150.511,274.047,-1531,,2,2.956,369.547
2026-09-27T19:55:32.000Z,1790538932.000,32.6429585,-117.20229566,4.374,130.459,123.989,-4.274,-0.8,5.851,150.155,274.144,-1532,,2,3.486,370.394
2026-09-27T19:55:33.000Z,1790538933.000,32.642944541,-117.202279804,4.304,137.333,124.359,-4.944,-0.515,5.852,149.529,273.888,-1533,,2,3.09,371.26
2026-09-27T19:55:34.000Z,1790538934.000,32.642929573,-117.202263173,4.363,141.321,124.226,-4.157,0.031,5.852,149.412,273.637,-1534,,2,2.909,372.161
2026-09-27T19:55:35.000Z,1790538935.000,32.642914391,-117.202245733,4.797,132.319,122.837,-2.895,-0.705,5.853,150.829,273.666,-1535,,2,3.715,372.953
2026-09-27T19:55:36.000Z,1790538936.000,32.642899629,-117.202225949,4.729,131.358,123.164,-4.448,0.048,5.853,150.774,273.938,-1536,,2,3.707,373.752
2026-09-27T19:55:37.000Z,1790538937.000,32.642885538,-117.202205993,4.852,127.367,124.663,-6.607,1.078,5.854,149.491,274.154,-1537,,2,4,374.57
2026-09-27T19:55:38.000Z,1790538938.000,32.642870752,-117.202189052,4.321,139.441,125.819,-3.76,-0.259,5.854,148.356,274.175,-1538,,2,2.967,375.543
2026-09-27T19:55:39.000Z,1790538939.000,32.642855216,-117.202173447,4.263,139.384,125.426,-3.205,-0.526,5.855,149.089,274.515,-1539,,2,2.925,376.519
2026-09-27T19:55:40.000Z,1790538940.000,32.642840351,-117.202157821,4.395,140.551,124.595,-6.405,-0.8,5.856,150.047,274.642,-1540,,2,2.946,377.391
2026-09-27T19:55:41.000Z,1790538941.000,32.642824885,-117.202142685,4.461,141.211,123.97,-3.853,-0.956,5.856,151.006,274.976,-1541,,2,2.946,378.358
2026-09-27T19:55:42.000Z,1790538942.000,32.642810269,-117.202126503,4.644,133.751,122.734,-3.783,1.183,5.857,152.523,275.257,-1542,,2,3.49,379.152
2026-09-27T19:55:43.000Z,1790538943.000,32.64279586,-117.202108888,5.047,126.696,123.318,-2.564,-0.993,5.857,152.2,275.518,-1543,,2,4.168,380.016
2026-09-27T19:55:44.000Z,1790538944.000,32.642782115,-117.202090104,4.4,133.279,123.437,-4.11,-0.684,5.858,152.332,275.769,-1544,,2,3.322,380.732
2026-09-27T19:55:45.000Z,1790538945.000,32.642767833,-117.202072833,4.533,136.905,123.133,-3.067,0.533,5.858,152.788,275.921,-1545,,2,3.223,381.525
2026-09-27T19:55:46.000Z,1790538946.000,32.64275248,-117.202057185,4.465,135.637,121.77,-3.608,-0.6,5.859,154.627,276.397,-1546,,2,3.239,382.403
2026-09-27T19:55:47.000Z,1790538947.000,32.642738184,-117.202038746,4.764,131.466,123.428,-11.002,-0.217,5.859,153.547,276.975,-1547,,2,3.68,383.311
2026-09-27T19:55:48.000Z,1790538948.000,32.642722216,-117.202019595,5.021,136.784,126.203,-7.551,-0.243,5.86,151.334,277.537,-1548,,2,3.561,384.451
2026-09-27T19:55:49.000Z,1790538949.000,32.642705141,-117.202000425,5.137,134.131,127.363,-4.258,1.063,5.861,150.625,277.988,-1549,,2,3.8,385.575
2026-09-27T19:55:50.000Z,1790538950.000,32.642688883,-117.201982019,4.666,136.228,128.668,-3.498,0.531,5.861,149.578,278.246,-1550,,2,3.329,386.654
2026-09-27T19:55:51.000Z,1790538951.000,32.64267394,-117.201965475,4.365,135.855,128.696,-4.523,-0.569,5.862,149.568,278.264,-1551,,2,3.13,387.569
2026-09-27T19:55:52.000Z,1790538952.000,32.642658484,-117.201950456,4.364,138.745,126.708,-3.864,-0.719,5.862,151.542,278.25,-1552,,2,2.966,388.433
2026-09-27T19:55:53.000Z,1790538953.000,32.642643159,-117.201935962,4.218,143.863,126.582,-7.221,0.103,5.863,151.902,278.484,-1553,,2,2.575,389.45
2026-09-27T19:55:54.000Z,1790538954.000,32.642626399,-117.201921637,4.194,144.643,127.706,-6.644,-0.887,5.863,151.124,278.83,-1554,,2,2.508,390.718
2026-09-27T19:55:55.000Z,1790538955.000,32.642610428,-117.201905094,4.834,137.478,128.834,-6.832,0.366,5.864,150.299,279.132,-1555,,2,3.346,391.824
2026-09-27T19:55:56.000Z,1790538956.000,32.642593649,-117.20188837,4.8,141.866,130.529,-4.007,-0.628,5.864,148.817,279.346,-1556,,2,3.04,393.048
2026-09-27T19:55:57.000Z,1790538957.000,32.64257668,-117.201871907,4.79,142.149,131.471,-5.761,-1.161,5.865,148.078,279.548,-1557,,2,3.009,394.243
2026-09-27T19:55:58.000Z,1790538958.000,32.642558338,-117.201856244,4.979,146.168,133.539,-5.139,-1.024,5.866,146.244,279.784,-1558,,2,2.84,395.693
2026-09-27T19:55:59.000Z,1790538959.000,32.642539717,-117.201840117,5.031,141.314,131.324,-6.459,0.417,5.866,148.5,279.824,-1559,,2,3.202,396.826
2026-09-27T19:56:00.000Z,1790538960.000,32.642522022,-117.201823356,4.9,142.947,130.698,-5.133,0.135,5.867,149.16,279.858,-1560,,2,3.002,397.962
2026-09-27T19:56:01.000Z,1790538961.000,32.642505885,-117.20180752,4.31,138.5,129.4,-3.5,-1.635,5.867,150.544,279.944,-1561,,2,2.892,398.921
2026-09-27T19:56:02.000Z,1790538962.000,32.64249089,-117.201792053,4.273,138.719,128.209,-5.173,0.282,5.868,151.815,280.024,-1562,,2,2.85,399.785
2026-09-27T19:56:03.000Z,1790538963.000,32.642476691,-117.201778452,3.883,143.32,126.795,-4.456,-0.556,5.868,153.162,279.957,-1563,,2,2.345,400.619
2026-09-27T19:56:04.000Z,1790538964.000,32.642461337,-117.201765074,4.069,144.929,125.7,-5.425,-0.831,5.869,154.134,279.834,-1564,,2,2.36,401.604
2026-09-27T19:56:05.000Z,1790538965.000,32.642445621,-117.20174969,4.634,142.049,126.068,-8.032,-0.534,5.869,153.848,279.916,-1565,,2,2.868,402.667
2026-09-27T19:56:06.000Z,1790538966.000,32.642428702,-117.201732636,5.166,138.754,127.06,-6.7,-0.888,5.87,152.803,279.863,-1566,,2,3.418,403.84
2026-09-27T19:56:07.000Z,1790538967.000,32.642410848,-117.201715083,5,140.234,126.821,-4.271,0.978,5.871,152.974,279.795,-1567,,2,3.203,404.993
2026-09-27T19:56:08.000Z,1790538968.000,32.642393892,-117.201696988,5.017,136.899,125.296,-4.217,0.139,5.871,154.287,279.583,-1568,,2,3.426,405.932
2026-09-27T19:56:09.000Z,1790538969.000,32.642376887,-117.201678272,4.838,134.37,124.254,-3.515,-0.485,5.872,155.034,279.288,-1569,,2,3.45,406.891
2026-09-27T19:56:10.000Z,1790538970.000,32.642361283,-117.201658988,4.966,132.883,123.598,-7.032,-0.497,5.872,155.581,279.179,-1570,,2,3.625,407.716
2026-09-27T19:56:11.000Z,1790538971.000,32.642346461,-117.201639608,4.635,134.854,125.094,-6.347,-0.388,5.873,154.06,279.154,-1571,,2,3.267,408.629
2026-09-27T19:56:12.000Z,1790538972.000,32.642332716,-117.201621619,4.263,131.168,123.293,-3.487,1.663,5.873,155.964,279.257,-1572,,2,3.189,409.222
2026-09-27T19:56:13.000Z,1790538973.000,32.642319875,-117.201604374,4.12,134.979,124.599,-3.478,-0.618,5.874,154.803,279.402,-1573,,2,2.889,409.997
2026-09-27T19:56:14.000Z,1790538974.000,32.642305894,-117.20158923,4.268,139.987,125.004,-5.564,-0.768,5.874,154.41,279.413,-1574,,2,2.71,410.895
2026-09-27T19:56:15.000Z,1790538975.000,32.642290361,-117.201574195,4.433,142.273,125.267,-7.201,-0.199,5.875,154.096,279.364,-1575,,2,2.67,411.944
2026-09-27T19:56:16.000Z,1790538976.000,32.642273307,-117.201559669,4.697,142.614,125.962,-8.155,-0.003,5.876,153.485,279.447,-1576,,2,2.799,413.201
2026-09-27T19:56:17.000Z,1790538977.000,32.642255424,-117.201543852,4.636,142.532,126.644,-3.372,-0.936,5.876,152.925,279.569,-1577,,2,2.761,414.494
2026-09-27T19:56:18.000Z,1790538978.000,32.642239863,-117.201526043,4.56,132.618,125.7,-6.34,0.459,5.877,154.03,279.731,-1578,,2,3.301,415.347
2026-09-27T19:56:19.000Z,1790538979.000,32.642224779,-117.201508211,4.463,136.317,124.232,-0.416,-1.211,5.877,155.943,280.175,-1579,,2,3.02,416.109
2026-09-27T19:56:20.000Z,1790538980.000,32.642211176,-117.201491279,4.167,132.736,122.933,-2.196,-0.464,5.878,157.684,280.617,-1580,,2,3.002,416.766
2026-09-27T19:56:21.000Z,1790538981.000,32.642198306,-117.201471659,4.5,127.901,125.291,-9.286,0.1,5.878,155.648,280.938,-1581,,2,3.488,417.54
2026-09-27T19:56:22.000Z,1790538982.000,32.642184503,-117.201453976,4.3,136.11,126.674,-4.441,0.974,5.879,154.634,281.308,-1582,,2,2.906,418.403
2026-09-27T19:56:23.000Z,1790538983.000,32.642169991,-117.201438369,4.178,136.5,126.278,-2.232,-0.346,5.879,155.288,281.566,-1583,,2,2.797,419.274
2026-09-27T19:56:24.000Z,1790538984.000,32.642155226,-117.201424062,3.9,144.525,127.24,-6.94,-0.568,5.88,154.541,281.782,-1584,,2,2.176,420.327
2026-09-27T19:56:25.000Z,1790538985.000,32.642139739,-117.201410371,4.166,141.469,128.132,-9.466,-0.034,5.881,153.938,282.07,-1585,,2,2.499,421.47
2026-09-27T19:56:26.000Z,1790538986.000,32.64212242,-117.201398136,4.47,153.139,131.356,-8.67,-1.126,5.881,150.745,282.101,-1586,,2,1.894,423.035
2026-09-27T19:56:27.000Z,1790538987.000,32.642104683,-117.201384498,4.636,145.261,133.615,-16.187,1.407,5.882,148.187,281.801,-1587,,2,2.513,424.513
2026-09-27T19:56:28.000Z,1790538988.000,32.642084931,-117.201371442,4.9,152.399,136.518,-7.607,0.004,5.882,145.345,281.863,-1588,,2,2.113,426.264
2026-09-27T19:56:29.000Z,1790538989.000,32.642066405,-117.201357084,4.632,145.511,136.505,-5.089,0.232,5.883,145.53,282.035,-1589,,2,2.476,427.622
2026-09-27T19:56:30.000Z,1790538990.000,32.642049556,-117.201343557,4.667,143.129,135.299,-1.001,-0.866,5.883,146.805,282.104,-1590,,2,2.649,428.75
2026-09-27T19:56:31.000Z,1790538991.000,32.642034204,-117.2013293,4.169,142.424,135.99,-6.924,-0.531,5.884,146.4,282.39,-1591,,2,2.402,429.84
2026-09-27T19:56:32.000Z,1790538992.000,32.642017276,-117.201315221,4.8,145.346,138.863,-9.099,-1.281,5.884,143.656,282.519,-1592,,2,2.554,431.259
2026-09-27T19:56:33.000Z,1790538993.000,32.641998359,-117.201303296,4.861,154.639,141.656,-6.773,-0.371,5.885,140.868,282.524,-1593,,2,1.877,432.95
2026-09-27T19:56:34.000Z,1790538994.000,32.641977491,-117.201291816,4.594,162.658,142.161,-4.355,-0.529,5.886,140.383,282.544,-1594,,2,1.155,434.691
2026-09-27T19:56:35.000Z,1790538995.000,32.641955961,-117.201280416,4.938,154.856,136.474,-2.464,-1.696,5.886,146.023,282.497,-1595,,2,1.869,436.051
2026-09-27T19:56:36.000Z,1790538996.000,32.641937155,-117.20126548,4.874,143.864,132.544,-7.039,0.67,5.887,149.709,282.253,-1596,,2,2.663,437.12
2026-09-27T19:56:37.000Z,1790538997.000,32.641919112,-117.201250187,5,140.725,130.25,-1.925,-0.975,5.887,151.668,281.918,-1597,,2,2.949,438.218
2026-09-27T19:56:38.000Z,1790538998.000,32.641901707,-117.201234666,4.98,139.755,130.459,-6.356,0.079,5.888,151.14,281.599,-1598,,2,2.997,439.435
2026-09-27T19:56:39.000Z,1790538999.000,32.641883153,-117.201218422,5.067,144.907,133.7,-6.765,-0.964,5.888,147.618,281.318,-1599,,2,2.663,440.976
2026-09-27T19:56:40.000Z,1790539000.000,32.641864161,-117.201202482,5.105,143.525,132.095,-4.919,-1.251,5.889,149.066,281.161,-1600,,2,2.777,442.201
2026-09-27T19:56:41.000Z,1790539001.000,32.64184538,-117.201186298,5.064,139.756,130.545,-3.227,-0.355,5.889,150.465,281.011,-1601,,2,3.02,443.398
2026-09-27T19:56:42.000Z,1790539002.000,32.641827888,-117.201168926,4.776,139.338,129.352,-5.711,0.193,5.89,151.62,280.972,-1602,,2,2.868,444.446
2026-09-27T19:56:43.000Z,1790539003.000,32.64181123,-117.201152852,4.581,144.733,129.359,-3.316,0.121,5.891,151.574,280.933,-1603,,2,2.387,445.551
2026-09-27T19:56:44.000Z,1790539004.000,32.641793704,-117.20113741,4.668,141.901,126.742,-3.99,-2.011,5.891,153.841,280.583,-1604,,2,2.619,446.562
2026-09-27T19:56:45.000Z,1790539005.000,32.641776796,-117.201121531,4.963,139.62,126.966,-7.161,0.171,5.892,153.204,280.17,-1605,,2,2.937,447.717
2026-09-27T19:56:46.000Z,1790539006.000,32.641759585,-117.201103224,4.97,137.865,128.995,-9.556,0.517,5.892,150.916,279.912,-1606,,2,3.054,448.955
2026-09-27T19:56:47.000Z,1790539007.000,32.641740869,-117.201085295,5.2,142.486,128.633,-0.318,-1.307,5.893,151.19,279.823,-1607,,2,2.845,450.172
2026-09-27T19:56:48.000Z,1790539008.000,32.641723992,-117.201066188,4.857,135.673,127.469,-4.983,-0.608,5.893,152.345,279.814,-1608,,2,3.113,451.095
2026-09-27T19:56:49.000Z,1790539009.000,32.641707087,-117.201049125,4.738,140.504,128.714,-4.283,-0.852,5.894,151.01,279.724,-1609,,2,2.711,452.285
2026-09-27T19:56:50.000Z,1790539010.000,32.641690539,-117.201033939,4.466,143.295,129.899,-6.999,-0.499,5.894,149.572,279.471,-1610,,2,2.367,453.504
2026-09-27T19:56:51.000Z,1790539011.000,32.641673679,-117.201018844,4.431,141.979,129.165,-7.257,0.861,5.895,150.145,279.31,-1611,,2,2.426,454.608
2026-09-27T19:56:52.000Z,1790539012.000,32.64165688,-117.201004544,4.6,142.222,129.711,-4.557,-0.39,5.896,149.589,279.3,-1612,-914.458,2,2.494,455.835
2026-09-27T19:56:53.000Z,1790539013.000,32.641639091,-117.20098914,4.8,142.803,130.739,-4.682,-1.743,5.896,148.605,279.344,-1613,-912.282,2,2.553,457.159
2026-09-27T19:56:54.000Z,1790539014.000,32.641621406,-117.200972806,4.866,141.529,129.998,-7.036,-0.965,5.897,149.334,279.333,-1614,-910.003,2,2.67,458.302
2026-09-27T19:56:55.000Z,1790539015.000,32.641603567,-117.2009555,5,140.033,129.8,-6.7,0.6,5.897,149.478,279.278,-1615,-907.645,2,2.843,459.465
2026-09-27T19:56:56.000Z,1790539016.000,32.641586656,-117.200938226,4.73,137.34,129.3,-6.075,0.62,5.898,149.886,279.186,-1616,-905.333,2,2.861,460.512
2026-09-27T19:56:57.000Z,1790539017.000,32.641570407,-117.20092297,4.184,140.693,128.4,-4.368,-0.106,5.898,150.667,279.067,-1617,-903.216,2,2.325,461.535
2026-09-27T19:56:58.000Z,1790539018.000,32.641554218,-117.200908595,4.462,144.583,128.769,-3.369,-2.515,5.899,150.214,278.984,-1618,-901.196,2,2.214,462.683
2026-09-27T19:56:59.000Z,1790539019.000,32.641539433,-117.200893667,4.333,139.1,126.567,-7.3,0.833,5.899,152.371,278.937,-1619,-899.165,2,2.494,463.466
2026-09-27T19:57:00.000Z,1790539020.000,32.641523765,-117.200877106,4.897,135.646,126.772,-5.028,0.291,5.9,152.141,278.912,-1620,-896.987,2,3.047,464.467
2026-09-27T19:57:01.000Z,1790539021.000,32.641507767,-117.200858637,4.9,135.23,127.294,-4.518,-1.059,5.901,151.567,278.861,-1621,-894.638,2,3.068,465.456
2026-09-27T19:57:02.000Z,1790539022.000,32.641491534,-117.200842222,4.475,141.065,127.187,-3.45,1,5.901,151.683,278.87,-1622,-892.439,2,2.425,466.496
2026-09-27T19:57:03.000Z,1790539023.000,32.641474424,-117.200825433,4.76,142.507,127.27,-4.31,-1.281,5.902,151.684,278.954,-1623,-890.166,2,2.47,467.627
2026-09-27T19:57:04.000Z,1790539024.000,32.641458009,-117.200808407,4.835,138.461,126.9,-7.306,0.869,5.902,152.17,279.07,-1624,-887.903,2,2.785,468.642
2026-09-27T19:57:05.000Z,1790539025.000,32.641441117,-117.200791351,4.8,137.846,127.832,-6.031,-0.937,5.903,151.248,279.08,-1625,-885.631,2,2.799,469.807
2026-09-27T19:57:06.000Z,1790539026.000,32.641424515,-117.20077522,4.695,139.024,126.939,-3.63,-0.13,5.903,152.063,279.003,-1626,-883.426,2,2.651,470.833
2026-09-27T19:57:07.000Z,1790539027.000,32.641409088,-117.2007593,4.375,137.512,125.762,-3.1,0.038,5.904,153.225,278.987,-1627,-881.296,2,2.557,471.725
2026-09-27T19:57:08.000Z,1790539028.000,32.641394078,-117.200742429,4.291,138.838,124.791,-2.93,-1.3,5.904,154.272,279.063,-1628,-879.113,2,2.42,472.554
2026-09-27T19:57:09.000Z,1790539029.000,32.641380136,-117.200725595,4.535,133.973,124.235,-5.361,-0.174,5.905,155.029,279.264,-1629,-876.993,2,2.86,473.309
2026-09-27T19:57:10.000Z,1790539030.000,32.64136556,-117.200709062,4.563,135.295,124.232,-3.768,-0.866,5.906,155.36,279.591,-1630,-874.871,2,2.788,474.183
2026-09-27T19:57:11.000Z,1790539031.000,32.641350979,-117.200692587,4.464,136.32,124.964,-4.392,-0.228,5.906,154.945,279.909,-1631,-872.76,2,2.657,475.119
2026-09-27T19:57:12.000Z,1790539032.000,32.641335234,-117.200676422,4.588,140.911,125.737,-6.062,-0.088,5.907,154.488,280.226,-1632,-870.617,2,2.419,476.188
2026-09-27T19:57:13.000Z,1790539033.000,32.641318718,-117.200660126,4.631,140.059,124.538,-5.931,-0.284,5.907,155.863,280.401,-1633,-868.402,2,2.492,477.174
2026-09-27T19:57:14.000Z,1790539034.000,32.641301855,-117.200643987,4.733,137.993,124.767,-5.938,-0.13,5.908,155.658,280.425,-1634,-866.197,2,2.68,478.315
2026-09-27T19:57:15.000Z,1790539035.000,32.641285511,-117.20062548,5.034,135.964,127.066,-4.736,-1.335,5.908,153.326,280.393,-1635,-863.847,2,2.986,479.479
2026-09-27T19:57:16.000Z,1790539036.000,32.641270624,-117.200605384,4.8,128.395,127.194,-5.665,0.535,5.909,153.256,280.45,-1636,-861.415,2,3.325,480.264
2026-09-27T19:57:17.000Z,1790539037.000,32.641256255,-117.200585969,4.6,130.152,126.7,-1.738,-1.152,5.909,153.899,280.599,-1637,-859.057,2,3.076,480.972
2026-09-27T19:57:18.000Z,1790539038.000,32.641243292,-117.200568367,4.27,132.96,123.578,-5.634,-0.66,5.91,157.097,280.675,-1638,-856.896,2,2.691,481.394
2026-09-27T19:57:19.000Z,1790539039.000,32.641230177,-117.200553307,3.97,137.814,123.897,-7.978,-0.095,5.911,156.814,280.712,-1639,-854.974,2,2.226,482.2
2026-09-27T19:57:20.000Z,1790539040.000,32.641215905,-117.200538036,4.238,142.455,124.431,-8.056,-1.024,5.911,156.343,280.774,-1640,-852.977,2,2.078,483.133
2026-09-27T19:57:21.000Z,1790539041.000,32.641200441,-117.200522076,4.429,138.45,123.829,-6.164,0.257,5.912,157.171,281,-1641,-850.851,2,2.428,484.072
2026-09-27T19:57:22.000Z,1790539042.000,32.641183976,-117.200506099,4.477,142.78,124.016,-1.607,-0.455,5.912,157.323,281.339,-1642,-848.68,2,2.156,485.175
2026-09-27T19:57:23.000Z,1790539043.000,32.641168061,-117.200489024,4.4,137.101,125.438,-6.407,-0.069,5.913,156.058,281.496,-1643,-846.458,2,2.482,486.279
2026-09-27T19:57:24.000Z,1790539044.000,32.641152739,-117.200472739,4.466,139.031,125.733,-4.935,-1.3,5.913,155.901,281.634,-1644,-844.321,2,2.386,487.263
2026-09-27T19:57:25.000Z,1790539045.000,32.641138357,-117.200455965,4.268,132.876,124.166,-6.197,0.079,5.914,157.82,281.985,-1645,-842.172,2,2.648,487.984
2026-09-27T19:57:26.000Z,1790539046.000,32.641123739,-117.200439875,3.964,142.133,125.607,-4.621,0.342,5.914,156.795,282.402,-1646,-840.1,2,1.92,488.994
2026-09-27T19:57:27.000Z,1790539047.000,32.641109686,-117.200422105,4.398,135.112,128.407,-13.102,-0.723,5.915,154.323,282.73,-1647,-837.939,2,2.576,489.99
2026-09-27T19:57:28.000Z,1790539048.000,32.641093824,-117.200404578,4.6,135.692,132.284,-11.284,1.061,5.916,150.709,282.993,-1648,-835.738,2,2.648,491.26
2026-09-27T19:57:29.000Z,1790539049.000,32.641077657,-117.200388257,4.199,140.712,136.535,-8.829,0.235,5.916,146.307,282.843,-1649,-833.651,2,2.098,492.627
2026-09-27T19:57:30.000Z,1790539050.000,32.64106134,-117.200374032,4.269,144.318,136.765,-3.996,-0.765,5.917,145.807,282.573,-1650,-831.637,2,1.888,493.782
2026-09-27T19:57:31.000Z,1790539051.000,32.64104446,-117.200361944,4.135,150.2,135.941,-3.784,-0.595,5.917,146.316,282.257,-1651,-829.744,2,1.431,494.996
2026-09-27T19:57:32.000Z,1790539052.000,32.641026999,-117.200350616,4.355,150.962,134.933,-5.594,-0.345,5.918,147.018,281.952,-1652,-827.88,2,1.443,496.282
2026-09-27T19:57:33.000Z,1790539053.000,32.641008635,-117.200337351,4.6,145.884,134.608,-6.992,-1.807,5.918,147.168,281.776,-1653,-825.827,2,1.892,497.64
2026-09-27T19:57:34.000Z,1790539054.000,32.640990914,-117.200322484,4.834,146.155,134.533,-7.627,0.498,5.919,147.304,281.837,-1654,-823.679,2,1.957,498.893
2026-09-27T19:57:35.000Z,1790539055.000,32.640972478,-117.200308618,4.729,147.046,134.571,-4.065,-0.429,5.919,147.632,282.203,-1655,-821.581,2,1.836,500.263
2026-09-27T19:57:36.000Z,1790539056.000,32.640953964,-117.200296495,4.753,149.037,132.211,-4.147,-0.526,5.92,150.461,282.672,-1656,-819.57,2,1.682,501.524
2026-09-27T19:57:37.000Z,1790539057.000,32.640936159,-117.200282623,4.542,144.615,132.461,-7.963,-0.779,5.921,150.506,282.967,-1657,-817.507,2,1.92,502.846
2026-09-27T19:57:38.000Z,1790539058.000,32.640917146,-117.20026656,5.031,143.45,132.238,-7.431,-0.138,5.921,150.965,283.203,-1658,-815.191,2,2.207,504.174
2026-09-27T19:57:39.000Z,1790539059.000,32.640897852,-117.200250485,4.802,142.1,132.534,-3.495,-1.337,5.922,150.818,283.352,-1659,-812.87,2,2.196,505.57
2026-09-27T19:57:40.000Z,1790539060.000,32.640880043,-117.200232212,5.231,137.041,132.738,-5.565,0.073,5.922,150.589,283.327,-1660,-810.442,2,2.783,506.726
2026-09-27T19:57:41.000Z,1790539061.000,32.640863876,-117.200214148,4.629,137.812,133.236,-4.514,-0.292,5.923,149.772,283.007,-1661,-808.121,2,2.4,507.744
2026-09-27T19:57:42.000Z,1790539062.000,32.640847489,-117.200199489,4.3,141.998,130.338,-0.581,-1.181,5.923,152.069,282.406,-1662,-806.004,2,1.947,508.651
2026-09-27T19:57:43.000Z,1790539063.000,32.640831873,-117.200184441,4.3,141.302,129.706,-5.831,-0.849,5.924,152.154,281.86,-1663,-803.94,2,1.985,509.638
2026-09-27T19:57:44.000Z,1790539064.000,32.640815761,-117.200170162,4.467,144.573,129.233,-7.834,-0.366,5.924,152.269,281.502,-1664,-801.918,2,1.824,510.716
2026-09-27T19:57:45.000Z,1790539065.000,32.640798424,-117.200156052,4.664,147.082,129.602,-6.668,0.194,5.925,151.616,281.218,-1665,-799.861,2,1.706,511.991
2026-09-27T19:57:46.000Z,1790539066.000,32.640779319,-117.200141634,4.936,146.464,129.586,-3.743,-2.7,5.926,151.172,280.758,-1666,-797.681,2,1.842,513.406
2026-09-27T19:57:47.000Z,1790539067.000,32.640761297,-117.200125157,5.219,140.326,128.34,-6.736,0.183,5.926,152.045,280.386,-1667,-795.366,2,2.443,514.537
2026-09-27T19:57:48.000Z,1790539068.000,32.640743348,-117.200107148,4.792,140.277,129.5,-5.869,0.715,5.927,150.566,280.066,-1668,-792.966,2,2.236,515.792
2026-09-27T19:57:49.000Z,1790539069.000,32.640725594,-117.200090561,4.767,142.168,129.599,-1.732,-1.367,5.927,150.123,279.722,-1669,-790.678,2,2.073,516.997
2026-09-27T19:57:50.000Z,1790539070.000,32.640708885,-117.200073085,4.774,140.818,128.995,-5.861,-0.083,5.928,150.686,279.681,-1670,-788.358,2,2.167,518.007
2026-09-27T19:57:51.000Z,1790539071.000,32.640692277,-117.200055477,5.029,137.688,129.1,-6.035,0.058,5.928,150.376,279.476,-1671,-786.043,2,2.513,519.058
2026-09-27T19:57:52.000Z,1790539072.000,32.640675447,-117.200036903,4.978,137.371,129.639,-6.061,0.366,5.929,149.27,278.909,-1672,-783.645,2,2.501,520.129
2026-09-27T19:57:53.000Z,1790539073.000,32.640658825,-117.200020369,4.531,142.611,129.224,-4.807,1.314,5.929,149.374,278.598,-1673,-781.41,2,1.899,521.18
2026-09-27T19:57:54.000Z,1790539074.000,32.640641933,-117.200007467,4.333,149.268,128.567,-2.167,-1.733,5.93,149.619,278.185,-1674,-779.46,2,1.338,522.375
2026-09-27T19:57:55.000Z,1790539075.000,32.64062613,-117.199993233,4.4,135.991,126.269,-8.979,0.772,5.931,151.233,277.502,-1675,-777.433,2,2.276,523.279
2026-09-27T19:57:56.000Z,1790539076.000,32.640609818,-117.199977246,4.664,142.322,127.436,-7.437,-1.043,5.931,149.276,276.712,-1676,-775.282,2,1.947,524.443
2026-09-27T19:57:57.000Z,1790539077.000,32.640592757,-117.199960235,4.922,138.029,126.661,-4.406,0.049,5.932,149.437,276.098,-1677,-772.982,2,2.373,525.493
2026-09-27T19:57:58.000Z,1790539078.000,32.640574886,-117.199942186,4.962,141.196,129.869,-4.614,0.469,5.932,145.556,275.425,-1678,-770.613,2,2.136,526.899
2026-09-27T19:57:59.000Z,1790539079.000,32.640557674,-117.199924439,4.935,141.562,129.938,-5.807,-1.1,5.933,144.916,274.854,-1679,-768.256,2,2.084,528.004
2026-09-27T19:58:00.000Z,1790539080.000,32.640540801,-117.199907007,4.706,136.81,125.248,-4.623,0.894,5.933,149.28,274.528,-1680,-765.874,2,2.325,528.711
2026-09-27T19:58:01.000Z,1790539081.000,32.640525015,-117.199889895,4.672,136.707,123.6,-3.42,-1.38,5.934,150.67,274.27,-1681,-763.626,2,2.306,529.556
2026-09-27T19:58:02.000Z,1790539082.000,32.640509501,-117.199871099,5.039,134.927,122.939,-5.018,-0.479,5.934,151.279,274.218,-1682,-761.262,2,2.613,530.39
2026-09-27T19:58:03.000Z,1790539083.000,32.640493099,-117.199851917,4.969,136.257,122.769,-4.525,-0.444,5.935,151.358,274.127,-1683,-758.825,2,2.466,531.339
2026-09-27T19:58:04.000Z,1790539084.000,32.640476983,-117.199832013,4.998,135.089,123.469,-4.997,-1.372,5.936,150.338,273.807,-1684,-756.349,2,2.558,532.302
2026-09-27T19:58:05.000Z,1790539085.000,32.64046114,-117.199812287,4.835,134.584,122.373,-3.939,0.965,5.936,150.961,273.334,-1685,-753.888,2,2.5,533.1
2026-09-27T19:58:06.000Z,1790539086.000,32.640446635,-117.199792831,4.508,132.767,121.464,-3.108,-0.244,5.937,151.724,273.188,-1686,-751.521,2,2.444,533.786
2026-09-27T19:58:07.000Z,1790539087.000,32.64043303,-117.199775006,4.4,131.064,120.881,-2.46,-1.519,5.937,151.996,272.877,-1687,-749.339,2,2.487,534.467
2026-09-27T19:58:08.000Z,1790539088.000,32.640419603,-117.19975602,4.3,128.9,119.3,-6.79,0.572,5.938,153.719,273.019,-1688,-747.066,2,2.555,535.006
2026-09-27T19:58:09.000Z,1790539089.000,32.640405144,-117.199737979,4.7,136.491,121.033,-3.902,-0.801,5.938,152.241,273.273,-1689,-744.831,2,2.259,535.952
2026-09-27T19:58:10.000Z,1790539090.000,32.640390701,-117.199719381,4.765,130.32,120.662,-5.486,-0.693,5.939,152.629,273.291,-1690,-742.543,2,2.718,536.707
2026-09-27T19:58:11.000Z,1790539091.000,32.640376724,-117.199700916,4.437,130.633,120.756,-5.473,0.437,5.939,152.826,273.582,-1691,-740.291,2,2.502,537.457
2026-09-27T19:58:12.000Z,1790539092.000,32.640362301,-117.199683498,4.361,133.871,118.818,-2.818,-0.561,5.94,155.43,274.248,-1692,-738.097,2,2.244,538.127
2026-09-27T19:58:13.000Z,1790539093.000,32.640348279,-117.19966603,4.274,134.318,118.931,-1.6,-0.974,5.941,155.817,274.748,-1693,-735.926,2,2.162,538.919
2026-09-27T19:58:14.000Z,1790539094.000,32.640335746,-117.199646554,4.632,126.858,120.265,-8.495,0.632,5.941,154.825,275.09,-1694,-733.669,2,2.834,539.584
2026-09-27T19:58:15.000Z,1790539095.000,32.640322215,-117.199626607,4.5,131.072,122.224,-3.941,-1.17,5.942,153.302,275.527,-1695,-731.327,2,2.475,540.383
2026-09-27T19:58:16.000Z,1790539096.000,32.64030836,-117.199607509,4.839,126.388,123.264,-4.211,0.218,5.942,152.932,276.196,-1696,-729.036,2,2.974,541.172
2026-09-27T19:58:17.000Z,1790539097.000,32.64029358,-117.199590219,4.4,137.085,125.1,-4.103,0.043,5.943,151.732,276.832,-1697,-726.858,2,2.003,542.186
2026-09-27T19:58:18.000Z,1790539098.000,32.640278141,-117.199575147,4.094,142.977,125.263,-3.406,-0.394,5.943,152.176,277.439,-1698,-724.814,2,1.471,543.216
2026-09-27T19:58:19.000Z,1790539099.000,32.640263838,-117.199560239,4.2,135.931,125.532,-8.366,-0.499,5.944,152.518,278.05,-1699,-722.844,2,1.97,544.144
2026-09-27T19:58:20.000Z,1790539100.000,32.640249011,-117.199545311,4.105,143.091,127.03,-7.9,-0.044,5.944,151.46,278.49,-1700,-720.86,2,1.449,545.223
2026-09-27T19:58:21.000Z,1790539101.000,32.640232285,-117.199530692,4.5,145.462,128.727,-4.977,-0.467,5.945,150.332,279.059,-1701,-718.811,2,1.402,546.521
2026-09-27T19:58:22.000Z,1790539102.000,32.640214584,-117.199515405,4.76,143.379,128.584,-5.547,-1.079,5.946,151.072,279.655,-1702,-716.629,2,1.635,547.75
2026-09-27T19:58:23.000Z,1790539103.000,32.640196637,-117.199497737,5,140.879,130.063,-5.505,-0.611,5.946,150.229,280.292,-1703,-714.264,2,1.907,549.042
2026-09-27T19:58:24.000Z,1790539104.000,32.640180721,-117.199480323,4.336,137.792,128.466,-5.094,1.234,5.947,152.471,280.937,-1704,-711.973,2,1.858,549.896
2026-09-27T19:58:25.000Z,1790539105.000,32.640165286,-117.199464356,4.365,140.72,130.5,-3.65,-0.855,5.947,151.005,281.505,-1705,-709.888,2,1.656,551.038
2026-09-27T19:58:26.000Z,1790539106.000,32.640149597,-117.199449175,4.563,145.037,129.4,-5.096,-0.729,5.948,152.555,281.955,-1706,-707.801,2,1.398,551.991
2026-09-27T19:58:27.000Z,1790539107.000,32.640133141,-117.199434464,4.316,140.665,128.994,-5.412,0.379,5.948,153.223,282.217,-1707,-705.727,2,1.622,553.094
2026-09-27T19:58:28.000Z,1790539108.000,32.640117394,-117.199418094,4.634,138.672,128.768,-7.799,-0.535,5.949,153.303,282.071,-1708,-703.555,2,1.879,554.076
2026-09-27T19:58:29.000Z,1790539109.000,32.640101,-117.199403167,4.3,144.167,129.433,-2.5,-0.267,5.949,152.482,281.915,-1709,-701.483,2,1.348,555.248
2026-09-27T19:58:30.000Z,1790539110.000,32.64008532,-117.199387285,4.63,139.985,131.16,-7.04,-0.26,5.95,150.757,281.917,-1710,-699.389,2,1.758,556.394
2026-09-27T19:58:31.000Z,1790539111.000,32.640068985,-117.199371638,4.553,143.377,131.673,-7.041,-0.343,5.951,150.143,281.817,-1711,-697.26,2,1.465,557.521
2026-09-27T19:58:32.000Z,1790539112.000,32.640050754,-117.199357035,4.738,145.751,129.831,-4.456,-0.431,5.951,151.941,281.772,-1712,-695.075,2,1.325,558.698
2026-09-27T19:58:33.000Z,1790539113.000,32.640032756,-117.199341664,5,144.055,129.204,-6.261,-0.907,5.952,152.585,281.789,-1713,-692.863,2,1.527,559.916
2026-09-27T19:58:34.000Z,1790539114.000,32.640015073,-117.199325473,5.032,138.21,127.067,-6.432,0.3,5.952,154.807,281.874,-1714,-690.577,2,2.004,560.953
2026-09-27T19:58:35.000Z,1790539115.000,32.639998467,-117.199308302,4.571,139.582,125.641,-4.906,0.077,5.953,156.164,281.806,-1715,-688.28,2,1.709,561.898
2026-09-27T19:58:36.000Z,1790539116.000,32.639982486,-117.199290345,4.989,133.015,122.859,-2.867,0.163,5.953,158.785,281.644,-1716,-685.941,2,2.371,562.642
2026-09-27T19:58:37.000Z,1790539117.000,32.639968098,-117.199269868,4.84,128.902,122.76,-2.98,-0.57,5.954,158.747,281.507,-1717,-683.5,2,2.589,563.343
2026-09-27T19:58:38.000Z,1790539118.000,32.639954816,-117.199249703,4.902,125.064,121.302,-4.135,-1.233,5.954,160.248,281.55,-1718,-681.134,2,2.885,563.834
2026-09-27T19:58:39.000Z,1790539119.000,32.639941714,-117.199230318,4.566,132.005,119.368,-3.14,0.337,5.955,162.255,281.623,-1719,-678.843,2,2.212,564.297
2026-09-27T19:58:40.000Z,1790539120.000,32.639928203,-117.199211654,4.436,129.412,119.757,-5.685,-0.607,5.956,161.92,281.677,-1720,-676.6,2,2.314,565.015
2026-09-27T19:58:41.000Z,1790539121.000,32.639912721,-117.199195621,4.589,142.144,121.867,-10.345,-0.341,5.956,159.828,281.695,-1721,-674.482,2,1.46,566.171
2026-09-27T19:58:42.000Z,1790539122.000,32.639895636,-117.199179453,4.63,144.573,125.856,-10.966,-0.77,5.957,155.79,281.646,-1722,-672.297,2,1.273,567.633
2026-09-27T19:58:43.000Z,1790539123.000,32.639877942,-117.199165047,4.467,147.094,127.637,-8.588,0.059,5.957,153.854,281.491,-1723,-670.214,2,1.025,569.046
2026-09-27T19:58:44.000Z,1790539124.000,32.639859668,-117.199149631,4.669,144.309,129.634,-5.372,0.225,5.958,151.733,281.367,-1724,-668.025,2,1.278,570.496
2026-09-27T19:58:45.000Z,1790539125.000,32.639842608,-117.19913423,4.629,143.14,128.593,-3.5,-1.045,5.958,152.831,281.424,-1725,-665.852,2,1.345,571.585
2026-09-27T19:58:46.000Z,1790539126.000,32.639826703,-117.19911765,4.374,137.709,129.7,-4.652,0.174,5.959,151.902,281.602,-1726,-663.675,2,1.651,572.68
2026-09-27T19:58:47.000Z,1790539127.000,32.639811473,-117.199100454,4.4,136.301,128.19,-2.91,-0.13,5.959,153.878,282.068,-1727,-661.44,2,1.75,573.479
2026-09-27T19:58:48.000Z,1790539128.000,32.639796995,-117.199083294,4.567,135.157,127.599,-2.099,-1.134,5.96,155.208,282.807,-1728,-659.262,2,1.89,574.274
2026-09-27T19:58:49.000Z,1790539129.000,32.639783077,-117.199064213,4.633,130.721,127.366,-5.132,-0.133,5.961,156.273,283.64,-1729,-656.959,2,2.227,574.969
2026-09-27T19:58:50.000Z,1790539130.000,32.639768243,-117.199044738,4.737,131.537,128.589,-6.184,-0.326,5.961,155.733,284.322,-1730,-654.597,2,2.207,575.857
2026-09-27T19:58:51.000Z,1790539131.000,32.639752565,-117.199026384,4.979,136.528,127.421,-7.621,-0.126,5.962,157.401,284.822,-1731,-652.25,2,1.915,576.684
2026-09-27T19:58:52.000Z,1790539132.000,32.639735178,-117.199011309,4.462,150.852,125.001,-6.677,1.992,5.962,160.116,285.116,-1732,-650.075,2,0.632,577.709
2026-09-27T19:58:53.000Z,1790539133.000,32.639717622,-117.198997557,4.667,143.623,120.729,-5.601,-0.329,5.963,164.513,285.242,-1733,-647.998,2,1.226,578.649
2026-09-27T19:58:54.000Z,1790539134.000,32.639701394,-117.198982028,4.634,141.36,113.844,-5.176,0.027,5.963,171.639,285.483,-1734,-645.877,2,1.383,579.173
2026-09-27T19:58:55.000Z,1790539135.000,32.639687333,-117.198962858,4.345,124.807,106.735,0.481,-0.617,5.964,178.765,285.5,-1735,-643.635,2,2.417,579.322
2026-09-27T19:58:56.000Z,1790539136.000,32.63967778,-117.19894052,4.64,113.26,99.32,4.6,-1.04,5.964,-173.957,285.363,-1736,-641.44,2,3.296,578.877
2026-09-27T19:58:57.000Z,1790539137.000,32.639672626,-117.198913705,5.063,96.768,90.242,6.547,-1.205,5.965,-165.047,285.195,-1737,-639.234,2,4.458,577.711
2026-09-27T19:58:58.000Z,1790539138.000,32.639673376,-117.198885457,4.996,83.552,79.911,8.345,0.419,5.966,-154.856,285.055,-1738,-637.377,2,4.824,575.849
2026-09-27T19:58:59.000Z,1790539139.000,32.639677688,-117.198858217,4.969,74.379,73.118,9.006,0.163,5.966,-148.244,284.874,-1739,-635.7,2,4.942,573.957
2026-09-27T19:59:00.000Z,1790539140.000,32.639684922,-117.198833935,4.828,66.407,67.225,4.539,-0.975,5.967,-142.314,284.911,-1740,-634.407,2,4.825,571.969
2026-09-27T19:59:01.000Z,1790539141.000,32.639692404,-117.198811808,4.321,67.553,63.456,2.596,0.841,5.967,-138.316,285.14,-1741,-633.197,2,4.32,570.18
2026-09-27T19:59:02.000Z,1790539142.000,32.639699761,-117.198791054,3.863,66.184,59.463,2.233,-1.155,5.968,-134.009,285.454,-1742,-632.122,2,3.859,568.458
2026-09-27T19:59:03.000Z,1790539143.000,32.639706349,-117.198772584,3.665,68.992,54.708,5.669,0.731,5.968,-128.785,285.923,-1743,-631.263,2,3.665,566.886
2026-09-27T19:59:04.000Z,1790539144.000,32.639712845,-117.19875522,3.305,64.265,56.125,5.395,-0.37,5.969,-129.673,286.452,-1744,-630.054,2,3.296,565.64
2026-09-27T19:59:05.000Z,1790539145.000,32.639718612,-117.198740379,3,64.585,55.797,4.775,-0.015,5.969,-129.139,286.657,-1745,-629.142,2,2.993,564.486
2026-09-27T19:59:06.000Z,1790539146.000,32.639725307,-117.198725617,2.8,71.508,49.932,5.85,-0.075,5.97,-123.226,286.706,-1746,-628.691,2,2.796,563.021
2026-09-27T19:59:07.000Z,1790539147.000,32.639731051,-117.198710295,3.168,64.267,50.011,12.025,-0.579,5.971,-123.391,286.62,-1747,-627.709,2,3.159,561.869
2026-09-27T19:59:08.000Z,1790539148.000,32.639738467,-117.1986952,3.2,59,47.467,8,0.267,5.971,-121.208,286.258,-1748,-627.03,2,3.155,560.463
2026-09-27T19:59:09.000Z,1790539149.000,32.639748526,-117.198679196,4.059,52.557,47.335,2.102,0.148,5.972,-121.634,285.701,-1749,-626.229,2,3.899,558.838
2026-09-27T19:59:10.000Z,1790539150.000,32.639759392,-117.198661222,3.91,56.998,46.39,-0.91,-0.884,5.972,-121.305,285.085,-1750,-625.368,2,3.828,557.031
2026-09-27T19:59:11.000Z,1790539151.000,32.639769771,-117.198641838,4.27,56.32,46.45,3.03,-0.11,5.973,-121.849,284.601,-1751,-624.288,2,4.17,555.254
2026-09-27T19:59:12.000Z,1790539152.000,32.639779625,-117.198623089,4.136,59.204,49.104,2.321,-0.507,5.973,-124.978,284.125,-1752,-623.037,2,4.078,553.641
2026-09-27T19:59:13.000Z,1790539153.000,32.639790844,-117.198604106,4.2,55.128,46.541,-1.734,-0.159,5.974,-122.943,283.598,-1753,-622.233,2,4.08,551.706
2026-09-27T19:59:14.000Z,1790539154.000,32.639802358,-117.198584113,4.471,54.852,45.753,3.382,-0.417,5.974,-122.646,283.106,-1754,-621.226,2,4.337,549.764
2026-09-27T19:59:15.000Z,1790539155.000,32.639813454,-117.198563971,4.081,58.827,47.357,4.64,0.842,5.975,-124.478,282.879,-1755,-620.002,2,4.018,547.935
2026-09-27T19:59:16.000Z,1790539156.000,32.639826373,-117.198545373,4.308,46.629,42.276,-0.724,-0.269,5.976,-119.405,282.87,-1756,-619.516,2,3.984,545.775
2026-09-27T19:59:17.000Z,1790539157.000,32.639837617,-117.19852821,4.1,48.775,43.167,1.455,0.028,5.976,-120.101,283.067,-1757,-618.6,2,3.847,544.014
2026-09-27T19:59:18.000Z,1790539158.000,32.639848616,-117.198513434,3.4,47.777,43.236,-0.529,1.186,5.977,-120.239,282.996,-1758,-617.934,2,3.168,542.345
2026-09-27T19:59:19.000Z,1790539159.000,32.639858907,-117.198499421,3.236,48.988,42.218,-1.473,-1.036,5.977,-119.376,282.842,-1759,-617.38,2,3.039,540.747
2026-09-27T19:59:20.000Z,1790539160.000,32.639868353,-117.198482995,3.582,58.393,42.107,1.053,1.164,5.978,-119.754,282.353,-1760,-616.511,2,3.519,539.17
2026-09-27T19:59:21.000Z,1790539161.000,32.63987798,-117.198463938,4.233,59.963,43.398,1.741,-0.757,5.978,-121.794,281.604,-1761,-615.323,2,4.178,537.515
2026-09-27T19:59:22.000Z,1790539162.000,32.639888814,-117.198443567,4.368,56.949,45.505,1.037,-0.529,5.979,-124.616,280.89,-1762,-614.026,2,4.269,535.715
2026-09-27T19:59:23.000Z,1790539163.000,32.639899692,-117.198422117,4.73,59.508,46.478,2.384,0.235,5.979,-126.371,280.107,-1763,-612.73,2,4.662,533.839
2026-09-27T19:59:24.000Z,1790539164.000,32.639910459,-117.198400656,4.337,57.829,48.27,1.763,-1.1,5.98,-128.836,279.435,-1764,-611.366,2,4.251,532.003
2026-09-27T19:59:25.000Z,1790539165.000,32.639920299,-117.198379897,4.232,58.233,49.652,5.099,0.59,5.981,-130.744,278.908,-1765,-610.045,2,4.154,530.276
2026-09-27T19:59:26.000Z,1790539166.000,32.639931437,-117.198361694,3.966,50.934,48.129,6.599,-0.099,5.981,-129.664,278.466,-1766,-609.222,2,3.764,528.411
2026-09-27T19:59:27.000Z,1790539167.000,32.639943854,-117.198344152,4.4,50.129,43.203,6.165,-1.032,5.982,-125.045,278.158,-1767,-608.784,2,4.154,526.34
2026-09-27T19:59:28.000Z,1790539168.000,32.6399558,-117.19832576,4.336,51.495,44.492,6.116,-0.792,5.982,-126.479,278.013,-1768,-607.771,2,4.125,524.475
2026-09-27T19:59:29.000Z,1790539169.000,32.639968221,-117.198308449,4.283,51.717,42.696,-2.087,0.2,5.983,-124.807,277.888,-1769,-607.113,2,4.078,522.514
2026-09-27T19:59:30.000Z,1790539170.000,32.639979956,-117.198290273,4.061,54.732,43.447,-2.092,-0.169,5.983,-125.587,277.86,-1770,-606.15,2,3.926,520.662
2026-09-27T19:59:31.000Z,1790539171.000,32.63999044,-117.198272888,3.899,56.827,43.467,0.065,-0.969,5.984,-125.607,277.86,-1771,-605.244,2,3.803,518.947
2026-09-27T19:59:32.000Z,1790539172.000,32.640000744,-117.198253109,4.459,60.21,45.459,1.934,1.166,5.984,-127.51,277.95,-1772,-603.978,2,4.4,517.22
2026-09-27T19:59:33.000Z,1790539173.000,32.640011023,-117.198232661,4.471,58.694,44.529,-1.814,-1.207,5.985,-126.318,278.21,-1773,-602.881,2,4.39,515.384
2026-09-27T19:59:34.000Z,1790539174.000,32.640020882,-117.198211837,4.361,57.952,46.844,0.134,0.1,5.986,-128.308,278.536,-1774,-601.481,2,4.27,513.676
2026-09-27T19:59:35.000Z,1790539175.000,32.640032296,-117.198191708,4.566,54.999,48.367,-2.266,0.066,5.986,-129.528,278.839,-1775,-600.281,2,4.417,511.815
2026-09-27T19:59:36.000Z,1790539176.000,32.640043952,-117.198171161,4.266,56.552,49.304,-1.07,-0.772,5.987,-130.225,279.079,-1776,-599.104,2,4.154,509.895
2026-09-27T19:59:37.000Z,1790539177.000,32.640055151,-117.198149841,4.629,59.967,51.286,1.45,-0.557,5.987,-132.007,279.279,-1777,-597.763,2,4.561,508.034
2026-09-27T19:59:38.000Z,1790539178.000,32.640065596,-117.198127608,4.64,61.28,52.339,0.04,-0.461,5.988,-132.839,279.5,-1778,-596.376,2,4.589,506.183
2026-09-27T19:59:39.000Z,1790539179.000,32.64007641,-117.19810438,4.745,58.987,53.998,-1.717,-1.279,5.988,-134.423,279.575,-1779,-594.883,2,4.661,504.284
2026-09-27T19:59:40.000Z,1790539180.000,32.640086773,-117.198080316,4.799,64.94,54.036,-0.528,0.101,5.989,-134.397,279.64,-1780,-593.416,2,4.782,502.335
2026-09-27T19:59:41.000Z,1790539181.000,32.640096393,-117.198057415,4.767,61.81,57.768,-2.162,-0.501,5.989,-137.893,279.875,-1781,-591.743,2,4.721,500.666
2026-09-27T19:59:42.000Z,1790539182.000,32.640105016,-117.198035106,4.336,65.483,57.545,0.008,-0.4,5.99,-137.394,280.15,-1782,-590.351,2,4.324,498.948
2026-09-27T19:59:43.000Z,1790539183.000,32.64011299,-117.198012391,4.638,66.852,56.129,-1.491,-0.391,5.991,-135.811,280.317,-1783,-588.976,2,4.632,497.228
2026-09-27T19:59:44.000Z,1790539184.000,32.6401197,-117.197988477,4.5,71.185,57.7,0.523,-0.231,5.991,-137.333,280.367,-1784,-587.224,2,4.499,495.726
2026-09-27T19:59:45.000Z,1790539185.000,32.640125479,-117.197964142,4.532,76.475,60.111,1.268,0.064,5.992,-139.695,280.416,-1785,-585.335,2,4.501,494.347
2026-09-27T19:59:46.000Z,1790539186.000,32.640132219,-117.197941369,4.368,67.093,60.676,-0.085,-0.895,5.992,-140.289,280.387,-1786,-583.753,2,4.364,492.841
2026-09-27T19:59:47.000Z,1790539187.000,32.640139592,-117.197919069,4.536,68.962,58.527,4.947,-0.636,5.993,-138.242,280.286,-1787,-582.428,2,4.536,491.158
2026-09-27T19:59:48.000Z,1790539188.000,32.640147177,-117.197896998,4.156,63.904,56.695,7.334,-0.01,5.993,-136.485,280.209,-1788,-581.115,2,4.134,489.481
2026-09-27T19:59:49.000Z,1790539189.000,32.640156863,-117.197877252,4.1,57.491,55.421,6.694,1.057,5.994,-135.227,280.195,-1789,-580.065,2,4.005,487.704
2026-09-27T19:59:50.000Z,1790539190.000,32.640167704,-117.197859993,3.934,55.136,50.766,-4.001,-1.233,5.994,-130.555,280.211,-1790,-579.531,2,3.803,485.769
2026-09-27T19:59:51.000Z,1790539191.000,32.640176393,-117.197841556,3.9,61.364,52.022,-0.893,-0.143,5.995,-131.695,280.326,-1791,-578.354,2,3.856,484.246
2026-09-27T19:59:52.000Z,1790539192.000,32.640186216,-117.197821961,4.329,59.636,53.329,-0.557,-0.064,5.996,-132.83,280.499,-1792,-577.137,2,4.258,482.568
2026-09-27T19:59:53.000Z,1790539193.000,32.64019656,-117.197801515,4.578,60.391,50.422,-0.046,-1.283,5.996,-129.836,280.586,-1793,-576.187,2,4.513,480.641
2026-09-27T19:59:54.000Z,1790539194.000,32.640206568,-117.197779053,4.605,63.279,49.921,4.653,-0.842,5.997,-129.414,280.507,-1794,-574.874,2,4.573,478.767
2026-09-27T19:59:55.000Z,1790539195.000,32.640217359,-117.197755151,5.199,62.638,49.132,6.398,-0.402,5.997,-128.752,280.38,-1795,-573.505,2,5.155,476.75
2026-09-27T19:59:56.000Z,1790539196.000,32.640229098,-117.197731303,5.039,59.195,48.852,-0.286,0.439,5.998,-128.503,280.349,-1796,-572.15,2,4.948,474.657
2026-09-27T19:59:57.000Z,1790539197.000,32.640240723,-117.19770665,5.1,61.27,50.304,-3.518,-0.433,5.998,-129.995,280.309,-1797,-570.593,2,5.039,472.608
2026-09-27T19:59:58.000Z,1790539198.000,32.64025069,-117.197681694,5,62.931,55.295,-1.261,-0.9,5.999,-134.986,280.309,-1798,-568.668,2,4.96,470.864
2026-09-27T19:59:59.000Z,1790539199.000,32.640260119,-117.197658318,4.735,63.557,56.935,-0.729,0.232,5.999,-136.294,280.642,-1799,-567.095,2,4.704,469.106
2026-09-27T20:00:00.000Z,1790539200.000,32.64026836,-117.197637255,4.302,67.892,56.832,-1.04,-0.937,6,-135.694,281.138,-1800,-565.778,2,4.298,467.478
2026-09-27T20:00:01.000Z,1790539201.000,32.640275278,-117.197615811,4.13,69.405,58.243,4.592,-0.495,5.999,-136.732,281.511,-1801,-564.255,2,4.129,466.041
2026-09-27T20:00:02.000Z,1790539202.000,32.640281413,-117.197594944,4.061,67.053,58.357,6.165,-0.031,5.998,-136.633,281.723,-1802,-562.83,2,4.055,464.645
2026-09-27T20:00:03.000Z,1790539203.000,32.640289339,-117.19757431,4.169,62.037,58.187,0.981,-0.331,5.997,-136.286,281.901,-1803,-561.537,2,4.127,463.063
2026-09-27T20:00:04.000Z,1790539204.000,32.640299109,-117.197553778,4.431,60.197,55.902,-3.03,-0.202,5.996,-133.832,282.069,-1804,-560.497,2,4.363,461.2
2026-09-27T20:00:05.000Z,1790539205.000,32.640308445,-117.197531411,4.627,65.565,55.754,-0.191,-0.636,5.994,-133.534,282.22,-1805,-559.131,2,4.612,459.411
2026-09-27T20:00:06.000Z,1790539206.000,32.640317153,-117.197507134,5.036,67.808,56.876,-0.976,-1.14,5.993,-134.349,282.527,-1806,-557.484,2,5.031,457.671
2026-09-27T20:00:07.000Z,1790539207.000,32.640325477,-117.197482187,5.2,68.051,58.983,-2.493,0.173,5.992,-136.167,282.816,-1807,-555.694,2,5.196,455.992
2026-09-27T20:00:08.000Z,1790539208.000,32.640332623,-117.197455801,4.731,72.829,62.218,-1.614,0.026,5.991,-139.216,283.002,-1808,-553.651,2,4.726,454.443
2026-09-27T20:00:09.000Z,1790539209.000,32.640338971,-117.197430249,4.7,74.439,63.832,0.067,0.236,5.99,-140.637,283.195,-1809,-551.75,2,4.687,452.93
2026-09-27T20:00:10.000Z,1790539210.000,32.640345048,-117.19740566,4.6,75.898,63.152,3.242,-0.146,5.989,-139.896,283.256,-1810,-550.066,2,4.577,451.362
2026-09-27T20:00:11.000Z,1790539211.000,32.640350459,-117.197382024,4.32,73.98,61.961,9.88,-0.421,5.988,-138.77,283.191,-1811,-548.461,2,4.31,449.872
2026-09-27T20:00:12.000Z,1790539212.000,32.640358587,-117.197359825,4.398,64.296,56.658,4.777,-0.579,5.987,-133.698,282.96,-1812,-547.402,2,4.375,447.965
2026-09-27T20:00:13.000Z,1790539213.000,32.640367952,-117.197338152,4.435,65.045,55.606,0.094,-0.342,5.986,-132.899,282.708,-1813,-546.16,2,4.417,446.159
2026-09-27T20:00:14.000Z,1790539214.000,32.640378596,-117.197315408,4.801,60.268,53.935,-4.9,-0.166,5.984,-131.457,282.478,-1814,-544.94,2,4.727,444.158
2026-09-27T20:00:15.000Z,1790539215.000,32.640387473,-117.197292197,4.404,64.202,56.53,1.196,0.291,5.983,-134.327,282.204,-1815,-543.284,2,4.379,442.501
2026-09-27T20:00:16.000Z,1790539216.000,32.640396799,-117.197271549,4.326,62.599,54.537,-1.437,-1.752,5.982,-132.685,281.852,-1816,-542.192,2,4.287,440.697
2026-09-27T20:00:17.000Z,1790539217.000,32.640404951,-117.197251088,4.11,67.191,54.06,0.89,0.27,5.981,-132.638,281.422,-1817,-540.948,2,4.104,439.086
2026-09-27T20:00:18.000Z,1790539218.000,32.640413278,-117.197230604,4.202,65.265,55.137,-1.531,-0.398,5.98,-134.13,281.007,-1818,-539.598,2,4.185,437.521
2026-09-27T20:00:19.000Z,1790539219.000,32.640421691,-117.19720849,4.432,65.706,56.962,-0.406,-0.366,5.979,-136.418,280.544,-1819,-538.065,2,4.417,435.922
2026-09-27T20:00:20.000Z,1790539220.000,32.640430526,-117.197185662,4.529,63.577,56.461,-0.035,0.645,5.978,-136.427,280.034,-1820,-536.66,2,4.497,434.151
2026-09-27T20:00:21.000Z,1790539221.000,32.640439697,-117.197162675,5.022,64.967,57.239,4.67,-1.734,5.977,-137.764,279.475,-1821,-535.169,2,4.999,432.396
2026-09-27T20:00:22.000Z,1790539222.000,32.640450487,-117.197138551,5.176,62.239,53.807,4.855,-0.859,5.976,-134.738,279.068,-1822,-533.967,2,5.122,430.251
2026-09-27T20:00:23.000Z,1790539223.000,32.640462282,-117.197113597,5.3,61.304,51.592,5.104,-0.061,5.974,-132.795,278.797,-1823,-532.665,2,5.231,428.033
2026-09-27T20:00:24.000Z,1790539224.000,32.640474682,-117.197088232,5.4,57.184,53.042,5.514,-1.17,5.973,-134.614,278.428,-1824,-531.091,2,5.253,425.883
2026-09-27T20:00:25.000Z,1790539225.000,32.64048684,-117.1970648,5.072,61.417,50.919,5.109,-0.857,5.972,-132.795,278.124,-1825,-529.928,2,5.007,423.69
2026-09-27T20:00:26.000Z,1790539226.000,32.640498054,-117.197043571,4.442,58.638,51.181,3.843,0.679,5.971,-133.263,277.917,-1826,-528.723,2,4.344,421.767
2026-09-27T20:00:27.000Z,1790539227.000,32.640508493,-117.197024918,4.2,57.24,51.204,-4.508,-0.804,5.97,-133.539,277.665,-1827,-527.71,2,4.084,420.01
2026-09-27T20:00:28.000Z,1790539228.000,32.640517013,-117.197007639,3.6,60.479,52.158,-1.338,-0.689,5.969,-134.891,277.268,-1828,-526.643,2,3.542,418.536
2026-09-27T20:00:29.000Z,1790539229.000,32.640525023,-117.196991212,3.629,58.889,51.221,1.229,1.315,5.968,-134.296,276.924,-1829,-525.761,2,3.55,417.073
2026-09-27T20:00:30.000Z,1790539230.000,32.640534596,-117.196973208,3.963,61.333,48.474,0.07,-1.719,5.967,-131.877,276.597,-1830,-524.965,2,3.908,415.328
2026-09-27T20:00:31.000Z,1790539231.000,32.640545177,-117.196950675,5.189,60.57,48.47,1.451,-0.919,5.966,-132.085,276.385,-1831,-523.64,2,5.105,413.411
2026-09-27T20:00:32.000Z,1790539232.000,32.640557282,-117.196925297,5.333,63.48,48.939,0.872,-0.296,5.964,-132.602,276.337,-1832,-522.12,2,5.287,411.25
2026-09-27T20:00:33.000Z,1790539233.000,32.64056909,-117.19689879,5.665,60.5,51.55,0.71,-0.89,5.963,-135.18,276.37,-1833,-520.332,2,5.571,409.157
2026-09-27T20:00:34.000Z,1790539234.000,32.64058203,-117.196872915,5.14,59.835,51.775,0.125,0.645,5.962,-135.342,276.433,-1834,-518.833,2,5.042,406.885
2026-09-27T20:00:35.000Z,1790539235.000,32.640593518,-117.196849412,4.763,61.825,54.249,-1.358,-0.049,5.961,-137.752,276.497,-1835,-517.292,2,4.701,404.939
2026-09-27T20:00:36.000Z,1790539236.000,32.640604352,-117.196825257,4.816,61.715,55.946,0.853,0.262,5.96,-139.318,276.628,-1836,-515.722,2,4.752,403.009
2026-09-27T20:00:37.000Z,1790539237.000,32.64061413,-117.196803674,4.434,61.07,56.169,-0.168,0.265,5.959,-139.334,276.834,-1837,-514.418,2,4.366,401.22
2026-09-27T20:00:38.000Z,1790539238.000,32.64062367,-117.196781476,4.465,61.605,54.78,-0.505,-0.365,5.958,-137.841,276.94,-1838,-513.165,2,4.403,399.363
2026-09-27T20:00:39.000Z,1790539239.000,32.640632055,-117.196758512,4.507,64.768,56.943,1.666,-0.572,5.957,-140.01,276.934,-1839,-511.536,2,4.479,397.749
2026-09-27T20:00:40.000Z,1790539240.000,32.640640731,-117.196735188,4.7,64.113,57.11,-2.161,-0.546,5.956,-140.335,276.775,-1840,-510.034,2,4.664,396.005
2026-09-27T20:00:41.000Z,1790539241.000,32.640647866,-117.196712512,4.406,65.485,58.763,-1.5,0.469,5.954,-142.217,276.546,-1841,-508.403,2,4.384,394.511
2026-09-27T20:00:42.000Z,1790539242.000,32.640655371,-117.196691018,4.334,70.826,57.066,0.103,-0.5,5.953,-140.554,276.512,-1842,-507.124,2,4.334,392.869
2026-09-27T20:00:43.000Z,1790539243.000,32.640662043,-117.196668018,4.57,68.437,55.487,0.265,-0.817,5.952,-139.126,276.361,-1843,-505.67,2,4.565,391.266
2026-09-27T20:00:44.000Z,1790539244.000,32.640668607,-117.196644597,4.781,68.242,58.644,1.153,-1.7,5.951,-142.184,276.46,-1844,-503.841,2,4.775,389.869
2026-09-27T20:00:45.000Z,1790539245.000,32.640675815,-117.196622092,4.483,66.588,57.99,-1.321,0.868,5.95,-141.41,276.58,-1845,-502.389,2,4.469,388.267
2026-09-27T20:00:46.000Z,1790539246.000,32.640683526,-117.196599384,4.868,70.437,58.453,2.474,-1.611,5.949,-141.631,276.822,-1846,-500.869,2,4.868,386.659
2026-09-27T20:00:47.000Z,1790539247.000,32.640691694,-117.196577083,4.765,64.812,55.531,5.098,-1.796,5.948,-138.299,277.232,-1847,-499.644,2,4.735,384.866
2026-09-27T20:00:48.000Z,1790539248.000,32.640701276,-117.19655406,4.669,66.74,55.096,6.108,0.261,5.947,-137.554,277.542,-1848,-498.257,2,4.655,383.015
2026-09-27T20:00:49.000Z,1790539249.000,32.640713122,-117.196532009,4.946,57.734,54.19,3.673,-0.373,5.946,-136.477,277.713,-1849,-497.101,2,4.807,380.949
2026-09-27T20:00:50.000Z,1790539250.000,32.640725851,-117.196511588,4.67,54.914,49.67,0.69,0.07,5.944,-131.787,277.882,-1850,-496.395,2,4.477,378.717
2026-09-27T20:00:51.000Z,1790539251.000,32.640737753,-117.196490598,4.73,54.013,48.49,2.395,0.205,5.943,-130.34,278.149,-1851,-495.354,2,4.51,376.681
2026-09-27T20:00:52.000Z,1790539252.000,32.640749952,-117.196469362,4.8,59.182,46.07,0.63,-0.208,5.942,-127.66,278.41,-1852,-494.404,2,4.687,374.568
2026-09-27T20:00:53.000Z,1790539253.000,32.640761579,-117.196446141,4.971,60.171,46.95,0.629,0.393,5.941,-128.369,278.581,-1853,-493.007,2,4.872,372.548
2026-09-27T20:00:54.000Z,1790539254.000,32.640772763,-117.196422739,4.916,61.241,48.884,0.829,-0.682,5.94,-130.168,278.716,-1854,-491.493,2,4.835,370.603
2026-09-27T20:00:55.000Z,1790539255.000,32.640783394,-117.196398981,4.677,59.483,51.231,-2.57,-1.808,5.939,-132.392,278.838,-1855,-489.891,2,4.571,368.721
2026-09-27T20:00:56.000Z,1790539256.000,32.640792475,-117.196375475,4.636,67.705,52.208,0.636,-0.636,5.938,-133.315,278.892,-1856,-488.335,2,4.624,366.96
2026-09-27T20:00:57.000Z,1790539257.000,32.640800722,-117.19635323,4.3,66.06,54.028,1.768,-0.56,5.937,-134.885,279.143,-1857,-486.78,2,4.279,365.366
2026-09-27T20:00:58.000Z,1790539258.000,32.640810597,-117.1963334,3.981,55.678,52.662,-0.254,0.289,5.936,-133.047,279.615,-1858,-485.741,2,3.824,363.567
2026-09-27T20:00:59.000Z,1790539259.000,32.64082048,-117.196314945,4,55.664,50.256,3.422,-0.388,5.934,-130.064,280.192,-1859,-484.896,2,3.841,361.781
2026-09-27T20:01:00.000Z,1790539260.000,32.640831321,-117.196294257,4.707,59.707,48.169,4.1,-0.638,5.933,-127.326,280.843,-1860,-483.894,2,4.6,359.833
2026-09-27T20:01:01.000Z,1790539261.000,32.640842704,-117.196269858,5.533,62.766,49.069,1.901,-1.268,5.932,-127.503,281.566,-1861,-482.386,2,5.461,357.797
2026-09-27T20:01:02.000Z,1790539262.000,32.640854965,-117.196241587,5.772,61.807,51.892,-1.22,-0.636,5.931,-129.832,282.06,-1862,-480.459,2,5.68,355.6
2026-09-27T20:01:03.000Z,1790539263.000,32.640868357,-117.196211458,6.2,60.639,54.32,1.436,-0.128,5.93,-131.877,282.443,-1863,-478.469,2,6.077,353.213
2026-09-27T20:01:04.000Z,1790539264.000,32.640881517,-117.196182624,5.779,61.161,55.243,3.089,-0.443,5.929,-132.526,282.716,-1864,-476.686,2,5.673,350.839
2026-09-27T20:01:05.000Z,1790539265.000,32.640893013,-117.196156098,5.1,61.513,59.113,2.887,0.031,5.928,-136.224,282.889,-1865,-474.803,2,5.012,348.855
2026-09-27T20:01:06.000Z,1790539266.000,32.640902139,-117.196133518,4.6,63.919,59.299,-1.897,-0.366,5.927,-136.377,282.922,-1866,-473.385,2,4.552,347.095
2026-09-27T20:01:07.000Z,1790539267.000,32.64090845,-117.196112341,4.06,73.6,60.495,1.54,-0.275,5.926,-137.714,282.781,-1867,-471.87,2,4.059,345.723
2026-09-27T20:01:08.000Z,1790539268.000,32.640914485,-117.196090825,3.979,71.194,60.577,3.579,-1.377,5.924,-137.915,282.662,-1868,-470.389,2,3.979,344.312
2026-09-27T20:01:09.000Z,1790539269.000,32.640920136,-117.196069679,4.361,73.359,60.929,4.141,-0.936,5.923,-138.172,282.757,-1869,-468.9,2,4.36,342.968
2026-09-27T20:01:10.000Z,1790539270.000,32.640925857,-117.196048655,3.694,71.499,60.731,3.438,0.706,5.922,-137.755,282.976,-1870,-467.463,2,3.693,341.594
2026-09-27T20:01:11.000Z,1790539271.000,32.640932197,-117.196029173,4.033,67.905,59.469,3.668,-0.733,5.921,-136.366,283.102,-1871,-466.258,2,4.022,340.163
2026-09-27T20:01:12.000Z,1790539272.000,32.64093923,-117.19600949,4.1,65.286,55.614,5.978,-0.6,5.92,-132.55,283.064,-1872,-465.257,2,4.07,338.539
2026-09-27T20:01:13.000Z,1790539273.000,32.640949196,-117.195988936,4.59,60.854,52.89,3.21,-1.19,5.919,-129.647,283.244,-1873,-464.261,2,4.499,336.645
2026-09-27T20:01:14.000Z,1790539274.000,32.640961125,-117.19596562,5.262,59.879,49.107,-0.117,-0.107,5.918,-125.499,283.608,-1874,-463.221,2,5.136,334.42
2026-09-27T20:01:15.000Z,1790539275.000,32.640973817,-117.195938228,5.935,63.019,49.496,2.2,-0.057,5.917,-125.455,284.041,-1875,-461.571,2,5.854,332.121
2026-09-27T20:01:16.000Z,1790539276.000,32.640986791,-117.195910086,5.867,61.134,54.132,3.069,-0.167,5.916,-129.759,284.373,-1876,-459.559,2,5.752,329.932
2026-09-27T20:01:17.000Z,1790539277.000,32.640999795,-117.19588358,5.24,60.595,53.095,-0.01,-0.1,5.914,-128.58,284.515,-1877,-458.104,2,5.126,327.578
2026-09-27T20:01:18.000Z,1790539278.000,32.641010853,-117.195861331,4.324,57.399,55.549,0.849,0.725,5.913,-131.072,284.478,-1878,-456.648,2,4.172,325.726
2026-09-27T20:01:19.000Z,1790539279.000,32.641020085,-117.195841861,3.809,60.206,55.812,0.03,-0.152,5.912,-131.526,284.286,-1879,-455.488,2,3.719,324.073
2026-09-27T20:01:20.000Z,1790539280.000,32.641027513,-117.195825004,3.47,62.279,53.784,1.03,0.738,5.911,-129.779,284.005,-1880,-454.617,2,3.413,322.604
2026-09-27T20:01:21.000Z,1790539281.000,32.641033796,-117.195807446,3.634,67.801,53.301,1.165,-0.469,5.91,-129.559,283.742,-1881,-453.518,2,3.62,321.291
2026-09-27T20:01:22.000Z,1790539282.000,32.64104064,-117.195788565,3.865,64.915,53.805,0.775,-0.47,5.909,-130.231,283.574,-1882,-452.266,2,3.829,319.912
2026-09-27T20:01:23.000Z,1790539283.000,32.641049111,-117.195766723,4.7,68.333,51.921,0.154,0.007,5.908,-128.347,283.574,-1883,-451.027,2,4.686,318.161
2026-09-27T20:01:24.000Z,1790539284.000,32.641058294,-117.195741507,5.239,66.427,54.121,-0.1,-1.021,5.907,-130.381,283.74,-1884,-449.245,2,5.207,316.377
2026-09-27T20:01:25.000Z,1790539285.000,32.641067319,-117.195714944,5.432,67.468,57.1,1.494,-0.458,5.906,-133.106,283.994,-1885,-447.291,2,5.408,314.599
2026-09-27T20:01:26.000Z,1790539286.000,32.641076764,-117.195688209,5.465,68.988,59.829,1.259,-0.647,5.904,-135.518,284.311,-1886,-445.368,2,5.452,312.77
2026-09-27T20:01:27.000Z,1790539287.000,32.641085323,-117.195662911,4.907,66.834,59.564,6.65,-0.33,5.903,-134.839,284.725,-1887,-443.726,2,4.88,310.945
2026-09-27T20:01:28.000Z,1790539288.000,32.641094323,-117.195641132,4.14,61.769,55.482,9.243,-0.161,5.902,-130.459,285.023,-1888,-442.668,2,4.061,309.032
2026-09-27T20:01:29.000Z,1790539289.000,32.64110429,-117.19562118,4.1,52.265,54.509,5.195,-0.115,5.901,-129.317,285.191,-1889,-441.595,2,3.834,307.232
2026-09-27T20:01:30.000Z,1790539290.000,32.641115486,-117.195602534,4.1,56.018,53.065,-1.332,-0.397,5.9,-127.865,285.199,-1890,-440.728,2,3.919,305.338
2026-09-27T20:01:31.000Z,1790539291.000,32.641126272,-117.19558215,4.465,56.215,51.573,1.796,-1.227,5.899,-126.373,285.2,-1891,-439.701,2,4.27,303.422
2026-09-27T20:01:32.000Z,1790539292.000,32.641137769,-117.195560026,4.855,59.085,48.372,3.4,-0.336,5.898,-123.321,285.051,-1892,-438.696,2,4.706,301.311
2026-09-27T20:01:33.000Z,1790539293.000,32.64115013,-117.1955362,5.216,58.241,48.284,1.398,-1.49,5.897,-123.401,284.882,-1893,-437.361,2,5.035,299.162
2026-09-27T20:01:34.000Z,1790539294.000,32.641160804,-117.195510801,4.969,66.318,51.735,1.294,0.051,5.896,-127.121,284.614,-1894,-435.543,2,4.93,297.256
2026-09-27T20:01:35.000Z,1790539295.000,32.641170618,-117.195486191,4.925,62.89,54.57,-1.875,-0.605,5.894,-130.242,284.328,-1895,-433.798,2,4.841,295.455
2026-09-27T20:01:36.000Z,1790539296.000,32.641179522,-117.195463438,4.468,69.599,54.453,-0.883,-0.624,5.893,-130.349,284.104,-1896,-432.376,2,4.458,293.697
2026-09-27T20:01:37.000Z,1790539297.000,32.641187197,-117.19544179,4.365,66.416,57.406,1.932,0.371,5.892,-133.492,283.914,-1897,-430.762,2,4.331,292.239
2026-09-27T20:01:38.000Z,1790539298.000,32.641196285,-117.195421428,4.26,61.228,54.956,-0.4,-0.478,5.891,-131.115,283.841,-1898,-429.714,2,4.162,290.448
2026-09-27T20:01:39.000Z,1790539299.000,32.641205676,-117.195399736,4.744,64.643,51.75,2.356,-0.175,5.89,-127.823,283.927,-1899,-428.631,2,4.685,288.554
2026-09-27T20:01:40.000Z,1790539300.000,32.641216027,-117.195376317,4.966,64.229,51.501,2.566,-1.037,5.889,-127.431,284.07,-1900,-427.238,2,4.898,286.619
2026-09-27T20:01:41.000Z,1790539301.000,32.641227172,-117.195350895,5.5,61.069,54.589,1.945,-0.193,5.888,-130.401,284.189,-1901,-425.475,2,5.366,284.662
2026-09-27T20:01:42.000Z,1790539302.000,32.641239568,-117.195326327,5.175,60.141,54.125,-0.551,-0.09,5.887,-129.868,284.257,-1902,-424.107,2,5.027,282.465
2026-09-27T20:01:43.000Z,1790539303.000,32.64125068,-117.195303558,4.617,63.273,54.261,3.8,0.117,5.886,-130.071,284.19,-1903,-422.779,2,4.538,280.492
2026-09-27T20:01:44.000Z,1790539304.000,32.641261962,-117.195280977,4.768,59.579,52.768,3.357,-0.704,5.884,-128.822,283.946,-1904,-421.594,2,4.617,278.441
2026-09-27T20:01:45.000Z,1790539305.000,32.6412728,-117.195259267,4.533,60.634,51.333,-0.367,-0.233,5.883,-127.632,283.701,-1905,-420.455,2,4.408,276.473
2026-09-27T20:01:46.000Z,1790539306.000,32.641282538,-117.195237032,4.635,64.27,54.126,0.265,-0.5,5.882,-130.641,283.485,-1906,-418.905,2,4.566,274.765
2026-09-27T20:01:47.000Z,1790539307.000,32.641291615,-117.195215209,4.51,66.628,54.146,-0.227,-0.237,5.881,-130.936,283.211,-1907,-417.559,2,4.47,273.03
2026-09-27T20:01:48.000Z,1790539308.000,32.641300312,-117.195193041,4.3,66.895,54.387,2.551,0.395,5.88,-131.429,282.957,-1908,-416.149,2,4.265,271.329
2026-09-27T20:01:49.000Z,1790539309.000,32.64130889,-117.195171581,4.496,63.853,53.425,1.528,-0.932,5.879,-130.641,282.784,-1909,-414.879,2,4.422,269.618
2026-09-27T20:01:50.000Z,1790539310.000,32.641318406,-117.195149288,4.765,61.029,50.745,5.196,-0.131,5.878,-128.029,282.716,-1910,-413.716,2,4.636,267.715
2026-09-27T20:01:51.000Z,1790539311.000,32.641329675,-117.195125376,5.1,61.451,49.948,3.577,-0.863,5.877,-127.265,282.683,-1911,-412.37,2,4.969,265.647
2026-09-27T20:01:52.000Z,1790539312.000,32.641341654,-117.19510009,5.4,60.396,52.085,1.894,-0.463,5.876,-129.376,282.708,-1912,-410.729,2,5.236,263.567
2026-09-27T20:01:53.000Z,1790539313.000,32.641354151,-117.195075098,5.075,56.832,53.431,-0.744,0.738,5.874,-130.693,282.738,-1913,-409.198,2,4.832,261.417
2026-09-27T20:01:54.000Z,1790539314.000,32.641365322,-117.19505225,4.906,62.644,53.794,0.542,0.071,5.873,-131.072,282.722,-1914,-407.85,2,4.798,259.444
2026-09-27T20:01:55.000Z,1790539315.000,32.64137542,-117.195029564,4.668,61.968,52.6,3.858,-0.504,5.872,-129.98,282.62,-1915,-406.574,2,4.551,257.523
2026-09-27T20:01:56.000Z,1790539316.000,32.641385744,-117.195007256,4.628,60.616,49.948,3.012,-0.956,5.871,-127.46,282.488,-1916,-405.45,2,4.485,255.541
2026-09-27T20:01:57.000Z,1790539317.000,32.641396226,-117.194984246,5.06,59.481,50.96,0.478,-0.159,5.87,-128.583,282.377,-1917,-404.003,2,4.876,253.654
2026-09-27T20:01:58.000Z,1790539318.000,32.641407763,-117.194960542,4.9,59.8,53.6,-0.377,-1.177,5.869,-131.291,282.309,-1918,-402.435,2,4.728,251.7
2026-09-27T20:01:59.000Z,1790539319.000,32.641419374,-117.194937751,4.968,60.943,49.068,1.706,0.231,5.868,-126.736,282.333,-1919,-401.477,2,4.815,249.497
2026-09-27T20:02:00.000Z,1790539320.000,32.641430645,-117.194915168,4.871,57.162,49.907,2.178,-0.136,5.867,-127.455,282.452,-1920,-400.119,2,4.63,247.538
2026-09-27T20:02:01.000Z,1790539321.000,32.641442533,-117.194891843,5.236,60.382,49.247,0.702,-0.355,5.866,-126.638,282.609,-1921,-398.844,2,5.058,245.435
2026-09-27T20:02:02.000Z,1790539322.000,32.64145372,-117.19486712,5.16,62.901,49.94,0.44,-0.7,5.864,-127.219,282.721,-1922,-397.315,2,5.036,243.401
2026-09-27T20:02:03.000Z,1790539323.000,32.641464007,-117.194840186,5.331,66.42,55.101,1.969,-0.913,5.863,-132.312,282.789,-1923,-395.229,2,5.265,241.556
2026-09-27T20:02:04.000Z,1790539324.000,32.641473937,-117.194814992,5.034,64.77,57.733,1.268,1.301,5.862,-134.846,282.887,-1924,-393.462,2,4.945,239.723
2026-09-27T20:02:05.000Z,1790539325.000,32.641483286,-117.194792264,4.314,62.1,59.829,2.721,-0.771,5.861,-136.851,282.977,-1925,-391.911,2,4.196,238.024
2026-09-27T20:02:06.000Z,1790539326.000,32.641492536,-117.194772376,4.037,62.936,54.958,4.205,0.026,5.86,-131.935,283.023,-1926,-391.078,2,3.937,236.121
2026-09-27T20:02:07.000Z,1790539327.000,32.64150055,-117.194753452,3.739,64.132,53.893,2.257,0.033,5.859,-130.86,283.033,-1927,-389.997,2,3.662,234.556
2026-09-27T20:02:08.000Z,1790539328.000,32.641509094,-117.19473334,4.304,63.102,56.064,-1.409,-0.564,5.858,-133.04,283.024,-1928,-388.611,2,4.199,233.029
2026-09-27T20:02:09.000Z,1790539329.000,32.641517733,-117.194713367,4.233,61.633,53.7,-2.367,-1,5.857,-130.802,282.898,-1929,-387.568,2,4.102,231.306
2026-09-27T20:02:10.000Z,1790539330.000,32.64152558,-117.19469126,4.304,68.657,54.757,3.739,-0.627,5.856,-132.342,282.415,-1930,-386.06,2,4.269,229.729
2026-09-27T20:02:11.000Z,1790539331.000,32.64153358,-117.194669267,4.364,64.846,53.7,1.746,0.564,5.854,-131.724,281.976,-1931,-384.722,2,4.281,228.052
2026-09-27T20:02:12.000Z,1790539332.000,32.641542752,-117.1946469,4.678,65.122,53.33,-0.083,-0.791,5.853,-131.645,281.685,-1932,-383.364,2,4.592,226.271
2026-09-27T20:02:13.000Z,1790539333.000,32.641551247,-117.194624934,4.602,62.828,50.965,1.267,-0.341,5.852,-129.486,281.479,-1933,-382.153,2,4.477,224.496
2026-09-27T20:02:14.000Z,1790539334.000,32.641560376,-117.194603127,4.631,65.096,51.8,2.639,0.265,5.851,-130.472,281.328,-1934,-380.75,2,4.543,222.787
2026-09-27T20:02:15.000Z,1790539335.000,32.6415705,-117.194581305,4.605,60.755,53.295,2.525,-0.665,5.85,-131.987,281.308,-1935,-379.35,2,4.435,221.002
2026-09-27T20:02:16.000Z,1790539336.000,32.641580028,-117.194560631,4.163,62.156,49.812,2.628,0.125,5.849,-128.481,281.331,-1936,-378.382,2,4.033,219.129
2026-09-27T20:02:17.000Z,1790539337.000,32.641589487,-117.194540195,4.208,60.521,50.637,5.823,-0.5,5.848,-129.308,281.329,-1937,-377.11,2,4.044,217.435
2026-09-27T20:02:18.000Z,1790539338.000,32.641600321,-117.194520534,4.268,55.117,48.76,6.07,0.238,5.847,-127.536,281.224,-1938,-376.177,2,3.968,215.532
2026-09-27T20:02:19.000Z,1790539339.000,32.64161275,-117.194502226,4.432,50.796,43.676,5.364,-1,5.846,-122.694,280.982,-1939,-375.687,2,3.98,213.424
2026-09-27T20:02:20.000Z,1790539340.000,32.641625551,-117.194484414,4.3,47.923,41.819,6.001,0.046,5.844,-121.062,280.757,-1940,-375.013,2,3.755,211.406
2026-09-27T20:02:21.000Z,1790539341.000,32.641639309,-117.194466342,4.478,47.493,40.673,0.818,0.083,5.843,-120.054,280.618,-1941,-374.311,2,3.886,209.302
2026-09-27T20:02:22.000Z,1790539342.000,32.641652413,-117.194447486,4.438,54.439,42.563,0.294,-0.331,5.842,-122.036,280.527,-1942,-373.271,2,4.085,207.313
2026-09-27T20:02:23.000Z,1790539343.000,32.641664742,-117.19442822,4.767,52.293,43.097,0.429,-0.367,5.841,-122.534,280.563,-1943,-372.264,2,4.31,205.354
2026-09-27T20:02:24.000Z,1790539344.000,32.641676641,-117.194408781,4.465,53.81,43.411,0.445,0.189,5.84,-122.846,280.564,-1944,-371.238,2,4.082,203.426
2026-09-27T20:02:25.000Z,1790539345.000,32.641688388,-117.194387754,4.829,57.953,45.859,-0.312,-0.747,5.839,-125.319,280.54,-1945,-369.907,2,4.541,201.519
2026-09-27T20:02:26.000Z,1790539346.000,32.641699702,-117.194366616,5,56.78,47.719,0.459,-1.341,5.838,-127.179,280.54,-1946,-368.592,2,4.663,199.64
2026-09-27T20:02:27.000Z,1790539347.000,32.641711936,-117.194343281,5.138,57.155,47.731,2.431,-0.393,5.837,-127.162,280.569,-1947,-367.284,2,4.799,197.525
2026-09-27T20:02:28.000Z,1790539348.000,32.641724471,-117.194321626,4.633,56.762,46.602,1.701,-0.133,5.836,-125.783,280.819,-1948,-366.217,2,4.311,195.405
2026-09-27T20:02:29.000Z,1790539349.000,32.641736959,-117.194301001,4.435,53.575,47.28,-0.15,-0.4,5.834,-125.987,281.293,-1949,-365.096,2,4.024,193.387
2026-09-27T20:02:30.000Z,1790539350.000,32.641747977,-117.194280854,4.436,61.521,50.577,0.672,-0.439,5.833,-128.708,281.869,-1950,-363.742,2,4.242,191.63
2026-09-27T20:02:31.000Z,1790539351.000,32.641757854,-117.194260309,4.361,60.33,52.907,-0.879,-0.661,5.832,-130.266,282.642,-1951,-362.372,2,4.141,189.949
2026-09-27T20:02:32.000Z,1790539352.000,32.641767806,-117.194238652,4.3,61.836,52.6,1.937,0.566,5.831,-129.142,283.458,-1952,-361.108,2,4.114,188.117
2026-09-27T20:02:33.000Z,1790539353.000,32.641777733,-117.194216367,4.7,62.3,53.5,3.7,-0.467,5.83,-129.42,284.08,-1953,-359.703,2,4.505,186.313
2026-09-27T20:02:34.000Z,1790539354.000,32.641788047,-117.194196705,4.169,59.701,49.697,3.057,0.1,5.829,-124.943,284.754,-1954,-358.884,2,3.934,184.385
2026-09-27T20:02:35.000Z,1790539355.000,32.641798916,-117.194176747,4.726,57.863,47.721,0.832,-1.089,5.828,-122.505,285.216,-1955,-357.936,2,4.402,182.466
2026-09-27T20:02:36.000Z,1790539356.000,32.641810662,-117.194154475,5.24,60.221,44.78,0.661,-0.98,5.827,-118.816,285.964,-1956,-356.917,2,4.95,180.347
2026-09-27T20:02:37.000Z,1790539357.000,32.641823738,-117.194126473,5.9,64.233,47.819,2.363,-0.873,5.826,-121.257,286.562,-1957,-355.032,2,5.691,178.07
2026-09-27T20:02:38.000Z,1790539358.000,32.641837398,-117.194097041,6.362,61.607,50.293,0.749,-0.589,5.824,-123.227,287.066,-1958,-353.105,2,6.048,175.67
2026-09-27T20:02:39.000Z,1790539359.000,32.641850503,-117.194067411,5.869,64.296,53.888,1.423,0.592,5.823,-126.355,287.533,-1959,-351.055,2,5.656,173.373
2026-09-27T20:02:40.000Z,1790539360.000,32.641861744,-117.194040489,5.1,64.158,59.822,-0.74,-0.189,5.822,-131.966,287.856,-1960,-348.978,2,4.91,171.492
2026-09-27T20:02:41.000Z,1790539361.000,32.641870328,-117.194018215,4.123,66.018,62.737,-1.982,-0.3,5.821,-134.612,288.125,-1961,-347.375,2,4.002,169.935
2026-09-27T20:02:42.000Z,1790539362.000,32.641877047,-117.193997684,3.996,70.39,63.632,-0.336,-1.036,5.82,-135.331,288.301,-1962,-345.957,2,3.94,168.533
2026-09-27T20:02:43.000Z,1790539363.000,32.641882753,-117.193978106,3.903,69.728,60.841,1.125,0.334,5.819,-132.526,288.315,-1963,-344.812,2,3.84,167.082
2026-09-27T20:02:44.000Z,1790539364.000,32.641889107,-117.193956707,4.236,71.514,58.457,1,-0.729,5.818,-130.142,288.315,-1964,-343.526,2,4.187,165.525
2026-09-27T20:02:45.000Z,1790539365.000,32.641895212,-117.193933075,4.662,73.4,61.363,1.537,-1.188,5.817,-133.012,288.351,-1965,-341.68,2,4.63,164.166
2026-09-27T20:02:46.000Z,1790539366.000,32.641901223,-117.193906841,4.9,76,63.569,-1.338,-0.123,5.816,-135.239,288.33,-1966,-339.664,2,4.887,162.691
2026-09-27T20:02:47.000Z,1790539367.000,32.641906888,-117.193880505,4.735,76.545,66.357,-0.351,-0.865,5.814,-138.133,288.224,-1967,-337.59,2,4.725,161.286
2026-09-27T20:02:48.000Z,1790539368.000,32.641912226,-117.193854892,4.832,73.49,67.531,3.565,-0.463,5.813,-139.362,288.169,-1968,-335.665,2,4.799,159.856
2026-09-27T20:02:49.000Z,1790539369.000,32.641918043,-117.193830517,4.47,74.514,66.759,3.165,-0.559,5.812,-138.678,288.082,-1969,-333.989,2,4.448,158.315
2026-09-27T20:02:50.000Z,1790539370.000,32.641923891,-117.19380744,4.622,72.026,63.792,2.017,0.152,5.811,-135.928,287.864,-1970,-332.565,2,4.573,156.7
2026-09-27T20:02:51.000Z,1790539371.000,32.641929832,-117.19378381,4.339,73.852,61.49,5.047,0.155,5.81,-134.025,287.465,-1971,-331.062,2,4.31,155.099
2026-09-27T20:02:52.000Z,1790539372.000,32.64193701,-117.193761704,4.3,69.255,58.633,6.433,-0.198,5.809,-131.671,286.962,-1972,-329.792,2,4.216,153.407
2026-09-27T20:02:53.000Z,1790539373.000,32.641945506,-117.193741188,4.235,60.9,54.486,2.224,0.469,5.808,-127.987,286.498,-1973,-328.82,2,3.982,151.595
2026-09-27T20:02:54.000Z,1790539374.000,32.641955581,-117.193721566,4.136,58.427,49.116,0.3,-0.888,5.807,-123.271,285.844,-1974,-328.107,2,3.818,149.63
2026-09-27T20:02:55.000Z,1790539375.000,32.641964932,-117.193701556,4.321,59.956,48.639,1.555,-0.442,5.806,-123.516,285.124,-1975,-326.963,2,4.027,147.916
2026-09-27T20:02:56.000Z,1790539376.000,32.641975749,-117.193680572,4.331,57.038,45.972,-0.045,0.024,5.804,-121.801,284.172,-1976,-325.981,2,3.945,145.946
2026-09-27T20:02:57.000Z,1790539377.000,32.641985736,-117.193658359,4.467,63.769,48.364,-0.202,0.635,5.803,-124.885,283.479,-1977,-324.468,2,4.253,144.18
2026-09-27T20:02:58.000Z,1790539378.000,32.641994811,-117.193635756,4.535,63.385,54.231,-0.527,-0.547,5.802,-131.303,282.928,-1978,-322.623,2,4.307,142.638
2026-09-27T20:02:59.000Z,1790539379.000,32.642003104,-117.193614602,4.461,65.896,55.713,-0.507,-1.213,5.801,-133.032,282.681,-1979,-321.187,2,4.292,141.07
2026-09-27T20:03:00.000Z,1790539380.000,32.642012621,-117.193592315,4.7,63.035,50.507,-0.323,0.027,5.8,-127.854,282.652,-1980,-320.208,2,4.446,139.062
2026-09-27T20:03:01.000Z,1790539381.000,32.642023247,-117.193568038,5.274,58.153,51.345,3.857,-1.214,5.799,-128.69,282.655,-1981,-318.677,2,4.819,137.107
2026-09-27T20:03:02.000Z,1790539382.000,32.642035667,-117.1935436,5.367,59.4,50.4,1.9,-0.3,5.798,-127.699,282.701,-1982,-317.358,2,4.941,134.897
2026-09-27T20:03:03.000Z,1790539383.000,32.64204806,-117.19351958,5.195,57.705,51.18,0.115,1.09,5.797,-128.484,282.696,-1983,-315.943,2,4.712,132.77
2026-09-27T20:03:04.000Z,1790539384.000,32.642060708,-117.193496835,4.837,58.008,51.183,2.351,-0.912,5.796,-128.676,282.508,-1984,-314.706,2,4.389,130.635
2026-09-27T20:03:05.000Z,1790539385.000,32.642072613,-117.193475311,4.538,59.394,49.406,4.869,0.056,5.794,-127.15,282.256,-1985,-313.665,2,4.154,128.555
2026-09-27T20:03:06.000Z,1790539386.000,32.64208389,-117.19345613,4.032,54.427,49.161,0.955,0.3,5.793,-127.216,281.945,-1986,-312.671,2,3.529,126.684
2026-09-27T20:03:07.000Z,1790539387.000,32.642095107,-117.193437845,4.262,54.69,47.062,-1.303,-0.759,5.792,-125.385,281.677,-1987,-311.89,2,3.73,124.789
2026-09-27T20:03:08.000Z,1790539388.000,32.642104667,-117.193418606,4.03,61.2,45.241,0.054,0.63,5.791,-123.749,281.492,-1988,-310.925,2,3.719,123.041
2026-09-27T20:03:09.000Z,1790539389.000,32.64211366,-117.193397515,4.578,62.866,46.695,-1.632,-0.417,5.79,-125.455,281.24,-1989,-309.525,2,4.27,121.386
2026-09-27T20:03:10.000Z,1790539390.000,32.642122515,-117.193373948,4.669,67.409,51.3,-0.677,-0.062,5.789,-130.144,281.156,-1990,-307.677,2,4.472,119.769
2026-09-27T20:03:11.000Z,1790539391.000,32.642131706,-117.193350818,4.667,66.489,49.835,1.942,-0.5,5.788,-128.67,281.165,-1991,-306.339,2,4.443,117.918
2026-09-27T20:03:12.000Z,1790539392.000,32.642140576,-117.193328726,4.465,60.605,49.047,6.308,-0.427,5.787,-127.901,281.146,-1992,-305.021,2,4.082,116.165
2026-09-27T20:03:13.000Z,1790539393.000,32.642152009,-117.19330849,4.364,53.473,47.313,8.021,-0.242,5.786,-126.263,281.05,-1993,-304.061,2,3.728,114.188
2026-09-27T20:03:14.000Z,1790539394.000,32.642166265,-117.19329027,4.561,44.921,42.592,4.348,-0.108,5.784,-121.596,280.996,-1994,-303.648,2,3.478,111.916
2026-09-27T20:03:15.000Z,1790539395.000,32.642182052,-117.193271506,4.832,46.64,39.268,2.905,-0.146,5.783,-118.258,281.01,-1995,-303.164,2,3.754,109.526
2026-09-27T20:03:16.000Z,1790539396.000,32.642198594,-117.193251707,5.166,45.234,37.732,2.766,-0.1,5.782,-116.645,281.087,-1996,-302.494,2,3.908,107.07
2026-09-27T20:03:17.000Z,1790539397.000,32.64221537,-117.193228931,5.7,49.87,38.835,3.388,-0.406,5.781,-117.552,281.284,-1997,-301.379,2,4.574,104.535
2026-09-27T20:03:18.000Z,1790539398.000,32.642231062,-117.193203973,5.637,54.569,43.18,2.347,0.043,5.78,-121.733,281.446,-1998,-299.772,2,4.766,102.114
2026-09-27T20:03:19.000Z,1790539399.000,32.642245745,-117.193177931,5.619,56.741,45.903,-0.338,-0.901,5.779,-124.398,281.505,-1999,-298.154,2,4.845,99.729
2026-09-27T20:03:20.000Z,1790539400.000,32.642259821,-117.193151969,5.431,56.886,47.851,0.188,-0.406,5.778,-126.29,281.561,-2000,-296.574,2,4.673,97.391
2026-09-27T20:03:21.000Z,1790539401.000,32.642272207,-117.193127049,5.134,57.668,48.909,4.069,0.097,5.777,-127.413,281.496,-2001,-295.063,2,4.439,95.239
2026-09-27T20:03:22.000Z,1790539402.000,32.642284812,-117.193104557,4.807,55.753,47.358,4.093,0.1,5.776,-125.869,281.489,-2002,-293.962,2,4.056,93.064
2026-09-27T20:03:23.000Z,1790539403.000,32.64229573,-117.193084389,4.237,60.477,46.326,1.049,-0.412,5.774,-124.686,281.64,-2003,-292.929,2,3.74,91.168
2026-09-27T20:03:24.000Z,1790539404.000,32.642305629,-117.193063919,4.409,61.537,48.261,-0.234,-0.2,5.773,-126.407,281.854,-2004,-291.591,2,3.92,89.461
2026-09-27T20:03:25.000Z,1790539405.000,32.642315477,-117.193043711,4.469,61.794,49.234,-1.403,-0.067,5.772,-127.017,282.218,-2005,-290.347,2,3.973,87.74
2026-09-27T20:03:26.000Z,1790539406.000,32.642325759,-117.193021083,4.634,62.472,49.8,1.163,-0.932,5.771,-127.103,282.697,-2006,-288.955,2,4.134,85.871
2026-09-27T20:03:27.000Z,1790539407.000,32.642335872,-117.192995944,5.356,64.952,53.712,5.36,0.088,5.77,-130.633,283.079,-2007,-287.099,2,4.869,84.057
2026-09-27T20:03:28.000Z,1790539408.000,32.642346936,-117.19296942,5.461,64.039,54.139,2.09,-0.075,5.769,-130.663,283.476,-2008,-285.436,2,4.914,81.961
2026-09-27T20:03:29.000Z,1790539409.000,32.642356452,-117.192941935,5.369,66.165,60.431,4.816,-0.593,5.768,-136.538,283.893,-2009,-283.201,2,4.909,80.254
2026-09-27T20:03:30.000Z,1790539410.000,32.642366211,-117.192916406,5.236,65.662,57.598,4.405,-0.167,5.767,-133.422,284.176,-2010,-281.78,2,4.754,78.177
2026-09-27T20:03:31.000Z,1790539411.000,32.642377017,-117.192891543,5.1,65.104,52.637,4.858,-0.705,5.766,-128.218,284.418,-2011,-280.629,2,4.593,75.939
2026-09-27T20:03:32.000Z,1790539412.000,32.642386748,-117.192864599,5.336,64.477,56.264,6.772,-1.543,5.764,-131.438,284.826,-2012,-278.63,2,4.768,74.098
2026-09-27T20:03:33.000Z,1790539413.000,32.642397253,-117.192837917,5.5,64.069,55.631,3.546,-1.238,5.763,-130.419,285.212,-2013,-277.001,2,4.881,72.008
2026-09-27T20:03:34.000Z,1790539414.000,32.642407937,-117.192812247,5,62.953,52.8,4.337,0.121,5.762,-127.189,285.611,-2014,-275.625,2,4.374,69.847
2026-09-27T20:03:35.000Z,1790539415.000,32.642417409,-117.192789578,4.298,62.939,54.905,4.303,0.07,5.761,-128.9,286.005,-2015,-274.078,2,3.748,68.125
2026-09-27T20:03:36.000Z,1790539416.000,32.642426175,-117.192769265,3.905,64.565,53.685,2.285,-0.73,5.76,-127.162,286.523,-2016,-272.931,2,3.447,66.426
2026-09-27T20:03:37.000Z,1790539417.000,32.642433873,-117.192749776,3.826,66.452,52.611,1,0.126,5.759,-126.051,286.56,-2017,-271.788,2,3.426,64.873
2026-09-27T20:03:38.000Z,1790539418.000,32.642441671,-117.19272867,4.439,68.795,53.939,1.985,-1,5.758,-127.278,286.661,-2018,-270.34,2,4.044,63.348
2026-09-27T20:03:39.000Z,1790539419.000,32.642449463,-117.192704347,4.837,69.8,56.879,8.647,-0.768,5.757,-130.063,286.816,-2019,-268.511,2,4.431,61.776
2026-09-27T20:03:40.000Z,1790539420.000,32.642458867,-117.192679567,5,65.7,55.633,5,-0.933,5.756,-128.603,287.03,-2020,-267.027,2,4.409,59.842
2026-09-27T20:03:41.000Z,1790539421.000,32.642468394,-117.192654301,4.994,66.689,57.723,5.359,0.571,5.754,-130.393,287.331,-2021,-265.272,2,4.43,58.025
2026-09-27T20:03:42.000Z,1790539422.000,32.642478718,-117.192628935,5.1,66.074,58.028,4.388,-1.651,5.753,-130.301,287.726,-2022,-263.676,2,4.481,56.044
2026-09-27T20:03:43.000Z,1790539423.000,32.642489325,-117.192602626,5.3,64.377,58.447,7.516,0.023,5.752,-130.24,288.207,-2023,-262.009,2,4.558,54.004
2026-09-27T20:03:44.000Z,1790539424.000,32.642500596,-117.192577242,5.334,62.303,56.366,7.597,-0.699,5.751,-127.554,288.812,-2024,-260.628,2,4.458,51.817
2026-09-27T20:03:45.000Z,1790539425.000,32.642511623,-117.192551626,5.166,65.697,57.434,7.802,0,5.75,-128.121,289.313,-2025,-258.993,2,4.457,49.789
2026-09-27T20:03:46.000Z,1790539426.000,32.64252203,-117.192526815,5.07,62.095,58.82,4.39,0.425,5.749,-129.353,289.467,-2026,-257.373,2,4.182,47.87
2026-09-27T20:03:47.000Z,1790539427.000,32.6425323,-117.192503449,4.578,64.722,58.778,-0.7,-0.555,5.748,-129.427,289.351,-2027,-255.964,2,3.87,45.952
2026-09-27T20:03:48.000Z,1790539428.000,32.642540732,-117.192479498,4.638,72.921,57.525,-3.225,-0.9,5.747,-128.397,289.128,-2028,-254.498,2,4.219,44.145
2026-09-27T20:03:49.000Z,1790539429.000,32.642546906,-117.192454139,4.967,76.128,59.703,-1.334,-0.602,5.746,-130.776,288.927,-2029,-252.559,2,4.617,42.675
2026-09-27T20:03:50.000Z,1790539430.000,32.642552357,-117.192426558,5.2,78.916,63.294,-2.428,-0.534,5.744,-134.463,288.831,-2030,-250.308,2,4.913,41.275
2026-09-27T20:03:51.000Z,1790539431.000,32.642556672,-117.192398175,5.164,81.673,66.827,-2.345,-0.109,5.743,-138.063,288.764,-2031,-247.947,2,4.949,39.972
2026-09-27T20:03:52.000Z,1790539432.000,32.642560227,-117.192371687,4.678,82.651,68.917,2.11,0.817,5.742,-140.209,288.708,-2032,-245.802,2,4.5,38.746
2026-09-27T20:03:53.000Z,1790539433.000,32.642565188,-117.192347367,4.231,74.475,69.062,1.769,-1.062,5.741,-140.101,288.961,-2033,-244.029,2,3.855,37.345
2026-09-27T20:03:54.000Z,1790539434.000,32.642570133,-117.192325067,4.2,75.2,66.367,3.867,-0.633,5.74,-137.108,289.259,-2034,-242.6,2,3.836,35.86
2026-09-27T20:03:55.000Z,1790539435.000,32.642577096,-117.192302398,4.436,65.893,60.932,4.042,-1.229,5.739,-131.625,289.308,-2035,-241.433,2,3.681,34.023
2026-09-27T20:03:56.000Z,1790539436.000,32.642586848,-117.192278716,5.063,64.045,55.652,5.867,-0.915,5.738,-126.424,289.227,-2036,-240.337,2,4.072,31.903
2026-09-27T20:03:57.000Z,1790539437.000,32.642599043,-117.192253514,5.33,59.116,54.012,0.015,-0.551,5.737,-124.769,289.243,-2037,-238.991,2,3.952,29.654
2026-09-27T20:03:58.000Z,1790539438.000,32.642610422,-117.192228179,5.268,63.365,56.132,-1.674,-0.229,5.736,-127.152,288.98,-2038,-237.321,2,4.12,27.642
2026-09-27T20:03:59.000Z,1790539439.000,32.642620385,-117.19220304,4.837,65.463,58.937,-1.134,0.058,5.734,-130.355,288.582,-2039,-235.549,2,3.861,25.82
2026-09-27T20:04:00.000Z,1790539440.000,32.642628475,-117.19217928,4.695,69.1,58.99,1.525,-1.53,5.733,-130.812,288.178,-2040,-233.99,2,3.894,24.115
2026-09-27T20:04:01.000Z,1790539441.000,32.642635618,-117.192156,4.622,67.706,57.061,1.827,-1.179,5.732,-129.406,287.655,-2041,-232.56,2,3.742,22.433
2026-09-27T20:04:02.000Z,1790539442.000,32.642643466,-117.19213118,4.869,69.803,55.159,1.076,-0.283,5.731,-128.081,287.078,-2042,-231.039,2,4.012,20.627
2026-09-27T20:04:03.000Z,1790539443.000,32.64265069,-117.192106235,4.766,71.03,56.532,-0.698,-0.066,5.73,-129.929,286.603,-2043,-229.242,2,3.958,19.024
2026-09-27T20:04:04.000Z,1790539444.000,32.642658325,-117.192080992,4.866,69.383,58.131,1.795,-0.5,5.729,-131.973,286.158,-2044,-227.427,2,3.931,17.38
2026-09-27T20:04:05.000Z,1790539445.000,32.642666835,-117.19205726,4.465,66.17,56.294,1.694,0.183,5.728,-130.486,285.808,-2045,-226.024,2,3.417,15.548
2026-09-27T20:04:06.000Z,1790539446.000,32.642676004,-117.192034702,4.516,62.952,56.187,1.568,0.207,5.727,-130.495,285.692,-2046,-224.631,2,3.248,13.77
2026-09-27T20:04:07.000Z,1790539447.000,32.642686209,-117.192012782,4.537,58.96,55.551,2.288,0.031,5.726,-129.874,285.677,-2047,-223.382,2,2.989,11.887
2026-09-27T20:04:08.000Z,1790539448.000,32.642697059,-117.191991482,4.765,58.896,52.002,1.097,-0.468,5.724,-126.341,285.661,-2048,-222.43,2,3.077,9.843
2026-09-27T20:04:09.000Z,1790539449.000,32.642706632,-117.191969017,4.7,63.478,52.265,3.211,-0.13,5.723,-126.67,285.595,-2049,-221.039,2,3.265,8.043
2026-09-27T20:04:10.000Z,1790539450.000,32.642717088,-117.191945757,4.961,62.809,52.377,1.207,-0.787,5.722,-126.971,285.406,-2050,-219.638,2,3.348,6.117
2026-09-27T20:04:11.000Z,1790539451.000,32.642728672,-117.191920673,5.284,61.549,51.177,1.223,-0.568,5.721,-126.145,285.032,-2051,-218.24,2,3.408,3.957
2026-09-27T20:04:12.000Z,1790539452.000,32.642740313,-117.191893286,5.569,63.943,51.075,2.644,0.444,5.72,-126.191,284.884,-2052,-216.574,2,3.688,1.748
2026-09-27T20:04:13.000Z,1790539453.000,32.642750929,-117.191866942,5.333,64.237,53.868,1.802,0.133,5.719,-129.331,284.537,-2053,-214.728,2,3.484,-0.203
2026-09-27T20:04:14.000Z,1790539454.000,32.642761558,-117.191841268,5.2,65.13,53.194,1.599,-0.806,5.718,-128.992,284.202,-2054,-213.193,2,3.384,-2.268
2026-09-27T20:04:15.000Z,1790539455.000,32.642771585,-117.191816479,4.911,62.478,53.211,2.852,-0.174,5.717,-129.287,283.924,-2055,-211.65,2,2.949,-4.211
2026-09-27T20:04:16.000Z,1790539456.000,32.642782741,-117.191792607,4.8,60.99,50.47,2.93,0.22,5.716,-126.766,283.704,-2056,-210.445,2,2.702,-6.342
2026-09-27T20:04:17.000Z,1790539457.000,32.642794329,-117.191770013,4.7,59.479,49.096,3.107,0.572,5.714,-125.396,283.7,-2057,-209.269,2,2.462,-8.413
2026-09-27T20:04:18.000Z,1790539458.000,32.642807448,-117.191746798,5.166,54.894,48.576,0.04,-1.002,5.713,-124.705,283.872,-2058,-208.056,2,2.243,-10.631
2026-09-27T20:04:19.000Z,1790539459.000,32.642819749,-117.191723232,4.806,60.99,49.781,2.303,0.635,5.712,-125.597,284.183,-2059,-206.642,2,2.447,-12.719
2026-09-27T20:04:20.000Z,1790539460.000,32.642832482,-117.19169944,5.1,57.27,50.796,-0.648,-0.243,5.711,-126.039,284.757,-2060,-205.246,2,2.202,-14.865
2026-09-27T20:04:21.000Z,1790539461.000,32.642845451,-117.191675267,5.069,58.624,49.468,0.331,0.906,5.71,-124.104,285.364,-2061,-204.007,2,2.186,-17.134
2026-09-27T20:04:22.000Z,1790539462.000,32.642857612,-117.191651675,5.033,59.28,49.602,1.997,0.731,5.709,-123.741,285.86,-2062,-202.664,2,2.117,-19.246
2026-09-27T20:04:23.000Z,1790539463.000,32.642869579,-117.191627448,4.972,60.981,50.872,0.116,-3.403,5.708,-124.301,286.57,-2063,-201.173,2,2.118,-21.32
2026-09-27T20:04:24.000Z,1790539464.000,32.642881065,-117.191601765,5.461,61.962,50.805,-0.239,4.512,5.707,-123.429,287.376,-2064,-199.638,2,2.288,-23.448
2026-09-27T20:04:25.000Z,1790539465.000,32.642893758,-117.191575041,5.479,61.457,52.286,-0.507,4.268,5.706,-124.4,287.886,-2065,-197.963,2,2.116,-25.679
2026-09-27T20:04:26.000Z,1790539466.000,32.642906484,-117.191548997,5.465,59.315,52.337,1.339,3.804,5.704,-123.966,288.371,-2066,-196.452,2,1.779,-27.943
2026-09-27T20:04:27.000Z,1790539467.000,32.642918314,-117.191524341,4.966,60.275,52.534,3.708,4.373,5.703,-123.841,288.693,-2067,-194.999,2,1.572,-30.058
2026-09-27T20:04:28.000Z,1790539468.000,32.642929833,-117.19150116,4.965,60.073,49.319,3.429,4.419,5.702,-119.87,289.448,-2068,-193.907,2,1.433,-32.214
2026-09-27T20:04:29.000Z,1790539469.000,32.642941415,-117.19147846,4.563,58.206,48.421,-0.32,4.679,5.701,-118.186,290.235,-2069,-192.687,2,1.06,-34.271
2026-09-27T20:04:30.000Z,1790539470.000,32.642952799,-117.191454833,4.9,63.065,48.266,-0.048,4.956,5.7,-117.109,291.157,-2070,-191.323,2,1.415,-36.315
2026-09-27T20:04:31.000Z,1790539471.000,32.642964914,-117.191430643,5.233,57.636,49.366,2.531,3.608,5.699,-117.248,292.117,-2071,-189.855,2,0.888,-38.411
2026-09-27T20:04:32.000Z,1790539472.000,32.642978238,-117.191406815,5.237,57.105,48.053,4.037,4.934,5.698,-115.176,292.878,-2072,-188.662,2,0.692,-40.701
2026-09-27T20:04:33.000Z,1790539473.000,32.642991533,-117.191384282,4.672,56.378,47.253,0.081,5.447,5.697,-113.796,293.457,-2073,-187.537,2,0.429,-42.921
2026-09-27T20:04:34.000Z,1790539474.000,32.643002836,-117.19136357,4.379,54.929,49.793,-0.264,4.007,5.696,-115.816,293.976,-2074,-186.207,2,0.182,-44.756
2026-09-27T20:04:35.000Z,1790539475.000,32.643013621,-117.191343227,4.4,60.427,48.107,-1.638,3.138,5.694,-113.612,294.496,-2075,-185.2,2,0.497,-46.671
2026-09-27T20:04:36.000Z,1790539476.000,32.643024274,-117.191321016,4.834,61.37,49.702,-5.867,4.399,5.693,-114.712,294.99,-2076,-183.785,2,0.499,-48.527
2026-09-27T20:04:37.000Z,1790539477.000,32.643034717,-117.191295777,5.168,65.436,56.463,-6.666,3.927,5.692,-120.951,295.513,-2077,-181.732,2,0.748,-50.258
2026-09-27T20:04:38.000Z,1790539478.000,32.643044163,-117.191269034,5.179,71.701,61.463,-5.572,2.764,5.691,-125.514,295.948,-2078,-179.652,2,1.155,-51.978
2026-09-27T20:04:39.000Z,1790539479.000,32.643051329,-117.191240677,5.482,76.529,68.293,-4.747,3.904,5.69,-132.237,296.057,-2079,-177.227,2,1.512,-53.394
2026-09-27T20:04:40.000Z,1790539480.000,32.643055374,-117.191210863,5.2,83.174,75.726,-9.121,4.137,5.689,-139.726,296,-2080,-174.53,2,1.863,-54.461
2026-09-27T20:04:41.000Z,1790539481.000,32.643053738,-117.191182139,5.432,98.298,86.586,-7.274,4.668,5.688,-150.503,296.083,-2081,-171.54,2,3.097,-54.615
2026-09-27T20:04:42.000Z,1790539482.000,32.643048464,-117.191156048,4.836,106.338,95.843,-8.329,4.615,5.687,-159.426,296.418,-2082,-168.769,2,3.217,-54.35
2026-09-27T20:04:43.000Z,1790539483.000,32.643040729,-117.191132465,4.737,116.185,101.808,-8.448,3.974,5.686,-165.337,296.471,-2083,-166.259,2,3.659,-53.968
2026-09-27T20:04:44.000Z,1790539484.000,32.643031046,-117.191112715,3.854,126.285,108.023,-6.069,4.762,5.684,-171.815,296.208,-2084,-164.01,2,3.338,-53.213
2026-09-27T20:04:45.000Z,1790539485.000,32.643020038,-117.191096331,3.928,133.527,111.639,-6.028,3.468,5.683,-175.412,296.228,-2085,-162.045,2,3.608,-52.405
2026-09-27T20:04:46.000Z,1790539486.000,32.643008012,-117.191082048,3.5,135.302,114.331,-8.029,4.334,5.682,-178.157,296.174,-2086,-160.223,2,3.247,-51.489
2026-09-27T20:04:47.000Z,1790539487.000,32.64299448,-117.19106788,4.005,140.23,116.195,-6.965,3.195,5.681,-179.969,296.226,-2087,-158.344,2,3.821,-50.482
2026-09-27T20:04:48.000Z,1790539488.000,32.642981352,-117.191051191,4.38,130.769,117.063,-4.603,4.146,5.68,179.35,296.414,-2088,-156.283,2,3.883,-49.69
2026-09-27T20:04:49.000Z,1790539489.000,32.642969867,-117.191031182,4.27,123.469,118.23,-5.4,5.888,5.679,178.261,296.492,-2089,-154.031,2,3.46,-49.166
2026-09-27T20:04:50.000Z,1790539490.000,32.642958981,-117.191013662,3.968,121.443,119.539,-3.648,3.48,5.678,176.877,296.416,-2090,-152.019,2,3.093,-48.599
2026-09-27T20:04:51.000Z,1790539491.000,32.642948804,-117.190995673,3.766,126.83,123.565,-3.334,2.434,5.677,172.766,296.331,-2091,-150.025,2,3.114,-47.904
2026-09-27T20:04:52.000Z,1790539492.000,32.642938285,-117.190979542,3.771,130.491,124.829,-4.836,4.285,5.676,171.423,296.252,-2092,-148.157,2,3.217,-47.328
2026-09-27T20:04:53.000Z,1790539493.000,32.64292686,-117.190965264,3.5,135.822,126.282,-8.893,4.904,5.674,169.885,296.167,-2093,-146.4,2,3.123,-46.576
2026-09-27T20:04:54.000Z,1790539494.000,32.642912923,-117.190953779,3.422,147.947,126.83,-6.5,3.234,5.673,169.257,296.088,-2094,-144.737,2,3.302,-45.537
2026-09-27T20:04:55.000Z,1790539495.000,32.642899047,-117.190942349,3.802,143.069,127.002,-6.861,2.722,5.672,169.069,296.071,-2095,-143.076,2,3.557,-44.53
2026-09-27T20:04:56.000Z,1790539496.000,32.642884616,-117.190929446,3.87,141.141,126.87,-8.06,5.26,5.671,169.35,296.22,-2096,-141.261,2,3.553,-43.546
2026-09-27T20:04:57.000Z,1790539497.000,32.642869669,-117.190915498,4.164,141.12,127.793,-5.764,3.064,5.67,168.567,296.36,-2097,-139.347,2,3.799,-42.465
2026-09-27T20:04:58.000Z,1790539498.000,32.642855397,-117.190902417,4.12,140.797,127.54,-6.56,4.699,5.669,168.991,296.532,-2098,-137.523,2,3.723,-41.514
2026-09-27T20:04:59.000Z,1790539499.000,32.642841099,-117.190889835,3.8,141.673,127.864,-6.807,3.304,5.668,169.127,296.991,-2099,-135.748,2,3.434,-40.495
2026-09-27T20:05:00.000Z,1790539500.000,32.642827796,-117.190874794,4.033,132.033,126.466,-6.566,3.466,5.667,170.999,297.466,-2100,-133.796,2,3.25,-39.805
2026-09-27T20:05:01.000Z,1790539501.000,32.64281562,-117.190858591,3.834,131.395,127.3,-3.742,5.532,5.666,170.124,297.424,-2101,-131.836,2,3.006,-39.098
2026-09-27T20:05:02.000Z,1790539502.000,32.642803136,-117.19084328,3.948,132.74,129.384,-3.888,3.072,5.664,167.4,296.784,-2102,-129.954,2,3.097,-38.228
2026-09-27T20:05:03.000Z,1790539503.000,32.642790813,-117.190830035,3.8,139.541,132.216,-7.044,4.629,5.663,164.051,296.266,-2103,-128.273,2,3.2,-37.243
2026-09-27T20:05:04.000Z,1790539504.000,32.642776496,-117.190819656,3.8,148.178,138.184,-6.869,4.607,5.662,157.647,295.83,-2104,-126.822,2,3.458,-35.717
2026-09-27T20:05:05.000Z,1790539505.000,32.642760277,-117.190812861,3.731,162.886,140.802,-6.326,3.078,5.661,154.943,295.745,-2105,-125.502,2,3.673,-34.123
2026-09-27T20:05:06.000Z,1790539506.000,32.64274421,-117.190806516,3.635,163.548,139.396,-4.077,3.52,5.66,156.774,296.17,-2106,-124.105,2,3.578,-32.819
2026-09-27T20:05:07.000Z,1790539507.000,32.642728379,-117.190798855,3.708,153.874,140.072,-3.924,5.12,5.659,156.177,296.249,-2107,-122.676,2,3.471,-31.438
2026-09-27T20:05:08.000Z,1790539508.000,32.642713238,-117.190788585,3.8,151.54,140.364,-5.353,2.925,5.658,155.682,296.047,-2108,-121.053,2,3.466,-30.253
2026-09-27T20:05:09.000Z,1790539509.000,32.642697911,-117.190779405,3.768,155.942,139.232,-1.358,5.311,5.657,156.606,295.838,-2109,-119.468,2,3.512,-29.111
2026-09-27T20:05:10.000Z,1790539510.000,32.642682395,-117.190770763,3.968,155.822,138.932,1.967,4.168,5.656,156.755,295.687,-2110,-117.943,2,3.659,-27.869
2026-09-27T20:05:11.000Z,1790539511.000,32.64266892,-117.190758756,3.671,137.415,135.563,-10.039,5.032,5.654,159.966,295.53,-2111,-116.161,2,2.655,-27.189
2026-09-27T20:05:12.000Z,1790539512.000,32.642654788,-117.190747689,3.473,151.051,138.373,-4.17,4.847,5.653,157.017,295.39,-2112,-114.591,2,2.948,-25.948
2026-09-27T20:05:13.000Z,1790539513.000,32.642639103,-117.190738599,3.852,150.865,132.708,9.152,4.186,5.652,162.632,295.34,-2113,-112.888,2,3.163,-25.11
2026-09-27T20:05:14.000Z,1790539514.000,32.642624695,-117.190725171,4.2,142.717,125.563,3.763,3.978,5.651,169.796,295.358,-2114,-110.916,2,2.872,-24.694
2026-09-27T20:05:15.000Z,1790539515.000,32.642611729,-117.190712329,3.867,135.219,118.263,1.601,5.067,5.65,177.093,295.356,-2115,-109.139,2,2.04,-24.433
2026-09-27T20:05:16.000Z,1790539516.000,32.642601118,-117.190696868,3.603,123.566,107.452,3.554,3.16,5.649,-172.127,295.326,-2116,-107.381,2,0.992,-24.799
2026-09-27T20:05:17.000Z,1790539517.000,32.642593755,-117.190679848,3.536,111.35,93.557,9.383,4.637,5.648,-158.523,295.034,-2117,-105.92,3,-3.536,25.775
2026-09-27T20:05:18.000Z,1790539518.000,32.642592011,-117.190662605,3.07,92.841,80.321,8.059,3.625,5.647,-145.776,294.545,-2118,-104.944,3,-2.892,27.196
2026-09-27T20:05:19.000Z,1790539519.000,32.642594689,-117.190645757,3.1,71.943,66.495,6.269,4.093,5.646,-132.492,294.002,-2119,-104.463,3,-2.359,28.952
2026-09-27T20:05:20.000Z,1790539520.000,32.642600069,-117.190628428,3.434,62.559,56.364,10.1,3.768,5.644,-122.864,293.5,-2120,-103.983,3,-2.217,30.652
2026-09-27T20:05:21.000Z,1790539521.000,32.642608597,-117.190613284,3.465,49.662,45.133,9.667,4.981,5.643,-111.826,293.306,-2121,-104.001,3,-1.593,32.503
2026-09-27T20:05:22.000Z,1790539522.000,32.642619359,-117.190601041,3.253,39.859,33.064,8.618,2.085,5.642,-99.556,293.508,-2122,-104.496,3,-0.986,34.321
2026-09-27T20:05:23.000Z,1790539523.000,32.64263221,-117.190591091,3.3,26.152,19.505,10.8,4.307,5.641,-85.725,293.78,-2123,-105.428,3,-0.229,36.057
2026-09-27T20:05:24.000Z,1790539524.000,32.642646231,-117.190583826,3.232,15.653,16.198,15.349,2.865,5.64,-82.117,294.081,-2124,-105.811,3,0.364,37.732
2026-09-27T20:05:25.000Z,1790539525.000,32.642660757,-117.190583533,3.101,353.969,355.636,9.863,5.063,5.639,-61.358,294.277,-2125,-108.076,3,1.461,38.731
2026-09-27T20:05:26.000Z,1790539526.000,32.642674226,-117.19058795,2.975,337.07,340.089,9.94,2.065,5.638,-46.347,293.742,-2126,-110.102,3,2.103,39.211
2026-09-27T20:05:27.000Z,1790539527.000,32.642685904,-117.190592832,2.722,337.57,331.09,10.732,5.529,5.637,-37.849,293.241,-2127,-111.559,3,1.907,39.683
2026-09-27T20:05:28.000Z,1790539528.000,32.64269814,-117.190597554,2.631,338.756,327.094,10.912,3.854,5.636,-34.25,292.845,-2128,-112.75,3,1.803,40.494
2026-09-27T20:05:29.000Z,1790539529.000,32.642709608,-117.190602404,2.869,332.755,325.866,12.901,4.769,5.634,-33.272,292.594,-2129,-113.791,3,2.173,41.401
2026-09-27T20:05:30.000Z,1790539530.000,32.64272146,-117.19060848,2.675,338.692,324.23,15.33,3.385,5.633,-31.611,292.619,-2130,-114.966,3,1.833,42.273
2026-09-27T20:05:31.000Z,1790539531.000,32.642733646,-117.19061724,3.053,328.4,318.944,13.303,5.017,5.632,-26.039,292.905,-2131,-116.494,3,2.456,42.814
2026-09-27T20:05:32.000Z,1790539532.000,32.642747627,-117.190624279,3.153,340.667,316.568,15.138,2.738,5.631,-23.138,293.43,-2132,-117.865,3,2.078,43.805
2026-09-27T20:05:33.000Z,1790539533.000,32.642762047,-117.190630819,3.3,341.561,317.151,12.232,5.695,5.63,-23.03,294.121,-2133,-119.134,3,2.134,45.078
2026-09-27T20:05:34.000Z,1790539534.000,32.642776888,-117.190638012,3.567,335.659,316.202,11.998,3.678,5.629,-21.52,294.683,-2134,-120.52,3,2.573,46.255
2026-09-27T20:05:35.000Z,1790539535.000,32.642790773,-117.190645616,3.266,335.654,321.013,13.685,5.446,5.628,-26.09,294.924,-2135,-121.725,3,2.354,47.743
2026-09-27T20:05:36.000Z,1790539536.000,32.642803889,-117.19065508,2.992,329.542,319.29,13.108,4.88,5.627,-24.305,294.985,-2136,-123.239,3,2.364,48.606
2026-09-27T20:05:37.000Z,1790539537.000,32.6428183,-117.190664761,3.671,329.655,320.361,17.197,3.187,5.626,-25.479,294.882,-2137,-124.752,3,2.894,49.796
2026-09-27T20:05:38.000Z,1790539538.000,32.642832943,-117.190675048,3.503,325.942,321.295,19.761,4.6,5.624,-26.538,294.757,-2138,-126.329,3,2.894,50.977
2026-09-27T20:05:39.000Z,1790539539.000,32.64284787,-117.190687412,3.864,323.121,318.793,16.778,5.283,5.623,-23.962,294.832,-2139,-128.201,3,3.295,51.86
2026-09-27T20:05:40.000Z,1790539540.000,32.642863269,-117.190700393,4.4,323.122,314.522,13.636,2.778,5.622,-19.485,295.037,-2140,-130.184,3,3.751,52.633
2026-09-27T20:05:41.000Z,1790539541.000,32.642878538,-117.190712253,4.061,328.487,314.289,12.897,2.797,5.621,-18.89,295.399,-2141,-131.959,3,3.246,53.734
2026-09-27T20:05:42.000Z,1790539542.000,32.642894073,-117.190722958,4.064,331.022,315.168,11.504,4.189,5.62,-19.439,295.729,-2142,-133.626,3,3.136,54.989
2026-09-27T20:05:43.000Z,1790539543.000,32.642909849,-117.190732057,3.963,335.189,318.063,10.769,5.105,5.619,-22.09,295.973,-2143,-135.117,3,2.864,56.478
2026-09-27T20:05:44.000Z,1790539544.000,32.642926392,-117.190742075,4.162,331.948,316.462,11.535,4.772,5.618,-20.198,296.264,-2144,-136.843,3,3.164,57.676
2026-09-27T20:05:45.000Z,1790539545.000,32.642943441,-117.190752209,4.264,332.717,317.708,13.089,2.875,5.617,-21.335,296.373,-2145,-138.528,3,3.201,59.133
2026-09-27T20:05:46.000Z,1790539546.000,32.642960399,-117.190765296,4.4,325.87,317.31,14.315,3.637,5.616,-20.813,296.497,-2146,-140.497,3,3.624,60.349
2026-09-27T20:05:47.000Z,1790539547.000,32.642977607,-117.190780963,4.356,326.726,312.575,13.65,5.65,5.614,-16.349,296.226,-2147,-142.798,3,3.55,61.168
2026-09-27T20:05:48.000Z,1790539548.000,32.642995044,-117.190796779,4.735,320.675,312.995,14.28,2.525,5.613,-17.219,295.777,-2148,-144.999,3,4.125,62.393
2026-09-27T20:05:49.000Z,1790539549.000,32.643013155,-117.190811682,4.927,327.091,312.391,13.591,5.191,5.612,-17.147,295.244,-2149,-147.181,3,3.992,63.643
2026-09-27T20:05:50.000Z,1790539550.000,32.64303144,-117.190823891,4.3,333.703,314.319,12.832,7.45,5.611,-19.818,294.502,-2150,-149.089,3,3.168,65.202
2026-09-27T20:05:51.000Z,1790539551.000,32.643049605,-117.190836162,4.318,325.111,314.738,13.228,1.107,5.61,-21.101,293.638,-2151,-151.034,3,3.579,66.634
2026-09-27T20:05:52.000Z,1790539552.000,32.643067014,-117.190848744,4.469,333.384,314.519,14.638,4.768,5.609,-21.921,292.598,-2152,-152.981,3,3.304,67.928
2026-09-27T20:05:53.000Z,1790539553.000,32.643084486,-117.190860798,4.4,329.443,317.388,17.692,3.796,5.608,-25.908,291.48,-2153,-154.807,3,3.447,69.479
2026-09-27T20:05:54.000Z,1790539554.000,32.643101003,-117.190875897,4.624,318.122,316.558,17.7,3.763,5.607,-26.053,290.505,-2154,-156.932,3,4.114,70.543
2026-09-27T20:05:55.000Z,1790539555.000,32.643117118,-117.190893807,4.596,315.415,312.037,17.374,5.015,5.606,-22.352,289.685,-2155,-159.354,3,4.183,71.182
2026-09-27T20:05:56.000Z,1790539556.000,32.643134021,-117.190911921,4.859,315.04,307.003,15.303,3.135,5.604,-18.071,288.931,-2156,-161.812,3,4.435,71.843
2026-09-27T20:05:57.000Z,1790539557.000,32.643152544,-117.190928173,4.932,322.852,311.247,19.1,4.604,5.603,-22.828,288.419,-2157,-164.044,3,4.183,73.462
2026-09-27T20:05:58.000Z,1790539558.000,32.643168622,-117.190947686,5.134,311.643,306.937,12.269,4.095,5.602,-18.849,288.087,-2158,-166.561,3,4.799,74.043
2026-09-27T20:05:59.000Z,1790539559.000,32.64318568,-117.190966751,5.043,317.464,306.971,10.743,2.192,5.601,-19.431,287.54,-2159,-169.021,3,4.506,75.08
2026-09-27T20:06:00.000Z,1790539560.000,32.643203541,-117.190984341,4.943,318.447,307.961,9.373,3.898,5.6,-21.126,286.835,-2160,-171.386,3,4.377,76.328
2026-09-27T20:06:01.000Z,1790539561.000,32.64322193,-117.191000665,4.422,324.922,306.908,8.552,5.687,5.599,-21.092,285.817,-2161,-173.702,3,3.657,77.517
2026-09-27T20:06:02.000Z,1790539562.000,32.643241183,-117.191016911,4.628,324.768,309.515,10.4,1.479,5.598,-24.528,284.987,-2162,-176.002,3,3.831,79.084
2026-09-27T20:06:03.000Z,1790539563.000,32.643258621,-117.191033288,5.133,319.302,310.437,10.037,5.236,5.597,-26.264,284.173,-2163,-178.242,3,4.502,80.329
2026-09-27T20:06:04.000Z,1790539564.000,32.643275895,-117.191051381,4.536,312.436,307.7,11.664,4.45,5.596,-24.637,283.063,-2164,-180.677,3,4.209,81.207
2026-09-27T20:06:05.000Z,1790539565.000,32.643294007,-117.191070056,5.212,321.992,308.776,13.776,4.512,5.594,-26.773,282.003,-2165,-183.143,3,4.446,82.447
2026-09-27T20:06:06.000Z,1790539566.000,32.643310627,-117.191090405,5.03,309.703,307.13,9.802,4.809,5.593,-25.68,281.45,-2166,-185.712,3,4.75,83.26
2026-09-27T20:06:07.000Z,1790539567.000,32.643326217,-117.191112044,5.234,310.897,304.402,4.634,3.306,5.592,-23.073,281.329,-2167,-188.341,3,4.905,83.832
2026-09-27T20:06:08.000Z,1790539568.000,32.643342585,-117.191131815,4.271,314.281,305.126,3.195,5,5.591,-23.649,281.477,-2168,-190.817,3,3.906,84.827
2026-09-27T20:06:09.000Z,1790539569.000,32.643359627,-117.191148933,4.994,321.794,305.911,3.146,5.265,5.59,-24.23,281.681,-2169,-193.106,3,4.262,85.994
2026-09-27T20:06:10.000Z,1790539570.000,32.643377292,-117.191164766,4.406,322.486,307.252,6.063,4.22,5.589,-25.585,281.667,-2170,-195.312,3,3.731,87.316
2026-09-27T20:06:11.000Z,1790539571.000,32.643395307,-117.191179495,4.731,326.45,308.375,8.125,2.85,5.588,-26.837,281.537,-2171,-197.445,3,3.82,88.697
2026-09-27T20:06:12.000Z,1790539572.000,32.643413273,-117.191194806,5.067,326.635,309.633,9.2,5.001,5.587,-28.235,281.397,-2172,-199.62,3,4.079,90.061
2026-09-27T20:06:13.000Z,1790539573.000,32.643430832,-117.191212097,4.772,317.95,308.184,10.034,2.463,5.586,-26.909,281.275,-2173,-201.982,3,4.223,91.099
2026-09-27T20:06:14.000Z,1790539574.000,32.643446723,-117.191230773,4.836,312.466,304.964,8.021,4.278,5.584,-23.844,281.12,-2174,-204.391,3,4.474,91.774
2026-09-27T20:06:15.000Z,1790539575.000,32.643463787,-117.191248969,5.247,318.434,306.85,9.214,3.424,5.583,-25.8,281.049,-2175,-206.757,3,4.619,92.99
2026-09-27T20:06:16.000Z,1790539576.000,32.643480294,-117.191266255,4.152,321.273,306.743,9.834,5.109,5.582,-25.487,281.255,-2176,-209.042,3,3.552,94.026
2026-09-27T20:06:17.000Z,1790539577.000,32.643497267,-117.191283167,4.633,317.1,307.767,8.4,3.867,5.581,-26.151,281.616,-2177,-211.306,3,4.126,95.211
2026-09-27T20:06:18.000Z,1790539578.000,32.643513932,-117.191300329,5.128,320.188,307.631,10.359,3.678,5.58,-25.945,281.686,-2178,-213.589,3,4.433,96.265
2026-09-27T20:06:19.000Z,1790539579.000,32.643530652,-117.191317981,4.764,318.795,309.236,12.193,4.683,5.579,-27.862,281.374,-2179,-215.89,3,4.173,97.443
2026-09-27T20:06:20.000Z,1790539580.000,32.643546503,-117.191336463,4.439,314.058,307.641,10.4,5.539,5.578,-26.612,281.029,-2180,-218.264,3,4.051,98.25
2026-09-27T20:06:21.000Z,1790539581.000,32.643562874,-117.191355051,4.731,314.652,303.991,8.453,4.983,5.577,-23.323,280.668,-2181,-220.692,3,4.296,98.943
2026-09-27T20:06:22.000Z,1790539582.000,32.643579773,-117.191370005,4.634,324.798,309.733,13.401,1.998,5.576,-29.44,280.293,-2182,-222.728,3,3.797,100.566
2026-09-27T20:06:23.000Z,1790539583.000,32.643595525,-117.191386586,4.6,315.455,311.123,10.165,5.957,5.574,-31.049,280.074,-2183,-224.889,3,4.146,101.667
2026-09-27T20:06:24.000Z,1790539584.000,32.643612169,-117.191404677,4.912,319.398,307.072,9.892,3.412,5.573,-27.109,279.963,-2184,-227.313,3,4.269,102.378
2026-09-27T20:06:25.000Z,1790539585.000,32.643630419,-117.191420653,4.839,324.688,307.762,12.161,2.412,5.572,-27.986,279.777,-2185,-229.568,3,3.965,103.703
2026-09-27T20:06:26.000Z,1790539586.000,32.643650435,-117.191436374,5.338,327.869,309.985,13.785,3.823,5.571,-30.603,279.382,-2186,-231.868,3,4.194,105.337
2026-09-27T20:06:27.000Z,1790539587.000,32.643669112,-117.191453179,5.134,322.291,308.528,12.495,2.7,5.57,-29.646,278.882,-2187,-234.247,3,4.321,106.506
2026-09-27T20:06:28.000Z,1790539588.000,32.643687,-117.1914716,5.465,319.21,308.58,12.83,3.345,5.569,-30.083,278.497,-2188,-236.696,3,4.749,107.653
2026-09-27T20:06:29.000Z,1790539589.000,32.643703707,-117.191490991,5.136,317.082,307.617,13.711,3.053,5.568,-29.291,278.326,-2189,-239.179,3,4.553,108.564
2026-09-27T20:06:30.000Z,1790539590.000,32.643720574,-117.191509774,5.079,320.817,306.275,12.3,3.577,5.567,-27.88,278.396,-2190,-241.624,3,4.338,109.483
2026-09-27T20:06:31.000Z,1790539591.000,32.643739274,-117.191526267,5.032,324,309.461,12.968,3.984,5.566,-30.958,278.503,-2191,-243.909,3,4.143,111.03
2026-09-27T20:06:32.000Z,1790539592.000,32.643757221,-117.19154169,4.599,324.235,308.195,12.868,5.694,5.564,-29.839,278.356,-2192,-246.132,3,3.773,112.191
2026-09-27T20:06:33.000Z,1790539593.000,32.643775775,-117.191556785,4.635,325.48,309.405,11.97,2.685,5.563,-31.255,278.15,-2193,-248.321,3,3.742,113.62
2026-09-27T20:06:34.000Z,1790539594.000,32.643792526,-117.191572205,4.543,321.711,312.09,11.421,5.647,5.562,-34.015,278.075,-2194,-250.413,3,3.834,114.966
2026-09-27T20:06:35.000Z,1790539595.000,32.643809453,-117.19159028,5.083,315.632,310.668,12.051,2.588,5.561,-32.686,277.982,-2195,-252.812,3,4.552,115.913
2026-09-27T20:06:36.000Z,1790539596.000,32.643825589,-117.191610703,5.295,315.34,311.305,15.051,4.054,5.56,-33.784,277.521,-2196,-255.325,3,4.753,116.852
2026-09-27T20:06:37.000Z,1790539597.000,32.6438418,-117.1916313,5.1,313.333,308.733,14.233,4.4,5.559,-31.748,276.985,-2197,-257.914,3,4.652,117.543
2026-09-27T20:06:38.000Z,1790539598.000,32.643859233,-117.191649703,5.23,320.806,307.206,16,3.682,5.558,-30.423,276.782,-2198,-260.361,3,4.449,118.52
2026-09-27T20:06:39.000Z,1790539599.000,32.643876446,-117.191666483,4.926,320.252,305.295,12.216,3.089,5.557,-28.332,276.963,-2199,-262.663,3,4.214,119.503
2026-09-27T20:06:40.000Z,1790539600.000,32.643894048,-117.191682244,5,322.272,307.653,10.582,2.324,5.556,-30.774,276.879,-2200,-264.847,3,4.181,120.902
2026-09-27T20:06:41.000Z,1790539601.000,32.643912486,-117.191698582,4.84,322.025,311.132,12.393,4.158,5.554,-34.208,276.924,-2201,-267.094,3,4.056,122.449
2026-09-27T20:06:42.000Z,1790539602.000,32.643931154,-117.191717387,5.301,317.53,308.134,11.869,5.3,5.553,-31.201,276.933,-2202,-269.666,3,4.653,123.424
2026-09-27T20:06:43.000Z,1790539603.000,32.643950177,-117.191736911,6.091,319.229,306.974,13.904,3.556,5.552,-29.935,277.039,-2203,-272.282,3,5.255,124.55
2026-09-27T20:06:44.000Z,1790539604.000,32.6439686,-117.191755213,5.325,320.262,306.35,16.363,4.037,5.551,-29.155,277.195,-2204,-274.757,3,4.543,125.703
2026-09-27T20:06:45.000Z,1790539605.000,32.643987303,-117.191772733,5.261,320.774,306.904,16.248,4.809,5.55,-29.443,277.461,-2205,-277.166,3,4.461,127.006
2026-09-27T20:06:46.000Z,1790539606.000,32.64400381,-117.191792147,4.999,312.425,306.064,14.769,2.464,5.549,-28.246,277.818,-2206,-279.638,3,4.577,127.904
2026-09-27T20:06:47.000Z,1790539607.000,32.644017891,-117.191813653,4.702,305.763,302.801,9.702,5.967,5.548,-24.729,278.072,-2207,-282.179,3,4.495,128.284
2026-09-27T20:06:48.000Z,1790539608.000,32.644033645,-117.19183211,4.375,318.64,303.435,13.535,4.62,5.547,-25.458,277.977,-2208,-284.516,3,3.789,129.258
2026-09-27T20:06:49.000Z,1790539609.000,32.644050305,-117.191852145,5.3,310.049,305.861,15.921,3.115,5.546,-28.226,277.635,-2209,-287.012,3,4.933,130.409
2026-09-27T20:06:50.000Z,1790539610.000,32.644066986,-117.191875505,5.4,312.485,301.721,12.29,3.619,5.544,-24.396,277.326,-2210,-289.846,3,4.937,130.915
2026-09-27T20:06:51.000Z,1790539611.000,32.64408526,-117.191896093,5.533,318.599,302.667,14.266,3.47,5.543,-25.563,277.103,-2211,-292.489,3,4.788,132.092
2026-09-27T20:06:52.000Z,1790539612.000,32.644102889,-117.191916953,5.2,313.16,299.037,7.411,5.097,5.542,-21.864,277.173,-2212,-295.144,3,4.726,132.826
2026-09-27T20:06:53.000Z,1790539613.000,32.644121058,-117.191935593,5.223,322.876,301.735,7.965,2.983,5.541,-24.442,277.293,-2213,-297.615,3,4.308,134.206
2026-09-27T20:06:54.000Z,1790539614.000,32.644138757,-117.191953137,5.14,321.681,304.619,7.921,5.478,5.54,-27.375,277.244,-2214,-299.959,3,4.296,135.593
2026-09-27T20:06:55.000Z,1790539615.000,32.644158092,-117.191970412,4.88,323.909,305.29,9.88,3.351,5.539,-28.005,277.286,-2215,-302.381,3,3.968,136.979
2026-09-27T20:06:56.000Z,1790539616.000,32.644176725,-117.191987527,5.198,319.549,308.488,13.833,1.8,5.538,-30.727,277.76,-2216,-304.718,3,4.442,138.498
2026-09-27T20:06:57.000Z,1790539617.000,32.644193308,-117.192007638,5.596,316.484,307.132,14.726,4.7,5.537,-28.718,278.414,-2217,-307.26,3,4.929,139.339
2026-09-27T20:06:58.000Z,1790539618.000,32.644209604,-117.192030368,5.177,305.638,304.812,14.247,4.329,5.536,-25.955,278.858,-2218,-310.013,3,4.939,139.975
2026-09-27T20:06:59.000Z,1790539619.000,32.644224692,-117.19205368,4.829,310.496,300.932,11.583,6.36,5.534,-22.013,278.919,-2219,-312.753,3,4.467,140.34
2026-09-27T20:07:00.000Z,1790539620.000,32.644242455,-117.192073833,4.844,317.562,302.178,12.5,3.704,5.533,-23.052,279.126,-2220,-315.333,3,4.218,141.506
2026-09-27T20:07:01.000Z,1790539621.000,32.64425961,-117.192091578,4.999,317.915,304.197,10.095,3.203,5.532,-24.954,279.243,-2221,-317.673,3,4.336,142.76
2026-09-27T20:07:02.000Z,1790539622.000,32.644277898,-117.192108304,5.132,323.179,308.039,10.2,2.276,5.531,-28.789,279.25,-2222,-319.955,3,4.194,144.311
2026-09-27T20:07:03.000Z,1790539623.000,32.644296775,-117.192127196,5.472,316.394,310.466,11.787,3.7,5.53,-31.364,279.101,-2223,-322.455,3,4.81,145.726
2026-09-27T20:07:04.000Z,1790539624.000,32.644315784,-117.19214999,5.8,314.713,304.305,10.9,4.006,5.529,-25.316,278.989,-2224,-325.41,3,5.177,146.336
2026-09-27T20:07:05.000Z,1790539625.000,32.64433625,-117.192171281,5.9,319.413,302.596,10.466,2.9,5.528,-23.701,278.895,-2225,-328.244,3,5.027,147.499
2026-09-27T20:07:06.000Z,1790539626.000,32.644357498,-117.192187153,5.667,331.196,307.739,12.612,3.632,5.527,-28.963,278.776,-2226,-330.6,3,4.116,149.488
2026-09-27T20:07:07.000Z,1790539627.000,32.64437736,-117.192202401,5,325.941,311.85,11.337,6.015,5.526,-33.08,278.77,-2227,-332.817,3,3.927,151.269
2026-09-27T20:07:08.000Z,1790539628.000,32.644395504,-117.192220568,5.244,317.528,308.232,7.944,7.236,5.524,-29.23,279.002,-2228,-335.322,3,4.547,152.167
2026-09-27T20:07:09.000Z,1790539629.000,32.644414423,-117.192239105,5.179,315.52,310.203,13.179,4.434,5.523,-30.848,279.355,-2229,-337.802,3,4.576,153.564
2026-09-27T20:07:10.000Z,1790539630.000,32.644433713,-117.192260115,5.399,316.293,308.13,13.83,3.538,5.522,-28.528,279.602,-2230,-340.572,3,4.733,154.592
2026-09-27T20:07:11.000Z,1790539631.000,32.644452546,-117.192280747,5.433,318.541,308.899,14.466,4.531,5.521,-29.297,279.602,-2231,-343.242,3,4.654,155.809
2026-09-27T20:07:12.000Z,1790539632.000,32.644469855,-117.192301608,5.469,313.516,306.531,11.469,4.557,5.52,-27.26,279.271,-2232,-345.897,3,4.913,156.616
2026-09-27T20:07:13.000Z,1790539633.000,32.644487005,-117.19232209,5.392,315.398,306.08,10.924,3.876,5.519,-27.163,278.917,-2233,-348.485,3,4.761,157.572
2026-09-27T20:07:14.000Z,1790539634.000,32.644504591,-117.192340826,5.279,321.993,307.55,9.654,4.128,5.518,-28.802,278.749,-2234,-350.926,3,4.343,158.788
2026-09-27T20:07:15.000Z,1790539635.000,32.644524203,-117.192359026,5.116,321.733,308.14,4.961,5.832,5.517,-29.595,278.545,-2235,-353.437,3,4.219,160.161
2026-09-27T20:07:16.000Z,1790539636.000,32.644544662,-117.192377127,5.733,321.005,310.031,5.369,3.728,5.516,-32.038,277.992,-2236,-355.962,3,4.764,161.726
2026-09-27T20:07:17.000Z,1790539637.000,32.644564361,-117.192396229,5.063,318.092,309.669,7.906,5.719,5.514,-32.327,277.342,-2237,-358.567,3,4.343,163
2026-09-27T20:07:18.000Z,1790539638.000,32.644585103,-117.192413881,5.5,325.209,310.178,12.008,2.278,5.513,-33.32,276.859,-2238,-361.091,3,4.327,164.502
2026-09-27T20:07:19.000Z,1790539639.000,32.644604662,-117.19243158,5.542,321.539,311.785,11.779,6.015,5.512,-35.321,276.464,-2239,-363.536,3,4.567,165.966
2026-09-27T20:07:20.000Z,1790539640.000,32.64462427,-117.192449896,4.857,322.131,309.615,9.318,7.547,5.511,-33.48,276.136,-2240,-366.104,3,3.971,167.12
2026-09-27T20:07:21.000Z,1790539641.000,32.6446432,-117.192467167,5.033,320.1,309.967,12.933,2.767,5.51,-34.174,275.792,-2241,-368.506,3,4.212,168.44
2026-09-27T20:07:22.000Z,1790539642.000,32.644660795,-117.192486192,5.328,317.135,308.969,11.297,5.166,5.509,-33.441,275.528,-2242,-371.007,3,4.602,169.452
2026-09-27T20:07:23.000Z,1790539643.000,32.644678751,-117.192505778,5.173,316.335,305.482,9.436,3.809,5.508,-30.361,275.121,-2243,-373.605,3,4.502,170.284
2026-09-27T20:07:24.000Z,1790539644.000,32.644697326,-117.192523405,5.096,321.704,306.468,8.6,5.4,5.507,-31.543,274.925,-2244,-376.011,3,4.178,171.604
2026-09-27T20:07:25.000Z,1790539645.000,32.644717539,-117.192541651,5.356,314.87,306.406,9.762,4.088,5.506,-31.797,274.609,-2245,-378.567,3,4.722,172.986
2026-09-27T20:07:26.000Z,1790539646.000,32.644736139,-117.192562107,5.399,314.736,303.263,7.896,3.435,5.504,-28.888,274.374,-2246,-381.253,3,4.764,173.876
2026-09-27T20:07:27.000Z,1790539647.000,32.644755107,-117.192581077,5.57,319.932,304.218,10.7,2.545,5.503,-30.038,274.18,-2247,-383.796,3,4.653,175.185
2026-09-27T20:07:28.000Z,1790539648.000,32.64477344,-117.19260019,5.345,317.191,307.8,11.417,3.838,5.502,-33.88,273.92,-2248,-386.283,3,4.597,176.631
2026-09-27T20:07:29.000Z,1790539649.000,32.644789862,-117.192622198,5.316,309.576,303.816,8.348,5.539,5.501,-30.232,273.584,-2249,-389.001,3,4.89,177.175
2026-09-27T20:07:30.000Z,1790539650.000,32.644806602,-117.192644713,5.263,314.098,303.361,10.31,4.396,5.5,-30.124,273.237,-2250,-391.735,3,4.662,178.012
2026-09-27T20:07:31.000Z,1790539651.000,32.644823083,-117.192665614,5.135,313.782,301.495,8.329,5.1,5.499,-28.515,272.98,-2251,-394.331,3,4.56,178.77
2026-09-27T20:07:32.000Z,1790539652.000,32.644840556,-117.192685379,5.464,313.074,303.791,8.126,3.064,5.498,-30.947,272.844,-2252,-396.854,3,4.881,180.004
2026-09-27T20:07:33.000Z,1790539653.000,32.644856634,-117.192705166,5.008,312.389,302.138,6.408,4.877,5.497,-29.376,272.762,-2253,-399.336,3,4.498,180.779
2026-09-27T20:07:34.000Z,1790539654.000,32.644873865,-117.192723948,5,317.636,304.047,9.707,4.096,5.496,-31.305,272.742,-2254,-401.767,3,4.268,181.994
2026-09-27T20:07:35.000Z,1790539655.000,32.644891702,-117.192743273,5.297,318.935,303.171,9.865,5.486,5.494,-30.434,272.737,-2255,-404.296,3,4.455,183.028
2026-09-27T20:07:36.000Z,1790539656.000,32.644910533,-117.1927631,5.8,317.532,304.167,13.9,1.433,5.493,-31.31,272.856,-2256,-406.901,3,4.951,184.294
2026-09-27T20:07:37.000Z,1790539657.000,32.644927098,-117.192783744,5.223,312.733,303.123,10.165,6.941,5.492,-30.197,272.926,-2257,-409.477,3,4.669,185.136
2026-09-27T20:07:38.000Z,1790539658.000,32.644943651,-117.192806021,5.652,308.419,299.948,10.678,2.963,5.491,-26.817,273.131,-2258,-412.195,3,5.227,185.745
2026-09-27T20:07:39.000Z,1790539659.000,32.644959546,-117.192828475,5.4,309.604,300.592,9.952,2.63,5.49,-27.032,273.561,-2259,-414.874,3,4.949,186.586
2026-09-27T20:07:40.000Z,1790539660.000,32.644976844,-117.192848205,5.535,323.267,303.491,12.829,2.778,5.489,-29.482,274.009,-2260,-417.383,3,4.402,187.852
2026-09-27T20:07:41.000Z,1790539661.000,32.644993028,-117.192868226,5.066,312.802,304.064,9.731,5.234,5.488,-29.877,274.188,-2261,-419.873,3,4.518,188.808
2026-09-27T20:07:42.000Z,1790539662.000,32.645009175,-117.192889465,5.53,315.135,301.41,7.955,3.26,5.487,-27.292,274.118,-2262,-422.486,3,4.824,189.456
2026-09-27T20:07:43.000Z,1790539663.000,32.645026017,-117.19290963,5.563,314.829,302.937,8.289,4.748,5.486,-28.627,274.31,-2263,-425.016,3,4.864,190.549
2026-09-27T20:07:44.000Z,1790539664.000,32.645043094,-117.192930072,5.3,315.889,299.795,6.452,6.265,5.484,-25.418,274.377,-2264,-427.609,3,4.584,191.282
2026-09-27T20:07:45.000Z,1790539665.000,32.645061695,-117.192947132,5.142,322.747,303.516,10.568,2.8,5.483,-28.85,274.666,-2265,-429.96,3,4.103,192.846
2026-09-27T20:07:46.000Z,1790539666.000,32.645077856,-117.192965454,4.901,316.767,304.601,6.566,3.333,5.482,-29.645,274.956,-2266,-432.303,3,4.195,193.903
2026-09-27T20:07:47.000Z,1790539667.000,32.645094575,-117.192984305,5.43,317.775,306.67,7.185,4.31,5.481,-31.514,275.156,-2267,-434.704,3,4.595,195.074
2026-09-27T20:07:48.000Z,1790539668.000,32.64511315,-117.193002,5.012,322.55,309.375,11.025,4.4,5.48,-33.971,275.404,-2268,-437.088,3,4.001,196.527
2026-09-27T20:07:49.000Z,1790539669.000,32.645132242,-117.193019594,5.191,327.077,309.43,10.091,4.27,5.479,-33.689,275.741,-2269,-439.53,3,3.88,197.827
2026-09-27T20:07:50.000Z,1790539670.000,32.645151541,-117.19303537,5.035,324.756,312.2,10.323,5.509,5.478,-36.174,276.026,-2270,-441.781,3,3.892,199.426
2026-09-27T20:07:51.000Z,1790539671.000,32.645170802,-117.193052504,5.097,322.269,311.19,10.363,5.39,5.477,-35.051,276.138,-2271,-444.214,3,4.073,200.679
2026-09-27T20:07:52.000Z,1790539672.000,32.645189528,-117.193071187,5.394,316.212,308.547,9.518,3.764,5.476,-32.268,276.28,-2272,-446.774,3,4.625,201.692
2026-09-27T20:07:53.000Z,1790539673.000,32.645207951,-117.193090156,5.543,316.748,310.439,9.922,4.435,5.474,-33.975,276.464,-2273,-449.265,3,4.723,203.017
2026-09-27T20:07:54.000Z,1790539674.000,32.645226921,-117.193109052,5.462,320.766,308.762,8.414,4.483,5.473,-32.146,276.616,-2274,-451.838,3,4.439,204.122
2026-09-27T20:07:55.000Z,1790539675.000,32.645247619,-117.193126221,5.435,324.252,311.364,13.764,3.697,5.472,-34.615,276.75,-2275,-454.282,3,4.211,205.8
2026-09-27T20:07:56.000Z,1790539676.000,32.645267282,-117.193145212,5.665,319.016,309.359,10.355,4.188,5.471,-32.48,276.879,-2276,-456.905,3,4.695,206.947
2026-09-27T20:07:57.000Z,1790539677.000,32.64528644,-117.19316333,5.582,324.928,308.735,9.927,3.089,5.47,-31.748,276.987,-2277,-459.405,3,4.276,208.182
2026-09-27T20:07:58.000Z,1790539678.000,32.645306041,-117.193179136,5.227,325.749,311.76,11.421,5.096,5.469,-34.873,276.887,-2278,-461.671,3,3.951,209.831
2026-09-27T20:07:59.000Z,1790539679.000,32.645325854,-117.193196378,4.813,325.259,311.185,9.424,6.313,5.468,-34.381,276.803,-2279,-464.133,3,3.66,211.17
2026-09-27T20:08:00.000Z,1790539680.000,32.645345671,-117.193214207,5.73,322.583,311.298,10.262,3.172,5.467,-34.536,276.762,-2280,-466.631,3,4.523,212.54
2026-09-27T20:08:01.000Z,1790539681.000,32.645364748,-117.193233809,5.861,316.551,310.281,9.416,5.235,5.466,-33.498,276.784,-2281,-469.258,3,4.976,213.682
2026-09-27T20:08:02.000Z,1790539682.000,32.645384613,-117.193253713,5.612,318.992,310.251,13.542,3.372,5.464,-33.133,277.118,-2282,-471.933,3,4.629,214.969
2026-09-27T20:08:03.000Z,1790539683.000,32.645403269,-117.193274737,5.545,315.168,307.423,12.668,5.591,5.463,-30.086,277.337,-2283,-474.683,3,4.771,215.873
2026-09-27T20:08:04.000Z,1790539684.000,32.6454226,-117.193295563,5.4,319.884,303.437,10.342,4.884,5.462,-25.818,277.619,-2284,-477.45,3,4.401,216.757
2026-09-27T20:08:05.000Z,1790539685.000,32.645441733,-117.193311967,5.067,325.702,304.8,10.767,4,5.461,-27.123,277.677,-2285,-479.784,3,3.806,218.211
2026-09-27T20:08:06.000Z,1790539686.000,32.64546077,-117.19332648,5,327.455,308.415,12.13,4.27,5.46,-30.604,277.811,-2286,-481.921,3,3.649,219.901
2026-09-27T20:08:07.000Z,1790539687.000,32.645478484,-117.193343758,5.1,314.793,307.125,8.438,3.862,5.459,-29.231,277.894,-2287,-484.286,3,4.393,220.967
2026-09-27T20:08:08.000Z,1790539688.000,32.645496676,-117.193364545,5.778,318.121,306.986,8.378,4.955,5.458,-29.178,277.808,-2288,-486.949,3,4.794,222.042
2026-09-27T20:08:09.000Z,1790539689.000,32.645516227,-117.193385394,5.565,319.49,308.706,11.872,4.939,5.457,-31.016,277.69,-2289,-489.66,3,4.539,223.399
2026-09-27T20:08:10.000Z,1790539690.000,32.645535274,-117.193405774,5.6,318.06,309,12.134,4.728,5.456,-31.346,277.654,-2290,-492.327,3,4.643,224.611
2026-09-27T20:08:11.000Z,1790539691.000,32.645554293,-117.193424499,5.383,321.611,307.506,10.359,3.082,5.454,-29.729,277.777,-2291,-494.882,3,4.264,225.741
2026-09-27T20:08:12.000Z,1790539692.000,32.645573819,-117.193441597,5.356,319.903,310.49,10.184,3.873,5.453,-32.532,277.958,-2292,-497.258,3,4.334,227.333
2026-09-27T20:08:13.000Z,1790539693.000,32.645593477,-117.193458828,5.206,325.736,309.957,8.175,3.108,5.452,-31.848,278.109,-2293,-499.709,3,3.876,228.659
2026-09-27T20:08:14.000Z,1790539694.000,32.645614359,-117.193473095,5.199,330.172,315.532,11.598,4.336,5.451,-37.206,278.326,-2294,-501.849,3,3.584,230.688
2026-09-27T20:08:15.000Z,1790539695.000,32.645634633,-117.193488338,5.397,325.242,316.439,11.303,4.11,5.45,-37.865,278.575,-2295,-504.134,3,4.038,232.26
2026-09-27T20:08:16.000Z,1790539696.000,32.645655467,-117.193503959,5.429,327.499,315.971,13.837,4.706,5.449,-37.203,278.769,-2296,-506.515,3,3.911,233.773
2026-09-27T20:08:17.000Z,1790539697.000,32.64567613,-117.193521269,5.355,320.722,312.609,13.255,4.061,5.448,-33.625,278.984,-2297,-509.093,3,4.266,234.985
2026-09-27T20:08:18.000Z,1790539698.000,32.645696266,-117.193539759,5.469,321.479,313.423,13.546,3.54,5.447,-34.18,279.243,-2298,-511.647,3,4.308,236.417
2026-09-27T20:08:19.000Z,1790539699.000,32.645715433,-117.193559467,5.333,319.067,311.433,11.7,6.933,5.446,-32.005,279.428,-2299,-514.309,3,4.332,237.49
2026-09-27T20:08:20.000Z,1790539700.000,32.645734416,-117.193579943,5.535,317.859,311.765,12.531,3.704,5.444,-32.2,279.566,-2300,-516.98,3,4.559,238.694
2026-09-27T20:08:21.000Z,1790539701.000,32.645752547,-117.193599667,5.339,320.25,310.303,9.64,6.182,5.443,-30.497,279.806,-2301,-519.577,3,4.264,239.7
2026-09-27T20:08:22.000Z,1790539702.000,32.645771769,-117.193619108,5.7,319.121,307.696,7.8,2.447,5.442,-27.923,279.773,-2302,-522.222,3,4.616,240.737
2026-09-27T20:08:23.000Z,1790539703.000,32.645792423,-117.193636983,5.5,322.315,309.36,7.468,3.551,5.441,-29.571,279.789,-2303,-524.742,3,4.262,242.313
2026-09-27T20:08:24.000Z,1790539704.000,32.64581283,-117.193653606,5.368,325.806,311.166,5.4,4.92,5.44,-31.458,279.708,-2304,-527.14,3,3.941,243.92
2026-09-27T20:08:25.000Z,1790539705.000,32.645834115,-117.193668675,5.265,330.822,313.076,7.006,5.482,5.439,-33.499,279.577,-2305,-529.447,3,3.531,245.68
2026-09-27T20:08:26.000Z,1790539706.000,32.645856263,-117.193683465,5.437,329.279,317.068,10.217,3.537,5.438,-37.497,279.57,-2306,-531.716,3,3.747,247.693
2026-09-27T20:08:27.000Z,1790539707.000,32.645876866,-117.193701416,5.4,324.51,313.601,6.381,5.41,5.437,-33.889,279.712,-2307,-534.352,3,4.03,248.87
2026-09-27T20:08:28.000Z,1790539708.000,32.645897205,-117.193719589,5.474,324.468,313.032,10.447,5.832,5.436,-32.971,280.061,-2308,-536.919,3,4.082,250.229
2026-09-27T20:08:29.000Z,1790539709.000,32.645916648,-117.193736285,4.668,322.935,311.331,9.331,5.288,5.434,-30.916,280.414,-2309,-539.341,3,3.56,251.464
2026-09-27T20:08:30.000Z,1790539710.000,32.645936393,-117.19375144,4.841,324.565,312.965,12.33,1.605,5.433,-32.296,280.669,-2310,-541.581,3,3.597,253.043
2026-09-27T20:08:31.000Z,1790539711.000,32.645956242,-117.193766516,5.465,327.988,317.781,12.591,3.469,5.432,-36.839,280.943,-2311,-543.734,3,3.828,254.872
2026-09-27T20:08:32.000Z,1790539712.000,32.645976516,-117.193784135,5.075,324.163,316.293,9.512,7.376,5.431,-35.108,281.185,-2312,-546.28,3,3.784,256.177
2026-09-27T20:08:33.000Z,1790539713.000,32.645996227,-117.193801227,5.333,323.231,314.365,11.331,4.664,5.43,-33.038,281.327,-2313,-548.76,3,4.03,257.41
2026-09-27T20:08:34.000Z,1790539714.000,32.646015975,-117.19381967,5.6,319.814,313.888,13.414,3.6,5.429,-32.715,281.173,-2314,-551.318,3,4.438,258.706
2026-09-27T20:08:35.000Z,1790539715.000,32.646035531,-117.193839475,5.457,321.132,309.236,11.4,4.213,5.428,-28.357,280.879,-2315,-554.06,3,4.243,259.609
2026-09-27T20:08:36.000Z,1790539716.000,32.646056951,-117.193856626,5.7,324.742,310.053,11.979,2.318,5.427,-29.257,280.796,-2316,-556.571,3,4.192,261.224
2026-09-27T20:08:37.000Z,1790539717.000,32.646078635,-117.193874359,5.554,321.381,313.039,9.563,3.27,5.426,-32.249,280.79,-2317,-559.1,3,4.293,263.009
2026-09-27T20:08:38.000Z,1790539718.000,32.6460992,-117.193891833,5.867,329.3,312.5,9.733,3.467,5.424,-31.664,280.836,-2318,-561.62,3,3.972,264.419
2026-09-27T20:08:39.000Z,1790539719.000,32.646120178,-117.193909817,5.669,324.109,313.396,11.104,5.681,5.423,-32.492,280.904,-2319,-564.173,3,4.194,265.962
2026-09-27T20:08:40.000Z,1790539720.000,32.646141476,-117.193928459,5.762,324.998,310.466,10.779,6.24,5.422,-29.509,280.956,-2320,-566.874,3,4.197,267.219
2026-09-27T20:08:41.000Z,1790539721.000,32.646162113,-117.193947452,5.361,317.934,308.24,10.602,4.737,5.421,-27.149,281.092,-2321,-569.55,3,4.323,268.448
2026-09-27T20:08:42.000Z,1790539722.000,32.64618193,-117.193967425,5.605,321.572,305.341,8.046,3.737,5.42,-24.04,281.301,-2322,-572.265,3,4.296,269.502
2026-09-27T20:08:43.000Z,1790539723.000,32.64620142,-117.193985686,5.434,317.848,311.064,9.698,3.703,5.419,-29.576,281.488,-2323,-574.698,3,4.377,271.262
2026-09-27T20:08:44.000Z,1790539724.000,32.646219518,-117.194005918,5.336,318.7,308.455,8.527,4.245,5.418,-26.905,281.55,-2324,-577.353,3,4.248,272.156
2026-09-27T20:08:45.000Z,1790539725.000,32.646238088,-117.194025597,5.247,317.129,308.671,8.595,4.172,5.417,-27.176,281.495,-2325,-579.939,3,4.259,273.339
2026-09-27T20:08:46.000Z,1790539726.000,32.646256593,-117.194043273,4.979,318.329,311.235,8.045,9.855,5.416,-29.928,281.307,-2326,-582.312,3,3.975,274.771
2026-09-27T20:08:47.000Z,1790539727.000,32.64627613,-117.194060243,4.932,327.256,307.075,9.76,3.679,5.414,-26.047,281.027,-2327,-584.794,3,3.424,275.812
2026-09-27T20:08:48.000Z,1790539728.000,32.64629526,-117.194076332,5.434,325.963,309.318,9.941,0.434,5.413,-28.311,281.007,-2328,-587.08,3,3.855,277.344
2026-09-27T20:08:49.000Z,1790539729.000,32.646313545,-117.194093664,5.164,325.864,310.791,8.264,4.8,5.412,-29.789,281.002,-2329,-589.434,3,3.664,278.682
2026-09-27T20:08:50.000Z,1790539730.000,32.646332742,-117.194111632,5.386,322.368,311.004,9.83,2.456,5.411,-29.914,281.09,-2330,-591.909,3,4.041,279.992
2026-09-27T20:08:51.000Z,1790539731.000,32.646352335,-117.194129352,5.4,324.855,309.6,10.875,2.917,5.41,-28.669,280.931,-2331,-594.413,3,3.888,281.226
2026-09-27T20:08:52.000Z,1790539732.000,32.646372219,-117.194145388,5.231,321.762,314.208,11.804,2.67,5.409,-33.344,280.864,-2332,-596.674,3,3.951,283.015
2026-09-27T20:08:53.000Z,1790539733.000,32.646391374,-117.194161946,5.232,326.028,311.834,10.058,4.14,5.408,-31.03,280.804,-2333,-599.086,3,3.681,284.175
2026-09-27T20:08:54.000Z,1790539734.000,32.64641061,-117.194179039,5.364,322.473,309.787,10.2,2.642,5.407,-28.894,280.893,-2334,-601.532,3,3.999,285.346
2026-09-27T20:08:55.000Z,1790539735.000,32.646428912,-117.194197291,5.083,318.638,311.296,10.426,3.857,5.406,-30.231,281.065,-2335,-603.961,3,4.003,286.654
2026-09-27T20:08:56.000Z,1790539736.000,32.646447084,-117.194217598,5.027,309.759,306.522,8.967,5.153,5.404,-25.381,281.141,-2336,-606.658,3,4.387,287.383
2026-09-27T20:08:57.000Z,1790539737.000,32.646465879,-117.194236712,5.432,319.529,306.364,8.464,3.833,5.403,-25.222,281.142,-2337,-609.214,3,4.217,288.58
2026-09-27T20:08:58.000Z,1790539738.000,32.646485565,-117.19425318,5.335,326.77,308.52,7.685,3.985,5.402,-27.401,281.119,-2338,-611.563,3,3.679,290.148
2026-09-27T20:08:59.000Z,1790539739.000,32.646505376,-117.194268884,5.082,329.002,308.783,5.001,4.346,5.401,-27.712,281.071,-2339,-613.882,3,3.353,291.609
2026-09-27T20:09:00.000Z,1790539740.000,32.646525377,-117.194283395,5.098,324.146,315.956,8.735,2.826,5.4,-34.908,281.047,-2340,-615.967,3,3.669,293.662
2026-09-27T20:09:01.000Z,1790539741.000,32.646544532,-117.194300689,4.968,324.695,312.658,6.837,4.058,5.399,-31.67,280.988,-2341,-618.465,3,3.538,294.726
2026-09-27T20:09:02.000Z,1790539742.000,32.646563964,-117.194316337,5.429,326.416,318.129,14.095,4.408,5.398,-37.373,280.756,-2342,-620.627,3,3.743,296.541
2026-09-27T20:09:03.000Z,1790539743.000,32.646583599,-117.194333963,5.324,321.133,315.5,15.176,3.943,5.397,-35.069,280.431,-2343,-623.171,3,4.006,297.696
2026-09-27T20:09:04.000Z,1790539744.000,32.64660302,-117.194353931,5.6,321.287,308.655,9.896,4.989,5.396,-28.521,280.134,-2344,-625.966,3,4.2,298.412
2026-09-27T20:09:05.000Z,1790539745.000,32.646624024,-117.194370453,5.644,326.961,309.877,12.088,4.505,5.394,-29.995,279.881,-2345,-628.398,3,3.836,300.039
2026-09-27T20:09:06.000Z,1790539746.000,32.646644718,-117.19438855,5.368,322.281,308.696,8.951,3.834,5.393,-29.056,279.64,-2346,-630.985,3,3.952,301.388
2026-09-27T20:09:07.000Z,1790539747.000,32.646665618,-117.194406421,5.766,324.896,310.269,10.433,2.402,5.392,-30.633,279.637,-2347,-633.517,3,4.056,302.981
2026-09-27T20:09:08.000Z,1790539748.000,32.64668628,-117.194423798,5.594,324.865,311.953,9.829,5.882,5.391,-32.323,279.63,-2348,-635.99,3,3.93,304.576
2026-09-27T20:09:09.000Z,1790539749.000,32.646706648,-117.194441497,5.486,320.126,308.868,8.093,2.565,5.39,-29.277,279.591,-2349,-638.562,3,4.159,305.759
2026-09-27T20:09:10.000Z,1790539750.000,32.64672693,-117.19445814,5.424,330.761,310.893,10.755,4.355,5.389,-31.32,279.573,-2350,-640.953,3,3.381,307.37
2026-09-27T20:09:11.000Z,1790539751.000,32.64674668,-117.194473777,5.266,325.702,312.535,10.2,3.297,5.388,-32.8,279.735,-2351,-643.234,3,3.627,308.933
2026-09-27T20:09:12.000Z,1790539752.000,32.646765198,-117.194491767,5.497,320.481,314.153,9.727,5.571,5.387,-34.469,279.684,-2352,-645.644,3,4.128,310.279
2026-09-27T20:09:13.000Z,1790539753.000,32.64678421,-117.19451181,5.293,313.611,308.75,8.487,5.457,5.386,-29.191,279.559,-2353,-648.391,3,4.361,311.06
2026-09-27T20:09:14.000Z,1790539754.000,32.64680372,-117.19453076,5.4,317.4,312.1,15.92,3.32,5.384,-32.486,279.614,-2354,-650.908,3,4.231,312.608
2026-09-27T20:09:15.000Z,1790539755.000,32.646821977,-117.194551722,5.331,315.371,310.137,13.418,3.605,5.383,-30.554,279.583,-2355,-653.624,3,4.288,313.543
2026-09-27T20:09:16.000Z,1790539756.000,32.646840127,-117.194570825,5.235,320.808,308.735,11.267,5.259,5.382,-29.303,279.432,-2356,-656.167,3,3.892,314.578
2026-09-27T20:09:17.000Z,1790539757.000,32.646859795,-117.194588832,5.134,323.691,306.872,8.252,4.763,5.381,-27.626,279.246,-2357,-658.7,3,3.635,315.771
2026-09-27T20:09:18.000Z,1790539758.000,32.646880982,-117.194604265,5.436,331.197,308.517,8.353,3.436,5.38,-29.325,279.191,-2358,-661.047,3,3.307,317.491
2026-09-27T20:09:19.000Z,1790539759.000,32.646902224,-117.194619392,5.617,326.686,311.122,5.273,4.578,5.379,-32.088,279.034,-2359,-663.351,3,3.749,319.301
2026-09-27T20:09:20.000Z,1790539760.000,32.6469244,-117.194635967,5.467,327.567,310.667,7.833,3.6,5.378,-31.823,278.843,-2360,-665.877,3,3.579,320.915
2026-09-27T20:09:21.000Z,1790539761.000,32.646945986,-117.194653687,5.7,323.67,315.172,11.634,2.204,5.377,-36.601,278.572,-2361,-668.361,3,4.008,322.805
2026-09-27T20:09:22.000Z,1790539762.000,32.646965437,-117.194674502,5.7,317.311,312.028,10.207,4.407,5.376,-33.756,278.272,-2362,-671.16,3,4.427,323.78
2026-09-27T20:09:23.000Z,1790539763.000,32.64698532,-117.194694342,5.774,323.075,310.241,12.108,4.752,5.374,-32.019,278.222,-2363,-673.864,3,4.091,324.935
2026-09-27T20:09:24.000Z,1790539764.000,32.647004873,-117.194711791,5.504,322.553,311.396,13.543,2.813,5.373,-32.947,278.449,-2364,-676.296,3,3.929,326.374
2026-09-27T20:09:25.000Z,1790539765.000,32.647023226,-117.194729595,4.732,319.626,309.9,12.011,4.589,5.372,-31.026,278.875,-2365,-678.746,3,3.538,327.471
2026-09-27T20:09:26.000Z,1790539766.000,32.647041327,-117.194747094,5.199,319.538,309.532,10.069,6.531,5.371,-30.325,279.207,-2366,-681.136,3,3.888,328.641
2026-09-27T20:09:27.000Z,1790539767.000,32.64705957,-117.19476298,4.73,322.955,308.595,9.59,2.51,5.37,-29.376,279.219,-2367,-683.408,3,3.339,329.841
2026-09-27T20:09:28.000Z,1790539768.000,32.647078999,-117.194778255,5.39,327.624,315.573,12.154,4.569,5.369,-36.618,278.955,-2368,-685.534,3,3.473,331.793
2026-09-27T20:09:29.000Z,1790539769.000,32.647098172,-117.194796842,5.278,316.979,311.291,11.07,4.187,5.368,-32.837,278.455,-2369,-688.158,3,4.084,332.735
2026-09-27T20:09:30.000Z,1790539770.000,32.647117394,-117.194818131,6.002,315.118,310.661,14.847,3.547,5.367,-32.596,278.065,-2370,-690.926,3,4.76,333.859
2026-09-27T20:09:31.000Z,1790539771.000,32.64713551,-117.194841902,5.768,311.026,303.836,15.298,4.894,5.366,-26.115,277.721,-2371,-693.924,3,4.81,334.289
2026-09-27T20:09:32.000Z,1790539772.000,32.647152464,-117.194866278,5.72,305.555,300.159,12.493,3.256,5.364,-22.667,277.492,-2372,-696.842,3,5.046,334.821
2026-09-27T20:09:33.000Z,1790539773.000,32.647169269,-117.194887973,4.8,314.095,298.334,9.843,6.365,5.363,-21.12,277.215,-2373,-699.512,3,3.849,335.584
2026-09-27T20:09:34.000Z,1790539774.000,32.647187471,-117.194906434,4.931,320.248,297.137,4.746,4.498,5.362,-20.24,276.897,-2374,-701.981,3,3.611,336.661
2026-09-27T20:09:35.000Z,1790539775.000,32.647206394,-117.194921788,5.269,331.725,303.563,6.665,0.835,5.361,-26.767,276.796,-2375,-704.204,3,3.059,338.54
2026-09-27T20:09:36.000Z,1790539776.000,32.647224152,-117.194939052,5.331,320.06,307.477,6.2,4.173,5.36,-30.697,276.781,-2376,-706.506,3,3.902,340.023
2026-09-27T20:09:37.000Z,1790539777.000,32.6472417,-117.19495674,5.235,326.681,308.578,9.573,5.2,5.359,-31.64,276.938,-2377,-708.861,3,3.389,341.245
2026-09-27T20:09:38.000Z,1790539778.000,32.647260163,-117.194975005,5.218,315.236,311.321,16.115,4.399,5.358,-34.463,276.858,-2378,-711.28,3,4.095,342.665
2026-09-27T20:09:39.000Z,1790539779.000,32.647276933,-117.19499679,5.262,312.12,304.573,12.405,2.414,5.357,-27.654,276.919,-2379,-714.048,3,4.298,343.039
2026-09-27T20:09:40.000Z,1790539780.000,32.647293639,-117.19501574,5.133,316.824,308.898,15.567,2.43,5.356,-31.977,276.922,-2380,-716.425,3,3.93,344.383
2026-09-27T20:09:41.000Z,1790539781.000,32.647309679,-117.195034439,4.645,316.7,306.805,10.155,6.865,5.354,-29.857,276.947,-2381,-718.833,3,3.559,345.163
2026-09-27T20:09:42.000Z,1790539782.000,32.647327205,-117.195052131,5.163,318.782,309.512,14.338,3.311,5.353,-32.436,277.076,-2382,-721.162,3,3.827,346.508
2026-09-27T20:09:43.000Z,1790539783.000,32.647343876,-117.195072835,5.3,313.184,305.749,8.91,7.19,5.352,-28.579,277.171,-2383,-723.793,3,4.254,347.146
2026-09-27T20:09:44.000Z,1790539784.000,32.647361012,-117.19509308,4.865,314.504,305.078,12.036,7.609,5.351,-28.099,276.978,-2384,-726.36,3,3.832,348.091
2026-09-27T20:09:45.000Z,1790539785.000,32.647378569,-117.195113657,5.272,310.493,300.815,11.118,2.316,5.35,-24.218,276.597,-2385,-729.005,3,4.366,348.779
2026-09-27T20:09:46.000Z,1790539786.000,32.647395927,-117.195133299,5.2,320.83,301.736,7.155,4.801,5.349,-25.391,276.346,-2386,-731.524,3,3.709,349.896
2026-09-27T20:09:47.000Z,1790539787.000,32.647415366,-117.195150866,5.111,320.478,305.344,10.404,3.019,5.348,-28.976,276.368,-2387,-733.951,3,3.661,351.517
2026-09-27T20:09:48.000Z,1790539788.000,32.647433633,-117.195170689,5.478,316.561,306.413,7.083,4.883,5.347,-29.81,276.603,-2388,-736.524,3,4.17,352.731
2026-09-27T20:09:49.000Z,1790539789.000,32.647452792,-117.19518986,5.333,318.051,306.5,11.367,4.206,5.346,-29.45,277.05,-2389,-739.1,3,3.962,353.983
2026-09-27T20:09:50.000Z,1790539790.000,32.647472074,-117.195208476,5.232,322.282,306.866,16.128,3.06,5.344,-29.173,277.693,-2390,-741.633,3,3.612,355.29
2026-09-27T20:09:51.000Z,1790539791.000,32.647489236,-117.195227388,4.819,314.161,305.797,12.955,4.7,5.343,-27.617,278.179,-2391,-744.098,3,3.782,356.256
2026-09-27T20:09:52.000Z,1790539792.000,32.647505214,-117.195245236,4.683,317.692,303.505,12.105,3.661,5.342,-24.932,278.573,-2392,-746.425,3,3.486,357.042
2026-09-27T20:09:53.000Z,1790539793.000,32.647522345,-117.195261952,4.838,316.223,307.783,14.676,2.962,5.341,-28.914,278.869,-2393,-748.645,3,3.677,358.51
2026-09-27T20:09:54.000Z,1790539794.000,32.647538067,-117.195281567,4.967,307.733,309.033,11.533,6,5.34,-30.143,278.89,-2394,-751.063,3,4.207,359.485
2026-09-27T20:09:55.000Z,1790539795.000,32.647553532,-117.195303723,5.334,311.075,306.131,12.525,5.169,5.339,-27.372,278.759,-2395,-753.739,3,4.342,360.014
2026-09-27T20:09:56.000Z,1790539796.000,32.647570994,-117.195326346,5.563,312.097,303.284,14.885,3.125,5.338,-24.585,278.698,-2396,-756.543,3,4.465,360.731
2026-09-27T20:09:57.000Z,1790539797.000,32.647589619,-117.195347385,5.722,319.604,302.583,14.088,5.134,5.337,-23.911,278.672,-2397,-759.253,3,4.101,361.796
2026-09-27T20:09:58.000Z,1790539798.000,32.647608695,-117.195368342,5.274,311.905,297.279,9.368,2.868,5.336,-18.561,278.718,-2398,-761.992,3,4.234,362.538
2026-09-27T20:09:59.000Z,1790539799.000,32.6476278,-117.195386067,5.5,323.267,299.5,6.1,2.267,5.334,-20.668,278.832,-2399,-764.443,3,3.676,364.011
2026-09-27T20:10:00.000Z,1790539800.000,32.647647851,-117.195401,4.735,325.939,306.009,5.261,5.506,5.333,-27.122,278.887,-2400,-766.666,3,2.989,366.025
2026-09-27T20:10:01.000Z,1790539801.000,32.647667115,-117.195417078,4.937,322.166,307.969,6.253,3.076,5.332,-29.009,278.961,-2401,-768.966,3,3.355,367.549
2026-09-27T20:10:02.000Z,1790539802.000,32.647686707,-117.195435098,5.469,321.214,312.755,9.772,4.567,5.331,-33.606,279.149,-2402,-771.384,3,3.775,369.252
2026-09-27T20:10:03.000Z,1790539803.000,32.647705331,-117.195453999,5.4,318.708,314.381,13.778,5.887,5.33,-34.973,279.408,-2403,-773.874,3,3.888,370.576
2026-09-27T20:10:04.000Z,1790539804.000,32.647722549,-117.195474046,5.4,314.137,312.005,13.835,4.238,5.329,-32.03,279.974,-2404,-776.476,3,4.17,371.409
2026-09-27T20:10:05.000Z,1790539805.000,32.64773914,-117.195493365,5.335,315.975,312.065,14.53,2.66,5.328,-31.394,280.671,-2405,-778.931,3,4.004,372.39
2026-09-27T20:10:06.000Z,1790539806.000,32.647755992,-117.195512466,5.178,320.377,307.952,8.178,6.148,5.327,-26.818,281.134,-2406,-781.456,3,3.607,373.083
2026-09-27T20:10:07.000Z,1790539807.000,32.647775918,-117.19552816,5.048,325.585,310.521,10.403,3.128,5.326,-29.129,281.393,-2407,-783.742,3,3.166,374.735
2026-09-27T20:10:08.000Z,1790539808.000,32.64779418,-117.195543679,4.935,325.103,313.677,8.84,7.063,5.324,-32.213,281.464,-2408,-785.904,3,3.12,376.266
2026-09-27T20:10:09.000Z,1790539809.000,32.647812214,-117.195560383,5.065,323.92,310.516,8.588,5.989,5.323,-29.179,281.337,-2409,-788.282,3,3.276,377.244
2026-09-27T20:10:10.000Z,1790539810.000,32.647831829,-117.195579103,5.69,320.454,311.8,12.29,3.437,5.322,-30.944,280.856,-2410,-790.822,3,3.929,378.652
2026-09-27T20:10:11.000Z,1790539811.000,32.647850979,-117.195599198,5.46,319.065,309.726,10.912,6.156,5.321,-29.247,280.479,-2411,-793.514,3,3.859,379.701
2026-09-27T20:10:12.000Z,1790539812.000,32.647872166,-117.195619166,5.5,319.222,308.269,12.07,4.183,5.32,-27.865,280.404,-2412,-796.285,3,3.869,381.009
2026-09-27T20:10:13.000Z,1790539813.000,32.647893107,-117.195637273,5.599,326.964,306.298,9.367,2.997,5.319,-25.752,280.547,-2413,-798.892,3,3.359,382.32
2026-09-27T20:10:14.000Z,1790539814.000,32.647915059,-117.195650359,5.3,334.13,311.719,11.56,6.44,5.318,-31.129,280.591,-2414,-801.019,3,2.614,384.499
2026-09-27T20:10:15.000Z,1790539815.000,32.647935439,-117.195662912,4.664,332.566,310.793,8.715,2.891,5.317,-29.773,281.019,-2415,-803.129,3,2.403,386.042
2026-09-27T20:10:16.000Z,1790539816.000,32.647955557,-117.19567443,5.123,334.992,318.275,10.643,1.8,5.316,-36.831,281.444,-2416,-804.942,3,2.441,388.235
2026-09-27T20:10:17.000Z,1790539817.000,32.647974868,-117.195688995,5.047,322.368,319.642,10.474,7.163,5.314,-38.023,281.619,-2417,-807.104,3,3.309,389.766
2026-09-27T20:10:18.000Z,1790539818.000,32.647993767,-117.1957077,5.367,315.667,313.867,11.833,3.867,5.313,-32.172,281.695,-2418,-809.783,3,3.962,390.571
2026-09-27T20:10:19.000Z,1790539819.000,32.648012148,-117.195728013,5.665,319.584,311.497,14.7,1.355,5.312,-29.696,281.801,-2419,-812.464,3,3.906,391.513
2026-09-27T20:10:20.000Z,1790539820.000,32.648030626,-117.195746603,5.333,319.167,315.204,14.009,6.498,5.311,-33.267,281.937,-2420,-814.877,3,3.697,392.992
2026-09-27T20:10:21.000Z,1790539821.000,32.648048946,-117.195765684,5.344,318.404,311.1,10.092,6.426,5.31,-28.989,282.111,-2421,-817.493,3,3.75,393.842
2026-09-27T20:10:22.000Z,1790539822.000,32.648068644,-117.195782567,5.439,328.832,307.971,10.113,3.442,5.309,-25.786,282.185,-2422,-819.96,3,3.044,394.982
2026-09-27T20:10:23.000Z,1790539823.000,32.648088754,-117.195798823,5.265,320.829,312.287,10.887,2.545,5.308,-30.042,282.245,-2423,-822.267,3,3.518,396.767
2026-09-27T20:10:24.000Z,1790539824.000,32.648107337,-117.195817573,5.617,318.478,310.022,5.766,4.171,5.307,-27.821,282.201,-2424,-824.823,3,3.914,397.794
2026-09-27T20:10:25.000Z,1790539825.000,32.648127851,-117.195833728,5.145,333.518,311.334,7.851,6.166,5.306,-29.36,281.974,-2425,-827.194,3,2.496,399.39
2026-09-27T20:10:26.000Z,1790539826.000,32.648150591,-117.195848517,5.191,330.735,313.448,8.161,6.026,5.304,-31.897,281.551,-2426,-829.549,3,2.726,401.326
2026-09-27T20:10:27.000Z,1790539827.000,32.648172781,-117.195864545,5.7,326.36,312.528,9.731,0.936,5.303,-30.834,281.694,-2427,-832.04,3,3.344,402.926
2026-09-27T20:10:28.000Z,1790539828.000,32.648193585,-117.19587989,5.434,330.25,316.592,9.923,6.342,5.302,-34.735,281.857,-2428,-834.287,3,2.872,404.788
2026-09-27T20:10:29.000Z,1790539829.000,32.648213387,-117.195895564,4.9,320.819,313.923,9.068,7.738,5.301,-32.037,281.885,-2429,-836.674,3,3.23,406.027
2026-09-27T20:10:30.000Z,1790539830.000,32.648233541,-117.195910414,5.439,325.626,316.496,15.356,0.027,5.3,-34.525,281.971,-2430,-838.879,3,3.221,407.727
2026-09-27T20:10:31.000Z,1790539831.000,32.648252797,-117.195926589,5.2,323.648,316.98,13.67,3.186,5.299,-34.752,282.228,-2431,-841.199,3,3.214,409.129
2026-09-27T20:10:32.000Z,1790539832.000,32.648271586,-117.195943417,4.967,322.812,313.366,11.066,5.897,5.298,-30.835,282.531,-2432,-843.652,3,3.121,410.151
2026-09-27T20:10:33.000Z,1790539833.000,32.648290164,-117.195959332,5.134,322.578,312.646,12.552,2.366,5.297,-29.919,282.727,-2433,-845.944,3,3.235,411.402
2026-09-27T20:10:34.000Z,1790539834.000,32.648308345,-117.195975801,5.128,323.249,314.694,10.7,3.921,5.296,-31.892,282.803,-2434,-848.201,3,3.176,412.804
2026-09-27T20:10:35.000Z,1790539835.000,32.648327737,-117.19599324,5.419,323.424,315.186,11.713,6.546,5.294,-32.637,282.549,-2435,-850.633,3,3.335,414.173
2026-09-27T20:10:36.000Z,1790539836.000,32.64834747,-117.196012999,5.908,322.048,307.765,9.265,3.746,5.293,-25.747,282.018,-2436,-853.434,3,3.74,414.883
2026-09-27T20:10:37.000Z,1790539837.000,32.6483689,-117.1960306,5.933,327.4,309,10.333,2.933,5.292,-27.179,281.821,-2437,-855.978,3,3.301,416.515
2026-09-27T20:10:38.000Z,1790539838.000,32.648391438,-117.196046404,5.859,330.268,313.293,12.922,5.672,5.291,-31.434,281.859,-2438,-858.367,3,2.999,418.561
2026-09-27T20:10:39.000Z,1790539839.000,32.648412337,-117.196064847,5.437,320.187,308.081,10.256,4.888,5.29,-26.158,281.923,-2439,-861.07,3,3.55,419.607
2026-09-27T20:10:40.000Z,1790539840.000,32.648432092,-117.196083108,5.5,320.768,308.564,11.671,3.016,5.289,-26.829,281.735,-2440,-863.594,3,3.541,420.984
2026-09-27T20:10:41.000Z,1790539841.000,32.648451876,-117.196100631,5.4,327.722,306.503,9.739,4.148,5.288,-24.921,281.582,-2441,-866.096,3,2.942,422.192
2026-09-27T20:10:42.000Z,1790539842.000,32.648471885,-117.196115761,5.365,327.494,312.276,14.269,2.069,5.287,-30.743,281.533,-2442,-868.285,3,2.931,424.123
2026-09-27T20:10:43.000Z,1790539843.000,32.648489564,-117.196132628,4.941,318.024,314.941,12.7,5.159,5.286,-33.627,281.315,-2443,-870.535,3,3.336,425.505
2026-09-27T20:10:44.000Z,1790539844.000,32.648506675,-117.196152397,4.878,315.097,310.678,13.1,4.41,5.284,-29.689,280.989,-2444,-873.147,3,3.468,426.192
2026-09-27T20:10:45.000Z,1790539845.000,32.648525442,-117.196172511,5.63,317.951,309.652,15.748,3.156,5.283,-28.949,280.703,-2445,-875.8,3,3.793,427.282
2026-09-27T20:10:46.000Z,1790539846.000,32.648542902,-117.196192776,5.468,314.923,308.917,12.758,3.861,5.282,-28.363,280.554,-2446,-878.392,3,3.885,428.256
2026-09-27T20:10:47.000Z,1790539847.000,32.648560916,-117.196212478,5.296,319.049,307.635,11.865,4.247,5.281,-27.231,280.404,-2447,-880.974,3,3.478,429.263
2026-09-27T20:10:48.000Z,1790539848.000,32.648579287,-117.196231899,5.3,320.087,304.753,8.659,4.947,5.28,-24.559,280.194,-2448,-883.566,3,3.401,430.19
2026-09-27T20:10:49.000Z,1790539849.000,32.648599319,-117.19624968,5.5,318.846,308.434,11.395,2.273,5.279,-28.327,280.107,-2449,-886.026,3,3.61,431.867
2026-09-27T20:10:50.000Z,1790539850.000,32.648618014,-117.196269551,5.4,319.613,307.919,9.769,4.156,5.278,-27.906,280.013,-2450,-888.645,3,3.482,432.997
2026-09-27T20:10:51.000Z,1790539851.000,32.64863702,-117.19628942,5.536,321.866,305.036,10.267,3.898,5.277,-25.28,279.756,-2451,-891.308,3,3.392,433.973
2026-09-27T20:10:52.000Z,1790539852.000,32.648656392,-117.196307829,5.403,322.482,304.063,9.363,5.2,5.276,-24.641,279.421,-2452,-893.842,3,3.257,435.19
2026-09-27T20:10:53.000Z,1790539853.000,32.648676205,-117.196326162,5.4,314.798,305.092,10.024,3.133,5.274,-25.975,279.117,-2453,-896.373,3,3.794,436.615
2026-09-27T20:10:54.000Z,1790539854.000,32.648694053,-117.196345636,5.379,314.937,305.992,8.1,2.136,5.273,-27.049,278.944,-2454,-898.897,3,3.762,437.786
2026-09-27T20:10:55.000Z,1790539855.000,32.648711201,-117.196365606,5.026,312.826,308.283,8.206,4.179,5.272,-29.292,278.991,-2455,-901.406,3,3.638,438.976
2026-09-27T20:10:56.000Z,1790539856.000,32.64872936,-117.196382927,5.234,322.113,309.601,11.901,4.501,5.271,-30.478,279.123,-2456,-903.757,3,3.148,440.29
2026-09-27T20:10:57.000Z,1790539857.000,32.648747063,-117.19640021,5.076,322.945,307.911,11.33,3.006,5.27,-28.64,279.271,-2457,-906.129,3,2.987,441.324
2026-09-27T20:10:58.000Z,1790539858.000,32.648764356,-117.196417556,5.1,317.335,309.163,9.137,4.735,5.269,-29.958,279.204,-2458,-908.439,3,3.383,442.544
2026-09-27T20:10:59.000Z,1790539859.000,32.648782207,-117.196436545,4.938,316.049,306.162,4.981,4.419,5.268,-27.018,279.144,-2459,-910.976,3,3.351,443.427
2026-09-27T20:11:00.000Z,1790539860.000,32.648799553,-117.196454386,5.102,319.029,309.403,9.338,3.5,5.267,-30.105,279.298,-2460,-913.302,3,3.255,444.79
2026-09-27T20:11:01.000Z,1790539861.000,32.648816417,-117.196473214,4.769,314.684,308.166,6.166,4.931,5.266,-28.902,279.264,-2461,-915.752,3,3.306,445.717
2026-09-27T20:11:02.000Z,1790539862.000,32.648833922,-117.196491086,5.087,321.726,308.671,8.784,3.768,5.264,-29.503,279.168,-2462,-918.129,3,3.043,446.88
2026-09-27T20:11:03.000Z,1790539863.000,32.648851984,-117.196509003,5.38,320.553,310.359,10.16,2.7,5.263,-31.321,279.039,-2463,-920.517,3,3.297,448.191
2026-09-27T20:11:04.000Z,1790539864.000,32.648871642,-117.196527703,5.448,320.325,309.539,9.787,4.991,5.262,-30.551,278.988,-2464,-923.094,3,3.346,449.44
2026-09-27T20:11:05.000Z,1790539865.000,32.648891158,-117.19654686,5.128,320.92,307.128,9.294,4.41,5.261,-28.143,278.985,-2465,-925.725,3,3.1,450.533
2026-09-27T20:11:06.000Z,1790539866.000,32.64891054,-117.19656501,5.3,321.28,307.364,10.026,4.002,5.26,-28.432,278.932,-2466,-928.225,3,3.168,451.857
2026-09-27T20:11:07.000Z,1790539867.000,32.648928899,-117.196583618,5.428,316.67,307.325,10.34,3.813,5.259,-28.553,278.773,-2467,-930.715,3,3.576,453.038
2026-09-27T20:11:08.000Z,1790539868.000,32.64894658,-117.196602836,5.561,321.2,306.039,9.356,3.656,5.258,-27.423,278.616,-2468,-933.236,3,3.313,454.029
2026-09-27T20:11:09.000Z,1790539869.000,32.648965466,-117.196619782,5.307,324.682,307.878,9.638,2.932,5.257,-29.344,278.534,-2469,-935.59,3,2.888,455.473
2026-09-27T20:11:10.000Z,1790539870.000,32.648983413,-117.196636378,5.168,323.891,311.133,12.102,3.854,5.256,-32.693,278.44,-2470,-937.836,3,2.862,456.943
2026-09-27T20:11:11.000Z,1790539871.000,32.64900062,-117.196655448,5.522,320.482,306.22,6.362,6.078,5.254,-27.924,278.296,-2471,-940.381,3,3.319,457.608
2026-09-27T20:11:12.000Z,1790539872.000,32.649018914,-117.196674619,5.134,319.788,304.461,8.922,3.249,5.253,-26.212,278.249,-2472,-942.933,3,3.128,458.625
2026-09-27T20:11:13.000Z,1790539873.000,32.649036848,-117.196694069,5.379,317.338,305.614,9.879,3.575,5.252,-27.211,278.403,-2473,-945.458,3,3.448,459.826
2026-09-27T20:11:14.000Z,1790539874.000,32.649054429,-117.196713635,4.827,313.216,306.797,9.73,3.962,5.251,-28.12,278.677,-2474,-947.972,3,3.345,460.989
2026-09-27T20:11:15.000Z,1790539875.000,32.649071133,-117.196733967,5.3,311.2,305.7,9.1,4.233,5.25,-26.694,279.006,-2475,,3,3.799,461.853
2026-09-27T20:11:16.000Z,1790539876.000,32.649087856,-117.196751986,4.8,317.691,306.053,10.092,5.331,5.249,-26.772,279.282,-2476,,3,3.033,462.92
2026-09-27T20:11:17.000Z,1790539877.000,32.649105451,-117.196769204,4.973,318.361,308.077,12.367,2.247,5.248,-28.662,279.416,-2477,,3,3.089,464.237
2026-09-27T20:11:18.000Z,1790539878.000,32.649122233,-117.196788111,4.97,316.358,306.509,7.378,5.927,5.247,-27.07,279.438,-2478,,3,3.214,465.125
2026-09-27T20:11:19.000Z,1790539879.000,32.649139976,-117.19680574,4.864,321.992,304.854,8.279,5.154,5.246,-25.524,279.33,-2479,,3,2.759,466.151
2026-09-27T20:11:20.000Z,1790539880.000,32.649157712,-117.196824906,5.166,312.418,307.81,8.942,1.8,5.244,-28.754,279.056,-2480,,3,3.589,467.485
2026-09-27T20:11:21.000Z,1790539881.000,32.649172748,-117.196846352,5.028,309.788,304.936,4.732,5.58,5.243,-26.122,278.814,-2481,,3,3.65,467.997
2026-09-27T20:11:22.000Z,1790539882.000,32.649189859,-117.196866401,5.061,314.807,304.969,7.4,5.908,5.242,-26.28,278.689,-2482,,3,3.347,469.003
2026-09-27T20:11:23.000Z,1790539883.000,32.649208533,-117.196886433,5.226,318.916,304.6,7.489,2.964,5.241,-25.957,278.643,-2483,,3,3.158,470.137
2026-09-27T20:11:24.000Z,1790539884.000,32.649227647,-117.196904112,5.367,323.144,309.564,6.663,3.76,5.24,-30.676,278.888,-2484,,3,2.908,471.823
2026-09-27T20:11:25.000Z,1790539885.000,32.64924813,-117.19691908,5.337,331.84,312.211,7.992,6.034,5.239,-33.016,279.196,-2485,,3,2.168,473.564
2026-09-27T20:11:26.000Z,1790539886.000,32.649269504,-117.196933732,5.064,329.176,313.489,9.392,4.67,5.238,-34.042,279.447,-2486,,3,2.259,475.3
2026-09-27T20:11:27.000Z,1790539887.000,32.649289587,-117.196949581,5.039,326.237,312.133,7.655,3.978,5.237,-32.471,279.662,-2487,,3,2.466,476.659
2026-09-27T20:11:28.000Z,1790539888.000,32.649309797,-117.196964474,4.731,326.602,313.346,10.299,3.809,5.236,-33.47,279.876,-2488,,3,2.279,478.262
2026-09-27T20:11:29.000Z,1790539889.000,32.649328606,-117.196980506,4.9,321.222,314.535,9.799,5.935,5.234,-34.497,280.039,-2489,,3,2.744,479.678
2026-09-27T20:11:30.000Z,1790539890.000,32.649347329,-117.196997995,5.263,319.391,314.443,12.472,2.86,5.233,-34.255,280.188,-2490,,3,3.076,480.934
2026-09-27T20:11:31.000Z,1790539891.000,32.649366131,-117.197015941,5.49,321.431,313.588,14.163,2.234,5.232,-33.182,280.406,-2491,,3,3.038,482.123
2026-09-27T20:11:32.000Z,1790539892.000,32.649384784,-117.197034744,5.5,319.28,313.46,13.7,5.798,5.231,-32.9,280.56,-2492,,3,3.204,483.32
2026-09-27T20:11:33.000Z,1790539893.000,32.649403215,-117.197054383,5.036,318.437,309.236,9.687,5.281,5.23,-28.639,280.597,-2493,,3,2.986,484.147
2026-09-27T20:11:34.000Z,1790539894.000,32.649421654,-117.197071922,4.9,321.931,309.135,9.7,2.399,5.229,-28.567,280.568,-2494,,3,2.65,485.371
2026-09-27T20:11:35.000Z,1790539895.000,32.649440886,-117.197088427,5.4,323.856,311.418,9.183,4.406,5.228,-30.922,280.496,-2495,,3,2.755,486.899
2026-09-27T20:11:36.000Z,1790539896.000,32.649460935,-117.197106586,5.338,323.361,307.85,7.162,4.324,5.227,-27.463,280.387,-2496,,3,2.753,487.995
2026-09-27T20:11:37.000Z,1790539897.000,32.649482245,-117.197124776,5.47,324.445,307.81,6.949,3.9,5.226,-27.55,280.259,-2497,,3,2.72,489.492
2026-09-27T20:11:38.000Z,1790539898.000,32.649502769,-117.197142864,5.532,324.321,309.543,9.005,4.37,5.224,-29.596,279.947,-2498,,3,2.75,491.052
2026-09-27T20:11:39.000Z,1790539899.000,32.649523872,-117.197161708,5.7,321.404,312.736,9.704,3.832,5.223,-32.731,280.005,-2499,,3,3.068,492.754
2026-09-27T20:11:40.000Z,1790539900.000,32.649545246,-117.197179534,5.571,327.771,310.982,8.653,4.941,5.222,-30.745,280.237,-2500,,3,2.447,494.14
2026-09-27T20:11:41.000Z,1790539901.000,32.649567241,-117.197194748,5.051,330.788,315.049,11.712,4.871,5.221,-34.584,280.466,-2501,,3,1.964,496.132
2026-09-27T20:11:42.000Z,1790539902.000,32.649587821,-117.19721087,5.131,326.625,315.176,10.138,3.838,5.22,-34.594,280.582,-2502,,3,2.322,497.644
2026-09-27T20:11:43.000Z,1790539903.000,32.649606727,-117.197227161,5.033,325.832,315.565,10.198,4.801,5.219,-34.812,280.753,-2503,,3,2.329,498.999
2026-09-27T20:11:44.000Z,1790539904.000,32.649624026,-117.197243526,4.817,320.969,313.658,8.458,4.923,5.218,-32.593,281.065,-2504,,3,2.575,500.014
2026-09-27T20:11:45.000Z,1790539905.000,32.649642533,-117.197257884,4.675,330.509,315.871,10.524,6.748,5.217,-34.589,281.283,-2505,,3,1.8,501.537
2026-09-27T20:11:46.000Z,1790539906.000,32.64966168,-117.197272,5.12,325.62,317.72,11.24,5.16,5.216,-36.4,281.32,-2506,,3,2.356,503.107
2026-09-27T20:11:47.000Z,1790539907.000,32.649681139,-117.19728961,5.2,320.66,315.587,10.761,3.135,5.214,-34.35,281.237,-2507,,3,2.773,504.281
2026-09-27T20:11:48.000Z,1790539908.000,32.649700708,-117.197308585,5.829,323.118,314.397,12.387,2.582,5.213,-33.352,281.046,-2508,,3,2.882,505.485
2026-09-27T20:11:49.000Z,1790539909.000,32.649721222,-117.197327973,5.613,323.047,312.708,12.341,5.555,5.212,-31.826,280.882,-2509,,3,2.77,506.732
2026-09-27T20:11:50.000Z,1790539910.000,32.649742391,-117.197344315,5.159,332.151,310.251,10.776,7.796,5.211,-29.498,280.753,-2510,,3,1.792,508.096
2026-09-27T20:11:51.000Z,1790539911.000,32.649763807,-117.197361011,5.3,323.055,309.708,9.035,2.124,5.21,-29.121,280.588,-2511,,3,2.592,509.622
2026-09-27T20:11:52.000Z,1790539912.000,32.649784244,-117.197379438,5.768,322.094,309.72,6.229,2.961,5.209,-29.256,280.464,-2512,,3,2.892,511.026
2026-09-27T20:11:53.000Z,1790539913.000,32.64980435,-117.197396395,5.3,326.044,312.758,10.441,3.797,5.208,-32.411,280.347,-2513,,3,2.323,512.684
2026-09-27T20:11:54.000Z,1790539914.000,32.649824802,-117.19741153,5.229,327.331,313.901,11.351,7.129,5.207,-33.742,280.159,-2514,,3,2.173,514.297
2026-09-27T20:11:55.000Z,1790539915.000,32.649844303,-117.197426748,4.946,325.644,314.686,12.816,4.909,5.206,-34.693,279.992,-2515,,3,2.177,515.783
2026-09-27T20:11:56.000Z,1790539916.000,32.649863027,-117.197443658,4.684,320.606,314.085,13.485,5,5.204,-34.17,279.915,-2516,,3,2.413,517.022
2026-09-27T20:11:57.000Z,1790539917.000,32.649880579,-117.197462213,5.166,317.436,308.293,8.828,3.268,5.203,-28.098,280.194,-2517,,3,2.894,517.678
2026-09-27T20:11:58.000Z,1790539918.000,32.649899719,-117.197479792,5.362,325.137,311.249,11.542,1.483,5.202,-30.619,280.629,-2518,,3,2.369,519.211
2026-09-27T20:11:59.000Z,1790539919.000,32.649918052,-117.197496736,4.765,325.745,311.255,6.581,8.935,5.201,-30.476,280.779,-2519,,3,2.05,520.454
2026-09-27T20:12:00.000Z,1790539920.000,32.649937697,-117.197513192,4.834,325.17,310.749,10.351,3.58,5.2,-29.935,280.814,-2520,,3,2.113,521.81
2026-09-27T20:12:01.000Z,1790539921.000,32.649957828,-117.197530114,5.493,323.112,313.141,11.81,2.928,5.199,-32.216,280.926,-2521,,3,2.564,523.422
2026-09-27T20:12:02.000Z,1790539922.000,32.6499782,-117.197547933,5.667,322.9,313.067,13.067,2.467,5.198,-31.876,281.19,-2522,,3,2.651,524.835
2026-09-27T20:12:03.000Z,1790539923.000,32.649998416,-117.197566188,5.631,321.48,312.887,13.427,2.104,5.197,-31.518,281.369,-2523,,3,2.744,526.207
2026-09-27T20:12:04.000Z,1790539924.000,32.650018267,-117.197584217,5.693,323.28,312.465,11.694,7.175,5.196,-31.195,281.27,-2524,,3,2.604,527.533
2026-09-27T20:12:05.000Z,1790539925.000,32.65003768,-117.197600853,4.883,328.077,312.074,7.612,9.509,5.194,-31.024,281.05,-2525,,3,1.852,528.866
2026-09-27T20:12:06.000Z,1790539926.000,32.650057697,-117.19761539,4.762,329.976,311.044,5.815,5.759,5.193,-30.069,280.974,-2526,,3,1.648,530.292
2026-09-27T20:12:07.000Z,1790539927.000,32.65007812,-117.197628847,5.03,330.142,313.73,8.598,2.075,5.192,-32.659,281.071,-2527,,3,1.714,532.085
2026-09-27T20:12:08.000Z,1790539928.000,32.650098744,-117.19764196,5.465,332.177,319.412,13.445,1.889,5.191,-38.104,281.308,-2528,,3,1.665,534.127
2026-09-27T20:12:09.000Z,1790539929.000,32.650118844,-117.197658962,5.845,320.825,318.879,13.93,4.889,5.19,-37.31,281.568,-2529,,3,2.828,535.509
2026-09-27T20:12:10.000Z,1790539930.000,32.650138695,-117.197677991,5.317,323.656,312.578,11.331,6.308,5.189,-30.802,281.776,-2530,,3,2.329,536.358
2026-09-27T20:12:11.000Z,1790539931.000,32.65016002,-117.197695563,5.294,326.844,310.368,13.243,1.325,5.188,-28.39,281.978,-2531,,3,2.038,537.713
2026-09-27T20:12:12.000Z,1790539932.000,32.650181159,-117.197710695,5.434,329.159,314.502,12.101,3.705,5.187,-32.185,282.317,-2532,,3,1.873,539.626
2026-09-27T20:12:13.000Z,1790539933.000,32.65020106,-117.197724328,5.192,329.268,317.956,10.732,6.268,5.186,-35.251,282.705,-2533,,3,1.767,541.41
2026-09-27T20:12:14.000Z,1790539934.000,32.650220223,-117.197739321,4.374,326.53,317.018,9.902,5.239,5.184,-33.751,283.267,-2534,,3,1.674,542.741
2026-09-27T20:12:15.000Z,1790539935.000,32.650239805,-117.197754534,4.9,328.768,314.916,9.461,5.485,5.183,-31.356,283.56,-2535,,3,1.686,544.019
2026-09-27T20:12:16.000Z,1790539936.000,32.650260027,-117.197769319,4.965,328.2,317.876,12.737,4.002,5.182,-34.332,283.543,-2536,,3,1.742,545.755
2026-09-27T20:12:17.000Z,1790539937.000,32.650279439,-117.197785779,5.466,326.826,315.996,8.164,5.8,5.181,-32.764,283.232,-2537,,3,2.027,546.987
2026-09-27T20:12:18.000Z,1790539938.000,32.65030031,-117.197801634,5.553,327.1,319.083,12.271,2.506,5.18,-36.204,282.878,-2538,,3,2.02,548.758
2026-09-27T20:12:19.000Z,1790539939.000,32.650321124,-117.19781998,5.583,323.495,317.484,11.905,4.179,5.179,-34.854,282.63,-2539,,3,2.341,550.085
2026-09-27T20:12:20.000Z,1790539940.000,32.650343411,-117.19783859,5.969,324.313,315.79,15.473,4.896,5.178,-33.394,282.395,-2540,,3,2.41,551.543
2026-09-27T20:12:21.000Z,1790539941.000,32.650365633,-117.197856867,5.233,326.233,310.333,11.233,5.533,5.177,-28.122,282.211,-2541,,3,1.938,552.718
2026-09-27T20:12:22.000Z,1790539942.000,32.65038844,-117.197872799,5.7,332.609,309.912,7.747,3.212,5.176,-27.807,282.105,-2542,,3,1.494,554.422
2026-09-27T20:12:23.000Z,1790539943.000,32.650412133,-117.197883692,5.764,341.535,314.067,9.049,4.505,5.174,-32.06,282.007,-2543,,3,0.612,556.756
2026-09-27T20:12:24.000Z,1790539944.000,32.650435599,-117.197894782,5.683,335.313,321.252,10.878,4.8,5.173,-39.199,282.052,-2544,,3,1.194,559.271
2026-09-27T20:12:25.000Z,1790539945.000,32.650457549,-117.197911047,5.57,328.07,318.279,8.66,3.962,5.172,-36.14,282.139,-2545,,3,1.833,560.693
2026-09-27T20:12:26.000Z,1790539946.000,32.650478989,-117.197928051,5.631,325.037,317.756,14.169,2.695,5.171,-35.673,282.084,-2546,,3,2.117,562.212
2026-09-27T20:12:27.000Z,1790539947.000,32.650499972,-117.197946374,5.696,322.486,314.462,16.294,5.794,5.17,-32.579,281.883,-2547,,3,2.361,563.429
2026-09-27T20:12:28.000Z,1790539948.000,32.650518698,-117.197965262,5.181,317.754,309.859,10.529,4.551,5.169,-28.138,281.721,-2548,,3,2.518,564.286
2026-09-27T20:12:29.000Z,1790539949.000,32.650537213,-117.197982626,5.274,319.116,312.319,13.119,1.381,5.168,-30.748,281.571,-2549,,3,2.441,565.722
2026-09-27T20:12:30.000Z,1790539950.000,32.65055442,-117.19800042,5.195,319.546,310.44,9.027,4.186,5.167,-29.118,281.322,-2550,,3,2.36,566.674
2026-09-27T20:12:31.000Z,1790539951.000,32.650573006,-117.198016606,5.033,323.586,312.432,11.598,3.664,5.166,-31.287,281.146,-2551,,3,1.952,568.125
2026-09-27T20:12:32.000Z,1790539952.000,32.650591511,-117.198033046,5.104,322.635,312.926,11.544,5.326,5.164,-32.089,280.837,-2552,,3,2.046,569.442
2026-09-27T20:12:33.000Z,1790539953.000,32.650610368,-117.198049632,5.187,323.065,311.687,11.725,3.197,5.163,-31.112,280.575,-2553,,3,2.031,570.657
2026-09-27T20:12:34.000Z,1790539954.000,32.650630427,-117.198067778,5.609,322.654,310.979,10.918,4.37,5.162,-30.795,280.184,-2554,,3,2.22,571.977
2026-09-27T20:12:35.000Z,1790539955.000,32.650651154,-117.198085618,5.698,323.527,310.834,12.469,4.003,5.161,-31.019,279.815,-2555,,3,2.16,573.42
2026-09-27T20:12:36.000Z,1790539956.000,32.650671729,-117.198105192,5.903,319.306,309.146,12.675,3.357,5.16,-29.51,279.636,-2556,,3,2.619,574.663
2026-09-27T20:12:37.000Z,1790539957.000,32.650691183,-117.198124899,5.6,321.331,309.315,10.046,3.378,5.159,-29.875,279.44,-2557,,3,2.292,575.931
2026-09-27T20:12:38.000Z,1790539958.000,32.650711014,-117.198143285,5.223,323.797,312.049,9.907,7.007,5.158,-32.717,279.332,-2558,,3,1.917,577.485
2026-09-27T20:12:39.000Z,1790539959.000,32.650732664,-117.198160428,5.47,322.441,308.118,9.391,4.284,5.157,-28.757,279.36,-2559,,3,2.113,578.755
2026-09-27T20:12:40.000Z,1790539960.000,32.650753913,-117.198176578,5.633,324.85,312.297,13.132,2.703,5.156,-32.631,279.666,-2560,,3,1.94,580.649
2026-09-27T20:12:41.000Z,1790539961.000,32.650773476,-117.198193776,5.504,321.844,312.404,10.7,4.278,5.154,-32.922,279.482,-2561,,3,2.15,582.017
2026-09-27T20:12:42.000Z,1790539962.000,32.650792672,-117.198211265,5.1,327.59,309.631,9.624,5.893,5.153,-30.237,279.395,-2562,,3,1.5,583.113
2026-09-27T20:12:43.000Z,1790539963.000,32.650812698,-117.198226647,5.14,323.532,313.383,13.351,4.009,5.152,-34.188,279.195,-2563,,3,1.842,584.876
2026-09-27T20:12:44.000Z,1790539964.000,32.65083027,-117.198245544,5.171,314.527,310.887,9.958,4.087,5.151,-31.991,278.896,-2564,,3,2.575,585.778
2026-09-27T20:12:45.000Z,1790539965.000,32.650847627,-117.198264061,5.034,322.73,307.996,10.696,7.131,5.15,-29.381,278.615,-2565,,3,1.847,586.637
2026-09-27T20:12:46.000Z,1790539966.000,32.650866459,-117.198282717,5.213,316.388,309.319,16.5,2.533,5.149,-30.772,278.547,-2566,,3,2.424,587.971
2026-09-27T20:12:47.000Z,1790539967.000,32.650883136,-117.198305199,5.653,310.132,306.607,14.04,3.321,5.148,-28.02,278.587,-2567,,3,3.147,588.627
2026-09-27T20:12:48.000Z,1790539968.000,32.650900005,-117.198329613,5.73,308.779,301.47,11.21,5.349,5.147,-22.899,278.571,-2568,,3,3.291,589.034
2026-09-27T20:12:49.000Z,1790539969.000,32.650918163,-117.198350269,5.397,318.352,301.673,14.1,4.473,5.146,-23.138,278.534,-2569,,3,2.309,590.138
2026-09-27T20:12:50.000Z,1790539970.000,32.650935856,-117.198370178,5.035,313.718,301.939,10.171,3.623,5.144,-23.42,278.518,-2570,,3,2.503,591.227
2026-09-27T20:12:51.000Z,1790539971.000,32.650953411,-117.198389757,5.237,322.547,300.217,6.644,4.117,5.143,-21.706,278.511,-2571,,3,1.862,592.155
2026-09-27T20:12:52.000Z,1790539972.000,32.650972186,-117.198406601,4.962,321.208,303.798,6.038,5.291,5.142,-25.296,278.501,-2572,,3,1.859,593.734
2026-09-27T20:12:53.000Z,1790539973.000,32.650990612,-117.198424381,4.855,320.653,306.707,4.869,3.769,5.141,-28.268,278.438,-2573,,3,1.85,595.186
2026-09-27T20:12:54.000Z,1790539974.000,32.651008294,-117.198443326,5.1,314.804,312.234,8.398,3.602,5.14,-33.728,278.506,-2574,,3,2.401,596.719
2026-09-27T20:12:55.000Z,1790539975.000,32.651026059,-117.198463924,5.234,316.559,308.797,9.752,4.969,5.139,-30.031,278.766,-2575,,3,2.31,597.502
2026-09-27T20:12:56.000Z,1790539976.000,32.651043903,-117.198481777,4.748,320.03,310.307,11.555,6.148,5.138,-31.211,279.096,-2576,,3,1.822,598.779
2026-09-27T20:12:57.000Z,1790539977.000,32.651061863,-117.198498563,5.17,320.633,309.37,12.022,2.863,5.137,-29.791,279.579,-2577,,3,1.921,599.918
2026-09-27T20:12:58.000Z,1790539978.000,32.651078366,-117.198515569,4.703,317.806,310.526,10.862,4.165,5.136,-30.494,280.033,-2578,,3,1.95,601.061
2026-09-27T20:12:59.000Z,1790539979.000,32.651094916,-117.198531916,4.631,319.498,311.628,11.663,4.668,5.134,-31.603,280.025,-2579,,3,1.784,602.23
2026-09-27T20:13:00.000Z,1790539980.000,32.65111197,-117.198551259,5.624,314.956,308.451,9.233,3.997,5.133,-28.578,279.873,-2580,,3,2.559,603.006
2026-09-27T20:13:01.000Z,1790539981.000,32.651130622,-117.198569814,5.538,325.053,309.469,11.538,4.015,5.132,-29.523,279.946,-2581,,3,1.602,604.302
2026-09-27T20:13:02.000Z,1790539982.000,32.651151345,-117.19858837,5.394,322.739,311.361,12.312,5.406,5.131,-31.512,279.849,-2582,,3,1.751,605.876
2026-09-27T20:13:03.000Z,1790539983.000,32.651171836,-117.19860703,5.6,323.715,310.173,11.105,5,5.13,-30.331,279.841,-2583,,3,1.712,607.184
2026-09-27T20:13:04.000Z,1790539984.000,32.651192499,-117.198625836,5.339,323.2,308.371,8.447,4.661,5.129,-28.332,280.039,-2584,,3,1.663,608.455
2026-09-27T20:13:05.000Z,1790539985.000,32.651213824,-117.19864208,5.454,330.379,310.298,8.871,4.519,5.128,-29.69,280.608,-2585,,3,1.022,610.18
2026-09-27T20:13:06.000Z,1790539986.000,32.651235498,-117.198656794,5.229,329.999,313.761,9,4.733,5.127,-32.712,281.049,-2586,,3,0.997,612.113
2026-09-27T20:13:07.000Z,1790539987.000,32.651256694,-117.198671867,5.362,330.091,314.313,8.045,4.269,5.126,-32.903,281.41,-2587,,3,0.998,613.76
2026-09-27T20:13:08.000Z,1790539988.000,32.651276879,-117.198685751,5.2,328.856,318.259,11.726,3.838,5.124,-36.641,281.618,-2588,,3,1.063,615.6
2026-09-27T20:13:09.000Z,1790539989.000,32.651296604,-117.198702012,5.65,320.359,318.079,10.565,4.621,5.123,-36.358,281.721,-2589,,3,1.945,616.997
2026-09-27T20:13:10.000Z,1790539990.000,32.651316072,-117.198718577,5.047,324.125,318.009,12.118,3.835,5.122,-36.102,281.907,-2590,,3,1.409,618.365
2026-09-27T20:13:11.000Z,1790539991.000,32.651336081,-117.198734863,5.131,326.851,318.812,13.323,4.571,5.121,-36.798,282.014,-2591,,3,1.181,619.863
2026-09-27T20:13:12.000Z,1790539992.000,32.651354613,-117.198751177,5.099,320.317,316.731,10.697,5.567,5.12,-34.585,282.146,-2592,,3,1.718,620.996
2026-09-27T20:13:13.000Z,1790539993.000,32.65137287,-117.198767407,4.768,325.237,313.468,9.473,3.785,5.119,-31.239,282.23,-2593,,3,1.204,622.012
2026-09-27T20:13:14.000Z,1790539994.000,32.651392605,-117.198782152,5.291,329.171,313.39,7.99,3.773,5.118,-31.064,282.326,-2594,,3,0.967,623.474
2026-09-27T20:13:15.000Z,1790539995.000,32.651413263,-117.198795462,4.9,330.084,317.777,8.592,4.369,5.117,-35.431,282.345,-2595,,3,0.804,625.419
2026-09-27T20:13:16.000Z,1790539996.000,32.651434989,-117.198810754,5.294,330.257,314.863,8.006,4.343,5.116,-32.802,282.061,-2596,,3,0.838,626.852
2026-09-27T20:13:17.000Z,1790539997.000,32.6514566,-117.198825388,5.61,332.082,318.271,13.278,4.388,5.114,-36.537,281.734,-2597,,3,0.693,628.769
2026-09-27T20:13:18.000Z,1790539998.000,32.651478581,-117.198842585,5.924,324.298,317.5,14.676,4.72,5.113,-36.033,281.467,-2598,,3,1.504,630.319
2026-09-27T20:13:19.000Z,1790539999.000,32.651500638,-117.198862036,6.156,324.078,312.847,12.219,4.664,5.112,-31.51,281.337,-2599,,3,1.567,631.499
2026-09-27T20:13:20.000Z,1790540000.000,32.651524762,-117.198878073,5.829,331.563,313.665,14.248,4.812,5.111,-32.147,281.518,-2600,,3,0.717,633.429
2026-09-27T20:13:21.000Z,1790540001.000,32.651548311,-117.198893582,5.783,329.52,313.189,13.783,4.048,5.11,-31.226,281.963,-2601,,3,0.897,635.221
2026-09-27T20:13:22.000Z,1790540002.000,32.651570193,-117.198907028,5.165,331.104,314.8,13.469,3.699,5.109,-32.436,282.364,-2602,,3,0.644,637.079
2026-09-27T20:13:23.000Z,1790540003.000,32.651590342,-117.198920895,4.839,329.761,314.235,10.396,3.874,5.108,-31.808,282.427,-2603,,3,0.702,638.579
2026-09-27T20:13:24.000Z,1790540004.000,32.651609249,-117.198934798,5.067,325.255,317.429,10.439,4.378,5.107,-35.199,282.23,-2604,,3,1.113,640.233
2026-09-27T20:13:25.000Z,1790540005.000,32.651627742,-117.198950462,4.37,324.06,317,11.68,5.141,5.106,-35.43,281.57,-2605,,3,1.037,641.508
2026-09-27T20:13:26.000Z,1790540006.000,32.65164686,-117.198968726,5.566,317.966,317.236,17.133,2.433,5.104,-36.533,280.703,-2606,,3,1.872,642.8
2026-09-27T20:13:27.000Z,1790540007.000,32.651664336,-117.198990528,6.222,312.543,313.378,17.763,4.373,5.103,-33.29,280.089,-2607,,3,2.621,643.485
2026-09-27T20:13:28.000Z,1790540008.000,32.651680965,-117.199012504,5.065,309.003,307.758,15.716,5.129,5.102,-28.066,279.692,-2608,,3,2.402,643.932
2026-09-27T20:13:29.000Z,1790540009.000,32.651698131,-117.199033703,5.4,315.531,306.924,13.404,4.41,5.101,-27.517,279.407,-2609,,3,1.99,644.833
2026-09-27T20:13:30.000Z,1790540010.000,32.651717285,-117.199055416,5.379,319.067,305.318,9.295,5.514,5.1,-25.994,279.324,-2610,,3,1.654,645.856
2026-09-27T20:13:31.000Z,1790540011.000,32.651737594,-117.199074992,5.633,320.567,305.327,8.398,2.369,5.099,-25.854,279.472,-2611,,3,1.575,647.203
2026-09-27T20:13:32.000Z,1790540012.000,32.651758859,-117.199092644,5.63,327,303.85,5.315,5.49,5.098,-24.113,279.736,-2612,,3,0.941,648.602
2026-09-27T20:13:33.000Z,1790540013.000,32.651781055,-117.199108563,5.536,322.368,305.978,9.753,1.764,5.097,-26.088,279.89,-2613,,3,1.345,650.447
2026-09-27T20:13:34.000Z,1790540014.000,32.651800084,-117.199129223,5.429,314.132,303.803,8.932,5.487,5.096,-24.025,279.778,-2614,,3,2.045,651.45
2026-09-27T20:13:35.000Z,1790540015.000,32.651815273,-117.199153302,5.368,305.436,292.475,7.1,2.308,5.094,-13.017,279.458,-2615,,3,2.741,651.193
2026-09-27T20:13:36.000Z,1790540016.000,32.651828156,-117.199177208,5.166,299.077,291.119,9.844,3.278,5.093,-11.993,279.127,-2616,,3,3.104,651.512
2026-09-27T20:13:37.000Z,1790540017.000,32.651836949,-117.199202302,4.995,290.079,279.249,8.035,3.535,5.092,-0.228,279.021,-2617,,3,3.584,650.527
2026-09-27T20:13:38.000Z,1790540018.000,32.651840583,-117.199227309,4.7,274.363,268.206,7.01,5.001,5.091,10.983,279.188,-2618,,3,4.132,649.129
2026-09-27T20:13:39.000Z,1790540019.000,32.651837106,-117.1992524,4.481,251.84,249.245,3.006,4.315,5.09,30.222,279.467,-2619,,3,4.457,646.582
2026-09-27T20:13:40.000Z,1790540020.000,32.651827775,-117.199274151,4.4,239.864,235.696,-6.15,1.882,5.089,43.473,279.169,-2620,,3,4.374,644.131
2026-09-27T20:13:41.000Z,1790540021.000,32.651816411,-117.19929215,3.702,235.445,224.609,-9.392,6.463,5.088,53.937,278.546,-2621,,3,3.637,641.897
2026-09-27T20:13:42.000Z,1790540022.000,32.651803448,-117.199308081,3.905,225.215,218.351,-16.136,2.389,5.087,59.553,277.904,-2622,,3,3.646,639.825
2026-09-27T20:13:43.000Z,1790540023.000,32.651790218,-117.199323869,4.061,227.831,218.761,-25.256,4.292,5.086,58.813,277.574,-2623,,3,3.853,637.897
2026-09-27T20:13:44.000Z,1790540024.000,32.651778426,-117.199341546,4.1,231.292,220.867,-26.499,4.335,5.084,56.628,277.495,-2624,,3,3.961,636.086
2026-09-27T20:13:45.000Z,1790540025.000,32.651767722,-117.199359118,3.933,235.082,220.302,-24.3,3.989,5.083,57.096,277.397,-2625,,3,3.858,634.328
2026-09-27T20:13:46.000Z,1790540026.000,32.651756197,-117.199377358,4.197,230.752,220.031,-20.3,6.714,5.082,57.836,277.867,-2626,,3,4.042,632.468
2026-09-27T20:13:47.000Z,1790540027.000,32.651742927,-117.199397759,4.863,234.347,220.373,-14.13,5.186,5.081,58.166,278.539,-2627,,3,4.757,630.364
2026-09-27T20:13:48.000Z,1790540028.000,32.651726124,-117.199418805,5.37,225.56,220.54,-13.93,2.67,5.08,58.491,279.031,-2628,,3,5.017,627.872
2026-09-27T20:13:49.000Z,1790540029.000,32.651708521,-117.199439483,5.436,224.164,219.932,-10.672,7.139,5.079,59.58,279.512,-2629,,3,5.028,625.294
2026-09-27T20:13:50.000Z,1790540030.000,32.65169049,-117.199461072,5.468,224.884,217.774,-10.812,6.042,5.078,61.947,279.721,-2630,,3,5.08,622.605
2026-09-27T20:13:51.000Z,1790540031.000,32.651672005,-117.199482505,5.665,226.735,218.717,-18.235,2.817,5.077,60.709,279.426,-2631,,3,5.326,619.942
2026-09-27T20:13:52.000Z,1790540032.000,32.651657439,-117.199504445,4.8,233.07,219.777,-16.754,6.6,5.076,58.913,278.69,-2632,,3,4.665,617.665
2026-09-27T20:13:53.000Z,1790540033.000,32.651642749,-117.199526536,5.1,234.536,222.827,-21.2,1.797,5.074,55.028,277.855,-2633,,3,4.985,615.422
2026-09-27T20:13:54.000Z,1790540034.000,32.651629971,-117.199550761,5.236,240.639,224.796,-18.661,5.679,5.073,52.418,277.215,-2634,,3,5.206,613.275
2026-09-27T20:13:55.000Z,1790540035.000,32.651616625,-117.199574662,5.2,232.974,222.332,-16.666,4.342,5.072,54.521,276.853,-2635,,3,5.05,610.956
2026-09-27T20:13:56.000Z,1790540036.000,32.65160178,-117.199597912,5.321,236.325,224.343,-15.851,4.492,5.071,52.494,276.837,-2636,,3,5.232,608.634
2026-09-27T20:13:57.000Z,1790540037.000,32.651586359,-117.199622731,5.862,230.637,225.886,-16.948,4.228,5.07,51.021,276.907,-2637,,3,5.628,606.185
2026-09-27T20:13:58.000Z,1790540038.000,32.651570474,-117.199648729,5.794,233.385,225.063,-18.02,2.897,5.069,51.774,276.837,-2638,,3,5.634,603.574
2026-09-27T20:13:59.000Z,1790540039.000,32.651555061,-117.199673942,5.9,235.306,227,-18.202,-0.475,5.068,49.818,276.818,-2639,,3,5.779,601.126
2026-09-27T20:14:00.000Z,1790540040.000,32.651540435,-117.199700403,5.793,235.031,228.569,-14.252,6.914,5.067,48.573,277.142,-2640,,3,5.668,598.704
2026-09-27T20:14:01.000Z,1790540041.000,32.651525757,-117.199728486,6.073,239.628,227.664,-15.283,1.529,5.066,49.796,277.461,-2641,,3,6.023,596.133
2026-09-27T20:14:02.000Z,1790540042.000,32.651510828,-117.199755644,5.77,237.593,226.586,-17.9,6.557,5.064,51.441,278.027,-2642,,3,5.692,593.566
2026-09-27T20:14:03.000Z,1790540043.000,32.651496886,-117.199781694,5.466,237.898,225.003,-19.042,4.973,5.063,53.314,278.317,-2643,,3,5.395,591.127
2026-09-27T20:14:04.000Z,1790540044.000,32.651482881,-117.199805943,5.3,232.763,223.403,-17.231,3.368,5.062,55.177,278.58,-2644,,3,5.134,588.751
2026-09-27T20:14:05.000Z,1790540045.000,32.65146964,-117.199828294,5.096,237.646,225.356,-16.821,4.584,5.061,53.702,279.059,-2645,,3,5.025,586.627
2026-09-27T20:14:06.000Z,1790540046.000,32.651456843,-117.199852407,5.223,242.112,230.232,-19.528,4.351,5.06,48.96,279.192,-2646,,3,5.203,584.59
2026-09-27T20:14:07.000Z,1790540047.000,32.651444441,-117.19988017,5.83,243.874,231.048,-18.03,2.478,5.059,48.02,279.068,-2647,,3,5.82,582.324
2026-09-27T20:14:08.000Z,1790540048.000,32.651432787,-117.199907353,5.568,244.142,230.537,-18.297,3.771,5.058,48.433,278.97,-2648,,3,5.56,580.107
2026-09-27T20:14:09.000Z,1790540049.000,32.651420441,-117.199934647,5.899,243.979,231.367,-18.438,2.24,5.057,47.523,278.89,-2649,,3,5.89,577.865
2026-09-27T20:14:10.000Z,1790540050.000,32.651406365,-117.199962241,6.164,237.029,230.81,-21.329,4.177,5.056,47.882,278.692,-2650,,3,6.067,575.384
2026-09-27T20:14:11.000Z,1790540051.000,32.651392269,-117.19999144,6.239,240.412,230.617,-17.983,3.49,5.054,48.123,278.74,-2651,,3,6.194,572.854
2026-09-27T20:14:12.000Z,1790540052.000,32.651378758,-117.200020045,5.7,238.072,232.447,-15.924,6.174,5.053,46.689,279.136,-2652,,3,5.626,570.484
2026-09-27T20:14:13.000Z,1790540053.000,32.651367053,-117.200046902,5.2,242.137,231.773,-16.62,7.496,5.052,47.993,279.767,-2653,,3,5.179,568.266
2026-09-27T20:14:14.000Z,1790540054.000,32.651355789,-117.20007157,4.904,245.871,230.661,-16.592,2.641,5.051,49.918,280.58,-2654,,3,4.902,566.159
2026-09-27T20:14:15.000Z,1790540055.000,32.65134622,-117.200095941,5.064,248.543,234.191,-17.764,1.726,5.05,47.201,281.391,-2655,,3,5.062,564.417
2026-09-27T20:14:16.000Z,1790540056.000,32.651337702,-117.200122544,5.37,250.777,237.551,-17.909,1.612,5.049,44.445,281.995,-2656,,3,5.36,562.707
2026-09-27T20:14:17.000Z,1790540057.000,32.651328378,-117.200151908,6.036,251.144,237.7,-18.621,4.736,5.048,44.477,282.177,-2657,,3,6.022,560.673
2026-09-27T20:14:18.000Z,1790540058.000,32.651318484,-117.200182981,6.166,248.409,234.834,-14.173,6.495,5.047,47.25,282.084,-2658,,3,6.165,558.383
2026-09-27T20:14:19.000Z,1790540059.000,32.651306539,-117.200212776,5.6,242.87,231.705,-13.215,4.446,5.046,50.141,281.846,-2659,,3,5.583,555.932
2026-09-27T20:14:20.000Z,1790540060.000,32.651294015,-117.200238609,5.322,238.349,230.356,-13.949,1.969,5.044,51.207,281.564,-2660,,3,5.256,553.644
2026-09-27T20:14:21.000Z,1790540061.000,32.651281772,-117.200264335,5.131,241.223,231.261,-13.205,4.442,5.043,50.252,281.513,-2661,,3,5.101,551.474
2026-09-27T20:14:22.000Z,1790540062.000,32.651270062,-117.200288109,5.301,238.747,229.666,-13.737,3.595,5.042,51.685,281.351,-2662,,3,5.24,549.337
2026-09-27T20:14:23.000Z,1790540063.000,32.651257435,-117.20031311,5.435,246.016,233.54,-14.885,5.835,5.041,47.893,281.433,-2663,,3,5.433,547.27
2026-09-27T20:14:24.000Z,1790540064.000,32.65124588,-117.200341887,5.991,241.7,232.473,-14.247,3.934,5.04,49.003,281.476,-2664,,3,5.961,544.98
2026-09-27T20:14:25.000Z,1790540065.000,32.651233371,-117.200371307,5.912,243.45,229.446,-14.754,7.445,5.039,51.915,281.361,-2665,,3,5.898,542.497
2026-09-27T20:14:26.000Z,1790540066.000,32.651220671,-117.200398162,5.528,239.633,228.593,-18.779,1.161,5.038,52.548,281.141,-2666,,3,5.476,540.175
2026-09-27T20:14:27.000Z,1790540067.000,32.651208171,-117.200423491,5.434,239.764,230.233,-18.668,3.135,5.037,50.759,280.992,-2667,,3,5.384,538.017
2026-09-27T20:14:28.000Z,1790540068.000,32.651196662,-117.200448376,5.231,240.488,229.834,-13.631,5.948,5.036,50.991,280.826,-2668,,3,5.191,535.905
2026-09-27T20:14:29.000Z,1790540069.000,32.651183135,-117.200473707,5.638,238.005,229.262,-16.085,2.634,5.034,51.393,280.655,-2669,,3,5.559,533.563
2026-09-27T20:14:30.000Z,1790540070.000,32.651168216,-117.200501391,6.039,239.002,231.1,-17.153,5.078,5.033,49.586,280.686,-2670,,3,5.971,531.081
2026-09-27T20:14:31.000Z,1790540071.000,32.651152723,-117.200529853,6.132,236.231,229.367,-19.069,2.87,5.032,51.442,280.809,-2671,,3,6.01,528.379
2026-09-27T20:14:32.000Z,1790540072.000,32.651138404,-117.200557992,6.036,237.2,231.443,-17.521,2.61,5.031,49.45,280.893,-2672,,3,5.935,525.95
2026-09-27T20:14:33.000Z,1790540073.000,32.651125251,-117.200585139,5.574,241.657,231.541,-16.174,6.741,5.03,49.32,280.861,-2673,,3,5.543,523.604
2026-09-27T20:14:34.000Z,1790540074.000,32.651113651,-117.200611622,5.23,240.101,233.023,-14.789,4.434,5.029,47.555,280.577,-2674,,3,5.183,521.496
2026-09-27T20:14:35.000Z,1790540075.000,32.651102989,-117.200637227,5.366,242.722,232.998,-15.5,2.705,5.028,47.266,280.264,-2675,,3,5.345,519.456
2026-09-27T20:14:36.000Z,1790540076.000,32.651093497,-117.200662824,5.235,245.021,232.604,-10.974,6.309,5.027,47.238,279.843,-2676,,3,5.229,517.522
2026-09-27T20:14:37.000Z,1790540077.000,32.651081001,-117.200688429,5.665,240.018,230.988,-15.284,1.565,5.026,48.571,279.559,-2677,,3,5.613,515.234
2026-09-27T20:14:38.000Z,1790540078.000,32.65106847,-117.200717062,6.06,242.885,231.457,-12.196,6.806,5.024,47.946,279.403,-2678,,3,6.038,512.91
2026-09-27T20:14:39.000Z,1790540079.000,32.651052829,-117.200746834,6.362,236.167,227.931,-16.645,1.276,5.023,51.588,279.519,-2679,,3,6.229,510.082
2026-09-27T20:14:40.000Z,1790540080.000,32.651038169,-117.200773555,5.803,236.971,228.868,-16.935,5.363,5.022,50.763,279.631,-2680,,3,5.697,507.626
2026-09-27T20:14:41.000Z,1790540081.000,32.651024446,-117.200798642,5.3,236.991,231.094,-19.097,4.737,5.021,48.5,279.594,-2681,,3,5.203,505.376
2026-09-27T20:14:42.000Z,1790540082.000,32.651012421,-117.20082328,5.264,241.327,233.515,-18.457,4.815,5.02,45.946,279.46,-2682,,3,5.229,503.329
2026-09-27T20:14:43.000Z,1790540083.000,32.651000919,-117.200848873,5.37,240.49,233.49,-15.799,6.03,5.019,45.733,279.223,-2683,,3,5.324,501.204
2026-09-27T20:14:44.000Z,1790540084.000,32.650989763,-117.200875176,5.534,241.867,233.433,-14.365,2.203,5.018,45.55,278.982,-2684,,3,5.502,499.087
2026-09-27T20:14:45.000Z,1790540085.000,32.650977996,-117.20090321,5.867,243.968,232.431,-12.266,2.163,5.017,46.422,278.853,-2685,,3,5.852,496.806
2026-09-27T20:14:46.000Z,1790540086.000,32.65096453,-117.200930432,5.991,236.246,228.265,-12.599,5.482,5.016,50.508,278.773,-2686,,3,5.862,494.268
2026-09-27T20:14:47.000Z,1790540087.000,32.650950875,-117.20095689,5.78,238.442,226.839,-17.545,1.256,5.014,51.896,278.735,-2687,,3,5.697,491.845
2026-09-27T20:14:48.000Z,1790540088.000,32.65093702,-117.200982354,5.063,238.253,229.384,-16.236,8.616,5.013,49.326,278.711,-2688,,3,4.987,489.572
2026-09-27T20:14:49.000Z,1790540089.000,32.650923346,-117.201008106,5.566,238.092,229.666,-18.435,0.457,5.012,49.062,278.729,-2689,,3,5.479,487.231
2026-09-27T20:14:50.000Z,1790540090.000,32.650911486,-117.201034471,5.571,244.514,230.729,-14.979,3.857,5.011,48.077,278.806,-2690,,3,5.56,485.081
2026-09-27T20:14:51.000Z,1790540091.000,32.650898505,-117.20106001,5.379,241.007,228.941,-15.379,1.783,5.01,49.844,278.785,-2691,,3,5.336,482.744
2026-09-27T20:14:52.000Z,1790540092.000,32.650885724,-117.201084075,5.1,238.977,230.608,-14.954,5.447,5.009,48.056,278.663,-2692,,3,5.032,480.606
2026-09-27T20:14:53.000Z,1790540093.000,32.650873716,-117.201110171,5.402,240.552,232.067,-15.539,4.439,5.008,46.513,278.581,-2693,,3,5.352,478.468
2026-09-27T20:14:54.000Z,1790540094.000,32.650860684,-117.201137156,5.735,242.859,230.6,-17.259,4.97,5.007,47.994,278.594,-2694,,3,5.709,476.081
2026-09-27T20:14:55.000Z,1790540095.000,32.65084606,-117.201164693,6.065,235.965,229.7,-18.2,2.782,5.006,49.035,278.735,-2695,,3,5.921,473.533
2026-09-27T20:14:56.000Z,1790540096.000,32.6508327,-117.20119268,6.16,239.32,231.1,-17.66,2.3,5.004,47.812,278.912,-2696,,3,6.081,471.183
2026-09-27T20:14:57.000Z,1790540097.000,32.650819168,-117.201220013,5.81,237.503,230.19,-16.92,5.459,5.003,48.815,279.005,-2697,,3,5.703,468.753
2026-09-27T20:14:58.000Z,1790540098.000,32.650806722,-117.201245526,5.133,243.77,231.867,-18.328,3.712,5.002,47.51,279.377,-2698,,3,5.115,466.6
2026-09-27T20:14:59.000Z,1790540099.000,32.650796083,-117.20127076,5.134,245.272,231.503,-15.739,3.005,5.001,48.187,279.689,-2699,,3,5.126,464.563
2026-09-27T20:15:00.000Z,1790540100.000,32.650785723,-117.201294799,4.938,243.983,231.876,-16.604,2.52,5,47.818,279.694,-2700,,3,4.922,462.628
2026-09-27T20:15:01.000Z,1790540101.000,32.650774658,-117.201320269,5.485,241.47,231.43,-17.285,1.781,4.999,48.537,279.967,-2701,,3,5.442,460.537
2026-09-27T20:15:02.000Z,1790540102.000,32.650761299,-117.201347934,6.036,240.878,231.004,-18.039,5.1,4.998,49.06,280.063,-2702,,3,5.98,458.13
2026-09-27T20:15:03.000Z,1790540103.000,32.650746967,-117.201375833,6.067,236,229.6,-18.467,5.067,4.997,50.462,280.062,-2703,,3,5.918,455.58
2026-09-27T20:15:04.000Z,1790540104.000,32.650731396,-117.20140534,6.269,239.037,232.063,-17.452,3.979,4.996,48.121,280.184,-2704,,3,6.179,452.988
2026-09-27T20:15:05.000Z,1790540105.000,32.650717094,-117.201434412,6.078,238.038,229.534,-14.77,4.378,4.994,50.744,280.279,-2705,,3,5.971,450.355
2026-09-27T20:15:06.000Z,1790540106.000,32.650701917,-117.201461892,5.83,234.78,228.811,-17.723,3.118,4.993,51.61,280.421,-2706,,3,5.654,447.761
2026-09-27T20:15:07.000Z,1790540107.000,32.650688411,-117.201487285,5.165,241.794,229.665,-17.229,3.703,4.992,50.985,280.649,-2707,,3,5.125,445.47
2026-09-27T20:15:08.000Z,1790540108.000,32.650677243,-117.201512208,5.134,243.817,230.332,-19.198,3.398,4.991,50.557,280.889,-2708,,3,5.113,443.43
2026-09-27T20:15:09.000Z,1790540109.000,32.650668302,-117.201536444,4.865,245.589,231.665,-19.038,3.559,4.99,49.461,281.126,-2709,,3,4.857,441.668
2026-09-27T20:15:10.000Z,1790540110.000,32.650659454,-117.201562044,5.262,249.106,233.477,-19.677,3.646,4.989,48.075,281.552,-2710,,3,5.261,439.887
2026-09-27T20:15:11.000Z,1790540111.000,32.650648654,-117.201590141,5.7,244.179,230.208,-15.888,5.029,4.988,51.816,282.024,-2711,,3,5.68,437.616
2026-09-27T20:15:12.000Z,1790540112.000,32.650635105,-117.201617024,5.734,236.269,226.534,-13.801,5.564,4.987,55.946,282.48,-2712,,3,5.591,435.109
2026-09-27T20:15:13.000Z,1790540113.000,32.650619409,-117.201644394,6.165,235.986,227.708,-15.143,1.584,4.986,55,282.707,-2713,,3,6.004,432.53
2026-09-27T20:15:14.000Z,1790540114.000,32.650603349,-117.201671136,6.074,233.685,227.796,-12.233,4.841,4.984,55.21,283.007,-2714,,3,5.853,429.901
2026-09-27T20:15:15.000Z,1790540115.000,32.650587169,-117.201697374,5.789,237.394,230.845,-16.825,1.359,4.983,52.222,283.067,-2715,,3,5.666,427.384
2026-09-27T20:15:16.000Z,1790540116.000,32.650573696,-117.201724343,5.8,238.614,231.967,-15.001,3.367,4.982,51.066,283.033,-2716,,3,5.7,425.051
2026-09-27T20:15:17.000Z,1790540117.000,32.650561112,-117.201751805,5.568,242.026,230.968,-13.694,4.538,4.981,52.024,282.991,-2717,,3,5.523,422.709
2026-09-27T20:15:18.000Z,1790540118.000,32.650548951,-117.201778849,5.6,242.503,232.981,-19.535,3.387,4.98,49.889,282.87,-2718,,3,5.56,420.543
2026-09-27T20:15:19.000Z,1790540119.000,32.65053787,-117.201807629,5.915,247.701,234.938,-20.762,2.577,4.979,47.824,282.763,-2719,,3,5.913,418.425
2026-09-27T20:15:20.000Z,1790540120.000,32.650527882,-117.201837623,5.8,249.531,234.723,-17.339,4.429,4.978,48.027,282.749,-2720,,3,5.8,416.283
2026-09-27T20:15:21.000Z,1790540121.000,32.650518697,-117.201864676,5.233,254.845,231.135,-14.633,7.236,4.977,51.778,282.912,-2721,,3,5.209,414.198
2026-09-27T20:15:22.000Z,1790540122.000,32.650507697,-117.201888998,4.835,245.182,231.891,-16.382,1.97,4.976,51.347,283.238,-2722,,3,4.822,412.202
2026-09-27T20:15:23.000Z,1790540123.000,32.650497601,-117.201912756,4.863,242.984,234.131,-14.416,6.105,4.974,49.323,283.454,-2723,,3,4.832,410.38
2026-09-27T20:15:24.000Z,1790540124.000,32.650486637,-117.201938793,5.3,243.603,233.63,-10.412,4.645,4.973,49.913,283.543,-2724,,3,5.272,408.274
2026-09-27T20:15:25.000Z,1790540125.000,32.650474077,-117.201964944,5.53,238.603,230.5,-11.538,4.848,4.972,53.052,283.552,-2725,,3,5.43,405.9
2026-09-27T20:15:26.000Z,1790540126.000,32.650460275,-117.201992248,5.966,239.3,230.768,-12.198,1.834,4.971,52.61,283.378,-2726,,3,5.871,403.488
2026-09-27T20:15:27.000Z,1790540127.000,32.650446444,-117.202019786,5.965,237.505,230.2,-12.9,5.291,4.97,53.012,283.212,-2727,,3,5.832,401.033
2026-09-27T20:15:28.000Z,1790540128.000,32.650432311,-117.202046707,5.577,237.6,228.915,-16.008,2.692,4.969,54.378,283.293,-2728,,3,5.453,398.546
2026-09-27T20:15:29.000Z,1790540129.000,32.650418329,-117.202073012,5.639,240.549,230.347,-20.648,2.906,4.968,53.064,283.41,-2729,,3,5.566,396.194
2026-09-27T20:15:30.000Z,1790540130.000,32.650406446,-117.202099052,5.165,242.408,232.206,-18.178,7.166,4.967,51.167,283.374,-2730,,3,5.122,394.085
2026-09-27T20:15:31.000Z,1790540131.000,32.650395828,-117.202125298,5.335,242.716,230.477,-17.239,0.427,4.966,52.643,283.12,-2731,,3,5.294,391.962
2026-09-27T20:15:32.000Z,1790540132.000,32.650385175,-117.202149656,5.037,244.323,231.948,-13.8,3.696,4.964,50.723,282.671,-2732,,3,5.014,390.026
2026-09-27T20:15:33.000Z,1790540133.000,32.650372709,-117.202174233,5.24,238.308,231.67,-12.46,3.97,4.963,50.541,282.211,-2733,,3,5.133,387.831
2026-09-27T20:15:34.000Z,1790540134.000,32.650359742,-117.202199911,5.77,235.134,231.06,-13.468,1.503,4.962,50.706,281.765,-2734,,3,5.578,385.532
2026-09-27T20:15:35.000Z,1790540135.000,32.650344596,-117.202226454,6.063,233.994,228.139,-14.051,5.471,4.961,53.336,281.476,-2735,,3,5.827,382.896
2026-09-27T20:15:36.000Z,1790540136.000,32.650328104,-117.202253777,6.036,235.052,228.158,-18.458,4.066,4.96,53.33,281.487,-2736,,3,5.828,380.199
2026-09-27T20:15:37.000Z,1790540137.000,32.650313601,-117.202281244,5.962,240.492,231.215,-19.308,2.146,4.959,50.466,281.682,-2737,,3,5.877,377.81
2026-09-27T20:15:38.000Z,1790540138.000,32.65030169,-117.202309443,5.731,244.786,231.92,-17.963,3.52,4.958,50.02,281.939,-2738,,3,5.706,375.575
2026-09-27T20:15:39.000Z,1790540139.000,32.650291393,-117.202335618,5.134,243.067,231.335,-16,6.164,4.957,50.791,282.127,-2739,,3,5.094,373.53
2026-09-27T20:15:40.000Z,1790540140.000,32.650281147,-117.202360857,5.1,249.227,230.973,-14.844,1.319,4.956,51.175,282.148,-2740,,3,5.099,371.534
2026-09-27T20:15:41.000Z,1790540141.000,32.650270203,-117.202385358,5.228,240.772,229.27,-9.514,5.056,4.954,52.712,281.981,-2741,,3,5.155,369.446
2026-09-27T20:15:42.000Z,1790540142.000,32.650254858,-117.202409377,5.655,230.564,227.026,-13.116,2.471,4.953,54.768,281.794,-2742,,3,5.318,366.912
2026-09-27T20:15:43.000Z,1790540143.000,32.65023838,-117.202435421,6.105,234.344,227.795,-14.378,2.372,4.952,54.021,281.817,-2743,,3,5.863,364.289
2026-09-27T20:15:44.000Z,1790540144.000,32.650221465,-117.202461522,6.1,232.433,226.068,-13.104,6.167,4.951,55.752,281.82,-2744,,3,5.795,361.537
2026-09-27T20:15:45.000Z,1790540145.000,32.650204631,-117.202488372,5.869,236.263,228.531,-15.703,4.824,4.95,53.38,281.912,-2745,,3,5.683,358.904
2026-09-27T20:15:46.000Z,1790540146.000,32.65019057,-117.202516099,5.938,239.262,228.467,-15.376,5.133,4.949,53.604,282.072,-2746,,3,5.819,356.438
2026-09-27T20:15:47.000Z,1790540147.000,32.650177024,-117.202542774,5.5,236.665,228.056,-18.064,5.273,4.948,54.12,282.176,-2747,,3,5.332,354.051
2026-09-27T20:15:48.000Z,1790540148.000,32.65016526,-117.202567718,5.167,241.613,229.534,-16.964,3.403,4.947,52.64,282.174,-2748,,3,5.099,351.976
2026-09-27T20:15:49.000Z,1790540149.000,32.650154728,-117.202592275,5.031,241.797,231.035,-15.631,2.886,4.946,51.061,282.096,-2749,,3,4.967,350.045
2026-09-27T20:15:50.000Z,1790540150.000,32.650144285,-117.202616614,5.023,243.286,231.269,-13.492,5.685,4.944,50.664,281.933,-2750,,3,4.978,348.085
2026-09-27T20:15:51.000Z,1790540151.000,32.650132308,-117.202642967,5.616,241.475,232.822,-14.761,2.822,4.943,49.092,281.915,-2751,,3,5.539,345.945
2026-09-27T20:15:52.000Z,1790540152.000,32.650118279,-117.202672477,6.435,240.253,232.898,-15.098,2.672,4.942,49.47,282.368,-2752,,3,6.321,343.421
2026-09-27T20:15:53.000Z,1790540153.000,32.650104205,-117.202701957,6.3,238.803,231.602,-11.164,4.871,4.941,51.447,283.048,-2753,,3,6.155,340.84
2026-09-27T20:15:54.000Z,1790540154.000,32.65009027,-117.202730129,5.796,240.043,229.731,-13.661,4.953,4.94,53.985,283.716,-2754,,3,5.686,338.303
2026-09-27T20:15:55.000Z,1790540155.000,32.65007642,-117.202756331,5.639,237.653,229.309,-13.746,2.486,4.939,54.94,284.249,-2755,,3,5.479,335.902
2026-09-27T20:15:56.000Z,1790540156.000,32.650063753,-117.202779788,4.694,238.143,229.655,-14.006,7.537,4.938,54.911,284.566,-2756,,3,4.57,333.751
2026-09-27T20:15:57.000Z,1790540157.000,32.650052786,-117.202802933,4.869,239.888,232.178,-15.065,3.347,4.937,52.727,284.904,-2757,,3,4.771,331.867
2026-09-27T20:15:58.000Z,1790540158.000,32.650042768,-117.202828665,5.265,247.361,233.57,-13.935,2.367,4.936,51.645,285.216,-2758,,3,5.252,329.946
2026-09-27T20:15:59.000Z,1790540159.000,32.650031208,-117.202857189,5.922,244.078,231.571,-12.4,4.861,4.934,53.881,285.453,-2759,,3,5.873,327.628
2026-09-27T20:16:00.000Z,1790540160.000,32.650018774,-117.202885218,5.856,242.205,230.822,-14.8,4.073,4.933,54.814,285.636,-2760,,3,5.778,325.291
2026-09-27T20:16:01.000Z,1790540161.000,32.650006158,-117.202913058,5.463,242.2,231.068,-16.637,3.063,4.932,54.681,285.749,-2761,,3,5.39,322.979
2026-09-27T20:16:02.000Z,1790540162.000,32.649995214,-117.202939763,5.532,245.588,233,-12.278,5.616,4.931,52.823,285.823,-2762,,3,5.501,320.946
2026-09-27T20:16:03.000Z,1790540163.000,32.6499841,-117.202964391,4.835,240.885,231.625,-12.805,4.71,4.93,54.298,285.923,-2763,,3,4.749,318.844
2026-09-27T20:16:04.000Z,1790540164.000,32.649973593,-117.202988637,5,246.022,235,-13.684,2.439,4.929,51.087,286.087,-2764,,3,4.975,317.009
2026-09-27T20:16:05.000Z,1790540165.000,32.649962637,-117.203015863,5.461,242.273,235.609,-14.852,5.754,4.928,50.592,286.201,-2765,,3,5.386,314.906
2026-09-27T20:16:06.000Z,1790540166.000,32.649951196,-117.203043844,5.634,247.333,234.433,-14.768,2.865,4.927,52.04,286.473,-2766,,3,5.617,312.65
2026-09-27T20:16:07.000Z,1790540167.000,32.649940965,-117.203071959,5.406,249.094,234.494,-13.912,7.288,4.926,52.29,286.784,-2767,,3,5.4,310.565
2026-09-27T20:16:08.000Z,1790540168.000,32.649931617,-117.203099404,5.364,251.141,235.064,-15.736,2.255,4.924,51.959,287.023,-2768,,3,5.363,308.617
2026-09-27T20:16:09.000Z,1790540169.000,32.649922964,-117.203125307,5.039,247.452,236.2,-12.352,5.687,4.923,50.923,287.123,-2769,,3,5.024,306.822
2026-09-27T20:16:10.000Z,1790540170.000,32.649913167,-117.203151143,5.132,244.945,235.332,-11.732,2.887,4.922,51.797,287.129,-2770,,3,5.094,304.826
2026-09-27T20:16:11.000Z,1790540171.000,32.649901824,-117.203176448,5.5,239.888,233.443,-9.269,5.619,4.921,53.651,287.094,-2771,,3,5.378,302.65
2026-09-27T20:16:12.000Z,1790540172.000,32.649888994,-117.203201954,5.729,239.707,232.665,-13.981,0.358,4.92,54.314,286.979,-2772,,3,5.596,300.363
2026-09-27T20:16:13.000Z,1790540173.000,32.64987719,-117.203228995,5.9,243.516,235.787,-12.677,2.822,4.919,50.984,286.771,-2773,,3,5.834,298.285
2026-09-27T20:16:14.000Z,1790540174.000,32.649864949,-117.203256083,5.54,241.418,234.32,-11.65,6.529,4.918,52.234,286.554,-2774,,3,5.443,295.967
2026-09-27T20:16:15.000Z,1790540175.000,32.649854422,-117.203282269,5.267,248.004,235.939,-11.992,3.571,4.917,50.521,286.46,-2775,,3,5.253,293.991
2026-09-27T20:16:16.000Z,1790540176.000,32.649845039,-117.203308217,5.067,244.756,236.798,-12.397,4.434,4.916,49.759,286.557,-2776,,3,5.024,292.108
2026-09-27T20:16:17.000Z,1790540177.000,32.649836359,-117.203334667,5.322,250.137,237.6,-12.2,3.284,4.914,48.888,286.488,-2777,,3,5.319,290.277
2026-09-27T20:16:18.000Z,1790540178.000,32.649828128,-117.203361307,5.262,248.59,237.432,-12.215,4.938,4.913,48.758,286.19,-2778,,3,5.251,288.441
2026-09-27T20:16:19.000Z,1790540179.000,32.649818496,-117.203388168,5.263,247.477,236.826,-12.455,0.863,4.912,49.149,285.975,-2779,,3,5.244,286.434
2026-09-27T20:16:20.000Z,1790540180.000,32.649809163,-117.203414009,5.234,249.462,237.6,-10.135,6.998,4.911,48.258,285.858,-2780,,3,5.227,284.557
2026-09-27T20:16:21.000Z,1790540181.000,32.649798565,-117.20344005,5.17,244.265,236.365,-9.545,3.805,4.91,49.364,285.729,-2781,,3,5.118,282.454
2026-09-27T20:16:22.000Z,1790540182.000,32.649787792,-117.203466467,5.661,246.278,237.288,-9.455,1.422,4.909,48.496,285.784,-2782,,3,5.629,280.415
2026-09-27T20:16:23.000Z,1790540183.000,32.649776867,-117.203493523,5.47,242.842,235.143,-7.812,5.524,4.908,50.532,285.674,-2783,,3,5.392,278.202
2026-09-27T20:16:24.000Z,1790540184.000,32.649765178,-117.203517649,4.765,242.768,232.765,-11.597,3.551,4.907,52.857,285.622,-2784,,3,4.695,276.015
2026-09-27T20:16:25.000Z,1790540185.000,32.649754677,-117.20354111,5,241.334,234.435,-13.028,1.506,4.906,51.153,285.589,-2785,,3,4.903,274.141
2026-09-27T20:16:26.000Z,1790540186.000,32.649746823,-117.203564852,4.615,253.261,235.238,-9.139,6.415,4.904,50.305,285.543,-2786,,3,4.615,272.493
2026-09-27T20:16:27.000Z,1790540187.000,32.649737185,-117.203588852,5.1,241.514,232.715,-10.646,1.331,4.903,52.639,285.355,-2787,,3,5.002,270.514
2026-09-27T20:16:28.000Z,1790540188.000,32.649725759,-117.203613388,5.295,239.46,234.205,-9.895,6.705,4.902,50.768,284.973,-2788,,3,5.152,268.498
2026-09-27T20:16:29.000Z,1790540189.000,32.649713938,-117.203638758,5.166,244.945,231.801,-6.935,5.362,4.901,52.786,284.587,-2789,,3,5.117,266.254
2026-09-27T20:16:30.000Z,1790540190.000,32.649700169,-117.20366351,5.397,235.665,228.369,-11.376,2.403,4.9,55.916,284.285,-2790,,3,5.15,263.804
2026-09-27T20:16:31.000Z,1790540191.000,32.649685816,-117.203688175,5.462,234.123,228.154,-11.5,5.876,4.899,55.889,284.043,-2791,,3,5.162,261.417
2026-09-27T20:16:32.000Z,1790540192.000,32.649671153,-117.203713306,5.53,238.555,226.813,-13.17,0.295,4.898,57.084,283.897,-2792,,3,5.348,258.943
2026-09-27T20:16:33.000Z,1790540193.000,32.649658085,-117.203735623,5.002,233.355,227.667,-13.311,5.144,4.897,56.16,283.827,-2793,,3,4.698,256.809
2026-09-27T20:16:34.000Z,1790540194.000,32.649645874,-117.203758086,4.667,239.13,228.064,-13.801,5.457,4.896,55.795,283.859,-2794,,3,4.521,254.743
2026-09-27T20:16:35.000Z,1790540195.000,32.6496336,-117.203780908,4.972,238.86,228.676,-12.432,1.296,4.894,55.278,283.954,-2795,,3,4.808,252.664
2026-09-27T20:16:36.000Z,1790540196.000,32.649621758,-117.203804199,5.023,238.358,228.753,-12.87,4.685,4.893,55.144,283.898,-2796,,3,4.844,250.594
2026-09-27T20:16:37.000Z,1790540197.000,32.649608722,-117.203828615,5.1,237.963,227.284,-13.421,3.595,4.892,56.483,283.767,-2797,,3,4.906,248.307
2026-09-27T20:16:38.000Z,1790540198.000,32.649595457,-117.203852093,5.168,237.062,227.739,-12.366,3.537,4.891,56.122,283.862,-2798,,3,4.946,246.097
2026-09-27T20:16:39.000Z,1790540199.000,32.649581269,-117.203875876,5.528,235.082,228.176,-12.879,2.372,4.89,55.544,283.72,-2799,,3,5.227,243.781
2026-09-27T20:16:40.000Z,1790540200.000,32.649566241,-117.203899761,5.524,235.507,227.368,-12.586,5.446,4.889,56.278,283.646,-2800,,3,5.232,241.334
2026-09-27T20:16:41.000Z,1790540201.000,32.649551409,-117.203926143,5.7,238.41,231.01,-13.58,3.23,4.888,52.684,283.694,-2801,,3,5.481,238.97
2026-09-27T20:16:42.000Z,1790540202.000,32.649539236,-117.203951729,5.432,240.846,231.621,-13.393,4.207,4.887,51.957,283.579,-2802,,3,5.28,236.801
2026-09-27T20:16:43.000Z,1790540203.000,32.649527952,-117.203975794,4.9,242.342,232.392,-15.466,6.448,4.886,51.199,283.591,-2803,,3,4.79,234.787
2026-09-27T20:16:44.000Z,1790540204.000,32.649517759,-117.2040004,5.039,244.622,232.239,-15.973,2.229,4.884,51.461,283.699,-2804,,3,4.963,232.827
2026-09-27T20:16:45.000Z,1790540205.000,32.649508254,-117.204024898,4.962,245.115,233.7,-14.538,3.916,4.883,50.092,283.792,-2805,,3,4.893,231.007
2026-09-27T20:16:46.000Z,1790540206.000,32.649498725,-117.204050325,4.962,248.219,235.929,-15.732,4.846,4.882,47.891,283.82,-2806,,3,4.93,229.185
2026-09-27T20:16:47.000Z,1790540207.000,32.649488663,-117.204076442,5.333,248.406,236.267,-15.232,1.868,4.881,47.526,283.793,-2807,,3,5.301,227.204
2026-09-27T20:16:48.000Z,1790540208.000,32.649478573,-117.204103232,5.7,242.822,236.722,-12.165,2.557,4.88,47.07,283.791,-2808,,3,5.576,225.2
2026-09-27T20:16:49.000Z,1790540209.000,32.649467001,-117.204129398,5.485,240.232,235.223,-12.146,4.415,4.879,48.698,283.921,-2809,,3,5.306,222.982
2026-09-27T20:16:50.000Z,1790540210.000,32.649454239,-117.204156874,5.83,241.02,235.348,-10.518,1.655,4.878,48.744,284.092,-2810,,3,5.657,220.666
2026-09-27T20:16:51.000Z,1790540211.000,32.649442208,-117.204183088,5.368,242.769,232.697,-9.306,6.488,4.877,51.514,284.211,-2811,,3,5.243,218.355
2026-09-27T20:16:52.000Z,1790540212.000,32.64942968,-117.204208542,5.266,237.572,229.3,-11.16,6.054,4.876,55.048,284.348,-2812,,3,5.016,216.004
2026-09-27T20:16:53.000Z,1790540213.000,32.649417781,-117.204233561,5.177,241.456,229.815,-13.185,2.549,4.874,54.659,284.474,-2813,,3,5.024,213.88
2026-09-27T20:16:54.000Z,1790540214.000,32.64940656,-117.204257064,4.978,240.925,230.613,-13.792,2.63,4.873,53.931,284.543,-2814,,3,4.818,211.892
2026-09-27T20:16:55.000Z,1790540215.000,32.649396441,-117.204280057,4.7,240.947,230.322,-14.247,4.505,4.872,54.255,284.577,-2815,,3,4.547,209.995
2026-09-27T20:16:56.000Z,1790540216.000,32.649385873,-117.204302484,4.8,244.162,233.166,-13.839,3.299,4.871,51.407,284.573,-2816,,3,4.703,208.194
2026-09-27T20:16:57.000Z,1790540217.000,32.649375132,-117.204326733,5.265,242.445,233.869,-13.531,2.824,4.87,50.683,284.553,-2817,,3,5.124,206.226
2026-09-27T20:16:58.000Z,1790540218.000,32.649363272,-117.204352979,5.522,242.761,233.739,-14.694,5.034,4.869,50.738,284.477,-2818,,3,5.378,204.036
2026-09-27T20:16:59.000Z,1790540219.000,32.649350679,-117.204381013,5.66,240.838,231.99,-14.25,4.271,4.868,52.462,284.451,-2819,,3,5.462,201.641
2026-09-27T20:17:00.000Z,1790540220.000,32.649339049,-117.204407511,5.33,243.215,233.097,-14.725,1.338,4.867,51.437,284.534,-2820,,3,5.195,199.515
2026-09-27T20:17:01.000Z,1790540221.000,32.64932851,-117.204432008,5.199,241.944,235.338,-10.79,2.567,4.866,49.192,284.531,-2821,,3,5.038,197.623
2026-09-27T20:17:02.000Z,1790540222.000,32.649319321,-117.204454955,4.345,246.455,236.273,-8.237,8.912,4.864,48.395,284.669,-2822,,3,4.281,195.875
2026-09-27T20:17:03.000Z,1790540223.000,32.649309973,-117.204477457,4.476,242.885,235.247,-12.862,1.274,4.863,49.534,284.781,-2823,,3,4.353,194.041
2026-09-27T20:17:04.000Z,1790540224.000,32.649301315,-117.204501033,5.008,245.276,238.654,-12.585,2.983,4.862,46.16,284.813,-2824,,3,4.914,192.435
2026-09-27T20:17:05.000Z,1790540225.000,32.649291737,-117.204526491,5.199,248.398,238.897,-13.334,7.032,4.861,45.937,284.835,-2825,,3,5.148,190.525
2026-09-27T20:17:06.000Z,1790540226.000,32.649281807,-117.204553871,5.3,247.686,236.7,-13.179,4.007,4.86,48.082,284.782,-2826,,3,5.236,188.394
2026-09-27T20:17:07.000Z,1790540227.000,32.649272661,-117.20458029,5.173,249.188,234.904,-11.449,4.657,4.859,49.899,284.803,-2827,,3,5.129,186.403
2026-09-27T20:17:08.000Z,1790540228.000,32.649262232,-117.204605425,4.83,244.299,234.319,-15.09,4.58,4.858,50.495,284.814,-2828,,3,4.715,184.381
2026-09-27T20:17:09.000Z,1790540229.000,32.649251382,-117.204628971,4.697,239.819,233.4,-14.665,4.475,4.857,51.299,284.699,-2829,,3,4.489,182.362
2026-09-27T20:17:10.000Z,1790540230.000,32.64924138,-117.20465074,4.436,237.977,234.196,-10.67,6.224,4.856,50.334,284.53,-2830,,3,4.192,180.566
2026-09-27T20:17:11.000Z,1790540231.000,32.649230972,-117.204672224,4.7,241.753,237.437,-14.353,0.793,4.854,46.989,284.426,-2831,,3,4.531,178.848
2026-09-27T20:17:12.000Z,1790540232.000,32.649222448,-117.20469744,5.286,248.904,240.114,-11.9,6.338,4.853,44.232,284.347,-2832,,3,5.23,177.168
2026-09-27T20:17:13.000Z,1790540233.000,32.649212797,-117.204725302,5.631,247.446,236.094,-15.011,2.937,4.852,48.148,284.243,-2833,,3,5.548,174.963
2026-09-27T20:17:14.000Z,1790540234.000,32.649203916,-117.204751819,5.366,249.921,237.405,-14.419,4.131,4.851,46.71,284.115,-2834,,3,5.32,173.131
2026-09-27T20:17:15.000Z,1790540235.000,32.649195749,-117.204777615,4.866,251.864,237.122,-14.36,5.725,4.85,46.853,283.975,-2835,,3,4.842,171.328
2026-09-27T20:17:16.000Z,1790540236.000,32.649186533,-117.204803608,5.077,245.123,234.761,-12.426,5.298,4.849,49.062,283.824,-2836,,3,4.957,169.32
2026-09-27T20:17:17.000Z,1790540237.000,32.649176366,-117.20482736,4.66,245.047,232.209,-8.409,3.9,4.848,51.528,283.736,-2837,,3,4.545,167.297
2026-09-27T20:17:18.000Z,1790540238.000,32.649165567,-117.204848967,4.8,234.966,231.633,-11.8,1.867,4.847,52.205,283.838,-2838,,3,4.42,165.37
2026-09-27T20:17:19.000Z,1790540239.000,32.649154897,-117.204872062,4.87,245.946,234.248,-8.939,4.565,4.846,49.6,283.848,-2839,,3,4.762,163.529
2026-09-27T20:17:20.000Z,1790540240.000,32.649144474,-117.20489503,5.127,239.376,234.005,-11.371,5.418,4.844,49.753,283.758,-2840,,3,4.854,161.603
2026-09-27T20:17:21.000Z,1790540241.000,32.64913337,-117.20492006,5.3,244.96,236.2,-16.369,5.13,4.843,47.624,283.823,-2841,,3,5.157,159.635
2026-09-27T20:17:22.000Z,1790540242.000,32.64912361,-117.204947733,5.368,247.764,237.168,-15.932,4.472,4.842,46.732,283.899,-2842,,3,5.276,157.655
2026-09-27T20:17:23.000Z,1790540243.000,32.649114667,-117.204975233,5.333,247.933,234.667,-13.6,5.133,4.841,49.427,284.094,-2843,,3,5.242,155.612
2026-09-27T20:17:24.000Z,1790540244.000,32.649105875,-117.20500109,5.135,249.846,235.058,-13.935,4.206,4.84,49.23,284.288,-2844,,3,5.075,153.772
2026-09-27T20:17:25.000Z,1790540245.000,32.649096477,-117.205025373,4.661,245.688,235.073,-13.6,5.606,4.839,49.265,284.338,-2845,,3,4.541,151.913
2026-09-27T20:17:26.000Z,1790540246.000,32.649086599,-117.205048882,4.82,242.23,235.12,-11.911,0.81,4.838,49.254,284.374,-2846,,3,4.618,150.034
2026-09-27T20:17:27.000Z,1790540247.000,32.649077314,-117.205071725,4.804,247.482,238.196,-10.314,3.832,4.837,46.196,284.393,-2847,,3,4.707,148.376
2026-09-27T20:17:28.000Z,1790540248.000,32.649066983,-117.205096955,5.234,245.639,238.963,-14.134,2.673,4.836,45.45,284.413,-2848,,3,5.09,146.421
2026-09-27T20:17:29.000Z,1790540249.000,32.649056147,-117.205124667,5.846,244.385,238.408,-13.992,4.139,4.834,46.163,284.571,-2849,,3,5.65,144.261
2026-09-27T20:17:30.000Z,1790540250.000,32.649045749,-117.20515257,5.261,250.303,236.379,-12.6,5.737,4.833,48.415,284.793,-2850,,3,5.194,142.072
2026-09-27T20:17:31.000Z,1790540251.000,32.649036332,-117.20517932,4.963,246.468,235.637,-12.321,4.621,4.832,49.418,285.055,-2851,,3,4.834,140.086
2026-09-27T20:17:32.000Z,1790540252.000,32.649028076,-117.205203966,4.8,251.212,237.496,-14.41,3.46,4.831,47.939,285.435,-2852,,3,4.748,138.412
2026-09-27T20:17:33.000Z,1790540253.000,32.649020435,-117.205228041,4.771,246.965,237.071,-11.553,4.547,4.83,48.778,285.849,-2853,,3,4.652,136.719
2026-09-27T20:17:34.000Z,1790540254.000,32.649011966,-117.205251882,4.922,246.887,236.917,-11.561,2.243,4.829,49.13,286.047,-2854,,3,4.795,134.963
2026-09-27T20:17:35.000Z,1790540255.000,32.649002918,-117.205276286,4.907,243.644,236.869,-8.475,6.81,4.828,49.271,286.14,-2855,,3,4.708,133.132
2026-09-27T20:17:36.000Z,1790540256.000,32.648993049,-117.205300182,4.7,249.172,235.109,-12.423,7.073,4.827,51.243,286.353,-2856,,3,4.613,131.161
2026-09-27T20:17:37.000Z,1790540257.000,32.648982482,-117.205324268,5.102,241.06,234.634,-13.794,0.708,4.826,51.908,286.542,-2857,,3,4.813,129.169
2026-09-27T20:17:38.000Z,1790540258.000,32.648971972,-117.205348979,5.317,241.31,236.183,-11.373,6.961,4.824,50.264,286.448,-2858,,3,5.018,127.246
2026-09-27T20:17:39.000Z,1790540259.000,32.648959866,-117.205375507,5.2,246.272,232.568,-12.068,5.142,4.823,53.944,286.512,-2859,,3,5.032,124.875
2026-09-27T20:17:40.000Z,1790540260.000,32.648948099,-117.205400507,4.964,239.519,231.364,-15.341,2.964,4.822,55.532,286.896,-2860,,3,4.615,122.699
2026-09-27T20:17:41.000Z,1790540261.000,32.648938836,-117.205423292,4.7,247.231,236.631,-18.034,2.733,4.821,50.401,287.032,-2861,,3,4.561,121.126
2026-09-27T20:17:42.000Z,1790540262.000,32.648932047,-117.205446606,4.404,257.507,237.804,-12.808,4.953,4.82,49.469,287.273,-2862,,3,4.394,119.621
2026-09-27T20:17:43.000Z,1790540263.000,32.648925238,-117.205469832,4.538,251.035,239.738,-12.623,2.531,4.819,47.735,287.474,-2863,,3,4.465,118.156
2026-09-27T20:17:44.000Z,1790540264.000,32.648917224,-117.205494259,5.008,247.185,239.669,-11.246,4.469,4.818,47.848,287.517,-2864,,3,4.852,116.428
2026-09-27T20:17:45.000Z,1790540265.000,32.6489078,-117.205520167,5.333,246.067,239.9,-10.567,4.133,4.817,47.743,287.643,-2865,,3,5.137,114.516
2026-09-27T20:17:46.000Z,1790540266.000,32.648897718,-117.205547511,5.366,250.063,239.097,-11.915,5.416,4.816,48.644,287.741,-2866,,3,5.252,112.434
2026-09-27T20:17:47.000Z,1790540267.000,32.648887226,-117.205574614,5.397,244.359,236.736,-11.728,2.651,4.814,51.07,287.807,-2867,,3,5.139,110.249
2026-09-27T20:17:48.000Z,1790540268.000,32.648876368,-117.205600289,5.042,244.056,238.845,-11.752,5.546,4.813,48.937,287.782,-2868,,3,4.788,108.285
2026-09-27T20:17:49.000Z,1790540269.000,32.648867126,-117.205624857,4.398,247.116,238.172,-10.631,6.942,4.812,49.562,287.734,-2869,,3,4.24,106.398
2026-09-27T20:17:50.000Z,1790540270.000,32.648859175,-117.205648043,4.465,245.57,239.131,-12.357,2.335,4.811,48.691,287.822,-2870,,3,4.267,104.772
2026-09-27T20:17:51.000Z,1790540271.000,32.648852503,-117.205671215,4.373,254.774,241.38,-11.5,6.097,4.81,46.541,287.921,-2871,,3,4.331,103.34
2026-09-27T20:17:52.000Z,1790540272.000,32.648845863,-117.20569579,4.76,253.461,240.9,-12.26,3.978,4.809,46.976,287.876,-2872,,3,4.695,101.727
2026-09-27T20:17:53.000Z,1790540273.000,32.648839876,-117.205721549,4.9,253.308,241.61,-12.095,5.783,4.808,46.255,287.864,-2873,,3,4.83,100.196
2026-09-27T20:17:54.000Z,1790540274.000,32.648832581,-117.205747648,5.103,251.592,241.431,-13.672,1.853,4.807,46.585,288.016,-2874,,3,4.999,98.474
2026-09-27T20:17:55.000Z,1790540275.000,32.648824266,-117.205774295,5.3,248.53,241.474,-8.592,3.128,4.806,46.617,288.09,-2875,,3,5.124,96.639
2026-09-27T20:17:56.000Z,1790540276.000,32.648814521,-117.205799183,4.763,243.457,236.885,-7.988,4.387,4.804,51.054,287.939,-2876,,3,4.469,94.503
2026-09-27T20:17:57.000Z,1790540277.000,32.648803884,-117.205822002,4.762,242.482,234.018,-11.158,2.186,4.803,53.812,287.83,-2877,,3,4.429,92.447
2026-09-27T20:17:58.000Z,1790540278.000,32.648792647,-117.20584504,4.691,243.324,236.222,-12.47,4.435,4.802,51.608,287.83,-2878,,3,4.38,90.539
2026-09-27T20:17:59.000Z,1790540279.000,32.648782136,-117.205868959,4.567,245.424,235.566,-15.067,4.697,4.801,52.385,287.951,-2879,,3,4.314,88.55
2026-09-27T20:18:00.000Z,1790540280.000,32.648773283,-117.205892629,4.7,246.239,235.402,-14.914,2.907,4.8,52.436,287.839,-2880,,3,4.454,86.761
2026-09-27T20:18:01.000Z,1790540281.000,32.648765308,-117.205916057,4.548,252.39,237.84,-15.452,5.644,4.799,49.886,287.727,-2881,,3,4.438,85.187
2026-09-27T20:18:02.000Z,1790540282.000,32.648757914,-117.205941181,4.7,252.162,238.711,-16.063,3.897,4.798,48.697,287.408,-2882,,3,4.579,83.54
2026-09-27T20:18:03.000Z,1790540283.000,32.648751374,-117.205966487,5.168,251.422,240.816,-13.868,1.921,4.797,46.347,287.163,-2883,,3,5.017,82.035
2026-09-27T20:18:04.000Z,1790540284.000,32.648744297,-117.205992075,4.999,251.037,239.466,-10.566,4.863,4.796,47.567,287.033,-2884,,3,4.84,80.298
2026-09-27T20:18:05.000Z,1790540285.000,32.648736286,-117.206016266,4.764,244.75,237.144,-7.253,6.703,4.794,49.867,287.011,-2885,,3,4.445,78.475
2026-09-27T20:18:06.000Z,1790540286.000,32.648725167,-117.206040696,4.813,240.913,236.358,-12.683,2.635,4.793,50.754,287.113,-2886,,3,4.351,76.398
2026-09-27T20:18:07.000Z,1790540287.000,32.648715649,-117.206064561,5.176,245.506,239.464,-11.189,1.204,4.792,47.949,287.413,-2887,,3,4.834,74.685
2026-09-27T20:18:08.000Z,1790540288.000,32.648706463,-117.206089542,4.934,246.629,239.834,-12.634,5.865,4.791,48.056,287.889,-2888,,3,4.633,72.838
2026-09-27T20:18:09.000Z,1790540289.000,32.648696781,-117.206115107,5.138,243.676,237.197,-15.049,5.494,4.79,51.039,288.237,-2889,,3,4.712,70.778
2026-09-27T20:18:10.000Z,1790540290.000,32.648686582,-117.206141415,5.371,246.946,237.675,-12.575,2.584,4.789,50.697,288.372,-2890,,3,5.028,68.782
2026-09-27T20:18:11.000Z,1790540291.000,32.648676697,-117.206165722,4.731,245.843,236.731,-9.735,5.109,4.788,51.634,288.366,-2891,,3,4.385,66.829
2026-09-27T20:18:12.000Z,1790540292.000,32.64866744,-117.206187986,4.434,240.099,236.228,-10.036,6.929,4.787,51.976,288.204,-2892,,3,3.908,65.036
2026-09-27T20:18:13.000Z,1790540293.000,32.64865827,-117.206211313,4.338,254.495,238.22,-12.638,2.835,4.786,49.744,287.964,-2893,,3,4.207,63.324
2026-09-27T20:18:14.000Z,1790540294.000,32.648650682,-117.206237374,5.147,250.428,239.711,-10.053,2.335,4.784,48.143,287.854,-2894,,3,4.883,61.653
2026-09-27T20:18:15.000Z,1790540295.000,32.648643341,-117.20626251,4.836,252.035,237.573,-13.559,6.059,4.783,50.4,287.973,-2895,,3,4.621,59.871
2026-09-27T20:18:16.000Z,1790540296.000,32.648636474,-117.206285743,4.334,250.768,237.498,-14.398,3.437,4.782,50.802,288.3,-2896,,3,4.104,58.305
2026-09-27T20:18:17.000Z,1790540297.000,32.648630688,-117.206308155,4.239,255.329,240.467,-13.121,4.608,4.781,48.057,288.524,-2897,,3,4.107,57.023
2026-09-27T20:18:18.000Z,1790540298.000,32.648624154,-117.206331859,4.476,253.248,239.679,-10.151,2.2,4.78,49.029,288.708,-2898,,3,4.286,55.439
2026-09-27T20:18:19.000Z,1790540299.000,32.648615104,-117.206355442,4.968,242.083,241.032,-9.6,3.231,4.779,47.782,288.814,-2899,,3,4.375,53.706
2026-09-27T20:18:20.000Z,1790540300.000,32.64860588,-117.206380466,5.068,245.202,239.334,-7.668,5.562,4.778,49.626,288.96,-2900,,3,4.568,51.754
2026-09-27T20:18:21.000Z,1790540301.000,32.648594533,-117.206406756,5.462,243.089,238.165,-10.114,2.416,4.777,50.934,289.099,-2901,,3,4.806,49.565
2026-09-27T20:18:22.000Z,1790540302.000,32.64858441,-117.206432471,5.2,242.154,236.83,-11.761,7.401,4.776,52.51,289.34,-2902,,3,4.51,47.517
2026-09-27T20:18:23.000Z,1790540303.000,32.648574635,-117.206456985,4.526,244.08,235.463,-13.543,3.037,4.774,53.905,289.368,-2903,,3,3.978,45.549
2026-09-27T20:18:24.000Z,1790540304.000,32.648566771,-117.206479784,4.4,250.675,237.299,-15.466,3.434,4.773,52.132,289.431,-2904,,3,4.071,43.982
2026-09-27T20:18:25.000Z,1790540305.000,32.648560857,-117.206503149,4.565,251.813,238.524,-12.73,5.411,4.772,50.972,289.497,-2905,,3,4.248,42.568
2026-09-27T20:18:26.000Z,1790540306.000,32.648554458,-117.206526742,4.424,249.438,239.009,-13.529,4.327,4.771,50.484,289.493,-2906,,3,4.034,41.062
2026-09-27T20:18:27.000Z,1790540307.000,32.64854754,-117.206550422,4.331,253.5,241,-11.369,3.397,4.77,48.378,289.378,-2907,,3,4.057,39.574
2026-09-27T20:18:28.000Z,1790540308.000,32.648540028,-117.20657435,4.833,249.938,242.603,-9.966,4.769,4.769,46.517,289.12,-2908,,3,4.397,38.001
2026-09-27T20:18:29.000Z,1790540309.000,32.648531557,-117.206600219,5.104,249.768,242.404,-9.265,3.417,4.768,46.441,288.845,-2909,,3,4.617,36.166
2026-09-27T20:18:30.000Z,1790540310.000,32.64852311,-117.206626917,4.914,251.294,239.153,-6.724,7.486,4.767,49.592,288.744,-2910,,3,4.475,34.153
2026-09-27T20:18:31.000Z,1790540311.000,32.648512967,-117.20665318,5.368,242.847,236.836,-11.132,2.451,4.766,51.923,288.76,-2911,,3,4.468,32.036
2026-09-27T20:18:32.000Z,1790540312.000,32.648504418,-117.206678456,5.134,244.768,236.703,-13.639,4.255,4.764,52.215,288.917,-2912,,3,4.336,30.22
2026-09-27T20:18:33.000Z,1790540313.000,32.648495071,-117.206702675,4.606,242.517,236.071,-13.488,3.465,4.763,53.06,289.131,-2913,,3,3.756,28.34
2026-09-27T20:18:34.000Z,1790540314.000,32.648487432,-117.206725089,4.562,245.511,238.71,-13.232,4.062,4.762,50.503,289.212,-2914,,3,3.83,26.848
2026-09-27T20:18:35.000Z,1790540315.000,32.648481038,-117.206747425,4.394,250.75,239.863,-10.675,3.369,4.761,49.255,289.117,-2915,,3,3.873,25.422
2026-09-27T20:18:36.000Z,1790540316.000,32.648472994,-117.206770516,4.831,243.802,240.102,-9.298,6.035,4.76,49.119,289.221,-2916,,3,3.917,23.756
2026-09-27T20:18:37.000Z,1790540317.000,32.648464715,-117.206795858,5.002,249.547,239.532,-9.944,6.241,4.759,49.528,289.06,-2917,,3,4.294,21.943
2026-09-27T20:18:38.000Z,1790540318.000,32.648455066,-117.206822069,5.53,245.819,239.277,-13.955,0.855,4.758,49.648,288.925,-2918,,3,4.502,19.973
2026-09-27T20:18:39.000Z,1790540319.000,32.648446377,-117.206849089,5.13,251.746,240.779,-11.87,5.077,4.757,47.96,288.739,-2919,,3,4.425,18.157
2026-09-27T20:18:40.000Z,1790540320.000,32.648437561,-117.206874516,4.932,246.606,238.766,-13.563,3.936,4.756,49.812,288.578,-2920,,3,3.963,16.217
2026-09-27T20:18:41.000Z,1790540321.000,32.648429453,-117.206897998,4.539,249.255,238.765,-14.091,2.774,4.754,49.789,288.554,-2921,,3,3.729,14.518
2026-09-27T20:18:42.000Z,1790540322.000,32.648423001,-117.206920949,4.469,250.746,241.707,-13.177,3.924,4.753,46.724,288.431,-2922,,3,3.707,13.151
2026-09-27T20:18:43.000Z,1790540323.000,32.648416392,-117.206944722,4.37,251.668,242.479,-13.251,4.011,4.752,45.678,288.157,-2923,,3,3.629,11.634
2026-09-27T20:18:44.000Z,1790540324.000,32.64840957,-117.206969891,4.999,249.547,241.568,-12.332,3.201,4.751,46.401,287.969,-2924,,3,3.996,9.957
2026-09-27T20:18:45.000Z,1790540325.000,32.648401617,-117.206996172,5,254.976,241.831,-10.876,6.314,4.75,46.043,287.874,-2925,,3,4.213,8.184
2026-09-27T20:18:46.000Z,1790540326.000,32.648394648,-117.207021872,4.773,255.501,241.817,-12.527,3.573,4.749,46.163,287.98,-2926,,3,3.997,6.519
2026-09-27T20:18:47.000Z,1790540327.000,32.648387044,-117.207047833,5.304,251.77,244.6,-11.614,2.97,4.748,43.241,287.841,-2927,,3,4.185,4.924
2026-09-27T20:18:48.000Z,1790540328.000,32.648379247,-117.207074574,5.364,250.293,243.215,-7.964,2.796,4.747,44.587,287.802,-2928,,3,4.066,3.063
2026-09-27T20:18:49.000Z,1790540329.000,32.648370246,-117.207101264,5.266,247.418,240.036,-11.13,4.298,4.746,47.602,287.638,-2929,,3,3.714,0.994
2026-09-27T20:18:50.000Z,1790540330.000,32.648361865,-117.207126341,4.571,247.406,237.982,-11.682,3.771,4.744,49.338,287.321,-2930,,3,3.138,-0.889
2026-09-27T20:18:51.000Z,1790540331.000,32.648354813,-117.207148176,4.208,249.216,239.593,-12.555,6.413,4.743,47.383,286.976,-2931,,3,2.921,-2.343
2026-09-27T20:18:52.000Z,1790540332.000,32.64834824,-117.207170741,4.085,252.28,240.244,-16.615,5.104,4.742,46.324,286.568,-2932,,3,2.926,-3.819
2026-09-27T20:18:53.000Z,1790540333.000,32.648342095,-117.207195859,4.895,255.156,243.534,-15.197,3.203,4.741,42.623,286.158,-2933,,3,3.599,-5.212
2026-09-27T20:18:54.000Z,1790540334.000,32.648337278,-117.20722216,4.804,261.113,244.13,-11.809,5.53,4.74,41.777,285.907,-2934,,3,3.779,-6.648
2026-09-27T20:18:55.000Z,1790540335.000,32.648332204,-117.207248227,4.91,256.914,248.343,-12.21,2.177,4.739,37.417,285.76,-2935,,3,3.55,-7.9
2026-09-27T20:18:56.000Z,1790540336.000,32.648330129,-117.207274153,4.612,265.641,258.8,-9.83,5.092,4.738,26.831,285.63,-2936,,3,3.742,-8.422
2026-09-27T20:18:57.000Z,1790540337.000,32.648330907,-117.207300057,4.696,277.079,265.693,-5.736,4.346,4.737,19.813,285.506,-2937,,3,4.253,-8.825
2026-09-27T20:18:58.000Z,1790540338.000,32.648335698,-117.207324393,4.5,291.695,277.131,1.465,2,4.736,8.213,285.344,-2938,,3,4.425,-8.379
2026-09-27T20:18:59.000Z,1790540339.000,32.648344337,-117.207344513,4.024,300.869,290.518,5.919,4.447,4.734,-5.12,285.398,-2939,,3,4.024,-7.175
2026-09-27T20:19:00.000Z,1790540340.000,32.64835644,-117.207361451,3.986,312.359,300.516,4.862,3.662,4.733,-14.909,285.607,-2940,,3,3.893,-5.758
2026-09-27T20:19:01.000Z,1790540341.000,32.648372574,-117.207374109,4.062,330.681,311.316,11.803,3.318,4.732,-25.545,285.771,-2941,,3,3.41,-3.726
2026-09-27T20:19:02.000Z,1790540342.000,32.648389573,-117.207381369,4.101,343.019,319.238,19.169,5.366,4.731,-33.495,285.744,-2942,,3,2.762,-1.665
2026-09-27T20:19:03.000Z,1790540343.000,32.648406993,-117.207386921,3.897,343.565,326.779,22.3,4.366,4.73,-40.775,286.004,-2943,,3,2.464,0.439
2026-09-27T20:19:04.000Z,1790540344.000,32.648424249,-117.207394318,4.024,335.986,326.876,19.438,5.269,4.729,-40.617,286.259,-2944,,3,2.84,1.934
2026-09-27T20:19:05.000Z,1790540345.000,32.648441617,-117.207405185,4.03,329.03,323.847,16.779,2.191,4.728,-37.724,286.122,-2945,,3,3.095,3.095
2026-09-27T20:19:06.000Z,1790540346.000,32.648457877,-117.207416397,4.064,329.371,325.836,13.952,5.86,4.727,-39.818,286.018,-2946,,3,3.01,4.477
2026-09-27T20:19:07.000Z,1790540347.000,32.648474784,-117.207425094,3.803,341.236,327.332,15.229,3.794,4.726,-41.191,286.141,-2947,,3,2.103,5.982
2026-09-27T20:19:08.000Z,1790540348.000,32.648492976,-117.207431477,4,343.031,329.961,16.392,4.585,4.724,-43.635,286.325,-2948,,3,1.936,7.776
2026-09-27T20:19:09.000Z,1790540349.000,32.6485103,-117.207440867,4.244,330.5,327.239,12.211,4.022,4.723,-40.597,286.642,-2949,,3,2.679,9.016
2026-09-27T20:19:10.000Z,1790540350.000,32.648527764,-117.207452186,4.3,331.676,321.789,10.532,4.097,4.722,-34.724,287.065,-2950,,3,2.51,10.002
2026-09-27T20:19:11.000Z,1790540351.000,32.648545578,-117.207463575,4.334,328.723,320.928,12.095,3.967,4.721,-33.294,287.634,-2951,,3,2.533,11.337
2026-09-27T20:19:12.000Z,1790540352.000,32.648563236,-117.207476326,4.53,332.518,317.05,10.1,5.445,4.72,-28.844,288.206,-2952,,3,2.208,12.383
2026-09-27T20:19:13.000Z,1790540353.000,32.648581913,-117.207488708,4.762,331.008,319.39,14.919,3.447,4.719,-30.884,288.506,-2953,,3,2.152,14.003
2026-09-27T20:19:14.000Z,1790540354.000,32.648600004,-117.207504157,4.939,321.709,314.157,10.113,4.848,4.718,-25.546,288.61,-2954,,3,2.679,14.887
2026-09-27T20:19:15.000Z,1790540355.000,32.648619198,-117.207516653,4.665,334.085,315.273,15.17,3.108,4.717,-26.631,288.642,-2955,,3,1.294,16.468
2026-09-27T20:19:16.000Z,1790540356.000,32.64863843,-117.207529704,4.803,325.04,317.387,13.709,2.94,4.716,-28.774,288.613,-2956,,3,1.68,18.105
2026-09-27T20:19:17.000Z,1790540357.000,32.648657027,-117.207543589,4.764,328.63,316.589,12.861,3.789,4.714,-27.916,288.673,-2957,,3,1.015,19.43
2026-09-27T20:19:18.000Z,1790540358.000,32.648676068,-117.207558296,4.8,328.109,313.27,11.351,4.7,4.713,-24.407,288.863,-2958,,3,0.673,20.578
2026-09-27T20:19:19.000Z,1790540359.000,32.648695542,-117.207570882,4.906,330.671,316.417,14.691,3.597,4.712,-27.566,288.851,-2959,,3,0.027,22.337
2026-09-27T20:19:20.000Z,1790540360.000,32.648712767,-117.207587,4.7,318.067,312.933,12.3,4.867,4.711,-24.177,288.757,-2960,,3,0.661,23.234
2026-09-27T20:19:21.000Z,1790540361.000,32.648728876,-117.207605995,4.8,313.989,308.662,11.779,2.57,4.71,-20.229,288.433,-2961,,3,0.592,23.844
2026-09-27T20:19:22.000Z,1790540362.000,32.648744007,-117.207626906,5.038,309.138,305.9,12.692,4.462,4.709,-17.379,288.521,-2962,,3,0.572,24.396
2026-09-27T20:19:23.000Z,1790540363.000,32.648758356,-117.207648494,4.64,307.907,299.37,12.529,5.529,4.708,-10.821,288.549,-2963,,3,0.187,24.537
2026-09-27T20:19:24.000Z,1790540364.000,32.648769145,-117.207671408,4.803,291.304,289.15,9.627,3.105,4.707,-0.83,288.32,-2964,,3,1.144,23.961
2026-09-27T20:19:25.000Z,1790540365.000,32.648775127,-117.207694631,4.105,282.175,272.951,2.934,4.751,4.706,15.232,288.184,-2965,,3,1.322,22.431
2026-09-27T20:19:26.000Z,1790540366.000,32.648776244,-117.207716008,3.856,273.48,258.064,-6.94,0.324,4.704,29.882,287.946,-2966,,3,1.599,20.689
2026-09-27T20:19:27.000Z,1790540367.000,32.648775444,-117.207736087,3.571,258.389,246.462,-5.087,5.069,4.703,41.291,287.753,-2967,,3,2.137,19.152
2026-09-27T20:19:28.000Z,1790540368.000,32.648769677,-117.207755855,3.632,245.94,232.427,-9.883,4.109,4.702,55.119,287.546,-2968,,3,2.684,17.161
2026-09-27T20:19:29.000Z,1790540369.000,32.648760903,-117.207772995,3.7,237.397,222.969,-15.598,3.735,4.701,64.273,287.243,-2969,,3,3.023,15.313
2026-09-27T20:19:30.000Z,1790540370.000,32.648750471,-117.207788927,3.562,229.578,217.23,-14.657,6.167,4.7,69.68,286.91,-2970,,3,3.1,13.523
2026-09-27T20:19:31.000Z,1790540371.000,32.648736881,-117.207804042,4.239,218.568,214.361,-14.263,2.046,4.699,72.184,286.545,-2971,,3,3.946,11.524
2026-09-27T20:19:32.000Z,1790540372.000,32.648721104,-117.207820502,4.6,222.367,215.337,-11.863,4.58,4.698,70.948,286.286,-2972,,3,3.926,9.319
2026-09-27T20:19:33.000Z,1790540373.000,32.648704827,-117.207838406,4.934,219.814,216.534,-11.033,4.434,4.697,69.63,286.164,-2973,,3,3.814,7.014
2026-09-27T20:19:34.000Z,1790540374.000,32.648688596,-117.207855927,4.731,225.082,218.525,-11.469,3.349,4.696,67.42,285.945,-2974,,3,2.277,4.747
2026-09-27T20:19:35.000Z,1790540375.000,32.648674727,-117.207874701,4.561,224.53,218.055,-9.406,5.822,4.694,67.74,285.795,-2975,,3,0.563,2.624
2026-09-27T20:19:36.000Z,1790540376.000,32.648660911,-117.207894185,4.459,235.442,220.3,-8.441,3.404,4.693,65.316,285.616,-2976,,3,-2.028,0.541
2026-09-27T20:19:37.000Z,1790540377.000,32.648647754,-117.207913655,4.568,226.803,214.818,-7.373,3.241,4.692,70.535,285.353,-2977,,4,-2.06,1.24
2026-09-27T20:19:38.000Z,1790540378.000,32.648632298,-117.207930875,4.732,216.747,208.315,-7.868,4.252,4.691,76.871,285.186,-2978,,4,-1.369,3.512
2026-09-27T20:19:39.000Z,1790540379.000,32.64861477,-117.207945929,4.4,216.805,194.45,3.528,6.831,4.69,90.757,285.207,-2979,,4,-1.283,5.849
2026-09-27T20:19:40.000Z,1790540380.000,32.648592949,-117.207954343,5,194.089,176.773,2.824,0.262,4.689,108.437,285.21,-2980,,4,0.497,8.046
2026-09-27T20:19:41.000Z,1790540381.000,32.648570586,-117.207953323,5.165,170.024,159.714,-3.442,6.346,4.688,125.483,285.197,-2981,,4,2.56,9.623
2026-09-27T20:19:42.000Z,1790540382.000,32.648548421,-117.207947472,4.135,166.932,154.038,-1.072,3.962,4.687,131.049,285.087,-2982,,4,2.237,11.437
2026-09-27T20:19:43.000Z,1790540383.000,32.648525537,-117.207939772,5.493,161.237,145.895,1.132,5.116,4.686,139.05,284.945,-2983,,4,3.412,13.074
2026-09-27T20:19:44.000Z,1790540384.000,32.648503274,-117.207928583,4.93,154.9,141.122,-1.778,5.239,4.684,143.856,284.978,-2984,,4,3.467,14.718
2026-09-27T20:19:45.000Z,1790540385.000,32.648482296,-117.207914948,5.132,148.727,139.063,-2.563,3.91,4.683,145.898,284.961,-2985,,4,3.977,16.327
2026-09-27T20:19:46.000Z,1790540386.000,32.64846212,-117.207899688,5.234,144.553,136.298,-1.072,3.668,4.682,148.802,285.1,-2986,,4,4.284,17.747
2026-09-27T20:19:47.000Z,1790540387.000,32.648442932,-117.20788113,5.466,141.851,134.434,-2.205,4.607,4.681,150.685,285.119,-2987,,4,4.615,19.019
2026-09-27T20:19:48.000Z,1790540388.000,32.64842479,-117.207864527,4.938,143.41,133.288,2.875,5.012,4.68,151.869,285.157,-2988,,4,4.093,20.297
2026-09-27T20:19:49.000Z,1790540389.000,32.648406582,-117.207849619,4.812,146.18,131.888,-0.037,4.571,4.679,153.257,285.145,-2989,,4,3.853,21.616
2026-09-27T20:19:50.000Z,1790540390.000,32.648388845,-117.207835658,4.6,147.382,132.105,-6.523,5.295,4.678,153.072,285.177,-2990,,4,3.622,23.037
2026-09-27T20:19:51.000Z,1790540391.000,32.648369292,-117.207823066,4.939,156.378,135.009,-3.161,4.574,4.677,150.186,285.195,-2991,,4,3.361,24.892
2026-09-27T20:19:52.000Z,1790540392.000,32.648348855,-117.207809021,5.328,147.646,131.892,1.33,2.553,4.676,153.186,285.078,-2992,,4,4.174,26.344
2026-09-27T20:19:53.000Z,1790540393.000,32.648330148,-117.207792596,4.989,135.118,129.207,2.911,5.381,4.674,155.831,285.039,-2993,,4,4.486,27.567
2026-09-27T20:19:54.000Z,1790540394.000,32.648313471,-117.207774536,5.1,137.824,132.508,-1.09,3.07,4.673,152.582,285.09,-2994,,4,4.474,28.98
2026-09-27T20:19:55.000Z,1790540395.000,32.648295973,-117.207757572,5.399,139.335,134.665,0.132,3.134,4.672,150.589,285.254,-2995,,4,4.664,30.425
2026-09-27T20:19:56.000Z,1790540396.000,32.648278216,-117.207741516,5.239,142.902,133.5,-3.864,5.093,4.671,152.02,285.52,-2996,,4,4.351,31.678
2026-09-27T20:19:57.000Z,1790540397.000,32.648259226,-117.207725068,5.014,147.885,134.262,-0.239,4.381,4.67,151.228,285.49,-2997,,4,3.903,33.191
2026-09-27T20:19:58.000Z,1790540398.000,32.648239888,-117.207712008,4.524,146.123,131.849,2.497,4.307,4.669,153.082,284.93,-2998,,4,3.605,34.612
2026-09-27T20:19:59.000Z,1790540399.000,32.648223172,-117.207699604,4.499,146.234,128.333,-3.232,3.003,4.668,155.831,284.165,-2999,,4,3.578,35.692
2026-09-27T20:20:00.000Z,1790540400.000,32.648206919,-117.207688674,4.095,146.385,124.045,-2.045,4.28,4.667,159.539,283.584,-3000,,4,3.249,36.706
2026-09-27T20:20:01.000Z,1790540401.000,32.648190626,-117.207675388,4.432,140.949,122.821,-1.879,4.555,4.666,160.469,283.291,-3001,,4,3.754,37.885
2026-09-27T20:20:02.000Z,1790540402.000,32.648174169,-117.207658829,4.57,138.09,122.3,0.995,3.1,4.664,160.949,283.249,-3002,,4,3.986,39.032
2026-09-27T20:20:03.000Z,1790540403.000,32.648160558,-117.207638987,4.765,126.916,122.138,-1.503,3.165,4.663,161.178,283.316,-3003,,4,4.528,39.804
2026-09-27T20:20:04.000Z,1790540404.000,32.648147176,-117.207620266,4.57,128.53,124.105,1.575,4.43,4.662,159.206,283.311,-3004,,4,4.3,40.757
2026-09-27T20:20:05.000Z,1790540405.000,32.648134036,-117.207599443,4.837,128.876,124.341,-1.459,2.922,4.661,158.921,283.262,-3005,,4,4.541,41.48
2026-09-27T20:20:06.000Z,1790540406.000,32.648120164,-117.2075783,4.911,126.787,124.67,-2.366,4.568,4.66,158.323,282.993,-3006,,4,4.668,42.277
2026-09-27T20:20:07.000Z,1790540407.000,32.648105296,-117.207559093,4.668,136.754,128.068,-2.375,4.836,4.659,154.57,282.638,-3007,,4,4.118,43.478
2026-09-27T20:20:08.000Z,1790540408.000,32.648089122,-117.207542888,4.532,137.484,126.068,0.17,4.334,4.658,156.228,282.296,-3008,,4,3.969,44.493
2026-09-27T20:20:09.000Z,1790540409.000,32.648072968,-117.20752683,4.623,140.061,126.677,-3.577,4.631,4.657,155.351,282.028,-3009,,4,3.943,45.713
2026-09-27T20:20:10.000Z,1790540410.000,32.648055941,-117.20751225,4.7,142.518,127.047,-5.572,4.055,4.656,154.957,282.003,-3010,,4,3.898,47.053
2026-09-27T20:20:11.000Z,1790540411.000,32.648037001,-117.207498485,4.763,150.21,127.463,-2.9,4.868,4.654,154.691,282.155,-3011,,4,3.555,48.622
2026-09-27T20:20:12.000Z,1790540412.000,32.648017133,-117.207484367,5.2,145.932,128.567,-3.1,4.633,4.653,153.805,282.371,-3012,,4,4.126,50.33
2026-09-27T20:20:13.000Z,1790540413.000,32.647997259,-117.207468454,5,144.08,127.865,-3.34,4.695,4.652,154.859,282.724,-3013,,4,4.061,51.841
2026-09-27T20:20:14.000Z,1790540414.000,32.647978047,-117.207450831,5.416,140.119,127.9,-1.516,4.616,4.651,155.145,283.045,-3014,,4,4.604,53.286
2026-09-27T20:20:15.000Z,1790540415.000,32.647958735,-117.207432428,5.508,138.735,127.661,0.576,4.416,4.65,155.404,283.065,-3015,,4,4.748,54.694
2026-09-27T20:20:16.000Z,1790540416.000,32.647940825,-117.207411718,5.461,133.896,129.068,-2.068,3.675,4.649,153.96,283.027,-3016,,4,4.923,56.009
2026-09-27T20:20:17.000Z,1790540417.000,32.647924193,-117.207392001,5.371,132.278,128.7,-0.842,4.334,4.648,154.601,283.301,-3017,,4,4.904,57.086
2026-09-27T20:20:18.000Z,1790540418.000,32.647907776,-117.207371407,5.428,132.669,127.572,1.172,4.013,4.647,156.235,283.807,-3018,,4,4.94,58.053
2026-09-27T20:20:19.000Z,1790540419.000,32.647891153,-117.207351441,5.041,136.132,128.095,-1.229,2.693,4.646,156.161,284.256,-3019,,4,4.452,59.19
2026-09-27T20:20:20.000Z,1790540420.000,32.647873192,-117.207333734,5.271,142.64,129.135,-3.832,4.765,4.644,155.37,284.506,-3020,,4,4.341,60.578
2026-09-27T20:20:21.000Z,1790540421.000,32.647853153,-117.20731695,5.369,145.099,128.968,-5.793,4.099,4.643,155.505,284.472,-3021,,4,4.285,62.12
2026-09-27T20:20:22.000Z,1790540422.000,32.647832764,-117.207300606,5.1,145.689,129.076,-3.805,4.353,4.642,155.256,284.332,-3022,,4,4.035,63.734
2026-09-27T20:20:23.000Z,1790540423.000,32.647811013,-117.207286093,5.158,151.52,129.187,-0.775,4.602,4.641,155.265,284.451,-3023,,4,3.735,65.549
2026-09-27T20:20:24.000Z,1790540424.000,32.647790798,-117.207271183,4.939,145.438,127.1,-2.261,4.592,4.64,157.463,284.563,-3024,,4,3.915,67.022
2026-09-27T20:20:25.000Z,1790540425.000,32.647771837,-117.20725581,4.765,143.507,126.83,-0.265,5.103,4.639,157.834,284.663,-3025,,4,3.87,68.488
2026-09-27T20:20:26.000Z,1790540426.000,32.64775356,-117.207240145,5.228,144.177,127.064,0.078,2.621,4.638,157.822,284.887,-3026,,4,4.208,69.913
2026-09-27T20:20:27.000Z,1790540427.000,32.647736038,-117.207224363,5.186,140.246,126.184,-2.676,2.943,4.637,158.926,285.11,-3027,,4,4.373,71.169
2026-09-27T20:20:28.000Z,1790540428.000,32.64771738,-117.20720591,5.33,137.95,127.05,-3.87,3.09,4.636,158.164,285.214,-3028,,4,4.603,72.593
2026-09-27T20:20:29.000Z,1790540429.000,32.647697799,-117.207183729,6.265,136.64,129.235,-3.055,3.532,4.634,156.029,285.264,-3029,,4,5.479,74.096
2026-09-27T20:20:30.000Z,1790540430.000,32.647678698,-117.207160072,5.903,131.665,129.832,-1.471,4.405,4.633,155.261,285.092,-3030,,4,5.389,75.378
2026-09-27T20:20:31.000Z,1790540431.000,32.647660162,-117.207137541,5.636,136.514,130.392,-1.092,3.936,4.632,154.273,284.666,-3031,,4,4.93,76.634
2026-09-27T20:20:32.000Z,1790540432.000,32.647641365,-117.207118035,5.159,140.626,129.448,-3.416,4.811,4.631,154.672,284.12,-3032,,4,4.32,77.9
2026-09-27T20:20:33.000Z,1790540433.000,32.647622213,-117.207102954,4.933,150.24,127.961,-4.036,3.837,4.63,155.499,283.46,-3033,,4,3.62,79.303
2026-09-27T20:20:34.000Z,1790540434.000,32.647603418,-117.207087013,5.034,145.553,125.303,-2.571,4.071,4.629,157.545,282.848,-3034,,4,3.958,80.548
2026-09-27T20:20:35.000Z,1790540435.000,32.647585747,-117.207070347,5.038,141.63,123.9,-2.885,5.377,4.628,158.461,282.361,-3035,,4,4.164,81.749
2026-09-27T20:20:36.000Z,1790540436.000,32.647568035,-117.207053659,4.638,142.801,124.638,-1.719,4.562,4.627,157.114,281.752,-3036,,4,3.776,83.122
2026-09-27T20:20:37.000Z,1790540437.000,32.647550645,-117.207033929,5.2,134.346,122.831,-4.262,3.939,4.626,158.136,280.967,-3037,,4,4.63,84.164
2026-09-27T20:20:38.000Z,1790540438.000,32.647534073,-117.20701414,5.233,135.364,122.601,-3.201,4.667,4.624,157.628,280.228,-3038,,4,4.615,85.242
2026-09-27T20:20:39.000Z,1790540439.000,32.647516007,-117.206993845,5.3,136.7,122.469,0.2,4.2,4.623,157.292,279.761,-3039,,4,4.612,86.467
2026-09-27T20:20:40.000Z,1790540440.000,32.647498265,-117.206972854,5.214,134.945,123.048,-2.938,4.465,4.622,156.562,279.61,-3040,,4,4.612,87.693
2026-09-27T20:20:41.000Z,1790540441.000,32.647479156,-117.206951574,5.759,136.996,124.319,-2.411,4.541,4.621,155.438,279.756,-3041,,4,4.993,89.107
2026-09-27T20:20:42.000Z,1790540442.000,32.64746127,-117.206929062,5.83,132.778,123.568,-3.765,4.27,4.62,156.063,279.631,-3042,,4,5.252,90.194
2026-09-27T20:20:43.000Z,1790540443.000,32.647443106,-117.206908274,5.6,136.004,122.367,1.099,3.935,4.619,156.908,279.275,-3043,,4,4.898,91.33
2026-09-27T20:20:44.000Z,1790540444.000,32.647426324,-117.206888796,4.636,138.308,121.324,3.048,5.208,4.618,157.659,278.983,-3044,,4,3.96,92.375
2026-09-27T20:20:45.000Z,1790540445.000,32.647411248,-117.206869782,4.554,131.938,121.471,-2.966,3.096,4.617,157.223,278.694,-3045,,4,4.127,93.352
2026-09-27T20:20:46.000Z,1790540446.000,32.647397085,-117.20684973,5.146,126.01,119.536,-4.777,3.313,4.616,159.309,278.846,-3046,,4,4.863,94.034
2026-09-27T20:20:47.000Z,1790540447.000,32.647383043,-117.206827749,5.165,123.971,117.937,2.067,2.842,4.614,161.455,279.391,-3047,,4,4.937,94.667
2026-09-27T20:20:48.000Z,1790540448.000,32.647369691,-117.206805523,4.581,124.428,117.619,0.319,2.519,4.613,162.247,279.866,-3048,,4,4.367,95.324
2026-09-27T20:20:49.000Z,1790540449.000,32.647356946,-117.206784156,4.479,124.221,116.679,-4.585,1.318,4.612,163.663,280.342,-3049,,4,4.274,95.894
2026-09-27T20:20:50.000Z,1790540450.000,32.647342784,-117.206764246,4.802,132.506,114.231,-2.569,0.398,4.611,166.546,280.778,-3050,,4,4.327,96.537
2026-09-27T20:20:51.000Z,1790540451.000,32.647327851,-117.206745331,4.835,135.884,114.2,-4.745,-0.14,4.61,166.847,281.047,-3051,,4,4.224,97.488
2026-09-27T20:20:52.000Z,1790540452.000,32.647311389,-117.206724346,5.337,132.037,115.19,-7.379,0.021,4.609,166.03,281.22,-3052,,4,4.825,98.614
2026-09-27T20:20:53.000Z,1790540453.000,32.647293419,-117.206703744,5.559,133.784,115.259,-3.278,1.259,4.608,165.974,281.234,-3053,,4,4.949,99.836
2026-09-27T20:20:54.000Z,1790540454.000,32.647277046,-117.206682048,4.857,127.846,116.063,-3.312,0.224,4.607,165.21,281.273,-3054,,4,4.528,100.915
2026-09-27T20:20:55.000Z,1790540455.000,32.647264015,-117.206660814,4.865,124.37,115.306,-0.098,-0.665,4.606,166.293,281.598,-3055,,4,4.633,101.534
2026-09-27T20:20:56.000Z,1790540456.000,32.647253855,-117.206639993,4.546,116.155,112.864,-1.254,0.182,4.604,169.415,282.279,-3056,,4,4.483,101.73
2026-09-27T20:20:57.000Z,1790540457.000,32.64724434,-117.20662028,4.089,118.399,113.989,-0.063,-0.611,4.603,169.409,283.398,-3057,,4,4.002,102.183
2026-09-27T20:20:58.000Z,1790540458.000,32.647234106,-117.20659932,4.331,121.484,115.839,-3.731,0.008,4.602,168.222,284.061,-3058,,4,4.185,102.729
2026-09-27T20:20:59.000Z,1790540459.000,32.647221459,-117.206578678,4.769,125.012,116.5,0.075,0.231,4.601,168.237,284.737,-3059,,4,4.523,103.441
2026-09-27T20:21:00.000Z,1790540460.000,32.647207745,-117.206557542,4.772,130.287,118.536,-2.08,0.768,4.6,166.637,285.173,-3060,,4,4.367,104.36
2026-09-27T20:21:01.000Z,1790540461.000,32.647193244,-117.206538038,4.639,132.879,120.266,-5.548,1.137,4.599,164.915,285.182,-3061,,4,4.155,105.387
2026-09-27T20:21:02.000Z,1790540462.000,32.64717694,-117.20652038,4.642,138.521,123.561,-4.885,0.788,4.598,161.431,284.992,-3062,,4,3.932,106.785
2026-09-27T20:21:03.000Z,1790540463.000,32.6471598,-117.206505037,4.556,143.125,124.669,-5.369,0.075,4.597,160.196,284.865,-3063,,4,3.65,108.171
2026-09-27T20:21:04.000Z,1790540464.000,32.647143231,-117.206490991,4.597,146.67,126.363,-5.576,-0.795,4.596,158.343,284.706,-3064,,4,3.503,109.584
2026-09-27T20:21:05.000Z,1790540465.000,32.647125677,-117.206476893,4.6,147.465,126.594,-5.413,0.777,4.594,158.103,284.697,-3065,,4,3.46,110.983
2026-09-27T20:21:06.000Z,1790540466.000,32.647106977,-117.206462682,4.961,144.738,126.394,-1.211,-0.455,4.593,158.212,284.606,-3066,,4,3.88,112.465
2026-09-27T20:21:07.000Z,1790540467.000,32.647088955,-117.206443772,5.2,135.755,125.8,-3.962,1.169,4.592,158.445,284.245,-3067,,4,4.521,113.695
2026-09-27T20:21:08.000Z,1790540468.000,32.647071357,-117.206423463,5.464,133.727,125.868,0.74,-0.276,4.591,158.222,284.09,-3068,,4,4.841,114.887
2026-09-27T20:21:09.000Z,1790540469.000,32.647054219,-117.206400372,5.8,130.783,127.6,-2.717,0.573,4.59,156.351,283.951,-3069,,4,5.268,116.071
2026-09-27T20:21:10.000Z,1790540470.000,32.647036634,-117.206376904,5.826,130.856,129.167,-2.148,-0.441,4.589,154.692,283.859,-3070,,4,5.287,117.276
2026-09-27T20:21:11.000Z,1790540471.000,32.647019231,-117.206354564,5.37,131.988,129.6,-2.167,1.388,4.588,154.396,283.996,-3071,,4,4.825,118.411
2026-09-27T20:21:12.000Z,1790540472.000,32.647001602,-117.206335504,5,138.808,129.2,-0.427,-1.27,4.587,155.03,284.23,-3072,,4,4.199,119.61
2026-09-27T20:21:13.000Z,1790540473.000,32.646983964,-117.206320557,4.766,146.39,125.739,-1.658,0.473,4.586,158.762,284.501,-3073,,4,3.623,120.705
2026-09-27T20:21:14.000Z,1790540474.000,32.646965566,-117.206306457,4.939,148.782,125.335,-5.057,0.022,4.584,159.307,284.642,-3074,,4,3.614,122.143
2026-09-27T20:21:15.000Z,1790540475.000,32.646944913,-117.206292062,5.179,152.639,127.061,-5.736,0.306,4.583,157.576,284.637,-3075,,4,3.539,123.973
2026-09-27T20:21:16.000Z,1790540476.000,32.646923587,-117.206274993,5.737,142.841,126.737,-4.257,-0.257,4.582,157.837,284.574,-3076,,4,4.573,125.629
2026-09-27T20:21:17.000Z,1790540477.000,32.646902457,-117.206256288,5.7,142.078,128.065,-0.594,-1.192,4.581,156.377,284.442,-3077,,4,4.585,127.339
2026-09-27T20:21:18.000Z,1790540478.000,32.646883824,-117.206234304,5.37,133.047,125.65,-1.415,1.76,4.58,158.8,284.45,-3078,,4,4.765,128.392
2026-09-27T20:21:19.000Z,1790540479.000,32.64686603,-117.206209508,5.6,130.369,124.678,2.962,0.123,4.579,159.379,284.057,-3079,,4,5.082,129.38
2026-09-27T20:21:20.000Z,1790540480.000,32.646849983,-117.206184409,5.674,124.106,123.568,1.631,-0.426,4.578,160.059,283.628,-3080,,4,5.377,130.163
2026-09-27T20:21:21.000Z,1790540481.000,32.646834061,-117.206159158,5.901,128.865,125.134,-1.398,-0.732,4.577,158.478,283.612,-3081,,4,5.415,131.14
2026-09-27T20:21:22.000Z,1790540482.000,32.646815983,-117.206137222,5.431,136.439,124.396,0.292,-0.588,4.576,159.335,283.731,-3082,,4,4.654,132.267
2026-09-27T20:21:23.000Z,1790540483.000,32.64679787,-117.206118242,5.064,138.642,123.954,-0.628,0.181,4.574,159.861,283.815,-3083,,4,4.233,133.515
2026-09-27T20:21:24.000Z,1790540484.000,32.646778626,-117.206100582,5.316,144.226,124.358,-3.8,-0.6,4.573,159.627,283.985,-3084,,4,4.136,134.991
2026-09-27T20:21:25.000Z,1790540485.000,32.646759586,-117.206082357,5.429,142.099,123.671,-4.568,-0.143,4.572,160.375,284.046,-3085,,4,4.344,136.341
2026-09-27T20:21:26.000Z,1790540486.000,32.646739801,-117.206063533,5.766,140.402,123.597,-3.034,-1.403,4.571,160.097,283.694,-3086,,4,4.711,137.798
2026-09-27T20:21:27.000Z,1790540487.000,32.646719697,-117.206043423,5.67,145.952,123.696,-4.73,0.278,4.57,159.609,283.305,-3087,,4,4.291,139.261
2026-09-27T20:21:28.000Z,1790540488.000,32.646699501,-117.206023232,5.746,137.961,124.654,-0.738,-0.7,4.569,158.275,282.929,-3088,,4,4.825,140.798
2026-09-27T20:21:29.000Z,1790540489.000,32.646681106,-117.205999622,5.753,131.078,122.258,-0.047,0.163,4.568,160.205,282.463,-3089,,4,5.169,141.773
2026-09-27T20:21:30.000Z,1790540490.000,32.6466653,-117.205975167,5.467,129.501,122.9,-0.6,0.467,4.567,158.909,281.809,-3090,,4,4.974,142.691
2026-09-27T20:21:31.000Z,1790540491.000,32.646649403,-117.205952852,5.231,130.669,123.462,-2.121,-0.507,4.566,157.582,281.044,-3091,,4,4.713,143.68
2026-09-27T20:21:32.000Z,1790540492.000,32.646632309,-117.205932749,5.239,138.339,124.804,-2.978,-1.304,4.564,155.64,280.445,-3092,,4,4.372,144.926
2026-09-27T20:21:33.000Z,1790540493.000,32.646614219,-117.205912135,5.5,130.331,122.729,-4.325,-0.025,4.563,157.245,279.974,-3093,,4,4.965,145.991
2026-09-27T20:21:34.000Z,1790540494.000,32.646595838,-117.205892796,5.5,137.626,122.295,-2.916,-0.816,4.562,157.279,279.574,-3094,,4,4.622,147.257
2026-09-27T20:21:35.000Z,1790540495.000,32.646578612,-117.205872579,5.201,136.632,120.735,-1.572,-1.068,4.561,158.599,279.334,-3095,,4,4.417,148.283
2026-09-27T20:21:36.000Z,1790540496.000,32.646562038,-117.205851958,5.142,132.431,119.693,-1.078,-1.2,4.56,159.144,278.838,-3096,,4,4.552,149.27
2026-09-27T20:21:37.000Z,1790540497.000,32.646546741,-117.205829235,5.371,129.243,118.841,-3.988,-0.512,4.559,159.501,278.342,-3097,,4,4.884,150.071
2026-09-27T20:21:38.000Z,1790540498.000,32.646530769,-117.2058081,5.4,128.012,118.069,-0.625,-0.638,4.558,159.963,278.031,-3098,,4,4.957,150.999
2026-09-27T20:21:39.000Z,1790540499.000,32.646514598,-117.205786445,5.497,130.753,118.1,-1.54,-1.303,4.557,159.818,277.918,-3099,,4,4.934,151.996
2026-09-27T20:21:40.000Z,1790540500.000,32.646500414,-117.205761854,5.595,120.456,116.65,-5.46,-0.87,4.556,161.422,278.072,-3100,,4,5.381,152.573
2026-09-27T20:21:41.000Z,1790540501.000,32.646485726,-117.205739748,5.008,133.46,117.523,-2.79,-0.034,4.554,160.566,278.089,-3101,,4,4.383,153.468
2026-09-27T20:21:42.000Z,1790540502.000,32.646470305,-117.205718427,5.07,130.683,116.89,-0.721,0.352,4.553,161.044,277.934,-3102,,4,4.549,154.344
2026-09-27T20:21:43.000Z,1790540503.000,32.646457488,-117.205696179,4.634,123.469,116.797,-7.411,1.936,4.552,160.859,277.656,-3103,,4,4.381,154.962
2026-09-27T20:21:44.000Z,1790540504.000,32.646444366,-117.205675812,4.435,133.126,118.435,-5.642,-0.276,4.551,158.869,277.304,-3104,,4,3.889,155.811
2026-09-27T20:21:45.000Z,1790540505.000,32.64642998,-117.205655384,5.028,130.328,117.808,0.096,0.412,4.55,159.192,277,-3105,,4,4.521,156.608
2026-09-27T20:21:46.000Z,1790540506.000,32.646414942,-117.205634119,4.916,130.736,120.655,-4.026,-1.061,4.549,156.271,276.926,-3106,,4,4.403,157.725
2026-09-27T20:21:47.000Z,1790540507.000,32.646399481,-117.205612504,5.164,132.774,122.973,-5.3,-0.759,4.548,154.052,277.025,-3107,,4,4.538,158.83
2026-09-27T20:21:48.000Z,1790540508.000,32.646381279,-117.20559228,5.467,138.583,122.602,-0.269,-1.201,4.547,154.494,277.096,-3108,,4,4.513,160.054
2026-09-27T20:21:49.000Z,1790540509.000,32.646363918,-117.205570084,5.7,130.978,123.193,-4.978,0.064,4.546,154.198,277.391,-3109,,4,5.087,161.202
2026-09-27T20:21:50.000Z,1790540510.000,32.64634682,-117.205549399,5.239,138.895,122.897,-0.989,-0.321,4.544,154.953,277.85,-3110,,4,4.304,162.301
2026-09-27T20:21:51.000Z,1790540511.000,32.646330283,-117.205530437,4.769,134.836,119.123,0.6,-0.378,4.543,159.114,278.237,-3111,,4,4.099,163.12
2026-09-27T20:21:52.000Z,1790540512.000,32.646315267,-117.2055124,4.667,132.367,117.1,-1.133,-0.033,4.542,161.338,278.438,-3112,,4,4.108,163.947
2026-09-27T20:21:53.000Z,1790540513.000,32.646301123,-117.205492067,4.968,127.828,117.432,-5.729,-0.263,4.541,161.512,278.944,-3113,,4,4.545,164.799
2026-09-27T20:21:54.000Z,1790540514.000,32.646286849,-117.205471555,4.819,127.408,118.664,-3.764,0.6,4.54,160.42,279.084,-3114,,4,4.421,165.731
2026-09-27T20:21:55.000Z,1790540515.000,32.646271794,-117.205450791,4.94,129.94,119.27,0.34,-0.4,4.539,160.114,279.384,-3115,,4,4.44,166.687
2026-09-27T20:21:56.000Z,1790540516.000,32.646257327,-117.20543021,4.8,130.705,118.528,-1.58,0.296,4.538,161.107,279.634,-3116,,4,4.283,167.478
2026-09-27T20:21:57.000Z,1790540517.000,32.646242394,-117.205408293,5.033,131.476,121.1,-5.135,0.27,4.537,158.79,279.89,-3117,,4,4.459,168.54
2026-09-27T20:21:58.000Z,1790540518.000,32.646225952,-117.205386565,5.238,137.71,122.688,-3.376,-0.301,4.536,157.349,280.037,-3118,,4,4.346,169.687
2026-09-27T20:21:59.000Z,1790540519.000,32.646207599,-117.205366545,5.377,140.501,122.254,-0.037,-0.469,4.534,157.993,280.247,-3119,,4,4.307,170.928
2026-09-27T20:22:00.000Z,1790540520.000,32.646190243,-117.205346291,5.337,133.906,120.505,-3.963,-0.063,4.533,160.016,280.521,-3120,,4,4.611,171.952
2026-09-27T20:22:01.000Z,1790540521.000,32.646173161,-117.20532686,5.133,137.53,122,-4.133,-0.566,4.532,158.804,280.804,-3121,,4,4.26,173.232
2026-09-27T20:22:02.000Z,1790540522.000,32.646156007,-117.205307511,5.131,136.207,123.324,-6.041,0.172,4.531,157.769,281.093,-3122,,4,4.321,174.508
2026-09-27T20:22:03.000Z,1790540523.000,32.646138087,-117.20528939,5.197,135.135,124.438,-2.87,-0.565,4.53,156.868,281.306,-3123,,4,4.425,175.886
2026-09-27T20:22:04.000Z,1790540524.000,32.646121124,-117.205268441,5.159,133.82,125.654,-5.834,-0.741,4.529,155.92,281.574,-3124,,4,4.451,177.082
2026-09-27T20:22:05.000Z,1790540525.000,32.646103657,-117.205249654,5.004,138.671,124.432,-1.168,0.186,4.528,157.371,281.803,-3125,,4,4.085,178.208
2026-09-27T20:22:06.000Z,1790540526.000,32.646086572,-117.205230873,4.933,138.666,124.934,-2.2,0.068,4.527,157.073,282.006,-3126,,4,4.025,179.429
2026-09-27T20:22:07.000Z,1790540527.000,32.646069559,-117.205212264,5.062,136.464,124.562,-5.68,0.386,4.526,157.68,282.241,-3127,,4,4.237,180.58
2026-09-27T20:22:08.000Z,1790540528.000,32.646050683,-117.205193207,5.252,142.611,125.9,-5.138,-0.256,4.524,156.459,282.359,-3128,,4,4.059,182.046
2026-09-27T20:22:09.000Z,1790540529.000,32.646029608,-117.20517272,5.9,143.487,128.237,-4.007,-1.163,4.523,154.189,282.426,-3129,,4,4.497,183.771
2026-09-27T20:22:10.000Z,1790540530.000,32.646007939,-117.205150869,6.135,135.541,128.265,-4.206,0.306,4.522,154.286,282.552,-3130,,4,5.176,185.336
2026-09-27T20:22:11.000Z,1790540531.000,32.645987348,-117.205129414,5.934,139.852,127.8,-2.255,-1.466,4.521,154.797,282.597,-3131,,4,4.75,186.763
2026-09-27T20:22:12.000Z,1790540532.000,32.645967307,-117.205108473,5.538,135.476,124.69,0.88,-0.434,4.52,157.788,282.478,-3132,,4,4.67,187.942
2026-09-27T20:22:13.000Z,1790540533.000,32.645950235,-117.205087112,5.189,135.029,125.752,-5.67,-0.47,4.519,156.479,282.231,-3133,,4,4.394,189.124
2026-09-27T20:22:14.000Z,1790540534.000,32.645932492,-117.205068489,5.2,136.498,126.132,-1.739,-0.128,4.518,155.9,282.032,-3134,,4,4.328,190.409
2026-09-27T20:22:15.000Z,1790540535.000,32.645915272,-117.205049772,4.867,139.892,127.167,-2.5,-0.233,4.517,154.691,281.858,-3135,,4,3.881,191.688
2026-09-27T20:22:16.000Z,1790540536.000,32.645898052,-117.205033139,5.087,141.862,128.75,-5.725,0.125,4.516,152.87,281.62,-3136,,4,3.946,193.076
2026-09-27T20:22:17.000Z,1790540537.000,32.645879518,-117.20501795,4.938,145.823,129.338,-4.3,0.108,4.514,152.161,281.499,-3137,,4,3.602,194.57
2026-09-27T20:22:18.000Z,1790540538.000,32.645859958,-117.205001375,5.069,145.337,128.706,-4.911,-1.406,4.513,152.801,281.507,-3138,,4,3.722,196.033
2026-09-27T20:22:19.000Z,1790540539.000,32.645839378,-117.204983313,5.733,142.378,128.6,-6.864,1.066,4.512,152.868,281.468,-3139,,4,4.401,197.595
2026-09-27T20:22:20.000Z,1790540540.000,32.645818399,-117.204964399,5.47,143.03,127.275,-0.145,-0.61,4.511,154.105,281.38,-3140,,4,4.155,199.077
2026-09-27T20:22:21.000Z,1790540541.000,32.645798763,-117.204942532,5.677,134.477,125.708,-2.469,-0.938,4.51,155.463,281.171,-3141,,4,4.81,200.305
2026-09-27T20:22:22.000Z,1790540542.000,32.64578035,-117.20491917,5.91,132.09,123.69,-1.82,0.02,4.509,157.257,280.947,-3142,,4,5.131,201.321
2026-09-27T20:22:23.000Z,1790540543.000,32.645763964,-117.204896411,5.436,129.875,122.161,-0.986,0.146,4.508,158.7,280.861,-3143,,4,4.818,202.181
2026-09-27T20:22:24.000Z,1790540544.000,32.645747972,-117.204874606,5.133,138.03,123.833,-3,-0.6,4.507,156.91,280.743,-3144,,4,4.164,203.285
2026-09-27T20:22:25.000Z,1790540545.000,32.645730595,-117.204855731,5.008,142.185,123.116,-1.72,0.6,4.506,157.502,280.618,-3145,,4,3.836,204.438
2026-09-27T20:22:26.000Z,1790540546.000,32.645713411,-117.204836243,5.2,134.811,123.239,-4.677,-0.793,4.504,157.267,280.505,-3146,,4,4.377,205.617
2026-09-27T20:22:27.000Z,1790540547.000,32.645695851,-117.204816282,5.3,141.643,122.764,-4.256,-0.128,4.503,157.368,280.132,-3147,,4,4.085,206.774
2026-09-27T20:22:28.000Z,1790540548.000,32.645678567,-117.204797933,5,140.1,121.767,-1.4,0,4.502,158.147,279.914,-3148,,4,3.935,207.912
2026-09-27T20:22:29.000Z,1790540549.000,32.645660888,-117.204779423,5.3,140.553,122.296,-2.774,-1.3,4.501,157.323,279.619,-3149,,4,4.142,209.207
2026-09-27T20:22:30.000Z,1790540550.000,32.645642667,-117.204760483,5.346,137.804,121.023,-3.361,-0.391,4.5,158.318,279.341,-3150,,4,4.33,210.401
2026-09-27T20:22:31.000Z,1790540551.000,32.64562432,-117.20473767,5.74,131.56,121.43,-4.11,-0.36,4.499,157.819,279.249,-3151,,4,4.985,211.618
2026-09-27T20:22:32.000Z,1790540552.000,32.645606788,-117.204714351,5.767,131.897,122.666,-2.894,0.066,4.498,156.705,279.371,-3152,,4,4.988,212.8
2026-09-27T20:22:33.000Z,1790540553.000,32.645588737,-117.204690118,5.865,133.591,122.865,-0.93,0.189,4.497,156.729,279.594,-3153,,4,4.98,213.924
2026-09-27T20:22:34.000Z,1790540554.000,32.645570964,-117.204667289,5.708,131.778,123,-1.028,-0.053,4.496,156.916,279.916,-3154,,4,4.937,215.059
2026-09-27T20:22:35.000Z,1790540555.000,32.645553597,-117.204646125,5.6,132.359,122.915,-3.458,-1.272,4.494,157.34,280.255,-3155,,4,4.812,216.187
2026-09-27T20:22:36.000Z,1790540556.000,32.645537149,-117.204626476,4.964,137.809,122.895,-1.85,-0.746,4.493,157.579,280.475,-3156,,4,4.002,217.273
2026-09-27T20:22:37.000Z,1790540557.000,32.645521728,-117.204607193,4.934,134.927,121.633,-4.165,0.799,4.492,158.911,280.544,-3157,,4,4.117,218.166
2026-09-27T20:22:38.000Z,1790540558.000,32.64550584,-117.204589651,4.565,137.97,121.008,0.439,-0.443,4.491,159.29,280.298,-3158,,4,3.668,219.213
2026-09-27T20:22:39.000Z,1790540559.000,32.64549096,-117.204571399,4.861,138.468,121.306,-2.855,-0.906,4.49,158.645,279.95,-3159,,4,3.878,220.205
2026-09-27T20:22:40.000Z,1790540560.000,32.645474431,-117.204551552,5.1,134.703,124.688,-6.07,-0.773,4.489,155.042,279.73,-3160,,4,4.259,221.563
2026-09-27T20:22:41.000Z,1790540561.000,32.645456435,-117.204530799,5.668,137.79,126.903,-3.725,-0.468,4.488,152.752,279.654,-3161,,4,4.554,222.95
2026-09-27T20:22:42.000Z,1790540562.000,32.645436739,-117.204511707,5.631,139.022,127.666,-0.934,-0.637,4.487,151.929,279.595,-3162,,4,4.447,224.454
2026-09-27T20:22:43.000Z,1790540563.000,32.645416939,-117.204492411,5.692,141.163,128.256,-3.564,-0.8,4.486,151.448,279.704,-3163,,4,4.357,225.949
2026-09-27T20:22:44.000Z,1790540564.000,32.645396587,-117.204473214,5.429,144.852,129.213,-6.987,0.245,4.484,150.786,279.999,-3164,,4,3.917,227.532
2026-09-27T20:22:45.000Z,1790540565.000,32.645375721,-117.204456206,5.431,148.197,129.863,-3.331,-0.057,4.483,150.451,280.314,-3165,,4,3.687,229.216
2026-09-27T20:22:46.000Z,1790540566.000,32.645355027,-117.204439295,5.299,145.107,128.799,-3.399,-0.599,4.482,151.843,280.642,-3166,,4,3.797,230.754
2026-09-27T20:22:47.000Z,1790540567.000,32.645334857,-117.204421653,5.365,143.348,126.444,-1.565,-0.839,4.481,154.535,280.979,-3167,,4,3.953,232.113
2026-09-27T20:22:48.000Z,1790540568.000,32.64531711,-117.204401459,5.93,128.571,123.478,-2.813,-0.243,4.48,157.621,281.099,-3168,,4,5.245,233.086
2026-09-27T20:22:49.000Z,1790540569.000,32.645300912,-117.204379435,5.012,130.647,122.271,0.529,0.071,4.479,158.818,281.088,-3169,,4,4.343,233.977
2026-09-27T20:22:50.000Z,1790540570.000,32.645285234,-117.204359092,5.032,132.76,122.571,0.262,-2.206,4.478,158.436,281.007,-3170,,4,4.262,234.985
2026-09-27T20:22:51.000Z,1790540571.000,32.645269284,-117.204337955,5.3,131.931,123.499,-6.631,0.335,4.477,157.329,280.828,-3171,,4,4.527,236.047
2026-09-27T20:22:52.000Z,1790540572.000,32.645250937,-117.204316614,5.538,138.791,125.377,-3.569,-0.684,4.476,155.261,280.637,-3172,,4,4.348,237.426
2026-09-27T20:22:53.000Z,1790540573.000,32.645231249,-117.204295049,5.843,139.123,125.864,-3.2,-0.307,4.474,154.693,280.557,-3173,,4,4.562,238.829
2026-09-27T20:22:54.000Z,1790540574.000,32.645210796,-117.204275569,5.395,143.147,125.49,-2.137,0.858,4.473,155.085,280.574,-3174,,4,3.96,240.312
2026-09-27T20:22:55.000Z,1790540575.000,32.64519112,-117.204258522,5.267,144.298,124.698,-3.035,-0.097,4.472,155.969,280.667,-3175,,4,3.789,241.758
2026-09-27T20:22:56.000Z,1790540576.000,32.645171265,-117.20424259,5.2,144.115,122.105,-4.035,-1.56,4.471,158.682,280.787,-3176,,4,3.748,243.116
2026-09-27T20:22:57.000Z,1790540577.000,32.645151294,-117.204224948,5.527,140.436,121.546,-3.046,0.101,4.47,159.387,280.932,-3177,,4,4.217,244.592
2026-09-27T20:22:58.000Z,1790540578.000,32.645131512,-117.204202987,5.983,133.276,123.554,-7.366,0.349,4.469,157.58,281.134,-3178,,4,5.006,246.113
2026-09-27T20:22:59.000Z,1790540579.000,32.645112989,-117.204181278,5.672,131.9,125.204,-3.889,0.057,4.468,156.347,281.551,-3179,,4,4.815,247.481
2026-09-27T20:23:00.000Z,1790540580.000,32.645095638,-117.204159448,5.069,133.352,126.607,-0.834,1.148,4.467,154.952,281.559,-3180,,4,4.231,248.703
2026-09-27T20:23:01.000Z,1790540581.000,32.645079774,-117.204137324,5.169,126.404,125.927,-1.365,-2.042,4.466,155.576,281.503,-3181,,4,4.625,249.598
2026-09-27T20:23:02.000Z,1790540582.000,32.645064453,-117.204117066,4.961,133.986,124.7,-1.478,-0.465,4.464,156.587,281.287,-3182,,4,4.105,250.452
2026-09-27T20:23:03.000Z,1790540583.000,32.645047001,-117.204098232,5.069,137.689,123.606,-2.086,-1.106,4.463,157.443,281.049,-3183,,4,3.999,251.585
2026-09-27T20:23:04.000Z,1790540584.000,32.645027632,-117.204080472,5.2,145.243,125.268,-6.57,0.562,4.462,155.577,280.844,-3184,,4,3.641,253.169
2026-09-27T20:23:05.000Z,1790540585.000,32.645005769,-117.204062598,5.802,144.364,125.105,-4.549,-0.01,4.461,155.575,280.68,-3185,,4,4.12,254.867
2026-09-27T20:23:06.000Z,1790540586.000,32.644984091,-117.204043374,5.745,142.89,125.972,-5.081,-0.481,4.46,154.472,280.445,-3186,,4,4.176,256.582
2026-09-27T20:23:07.000Z,1790540587.000,32.644962427,-117.204023276,5.89,141.159,127.019,-4.271,-0.89,4.459,153.296,280.315,-3187,,4,4.396,258.282
2026-09-27T20:23:08.000Z,1790540588.000,32.644941756,-117.204005195,5.665,142.751,126.3,-1.068,-0.874,4.458,154.165,280.465,-3188,,4,4.116,259.805
2026-09-27T20:23:09.000Z,1790540589.000,32.644922627,-117.203985793,5.301,136.403,124.867,-3.269,-1.134,4.457,155.757,280.624,-3189,,4,4.227,261.069
2026-09-27T20:23:10.000Z,1790540590.000,32.644905289,-117.203964309,5.505,131.18,122.905,-4.395,-0.52,4.456,157.823,280.728,-3190,,4,4.671,262.036
2026-09-27T20:23:11.000Z,1790540591.000,32.644888659,-117.203940731,5.8,129.167,122.486,-1.624,-0.162,4.454,158.375,280.86,-3191,,4,5.023,262.984
2026-09-27T20:23:12.000Z,1790540592.000,32.644871349,-117.20391695,5.669,130.094,125.038,-2.177,-0.685,4.453,155.842,280.88,-3192,,4,4.859,264.231
2026-09-27T20:23:13.000Z,1790540593.000,32.644853649,-117.20389451,5.7,131.992,123.8,-3.467,-0.57,4.452,157.003,280.803,-3193,,4,4.783,265.262
2026-09-27T20:23:14.000Z,1790540594.000,32.644835514,-117.203873992,5.496,134.119,120.943,-2.353,0.465,4.451,159.693,280.636,-3194,,4,4.494,266.272
2026-09-27T20:23:15.000Z,1790540595.000,32.644817238,-117.203854356,5.236,135.982,119.9,-2.7,-0.954,4.45,160.396,280.296,-3195,,4,4.178,267.468
2026-09-27T20:23:16.000Z,1790540596.000,32.644799326,-117.203833468,5.515,134.5,121.286,-6.943,0.528,4.449,158.975,280.261,-3196,,4,4.48,268.78
2026-09-27T20:23:17.000Z,1790540597.000,32.644779521,-117.203813589,5.731,139.514,124.011,-5.226,-0.806,4.448,156.203,280.214,-3197,,4,4.34,270.426
2026-09-27T20:23:18.000Z,1790540598.000,32.644758846,-117.203793582,5.698,142.106,125.467,-1.864,-0.666,4.447,154.727,280.195,-3198,,4,4.137,272.059
2026-09-27T20:23:19.000Z,1790540599.000,32.644739092,-117.203773262,5.766,137.334,125.394,-6.09,-0.026,4.446,155,280.394,-3199,,4,4.496,273.464
2026-09-27T20:23:20.000Z,1790540600.000,32.644719552,-117.203754314,5.338,142.591,126.144,-1.076,0.518,4.444,154.412,280.555,-3200,,4,3.834,274.956
2026-09-27T20:23:21.000Z,1790540601.000,32.644701307,-117.203734785,5.1,138.411,125.922,-3.63,-1.452,4.443,154.863,280.785,-3201,,4,3.908,276.218
2026-09-27T20:23:22.000Z,1790540602.000,32.644683781,-117.203715476,5.032,137.982,127.268,-4.432,-0.546,4.442,153.78,281.048,-3202,,4,3.875,277.534
2026-09-27T20:23:23.000Z,1790540603.000,32.644665806,-117.203697106,5.167,139.099,126.867,-0.7,0.067,4.441,154.306,281.173,-3203,,4,3.91,278.792
2026-09-27T20:23:24.000Z,1790540604.000,32.644648072,-117.203676123,5.811,136.357,131.447,-6.845,-0.502,4.44,149.735,281.182,-3204,,4,4.569,280.322
2026-09-27T20:23:25.000Z,1790540605.000,32.64462819,-117.2036569,5.476,143.214,133.462,-3.514,-1.024,4.439,147.623,281.085,-3205,,4,3.865,281.933
2026-09-27T20:23:26.000Z,1790540606.000,32.644606758,-117.203639742,5.5,148.042,132.258,-1.758,0,4.438,148.625,280.883,-3206,,4,3.534,283.532
2026-09-27T20:23:27.000Z,1790540607.000,32.64458616,-117.203623794,5.366,144.598,129.301,-3.302,-0.9,4.437,151.297,280.598,-3207,,4,3.683,284.947
2026-09-27T20:23:28.000Z,1790540608.000,32.644565235,-117.203608959,5.066,147.987,127.573,-1.966,-0.595,4.436,152.839,280.412,-3208,,4,3.248,286.524
2026-09-27T20:23:29.000Z,1790540609.000,32.644545076,-117.2035921,5.414,143.738,126.038,-4.586,-0.989,4.434,154.389,280.426,-3209,,4,3.763,287.97
2026-09-27T20:23:30.000Z,1790540610.000,32.644525397,-117.203570671,5.742,135.339,126.313,-5.82,-0.727,4.433,153.97,280.283,-3210,,4,4.547,289.36
2026-09-27T20:23:31.000Z,1790540611.000,32.644505772,-117.203549372,5.732,139.292,128.005,-3.682,0.632,4.432,152.381,280.386,-3211,,4,4.281,290.858
2026-09-27T20:23:32.000Z,1790540612.000,32.644485733,-117.20352937,5.766,137.525,127.797,-1.292,-0.968,4.431,152.708,280.505,-3212,,4,4.417,292.293
2026-09-27T20:23:33.000Z,1790540613.000,32.644466743,-117.203509919,5.562,138.414,126.876,-3.81,-0.596,4.43,153.689,280.565,-3213,,4,4.2,293.582
2026-09-27T20:23:34.000Z,1790540614.000,32.644447658,-117.203490258,5.537,139.422,126.5,-4.849,-0.026,4.429,154.035,280.535,-3214,,4,4.112,294.915
2026-09-27T20:23:35.000Z,1790540615.000,32.644428263,-117.203470189,5.331,136.429,124.92,-3.76,1.465,4.428,155.458,280.378,-3215,,4,4.136,296.174
2026-09-27T20:23:36.000Z,1790540616.000,32.644409547,-117.203449646,5.634,136.388,126.466,-4.07,-0.325,4.427,153.622,280.088,-3216,,4,4.368,297.591
2026-09-27T20:23:37.000Z,1790540617.000,32.644390386,-117.203430086,5.4,139.982,127.068,-1.597,-1.638,4.426,152.695,279.762,-3217,,4,3.959,299.012
2026-09-27T20:23:38.000Z,1790540618.000,32.644371233,-117.203410558,5.737,140.586,127.813,-4.699,-0.837,4.424,151.669,279.482,-3218,,4,4.159,300.444
2026-09-27T20:23:39.000Z,1790540619.000,32.644351667,-117.203390374,5.441,136.107,127.141,-5.222,0.159,4.423,152.143,279.284,-3219,,4,4.22,301.788
2026-09-27T20:23:40.000Z,1790540620.000,32.644332595,-117.203370159,5.4,139.309,127.129,-4.642,0.513,4.422,152.053,279.182,-3220,,4,3.987,303.131
2026-09-27T20:23:41.000Z,1790540621.000,32.64431234,-117.203351439,5.533,143.002,125.601,-0.8,-1.133,4.421,153.544,279.145,-3221,,4,3.83,304.527
2026-09-27T20:23:42.000Z,1790540622.000,32.64429307,-117.203332175,5.395,137.643,123.87,-3.824,0.457,4.42,155.181,279.051,-3222,,4,4.077,305.786
2026-09-27T20:23:43.000Z,1790540623.000,32.644274249,-117.203312711,5.3,137.76,124.338,-3.724,-0.576,4.419,154.715,279.053,-3223,,4,3.993,307.165
2026-09-27T20:23:44.000Z,1790540624.000,32.644255572,-117.203292921,5.47,135.93,124.389,-0.998,-0.091,4.418,154.644,279.033,-3224,,4,4.229,308.485
2026-09-27T20:23:45.000Z,1790540625.000,32.644237549,-117.203273113,5.4,135.563,123.633,-1.04,0.408,4.417,155.579,279.212,-3225,,4,4.193,309.672
2026-09-27T20:23:46.000Z,1790540626.000,32.644218886,-117.203252687,5.568,138.284,124.066,-1.366,-1.937,4.416,155.585,279.651,-3226,,4,4.146,311.001
2026-09-27T20:23:47.000Z,1790540627.000,32.644201607,-117.203230672,5.31,132.413,126.354,-8.254,1.556,4.414,153.605,279.959,-3227,,4,4.291,312.279
2026-09-27T20:23:48.000Z,1790540628.000,32.64418304,-117.203209211,5.216,140.153,130.287,-2.76,0.694,4.413,149.859,280.146,-3228,,4,3.757,313.833
2026-09-27T20:23:49.000Z,1790540629.000,32.644164938,-117.20319058,4.816,141.153,130.568,-0.363,-0.99,4.412,149.664,280.233,-3229,,4,3.406,315.147
2026-09-27T20:23:50.000Z,1790540630.000,32.644147406,-117.203174339,4.701,140.037,129.7,-1.931,-0.601,4.411,150.633,280.333,-3230,,4,3.384,316.391
2026-09-27T20:23:51.000Z,1790540631.000,32.644129914,-117.203158822,4.746,143.694,129.463,-4.692,-1.845,4.41,150.751,280.215,-3231,,4,3.195,317.703
2026-09-27T20:23:52.000Z,1790540632.000,32.644111379,-117.203143495,5,143.233,128.679,-3.462,-0.479,4.409,151.487,280.166,-3232,,4,3.391,319.087
2026-09-27T20:23:53.000Z,1790540633.000,32.644092114,-117.203125614,5.268,139.719,130.772,-4.764,-0.604,4.408,149.552,280.325,-3233,,4,3.797,320.686
2026-09-27T20:23:54.000Z,1790540634.000,32.644072413,-117.203107079,5.435,141.297,133.199,-5.468,0.233,4.407,147.473,280.672,-3234,,4,3.806,322.332
2026-09-27T20:23:55.000Z,1790540635.000,32.64405152,-117.203090858,5.272,149.287,134.336,-1.432,0.172,4.406,146.816,281.152,-3235,,4,3.126,324.078
2026-09-27T20:23:56.000Z,1790540636.000,32.64403038,-117.20307532,5.38,148.26,133.12,-3.52,-0.8,4.404,148.582,281.702,-3236,,4,3.26,325.698
2026-09-27T20:23:57.000Z,1790540637.000,32.644009955,-117.203058063,5.685,143.469,134.454,-8.477,2.008,4.403,147.774,282.228,-3237,,4,3.803,327.377
2026-09-27T20:23:58.000Z,1790540638.000,32.643988228,-117.203040806,5.535,148.184,136.57,-5.795,-0.157,4.402,146.06,282.63,-3238,,4,3.344,329.248
2026-09-27T20:23:59.000Z,1790540639.000,32.643966256,-117.203027117,5.649,150.182,134.914,1.787,-1.862,4.401,147.873,282.787,-3239,,4,3.246,330.983
2026-09-27T20:24:00.000Z,1790540640.000,32.643946919,-117.203010433,5.315,139.087,131.508,-8.358,-2.023,4.4,151.253,282.761,-3240,,4,3.829,332.213
2026-09-27T20:24:01.000Z,1790540641.000,32.64392809,-117.202990851,5.035,141.359,132.339,-5.2,1.061,4.399,150.235,282.574,-3241,,4,3.481,333.615
2026-09-27T20:24:02.000Z,1790540642.000,32.643907549,-117.202972081,5.43,145.446,134.181,-0.149,-0.811,4.398,148.232,282.413,-3242,,4,3.457,335.296
2026-09-27T20:24:03.000Z,1790540643.000,32.643886229,-117.202956017,5.3,147.904,134.163,-1.784,0.068,4.397,148.275,282.439,-3243,,4,3.188,337.006
2026-09-27T20:24:04.000Z,1790540644.000,32.643863959,-117.202941195,5.466,152.631,133.066,-4.767,-0.734,4.396,149.463,282.529,-3244,,4,2.909,338.775
2026-09-27T20:24:05.000Z,1790540645.000,32.643841553,-117.202925929,5.829,147.764,132.406,-6.059,0.688,4.394,150.169,282.575,-3245,,4,3.502,340.577
2026-09-27T20:24:06.000Z,1790540646.000,32.643818924,-117.202908864,5.738,147.485,133.338,-3.821,-0.307,4.393,149.173,282.511,-3246,,4,3.461,342.463
2026-09-27T20:24:07.000Z,1790540647.000,32.643796506,-117.202890212,5.9,143.633,133.531,-2.524,0.313,4.392,148.973,282.504,-3247,,4,3.858,344.221
2026-09-27T20:24:08.000Z,1790540648.000,32.643775892,-117.202871931,5.197,143.785,131.6,-2.5,-0.035,4.391,150.911,282.511,-3248,,4,3.382,345.643
2026-09-27T20:24:09.000Z,1790540649.000,32.643756092,-117.202853126,5.466,139.694,129.94,1.764,-0.906,4.39,152.347,282.287,-3249,,4,3.838,346.982
2026-09-27T20:24:10.000Z,1790540650.000,32.643738097,-117.202831722,5.8,132.824,129.04,-5.148,-1.212,4.389,152.999,282.038,-3250,,4,4.532,348.106
2026-09-27T20:24:11.000Z,1790540651.000,32.643720129,-117.202810276,5.329,136.329,130.012,-5.794,0.8,4.388,151.916,281.928,-3251,,4,3.948,349.369
2026-09-27T20:24:12.000Z,1790540652.000,32.643700653,-117.202791822,5.301,143.757,130.465,-1.065,-0.334,4.387,151.281,281.746,-3252,,4,3.427,350.846
2026-09-27T20:24:13.000Z,1790540653.000,32.643680677,-117.202774733,5.497,144.401,128.7,-4.757,0.263,4.386,152.842,281.542,-3253,,4,3.499,352.25
2026-09-27T20:24:14.000Z,1790540654.000,32.643658768,-117.202758476,5.564,149.264,128.136,-4.636,-1.014,4.384,153.101,281.236,-3254,,4,3.158,353.973
2026-09-27T20:24:15.000Z,1790540655.000,32.643636916,-117.202740265,5.878,143.164,127.822,-5.822,-1.222,4.383,152.85,280.672,-3255,,4,3.823,355.648
2026-09-27T20:24:16.000Z,1790540656.000,32.643615621,-117.20271957,5.97,137.138,127.311,-5.679,-0.781,4.382,153.034,280.345,-3256,,4,4.33,357.168
2026-09-27T20:24:17.000Z,1790540657.000,32.643595325,-117.202697283,6.068,134.558,125.162,0.9,-0.545,4.381,154.873,280.034,-3257,,4,4.578,358.406
2026-09-27T20:24:18.000Z,1790540658.000,32.643576609,-117.202673192,5.869,130.637,125.238,1.927,-1.035,4.38,154.541,279.779,-3258,,4,4.676,359.594
2026-09-27T20:24:19.000Z,1790540659.000,32.643560119,-117.202648592,5.785,128.423,124.977,-5.749,-0.342,4.379,154.602,279.579,-3259,,4,4.736,360.507
2026-09-27T20:24:20.000Z,1790540660.000,32.643542545,-117.202626461,5.429,134.932,125.087,-1.058,-0.845,4.378,154.326,279.413,-3260,,4,4.058,361.642
2026-09-27T20:24:21.000Z,1790540661.000,32.643525007,-117.202607202,5.2,135.815,123.868,-1.484,-1.31,4.377,155.292,279.16,-3261,,4,3.828,362.76
2026-09-27T20:24:22.000Z,1790540662.000,32.643507333,-117.2025896,5,141.533,123.767,-4.467,0.033,4.376,155.033,278.799,-3262,,4,3.32,364.033
2026-09-27T20:24:23.000Z,1790540663.000,32.643487819,-117.2025742,5.1,145.862,123.129,-4.894,-0.871,4.374,155.363,278.492,-3263,,4,3.082,365.528
2026-09-27T20:24:24.000Z,1790540664.000,32.643468673,-117.202557511,5.076,139.025,121.962,-8.075,0.376,4.373,156.283,278.244,-3264,,4,3.521,366.9
2026-09-27T20:24:25.000Z,1790540665.000,32.643449632,-117.202537421,5.451,138.581,124.23,-4.738,-0.068,4.372,153.768,277.998,-3265,,4,3.805,368.423
2026-09-27T20:24:26.000Z,1790540666.000,32.64343068,-117.202516348,5.766,135.461,124.065,-1.668,-1.2,4.371,153.689,277.754,-3266,,4,4.237,369.714
2026-09-27T20:24:27.000Z,1790540667.000,32.64341239,-117.202493134,5.966,129.676,123.464,-1.026,-1.154,4.37,154.089,277.553,-3267,,4,4.764,370.833
2026-09-27T20:24:28.000Z,1790540668.000,32.643394641,-117.202469603,5.7,132.972,124.572,-2.617,1.062,4.369,152.951,277.523,-3268,,4,4.341,372.019
2026-09-27T20:24:29.000Z,1790540669.000,32.643376018,-117.202447971,5.477,136.227,123.683,1.153,0.377,4.368,154.021,277.704,-3269,,4,3.957,373.2
2026-09-27T20:24:30.000Z,1790540670.000,32.643358975,-117.202426184,5.431,129.363,122.152,-2.931,-0.348,4.367,155.599,277.751,-3270,,4,4.341,374.161
2026-09-27T20:24:31.000Z,1790540671.000,32.643343311,-117.202405647,4.899,131.927,121.265,-5.598,0.735,4.366,156.589,277.855,-3271,,4,3.775,375.067
2026-09-27T20:24:32.000Z,1790540672.000,32.643327336,-117.202385949,5.035,132.374,122.4,-0.516,-0.735,4.364,155.648,278.048,-3272,,4,3.851,376.194
2026-09-27T20:24:33.000Z,1790540673.000,32.643311443,-117.202367481,4.775,135.991,123.125,-4.251,0.501,4.363,155.146,278.271,-3273,,4,3.446,377.319
2026-09-27T20:24:34.000Z,1790540674.000,32.643293372,-117.202349613,4.86,140.766,123.989,-3.491,-0.028,4.362,154.51,278.499,-3274,,4,3.208,378.702
2026-09-27T20:24:35.000Z,1790540675.000,32.643274267,-117.202330999,5.497,140.535,124.835,-3.3,-1.565,4.361,153.869,278.704,-3275,,4,3.639,380.167
2026-09-27T20:24:36.000Z,1790540676.000,32.643254121,-117.202310687,5.666,140.488,126.063,-6.2,-0.6,4.36,152.763,278.827,-3276,,4,3.746,381.716
2026-09-27T20:24:37.000Z,1790540677.000,32.643234814,-117.202290014,5.486,139.138,127.824,-6.238,0.238,4.359,151.032,278.856,-3277,,4,3.716,383.206
2026-09-27T20:24:38.000Z,1790540678.000,32.643215767,-117.202270044,5.523,137.856,126.87,-1.361,-0.477,4.358,152.013,278.883,-3278,,4,3.824,384.481
2026-09-27T20:24:39.000Z,1790540679.000,32.643198075,-117.202249227,5.2,133.879,125.263,-1.837,-0.39,4.357,153.511,278.774,-3279,,4,3.847,385.536
2026-09-27T20:24:40.000Z,1790540680.000,32.643182115,-117.202227991,5.132,126.686,123.166,-2.562,-1.562,4.356,155.668,278.835,-3280,,4,4.196,386.357
2026-09-27T20:24:41.000Z,1790540681.000,32.643167093,-117.202205435,5.1,129.297,124.695,-8.042,0.744,4.354,154.407,279.102,-3281,,4,4.027,387.323
2026-09-27T20:24:42.000Z,1790540682.000,32.643149063,-117.2021859,5.138,138.865,126.676,-2.6,-0.103,4.353,152.75,279.426,-3282,,4,3.469,388.735
2026-09-27T20:24:43.000Z,1790540683.000,32.64312967,-117.202167424,5.341,142.766,127.741,-5.559,-0.7,4.352,152.031,279.772,-3283,,4,3.323,390.25
2026-09-27T20:24:44.000Z,1790540684.000,32.643109913,-117.202151884,5.031,146.73,127.5,-6.267,-0.2,4.351,152.602,280.102,-3284,,4,2.843,391.797
2026-09-27T20:24:45.000Z,1790540685.000,32.643089373,-117.202137071,5.133,150.531,127.267,-6.634,-0.4,4.35,153.179,280.446,-3285,,4,2.605,393.449
2026-09-27T20:24:46.000Z,1790540686.000,32.64306953,-117.202121595,5.2,143.166,124.018,-6.082,0.257,4.349,156.736,280.754,-3286,,4,3.185,394.771
2026-09-27T20:24:47.000Z,1790540687.000,32.643050406,-117.202103801,5.222,137.71,122.334,-3.422,-0.056,4.348,158.62,280.955,-3287,,4,3.57,396.065
2026-09-27T20:24:48.000Z,1790540688.000,32.643032332,-117.202081358,5.57,133.371,121.47,-4.379,-0.561,4.347,159.577,281.047,-3288,,4,4.098,397.165
2026-09-27T20:24:49.000Z,1790540689.000,32.643016283,-117.202057909,5.669,128.336,122.333,-1.561,-0.636,4.346,158.664,280.997,-3289,,4,4.487,398.157
2026-09-27T20:24:50.000Z,1790540690.000,32.643001576,-117.202033716,5.266,125.461,122.599,-3.165,0.8,4.344,158.365,280.964,-3290,,4,4.32,398.938
2026-09-27T20:24:51.000Z,1790540691.000,32.642987034,-117.202011862,5.126,128.651,123.011,-1.046,-0.722,4.343,157.988,280.998,-3291,,4,4.031,399.789
2026-09-27T20:24:52.000Z,1790540692.000,32.642973034,-117.201990362,4.73,130.184,123.911,-6.2,-0.211,4.342,157.064,280.974,-3292,,4,3.636,400.633
2026-09-27T20:24:53.000Z,1790540693.000,32.642957225,-117.201972193,4.804,139.157,125.032,-4.25,-0.5,4.341,156.017,281.049,-3293,,4,3.163,401.789
2026-09-27T20:24:54.000Z,1790540694.000,32.642940105,-117.201955772,4.8,140.397,122.533,-6.198,0.567,4.34,158.754,281.287,-3294,,4,3.077,402.854
2026-09-27T20:24:55.000Z,1790540695.000,32.642922551,-117.201939841,4.763,146.058,122.494,-5.432,-0.331,4.339,159.116,281.61,-3295,,4,2.671,404.173
2026-09-27T20:24:56.000Z,1790540696.000,32.642904741,-117.201922964,4.877,141.387,122.547,-7.438,-0.632,4.338,159.311,281.858,-3296,,4,3.048,405.497
2026-09-27T20:24:57.000Z,1790540697.000,32.642885812,-117.201904981,5.269,141.169,123.031,-5.431,0.493,4.337,158.938,281.969,-3297,,4,3.301,406.935
2026-09-27T20:24:58.000Z,1790540698.000,32.642867767,-117.201886033,5.367,135.433,122.333,-1.233,0.4,4.336,159.639,281.972,-3298,,4,3.757,408.157
2026-09-27T20:24:59.000Z,1790540699.000,32.642851859,-117.2018641,5.137,130.434,122.295,-4.263,-1.102,4.334,159.746,282.041,-3299,,4,3.897,409.112
2026-09-27T20:25:00.000Z,1790540700.000,32.642836713,-117.20184217,5.274,128.292,122.526,-3.411,-0.403,4.333,159.757,282.283,-3300,,4,4.123,410.009
2026-09-27T20:25:01.000Z,1790540701.000,32.642821078,-117.201820233,5.241,133.059,126.133,-8.263,-0.711,4.332,156.377,282.51,-3301,,4,3.804,411.222
2026-09-27T20:25:02.000Z,1790540702.000,32.642803298,-117.201801204,5.135,140.972,131.305,-7.49,0.097,4.331,151.396,282.701,-3302,,4,3.198,412.866
2026-09-27T20:25:03.000Z,1790540703.000,32.642783733,-117.2017848,5.1,145.767,133.967,-8.667,-0.033,4.33,148.978,282.945,-3303,,4,2.823,414.583
2026-09-27T20:25:04.000Z,1790540704.000,32.64276324,-117.201772408,5.04,153.851,135.57,-5.811,-0.681,4.329,147.594,283.164,-3304,,4,2.163,416.444
2026-09-27T20:25:05.000Z,1790540705.000,32.642742995,-117.201761048,4.717,158.258,135.919,-6.005,-1.696,4.328,147.169,283.089,-3305,,4,1.682,418.22
2026-09-27T20:25:06.000Z,1790540706.000,32.642722185,-117.201749622,4.83,154.511,134.119,-2.489,0.748,4.327,148.961,283.08,-3306,,4,2.005,419.895
2026-09-27T20:25:07.000Z,1790540707.000,32.642702802,-117.201736237,4.935,145.24,133.435,-2.883,-0.43,4.326,149.696,283.131,-3307,,4,2.738,421.439
2026-09-27T20:25:08.000Z,1790540708.000,32.642683639,-117.201719333,5.066,145.009,135.2,-4.403,0.26,4.324,147.921,283.121,-3308,,4,2.819,423.029
2026-09-27T20:25:09.000Z,1790540709.000,32.642663124,-117.201702042,5.391,145.317,135.545,-1.736,-0.736,4.323,147.656,283.201,-3309,,4,2.967,424.643
2026-09-27T20:25:10.000Z,1790540710.000,32.642642158,-117.201683519,5.539,139.902,132.991,-2.487,-0.63,4.322,150.302,283.294,-3310,,4,3.463,426.05
2026-09-27T20:25:11.000Z,1790540711.000,32.642622059,-117.201664195,5.532,141.216,133.071,-8.571,-0.003,4.321,150.19,283.261,-3311,,4,3.351,427.535
2026-09-27T20:25:12.000Z,1790540712.000,32.64260234,-117.201647138,5.067,145.2,132.501,-6.602,1.1,4.32,150.518,283.019,-3312,,4,2.773,429.005
2026-09-27T20:25:13.000Z,1790540713.000,32.642582599,-117.201632219,5.035,146.815,129.475,-0.715,-0.86,4.319,153.13,282.605,-3313,,4,2.628,430.36
2026-09-27T20:25:14.000Z,1790540714.000,32.642563916,-117.201616616,5.1,142.245,124.493,0.375,-0.121,4.318,157.611,282.104,-3314,,4,2.994,431.424
2026-09-27T20:25:15.000Z,1790540715.000,32.64254662,-117.2015976,5.15,136.11,123.24,-4.15,-0.24,4.317,158.408,281.648,-3315,,4,3.445,432.522
2026-09-27T20:25:16.000Z,1790540716.000,32.642529643,-117.201578439,5.3,134.098,122.169,-2.037,-0.733,4.316,159.144,281.313,-3316,,4,3.676,433.596
2026-09-27T20:25:17.000Z,1790540717.000,32.642511476,-117.201558779,5.469,138.652,122.803,1.003,-0.997,4.314,158.401,281.205,-3317,,4,3.46,434.913
2026-09-27T20:25:18.000Z,1790540718.000,32.642493585,-117.201535963,5.763,131.094,122.537,-3.806,-0.5,4.313,158.916,281.453,-3318,,4,4.195,436.029
2026-09-27T20:25:19.000Z,1790540719.000,32.642475468,-117.201512513,5.6,135.896,122.842,-2.758,0.087,4.312,158.961,281.803,-3319,,4,3.732,437.193
2026-09-27T20:25:20.000Z,1790540720.000,32.642457487,-117.201492446,5,139.195,121.388,2.492,0.48,4.311,160.512,281.9,-3320,,4,3.106,438.312
2026-09-27T20:25:21.000Z,1790540721.000,32.642442438,-117.201473306,4.567,132.263,120.133,-1.1,-0.167,4.31,161.669,281.803,-3321,,4,3.243,439.17
2026-09-27T20:25:22.000Z,1790540722.000,32.642429409,-117.201454964,4.335,131.771,118.605,-1.795,-1.475,4.309,163.053,281.658,-3322,,4,3.101,439.82
2026-09-27T20:25:23.000Z,1790540723.000,32.642416892,-117.20143494,4.686,126.55,118.2,-4.857,-0.253,4.308,163.217,281.417,-3323,,4,3.632,440.453
2026-09-27T20:25:24.000Z,1790540724.000,32.64240304,-117.20141222,5.06,127.36,119.91,-2.68,-1.07,4.307,161.434,281.344,-3324,,4,3.872,441.308
2026-09-27T20:25:25.000Z,1790540725.000,32.642388223,-117.201390586,5.167,131.897,120.534,0.907,-0.302,4.306,161.257,281.791,-3325,,4,3.672,442.212
2026-09-27T20:25:26.000Z,1790540726.000,32.642373676,-117.201371055,4.635,130.977,121.33,-1.672,0.126,4.304,161.08,282.411,-3326,,4,3.341,443.168
2026-09-27T20:25:27.000Z,1790540727.000,32.642359597,-117.201353307,4.4,135.934,124.034,-5.91,-1.454,4.303,158.846,282.88,-3327,,4,2.891,444.283
2026-09-27T20:25:28.000Z,1790540728.000,32.642343745,-117.201338802,4.429,143.169,126.114,-7.114,0,4.302,157.298,283.412,-3328,,4,2.46,445.637
2026-09-27T20:25:29.000Z,1790540729.000,32.642326976,-117.201324699,4.6,145.355,129.823,-9.431,-0.9,4.301,154.065,283.889,-3329,,4,2.4,447.222
2026-09-27T20:25:30.000Z,1790540730.000,32.642309046,-117.201311077,4.833,145.183,131.432,-8.131,-0.068,4.3,152.791,284.223,-3330,,4,2.526,448.78
2026-09-27T20:25:31.000Z,1790540731.000,32.642290054,-117.201296962,4.929,148.622,134.171,-5.085,-1.1,4.299,150.337,284.508,-3331,,4,2.31,450.516
2026-09-27T20:25:32.000Z,1790540732.000,32.642272379,-117.201283311,4.485,148.036,133.977,-5.385,-0.5,4.298,150.847,284.823,-3332,,4,2.136,451.91
2026-09-27T20:25:33.000Z,1790540733.000,32.642254983,-117.201267083,4.549,140.304,134.289,-4.428,-0.538,4.297,150.834,285.123,-3333,,4,2.678,453.23
2026-09-27T20:25:34.000Z,1790540734.000,32.642238278,-117.201251578,4.733,140.371,131.1,1.435,-1.802,4.296,154.332,285.432,-3334,,4,2.775,454.239
2026-09-27T20:25:35.000Z,1790540735.000,32.642222188,-117.201235154,4.5,139.735,130.868,-0.328,-0.002,4.294,154.913,285.781,-3335,,4,2.673,455.375
2026-09-27T20:25:36.000Z,1790540736.000,32.642206522,-117.20121797,4.623,135.572,128.203,-2.152,-0.209,4.293,157.781,285.984,-3336,,4,3.004,456.256
2026-09-27T20:25:37.000Z,1790540737.000,32.642191656,-117.201199456,4.277,135.872,125.207,-3.131,-0.513,4.292,160.762,285.969,-3337,,4,2.757,456.982
2026-09-27T20:25:38.000Z,1790540738.000,32.642178071,-117.201183627,3.996,132.846,117.817,-2.932,0.072,4.291,167.84,285.657,-3338,,4,2.731,457.306
2026-09-27T20:25:39.000Z,1790540739.000,32.64216488,-117.201169583,3.797,131.338,110.544,1.132,-0.068,4.29,174.862,285.406,-3339,,4,2.664,457.646
2026-09-27T20:25:40.000Z,1790540740.000,32.642154606,-117.201151978,4.4,115.895,101.665,-0.982,-1.2,4.289,-176.312,285.353,-3340,,4,3.81,457.436
2026-09-27T20:25:41.000Z,1790540741.000,32.642147105,-117.201130307,4.629,105.316,93.063,4.119,-0.067,4.288,-167.637,285.426,-3341,,4,4.365,456.844
2026-09-27T20:25:42.000Z,1790540742.000,32.642143147,-117.201106026,4.388,97.351,84.395,9.528,-0.217,4.287,-158.753,285.642,-3342,,4,4.301,455.824
2026-09-27T20:25:43.000Z,1790540743.000,32.642143438,-117.201084186,3.623,87.917,77.246,6.894,0.371,4.286,-151.604,285.642,-3343,,4,3.621,454.587
2026-09-27T20:25:44.000Z,1790540744.000,32.642146428,-117.201062028,4.1,78.106,71.106,9.582,-0.896,4.284,-145.821,285.285,-3344,,4,4.062,453.16
2026-09-27T20:25:45.000Z,1790540745.000,32.642152326,-117.201041394,4.009,68.528,64.455,5.919,-0.099,4.283,-139.66,284.795,-3345,,4,3.825,451.483
2026-09-27T20:25:46.000Z,1790540746.000,32.64215883,-117.201020297,3.957,70.413,61.828,3.515,0.072,4.282,-137.61,284.218,-3346,,4,3.811,449.981
2026-09-27T20:25:47.000Z,1790540747.000,32.642164814,-117.200999046,4.264,71.821,62.107,6.436,0.432,4.281,-138.535,283.572,-3347,,4,4.134,448.689
2026-09-27T20:25:48.000Z,1790540748.000,32.642170896,-117.200976815,4.134,72.336,62.664,6.729,0.366,4.28,-139.666,282.998,-3348,,4,4.015,447.371
2026-09-27T20:25:49.000Z,1790540749.000,32.642177207,-117.200954944,4.121,71.492,60.236,4.371,-0.279,4.279,-137.482,282.754,-3349,,4,3.988,445.879
2026-09-27T20:25:50.000Z,1790540750.000,32.642182667,-117.200932509,4.239,73.279,61.057,5.582,0.661,4.278,-138.232,282.825,-3350,-937.504,4,4.133,444.632
2026-09-27T20:25:51.000Z,1790540751.000,32.642188017,-117.200908952,4.214,76.597,63.706,5.277,-0.437,4.277,-140.67,283.035,-3351,-935.647,4,4.156,443.462
2026-09-27T20:25:52.000Z,1790540752.000,32.642192905,-117.200885709,4.734,75.227,64.933,3.233,1.037,4.276,-141.745,283.188,-3352,-933.889,4,4.648,442.275
2026-09-27T20:25:53.000Z,1790540753.000,32.642197393,-117.200862071,4.371,76.666,65.602,4.266,-0.168,4.274,-142.356,283.247,-3353,-932.115,4,4.311,441.087
2026-09-27T20:25:54.000Z,1790540754.000,32.642202359,-117.200838941,4.138,75.859,63.338,3.927,0.479,4.273,-140.001,283.337,-3354,-930.597,4,4.071,439.697
2026-09-27T20:25:55.000Z,1790540755.000,32.642206152,-117.200814281,4.007,83.084,64.263,0.311,0.07,4.272,-140.892,283.371,-3355,-928.685,4,4.001,438.562
2026-09-27T20:25:56.000Z,1790540756.000,32.642208972,-117.200787695,4.835,81.743,69.072,-3.039,-0.598,4.271,-145.545,283.527,-3356,-926.321,4,4.82,437.698
2026-09-27T20:25:57.000Z,1790540757.000,32.642211098,-117.200758415,5.402,84.09,72.227,-0.539,-0.232,4.27,-148.339,283.887,-3357,-923.812,4,5.399,436.734
2026-09-27T20:25:58.000Z,1790540758.000,32.642213529,-117.20072657,5.378,86.051,74.386,2.393,-0.414,4.269,-150.197,284.189,-3358,-921.172,4,5.378,435.598
2026-09-27T20:25:59.000Z,1790540759.000,32.642216468,-117.200694566,6.07,80.565,75.64,2.711,-0.47,4.268,-151.272,284.367,-3359,-918.597,4,6.041,434.348
2026-09-27T20:26:00.000Z,1790540760.000,32.642220954,-117.200662749,5.906,77.746,72.8,2.314,-0.186,4.267,-148.2,284.6,-3360,-916.345,4,5.841,432.671
2026-09-27T20:26:01.000Z,1790540761.000,32.642226468,-117.200632589,5.902,78.631,71.001,4.867,0.132,4.266,-146.034,284.967,-3361,-914.23,4,5.849,431.013
2026-09-27T20:26:02.000Z,1790540762.000,32.642231578,-117.200602944,5.559,76.049,70.011,-0.773,-0.281,4.264,-144.599,285.412,-3362,-912.091,4,5.471,429.466
2026-09-27T20:26:03.000Z,1790540763.000,32.642235247,-117.200572165,5.714,83.19,72.795,0.462,-0.491,4.263,-146.737,286.058,-3363,-909.561,4,5.706,428.271
2026-09-27T20:26:04.000Z,1790540764.000,32.642238045,-117.200540927,5.6,84.364,73.027,0.362,-1.503,4.262,-146.09,286.937,-3364,-907.099,4,5.597,426.992
2026-09-27T20:26:05.000Z,1790540765.000,32.642240569,-117.200510003,5.533,84.739,72.434,1.3,-0.003,4.261,-144.607,287.828,-3365,-904.696,4,5.531,425.698
2026-09-27T20:26:06.000Z,1790540766.000,32.642243794,-117.200479094,5.603,82.794,71.237,0.469,-0.628,4.26,-142.739,288.499,-3366,-902.365,4,5.593,424.293
2026-09-27T20:26:07.000Z,1790540767.000,32.642247095,-117.200447641,5.938,80.525,70.733,1.929,-0.386,4.259,-141.588,289.145,-3367,-899.954,4,5.908,422.907
2026-09-27T20:26:08.000Z,1790540768.000,32.642251587,-117.200414451,6.091,81.491,70.548,0.095,-0.878,4.258,-140.723,289.824,-3368,-897.441,4,6.07,421.361
2026-09-27T20:26:09.000Z,1790540769.000,32.642255743,-117.200382321,6.096,81.004,71.175,0.196,-0.207,4.257,-140.952,290.223,-3369,-894.951,4,6.07,419.935
2026-09-27T20:26:10.000Z,1790540770.000,32.642258828,-117.200350013,5.964,81.984,72.632,0.07,-0.534,4.256,-142.166,290.466,-3370,-892.343,4,5.947,418.669
2026-09-27T20:26:11.000Z,1790540771.000,32.642261684,-117.200318137,5.739,85.375,72.2,0.852,-0.229,4.254,-141.507,290.693,-3371,-889.869,4,5.738,417.321
2026-09-27T20:26:12.000Z,1790540772.000,32.642264926,-117.200286106,5.996,81.139,70.917,-0.561,0.083,4.253,-139.974,290.944,-3372,-887.451,4,5.971,415.873
2026-09-27T20:26:13.000Z,1790540773.000,32.642267374,-117.200253644,5.9,84.957,72.674,-2.037,-0.8,4.252,-141.368,291.306,-3373,-884.781,4,5.898,414.687
2026-09-27T20:26:14.000Z,1790540774.000,32.642269531,-117.200221071,6.429,84.063,74.098,-3.463,-0.697,4.251,-142.534,291.565,-3374,-882.107,4,6.424,413.509
2026-09-27T20:26:15.000Z,1790540775.000,32.642270896,-117.200188393,5.704,86.709,74.044,-0.278,0.722,4.25,-142.285,291.758,-3375,-879.468,4,5.704,412.315
2026-09-27T20:26:16.000Z,1790540776.000,32.642272511,-117.200156922,5.751,85.424,73.13,0.414,-1.054,4.249,-141.184,291.946,-3376,-876.99,4,5.751,411.077
2026-09-27T20:26:17.000Z,1790540777.000,32.642275322,-117.200124996,5.73,83.919,70.011,-0.393,-1.222,4.248,-138.005,292.006,-3377,-874.666,4,5.724,409.56
2026-09-27T20:26:18.000Z,1790540778.000,32.642278674,-117.2000942,6.006,82.351,69.665,-0.309,0.497,4.247,-137.029,292.636,-3378,-872.303,4,5.991,408.201
2026-09-27T20:26:19.000Z,1790540779.000,32.642282298,-117.200062288,5.967,83.471,71.532,-1.54,-0.736,4.246,-138.146,293.385,-3379,-869.73,4,5.96,406.915
2026-09-27T20:26:20.000Z,1790540780.000,32.642285368,-117.200030895,5.953,81.058,71.826,0.084,-0.453,4.244,-137.784,294.042,-3380,-867.265,4,5.927,405.606
2026-09-27T20:26:21.000Z,1790540781.000,32.642289707,-117.199999414,5.841,80.38,69.646,0.4,0.371,4.243,-135.216,294.43,-3381,-865.004,4,5.809,404.006
2026-09-27T20:26:22.000Z,1790540782.000,32.64229465,-117.199969171,5.746,78.2,69.423,0.745,0.305,4.242,-134.746,294.677,-3382,-862.761,4,5.686,402.505
2026-09-27T20:26:23.000Z,1790540783.000,32.642299432,-117.19993841,5.933,79.773,70.967,-2.832,-0.3,4.241,-136.17,294.797,-3383,-860.361,4,5.893,401.115
2026-09-27T20:26:24.000Z,1790540784.000,32.642303425,-117.199906313,6.19,84.296,71.82,-2.275,-1.135,4.24,-136.947,294.873,-3384,-857.853,4,6.186,399.722
2026-09-27T20:26:25.000Z,1790540785.000,32.642307371,-117.199873541,5.953,81.014,72.114,-1.071,-0.038,4.239,-137.204,294.91,-3385,-855.318,4,5.925,398.277
2026-09-27T20:26:26.000Z,1790540786.000,32.642310926,-117.19983982,6.091,83.727,71.861,1.844,-0.661,4.238,-137.013,294.848,-3386,-852.716,4,6.084,396.807
2026-09-27T20:26:27.000Z,1790540787.000,32.642315172,-117.199809171,5.198,81.383,70.267,0.367,-0.533,4.237,-135.548,294.719,-3387,-850.484,4,5.178,395.28
2026-09-27T20:26:28.000Z,1790540788.000,32.64231896,-117.199780825,5.197,83.24,69.769,-0.4,0.031,4.236,-135.15,294.619,-3388,-848.356,4,5.188,393.943
2026-09-27T20:26:29.000Z,1790540789.000,32.64232197,-117.199753284,5.023,82.849,70.915,-2.27,-0.415,4.234,-136.251,294.664,-3389,-846.157,4,5.013,392.817
2026-09-27T20:26:30.000Z,1790540790.000,32.642325121,-117.199726789,4.489,81.372,69.33,-2.16,-1.191,4.233,-134.308,295.022,-3390,-844.214,4,4.471,391.539
2026-09-27T20:26:31.000Z,1790540791.000,32.642327638,-117.199700722,4.632,83.547,68.173,0.375,-0.87,4.232,-132.466,295.707,-3391,-842.25,4,4.626,390.369
2026-09-27T20:26:32.000Z,1790540792.000,32.642331122,-117.199673312,5.131,79.267,67.839,-2.088,0.465,4.231,-131.506,296.333,-3392,-840.175,4,5.089,389.105
2026-09-27T20:26:33.000Z,1790540793.000,32.642334948,-117.19964375,5.444,81.808,69.792,-2.252,-1.56,4.23,-132.655,297.138,-3393,-837.799,4,5.425,387.876
2026-09-27T20:26:34.000Z,1790540794.000,32.642338298,-117.199613033,5.6,82.626,71.782,0.958,-0.742,4.229,-133.968,297.814,-3394,-835.304,4,5.586,386.666
2026-09-27T20:26:35.000Z,1790540795.000,32.642342411,-117.199583361,5.331,81.611,72.069,-0.109,0.569,4.228,-133.85,298.219,-3395,-833.035,4,5.311,385.302
2026-09-27T20:26:36.000Z,1790540796.000,32.642346432,-117.199554543,5.201,78.706,72.535,0.299,-0.167,4.227,-134.368,298.167,-3396,-830.823,4,5.151,383.988
2026-09-27T20:26:37.000Z,1790540797.000,32.64235181,-117.199525895,5.3,77.307,68.049,0.052,-0.281,4.226,-129.742,298.307,-3397,-828.989,4,5.229,382.227
2026-09-27T20:26:38.000Z,1790540798.000,32.642357046,-117.199496833,5.424,75.876,68.273,2.041,-0.349,4.224,-130.057,298.216,-3398,-826.832,4,5.328,380.761
2026-09-27T20:26:39.000Z,1790540799.000,32.642361959,-117.19946644,5.71,81.126,69.29,-1.329,-0.171,4.223,-131.326,297.965,-3399,-824.5,4,5.682,379.334
2026-09-27T20:26:40.000Z,1790540800.000,32.642363869,-117.199436727,5.365,86.896,72.471,-1.135,-0.9,4.222,-134.798,297.673,-3400,-821.944,4,5.365,378.381
2026-09-27T20:26:41.000Z,1790540801.000,32.642364766,-117.199406684,5.529,89.193,74.568,-3.119,-0.168,4.221,-137.26,297.308,-3401,-819.378,4,5.524,377.461
2026-09-27T20:26:42.000Z,1790540802.000,32.642365637,-117.199378187,5.1,90.497,75.354,-3.029,-0.654,4.22,-138.332,297.021,-3402,-817.014,4,5.089,376.507
2026-09-27T20:26:43.000Z,1790540803.000,32.64236593,-117.199349509,4.779,90.096,74.981,1.585,-0.421,4.219,-137.984,296.997,-3403,-814.669,4,4.77,375.532
2026-09-27T20:26:44.000Z,1790540804.000,32.642367068,-117.199320379,5.501,82.392,73.463,4.97,0.766,4.218,-136.401,297.062,-3404,-812.394,4,5.486,374.378
2026-09-27T20:26:45.000Z,1790540805.000,32.642369267,-117.199291467,5.367,81.067,72.067,7.833,0,4.217,-134.838,297.229,-3405,-810.187,4,5.341,373.131
2026-09-27T20:26:46.000Z,1790540806.000,32.642374603,-117.199261954,5.515,75.159,68.191,1.135,-0.247,4.216,-130.738,297.453,-3406,-808.243,4,5.402,371.385
2026-09-27T20:26:47.000Z,1790540807.000,32.642380379,-117.199232584,5.315,77.104,68.838,-0.617,-0.007,4.214,-130.992,297.846,-3407,-806.063,4,5.239,369.879
2026-09-27T20:26:48.000Z,1790540808.000,32.642386015,-117.199202427,5.504,78.311,69.564,-1.968,-0.693,4.213,-131.345,298.22,-3408,-803.805,4,5.443,368.367
2026-09-27T20:26:49.000Z,1790540809.000,32.642391339,-117.19917247,5.466,78.134,68.831,2,-0.098,4.212,-130.325,298.506,-3409,-801.637,4,5.403,366.804
2026-09-27T20:26:50.000Z,1790540810.000,32.64239691,-117.199143423,5.3,76.51,67.313,2.681,0.674,4.211,-128.777,298.536,-3410,-799.606,4,5.214,365.199
2026-09-27T20:26:51.000Z,1790540811.000,32.642403273,-117.199114547,5.5,71.843,67.138,-0.948,-0.825,4.21,-128.802,298.335,-3411,-797.547,4,5.311,363.597
2026-09-27T20:26:52.000Z,1790540812.000,32.642409132,-117.199084287,5.57,80.204,67.232,0.032,-0.24,4.209,-129.169,298.063,-3412,-795.331,4,5.532,362.02
2026-09-27T20:26:53.000Z,1790540813.000,32.642413748,-117.199054184,5.706,79.241,67.63,-0.035,-1,4.208,-129.909,297.72,-3413,-793.045,4,5.654,360.595
2026-09-27T20:26:54.000Z,1790540814.000,32.642418274,-117.199022852,6.047,80.519,67.455,2,-0.291,4.207,-129.97,297.485,-3414,-790.688,4,6.008,359.107
2026-09-27T20:26:55.000Z,1790540815.000,32.642423828,-117.198990122,6.218,75.11,66.827,-1.527,-0.373,4.206,-129.502,297.324,-3415,-788.296,4,6.084,357.439
2026-09-27T20:26:56.000Z,1790540816.000,32.642428668,-117.198956455,6.234,81.168,68.533,0.067,-0.433,4.204,-131.029,297.504,-3416,-785.644,4,6.201,355.955
2026-09-27T20:26:57.000Z,1790540817.000,32.642433614,-117.198922713,6.235,78.382,69.37,-0.87,-0.135,4.203,-131.448,297.922,-3417,-783.047,4,6.164,354.407
2026-09-27T20:26:58.000Z,1790540818.000,32.642438536,-117.198889303,6.164,79.727,71.364,2.009,-0.046,4.202,-133.072,298.291,-3418,-780.408,4,6.113,352.945
2026-09-27T20:26:59.000Z,1790540819.000,32.642444119,-117.198858087,5.538,77.214,70.5,-0.038,-0.224,4.201,-131.893,298.607,-3419,-778.155,4,5.456,351.306
2026-09-27T20:27:00.000Z,1790540820.000,32.642448689,-117.198828167,5.423,79.651,70.182,1.064,-0.118,4.2,-131.238,298.945,-3420,-775.925,4,5.377,349.849
2026-09-27T20:27:01.000Z,1790540821.000,32.642453303,-117.198798579,5.466,78.9,68.932,1.201,0.101,4.199,-129.566,299.366,-3421,-773.782,4,5.409,348.34
2026-09-27T20:27:02.000Z,1790540822.000,32.642457839,-117.198769029,5.572,77.977,67.997,0.808,0.084,4.198,-128.262,299.735,-3422,-771.62,4,5.5,346.862
2026-09-27T20:27:03.000Z,1790540823.000,32.642462609,-117.198739315,5.4,81.647,66.854,2.273,-0.891,4.197,-127.011,299.843,-3423,-769.47,4,5.375,345.341
2026-09-27T20:27:04.000Z,1790540824.000,32.642468352,-117.19870941,5.539,75.065,64.361,1.022,-2.074,4.196,-124.549,299.811,-3424,-767.442,4,5.414,343.637
2026-09-27T20:27:05.000Z,1790540825.000,32.642474838,-117.198678103,6.069,76.016,63.861,0.208,-1.261,4.194,-124.044,299.817,-3425,-765.21,4,5.952,341.927
2026-09-27T20:27:06.000Z,1790540826.000,32.642481708,-117.198644985,6.3,78.192,62.735,0.004,0.402,4.193,-122.93,299.805,-3426,-762.888,4,6.22,340.084
2026-09-27T20:27:07.000Z,1790540827.000,32.642488322,-117.198610657,6.532,76.517,66.771,0.139,-0.476,4.192,-127.007,299.764,-3427,-760.118,4,6.415,338.522
2026-09-27T20:27:08.000Z,1790540828.000,32.642494471,-117.198576111,6.412,79.201,68.383,-0.795,-1.151,4.191,-128.594,299.789,-3428,-757.467,4,6.346,336.868
2026-09-27T20:27:09.000Z,1790540829.000,32.642499986,-117.198542624,6.062,78.864,70.099,0.675,-0.625,4.19,-130.392,299.707,-3429,-754.867,4,5.995,335.323
2026-09-27T20:27:10.000Z,1790540830.000,32.642504843,-117.19851056,5.936,81.197,71.064,0.932,0.504,4.189,-131.309,299.755,-3430,-752.398,4,5.901,333.847
2026-09-27T20:27:11.000Z,1790540831.000,32.642508664,-117.198480519,5.235,82.165,72.4,0.364,-0.602,4.188,-132.57,299.829,-3431,-750.023,4,5.213,332.569
2026-09-27T20:27:12.000Z,1790540832.000,32.642512556,-117.198451949,5.435,80.787,70.935,-0.93,-0.904,4.187,-131.036,299.899,-3432,-747.937,4,5.398,331.152
2026-09-27T20:27:13.000Z,1790540833.000,32.642515919,-117.198423627,5.28,80.421,70.153,-1.609,-0.538,4.186,-130.255,299.898,-3433,-745.805,4,5.24,329.843
2026-09-27T20:27:14.000Z,1790540834.000,32.642520021,-117.198393623,5.551,82.469,70.74,-0.189,-0.569,4.184,-130.841,299.899,-3434,-743.491,4,5.529,328.489
2026-09-27T20:27:15.000Z,1790540835.000,32.642524308,-117.198362949,5.6,79.68,69.9,-0.032,-1.005,4.183,-129.966,299.934,-3435,-741.215,4,5.547,327.004
2026-09-27T20:27:16.000Z,1790540836.000,32.642528758,-117.198331652,5.7,80.239,68.737,1.605,-0.032,4.182,-128.822,299.914,-3436,-738.917,4,5.653,325.463
2026-09-27T20:27:17.000Z,1790540837.000,32.642533937,-117.198299995,6.082,79.144,68.745,1.646,-0.399,4.181,-128.887,299.858,-3437,-736.555,4,6.016,323.907
2026-09-27T20:27:18.000Z,1790540838.000,32.642539078,-117.198268372,5.841,77.78,68.683,0.593,-1.112,4.18,-128.88,299.803,-3438,-734.198,4,5.755,322.351
2026-09-27T20:27:19.000Z,1790540839.000,32.642543739,-117.19823847,5.6,77.26,67.767,0.27,0.566,4.179,-127.999,299.768,-3439,-732.012,4,5.508,320.85
2026-09-27T20:27:20.000Z,1790540840.000,32.642548192,-117.198208748,5.2,78.189,68.968,-1.403,-0.308,4.178,-129.203,299.765,-3440,-729.7,4,5.129,319.503
2026-09-27T20:27:21.000Z,1790540841.000,32.642552219,-117.198179742,5.549,80.813,69.37,-2.943,-0.524,4.177,-129.798,299.572,-3441,-727.475,4,5.509,318.177
2026-09-27T20:27:22.000Z,1790540842.000,32.642555573,-117.198149709,5.751,83.689,69.727,-0.979,-0.127,4.176,-130.336,299.391,-3442,-725.133,4,5.737,316.885
2026-09-27T20:27:23.000Z,1790540843.000,32.642559211,-117.198117387,5.996,79.857,70.396,-0.632,-0.8,4.174,-131.256,299.141,-3443,-722.597,4,5.94,315.509
2026-09-27T20:27:24.000Z,1790540844.000,32.642562495,-117.198084534,5.997,80.351,70.302,0.666,-0.403,4.173,-131.406,298.895,-3444,-720.045,4,5.947,314.106
2026-09-27T20:27:25.000Z,1790540845.000,32.642566291,-117.198052997,5.931,79.704,69.766,0.834,0.037,4.172,-131.17,298.596,-3445,-717.654,4,5.873,312.664
2026-09-27T20:27:26.000Z,1790540846.000,32.64257073,-117.198023292,5.217,78.279,69.352,1.239,0.365,4.171,-131.055,298.298,-3446,-715.442,4,5.146,311.222
2026-09-27T20:27:27.000Z,1790540847.000,32.642575572,-117.197994438,5.37,75.557,68.57,0.43,-0.411,4.17,-130.583,297.987,-3447,-713.343,4,5.247,309.742
2026-09-27T20:27:28.000Z,1790540848.000,32.64258004,-117.197967219,4.932,79.765,68.195,-0.24,0.365,4.169,-130.521,297.674,-3448,-711.337,4,4.883,308.379
2026-09-27T20:27:29.000Z,1790540849.000,32.642584727,-117.197939582,5.397,80.954,66.273,-0.513,-0.876,4.168,-128.889,297.385,-3449,-709.404,4,5.358,306.889
2026-09-27T20:27:30.000Z,1790540850.000,32.642589342,-117.197909358,5.936,77.385,64.9,1.513,-1.136,4.167,-127.899,297.001,-3450,-707.22,4,5.835,305.357
2026-09-27T20:27:31.000Z,1790540851.000,32.642594544,-117.197876858,6.081,77.541,65.641,0.067,-0.611,4.166,-129.2,296.44,-3451,-704.742,4,5.981,303.813
2026-09-27T20:27:32.000Z,1790540852.000,32.64259964,-117.197843642,6.168,80.492,68.238,-1.368,-0.032,4.164,-132.405,295.833,-3452,-702.085,4,6.115,302.369
2026-09-27T20:27:33.000Z,1790540853.000,32.642603266,-117.197811744,5.8,82.766,71.899,-0.633,-0.8,4.163,-136.578,295.321,-3453,-699.404,4,5.775,301.194
2026-09-27T20:27:34.000Z,1790540854.000,32.642607022,-117.197782984,5.296,81.739,72.3,-2.587,-0.161,4.162,-137.335,294.965,-3454,-697.187,4,5.264,299.905
2026-09-27T20:27:35.000Z,1790540855.000,32.64260993,-117.197756207,4.877,81.351,72.361,-1.47,-1.232,4.161,-137.714,294.647,-3455,-695.11,4,4.844,298.746
2026-09-27T20:27:36.000Z,1790540856.000,32.64261289,-117.19772841,5.3,82.641,71.13,1.16,-1.77,4.16,-136.723,294.407,-3456,-693.027,4,5.276,297.466
2026-09-27T20:27:37.000Z,1790540857.000,32.642616977,-117.197699538,5.5,79.286,67.894,0.7,0.468,4.159,-133.649,294.245,-3457,-691.036,4,5.435,295.913
2026-09-27T20:27:38.000Z,1790540858.000,32.642622096,-117.197667567,6.266,80.169,67.604,0.562,-0.672,4.158,-133.531,294.073,-3458,-688.663,4,6.206,294.335
2026-09-27T20:27:39.000Z,1790540859.000,32.642626963,-117.197634505,6.127,79.221,67,9.5,-0.645,4.157,-133.127,293.873,-3459,-686.207,4,6.053,292.73
2026-09-27T20:27:40.000Z,1790540860.000,32.6426347,-117.197602365,6.029,73.465,63.153,11.771,1.365,4.156,-129.488,293.665,-3460,-684.185,4,5.83,290.669
2026-09-27T20:27:41.000Z,1790540861.000,32.642645051,-117.197573609,5.365,68.386,60.191,4.306,1.383,4.154,-126.697,293.494,-3461,-682.529,4,5.042,288.506
2026-09-27T20:27:42.000Z,1790540862.000,32.642654093,-117.197545859,5.3,68.35,63.1,-0.825,-0.766,4.153,-129.674,293.426,-3462,-680.495,4,4.979,286.827
2026-09-27T20:27:43.000Z,1790540863.000,32.642661944,-117.197519677,4.976,72.279,61.02,0.477,-0.796,4.152,-127.559,293.461,-3463,-678.865,4,4.779,285.054
2026-09-27T20:27:44.000Z,1790540864.000,32.642668052,-117.197493581,4.658,76.339,58.987,3.048,-0.381,4.151,-125.33,293.657,-3464,-677.152,4,4.553,283.473
2026-09-27T20:27:45.000Z,1790540865.000,32.642674125,-117.197467652,5,76.551,58.525,2.794,0.694,4.15,-124.659,293.866,-3465,-675.344,4,4.89,281.983
2026-09-27T20:27:46.000Z,1790540866.000,32.642680237,-117.197439004,5.333,80.562,60.567,-0.137,-0.597,4.149,-126.472,294.095,-3466,-673.14,4,5.28,280.53
2026-09-27T20:27:47.000Z,1790540867.000,32.642685606,-117.197407628,6,80.157,63.606,-1.136,-0.736,4.148,-129.131,294.475,-3467,-670.609,4,5.935,279.128
2026-09-27T20:27:48.000Z,1790540868.000,32.64269072,-117.197373948,6.414,81.924,67.744,-0.642,-0.324,4.147,-132.736,295.008,-3468,-667.812,4,6.37,277.753
2026-09-27T20:27:49.000Z,1790540869.000,32.642696133,-117.197340256,6.041,79.481,69.541,0.133,0.059,4.146,-133.954,295.587,-3469,-665.184,4,5.963,276.216
2026-09-27T20:27:50.000Z,1790540870.000,32.642701337,-117.197308545,5.8,80.004,70.333,3.4,0.067,4.144,-134.002,296.331,-3470,-662.772,4,5.733,274.704
2026-09-27T20:27:51.000Z,1790540871.000,32.642706922,-117.19727682,6.032,76.69,70.705,1.71,-0.666,4.143,-133.415,297.29,-3471,-660.404,4,5.899,273.125
2026-09-27T20:27:52.000Z,1790540872.000,32.642713255,-117.197243743,6.418,76.955,70.564,0.245,-0.282,4.142,-132.322,298.242,-3472,-657.992,4,6.282,271.394
2026-09-27T20:27:53.000Z,1790540873.000,32.642719718,-117.197208129,6.576,80.429,72.229,1.965,-0.159,4.141,-133.262,298.967,-3473,-655.271,4,6.506,269.681
2026-09-27T20:27:54.000Z,1790540874.000,32.642725577,-117.197171055,7.132,80.676,74.374,-0.703,-1,4.14,-134.923,299.451,-3474,-652.373,4,7.06,268.019
2026-09-27T20:27:55.000Z,1790540875.000,32.642729928,-117.197133582,6.968,82.576,76.062,-0.168,-0.628,4.139,-136.287,299.775,-3475,-649.394,4,6.926,266.474
2026-09-27T20:27:56.000Z,1790540876.000,32.642732719,-117.197097657,6.464,85.958,76.728,1.453,-0.083,4.138,-136.552,300.176,-3476,-646.52,4,6.455,265.075
2026-09-27T20:27:57.000Z,1790540877.000,32.642734323,-117.197065367,5.492,88.631,76.715,1.961,0,4.137,-136.259,300.456,-3477,-643.923,4,5.492,263.87
2026-09-27T20:27:58.000Z,1790540878.000,32.642734532,-117.197036638,5.068,91.048,75.063,-1.053,-0.226,4.136,-134.09,300.973,-3478,-641.638,4,5.065,262.816
2026-09-27T20:27:59.000Z,1790540879.000,32.642732366,-117.197010091,4.733,95.129,76.467,-1.367,-0.801,4.134,-134.842,301.625,-3479,-639.247,4,4.705,262.284
2026-09-27T20:28:00.000Z,1790540880.000,32.642730008,-117.196983041,5.135,96.446,76.488,-2.108,-1.227,4.133,-134.127,302.362,-3480,-636.88,4,5.09,261.664
2026-09-27T20:28:01.000Z,1790540881.000,32.642727392,-117.196953876,5.638,95.585,78.108,-1.798,-0.638,4.132,-134.914,303.195,-3481,-634.239,4,5.599,261.112
2026-09-27T20:28:02.000Z,1790540882.000,32.64272609,-117.196919738,6.37,92.332,79.819,-2.201,-1.09,4.131,-135.871,303.948,-3482,-631.252,4,6.358,260.271
2026-09-27T20:28:03.000Z,1790540883.000,32.642726103,-117.196883555,6.832,88.165,81.006,-1.523,-1.265,4.13,-136.469,304.537,-3483,-628.191,4,6.832,259.193
2026-09-27T20:28:04.000Z,1790540884.000,32.64272783,-117.19684625,7.068,84.938,81.43,0.84,-0.36,4.129,-136.494,304.936,-3484,-625.163,4,7.052,257.845
2026-09-27T20:28:05.000Z,1790540885.000,32.642729992,-117.196809761,7.12,88.297,81.3,3.712,-0.128,4.128,-136.07,305.23,-3485,-622.251,4,7.12,256.439
2026-09-27T20:28:06.000Z,1790540886.000,32.642732121,-117.196775025,6.242,86.696,81.06,2.451,-0.381,4.127,-135.634,305.426,-3486,-619.489,4,6.238,255.085
2026-09-27T20:28:07.000Z,1790540887.000,32.6427336,-117.196739501,6.331,89.474,82.143,-1.303,-0.469,4.126,-136.726,305.417,-3487,-616.565,4,6.331,253.868
2026-09-27T20:28:08.000Z,1790540888.000,32.642732733,-117.196705355,6.333,94.902,84.067,-0.434,0.135,4.124,-138.837,305.23,-3488,-613.597,4,6.297,253.002
2026-09-27T20:28:09.000Z,1790540889.000,32.642730347,-117.196674112,5.506,98.918,85.206,-1.118,-0.182,4.123,-140.254,304.952,-3489,-610.831,4,5.42,252.332
2026-09-27T20:28:10.000Z,1790540890.000,32.642727332,-117.196646723,5.077,99.902,82.47,0.067,-1.386,4.122,-137.747,304.724,-3490,-608.526,4,4.981,251.569
2026-09-27T20:28:11.000Z,1790540891.000,32.642723837,-117.196619719,5.674,99.556,77.581,3.941,-1.722,4.121,-132.933,304.649,-3491,-606.346,4,5.573,250.724
2026-09-27T20:28:12.000Z,1790540892.000,32.642720963,-117.196593898,5.067,97.4,74.067,8.027,-0.306,4.12,-129.255,304.812,-3492,-604.244,4,5.01,249.96
2026-09-27T20:28:13.000Z,1790540893.000,32.642721298,-117.196564818,5.563,88.161,72.705,2.447,-0.273,4.119,-127.58,305.125,-3493,-601.925,4,5.563,248.903
2026-09-27T20:28:14.000Z,1790540894.000,32.642724344,-117.196531263,6.4,83.891,72.78,-3.41,-1.137,4.118,-127.224,305.556,-3494,-599.292,4,6.377,247.513
2026-09-27T20:28:15.000Z,1790540895.000,32.64272732,-117.19649489,6.74,84.12,74.15,-0.09,-0.22,4.117,-128.074,306.076,-3495,-596.348,4,6.718,246.124
2026-09-27T20:28:16.000Z,1790540896.000,32.64273158,-117.196459037,6.636,81.668,75.532,1.796,0.168,4.116,-128.986,306.546,-3496,-593.515,4,6.585,244.62
2026-09-27T20:28:17.000Z,1790540897.000,32.642736532,-117.196424778,6.367,79.467,75.967,2.167,-0.834,4.114,-129.08,306.886,-3497,-590.903,4,6.281,243.033
2026-09-27T20:28:18.000Z,1790540898.000,32.642741353,-117.196392659,5.859,81.035,73.829,2.182,0.047,4.113,-126.799,307.03,-3498,-588.602,4,5.804,241.357
2026-09-27T20:28:19.000Z,1790540899.000,32.642745046,-117.196361332,5.839,83.758,73.207,2.109,0.009,4.112,-126.215,306.992,-3499,-586.227,4,5.815,239.925
2026-09-27T20:28:20.000Z,1790540900.000,32.642747869,-117.196328621,5.9,85.786,76.472,-2.939,-0.663,4.111,-129.64,306.831,-3500,-583.477,4,5.891,238.797
2026-09-27T20:28:21.000Z,1790540901.000,32.6427485,-117.196295944,6.2,91.295,79.132,-3.701,-1.066,4.11,-132.368,306.763,-3501,-580.659,4,6.195,237.865
2026-09-27T20:28:22.000Z,1790540902.000,32.642746049,-117.196264466,5.865,98.319,81.81,-0.426,-0.587,4.109,-135.182,306.627,-3502,-577.789,4,5.785,237.3
2026-09-27T20:28:23.000Z,1790540903.000,32.642742631,-117.196234706,5.523,97.216,82.515,-1.793,-0.039,4.108,-136.212,306.304,-3503,-575.11,4,5.464,236.752
2026-09-27T20:28:24.000Z,1790540904.000,32.642739607,-117.196205585,5.259,98.47,82.448,-2.652,0.011,4.107,-136.363,306.085,-3504,-572.54,4,5.184,236.129
2026-09-27T20:28:25.000Z,1790540905.000,32.642736361,-117.196178732,5.104,98.342,82.032,-3.204,-0.9,4.106,-136.008,306.024,-3505,-570.164,4,5.032,235.576
2026-09-27T20:28:26.000Z,1790540906.000,32.642733703,-117.196149896,5.434,97.477,82.232,-1.868,-0.768,4.104,-136.15,306.082,-3506,-567.624,4,5.371,234.943
2026-09-27T20:28:27.000Z,1790540907.000,32.642731953,-117.196117717,6.076,94.757,82.962,-5,-0.653,4.103,-136.813,306.149,-3507,-564.829,4,6.042,234.146
2026-09-27T20:28:28.000Z,1790540908.000,32.642729234,-117.196083528,6.439,96.287,85.739,-2.427,0.393,4.102,-139.511,306.228,-3508,-561.728,4,6.382,233.536
2026-09-27T20:28:29.000Z,1790540909.000,32.64272749,-117.196046807,6.763,94.152,88.705,-3.258,-1.516,4.101,-142.328,306.377,-3509,-558.468,4,6.731,232.761
2026-09-27T20:28:30.000Z,1790540910.000,32.642724802,-117.196011756,6.1,94.508,87.967,2.197,0.199,4.1,-141.541,306.426,-3510,-555.45,4,6.067,231.862
2026-09-27T20:28:31.000Z,1790540911.000,32.642721439,-117.195980247,5.669,96.55,86.812,7.727,-0.277,4.099,-140.514,306.298,-3511,-552.708,4,5.614,231.115
2026-09-27T20:28:32.000Z,1790540912.000,32.642720262,-117.195951471,5.331,91.209,81.146,9.392,-0.238,4.098,-135.034,306.112,-3512,-550.513,4,5.325,229.902
2026-09-27T20:28:33.000Z,1790540913.000,32.64272238,-117.19592382,4.79,84.76,75.04,-1.72,0.07,4.097,-129.052,305.988,-3513,-548.642,4,4.779,228.373
2026-09-27T20:28:34.000Z,1790540914.000,32.642723333,-117.195895861,5.065,89.778,74.667,-4.398,-0.1,4.096,-128.686,305.982,-3514,-546.39,4,5.064,227.352
2026-09-27T20:28:35.000Z,1790540915.000,32.6427232,-117.195866569,5.531,89.569,75.434,-2.3,-0.634,4.094,-129.463,305.971,-3515,-543.91,4,5.53,226.477
2026-09-27T20:28:36.000Z,1790540916.000,32.642722536,-117.195836521,5.6,89.872,75.782,1.836,0.154,4.093,-129.925,305.857,-3516,-541.363,4,5.599,225.605
2026-09-27T20:28:37.000Z,1790540917.000,32.642723041,-117.195804302,5.841,88.256,76.117,-1.424,-0.234,4.092,-130.437,305.68,-3517,-538.696,4,5.841,224.541
2026-09-27T20:28:38.000Z,1790540918.000,32.6427237,-117.195770383,6.232,89.01,78.336,-3.404,-0.796,4.091,-132.876,305.46,-3518,-535.798,4,6.232,223.535
2026-09-27T20:28:39.000Z,1790540919.000,32.642724267,-117.195734079,6.667,89.201,80.6,-2.135,0.532,4.09,-135.216,305.384,-3519,-532.701,4,6.666,222.469
2026-09-27T20:28:40.000Z,1790540920.000,32.642724265,-117.195696753,6.67,90.004,84.665,-1.275,-0.585,4.089,-139.622,305.043,-3520,-529.413,4,6.668,221.564
2026-09-27T20:28:41.000Z,1790540921.000,32.642724377,-117.195660505,6.692,89.247,85.831,-2.054,-0.762,4.088,-141.228,304.603,-3521,-526.36,4,6.692,220.475
2026-09-27T20:28:42.000Z,1790540922.000,32.642722524,-117.195625277,6.204,96.288,87.136,-0.696,-0.504,4.087,-142.787,304.349,-3522,-523.285,4,6.146,219.635
2026-09-27T20:28:43.000Z,1790540923.000,32.642719895,-117.195591534,5.933,98.49,87.698,-1.761,0.269,4.086,-143.268,304.43,-3523,-520.326,4,5.841,218.869
2026-09-27T20:28:44.000Z,1790540924.000,32.642715348,-117.195561121,5.6,100.694,87.474,-2.126,-0.409,4.084,-143.058,304.416,-3524,-517.577,4,5.471,218.351
2026-09-27T20:28:45.000Z,1790540925.000,32.64271022,-117.195532774,5.3,104.608,87.771,-5.747,-1.362,4.083,-143.292,304.479,-3525,-514.948,4,5.087,217.999
2026-09-27T20:28:46.000Z,1790540926.000,32.642704451,-117.195503868,5.3,105.924,88.907,-4.905,-1.412,4.082,-144.34,304.567,-3526,-512.207,4,5.049,217.76
2026-09-27T20:28:47.000Z,1790540927.000,32.642698713,-117.195475881,5.264,104.017,89.932,-4.373,-0.236,4.081,-145.22,304.712,-3527,-509.549,4,5.063,217.539
2026-09-27T20:28:48.000Z,1790540928.000,32.642693506,-117.195447338,5.266,101.79,89.936,-2.87,0.136,4.08,-144.959,304.977,-3528,-506.912,4,5.116,217.167
2026-09-27T20:28:49.000Z,1790540929.000,32.642689267,-117.195418836,5.3,98.564,87.943,-0.267,-0.191,4.079,-142.704,305.239,-3529,-504.406,4,5.211,216.545
2026-09-27T20:28:50.000Z,1790540930.000,32.642686292,-117.195390322,5.338,97.295,84.683,0.087,-0.538,4.078,-139.237,305.447,-3530,-502.023,4,5.269,215.698
2026-09-27T20:28:51.000Z,1790540931.000,32.642684262,-117.19535941,5.838,92.431,81.247,6.229,-0.393,4.077,-135.609,305.639,-3531,-499.511,4,5.821,214.67
2026-09-27T20:28:52.000Z,1790540932.000,32.642685171,-117.195326986,6.168,86.554,77.857,7.036,-0.896,4.076,-132.269,305.588,-3532,-497.035,4,6.166,213.298
2026-09-27T20:28:53.000Z,1790540933.000,32.642688423,-117.195293652,5.912,83.184,74.669,6.561,-0.285,4.074,-129.323,305.347,-3533,-494.606,4,5.89,211.673
2026-09-27T20:28:54.000Z,1790540934.000,32.642693842,-117.195261203,6,78.291,72.567,0.058,-0.614,4.073,-127.51,305.057,-3534,-492.31,4,5.911,209.929
2026-09-27T20:28:55.000Z,1790540935.000,32.642698191,-117.195229847,5.73,82.219,71.943,-0.162,-0.962,4.072,-127.141,304.802,-3535,-489.967,4,5.699,208.428
2026-09-27T20:28:56.000Z,1790540936.000,32.642701671,-117.195202108,5.097,83.764,70.468,-2,-0.303,4.071,-125.668,304.8,-3536,-487.93,4,5.081,207.081
2026-09-27T20:28:57.000Z,1790540937.000,32.642704364,-117.195175851,4.933,81.466,69.868,-1.367,-0.566,4.07,-124.917,304.951,-3537,-485.925,4,4.898,205.92
2026-09-27T20:28:58.000Z,1790540938.000,32.642706728,-117.195149,4.743,86.576,69.828,-0.092,-0.9,4.069,-124.561,305.267,-3538,-483.82,4,4.741,204.809
2026-09-27T20:28:59.000Z,1790540939.000,32.642709166,-117.195120014,5.529,83.504,70.654,-0.72,-1.171,4.068,-124.987,305.667,-3539,-481.49,4,5.51,203.676
2026-09-27T20:29:00.000Z,1790540940.000,32.642712644,-117.195089881,5.732,81.476,72.14,-2.76,-0.104,4.067,-126.068,306.072,-3540,-479.081,4,5.691,202.439
2026-09-27T20:29:01.000Z,1790540941.000,32.642716168,-117.195058356,5.9,82.803,74.134,-1.164,-0.499,4.066,-127.837,306.297,-3541,-476.532,4,5.872,201.189
2026-09-27T20:29:02.000Z,1790540942.000,32.642720176,-117.195026496,5.994,79.86,75.194,0.912,-0.6,4.064,-128.854,306.34,-3542,-474.035,4,5.928,199.818
2026-09-27T20:29:03.000Z,1790540943.000,32.642725544,-117.194994816,5.59,78.086,72.442,2,0.49,4.063,-126.223,306.219,-3543,-471.836,4,5.499,198.06
2026-09-27T20:29:04.000Z,1790540944.000,32.642730456,-117.194964075,5.531,79.219,70.412,3.062,0.269,4.062,-124.417,305.995,-3544,-469.656,4,5.458,196.432
2026-09-27T20:29:05.000Z,1790540945.000,32.642734638,-117.194933571,5.668,83.251,71.438,0.803,-0.429,4.061,-125.805,305.634,-3545,-467.278,4,5.643,195.081
2026-09-27T20:29:06.000Z,1790540946.000,32.642736832,-117.194902264,5.832,85.594,74.759,-4.629,-1.428,4.06,-129.589,305.17,-3546,-464.604,4,5.825,194.063
2026-09-27T20:29:07.000Z,1790540947.000,32.642736811,-117.194871487,5.852,90.827,77.916,-3.821,0.095,4.059,-133.198,304.717,-3547,-461.879,4,5.848,193.29
2026-09-27T20:29:08.000Z,1790540948.000,32.642734845,-117.194840613,5.329,97.397,81.071,-0.316,-0.516,4.058,-136.879,304.192,-3548,-459.058,4,5.264,192.725
2026-09-27T20:29:09.000Z,1790540949.000,32.642732727,-117.194811376,5.368,95.796,79.259,-0.295,-0.136,4.057,-135.462,303.797,-3549,-456.611,4,5.324,191.881
2026-09-27T20:29:10.000Z,1790540950.000,32.642731833,-117.194783,5.1,90.733,78.333,-0.767,-0.2,4.056,-134.879,303.454,-3550,-454.257,4,5.096,190.999
2026-09-27T20:29:11.000Z,1790540951.000,32.642732562,-117.194753606,5.438,87.9,76.262,-0.815,-1.215,4.054,-133.186,303.075,-3551,-451.963,4,5.438,189.838
2026-09-27T20:29:12.000Z,1790540952.000,32.642733487,-117.194722357,5.385,87.262,76.558,0.9,-0.415,4.053,-133.668,302.89,-3552,-449.401,4,5.384,188.759
2026-09-27T20:29:13.000Z,1790540953.000,32.642735505,-117.19469076,5.705,86.863,78.079,0.816,-0.479,4.052,-135.368,302.711,-3553,-446.802,4,5.703,187.638
2026-09-27T20:29:14.000Z,1790540954.000,32.642737532,-117.194659077,5.866,84.402,78.634,1.766,0.568,4.051,-135.924,302.709,-3554,-444.248,4,5.852,186.448
2026-09-27T20:29:15.000Z,1790540955.000,32.642740361,-117.194629088,5.265,85.674,77.413,4.23,0.13,4.05,-134.89,302.523,-3555,-441.967,4,5.259,185.106
2026-09-27T20:29:16.000Z,1790540956.000,32.642742549,-117.19460102,5.138,82.119,75.489,5.003,-0.238,4.049,-133.172,302.317,-3556,-439.853,4,5.106,183.847
2026-09-27T20:29:17.000Z,1790540957.000,32.642745691,-117.194572698,5.251,81.138,73.368,-0.523,0.24,4.048,-131.481,301.887,-3557,-437.781,4,5.207,182.47
2026-09-27T20:29:18.000Z,1790540958.000,32.642748035,-117.194544229,5.233,86.271,72.031,-1.096,-0.163,4.047,-130.691,301.339,-3558,-435.615,4,5.228,181.225
2026-09-27T20:29:19.000Z,1790540959.000,32.642749097,-117.194514359,5.7,85.391,72.403,0.172,-1.006,4.046,-131.752,300.651,-3559,-433.169,4,5.691,180.179
2026-09-27T20:29:20.000Z,1790540960.000,32.642751355,-117.194481497,6.191,84.744,72.918,0.382,-0.8,4.044,-132.804,300.115,-3560,-430.528,4,6.177,178.922
2026-09-27T20:29:21.000Z,1790540961.000,32.642753413,-117.19444705,6.316,84.651,74.425,0.046,-0.971,4.043,-134.616,299.809,-3561,-427.689,4,6.301,177.7
2026-09-27T20:29:22.000Z,1790540962.000,32.64275514,-117.194414381,5.796,85.511,74.7,-0.148,-0.472,4.042,-134.991,299.709,-3562,-425.051,4,5.787,176.489
2026-09-27T20:29:23.000Z,1790540963.000,32.642757533,-117.194383709,5.333,85.168,74.8,-0.566,0.067,4.041,-135.02,299.781,-3563,-422.623,4,5.324,175.262
2026-09-27T20:29:24.000Z,1790540964.000,32.642760048,-117.19435533,5.114,84.275,74.476,1.796,-0.152,4.04,-134.495,299.981,-3564,-420.414,4,5.099,174.067
2026-09-27T20:29:25.000Z,1790540965.000,32.642762738,-117.194329707,4.65,81.099,73.163,0.974,-0.626,4.039,-132.897,300.266,-3565,-418.5,4,4.609,172.877
2026-09-27T20:29:26.000Z,1790540966.000,32.642766284,-117.194304914,4.562,82.954,69.085,2.598,0.6,4.038,-128.485,300.6,-3566,-416.864,4,4.538,171.454
2026-09-27T20:29:27.000Z,1790540967.000,32.642770573,-117.194280066,4.833,76.461,67.361,2.159,-0.929,4.037,-126.422,300.939,-3567,-415.128,4,4.719,170.104
2026-09-27T20:29:28.000Z,1790540968.000,32.642775342,-117.194252742,5.421,79.479,69.285,-0.384,-1.407,4.036,-128.008,301.277,-3568,-412.987,4,5.347,168.846
2026-09-27T20:29:29.000Z,1790540969.000,32.642780523,-117.194222377,5.762,80.241,69.811,-4.175,-0.336,4.034,-128.338,301.473,-3569,-410.701,4,5.695,167.363
2026-09-27T20:29:30.000Z,1790540970.000,32.642784629,-117.19418976,6.049,80.662,72.421,2.638,0.359,4.033,-130.835,301.586,-3570,-408.052,4,5.985,166.052
2026-09-27T20:29:31.000Z,1790540971.000,32.642788369,-117.194158746,5.567,81.567,72.065,4.565,-0.668,4.032,-130.417,301.648,-3571,-405.69,4,5.519,164.643
2026-09-27T20:29:32.000Z,1790540972.000,32.642791329,-117.194129416,5.334,83.208,70.034,3.937,0.3,4.031,-128.418,301.616,-3572,-403.527,4,5.306,163.264
2026-09-27T20:29:33.000Z,1790540973.000,32.642794156,-117.194100359,5.372,83.719,71.008,0.172,-0.708,4.03,-129.452,301.557,-3573,-401.203,4,5.348,162.098
2026-09-27T20:29:34.000Z,1790540974.000,32.642797083,-117.194071193,5.212,83.758,71.012,0.525,-0.542,4.029,-129.556,301.457,-3574,-398.932,4,5.189,160.856
2026-09-27T20:29:35.000Z,1790540975.000,32.642799638,-117.194041874,5.162,83.932,70.6,1.6,0.097,4.028,-129.203,301.397,-3575,-396.655,4,5.14,159.622
2026-09-27T20:29:36.000Z,1790540976.000,32.642802498,-117.194012086,5.5,83.566,72.5,1.933,0.163,4.027,-131.093,301.407,-3576,-394.218,4,5.473,158.488
2026-09-27T20:29:37.000Z,1790540977.000,32.642805392,-117.193982743,5.435,83.881,74.392,-0.031,-1.108,4.026,-132.948,301.444,-3577,-391.825,4,5.411,157.368
2026-09-27T20:29:38.000Z,1790540978.000,32.642807247,-117.193953458,5.577,83.53,74.785,0.9,-0.577,4.024,-133.206,301.58,-3578,-389.467,4,5.549,156.26
2026-09-27T20:29:39.000Z,1790540979.000,32.642809646,-117.193923752,5.4,82.438,74.908,2.969,-0.877,4.023,-133.176,301.732,-3579,-387.118,4,5.361,155.064
2026-09-27T20:29:40.000Z,1790540980.000,32.642812699,-117.193894676,5.201,80.766,71.801,1.669,0.101,4.022,-129.911,301.89,-3580,-385.038,4,5.142,153.61
2026-09-27T20:29:41.000Z,1790540981.000,32.642815588,-117.193866576,5.235,82.953,70.941,3.4,0.259,4.021,-129.013,301.928,-3581,-382.904,4,5.202,152.352
2026-09-27T20:29:42.000Z,1790540982.000,32.642819345,-117.193838208,5.239,79.239,69.579,-0.387,-1.142,4.02,-127.566,302.013,-3582,-380.824,4,5.156,150.964
2026-09-27T20:29:43.000Z,1790540983.000,32.642822553,-117.193808135,5.388,84.229,69.135,0.941,-0.424,4.019,-127.079,302.057,-3583,-378.52,4,5.365,149.637
2026-09-27T20:29:44.000Z,1790540984.000,32.642826294,-117.19377753,5.672,83.05,70.9,-1.1,0.097,4.018,-128.809,302.091,-3584,-376.066,4,5.635,148.373
2026-09-27T20:29:45.000Z,1790540985.000,32.642829395,-117.193746749,5.568,83.927,72.366,-0.932,-0.832,4.017,-130.215,302.151,-3585,-373.585,4,5.541,147.155
2026-09-27T20:29:46.000Z,1790540986.000,32.642831548,-117.193717094,5.492,83.007,72.436,1.616,0.316,4.016,-130.187,302.249,-3586,-371.23,4,5.455,145.983
2026-09-27T20:29:47.000Z,1790540987.000,32.642834698,-117.193687217,5.087,81.466,72.26,0.471,0.111,4.014,-129.955,302.305,-3587,-368.922,4,5.034,144.684
2026-09-27T20:29:48.000Z,1790540988.000,32.642837679,-117.193658096,5.532,82.121,73,-0.095,-0.521,4.013,-130.716,302.284,-3588,-366.616,4,5.483,143.485
2026-09-27T20:29:49.000Z,1790540989.000,32.642840733,-117.1936278,5.667,85.7,74.933,0.767,-1.3,4.012,-132.66,302.274,-3589,-364.15,4,5.653,142.321
2026-09-27T20:29:50.000Z,1790540990.000,32.642843855,-117.193596073,5.765,83.939,74.355,1.89,-0.86,4.011,-132.001,302.354,-3590,-361.709,4,5.735,140.938
2026-09-27T20:29:51.000Z,1790540991.000,32.642847696,-117.193564292,5.628,82.655,74.148,1.614,-0.672,4.01,-131.667,302.481,-3591,-359.28,4,5.583,139.503
2026-09-27T20:29:52.000Z,1790540992.000,32.642850979,-117.193532549,5.5,84.37,73.161,1.47,-0.109,4.009,-130.594,302.567,-3592,-356.87,4,5.474,138.077
2026-09-27T20:29:53.000Z,1790540993.000,32.642853228,-117.193502262,5.672,82.969,73.172,0.181,0.266,4.008,-130.488,302.684,-3593,-354.471,4,5.63,136.871
2026-09-27T20:29:54.000Z,1790540994.000,32.642854664,-117.193473107,5.336,85.965,74.582,-2.864,-0.001,4.007,-131.855,302.728,-3594,-352.046,4,5.324,135.878
2026-09-27T20:29:55.000Z,1790540995.000,32.64285528,-117.19344439,5.14,91.449,76.041,-1.839,-1.2,4.006,-133.176,302.865,-3595,-349.614,4,5.138,134.989
2026-09-27T20:29:56.000Z,1790540996.000,32.642855169,-117.19341525,5.331,88.855,76.175,-1.906,-0.875,4.004,-133.197,302.977,-3596,-347.182,4,5.33,134.075
2026-09-27T20:29:57.000Z,1790540997.000,32.642855266,-117.193386848,5.068,89.295,76.071,1.903,0.703,4.003,-133.034,303.037,-3597,-344.836,4,5.068,133.146
2026-09-27T20:29:58.000Z,1790540998.000,32.642856364,-117.19335778,5.264,88.66,76.508,0.064,-0.751,4.002,-133.365,303.142,-3598,-342.456,4,5.263,132.128
2026-09-27T20:29:59.000Z,1790540999.000,32.642857942,-117.193327857,5.519,86.96,75.881,1.519,-0.881,4.001,-132.73,303.151,-3599,-340.087,4,5.511,130.961
2026-09-27T20:30:00.000Z,1790541000.000,32.642860659,-117.193296846,5.78,83.998,74.799,0.638,-1.12,4,-131.567,303.232,-3600,-337.712,4,5.748,129.609
2026-09-27T20:30:01.000Z,1790541001.000,32.642863235,-117.193264755,5.901,82.527,74.101,1.565,-0.102,4.001,-130.807,303.294,-3601,-335.219,4,5.849,128.264
2026-09-27T20:30:02.000Z,1790541002.000,32.642866422,-117.193232724,6.161,82.229,73.735,1.047,-0.127,4.001,-130.431,303.304,-3602,-332.745,4,6.102,126.879
2026-09-27T20:30:03.000Z,1790541003.000,32.642868852,-117.193200268,5.911,85.019,75.189,1.744,0.07,4.002,-131.868,303.321,-3603,-330.095,4,5.887,125.68
2026-09-27T20:30:04.000Z,1790541004.000,32.64287054,-117.193168917,5.598,90.417,77.819,-0.502,0.781,4.002,-134.498,303.321,-3604,-327.439,4,5.598,124.675
2026-09-27T20:30:05.000Z,1790541005.000,32.642871404,-117.193137379,5.604,87.715,78.964,-0.309,-0.668,4.003,-135.742,303.222,-3605,-324.807,4,5.599,123.652
2026-09-27T20:30:06.000Z,1790541006.000,32.642871933,-117.193108033,5.233,88.633,77.3,1.433,0.067,4.003,-134.22,303.08,-3606,-322.484,4,5.231,122.54
2026-09-27T20:30:07.000Z,1790541007.000,32.6428728,-117.193078982,5.329,89.941,76.676,1.047,-0.241,4.004,-133.653,303.023,-3607,-320.15,4,5.329,121.475
2026-09-27T20:30:08.000Z,1790541008.000,32.642873526,-117.193049613,5.537,88.157,75.395,-0.768,0.326,4.004,-132.358,303.037,-3608,-317.819,4,5.533,120.371
2026-09-27T20:30:09.000Z,1790541009.000,32.64287444,-117.193019179,5.26,86.289,75.411,-0.989,0.119,4.005,-132.325,303.086,-3609,-315.339,4,5.247,119.299
2026-09-27T20:30:10.000Z,1790541010.000,32.642874468,-117.192989565,5.432,89.611,74.795,-0.721,-0.558,4.006,-131.606,303.189,-3610,-312.916,4,5.431,118.305
2026-09-27T20:30:11.000Z,1790541011.000,32.642875801,-117.192958956,5.599,87.402,75.901,-2.267,-0.599,4.006,-132.644,303.256,-3611,-310.383,4,5.592,117.257
2026-09-27T20:30:12.000Z,1790541012.000,32.642877789,-117.192927883,5.695,83.627,76.86,-1.949,-0.989,4.007,-133.367,303.493,-3612,-307.855,4,5.656,116.117
2026-09-27T20:30:13.000Z,1790541013.000,32.642880374,-117.192896723,5.575,83.453,76.001,1.638,0.651,4.007,-132.234,303.768,-3613,-305.448,4,5.534,114.789
2026-09-27T20:30:14.000Z,1790541014.000,32.642883579,-117.192864991,5.742,82.432,75.626,4.095,-0.295,4.008,-131.829,303.798,-3614,-302.999,4,5.685,113.411
2026-09-27T20:30:15.000Z,1790541015.000,32.642887736,-117.192833479,5.9,81.236,72.897,0.099,0.002,4.008,-129.141,303.756,-3615,-300.749,4,5.821,111.786
2026-09-27T20:30:16.000Z,1790541016.000,32.642890398,-117.192801076,6,86.508,75.298,0.968,-0.372,4.009,-131.57,303.728,-3616,-298.062,4,5.985,110.625
2026-09-27T20:30:17.000Z,1790541017.000,32.642891823,-117.192769337,5.815,87.793,77.27,-2.062,-0.323,4.009,-133.63,303.64,-3617,-295.395,4,5.808,109.591
2026-09-27T20:30:18.000Z,1790541018.000,32.64289133,-117.192738889,5.259,91.181,80.27,-0.841,0.241,4.01,-136.725,303.546,-3618,-292.69,4,5.259,108.873
2026-09-27T20:30:19.000Z,1790541019.000,32.642890095,-117.19271114,5.1,93.979,80.937,0.41,-1.227,4.011,-137.412,303.524,-3619,-290.291,4,5.091,108.159
2026-09-27T20:30:20.000Z,1790541020.000,32.642888236,-117.192684736,5.032,95.896,79.3,1.328,-0.6,4.011,-135.731,303.569,-3620,-288.084,4,5.01,107.391
2026-09-27T20:30:21.000Z,1790541021.000,32.642887236,-117.192657339,4.973,91.309,78.527,-2.327,-1.091,4.012,-134.851,303.676,-3621,-285.798,4,4.972,106.562
2026-09-27T20:30:22.000Z,1790541022.000,32.6428866,-117.192626882,5.582,91.141,77.641,-0.376,-0.412,4.012,-133.821,303.82,-3622,-283.283,4,5.582,105.59
2026-09-27T20:30:23.000Z,1790541023.000,32.6428862,-117.192595581,5.737,90.806,77.694,1.874,-0.12,4.013,-133.741,303.953,-3623,-280.661,4,5.737,104.631
2026-09-27T20:30:24.000Z,1790541024.000,32.642886933,-117.192562144,6.233,88.397,79.099,0.2,-1.3,4.013,-135.076,304.023,-3624,-277.851,4,6.229,103.578
2026-09-27T20:30:25.000Z,1790541025.000,32.642888697,-117.192527945,6.272,86.431,79.152,-0.141,-1.048,4.014,-135.079,304.073,-3625,-275.101,4,6.256,102.3
2026-09-27T20:30:26.000Z,1790541026.000,32.642890261,-117.192494909,6.016,87.71,79.754,0.346,0.732,4.014,-135.683,304.071,-3626,-272.409,4,6.008,101.119
2026-09-27T20:30:27.000Z,1790541027.000,32.642892213,-117.192463234,5.5,83.753,78.349,0.811,0.024,4.015,-134.345,304.004,-3627,-269.951,4,5.46,99.8
2026-09-27T20:30:28.000Z,1790541028.000,32.642895035,-117.192434347,5.166,84.903,75.73,1.732,0.401,4.016,-131.786,303.943,-3628,-267.836,4,5.139,98.4
2026-09-27T20:30:29.000Z,1790541029.000,32.642897097,-117.1924064,5.197,87.3,75.038,-0.803,-0.138,4.016,-131.21,303.827,-3629,-265.66,4,5.187,97.242
2026-09-27T20:30:30.000Z,1790541030.000,32.642897891,-117.192378214,5.427,87.455,76.009,-1.172,-0.264,4.017,-132.264,303.745,-3630,-263.309,4,5.418,96.319
2026-09-27T20:30:31.000Z,1790541031.000,32.642897288,-117.19234988,4.9,93.573,78.154,-0.807,-1.059,4.017,-134.497,303.656,-3631,-260.813,4,4.894,95.619
2026-09-27T20:30:32.000Z,1790541032.000,32.642896765,-117.192322161,5.2,90.335,78.672,-3.796,-1.172,4.018,-135.159,303.512,-3632,-258.459,4,5.2,94.82
2026-09-27T20:30:33.000Z,1790541033.000,32.642896035,-117.192294641,5,91.376,77.835,-0.373,0.343,4.018,-134.443,303.392,-3633,-256.18,4,5,93.955
2026-09-27T20:30:34.000Z,1790541034.000,32.642895991,-117.19226663,5.164,87.317,77.481,0.326,-0.436,4.019,-134.115,303.366,-3634,-253.871,4,5.154,93.036
2026-09-27T20:30:35.000Z,1790541035.000,32.642897386,-117.192237624,5.3,85.342,76.514,-2.844,0.043,4.019,-133.144,303.37,-3635,-251.586,4,5.275,91.894
2026-09-27T20:30:36.000Z,1790541036.000,32.642898668,-117.19220736,5.532,86.952,77.863,-3.421,-0.184,4.02,-134.464,303.399,-3636,-249.069,4,5.519,90.881
2026-09-27T20:30:37.000Z,1790541037.000,32.642899467,-117.19217439,5.965,87.731,80.139,-0.231,-1.198,4.021,-136.722,303.417,-3637,-246.258,4,5.956,89.897
2026-09-27T20:30:38.000Z,1790541038.000,32.642900931,-117.192141334,6.134,87.258,79.234,-1.797,0.075,4.021,-135.895,303.339,-3638,-243.635,4,6.122,88.62
2026-09-27T20:30:39.000Z,1790541039.000,32.6429011,-117.192108381,6.186,89.948,80.514,1.01,-0.204,4.022,-137.34,303.174,-3639,-240.845,4,6.185,87.635
2026-09-27T20:30:40.000Z,1790541040.000,32.642902111,-117.192075606,5.83,87.243,80.24,-0.881,-0.681,4.022,-137.279,302.961,-3640,-238.19,4,5.817,86.458
2026-09-27T20:30:41.000Z,1790541041.000,32.642902733,-117.192045268,5.634,90.311,79.733,0.973,0.23,4.023,-137.002,302.731,-3641,-235.729,4,5.634,85.384
2026-09-27T20:30:42.000Z,1790541042.000,32.6429028,-117.192016628,5.1,89.341,78.537,-0.697,-0.262,4.023,-135.994,302.543,-3642,-233.415,4,5.098,84.374
2026-09-27T20:30:43.000Z,1790541043.000,32.642902336,-117.191988636,5.164,90.957,76.643,-0.671,-0.057,4.024,-134.156,302.487,-3643,-231.166,4,5.164,83.395
2026-09-27T20:30:44.000Z,1790541044.000,32.642901629,-117.191959555,5.329,90.167,76.529,-1.697,-0.171,4.024,-133.99,302.539,-3644,-228.722,4,5.328,82.528
2026-09-27T20:30:45.000Z,1790541045.000,32.642900195,-117.191930466,5.505,92.527,78.837,-2.905,-0.358,4.025,-136.231,302.606,-3645,-226.114,4,5.503,81.902
2026-09-27T20:30:46.000Z,1790541046.000,32.642898199,-117.191901124,5.299,94.765,81.368,-1.766,-1.134,4.026,-138.758,302.61,-3646,-223.451,4,5.288,81.347
2026-09-27T20:30:47.000Z,1790541047.000,32.642896962,-117.191872482,5.362,92.51,81.272,2.182,-1.11,4.026,-138.607,302.665,-3647,-221.014,4,5.36,80.55
2026-09-27T20:30:48.000Z,1790541048.000,32.642898011,-117.191844233,5.173,84.549,77.651,2.751,-0.157,4.027,-135.028,302.624,-3648,-218.904,4,5.14,79.281
2026-09-27T20:30:49.000Z,1790541049.000,32.642899849,-117.191814373,5.549,86.225,75.062,3.221,1.34,4.027,-132.47,302.592,-3649,-216.659,4,5.529,77.956
2026-09-27T20:30:50.000Z,1790541050.000,32.642903139,-117.191783055,5.802,83.035,74.896,-0.869,-0.427,4.028,-132.399,302.497,-3650,-214.238,4,5.743,76.596
2026-09-27T20:30:51.000Z,1790541051.000,32.642905828,-117.191749169,6.266,85.163,76.794,0.9,-0.603,4.028,-134.397,302.397,-3651,-211.461,4,6.23,75.355
2026-09-27T20:30:52.000Z,1790541052.000,32.642908775,-117.191713442,6.738,83.976,77.488,-0.524,-0.038,4.029,-135.234,302.254,-3652,-208.61,4,6.682,73.948
2026-09-27T20:30:53.000Z,1790541053.000,32.642910282,-117.191678134,6.188,86.618,78.582,3.759,-0.4,4.029,-136.475,302.107,-3653,-205.701,4,6.167,72.732
2026-09-27T20:30:54.000Z,1790541054.000,32.642911803,-117.191645212,5.932,86.268,76.862,2.565,0.162,4.03,-134.9,301.962,-3654,-203.136,4,5.908,71.399
2026-09-27T20:30:55.000Z,1790541055.000,32.642912865,-117.191615679,4.97,89.269,74.7,3.13,-0.13,4.031,-132.896,301.804,-3655,-200.856,4,4.966,70.195
2026-09-27T20:30:56.000Z,1790541056.000,32.642914228,-117.191588636,4.664,85.772,71.216,0.484,0.572,4.031,-129.559,301.657,-3656,-198.88,4,4.639,68.96
2026-09-27T20:30:57.000Z,1790541057.000,32.642914871,-117.191561188,4.958,88.351,70.887,-1.484,-1.087,4.032,-129.327,301.56,-3657,-196.654,4,4.949,67.991
2026-09-27T20:30:58.000Z,1790541058.000,32.642916074,-117.191530944,5.906,87.211,70.286,-1.363,-1.317,4.032,-128.713,301.573,-3658,-194.241,4,5.886,66.857
2026-09-27T20:30:59.000Z,1790541059.000,32.642917665,-117.191496203,6.699,86.449,72.299,-0.068,0.435,4.033,-130.721,301.577,-3659,-191.321,4,6.669,65.703
2026-09-27T20:31:00.000Z,1790541060.000,32.64292069,-117.191458758,7.035,83.165,75.37,-0.945,0.215,4.033,-133.861,301.509,-3660,-188.196,4,6.953,64.386
2026-09-27T20:31:01.000Z,1790541061.000,32.642923549,-117.191421125,6.689,86.102,78.824,2.397,-0.203,4.034,-137.427,301.397,-3661,-185.038,4,6.654,63.115
2026-09-27T20:31:02.000Z,1790541062.000,32.642927313,-117.19138574,6.336,79.076,78.364,1.56,-0.304,4.034,-137.093,301.271,-3662,-182.318,4,6.172,61.554
2026-09-27T20:31:03.000Z,1790541063.000,32.642931224,-117.191354151,5.566,79.849,75.61,3.573,0.1,4.035,-134.644,300.966,-3663,-180.042,4,5.434,59.945
2026-09-27T20:31:04.000Z,1790541064.000,32.642936285,-117.191323964,5.535,78.126,71.12,2.01,0.255,4.036,-130.498,300.622,-3664,-178.051,4,5.358,58.155
2026-09-27T20:31:05.000Z,1790541065.000,32.642941253,-117.191293332,5.654,79.23,69.584,0.618,-1.261,4.036,-129.356,300.228,-3665,-175.855,4,5.494,56.557
2026-09-27T20:31:06.000Z,1790541066.000,32.642945722,-117.19125879,6.731,80.883,70.177,-1.091,-1.284,4.037,-130.243,299.933,-3666,-173.182,4,6.579,55.018
2026-09-27T20:31:07.000Z,1790541067.000,32.64294987,-117.191222394,6.8,83.373,68.872,1.842,-0.536,4.037,-129.209,299.663,-3667,-170.453,4,6.698,53.337
2026-09-27T20:31:08.000Z,1790541068.000,32.642954017,-117.191185144,6.9,81.42,70.074,5.158,-0.065,4.038,-130.681,299.394,-3668,-167.502,4,6.747,51.782
2026-09-27T20:31:09.000Z,1790541069.000,32.642959316,-117.19114949,6.638,79.047,69,2.946,0.085,4.038,-129.891,299.109,-3669,-164.88,4,6.42,50.018
2026-09-27T20:31:10.000Z,1790541070.000,32.642964411,-117.191117193,5.539,78.205,69.494,-0.717,-0.194,4.039,-130.617,298.878,-3670,-162.432,4,5.329,48.479
2026-09-27T20:31:11.000Z,1790541071.000,32.642968848,-117.191088029,5.194,79.509,68.311,-0.326,-0.443,4.039,-129.676,298.636,-3671,-160.311,4,5.023,47.008
2026-09-27T20:31:12.000Z,1790541072.000,32.642973302,-117.191060957,5.134,77.935,66.3,-1.967,-0.368,4.04,-127.819,298.481,-3672,-158.419,4,4.92,45.554
2026-09-27T20:31:13.000Z,1790541073.000,32.642978354,-117.191033722,5.097,75.229,65.1,-1.1,-0.397,4.041,-126.685,298.415,-3673,-156.494,4,4.801,44.082
2026-09-27T20:31:14.000Z,1790541074.000,32.642984844,-117.191004002,5.86,75.504,64.362,-2.359,-1.101,4.041,-126.005,298.357,-3674,-154.409,4,5.518,42.408
2026-09-27T20:31:15.000Z,1790541075.000,32.642991415,-117.190968933,6.67,77.844,66.422,-1.237,-1.219,4.042,-128.095,298.327,-3675,-151.704,4,6.356,40.715
2026-09-27T20:31:16.000Z,1790541076.000,32.642998238,-117.190932175,7,77.429,68.334,-2.167,-0.301,4.042,-130.054,298.28,-3676,-148.885,4,6.642,38.937
2026-09-27T20:31:17.000Z,1790541077.000,32.643004824,-117.190894494,6.934,78.597,71.005,0.598,0.393,4.043,-132.812,298.192,-3677,-145.935,4,6.611,37.205
2026-09-27T20:31:18.000Z,1790541078.000,32.643011403,-117.190858529,6.6,78.611,71.264,0.219,-1.481,4.043,-133.155,298.108,-3678,-143.273,4,6.278,35.38
2026-09-27T20:31:19.000Z,1790541079.000,32.643017225,-117.190825219,5.871,77.466,68.758,2.273,0.218,4.044,-130.695,298.063,-3679,-140.958,4,5.532,33.547
2026-09-27T20:31:20.000Z,1790541080.000,32.643023072,-117.190795003,5.666,78.222,68.73,0.43,0.939,4.044,-130.694,298.036,-3680,-138.753,4,5.351,31.964
2026-09-27T20:31:21.000Z,1790541081.000,32.6430282,-117.190764567,5.633,80.7,68.933,-2.933,-1.3,4.045,-130.899,298.034,-3681,-136.478,4,5.385,30.464
2026-09-27T20:31:22.000Z,1790541082.000,32.643031461,-117.190733027,5.965,85.752,70.726,0.335,0.696,4.046,-132.672,298.054,-3682,-133.92,4,5.828,29.223
2026-09-27T20:31:23.000Z,1790541083.000,32.643034311,-117.19070066,5.938,85.446,73.065,-3.497,-0.592,4.046,-134.952,298.113,-3683,-131.244,4,5.79,28.035
2026-09-27T20:31:24.000Z,1790541084.000,32.643036807,-117.190667419,5.964,84.074,73.172,-2.372,-1.296,4.047,-134.867,298.304,-3684,-128.607,4,5.774,26.715
2026-09-27T20:31:25.000Z,1790541085.000,32.643039138,-117.190634412,6.1,85.875,73.238,0.397,0.065,4.047,-134.589,298.649,-3685,-125.984,4,5.943,25.416
2026-09-27T20:31:26.000Z,1790541086.000,32.643041329,-117.19060403,5.465,87.1,74.794,-0.265,-0.477,4.048,-135.88,298.914,-3686,-123.488,4,5.344,24.314
2026-09-27T20:31:27.000Z,1790541087.000,32.643044254,-117.190575023,5.427,83.407,73.383,-3.956,-0.073,4.048,-134.062,299.321,-3687,-121.309,4,5.213,22.985
2026-09-27T20:31:28.000Z,1790541088.000,32.643046182,-117.190546476,5.341,84.788,72.788,-0.959,-0.388,4.049,-133.061,299.728,-3688,-119.073,4,5.157,21.829
2026-09-27T20:31:29.000Z,1790541089.000,32.643048809,-117.190517076,5.664,82.268,71.886,-1.041,-0.486,4.049,-131.74,300.146,-3689,-116.819,4,5.387,20.553
2026-09-27T20:31:30.000Z,1790541090.000,32.643052835,-117.190485055,6.2,82.632,71.267,-2.965,-1.098,4.05,-130.739,300.528,-3690,-114.405,4,5.893,19.065
2026-09-27T20:31:31.000Z,1790541091.000,32.643056635,-117.190449363,6.651,84.197,72.746,-2.038,-1.373,4.051,-131.822,300.924,-3691,-111.552,4,6.36,17.617
2026-09-27T20:31:32.000Z,1790541092.000,32.643060461,-117.190411782,6.9,82.228,74.9,-0.011,0.34,4.051,-133.727,301.173,-3692,-108.508,4,6.505,16.153
2026-09-27T20:31:33.000Z,1790541093.000,32.643063906,-117.19037627,6.174,84.906,76.226,-0.583,-0.014,4.052,-134.922,301.304,-3693,-105.666,4,5.895,14.742
2026-09-27T20:31:34.000Z,1790541094.000,32.6430653,-117.190342968,5.864,87.548,77.736,1.098,-1.33,4.052,-136.265,301.471,-3694,-102.894,4,5.663,13.63
2026-09-27T20:31:35.000Z,1790541095.000,32.643066229,-117.190311855,5.665,86.559,76.794,0.5,-0.988,4.053,-135.171,301.623,-3695,-100.409,4,5.432,12.47
2026-09-27T20:31:36.000Z,1790541096.000,32.6430665,-117.190282588,5.224,89.586,75.214,-2.991,-0.2,4.053,-133.405,301.81,-3696,-98.078,4,5.071,11.396
2026-09-27T20:31:37.000Z,1790541097.000,32.64306597,-117.190252317,5.46,90.317,76.381,0.149,-1.04,4.054,-134.28,302.101,-3697,-95.475,4,5.309,10.558
2026-09-27T20:31:38.000Z,1790541098.000,32.6430663,-117.190222056,6.132,90.067,74.767,-1.499,0.403,4.054,-132.391,302.377,-3698,-93.068,4,5.944,9.445
2026-09-27T20:31:39.000Z,1790541099.000,32.643065635,-117.190190065,5.735,93.566,77.369,-0.106,0.16,4.055,-134.707,302.662,-3699,-90.239,4,5.63,8.662
2026-09-27T20:31:40.000Z,1790541100.000,32.6430651,-117.190157834,6.064,91.718,77.509,-1.491,0.127,4.056,-134.597,302.912,-3700,-87.528,4,5.901,7.693
2026-09-27T20:31:41.000Z,1790541101.000,32.643064341,-117.190124814,5.8,89.978,79.146,2.959,-0.11,4.056,-135.986,303.16,-3701,-84.664,4,5.59,6.826
2026-09-27T20:31:42.000Z,1790541102.000,32.643066909,-117.190092735,6,81.94,77.968,-0.395,-0.9,4.057,-134.571,303.397,-3702,-82.194,4,5.468,5.446
2026-09-27T20:31:43.000Z,1790541103.000,32.6430697,-117.19006111,5.733,85.161,76.533,0.833,0.2,4.057,-132.891,303.642,-3703,-79.788,4,5.316,4.042
2026-09-27T20:31:44.000Z,1790541104.000,32.64307202,-117.19003073,5.528,83.252,75.396,-0,0.392,4.058,-131.642,303.754,-3704,-77.447,4,5.02,2.748
2026-09-27T20:31:45.000Z,1790541105.000,32.643074171,-117.189999341,5.838,83.067,73.867,-1.204,-0.376,4.058,-130.182,303.685,-3705,-75.037,4,5.252,1.415
2026-09-27T20:31:46.000Z,1790541106.000,32.643074969,-117.189966521,5.8,89.042,75.669,-2.003,-0.855,4.059,-132.102,303.567,-3706,-72.254,4,5.426,0.398
2026-09-27T20:31:47.000Z,1790541107.000,32.6430749,-117.189931931,6.4,90.608,77.736,-1.398,-0.666,4.059,-134.335,303.401,-3707,-69.27,4,6.017,-0.565
2026-09-27T20:31:48.000Z,1790541108.000,32.643074835,-117.189896353,6.695,89.715,78.62,-0.265,-1.06,4.06,-135.458,303.162,-3708,-66.268,4,6.217,-1.639
2026-09-27T20:31:49.000Z,1790541109.000,32.6430745,-117.189861748,6.048,89.037,79.414,2.9,0.438,4.061,-136.494,302.92,-3709,-63.338,4,5.548,-2.66
2026-09-27T20:31:50.000Z,1790541110.000,32.643075482,-117.189829094,5.541,86.9,79.059,0.541,-0.829,4.061,-136.402,302.657,-3710,-60.696,4,4.944,-3.835
2026-09-27T20:31:51.000Z,1790541111.000,32.643076435,-117.189800094,5.169,89.243,76.9,-2.039,-0.073,4.062,-134.556,302.344,-3711,-58.449,4,4.652,-5.014
2026-09-27T20:31:52.000Z,1790541112.000,32.643076466,-117.189773359,4.766,89.175,77.171,-1.031,0.565,4.062,-134.966,302.204,-3712,-56.218,4,4.246,-5.857
2026-09-27T20:31:53.000Z,1790541113.000,32.6430766,-117.18974647,4.844,91.157,76.196,-0.036,-0.316,4.063,-134.019,302.177,-3713,-54.044,4,4.342,-6.8
2026-09-27T20:31:54.000Z,1790541114.000,32.643077071,-117.189719317,5.142,87.925,73.987,2.098,-0.616,4.063,-131.895,302.092,-3714,-51.936,4,4.404,-7.868
2026-09-27T20:31:55.000Z,1790541115.000,32.643078671,-117.189690371,5.468,84.554,73.4,-0.171,-0.729,4.064,-131.371,302.029,-3715,-49.648,4,4.409,-9.002
2026-09-27T20:31:56.000Z,1790541116.000,32.643081133,-117.1896589,6,85.533,73.833,-1.333,-1.467,4.064,-131.898,301.936,-3716,-47.138,4,4.765,-10.241
2026-09-27T20:31:57.000Z,1790541117.000,32.643083759,-117.189624448,6.5,83.328,74.362,1.024,-0.203,4.065,-132.61,301.752,-3717,-44.384,4,4.813,-11.586
2026-09-27T20:31:58.000Z,1790541118.000,32.643087034,-117.189589724,6.438,82.452,76.896,1.31,-0.576,4.066,-135.295,301.601,-3718,-41.533,4,4.472,-12.873
2026-09-27T20:31:59.000Z,1790541119.000,32.643089853,-117.189555645,6.159,84.484,77.141,0.353,0.188,4.066,-135.652,301.489,-3719,-38.837,4,4.179,-14.245
2026-09-27T20:32:00.000Z,1790541120.000,32.6430909,-117.189524996,5.364,87.404,77.625,2.343,0.546,4.067,-136.199,301.426,-3720,-36.321,4,3.627,-15.305
2026-09-27T20:32:01.000Z,1790541121.000,32.643092164,-117.189495706,5.598,86.174,75.902,0.968,-1.068,4.067,-134.55,301.352,-3721,-34.046,4,3.435,-16.494
2026-09-27T20:32:02.000Z,1790541122.000,32.643093492,-117.189467495,5.072,87.05,74.117,0.022,-0.192,4.068,-132.939,301.178,-3722,-31.871,4,2.913,-17.657
2026-09-27T20:32:03.000Z,1790541123.000,32.643094271,-117.189437833,5.329,88.805,72.956,0.542,-0.742,4.068,-131.999,300.957,-3723,-29.514,4,2.88,-18.766
2026-09-27T20:32:04.000Z,1790541124.000,32.643095843,-117.189407112,5.606,85.614,73.463,-0.28,0.5,4.069,-132.773,300.69,-3724,-27.016,4,2.358,-19.883
2026-09-27T20:32:05.000Z,1790541125.000,32.6430969,-117.189375699,5.931,87.929,76.497,0.666,-0.537,4.069,-136.048,300.449,-3725,-24.297,4,2.234,-20.8
2026-09-27T20:32:06.000Z,1790541126.000,32.64309846,-117.189343497,5.969,84.724,76.9,-1.06,-0.728,4.07,-136.617,300.283,-3726,-21.683,4,1.359,-21.969
2026-09-27T20:32:07.000Z,1790541127.000,32.643099862,-117.189311785,5.762,87.992,76.014,3.711,0.524,4.071,-135.848,300.165,-3727,-19.17,4,1.044,-23.194
2026-09-27T20:32:08.000Z,1790541128.000,32.643101853,-117.189279553,5.776,83.353,74.747,3.759,-0.635,4.071,-134.644,300.103,-3728,-16.666,4,-0.049,-24.521
2026-09-27T20:32:09.000Z,1790541129.000,32.643104247,-117.189247788,5.973,83.1,73.595,1.574,0.153,4.072,-133.487,300.107,-3729,-14.217,4,-0.721,-25.866
2026-09-27T20:32:10.000Z,1790541130.000,32.6431073,-117.189214667,6.1,85.234,73.467,-1.2,1.267,4.072,-133.23,300.237,-3730,-11.632,4,-1.179,-27.256
2026-09-27T20:32:11.000Z,1790541131.000,32.64310891,-117.189182206,6.1,84.563,74.952,0.942,-1.004,4.073,-134.482,300.47,-3731,-8.938,4,-1.877,-28.369
2026-09-27T20:32:12.000Z,1790541132.000,32.64311278,-117.189148793,6.247,80.287,72.486,0.167,-1.6,4.073,-131.812,300.673,-3732,-6.502,4,-2.901,-30.006
2026-09-27T20:32:13.000Z,1790541133.000,32.643116747,-117.189115786,6.168,82.337,71.516,1.968,-0.037,4.074,-130.618,300.898,-3733,-4.023,4,-3.143,-31.542
2026-09-27T20:32:14.000Z,1790541134.000,32.643121331,-117.189083877,5.867,78.669,72.966,-0.733,-0.066,4.074,-131.906,301.061,-3734,-1.526,,,
2026-09-27T20:32:15.000Z,1790541135.000,32.643125822,-117.189053388,5.665,81.035,73.17,-1.47,-0.339,4.075,-132.025,301.145,-3735,0.785,,,
2026-09-27T20:32:16.000Z,1790541136.000,32.643129693,-117.189023822,5.362,81.026,72.062,-0.779,-0.17,4.076,-130.837,301.225,-3736,2.977,,,
2026-09-27T20:32:17.000Z,1790541137.000,32.643133937,-117.188994509,5.017,79.076,68.663,0.176,-0.395,4.076,-127.295,301.368,-3737,4.989,,,
2026-09-27T20:32:18.000Z,1790541138.000,32.643138216,-117.188965445,5.868,80.771,68.332,3.86,-0.076,4.077,-126.952,301.38,-3738,7.161,,,
2026-09-27T20:32:19.000Z,1790541139.000,32.643143162,-117.188933699,5.966,81.21,69.066,1.366,0.266,4.077,-127.847,301.22,-3739,9.587,,,
2026-09-27T20:32:20.000Z,1790541140.000,32.643147428,-117.188901867,6.033,81.661,69.806,-2.978,-0.283,4.078,-128.777,301.029,-3740,12.054,,,
2026-09-27T20:32:21.000Z,1790541141.000,32.643149346,-117.18886975,5.661,84.971,74.284,-0.638,0.207,4.078,-133.359,300.925,-3741,14.88,,,
2026-09-27T20:32:22.000Z,1790541142.000,32.643150537,-117.188838165,5.658,89.753,78.947,0.542,-2.769,4.079,-137.945,301.002,-3742,17.688,,,
2026-09-27T20:32:23.000Z,1790541143.000,32.643152536,-117.188808804,5.202,86.427,77.739,-0.221,4.048,4.079,-136.552,301.187,-3743,19.961,,,
2026-09-27T20:32:24.000Z,1790541144.000,32.643154396,-117.188780076,5.104,85.703,77.061,1.595,3.423,4.08,-135.708,301.353,-3744,22.214,,,
2026-09-27T20:32:25.000Z,1790541145.000,32.643155868,-117.188752668,5.277,84.29,75.339,3.971,3.839,4.081,-133.873,301.466,-3745,24.321,,,
2026-09-27T20:32:26.000Z,1790541146.000,32.643158747,-117.188724124,5.539,82.006,72.637,1.052,4.955,4.081,-131.14,301.497,-3746,26.391,,,
2026-09-27T20:32:27.000Z,1790541147.000,32.643161774,-117.188696377,5.032,80.478,70.658,-0.132,3.568,4.082,-129.214,301.444,-3747,28.423,,,
2026-09-27T20:32:28.000Z,1790541148.000,32.643163961,-117.188669282,5.005,84.13,70.491,3.944,3.944,4.082,-129.249,301.242,-3748,30.55,,,
2026-09-27T20:32:29.000Z,1790541149.000,32.643168392,-117.188641525,5.523,81.452,69.946,-1.177,4.285,4.083,-128.924,301.022,-3749,32.593,,,
2026-09-27T20:32:30.000Z,1790541150.000,32.643171893,-117.188613683,4.892,80.493,70.477,0.223,3.715,4.083,-129.709,300.768,-3750,34.756,,,
2026-09-27T20:32:31.000Z,1790541151.000,32.643176018,-117.188586758,4.825,78.994,66.975,0.693,3.756,4.084,-126.42,300.555,-3751,36.564,,,
2026-09-27T20:32:32.000Z,1790541152.000,32.64317962,-117.188560391,4.93,80.915,67.235,1.85,4.275,4.084,-127.008,300.227,-3752,38.584,,,
2026-09-27T20:32:33.000Z,1790541153.000,32.643184357,-117.188533653,5.403,78.101,66.1,-0.369,4.309,4.085,-126,300.1,-3753,40.488,,,
2026-09-27T20:32:34.000Z,1790541154.000,32.643189024,-117.188507478,4.875,76.976,66.062,1.736,4.95,4.086,-126.017,300.046,-3754,42.418,,,
2026-09-27T20:32:35.000Z,1790541155.000,32.643194074,-117.188482722,4.57,73.87,67.296,-0.459,4.6,4.086,-127.475,299.822,-3755,44.291,,,
2026-09-27T20:32:36.000Z,1790541156.000,32.643199614,-117.188459179,4.629,74.271,65.8,-0.154,3.607,4.087,-126.199,299.601,-3756,45.866,,,
2026-09-27T20:32:37.000Z,1790541157.000,32.643204502,-117.188436125,4.568,75.491,66.533,0.798,4.267,4.087,-126.973,299.56,-3757,47.574,,,
2026-09-27T20:32:38.000Z,1790541158.000,32.643211261,-117.188410263,5.115,71.747,66.162,-3.8,3.385,4.088,-126.589,299.573,-3758,49.35,,,
2026-09-27T20:32:39.000Z,1790541159.000,32.64321671,-117.188382097,5.416,76.281,67.584,-0.652,4.084,4.088,-127.912,299.672,-3759,51.497,,,
2026-09-27T20:32:40.000Z,1790541160.000,32.643221143,-117.188355034,5.064,78.416,69.064,2.404,4.568,4.089,-129.202,299.862,-3760,53.606,,,
2026-09-27T20:32:41.000Z,1790541161.000,32.643225799,-117.188329574,4.134,79.596,68.566,1.567,4.233,4.089,-128.545,300.022,-3761,55.449,,,
2026-09-27T20:32:42.000Z,1790541162.000,32.643229357,-117.188307359,4.331,79.604,67.135,0.565,4.373,4.09,-126.997,300.137,-3762,57.021,,,
2026-09-27T20:32:43.000Z,1790541163.000,32.643232308,-117.188286129,4.146,83.385,65.954,-0.8,4.146,4.091,-125.663,300.29,-3763,58.557,,,
2026-09-27T20:32:44.000Z,1790541164.000,32.643234816,-117.188264885,4.1,81.316,67.186,1.822,3.053,4.091,-126.681,300.505,-3764,60.269,,,
2026-09-27T20:32:45.000Z,1790541165.000,32.643238241,-117.188244928,3.765,76.316,65.168,1.559,4.091,4.092,-124.353,300.815,-3765,61.621,,,
2026-09-27T20:32:46.000Z,1790541166.000,32.643242535,-117.188225927,3.734,77.404,61.733,1.068,4.8,4.092,-120.493,301.24,-3766,62.752,,,
2026-09-27T20:32:47.000Z,1790541167.000,32.643248096,-117.188206475,4.064,67.603,59.952,0.068,4.484,4.093,-118.216,301.736,-3767,63.96,,,
2026-09-27T20:32:48.000Z,1790541168.000,32.643256052,-117.188184493,4.624,66.508,55.62,-3.453,3.39,4.093,-113.217,302.402,-3768,65.071,,,
2026-09-27T20:32:49.000Z,1790541169.000,32.643263723,-117.188158449,5.2,71.822,60.691,2.227,3.564,4.094,-117.602,303.089,-3769,67.192,,,
2026-09-27T20:32:50.000Z,1790541170.000,32.643272933,-117.1881308,5.7,67.133,58.933,-4.3,3.833,4.094,-115.199,303.735,-3770,68.893,,,
2026-09-27T20:32:51.000Z,1790541171.000,32.64328057,-117.188102094,5.53,72.065,62.83,-0.295,4.295,4.095,-118.476,304.354,-3771,71.147,,,
2026-09-27T20:32:52.000Z,1790541172.000,32.643288517,-117.188074,5.278,74.683,65.094,1.933,3.717,4.096,-120.114,304.98,-3772,73.218,,,
2026-09-27T20:32:53.000Z,1790541173.000,32.643296685,-117.188047481,4.9,70.733,64.67,-3.522,4.448,4.096,-119.16,305.51,-3773,74.971,,,
2026-09-27T20:32:54.000Z,1790541174.000,32.643302208,-117.188023529,4.062,76.822,68.17,-2.368,4.297,4.097,-122.046,306.124,-3774,76.896,,,
2026-09-27T20:32:55.000Z,1790541175.000,32.643304692,-117.18800285,3.692,85.579,70.159,2.168,3.716,4.097,-123.246,306.913,-3775,78.605,,,
2026-09-27T20:32:56.000Z,1790541176.000,32.643304877,-117.187983174,3.562,93.496,73.754,-2.239,4.385,4.098,-125.933,307.821,-3776,80.438,,,
2026-09-27T20:32:57.000Z,1790541177.000,32.643301874,-117.18796308,3.809,104.095,83.182,-6.343,3.861,4.098,-134.692,308.49,-3777,82.741,,,
2026-09-27T20:32:58.000Z,1790541178.000,32.643295494,-117.187941885,4.401,113.563,94.577,-5.527,3.466,4.099,-145.196,309.381,-3778,85.271,,,
2026-09-27T20:32:59.000Z,1790541179.000,32.643285904,-117.187921679,4.265,118.758,106.426,-0.894,4.141,4.099,-156.258,310.168,-3779,87.724,,,
2026-09-27T20:33:00.000Z,1790541180.000,32.643275214,-117.187902758,3.863,126.512,118.212,-3.567,4.893,4.1,-167.274,310.938,-3780,89.931,,,
2026-09-27T20:33:01.000Z,1790541181.000,32.643263178,-117.187885326,4.141,129.681,128.282,-9.448,4.396,4.101,-176.542,311.739,-3781,91.917,,,
2026-09-27T20:33:02.000Z,1790541182.000,32.643248509,-117.187870515,4.131,146.485,141.916,-7.89,2.808,4.101,170.648,312.564,-3782,93.569,,,
2026-09-27T20:33:03.000Z,1790541183.000,32.643234681,-117.18785984,2.994,143.835,151.836,-5.177,5.994,4.102,161.484,313.32,-3783,94.773,,,
2026-09-27T20:33:04.000Z,1790541184.000,32.643217491,-117.18785218,3.735,165.964,162.865,-5.895,3.85,4.102,150.99,313.854,-3784,95.722,,,
2026-09-27T20:33:05.000Z,1790541185.000,32.643199247,-117.187851629,3.929,182.733,171.368,-6.104,4.494,4.103,142.925,314.293,-3785,96.182,,,
2026-09-27T20:33:06.000Z,1790541186.000,32.643180387,-117.187855657,4.286,190.925,178.957,-8.042,5.114,4.103,135.8,314.757,-3786,96.298,,,
2026-09-27T20:33:07.000Z,1790541187.000,32.64316021,-117.18786185,4.55,195.74,187.3,-9.74,3.3,4.104,127.832,315.132,-3787,96.207,,,
2026-09-27T20:33:08.000Z,1790541188.000,32.6431422,-117.187870633,4.433,201.2,189.633,-9.433,3.367,4.104,125.773,315.406,-3788,96.226,,,
2026-09-27T20:33:09.000Z,1790541189.000,32.643125249,-117.187881354,3.934,211.906,193.468,-4.171,5.262,4.105,122.178,315.646,-3789,95.909,,,
2026-09-27T20:33:10.000Z,1790541190.000,32.643107934,-117.187890983,4.073,202.737,192.582,-6.009,2.772,4.106,123.378,315.96,-3790,96.07,,,
2026-09-27T20:33:11.000Z,1790541191.000,32.643090958,-117.187898652,3.771,197.319,189.219,-3.374,5.532,4.106,127.044,316.263,-3791,96.568,,,
2026-09-27T20:33:12.000Z,1790541192.000,32.643073493,-117.187903346,3.832,192.329,190.075,-6.879,2.775,4.107,126.385,316.46,-3792,97.011,,,
2026-09-27T20:33:13.000Z,1790541193.000,32.643056393,-117.187911149,3.868,209.718,196.024,-6.166,4.027,4.107,120.705,316.729,-3793,96.777,,,
2026-09-27T20:33:14.000Z,1790541194.000,32.643039631,-117.187922985,4.335,209.859,201.361,-8.578,5.028,4.108,115.695,317.056,-3794,96.229,,,
2026-09-27T20:33:15.000Z,1790541195.000,32.643023039,-117.187937723,4.484,218.303,209.61,-10.513,5.032,4.108,107.656,317.266,-3795,95.191,,,
2026-09-27T20:33:16.000Z,1790541196.000,32.643008219,-117.187956218,4.429,228.269,213.595,-7.395,6.524,4.109,103.907,317.503,-3796,94.096,,,
2026-09-27T20:33:17.000Z,1790541197.000,32.642995031,-117.187974051,3.995,228.787,212.532,-4.082,7.01,4.109,104.99,317.521,-3797,93.38,,,
2026-09-27T20:33:18.000Z,1790541198.000,32.642981229,-117.187989205,4.1,223.494,212.967,-7.7,0.096,4.11,104.459,317.426,-3798,92.797,,,
2026-09-27T20:33:19.000Z,1790541199.000,32.642968044,-117.188003516,3.93,218.77,216.401,-6.215,6.539,4.111,100.227,316.627,-3799,92.012,,,
2026-09-27T20:33:20.000Z,1790541200.000,32.642955296,-117.188020659,4.223,225.166,218.125,-7.134,4.138,4.111,97.543,315.668,-3800,91.107,,,
2026-09-27T20:33:21.000Z,1790541201.000,32.642943411,-117.188039625,4.224,235.165,220.331,-4.44,6.484,4.112,94.188,314.519,-3801,89.969,,,
2026-09-27T20:33:22.000Z,1790541202.000,32.642931407,-117.188058579,4.2,232.661,220.404,-8.736,2.946,4.112,93.165,313.569,-3802,89.007,,,
2026-09-27T20:33:23.000Z,1790541203.000,32.642921017,-117.188077665,4.366,237.066,225.829,-9.115,2.793,4.113,86.172,312.001,-3803,87.534,,,
2026-09-27T20:33:24.000Z,1790541204.000,32.642911515,-117.188097654,4.108,241.715,228.021,-8.149,4.517,4.113,83.197,311.218,-3804,86.196,,,
2026-09-27T20:33:25.000Z,1790541205.000,32.642902426,-117.188118509,4.2,239.248,228.011,-5.021,3.325,4.114,82.499,310.51,-3805,84.933,,,
2026-09-27T20:33:26.000Z,1790541206.000,32.642892964,-117.188138304,4.437,237.316,230.458,-3.895,4.795,4.114,79.296,309.754,-3806,83.592,,,
2026-09-27T20:33:27.000Z,1790541207.000,32.642882737,-117.18815826,4.133,235.468,229.997,-4.896,7.033,4.115,78.881,308.878,-3807,82.497,,,
2026-09-27T20:33:28.000Z,1790541208.000,32.6428731,-117.188179016,4.206,244.099,232.747,-7.317,5.988,4.116,75.233,307.98,-3808,81.065,,,
2026-09-27T20:33:29.000Z,1790541209.000,32.64286353,-117.188199709,4.462,240.453,233.662,-8.446,3.069,4.116,73.195,306.856,-3809,79.773,,,
2026-09-27T20:33:30.000Z,1790541210.000,32.642855196,-117.18822266,4.63,240.704,232.549,-3.932,5.447,4.117,72.972,305.521,-3810,78.379,,,
2026-09-27T20:33:31.000Z,1790541211.000,32.642846055,-117.188243594,4.133,245.253,231.406,-6.161,7.216,4.117,72.955,304.361,-3811,77.196,,,
2026-09-27T20:33:32.000Z,1790541212.000,32.642838039,-117.188263387,3.929,241.075,229.542,-4.123,2.774,4.118,73.66,303.202,-3812,76.105,,,
2026-09-27T20:33:33.000Z,1790541213.000,32.642830707,-117.18828168,3.683,249.44,231.056,-4.329,4.346,4.118,70.901,301.956,-3813,74.85,,,
2026-09-27T20:33:34.000Z,1790541214.000,32.642821876,-117.18830057,3.9,243.284,230.422,-7.919,3.251,4.119,70.258,300.679,-3814,73.784,,,
2026-09-27T20:33:35.000Z,1790541215.000,32.642813834,-117.188320612,4.2,241.103,231.246,-3.543,5.02,4.119,68.199,299.444,-3815,72.473,,,
2026-09-27T20:33:36.000Z,1790541216.000,32.642803763,-117.188340941,4.434,237.784,230.201,-6.633,5.736,4.12,68.178,298.379,-3816,71.381,,,
2026-09-27T20:33:37.000Z,1790541217.000,32.642793807,-117.188362409,4.629,245.074,227.577,-3.988,4.634,4.121,69.388,296.965,-3817,70.31,,,
2026-09-27T20:33:38.000Z,1790541218.000,32.642782755,-117.188383176,4.437,236.065,226.251,-7.828,4.369,4.121,69.145,295.396,-3818,69.256,,,
2026-09-27T20:33:39.000Z,1790541219.000,32.642772802,-117.188402726,4.07,239.808,225.77,-6.521,6.052,4.122,68.851,294.621,-3819,68.183,,,
2026-09-27T20:33:40.000Z,1790541220.000,32.642762423,-117.188420719,3.867,236.616,224.672,-9.002,3.638,4.122,69.054,293.726,-3820,67.308,,,
2026-09-27T20:33:41.000Z,1790541221.000,32.642752493,-117.188439913,4.2,238.573,225.408,-6.731,4.192,4.123,67.65,293.058,-3821,66.169,,,
2026-09-27T20:33:42.000Z,1790541222.000,32.642742291,-117.188458805,3.9,234.474,224.908,-7.444,4.227,4.123,67.717,292.625,-3822,65.164,,,
2026-09-27T20:33:43.000Z,1790541223.000,32.642732279,-117.188476858,4.022,238.538,223.127,-9.988,4.644,4.124,68.698,291.826,-3823,64.32,,,
2026-09-27T20:33:44.000Z,1790541224.000,32.64272097,-117.188496268,4.508,232.178,224.308,-9.577,2.093,4.124,66.419,290.726,-3824,63.198,,,
2026-09-27T20:33:45.000Z,1790541225.000,32.642709125,-117.188516881,4.735,238.307,223.867,-7.732,5.965,4.125,65.999,289.866,-3825,62.131,,,
2026-09-27T20:33:46.000Z,1790541226.000,32.642696623,-117.188538265,4.734,231.674,221.437,-7.529,3.603,4.126,67.63,289.066,-3826,61.19,,,
2026-09-27T20:33:47.000Z,1790541227.000,32.642683903,-117.188558418,4.564,233.213,221.611,-8.055,5.883,4.126,66.672,288.283,-3827,60.158,,,
2026-09-27T20:33:48.000Z,1790541228.000,32.642671433,-117.188578662,4.555,233.365,220.817,-6.039,4.356,4.127,66.552,287.369,-3828,59.182,,,
2026-09-27T20:33:49.000Z,1790541229.000,32.642659106,-117.188597535,4.097,228.003,220.065,-7.665,4,4.127,66.262,286.326,-3829,58.309,,,
2026-09-27T20:33:50.000Z,1790541230.000,32.642647222,-117.188615263,4.166,234.795,220.403,-7.581,1.682,4.128,65.14,285.544,-3830,57.422,,,
2026-09-27T20:33:51.000Z,1790541231.000,32.642636184,-117.188633432,4.264,237.32,221.232,-5.944,0.532,4.128,63.504,284.736,-3831,56.416,,,
2026-09-27T20:33:52.000Z,1790541232.000,32.642624722,-117.188650561,4.174,232.577,220.147,-12.205,4.976,4.129,63.744,283.891,-3832,55.67,,,
2026-09-27T20:33:53.000Z,1790541233.000,32.642612648,-117.188670419,4.558,230.408,218.879,-7.909,6.837,4.129,64.208,283.087,-3833,54.744,,,
2026-09-27T20:33:54.000Z,1790541234.000,32.642600249,-117.188689225,4.367,230.509,217.594,-6.2,6.051,4.13,64.385,281.979,-3834,53.923,,,
2026-09-27T20:33:55.000Z,1790541235.000,32.642586516,-117.188708408,4.436,234.542,217.274,-8.808,0.142,4.131,63.563,280.837,-3835,53.063,,,
2026-09-27T20:33:56.000Z,1790541236.000,32.64257258,-117.188726824,4.956,226.252,218.652,-8.704,1.284,4.131,61.458,280.11,-3836,52.141,,,
2026-09-27T20:33:57.000Z,1790541237.000,32.642558681,-117.188745779,4.746,230.476,218.36,-5.995,5.812,4.132,61.388,279.747,-3837,51.307,,,
2026-09-27T20:33:58.000Z,1790541238.000,32.642543864,-117.188765768,4.66,228.253,217.891,-6.698,4.687,4.132,61.306,279.198,-3838,50.447,,,
2026-09-27T20:33:59.000Z,1790541239.000,32.642530184,-117.188785424,4.398,229.198,217.933,-6.898,6.212,4.133,60.017,277.95,-3839,49.516,,,
2026-09-27T20:34:00.000Z,1790541240.000,32.642517829,-117.188803847,4.239,233.285,221.331,-11.182,0.514,4.133,55.799,277.13,-3840,48.353,,,
2026-09-27T20:34:01.000Z,1790541241.000,32.642507473,-117.188821838,3.937,236.785,222.147,-7.9,3.131,4.134,54.075,276.222,-3841,47.328,,,
2026-09-27T20:34:02.000Z,1790541242.000,32.642496218,-117.188838165,3.722,227.813,217.978,-5.778,8.635,4.134,57.391,275.37,-3842,46.882,,,
2026-09-27T20:34:03.000Z,1790541243.000,32.642483819,-117.188855669,3.794,229.873,217.425,-4.8,3.975,4.135,56.932,274.357,-3843,46.112,,,
2026-09-27T20:34:04.000Z,1790541244.000,32.64246991,-117.188875353,5.101,228.624,216.77,-5.932,1.601,4.136,56.596,273.366,-3844,45.246,,,
2026-09-27T20:34:05.000Z,1790541245.000,32.642455015,-117.188896036,5.13,228.738,214.739,-8.2,6.544,4.136,57.933,272.672,-3845,44.458,,,
2026-09-27T20:34:06.000Z,1790541246.000,32.64243916,-117.188915111,4.763,226.01,214.681,-11.941,4.025,4.137,57.391,272.071,-3846,43.696,,,
2026-09-27T20:34:07.000Z,1790541247.000,32.642425325,-117.188933241,4.461,226.215,219.845,-10.531,2.976,4.137,51.751,271.596,-3847,42.49,,,
2026-09-27T20:34:08.000Z,1790541248.000,32.642413749,-117.188952599,4.2,237.287,222.6,-5.795,3.578,4.138,48.614,271.214,-3848,41.261,,,
2026-09-27T20:34:09.000Z,1790541249.000,32.6424026,-117.188971467,4.267,234.7,224.9,-5.867,2.933,4.138,46.112,271.012,-3849,40.09,,,
2026-09-27T20:34:10.000Z,1790541250.000,32.642392046,-117.188990615,4.271,238.035,228.323,-8.523,4.123,4.139,42.509,270.831,-3850,38.781,,,
2026-09-27T20:34:11.000Z,1790541251.000,32.642382366,-117.189011399,4.539,243.4,234.165,-8.078,2.617,4.139,36.311,270.476,-3851,37.12,,,
2026-09-27T20:34:12.000Z,1790541252.000,32.642373682,-117.189035495,4.73,248.546,234.81,-6.149,4.339,4.14,35.362,270.172,-3852,35.52,,,
2026-09-27T20:34:13.000Z,1790541253.000,32.642365439,-117.189059716,4.799,248.874,236.901,-3.399,4.941,4.141,33.102,270.003,-3853,33.784,,,
2026-09-27T20:34:14.000Z,1790541254.000,32.642356618,-117.189082085,4.138,247.399,236.151,-6.451,6.403,4.141,33.823,269.975,-3854,32.435,,,
2026-09-27T20:34:15.000Z,1790541255.000,32.642350465,-117.189103242,3.846,254.503,238.355,-4.709,2.444,4.142,31.476,269.831,-3855,30.84,,,
2026-09-27T20:34:16.000Z,1790541256.000,32.64234399,-117.189123563,3.939,253.373,241.856,-4.929,1.552,4.142,27.632,269.487,-3856,29.247,,,
2026-09-27T20:34:17.000Z,1790541257.000,32.642338448,-117.189144028,3.8,254.971,244.159,-6.672,6.824,4.143,25.054,269.213,-3857,27.681,,,
2026-09-27T20:34:18.000Z,1790541258.000,32.642333771,-117.189165012,3.868,255.778,243.931,-5.757,2.571,4.143,25.388,269.319,-3858,26.194,,,
2026-09-27T20:34:19.000Z,1790541259.000,32.642330206,-117.189185858,3.728,267.702,245.769,-5.088,4.866,4.144,24.074,269.843,-3859,24.529,,,
2026-09-27T20:34:20.000Z,1790541260.000,32.642327918,-117.18920593,3.618,266.171,247.043,-5.947,5.636,4.144,23.349,270.392,-3860,22.9,,,
2026-09-27T20:34:21.000Z,1790541261.000,32.642324734,-117.189224936,3.434,252.907,248.338,-7.583,6.077,4.145,22.541,270.879,-3861,21.406,,,
2026-09-27T20:34:22.000Z,1790541262.000,32.642324096,-117.189243612,3.468,263.234,250.764,-2.061,2.111,4.146,20.637,271.401,-3862,19.742,,,
2026-09-27T20:34:23.000Z,1790541263.000,32.642321835,-117.189261854,3.434,261.462,254.268,-5.369,2.938,4.146,17.752,272.02,-3863,18.143,,,
2026-09-27T20:34:24.000Z,1790541264.000,32.64231931,-117.189281466,3.835,261.961,253.375,-1.195,3.63,4.147,19.387,272.761,-3864,16.695,,,
2026-09-27T20:34:25.000Z,1790541265.000,32.642315398,-117.1893019,3.979,258.861,253.921,-3.342,4.556,4.147,19.433,273.354,-3865,15.17,,,
2026-09-27T20:34:26.000Z,1790541266.000,32.642313261,-117.189323352,3.73,266.626,254.909,-2.591,5.161,4.148,18.868,273.776,-3866,13.444,,,
2026-09-27T20:34:27.000Z,1790541267.000,32.642311998,-117.189341952,3.166,267.041,254.072,-3.172,6.406,4.148,20.356,274.428,-3867,12.012,,,
2026-09-27T20:34:28.000Z,1790541268.000,32.642311766,-117.189357909,2.6,271.93,256.027,-3.434,4.092,4.149,19.013,275.039,-3868,10.592,,,
2026-09-27T20:34:29.000Z,1790541269.000,32.642313429,-117.189371909,2.578,276.107,259.657,-3.279,4.079,4.149,15.98,275.637,-3869,9.156,,,
2026-09-27T20:34:30.000Z,1790541270.000,32.642314883,-117.189385294,2.706,275.833,261.867,-2.622,2.589,4.15,14.428,276.294,-3870,7.863,,,
2026-09-27T20:34:31.000Z,1790541271.000,32.642315631,-117.189400862,2.892,268.192,260.892,-1.703,4.836,4.151,16.06,276.951,-3871,6.579,,,
2026-09-27T20:34:32.000Z,1790541272.000,32.642315033,-117.189416933,2.867,267.636,256.733,-1.5,7.167,4.151,20.707,277.441,-3872,5.487,,,
2026-09-27T20:34:33.000Z,1790541273.000,32.642313908,-117.18943339,3.035,260.251,250.981,-1.445,3.896,4.152,26.952,277.933,-3873,4.501,,,
2026-09-27T20:34:34.000Z,1790541274.000,32.642311193,-117.189447719,2.577,253.926,249.7,-2.339,5.607,4.152,28.839,278.539,-3874,3.528,,,
2026-09-27T20:34:35.000Z,1790541275.000,32.642308556,-117.189462033,2.839,258.45,250.217,-3.628,2.967,4.153,28.866,279.083,-3875,2.444,,,
2026-09-27T20:34:36.000Z,1790541276.000,32.642305155,-117.189477546,3.136,251.925,248.468,-5.357,5.204,4.153,31.104,279.572,-3876,1.437,,,
2026-09-27T20:34:37.000Z,1790541277.000,32.642301044,-117.189493238,2.934,249.291,242.512,-3.059,6.472,4.154,37.593,280.105,-3877,0.727,,,
2026-09-27T20:34:38.000Z,1790541278.000,32.642296446,-117.189506621,2.47,254.407,239.57,-3.222,4.183,4.154,40.969,280.539,-3878,0.052,,,
2026-09-27T20:34:39.000Z,1790541279.000,32.642292135,-117.189519234,2.574,243.672,238.923,-7.637,1.037,4.155,42.086,281.009,-3879,-0.728,,,
2026-09-27T20:34:40.000Z,1790541280.000,32.642287931,-117.189532557,2.87,246.328,238.351,-6.249,5.671,4.156,43.158,281.509,-3880,-1.578,,,
2026-09-27T20:34:41.000Z,1790541281.000,32.642283426,-117.189545886,2.767,248.694,237.472,-5.502,5.861,4.156,44.467,281.938,-3881,-2.391,,,
2026-09-27T20:34:42.000Z,1790541282.000,32.642279205,-117.189559886,2.568,253.485,236.997,-7.363,4.689,4.157,45.38,282.377,-3882,-3.303,,,
2026-09-27T20:34:43.000Z,1790541283.000,32.642274591,-117.189574435,2.9,248.399,237.448,-3.387,4.684,4.157,45.37,282.819,-3883,-4.305,,,
2026-09-27T20:34:44.000Z,1790541284.000,32.642268642,-117.189588617,2.9,239.125,235.761,-3.907,5.561,4.158,47.666,283.428,-3884,-5.056,,,
2026-09-27T20:34:45.000Z,1790541285.000,32.642260977,-117.189603506,3.17,236.664,234.47,-4.172,4.753,4.158,49.532,284.003,-3885,-5.805,,,
2026-09-27T20:34:46.000Z,1790541286.000,32.642251815,-117.189620998,4,235.362,234.9,-3.985,4.473,4.159,49.8,284.7,-3886,-6.816,,,
2026-09-27T20:34:47.000Z,1790541287.000,32.642242281,-117.189640934,4.266,241.751,235.332,-6.742,5.593,4.159,50.115,285.447,-3887,-8.012,,,
2026-09-27T20:34:48.000Z,1790541288.000,32.642235072,-117.189659327,3.576,245.935,234.291,-4.004,5.453,4.16,51.713,286.004,-3888,-9.092,,,
2026-09-27T20:34:49.000Z,1790541289.000,32.642227858,-117.189675418,3.038,245.053,232.995,-8.919,5.247,4.161,53.588,286.583,-3889,-9.962,,,
2026-09-27T20:34:50.000Z,1790541290.000,32.642221845,-117.189690859,3.031,244.988,235.786,-9.549,4.763,4.161,51.361,287.147,-3890,-11.137,,,
2026-09-27T20:34:51.000Z,1790541291.000,32.642217294,-117.189706882,3.067,248.961,237.667,-7.037,3.339,4.162,49.922,287.589,-3891,-12.366,,,
2026-09-27T20:34:52.000Z,1790541292.000,32.642212207,-117.189724136,3.4,251.39,241.129,-6,5.702,4.162,47.094,288.223,-3892,-13.775,,,
2026-09-27T20:34:53.000Z,1790541293.000,32.642208125,-117.189741446,3.284,247.377,241.681,-5.429,6.594,4.163,47.598,289.279,-3893,-15.039,,,
2026-09-27T20:34:54.000Z,1790541294.000,32.64220286,-117.18976143,3.93,252.896,243.88,-4.45,1.56,4.163,46.87,290.749,-3894,-16.573,,,
2026-09-27T20:34:55.000Z,1790541295.000,32.642197132,-117.189782141,4.099,255.833,246.566,-4.131,4.031,4.164,45.942,292.508,-3895,-18.17,,,
2026-09-27T20:34:56.000Z,1790541296.000,32.642192477,-117.189804409,4.239,253.901,245.235,-0.435,5.327,4.164,49.03,294.265,-3896,-19.694,,,
2026-09-27T20:34:57.000Z,1790541297.000,32.642185924,-117.189824959,3.906,246.771,243.153,-4.559,5.088,4.165,52.796,295.949,-3897,-20.927,,,
2026-09-27T20:34:58.000Z,1790541298.000,32.642180466,-117.189843307,3.428,254.9,244.252,-2.196,3,4.166,53.292,297.544,-3898,-22.241,,,
2026-09-27T20:34:59.000Z,1790541299.000,32.64217621,-117.18985977,2.91,253.45,245.69,-1.99,7.66,4.166,53.439,299.129,-3899,-23.481,,,
2026-09-27T20:35:00.000Z,1790541300.000,32.642173232,-117.189876144,2.999,262.565,244.632,-3.332,1.072,4.167,56.091,300.723,-3900,-24.619,,,
2026-09-27T20:35:01.000Z,1790541301.000,32.642170709,-117.18989268,3.3,261.135,246.074,-1.612,6.144,4.167,56.186,302.261,-3901,-25.954,,,
2026-09-27T20:35:02.000Z,1790541302.000,32.642166789,-117.1899103,3.672,253.536,245.047,-5.547,4.256,4.168,58.551,303.598,-3902,-27.149,,,
2026-09-27T20:35:03.000Z,1790541303.000,32.642163706,-117.189929341,3.376,262.047,244.606,-2.688,4.782,4.168,60.153,304.759,-3903,-28.543,,,
2026-09-27T20:35:04.000Z,1790541304.000,32.642159191,-117.189948905,3.597,254.254,243.029,-5.197,5.355,4.169,63.275,306.304,-3904,-29.831,,,
2026-09-27T20:35:05.000Z,1790541305.000,32.642155336,-117.189966255,3.1,256.901,244.93,-7.204,4.434,4.169,63.759,308.688,-3905,-31.197,,,
2026-09-27T20:35:06.000Z,1790541306.000,32.642152278,-117.189982464,2.9,257.91,247.545,-4.874,4.929,4.17,63.852,311.397,-3906,-32.551,,,
2026-09-27T20:35:07.000Z,1790541307.000,32.642149627,-117.189998373,2.839,255.355,251.289,-5.595,4.228,4.171,62.267,313.556,-3907,-33.961,,,
2026-09-27T20:35:08.000Z,1790541308.000,32.642148778,-117.190014093,3.008,279.058,258.703,-0.688,4.866,4.171,57.068,315.771,-3908,-35.629,,,
2026-09-27T20:35:09.000Z,1790541309.000,32.642149467,-117.190030522,2.967,270.496,261.843,0.729,5.78,4.172,56.342,318.185,-3909,-37.182,,,
2026-09-27T20:35:10.000Z,1790541310.000,32.642148935,-117.190049513,3.704,268.865,263.8,-2.273,2.757,4.172,56.682,320.482,-3910,-38.822,,,
2026-09-27T20:35:11.000Z,1790541311.000,32.642149423,-117.190067856,3.523,276.958,267.861,2.853,6.533,4.173,55.239,323.101,-3911,-40.543,,,
2026-09-27T20:35:12.000Z,1790541312.000,32.642149739,-117.190085803,3.039,268.072,261.454,-1.028,4.328,4.173,63.828,325.282,-3912,-41.767,,,
2026-09-27T20:35:13.000Z,1790541313.000,32.6421498,-117.190101667,2.833,268.697,261.1,-2.9,3.967,4.174,65.735,326.835,-3913,-43.069,,,
2026-09-27T20:35:14.000Z,1790541314.000,32.64215,-117.190115193,2.435,274.178,256.644,-1.23,4.156,4.174,71.365,328.009,-3914,-43.977,,,
2026-09-27T20:35:15.000Z,1790541315.000,32.6421492,-117.190127743,2.4,266.232,251.952,-2.99,4.247,4.175,77.266,329.218,-3915,-44.716,,,
2026-09-27T20:35:16.000Z,1790541316.000,32.642148174,-117.190138861,1.837,260.54,246.595,-5.515,5.626,4.176,83.852,330.447,-3916,-45.262,,,
2026-09-27T20:35:17.000Z,1790541317.000,32.642146115,-117.190149487,1.961,249.534,242.568,-4.453,4.477,4.176,88.947,331.515,-3917,-45.777,,,
2026-09-27T20:35:18.000Z,1790541318.000,32.642140961,-117.190160814,2.702,246.056,238.428,-4.186,2.703,4.177,94.097,332.525,-3918,-46.171,,,
2026-09-27T20:35:19.000Z,1790541319.000,32.642132987,-117.190175426,3.462,237.529,235.204,-7.531,4.152,4.177,98.358,333.562,-3919,-46.745,,,
2026-09-27T20:35:20.000Z,1790541320.000,32.642124547,-117.190192213,3.5,240.729,231.3,-7.436,6.9,4.178,103.028,334.328,-3920,-47.419,,,
2026-09-27T20:35:21.000Z,1790541321.000,32.642116008,-117.190208919,3.479,237.1,228.454,-6.5,3.918,4.178,106.304,334.758,-3921,-48.153,,,
2026-09-27T20:35:22.000Z,1790541322.000,32.642107927,-117.190223447,2.97,237.586,227.591,-6.522,5.278,4.179,107.618,335.21,-3922,-48.877,,,
2026-09-27T20:35:23.000Z,1790541323.000,32.64210089,-117.190236384,2.665,235.657,227.063,-4.167,2.159,4.179,108.478,335.541,-3923,-49.549,,,
2026-09-27T20:35:24.000Z,1790541324.000,32.642094216,-117.190247999,2.665,239.409,227.692,-6.147,6.877,4.18,107.971,335.663,-3924,-50.217,,,
2026-09-27T20:35:25.000Z,1790541325.000,32.642087502,-117.190260813,2.937,242.791,229.073,-8.129,1.156,4.181,105.45,334.523,-3925,-51.04,,,
2026-09-27T20:35:26.000Z,1790541326.000,32.64208077,-117.190275299,3.342,237.707,231.124,-8.837,5.87,4.181,101.769,332.893,-3926,-52.05,,,
2026-09-27T20:35:27.000Z,1790541327.000,32.642072084,-117.190292738,3.532,241.268,228.974,-7.865,5.006,4.182,102.439,331.412,-3927,-52.889,,,
2026-09-27T20:35:28.000Z,1790541328.000,32.642063033,-117.1903112,3.933,235.232,227.633,-5.167,5.633,4.182,101.888,329.522,-3928,-53.855,,,
2026-09-27T20:35:29.000Z,1790541329.000,32.642052813,-117.190329381,4.036,237.262,227.236,-2.807,5.852,4.183,100.675,327.91,-3929,-54.808,,,
2026-09-27T20:35:30.000Z,1790541330.000,32.642043119,-117.190346421,3.637,232.185,223.335,-2.018,5.128,4.183,102.907,326.242,-3930,-55.422,,,
2026-09-27T20:35:31.000Z,1790541331.000,32.642033112,-117.190361576,3.47,240.606,226.38,-4.76,4.08,4.184,97.907,324.287,-3931,-56.401,,,
2026-09-27T20:35:32.000Z,1790541332.000,32.642024825,-117.190378317,3.366,241.892,227.166,-2.397,5.644,4.184,94.88,322.045,-3932,-57.424,,,
2026-09-27T20:35:33.000Z,1790541333.000,32.642016212,-117.190394514,3.302,233.25,223.972,-3.158,4.102,4.185,95.689,319.661,-3933,-58.079,,,
2026-09-27T20:35:34.000Z,1790541334.000,32.642007712,-117.190409948,3.528,237.004,224.956,-4.596,4.38,4.186,92.283,317.239,-3934,-58.999,,,
2026-09-27T20:35:35.000Z,1790541335.000,32.641998824,-117.190426183,3.639,231.427,222.418,-4.215,5.6,4.186,92.188,314.606,-3935,-59.692,,,
2026-09-27T20:35:36.000Z,1790541336.000,32.641988232,-117.190442925,3.839,232.615,222,-3.591,5.317,4.187,89.556,311.556,-3936,-60.504,,,
2026-09-27T20:35:37.000Z,1790541337.000,32.641976371,-117.190459528,3.866,230.506,221.933,-3.298,4.463,4.187,86.436,308.369,-3937,-61.266,,,
2026-09-27T20:35:38.000Z,1790541338.000,32.641965167,-117.19047705,3.87,231.301,223.47,-1.061,6.017,4.188,81.856,305.326,-3938,-62.265,,,
2026-09-27T20:35:39.000Z,1790541339.000,32.641953564,-117.190495017,4.173,235.435,226.018,-5.927,1.454,4.188,76.544,302.562,-3939,-63.356,,,
2026-09-27T20:35:40.000Z,1790541340.000,32.641944279,-117.190514058,3.961,238.799,226.573,-4.138,6.356,4.189,73.43,300.003,-3940,-64.502,,,
2026-09-27T20:35:41.000Z,1790541341.000,32.641935181,-117.190531631,3.532,236.936,226.768,-6.4,6.374,4.189,70.92,297.688,-3941,-65.507,,,
2026-09-27T20:35:42.000Z,1790541342.000,32.641926472,-117.190546857,3.201,237.368,226.668,-6.099,3.13,4.19,68.95,295.618,-3942,-66.316,,,
2026-09-27T20:35:43.000Z,1790541343.000,32.641918125,-117.190562911,3.335,244.81,230.105,-5.53,3.855,4.191,63.544,293.648,-3943,-67.479,,,
2026-09-27T20:35:44.000Z,1790541344.000,32.64190944,-117.190581019,3.922,241.644,228.756,-4.473,5.122,4.191,63.328,292.083,-3944,-68.434,,,
2026-09-27T20:35:45.000Z,1790541345.000,32.641898192,-117.190599696,4.28,235.438,228.269,-7.96,3.292,4.192,62.04,290.309,-3945,-69.369,,,
2026-09-27T20:35:46.000Z,1790541346.000,32.641887559,-117.190619581,4.468,237.827,227.633,-4.536,4.928,4.192,61.207,288.84,-3946,-70.424,,,
2026-09-27T20:35:47.000Z,1790541347.000,32.641875921,-117.190639993,4.4,237.941,225.325,-8.082,7.422,4.193,61.558,286.883,-3947,-71.342,,,
2026-09-27T20:35:48.000Z,1790541348.000,32.641865188,-117.190660022,4.265,230.932,221.797,-5.597,4.971,4.193,63.011,284.808,-3948,-72.177,,,
2026-09-27T20:35:49.000Z,1790541349.000,32.641854675,-117.190676459,3.638,240.427,224.447,-10.596,3.123,4.194,58.954,283.401,-3949,-73.208,,,
2026-09-27T20:35:50.000Z,1790541350.000,32.641846158,-117.190692107,3.438,238.097,229.966,-8.707,2.357,4.194,51.949,281.915,-3950,-74.49,,,
2026-09-27T20:35:51.000Z,1790541351.000,32.641838567,-117.190708667,3.5,243.467,231.667,-5.6,6.367,4.195,49.055,280.722,-3951,-75.601,,,
2026-09-27T20:35:52.000Z,1790541352.000,32.641828963,-117.190727052,4,235.287,228.496,-6.207,7.188,4.196,51.408,279.904,-3952,-76.395,,,
2026-09-27T20:35:53.000Z,1790541353.000,32.641818353,-117.190746349,4.273,239.637,228.6,-7.981,3.192,4.196,50.6,279.2,-3953,-77.459,,,
2026-09-27T20:35:54.000Z,1790541354.000,32.641808358,-117.190767585,4.5,239.202,228.62,-6.782,4.239,4.197,49.873,278.492,-3954,-78.709,,,
2026-09-27T20:35:55.000Z,1790541355.000,32.641797963,-117.190789641,4.633,242.171,226.898,-5.999,5.136,4.197,50.667,277.565,-3955,-79.874,,,
2026-09-27T20:35:56.000Z,1790541356.000,32.641786597,-117.1908105,4.408,232.897,220.959,-7.926,4.508,4.198,55.717,276.676,-3956,-80.558,,,
2026-09-27T20:35:57.000Z,1790541357.000,32.641773603,-117.190829133,4.325,233.067,220.363,-5.065,4.25,4.198,55.618,275.981,-3957,-81.389,,,
2026-09-27T20:35:58.000Z,1790541358.000,32.641760346,-117.190845551,4.014,229.126,220.773,-5.335,4.219,4.199,54.641,275.414,-3958,-82.103,,,
2026-09-27T20:35:59.000Z,1790541359.000,32.641747693,-117.190863214,4.067,237.493,223.134,-2.885,1.297,4.199,51.521,274.655,-3959,-83.103,,,
2026-09-27T20:36:00.000Z,1790541360.000,32.641735368,-117.19087975,4.335,228.686,220.426,-7.126,5.864,4.2,53.273,273.699,-3960,-83.629,,,
2026-09-27T20:36:01.000Z,1790541361.000,32.641723857,-117.190897539,4,232.635,221.404,-8.496,5.459,4.201,51.587,272.99,-3961,-84.59,,,
2026-09-27T20:36:02.000Z,1790541362.000,32.641713622,-117.190917204,4.338,242.38,223.59,-6.294,2.752,4.201,48.85,272.44,-3962,-85.867,,,
2026-09-27T20:36:03.000Z,1790541363.000,32.641702385,-117.190937676,4.559,235.877,223.2,-7.518,4.261,4.202,48.89,272.09,-3963,-86.958,,,
2026-09-27T20:36:04.000Z,1790541364.000,32.641691437,-117.190959525,4.766,238.725,224.669,-2.202,4.298,4.202,46.804,271.472,-3964,-88.323,,,
2026-09-27T20:36:05.000Z,1790541365.000,32.641679882,-117.190979514,4.436,235.734,223.849,-4.207,2.309,4.203,46.606,270.455,-3965,-89.324,,,
2026-09-27T20:36:06.000Z,1790541366.000,32.641668296,-117.190997753,4.272,234.524,227.447,-4.887,3.53,4.203,41.154,268.601,-3966,-90.519,,,
2026-09-27T20:36:07.000Z,1790541367.000,32.641657677,-117.191016431,4.263,231.144,229.452,-3.192,4.255,4.204,37.809,267.261,-3967,-91.675,,,
2026-09-27T20:36:08.000Z,1790541368.000,32.641647926,-117.191034795,4.1,241.999,232.369,-5.874,4.266,4.204,33.18,265.549,-3968,-92.915,,,
2026-09-27T20:36:09.000Z,1790541369.000,32.641639001,-117.191054767,4.105,235.884,234.116,-5.31,5.484,4.205,29.373,263.488,-3969,-94.241,,,
2026-09-27T20:36:10.000Z,1790541370.000,32.641630472,-117.191077118,4.465,249.148,235.734,-5.301,4.157,4.206,25.568,261.302,-3970,-95.774,,,
2026-09-27T20:36:11.000Z,1790541371.000,32.641622292,-117.191101164,4.865,249.3,236.487,-3.061,3.696,4.206,23.004,259.491,-3971,-97.403,,,
2026-09-27T20:36:12.000Z,1790541372.000,32.641614075,-117.191122544,3.992,248.783,234.953,-6.47,5.338,4.207,22.109,257.062,-3972,-98.645,,,
2026-09-27T20:36:13.000Z,1790541373.000,32.641607098,-117.191141268,3.63,251.352,238.081,-7.306,3.017,4.207,16.726,254.807,-3973,-100.063,,,
2026-09-27T20:36:14.000Z,1790541374.000,32.641602594,-117.191159005,3.571,253.425,241.848,-4.397,5.626,4.208,11.08,252.928,-3974,-101.561,,,
2026-09-27T20:36:15.000Z,1790541375.000,32.64159857,-117.191178187,3.566,252.949,241.6,-1.726,4.034,4.208,10.188,251.788,-3975,-102.93,,,
2026-09-27T20:36:16.000Z,1790541376.000,32.641593192,-117.191197474,3.8,248.523,242.079,-5.857,7.8,4.209,8.803,250.883,-3976,-104.286,,,
2026-09-27T20:36:17.000Z,1790541377.000,32.641588145,-117.191216706,3.6,256.173,242.508,-3.992,3.038,4.209,7.363,249.871,-3977,-105.651,,,
2026-09-27T20:36:18.000Z,1790541378.000,32.641584355,-117.191236252,3.531,261.802,246.262,-1.482,4.086,4.21,2.55,248.812,-3978,-107.323,,,
2026-09-27T20:36:19.000Z,1790541379.000,32.641580136,-117.19125456,3.666,250.078,247.1,-4.696,4.641,4.211,0.64,247.74,-3979,-108.678,,,
2026-09-27T20:36:20.000Z,1790541380.000,32.641576309,-117.19127175,3.035,258.405,247.177,-4.218,7.221,4.211,-0.349,246.828,-3980,-109.913,,,
2026-09-27T20:36:21.000Z,1790541381.000,32.641573525,-117.191288702,3.112,256.522,246,-0.175,3.975,4.212,-0.126,245.873,-3981,-111.102,,,
2026-09-27T20:36:22.000Z,1790541382.000,32.641569789,-117.191305049,3.03,256.52,247.289,-6.149,4.638,4.212,-2.128,245.161,-3982,-112.348,,,
2026-09-27T20:36:23.000Z,1790541383.000,32.641567528,-117.191320509,2.836,259.797,246.876,-4.175,5.036,4.213,-2.327,244.549,-3983,-113.49,,,
2026-09-27T20:36:24.000Z,1790541384.000,32.641564975,-117.191336132,3.197,257.372,246.34,0.018,3.906,4.213,-2.09,244.251,-3984,-114.621,,,
2026-09-27T20:36:25.000Z,1790541385.000,32.64156075,-117.191352546,3.235,248.133,244.775,-2.625,6.14,4.214,0.262,245.037,-3985,-115.666,,,
2026-09-27T20:36:26.000Z,1790541386.000,32.641557176,-117.191367596,2.739,256.171,242.961,-2.418,7.208,4.214,4.127,247.087,-3986,-116.613,,,
2026-09-27T20:36:27.000Z,1790541387.000,32.641553641,-117.191382956,2.67,250.46,241.481,-1.751,2.489,4.215,7.484,248.965,-3987,-117.607,,,
2026-09-27T20:36:28.000Z,1790541388.000,32.641548998,-117.191396605,2.834,244.555,243.6,-2.665,5.898,4.216,8.268,251.868,-3988,-118.642,,,
2026-09-27T20:36:29.000Z,1790541389.000,32.641544177,-117.191410964,2.669,253.853,241.661,-2.769,4.941,4.216,13.07,254.731,-3989,-119.457,,,
2026-09-27T20:36:30.000Z,1790541390.000,32.641540456,-117.191424976,2.673,252.556,243.027,-0.017,7.49,4.217,14.803,257.83,-3990,-120.52,,,
2026-09-27T20:36:31.000Z,1790541391.000,32.641535927,-117.191439297,2.67,247.476,242.481,-5.251,2.832,4.217,18.88,261.361,-3991,-121.44,,,
2026-09-27T20:36:32.000Z,1790541392.000,32.64153323,-117.191454191,2.832,260.271,243.362,0.468,6.468,4.218,21.77,265.133,-3992,-122.595,,,
2026-09-27T20:36:33.000Z,1790541393.000,32.641530271,-117.191466648,2.137,253.872,244.595,-6.005,4.608,4.218,23.857,268.451,-3993,-123.558,,,
2026-09-27T20:36:34.000Z,1790541394.000,32.641528842,-117.191478484,2.236,256.655,245.864,-1.706,3.929,4.219,25.509,271.374,-3994,-124.548,,,
2026-09-27T20:36:35.000Z,1790541395.000,32.641527078,-117.191490687,2.4,262.776,247.422,-2.254,6.517,4.219,26.988,274.41,-3995,-125.569,,,
2026-09-27T20:36:36.000Z,1790541396.000,32.641524187,-117.191504358,2.731,253.074,247.844,-3.357,5.001,4.22,29.728,277.572,-3996,-126.581,,,
2026-09-27T20:36:37.000Z,1790541397.000,32.641520137,-117.191519152,2.834,253.346,247.971,-0.871,4.697,4.221,32.812,280.783,-3997,-127.608,,,
2026-09-27T20:36:38.000Z,1790541398.000,32.641516142,-117.191533268,2.765,247.862,246.369,-4.355,5.165,4.221,37.806,284.175,-3998,-128.474,,,
2026-09-27T20:36:39.000Z,1790541399.000,32.641513274,-117.191545254,2.337,258.502,249.91,0.418,3.384,4.222,37.596,287.506,-3999,-129.54,,,
2026-09-27T20:36:40.000Z,1790541400.000,32.641510274,-117.191556721,2.422,250.913,251.161,-3.43,3.948,4.222,39.386,290.547,-4000,-130.412,,,
2026-09-27T20:36:41.000Z,1790541401.000,32.641509064,-117.19156923,2.3,264.641,252.164,-2.249,5.368,4.223,40.981,293.145,-4001,-131.446,,,
2026-09-27T20:36:42.000Z,1790541402.000,32.64150834,-117.191580818,2.3,254.48,251.474,-1.418,3.478,4.223,43.907,295.382,-4002,-132.331,,,
2026-09-27T20:36:43.000Z,1790541403.000,32.641506643,-117.191591023,1.936,256.277,252.457,-3.185,6.315,4.224,45.004,297.462,-4003,-133.147,,,
2026-09-27T20:36:44.000Z,1790541404.000,32.641507086,-117.191600656,2,257.33,253.147,1.137,2.526,4.224,46.344,299.491,-4004,-134.009,,,
2026-09-27T20:36:45.000Z,1790541405.000,32.64150476,-117.191610874,1.989,260.985,254.43,-3.881,4.647,4.225,46.874,301.303,-4005,-134.81,,,
2026-09-27T20:36:46.000Z,1790541406.000,32.641502968,-117.191622824,2.4,258.427,253.765,-0.703,6,4.226,48.958,302.723,-4006,-135.672,,,
2026-09-27T20:36:47.000Z,1790541407.000,32.641501404,-117.191634852,2.134,253.894,251.568,-0.758,6.232,4.226,52.075,303.643,-4007,-136.465,,,
2026-09-27T20:36:48.000Z,1790541408.000,32.641499036,-117.191644455,1.6,264.958,253.421,-1.973,5.079,4.227,51.019,304.44,-4008,-137.246,,,
2026-09-27T20:36:49.000Z,1790541409.000,32.641497995,-117.191654321,1.678,262.782,253,-0.778,4.177,4.227,52.036,305.036,-4009,-137.988,,,
2026-09-27T20:36:50.000Z,1790541410.000,32.641495548,-117.19166478,2.376,238.809,252.5,-3.838,6.914,4.228,52.665,305.165,-4010,-138.701,,,
2026-09-27T20:36:51.000Z,1790541411.000,32.641495067,-117.191674367,1.933,259.183,251.5,-1.6,2.633,4.228,53.318,304.818,-4011,-139.414,,,
2026-09-27T20:36:52.000Z,1790541412.000,32.641494395,-117.19168294,1.57,262.843,253.13,-2.66,7,4.229,51.092,304.222,-4012,-140.185,,,
2026-09-27T20:36:53.000Z,1790541413.000,32.641495789,-117.191689982,1.3,280.921,253.096,-0.581,3.037,4.229,50.934,304.03,-4013,-140.84,,,
2026-09-27T20:36:54.000Z,1790541414.000,32.641496212,-117.1916964,1.441,261.871,255.512,-3.553,5.382,4.23,48.341,303.853,-4014,-141.529,,,
2026-09-27T20:36:55.000Z,1790541415.000,32.641494429,-117.191705219,1.568,261.062,253.742,-4.526,6.386,4.231,49.866,303.608,-4015,-142.071,,,
2026-09-27T20:36:56.000Z,1790541416.000,32.641494434,-117.191714494,1.733,258.537,255.168,1.238,5.303,4.231,48.201,303.37,-4016,-142.92,,,
2026-09-27T20:36:57.000Z,1790541417.000,32.64149124,-117.191724335,2.035,246.294,254.725,-4.09,5.175,4.232,48.262,302.987,-4017,-143.549,,,
2026-09-27T20:36:58.000Z,1790541418.000,32.641490339,-117.191733195,1.7,263.666,255.817,-0.087,5.9,4.232,46.739,302.557,-4018,-144.297,,,
2026-09-27T20:36:59.000Z,1790541419.000,32.64148913,-117.191742115,1.482,260.957,255.43,-3.218,3.318,4.233,46.915,302.345,-4019,-144.955,,,
2026-09-27T20:37:00.000Z,1790541420.000,32.641489033,-117.191749361,1.499,267.456,258.2,-3.2,5.844,4.233,44.3,302.5,-4020,-145.698,,,
2026-09-27T20:37:01.000Z,1790541421.000,32.641489665,-117.191756378,1.135,265.99,257.183,-0.317,6.337,4.234,45.558,302.741,-4021,-146.26,,,
2026-09-27T20:37:02.000Z,1790541422.000,32.641490574,-117.191763308,1.5,272.151,257.144,-3.208,2.833,4.234,45.626,302.77,-4022,-146.88,,,
2026-09-27T20:37:03.000Z,1790541423.000,32.641490968,-117.191769237,1.107,299.288,257.384,-3.402,6.786,4.235,45.201,302.585,-4023,-147.405,,,
2026-09-27T20:37:04.000Z,1790541424.000,32.641491604,-117.191774074,0.669,286.225,258.437,-0.635,5.559,4.236,43.711,302.148,-4024,-147.893,,,
2026-09-27T20:37:05.000Z,1790541425.000,32.641491101,-117.19177903,0.966,260.13,257.298,-3.096,4.928,4.236,44.447,301.745,-4025,-148.22,,,
2026-09-27T20:37:06.000Z,1790541426.000,32.6414906,-117.191785672,1.4,264.161,259.294,-2.398,5.711,4.237,42.251,301.545,-4026,-148.848,,,
2026-09-27T20:37:07.000Z,1790541427.000,32.641489589,-117.191794182,1.824,248.092,256.878,-0.344,3.836,4.237,45.008,301.886,-4027,-149.378,,,
2026-09-27T20:37:08.000Z,1790541428.000,32.64148713,-117.191803585,1.77,253.803,255.621,-3.124,6,4.238,46.689,302.31,-4028,-149.964,,,
2026-09-27T20:37:09.000Z,1790541429.000,32.641485232,-117.191810677,1.094,259.189,254.565,-4.638,4.326,4.238,47.582,302.147,-4029,-150.398,,,
2026-09-27T20:37:10.000Z,1790541430.000,32.641485132,-117.191814496,0.632,265.168,255.968,1.892,5.13,4.239,46.286,302.254,-4030,-150.786,,,
2026-09-27T20:37:11.000Z,1790541431.000,32.64148477,-117.19181679,0.635,245.014,256.96,-5.85,4.945,4.239,45.264,302.225,-4031,-151.011,,,
2026-09-27T20:37:12.000Z,1790541432.000,32.641484139,-117.191820772,0.922,250.459,257.972,-1.506,3.083,4.24,44.374,302.346,-4032,-151.362,,,
2026-09-27T20:37:13.000Z,1790541433.000,32.641482423,-117.191827279,1.439,251.427,258.477,-3.384,6.892,4.241,44.161,302.639,-4033,-151.84,,,
2026-09-27T20:37:14.000Z,1790541434.000,32.641482133,-117.191835303,1.534,247.065,256.265,-1.17,4.133,4.241,46.718,302.984,-4034,-152.375,,,
2026-09-27T20:37:15.000Z,1790541435.000,32.641480202,-117.191843524,1.434,248.879,255.132,-5,6.664,4.242,48.164,303.296,-4035,-152.897,,,
2026-09-27T20:37:16.000Z,1790541436.000,32.641479577,-117.191850275,1.216,254.667,254.977,-0.864,4.516,4.242,48.46,303.437,-4036,-153.416,,,
2026-09-27T20:37:17.000Z,1790541437.000,32.641479216,-117.191854691,0.8,246.213,254.1,-4.278,5.164,4.243,49.15,303.25,-4037,-153.716,,,
2026-09-27T20:37:18.000Z,1790541438.000,32.641479381,-117.191856962,0.675,350.598,254.113,-2.443,7.576,4.243,48.961,303.074,-4038,-153.913,,,
2026-09-27T20:37:19.000Z,1790541439.000,32.641480567,-117.1918572,0.4,351.066,256.533,-0.367,2.533,4.244,46.204,302.737,-4039,-154.126,,,
2026-09-27T20:37:20.000Z,1790541440.000,32.6414805,-117.1918573,0,349.9,260.123,-2.835,4.169,4.244,42.016,302.139,-4040,-154.315,,,
2026-09-27T20:37:21.000Z,1790541441.000,32.641478421,-117.191864399,1.652,256.086,259.048,-2.358,6.094,4.245,42.704,301.752,-4041,-154.744,,,
2026-09-27T20:37:22.000Z,1790541442.000,32.641475008,-117.191874446,2.1,248.8,255.938,-3.103,5.238,4.246,45.744,301.681,-4042,-155.24,,,
2026-09-27T20:37:23.000Z,1790541443.000,32.641472392,-117.191883848,1.632,249.359,252.927,-2.608,4.775,4.246,48.83,301.757,-4043,-155.719,,,
2026-09-27T20:37:24.000Z,1790541444.000,32.6414706,-117.191889748,0.835,286.058,253.07,-2.076,6.987,4.247,49.055,302.125,-4044,-156.124,,,
2026-09-27T20:37:25.000Z,1790541445.000,32.64147,-117.191892,0.165,216.547,252.2,-1.794,3.729,4.247,50.014,302.214,-4045,-156.231,,,
2026-09-27T20:37:26.000Z,1790541446.000,32.64147,-117.1918922,0,200.4,256.382,-2.075,5.275,4.248,45.362,301.745,-4046,-156.48,,,
2026-09-27T20:37:27.000Z,1790541447.000,32.6414694,-117.191894586,0.669,264.166,256.269,-5.192,3.739,4.248,44.566,300.836,-4047,-156.641,,,
2026-09-27T20:37:28.000Z,1790541448.000,32.6414694,-117.191898206,0.7,265.539,259.037,0.935,7.761,4.249,40.922,299.959,-4048,-157.085,,,
2026-09-27T20:37:29.000Z,1790541449.000,32.641467736,-117.191904092,1.168,251.969,257.994,-4.064,4.56,4.249,41.42,299.414,-4049,-157.435,,,
2026-09-27T20:37:30.000Z,1790541450.000,32.641466973,-117.191912047,1.664,263.335,258.754,0.055,5.355,4.25,40.503,299.257,-4050,-158.095,,,
2026-09-27T20:37:31.000Z,1790541451.000,32.641464235,-117.191920059,1.459,244.53,256.629,-2.953,5.747,4.251,43.015,299.644,-4051,-158.509,,,
2026-09-27T20:37:32.000Z,1790541452.000,32.641462231,-117.191926572,1.133,249.127,256.1,-2.662,4.967,4.251,43.916,300.016,-4052,-158.918,,,
2026-09-27T20:37:33.000Z,1790541453.000,32.641461168,-117.191930198,0.566,242.232,256.5,-0.401,5.7,4.252,43.642,300.142,-4053,-159.186,,,
2026-09-27T20:37:34.000Z,1790541454.000,32.64145967,-117.191931895,0.2,258.7,258.49,-4.245,4.045,4.252,41.613,300.104,-4054,-159.353,,,
2026-09-27T20:37:35.000Z,1790541455.000,32.641459746,-117.191934346,0.4,292.91,261.507,-0.416,5.793,4.253,38.519,300.026,-4055,-159.71,,,
2026-09-27T20:37:36.000Z,1790541456.000,32.641459152,-117.191938695,0.97,250.08,258.852,-2.934,4.665,4.253,40.828,299.68,-4056,-159.91,,,
2026-09-27T20:37:37.000Z,1790541457.000,32.641458965,-117.191943239,0.833,261.321,259.267,-3.39,6.267,4.254,40.313,299.58,-4057,-160.298,,,
2026-09-27T20:37:38.000Z,1790541458.000,32.641460131,-117.191945993,0.662,282.483,259.176,1.414,3.88,4.254,40.377,299.553,-4058,-160.582,,,
2026-09-27T20:37:39.000Z,1790541459.000,32.6414594,-117.191949628,0.778,281.807,260.406,-3.678,5.827,4.255,39.325,299.73,-4059,-160.907,,,
2026-09-27T20:37:40.000Z,1790541460.000,32.641456939,-117.19195543,1.317,249.221,258.761,-5.109,5.013,4.256,41.367,300.128,-4060,-161.18,,,
2026-09-27T20:37:41.000Z,1790541461.000,32.641456565,-117.191961043,1,268.93,258.462,2.483,6.062,4.256,42.054,300.517,-4061,-161.612,,,
2026-09-27T20:37:42.000Z,1790541462.000,32.641455035,-117.191964332,0.667,224.372,257.233,-2.894,5.467,4.257,43.477,300.71,-4062,-161.742,,,
2026-09-27T20:37:43.000Z,1790541463.000,32.641453765,-117.191965827,0.365,252.316,258.957,-5.516,4.435,4.257,41.782,300.74,-4063,-161.89,,,
2026-09-27T20:37:44.000Z,1790541464.000,32.64145386,-117.191967652,0.677,244.421,259.837,3.289,6.255,4.258,40.815,300.652,-4064,-162.09,,,
2026-09-27T20:37:45.000Z,1790541465.000,32.6414518,-117.191970717,0.661,262.225,259.891,-5.244,3.405,4.258,40.472,300.364,-4065,-162.242,,,
2026-09-27T20:37:46.000Z,1790541466.000,32.641451299,-117.191974904,1.034,257.621,260.901,-2.506,5.833,4.259,39.618,300.519,-4066,-162.613,,,
2026-09-27T20:37:47.000Z,1790541467.000,32.641450006,-117.191981919,1.594,235.952,257.775,-1.303,5.619,4.259,43.678,301.453,-4067,-162.972,,,
2026-09-27T20:37:48.000Z,1790541468.000,32.6414485,-117.191987776,1,258.788,255.908,-3.339,5.744,4.26,46.398,302.306,-4068,-163.282,,,
2026-09-27T20:37:49.000Z,1790541469.000,32.641449477,-117.191989023,0.339,5.312,255.355,-1.981,4.364,4.261,48.127,303.482,-4069,-163.405,,,
2026-09-27T20:37:50.000Z,1790541470.000,32.6414491,-117.1919894,0,173.8,255.708,-3.408,5.395,4.261,48.79,304.498,-4070,-163.437,,,
2026-09-27T20:37:51.000Z,1790541471.000,32.6414489,-117.191989833,0.267,197.777,257.133,-4.167,3.867,4.262,47.632,304.765,-4071,-163.538,,,
2026-09-27T20:37:52.000Z,1790541472.000,32.641448269,-117.19199166,0.531,253.933,257.3,0.972,6.072,4.262,47.49,304.79,-4072,-163.666,,,
2026-09-27T20:37:53.000Z,1790541473.000,32.641445453,-117.191995411,1.036,219.373,253.872,-3.83,5.486,4.263,50.839,304.711,-4073,-163.647,,,
2026-09-27T20:37:54.000Z,1790541474.000,32.641442818,-117.191999735,0.9,246.806,254.018,-2.853,5.176,4.263,50.696,304.713,-4074,-163.878,,,
2026-09-27T20:37:55.000Z,1790541475.000,32.64144086,-117.192003476,0.8,237.366,251.696,-0.321,4.768,4.264,53.229,304.925,-4075,-163.955,,,
2026-09-27T20:37:56.000Z,1790541476.000,32.641437269,-117.192007929,1.003,232.694,250.868,-4.234,6.129,4.264,54.643,305.511,-4076,-164.092,,,
2026-09-27T20:37:57.000Z,1790541477.000,32.641435735,-117.192011885,0.93,265.374,250.72,-2.275,2.795,4.265,55.78,306.499,-4077,-164.332,,,
2026-09-27T20:37:58.000Z,1790541478.000,32.6414343,-117.192015395,0.838,236.933,249.424,-1.881,7.362,4.266,58.21,307.634,-4078,-164.472,,,
2026-09-27T20:37:59.000Z,1790541479.000,32.64143323,-117.19201781,0.39,221.7,247.7,-5.11,4.56,4.266,61.003,308.703,-4079,-164.512,,,
2026-09-27T20:38:00.000Z,1790541480.000,32.641433301,-117.192018934,0.3,261.263,250.168,-4.096,4.494,4.267,59.075,309.243,-4080,-164.76,,,
2026-09-27T20:38:01.000Z,1790541481.000,32.641433835,-117.19202043,0.135,335.3,247.965,-1.38,7.65,4.267,61.182,309.147,-4081,-164.777,,,
2026-09-27T20:38:02.000Z,1790541482.000,32.641432074,-117.192022452,0.548,219.032,246.874,-7.721,3.279,4.268,61.977,308.851,-4082,-164.787,,,
2026-09-27T20:38:03.000Z,1790541483.000,32.641430993,-117.192024007,0.684,258.721,249.653,-3.363,6.87,4.268,59.174,308.826,-4083,-165.031,,,
2026-09-27T20:38:04.000Z,1790541484.000,32.641428836,-117.192026864,0.933,211.596,248.998,-1.896,5.032,4.269,60.136,309.133,-4084,-165.118,,,
2026-09-27T20:38:05.000Z,1790541485.000,32.641425401,-117.192031231,1.3,223.187,250.234,-4.934,5.066,4.269,59.607,309.841,-4085,-165.378,,,
2026-09-27T20:38:06.000Z,1790541486.000,32.641422708,-117.192037084,1.2,233.714,249.304,-2.831,5.665,4.27,61.228,310.532,-4086,-165.669,,,
2026-09-27T20:38:07.000Z,1790541487.000,32.641420493,-117.192042413,1.039,245.884,248.248,-1.032,4.597,4.271,62.148,310.396,-4087,-165.933,,,
2026-09-27T20:38:08.000Z,1790541488.000,32.64141702,-117.192045119,0.7,231.594,250.029,-6.919,5.991,4.271,60.613,310.643,-4088,-166.087,,,
2026-09-27T20:38:09.000Z,1790541489.000,32.641417268,-117.192046871,0.468,287.087,251.875,0.275,4.507,4.272,58.277,310.152,-4089,-166.354,,,
2026-09-27T20:38:10.000Z,1790541490.000,32.641415636,-117.192050428,0.934,238.015,252.634,-4.534,5.23,4.272,56.605,309.239,-4090,-166.609,,,
2026-09-27T20:38:11.000Z,1790541491.000,32.641414929,-117.192054853,0.7,278.235,253.665,-3.965,5.476,4.273,54.567,308.232,-4091,-166.999,,,
2026-09-27T20:38:12.000Z,1790541492.000,32.641415039,-117.192057145,0.3,240.588,253.778,0.245,4.994,4.273,53.645,307.423,-4092,-167.201,,,
2026-09-27T20:38:13.000Z,1790541493.000,32.641414256,-117.192058169,0.375,193.46,255.081,-4.913,5.781,4.274,51.679,306.761,-4093,-167.318,,,
2026-09-27T20:38:14.000Z,1790541494.000,32.641413366,-117.192060202,0.501,248.625,258.464,-1.864,2.263,4.274,47.578,306.042,-4094,-167.62,,,
2026-09-27T20:38:15.000Z,1790541495.000,32.641410345,-117.192063585,1.06,215.549,259.31,-4.44,7.91,4.275,45.917,305.227,-4095,-167.788,,,
2026-09-27T20:38:16.000Z,1790541496.000,32.641407883,-117.192069207,0.873,235.056,256.41,-1.527,5.821,4.276,47.796,304.205,-4096,-167.978,,,
2026-09-27T20:38:17.000Z,1790541497.000,32.641405489,-117.192074173,1.141,244.38,256.278,-5.116,3.127,4.276,46.789,303.067,-4097,-168.26,,,
2026-09-27T20:38:18.000Z,1790541498.000,32.641404029,-117.192077574,0.868,225.742,255.503,-4.574,6.6,4.277,46.325,301.829,-4098,-168.426,,,
2026-09-27T20:38:19.000Z,1790541499.000,32.641404333,-117.192079833,0.367,319.866,256.566,-2.668,4.7,4.277,44.042,300.608,-4099,-168.686,,,
2026-09-27T20:38:20.000Z,1790541500.000,32.641404071,-117.192080829,0.4,230.141,256.964,-4.079,5.564,4.278,42.83,299.795,-4100,-168.776,,,