ISODateTimeUTC,SecondsSince1970,Lat,Lon,SOG,COG,Heading,Heel,Trim,TWA,TWS,TWD,VMG,TimeToGunCalc,BelowLineCalc,Leg,VMC,XTE,Rank,DistanceToLeader
2026-02-22T20:38:01.000Z,1771792681.000,32.632794387,-117.192308053,5.761,215.304,221.28,-7.21,5.144,28.147,11.534,249.427,5.08,419,-51.281,,,,,
2026-02-22T20:38:02.000Z,1771792682.000,32.632770596,-117.192324057,5.759,207.245,219.413,-7.208,3.166,29.825,11.536,249.239,4.997,418,-51.029,,,,,
2026-02-22T20:38:03.000Z,1771792683.000,32.632746409,-117.192340758,5.721,211.482,221.374,-5.381,1.166,27.023,11.537,248.396,5.097,417,-51.116,,,,,
2026-02-22T20:38:04.000Z,1771792684.000,32.632722685,-117.192354713,5.523,206.683,220.093,-9.267,5.001,28.163,11.538,248.255,4.869,416,-50.751,,,,,
2026-02-22T20:38:05.000Z,1771792685.000,32.632699724,-117.192369102,5.277,208.92,218.412,-6.062,4.165,29.646,11.539,248.057,4.587,415,-50.432,,,,,
2026-02-22T20:38:06.000Z,1771792686.000,32.632677303,-117.192384397,5.459,211.079,218.066,-3.994,3.866,29.715,11.54,247.782,4.741,414,-50.324,,,,,
2026-02-22T20:38:07.000Z,1771792687.000,32.632652163,-117.192397546,5.711,203.729,220.527,-11.158,-0.993,27.188,11.541,247.715,5.079,413,-50.113,,,,,
2026-02-22T20:38:08.000Z,1771792688.000,32.632628683,-117.192412476,5.788,208.007,220.852,-7.988,2.394,26.945,11.542,247.796,5.16,412,-49.969,,,,,
2026-02-22T20:38:09.000Z,1771792689.000,32.632605603,-117.19242787,5.7,211.765,220.668,-4.112,4.281,27.35,11.543,248.018,5.063,411,-49.844,,,,,
2026-02-22T20:38:10.000Z,1771792690.000,32.632580756,-117.19244147,5.957,202.565,217.491,-8.126,1.203,30.243,11.544,247.734,5.147,410,-49.233,,,,,
2026-02-22T20:38:11.000Z,1771792691.000,32.632558482,-117.192455989,5.325,214.792,223.207,-3.537,3.173,24.316,11.546,247.523,4.852,409,-49.558,,,,,
2026-02-22T20:38:12.000Z,1771792692.000,32.632536295,-117.192471048,5.413,204.785,220.014,-5.481,2.612,27.492,11.547,247.507,4.802,408,-49.217,,,,,
2026-02-22T20:38:13.000Z,1771792693.000,32.63251315,-117.192484708,5.545,208.062,222.576,-10.977,0.122,25.12,11.548,247.696,5.019,407,-49.17,,,,,
2026-02-22T20:38:14.000Z,1771792694.000,32.632490603,-117.192500316,5.777,206.352,222.314,-6.158,6.932,25.671,11.549,247.985,5.206,406,-49.087,,,,,
2026-02-22T20:38:15.000Z,1771792695.000,32.63246821,-117.192516022,5.538,210.082,222.347,-5.765,0.885,26.008,11.55,248.355,4.977,405,-49.044,,,,,
2026-02-22T20:38:16.000Z,1771792696.000,32.632445332,-117.192530726,5.927,212.247,226.438,-12.156,-0.324,22.165,11.551,248.604,5.488,404,-49.213,,,,,
2026-02-22T20:38:17.000Z,1771792697.000,32.632424344,-117.192549167,5.522,212.662,223.153,-0.946,6.609,25.805,11.552,248.958,4.971,403,-49.209,,,,,
2026-02-22T20:38:18.000Z,1771792698.000,32.632401684,-117.192563686,5.588,213.857,225.868,-11.824,-2.385,23.565,11.553,249.432,5.121,402,-49.268,,,,,
2026-02-22T20:38:19.000Z,1771792699.000,32.632380921,-117.192578471,5.768,205.368,221.094,-7.538,3.556,28.413,11.554,249.507,5.071,401,-48.865,,,,,
2026-02-22T20:38:20.000Z,1771792700.000,32.632357632,-117.192591703,5.221,201.201,218.813,-9.394,8.552,30.715,11.556,249.529,4.488,400,-48.387,,,,,
2026-02-22T20:38:21.000Z,1771792701.000,32.6323343,-117.192605345,5.623,209.215,221.405,-7.735,2.627,28.225,11.557,249.63,4.954,399,-48.331,,,,,
2026-02-22T20:38:22.000Z,1771792702.000,32.632311831,-117.192621733,6.05,212.098,228.193,-11.139,-0.538,21.385,11.558,249.579,5.633,398,-48.871,,,,,
2026-02-22T20:38:23.000Z,1771792703.000,32.632290086,-117.192639308,5.856,212.484,224.445,-11.221,3.934,24.877,11.559,249.322,5.312,397,-48.719,,,,,
2026-02-22T20:38:24.000Z,1771792704.000,32.632267212,-117.192656974,5.989,212.175,227.532,-11.197,6.791,21.532,11.56,249.064,5.571,396,-49.044,,,,,
2026-02-22T20:38:25.000Z,1771792705.000,32.632246025,-117.192675795,5.472,218.084,226.919,-7.234,2.361,21.907,11.561,248.825,5.077,395,-49.27,,,,,
2026-02-22T20:38:26.000Z,1771792706.000,32.632223877,-117.192692228,6.128,213.846,226.853,-11.954,-1.412,22.127,11.562,248.98,5.677,394,-49.292,,,,,
2026-02-22T20:38:27.000Z,1771792707.000,32.632202633,-117.192711357,5.59,222.141,229.821,-6.471,4.363,18.558,11.563,248.378,5.299,393,-49.817,,,,,
2026-02-22T20:38:28.000Z,1771792708.000,32.63218068,-117.192728008,5.841,208.318,223.545,-9.838,2.09,24.667,11.564,248.212,5.308,392,-49.382,,,,,
2026-02-22T20:38:29.000Z,1771792709.000,32.632158254,-117.192743626,5.785,207.7,222.776,-9.649,2.743,25.508,11.566,248.285,5.221,391,-49.266,,,,,
2026-02-22T20:38:30.000Z,1771792710.000,32.632135519,-117.192758545,5.871,204.821,222.196,-7.742,5.787,26.737,11.567,248.933,5.243,390,-49.092,,,,,
2026-02-22T20:38:31.000Z,1771792711.000,32.632113307,-117.192776376,5.457,215.132,223.136,-1.547,2.506,26.633,11.568,249.769,4.878,389,-49.302,,,,,
2026-02-22T20:38:32.000Z,1771792712.000,32.632089572,-117.192788421,5.7,201.065,216.256,-11.238,4.892,34.06,11.569,250.316,4.722,388,-48.334,,,,,
2026-02-22T20:38:33.000Z,1771792713.000,32.632066177,-117.192800205,5.343,197.896,216.432,-8.744,5.629,33.9,11.57,250.332,4.435,387,-47.931,,,,,
2026-02-22T20:38:34.000Z,1771792714.000,32.632042998,-117.192814955,5.443,207.736,216.475,-3.287,3.273,34.175,11.571,250.65,4.504,386,-47.768,,,,,
2026-02-22T20:38:35.000Z,1771792715.000,32.632019056,-117.192826336,5.776,207.017,220.886,-9.213,-2.381,29.883,11.572,250.769,5.007,385,-47.642,,,,,
2026-02-22T20:38:36.000Z,1771792716.000,32.631997283,-117.192839716,5.371,208.728,221.934,-5.507,4.068,28.908,11.573,250.842,4.702,384,-47.531,,,,,
2026-02-22T20:38:37.000Z,1771792717.000,32.631974273,-117.192852555,5.469,201.614,216.508,-6.722,5.192,34.538,11.574,251.046,4.505,383,-46.784,,,,,
2026-02-22T20:38:38.000Z,1771792718.000,32.631951518,-117.192864312,5.488,205.276,223.299,-10.373,2.078,28.041,11.576,251.34,4.844,382,-46.947,,,,,
2026-02-22T20:38:39.000Z,1771792719.000,32.631931255,-117.192882008,5.613,218.075,224.323,-5.337,1.199,27.755,11.577,252.078,4.967,381,-47.266,,,,,
2026-02-22T20:38:40.000Z,1771792720.000,32.631908375,-117.19289485,6.054,203.773,218.458,-8.092,-0.821,34.423,11.578,252.881,4.994,380,-46.495,,,,,
2026-02-22T20:38:41.000Z,1771792721.000,32.631885718,-117.192908229,5.389,210.686,222.875,-8.3,2.464,30.711,11.579,253.586,4.633,379,-46.602,,,,,
2026-02-22T20:38:42.000Z,1771792722.000,32.631863461,-117.192923608,5.776,212.107,217.683,-1.668,1.954,36.949,11.58,254.632,4.614,378,-46.122,,,,,
2026-02-22T20:38:43.000Z,1771792723.000,32.631839028,-117.192933804,5.756,198.182,215.517,-8.814,3.17,40.144,11.581,255.661,4.401,377,-45.344,,,,,
2026-02-22T20:38:44.000Z,1771792724.000,32.631814755,-117.192945919,5.522,206.07,219.207,-8.284,3.078,36.681,11.582,255.888,4.427,376,-45.2,,,,,
2026-02-22T20:38:45.000Z,1771792725.000,32.631791362,-117.192959566,5.647,206.547,219.67,-6.035,2.232,36.145,11.583,255.814,4.56,375,-44.97,,,,,
2026-02-22T20:38:46.000Z,1771792726.000,32.631768329,-117.192973065,5.732,207.066,221.576,-9.708,2.081,34.177,11.584,255.754,4.739,374,-44.863,,,,,
2026-02-22T20:38:47.000Z,1771792727.000,32.631745282,-117.192987797,5.588,199.503,215.976,-1.693,6.29,39.653,11.586,255.63,4.3,373,-44.252,,,,,
2026-02-22T20:38:48.000Z,1771792728.000,32.631720406,-117.192998878,5.278,206.868,222.407,-11.802,0.267,33.139,11.587,255.545,4.414,372,-44.21,,,,,
2026-02-22T20:38:49.000Z,1771792729.000,32.631697846,-117.193013202,5.746,204.936,219.019,-4.571,-0.007,36.028,11.588,255.047,4.643,371,-43.773,,,,,
2026-02-22T20:38:50.000Z,1771792730.000,32.631674825,-117.193025468,5.638,207.47,218.057,-8.504,3.756,35.948,11.589,254.005,4.565,370,-43.339,,,,,
2026-02-22T20:38:51.000Z,1771792731.000,32.631651088,-117.193038068,5.412,198.946,214.896,-7.05,6.16,38.126,11.59,253.022,4.257,369,-42.712,,,,,
2026-02-22T20:38:52.000Z,1771792732.000,32.63162742,-117.193052087,5.64,209.035,222.052,-8.063,5.143,30.327,11.591,252.379,4.868,368,-43.034,,,,,
2026-02-22T20:38:53.000Z,1771792733.000,32.631604073,-117.193067987,5.745,211.918,219.528,-7.005,2.086,32.544,11.592,252.072,4.843,367,-42.747,,,,,
2026-02-22T20:38:54.000Z,1771792734.000,32.631579622,-117.193081884,5.677,207.26,216.713,-5.122,-0.941,34.802,11.593,251.515,4.661,366,-42.211,,,,,
2026-02-22T20:38:55.000Z,1771792735.000,32.631556579,-117.19309345,5.621,204.563,217.725,-5.84,3.057,33.186,11.594,250.911,4.706,365,-41.879,,,,,
2026-02-22T20:38:56.000Z,1771792736.000,32.631533005,-117.19310594,5.826,202.528,217.435,-5.871,5.291,32.905,11.596,250.34,4.891,364,-41.485,,,,,
2026-02-22T20:38:57.000Z,1771792737.000,32.631509396,-117.19311896,5.242,205.32,215.569,-4.076,3.923,34.286,11.597,249.855,4.331,363,-41.004,,,,,
2026-02-22T20:38:58.000Z,1771792738.000,32.631487114,-117.193131879,5.335,204.932,215.395,-1.458,0.749,34.235,11.598,249.631,4.411,362,-40.728,,,,,
2026-02-22T20:38:59.000Z,1771792739.000,32.631462577,-117.193140397,5.561,194.429,212.489,-10.629,0.954,36.027,11.599,248.515,4.498,361,-39.749,,,,,
2026-02-22T20:39:00.000Z,1771792740.000,32.631439319,-117.193152246,5.329,204.743,216.121,-3.005,5.536,31.78,11.6,247.901,4.53,360,-39.639,,,,,
2026-02-22T20:39:01.000Z,1771792741.000,32.631415591,-117.193165015,5.5,204.3,216.386,-3.106,1.269,30.409,11.601,246.794,4.743,359,-39.303,,,,,
2026-02-22T20:39:02.000Z,1771792742.000,32.63139257,-117.193177297,5.5,208.463,219.304,-6.696,1.611,26.523,11.602,245.827,4.921,358,-39.183,,,,,
2026-02-22T20:39:03.000Z,1771792743.000,32.631370857,-117.193191171,5.486,211.057,218.496,-1.292,2.063,26.621,11.603,245.117,4.903,357,-38.966,,,,,
2026-02-22T20:39:04.000Z,1771792744.000,32.631348075,-117.193203539,5.3,208.376,220.987,-9.849,1.386,23.892,11.604,244.879,4.844,356,-38.831,,,,,
2026-02-22T20:39:05.000Z,1771792745.000,32.63132714,-117.193218706,5.212,208.357,220.921,-4.172,4.283,24.191,11.606,245.112,4.754,355,-38.823,,,,,
2026-02-22T20:39:06.000Z,1771792746.000,32.631304105,-117.193229876,5.414,206.345,221.662,-12.353,2.725,23.67,11.607,245.332,4.956,354,-38.437,,,,,
2026-02-22T20:39:07.000Z,1771792747.000,32.631281613,-117.193245465,5.5,215.18,226.248,-7.158,1.165,19.434,11.608,245.683,5.186,353,-38.74,,,,,
2026-02-22T20:39:08.000Z,1771792748.000,32.631260033,-117.193261965,5.73,206.738,220.935,-2.869,1.202,24.963,11.609,245.898,5.191,352,-38.384,,,,,
2026-02-22T20:39:09.000Z,1771792749.000,32.631236754,-117.193275393,5.775,206.755,222.978,-13.467,0.984,23.185,11.61,246.163,5.306,351,-38.268,,,,,
2026-02-22T20:39:10.000Z,1771792750.000,32.631214551,-117.193290673,5.329,202.329,216.736,-4.557,7.263,30.056,11.611,246.792,4.61,350,-37.699,,,,,
2026-02-22T20:39:11.000Z,1771792751.000,32.631189353,-117.193303351,5.634,202.677,220.877,-11.535,2.143,25.988,11.612,246.865,5.062,349,-37.582,,,,,
2026-02-22T20:39:12.000Z,1771792752.000,32.63116634,-117.193319331,5.7,209.066,220.685,-5.527,4.525,26.502,11.613,247.187,5.1,348,-37.507,,,,,
2026-02-22T20:39:13.000Z,1771792753.000,32.631142715,-117.193332826,5.744,205.837,218.749,-9.23,2.38,29.14,11.614,247.889,5.017,347,-37.059,,,,,
2026-02-22T20:39:14.000Z,1771792754.000,32.631119844,-117.193348381,5.263,211.885,219.558,-2.776,3.726,28.982,11.616,248.539,4.605,346,-37.039,,,,,
2026-02-22T20:39:15.000Z,1771792755.000,32.631096106,-117.193360732,5.653,205.668,221.507,-9.322,4.989,27.583,11.617,249.089,5.011,345,-36.803,,,,,
2026-02-22T20:39:16.000Z,1771792756.000,32.631073656,-117.19337695,5.944,217.35,228.932,-8.107,2.871,21.071,11.618,250.003,5.547,344,-37.381,,,,,
2026-02-22T20:39:17.000Z,1771792757.000,32.631051622,-117.193394809,6.041,210.686,224.398,-6.215,2.373,25.904,11.619,250.302,5.433,343,-37.173,,,,,
2026-02-22T20:39:18.000Z,1771792758.000,32.631027078,-117.19341207,6.166,210.044,223.146,-9.779,0.455,27.444,11.62,250.589,5.472,342,-37.028,,,,,
2026-02-22T20:39:19.000Z,1771792759.000,32.631001686,-117.193426916,6.363,209.901,223.577,-18.081,1.379,27.725,11.621,251.303,5.632,341,-36.774,,,,,
2026-02-22T20:39:20.000Z,1771792760.000,32.630978888,-117.193444741,5.956,205.056,219.499,-6.631,7.895,32.947,11.622,252.446,4.993,340,-36.549,,,,,
2026-02-22T20:39:21.000Z,1771792761.000,32.630952448,-117.193458768,5.874,206.124,225.535,-21.695,0.182,27.933,11.623,253.468,5.184,339,-36.614,,,,,
2026-02-22T20:39:22.000Z,1771792762.000,32.630930418,-117.193478211,5.824,221.435,232.668,-15.845,4.446,21.615,11.624,254.283,5.414,338,-37.44,,,,,
2026-02-22T20:39:23.000Z,1771792763.000,32.630909408,-117.19350025,6.1,220.236,232.916,-13.174,0.818,21.888,11.626,254.803,5.66,337,-38,,,,,
2026-02-22T20:39:24.000Z,1771792764.000,32.63088697,-117.193520965,5.879,220.669,230.833,-16.247,3.818,24.858,11.627,255.69,5.334,336,-38.194,,,,,
2026-02-22T20:39:25.000Z,1771792765.000,32.630865704,-117.193542153,6.224,229.418,231.878,-13.194,2,24.26,11.628,256.139,5.674,335,-38.732,,,,,
2026-02-22T20:39:26.000Z,1771792766.000,32.630844608,-117.193562818,6.136,219.418,230.679,-13.289,1.897,25.678,11.629,256.357,5.53,334,-39.066,,,,,
2026-02-22T20:39:27.000Z,1771792767.000,32.630822403,-117.193583318,6.356,215.731,227.506,-14.407,2.94,29.035,11.63,256.541,5.557,333,-39.169,,,,,
2026-02-22T20:39:28.000Z,1771792768.000,32.630798213,-117.193605043,6.689,219.772,232.571,-18.242,6.345,24.317,11.631,256.887,6.094,332,-39.89,,,,,
2026-02-22T20:39:29.000Z,1771792769.000,32.630776901,-117.193629875,6.524,226.376,235.503,-11.57,3.817,21.585,11.632,257.088,6.067,331,-40.856,,,,,
2026-02-22T20:39:30.000Z,1771792770.000,32.630755407,-117.193653235,6.3,222.885,234.155,-15.434,0.587,23.01,11.633,257.165,5.799,330,-41.374,,,,,
2026-02-22T20:39:31.000Z,1771792771.000,32.630734657,-117.193678133,6.3,227.287,236.641,-14.327,2.019,20.802,11.634,257.444,5.889,329,-42.343,,,,,
2026-02-22T20:39:32.000Z,1771792772.000,32.63071568,-117.193701929,6.012,223.338,231.683,-8.027,0.704,25.535,11.636,257.218,5.423,328,-42.77,,,,,
2026-02-22T20:39:33.000Z,1771792773.000,32.630692754,-117.19372024,6.142,210.812,232.507,-22.822,-0.384,23.915,11.637,256.422,5.612,327,-42.964,,,,,
2026-02-22T20:39:34.000Z,1771792774.000,32.630672479,-117.19374508,6.369,227.255,233.115,-10.35,2.78,22.675,11.638,255.789,5.875,326,-43.818,,,,,
2026-02-22T20:39:35.000Z,1771792775.000,32.630649709,-117.193766426,6.288,217.335,227.124,-13.552,1.797,28.067,11.639,255.191,5.549,325,-43.741,,,,,
2026-02-22T20:39:36.000Z,1771792776.000,32.630626144,-117.193786668,6.375,216.514,229.233,-15.4,0.501,25.175,11.64,254.408,5.77,324,-44.154,,,,,
2026-02-22T20:39:37.000Z,1771792777.000,32.63060263,-117.193807545,6.724,219.25,228.848,-14.75,-0.79,25.103,11.641,253.952,6.09,323,-44.427,,,,,
2026-02-22T20:39:38.000Z,1771792778.000,32.630578457,-117.193827387,6.443,210.222,222.287,-12.491,3.729,31.113,11.642,253.4,5.515,322,-44.093,,,,,
2026-02-22T20:39:39.000Z,1771792779.000,32.63055412,-117.193846614,6.288,218.464,228.684,-12.751,0.693,24.042,11.643,252.726,5.741,321,-44.719,,,,,
2026-02-22T20:39:40.000Z,1771792780.000,32.630529436,-117.193865964,6.4,210.885,222.205,-9.309,3.904,29.758,11.644,251.963,5.554,320,-44.322,,,,,
2026-02-22T20:39:41.000Z,1771792781.000,32.630502561,-117.193883099,6.31,209.274,219.383,-9.061,2.387,31.757,11.646,251.141,5.366,319,-43.905,,,,,
2026-02-22T20:39:42.000Z,1771792782.000,32.630478034,-117.193900529,6.477,210.001,217.913,-4.055,2.377,32.48,11.647,250.393,5.463,318,-43.755,,,,,
2026-02-22T20:39:43.000Z,1771792783.000,32.630451554,-117.193914004,6.449,205.348,220.494,-16.899,-0.013,29.65,11.648,250.144,5.603,317,-43.502,,,,,
2026-02-22T20:39:44.000Z,1771792784.000,32.630426979,-117.193929426,6.029,205.588,217.689,-8.025,8.038,32.174,11.649,249.862,5.103,316,-43.082,,,,,
2026-02-22T20:39:45.000Z,1771792785.000,32.630400526,-117.193943881,6.045,205.379,219.813,-11.43,-1.203,29.712,11.65,249.525,5.248,315,-42.872,,,,,
2026-02-22T20:39:46.000Z,1771792786.000,32.630375625,-117.193958588,6.138,209.675,219.15,-8.622,2.975,30.518,11.651,249.668,5.287,314,-42.548,,,,,
2026-02-22T20:39:47.000Z,1771792787.000,32.630350168,-117.193973882,6.059,207.588,218.278,-8.081,2.449,31.615,11.652,249.893,5.16,313,-42.222,,,,,
2026-02-22T20:39:48.000Z,1771792788.000,32.630324185,-117.19399034,6.358,208.088,218.404,-5.004,0.439,31.791,11.653,250.196,5.403,312,-42.039,,,,,
2026-02-22T20:39:49.000Z,1771792789.000,32.630296868,-117.194003091,6.55,203.589,219.52,-18.227,0.262,30.968,11.654,250.488,5.617,311,-41.561,,,,,
2026-02-22T20:39:50.000Z,1771792790.000,32.630271455,-117.19401959,6.37,211.997,222.415,-11.093,2.411,28.631,11.656,251.045,5.591,310,-41.636,,,,,
2026-02-22T20:39:51.000Z,1771792791.000,32.630245852,-117.194037167,6.641,209.328,221.349,-10.922,0.358,30.487,11.657,251.836,5.724,309,-41.469,,,,,
2026-02-22T20:39:52.000Z,1771792792.000,32.630218905,-117.194052602,6.134,203.419,218.915,-13.203,4.982,33.693,11.658,252.608,5.104,308,-40.942,,,,,
2026-02-22T20:39:53.000Z,1771792793.000,32.630192279,-117.194067303,6.487,205.586,217.168,-11.909,0.372,36.423,11.659,253.59,5.22,307,-40.43,,,,,
2026-02-22T20:39:54.000Z,1771792794.000,32.630166315,-117.194082341,6.415,200.485,213.689,-5.085,7.433,40.658,11.66,254.347,4.865,306,-39.843,,,,,
2026-02-22T20:39:55.000Z,1771792795.000,32.630136132,-117.194094601,6.444,197.954,212.888,-13.029,-1.115,43.023,11.661,255.911,4.711,305,-39.005,,,,,
2026-02-22T20:39:56.000Z,1771792796.000,32.630107259,-117.194106552,6.663,199.625,205.931,-12.371,1.935,51.527,11.662,257.458,4.14,304,-37.72,,,,,
2026-02-22T20:39:57.000Z,1771792797.000,32.630077466,-117.194113595,6.5,185.561,190.669,-8.112,5.843,68.098,11.663,258.766,2.421,303,-35.353,,,,,
2026-02-22T20:39:58.000Z,1771792798.000,32.630045705,-117.194112982,6.61,176.744,183.761,-5.984,4.14,76.143,11.664,259.905,1.583,302,-32.948,,,,,
2026-02-22T20:39:59.000Z,1771792799.000,32.630014873,-117.194111977,6.412,181.617,197.175,-10.787,3.124,64.202,11.666,261.376,2.785,301,-32.094,,,,,
2026-02-22T20:40:00.000Z,1771792800.000,32.629985105,-117.194118439,6.686,189.967,213.504,-12.008,4.636,49.185,11.667,262.689,4.369,300,-32.193,,,,,
2026-02-22T20:40:01.000Z,1771792801.000,32.629956146,-117.194130484,6.715,204.003,224.984,-19.352,1.155,38.984,11.668,263.967,5.219,299,-32.395,,,,,
2026-02-22T20:40:02.000Z,1771792802.000,32.629930269,-117.194149733,6.4,216.119,226.685,-12.348,1.752,38.893,11.669,265.578,4.981,298,-32.565,,,,,
2026-02-22T20:40:03.000Z,1771792803.000,32.629904003,-117.194166622,6.576,207.653,225.458,-20.718,1.814,41.927,11.67,267.384,4.892,297,-32.292,,,,,
2026-02-22T20:40:04.000Z,1771792804.000,32.629881441,-117.194188795,6.415,227.053,238.4,-17.507,3.328,30.687,11.671,269.087,5.514,296,-33.735,,,,,
2026-02-22T20:40:05.000Z,1771792805.000,32.629863175,-117.194215902,5.973,239.409,255.903,-25.417,0.89,14.485,11.672,270.387,5.77,295,-35.984,,,,,
2026-02-22T20:40:06.000Z,1771792806.000,32.629858346,-117.194244016,5.377,269.277,274.49,-21.239,2.231,-2.641,11.673,271.848,5.365,294,-38.838,,,,,
2026-02-22T20:40:07.000Z,1771792807.000,32.629865686,-117.194266329,4.426,308.294,294.227,-9.727,1.03,-20.703,11.674,273.522,4.133,293,-41.51,,,,,
2026-02-22T20:40:08.000Z,1771792808.000,32.629878726,-117.194279986,3.8,328.252,315.584,-2.401,0.962,-40.68,11.676,274.903,2.876,292,-43.255,,,,,
2026-02-22T20:40:09.000Z,1771792809.000,32.629893693,-117.194285366,3.589,358.877,331.893,-1.134,2.199,-55.996,11.677,275.897,2.005,291,-44.061,,,,,
2026-02-22T20:40:10.000Z,1771792810.000,32.629908447,-117.194280219,3.476,21.284,350.716,11.606,2.673,-73.196,11.678,277.519,1.013,290,-43.53,,,,,
2026-02-22T20:40:11.000Z,1771792811.000,32.62992366,-117.194273309,3.471,25.441,3.121,16.716,2.986,-83.768,11.679,279.353,0.377,289,-43.039,,,,,
2026-02-22T20:40:12.000Z,1771792812.000,32.629941294,-117.194263493,4.636,27.845,13.398,22.787,1.277,-92.746,11.68,280.651,0.386,288,-42.508,,,,,
2026-02-22T20:40:13.000Z,1771792813.000,32.629959759,-117.194254128,4.324,20.772,11.707,14.118,4.307,-89.705,11.681,282.002,0.084,287,-42.966,,,,,
2026-02-22T20:40:14.000Z,1771792814.000,32.629978904,-117.194239557,5.139,43.648,12.544,13.917,1.66,-89.077,11.682,283.467,0.079,286,-42.849,,,,,
2026-02-22T20:40:15.000Z,1771792815.000,32.629996631,-117.194216094,5.521,52.005,35.425,23.198,6.441,-110.411,11.683,285.014,1.922,285,-40.176,,,,,
2026-02-22T20:40:16.000Z,1771792816.000,32.63001488,-117.194191866,5.976,46.734,45.727,14.486,4.759,-119.058,11.684,286.669,2.903,284,-38.476,,,,,
2026-02-22T20:40:17.000Z,1771792817.000,32.630031258,-117.194162278,6.856,63.756,43.546,0.759,6.202,-115.309,11.686,288.237,2.928,283,-37.235,,,,,
2026-02-22T20:40:18.000Z,1771792818.000,32.630040936,-117.194125559,7.116,76.318,58.298,10.404,4.402,-128.675,11.687,289.622,4.439,282,-33.742,,,,,
2026-02-22T20:40:19.000Z,1771792819.000,32.630049532,-117.194087664,6.746,75.143,68.43,5.71,3.184,-137.535,11.688,290.895,4.974,281,-30.514,,,,,
2026-02-22T20:40:20.000Z,1771792820.000,32.630056692,-117.19405413,6.039,78.311,69.164,2.868,4.295,-137.021,11.689,292.143,4.419,280,-28.204,,,,,
2026-02-22T20:40:21.000Z,1771792821.000,32.630064113,-117.194024343,5.473,72.635,64.338,6.724,2.415,-131.058,11.69,293.28,3.597,279,-26.575,,,,,
2026-02-22T20:40:22.000Z,1771792822.000,32.630076173,-117.193995665,5.578,63.464,51.157,13.377,1.91,-116.189,11.691,294.968,2.459,278,-25.941,,,,,
2026-02-22T20:40:23.000Z,1771792823.000,32.630093602,-117.19396739,6.64,50.058,37.345,12.348,-0.013,-100.657,11.692,296.687,1.216,277,-25.785,,,,,
2026-02-22T20:40:24.000Z,1771792824.000,32.630114059,-117.19393821,7.171,49.615,40.41,12.09,2.938,-101.78,11.693,298.629,1.466,276,-24.396,,,,,
2026-02-22T20:40:25.000Z,1771792825.000,32.630136536,-117.193908648,7.089,49.933,32.326,1.889,2.262,-91.906,11.694,300.419,0.235,275,-23.991,,,,,
2026-02-22T20:40:26.000Z,1771792826.000,32.630155906,-117.19387972,6.624,51.063,47.061,12.611,1.462,-105.628,11.696,301.433,1.781,274,-21.625,,,,,
2026-02-22T20:40:27.000Z,1771792827.000,32.630176306,-117.193854543,6.371,46.137,33.607,6.723,2.439,-91.386,11.697,302.22,0.15,273,-21.874,,,,,
2026-02-22T20:40:28.000Z,1771792828.000,32.630194324,-117.19382795,6.335,53.534,43.939,12.221,5.246,-100.945,11.698,302.993,1.21,272,-19.967,,,,,
2026-02-22T20:40:29.000Z,1771792829.000,32.63021425,-117.19380058,6.389,47.366,40.569,5.458,3.703,-96.784,11.699,303.784,0.753,271,-19.204,,,,,
2026-02-22T20:40:30.000Z,1771792830.000,32.630236029,-117.193773631,7.116,45.981,30.829,6.564,1.334,-86.092,11.7,304.737,0.49,270,-19.102,,,,,
2026-02-22T20:40:31.000Z,1771792831.000,32.630258971,-117.193740668,7.927,54.208,33.392,15.022,1.164,-87.47,11.701,305.922,0.343,269,-17.593,,,,,
2026-02-22T20:40:32.000Z,1771792832.000,32.63028182,-117.193705963,7.822,51.571,41.664,10.488,5.448,-94.879,11.702,306.785,0.666,268,-15.481,,,,,
2026-02-22T20:40:33.000Z,1771792833.000,32.630303192,-117.193672721,7.512,57.207,38.408,-5.879,2.888,-91.22,11.703,307.187,0.161,267,-14.328,,,,,
2026-02-22T20:40:34.000Z,1771792834.000,32.630316406,-117.193637903,6.944,70.706,57.586,12.196,2.302,-109.771,11.704,307.813,2.319,266,-10.844,,,,,
2026-02-22T20:40:35.000Z,1771792835.000,32.630331405,-117.19360766,6,53.125,52.959,11.317,1.307,-104.694,11.706,308.265,1.521,265,-9.627,,,,,
2026-02-22T20:40:36.000Z,1771792836.000,32.630349751,-117.193581221,6.54,48.709,40.895,11.474,2.966,-92.178,11.707,308.716,0.245,264,-9.522,,,,,
2026-02-22T20:40:37.000Z,1771792837.000,32.630371471,-117.19355419,7.14,45.241,33.78,10.02,2,-84.721,11.708,309.059,0.661,263,-9.197,,,,,
2026-02-22T20:40:38.000Z,1771792838.000,32.630394187,-117.193522703,7.819,51.598,33.04,10.232,2.952,-83.846,11.709,309.195,0.837,262,-8.061,,,,,
2026-02-22T20:40:39.000Z,1771792839.000,32.630418111,-117.19348911,7.977,49.11,44.307,14.548,4.816,-95.019,11.71,309.288,0.699,261,-5.861,,,,,
2026-02-22T20:40:40.000Z,1771792840.000,32.630444194,-117.19345963,7.537,46.603,30.609,4.351,1.133,-81.866,11.711,308.744,1.062,260,-6.122,,,,,
2026-02-22T20:40:41.000Z,1771792841.000,32.630467012,-117.193429631,7.385,48.42,45.322,15.101,1.13,-98.765,11.712,306.56,1.231,259,-3.871,,,,,
2026-02-22T20:40:42.000Z,1771792842.000,32.630491034,-117.193401257,6.934,44.742,30.061,3.731,3.929,-86.229,11.713,303.832,0.469,258,-4.223,,,,,
2026-02-22T20:40:43.000Z,1771792843.000,32.630510807,-117.193371325,6.572,57.716,37.403,7.164,3.221,-95.678,11.714,301.725,0.661,257,-2.386,,,,,
2026-02-22T20:40:44.000Z,1771792844.000,32.630531194,-117.193343382,6.885,47.174,36.418,-0.07,1.234,-97.802,11.716,298.616,0.934,256,-1.416,,,,,
2026-02-22T20:40:45.000Z,1771792845.000,32.630551068,-117.193313334,6.879,57.687,38.057,4.959,3.606,-101.838,11.717,296.219,1.412,255,-0.038,,,,,
2026-02-22T20:40:46.000Z,1771792846.000,32.63056868,-117.193282476,6.736,53.407,47.455,14.128,3.291,-113.435,11.718,294.02,2.679,254,2.152,,,,,
2026-02-22T20:40:47.000Z,1771792847.000,32.630590208,-117.193254808,7,46.578,33.27,9.774,2.317,-101.289,11.719,291.982,1.369,253,1.978,,,,,
2026-02-22T20:40:48.000Z,1771792848.000,32.630613516,-117.193225027,7.21,43.775,39.882,17.212,2.704,-110.437,11.72,289.444,2.517,252,3.538,,,,,
2026-02-22T20:40:49.000Z,1771792849.000,32.630636868,-117.193198087,7.012,45.126,35.291,7.964,2.81,-108.511,11.721,286.78,2.226,251,3.964,,,,,
2026-02-22T20:40:50.000Z,1771792850.000,32.630660017,-117.193171286,6.825,43.607,36.132,6.344,0.487,-111.162,11.722,284.97,2.463,250,4.829,,,,,
2026-02-22T20:40:51.000Z,1771792851.000,32.630683997,-117.193146532,7.042,42.335,28.71,4.592,-0.63,-105.281,11.723,283.43,1.852,249,4.813,,,,,
2026-02-22T20:40:52.000Z,1771792852.000,32.63070699,-117.193118968,6.711,47.597,28.971,10.199,4.077,-107.55,11.724,281.421,2.022,248,5.701,,,,,
2026-02-22T20:40:53.000Z,1771792853.000,32.630727949,-117.193090996,6.888,49.824,38.955,6.402,1.173,-119.104,11.726,279.851,3.35,247,7.527,,,,,
2026-02-22T20:40:54.000Z,1771792854.000,32.630748091,-117.193064373,6.742,45.621,37.475,3.58,1.4,-119.009,11.727,278.467,3.27,246,8.365,,,,,
2026-02-22T20:40:55.000Z,1771792855.000,32.630769227,-117.193036555,6.767,43.545,38.333,7.417,2.311,-121.67,11.728,276.663,3.554,245,9.429,,,,,
2026-02-22T20:40:56.000Z,1771792856.000,32.630792078,-117.193010617,7.127,42.854,31.338,3.896,2.541,-116.358,11.729,274.98,3.158,244,9.608,,,,,
2026-02-22T20:40:57.000Z,1771792857.000,32.630815379,-117.192983374,7.285,47.783,35.908,10.45,4.218,-122.261,11.73,273.648,3.887,243,10.802,,,,,
2026-02-22T20:40:58.000Z,1771792858.000,32.630839783,-117.19295479,7.121,46.744,33.956,7.601,2.873,-121.625,11.731,272.331,3.733,242,11.511,,,,,
2026-02-22T20:40:59.000Z,1771792859.000,32.630861117,-117.192926122,6.9,52.008,34.929,2.116,4.172,-123.839,11.732,271.091,3.841,241,12.641,,,,,
2026-02-22T20:41:00.000Z,1771792860.000,32.63087972,-117.192897572,6.781,55.733,40.174,-0.911,1.726,-129.846,11.733,270.328,4.345,240,14.265,,,,,
2026-02-22T20:41:01.000Z,1771792861.000,32.630894802,-117.192864636,6.785,64.696,49.541,7.36,0.571,-138.865,11.734,270.676,5.102,239,16.755,,,,,
2026-02-22T20:41:02.000Z,1771792862.000,32.630909633,-117.192831586,6.512,60.216,49.38,9.031,3.129,-137.545,11.736,271.835,4.804,238,18.525,,,,,
2026-02-22T20:41:03.000Z,1771792863.000,32.630925408,-117.192800722,6.712,57.488,51.696,8.837,3.445,-138.941,11.737,272.755,5.061,237,20.252,,,,,
2026-02-22T20:41:04.000Z,1771792864.000,32.630941998,-117.192770433,6.871,55.943,47.142,9.038,3.014,-133.115,11.738,274.027,4.692,236,21.356,,,,,
2026-02-22T20:41:05.000Z,1771792865.000,32.630960725,-117.192737104,7.555,55.768,44.92,18.07,4.884,-129.783,11.739,275.136,4.835,235,22.758,,,,,
2026-02-22T20:41:06.000Z,1771792866.000,32.630982004,-117.192703778,7.776,55.743,36.78,15.251,6.136,-120.307,11.74,276.473,3.92,234,23.533,,,,,
2026-02-22T20:41:07.000Z,1771792867.000,32.631003097,-117.192671455,7.187,50.102,45.987,17.67,5.894,-127.918,11.741,278.069,4.41,233,25.625,,,,,
2026-02-22T20:41:08.000Z,1771792868.000,32.631026949,-117.192644005,6.699,42.748,37.718,5.7,2.697,-118.158,11.742,279.56,3.168,232,25.774,,,,,
2026-02-22T20:41:09.000Z,1771792869.000,32.631050947,-117.192619606,6.712,38.73,31.904,10.25,1.463,-110.929,11.743,280.975,2.398,231,25.86,,,,,
2026-02-22T20:41:10.000Z,1771792870.000,32.631075479,-117.192596078,7.157,40.44,23.276,6.872,2.631,-101.242,11.744,282.034,1.393,230,25.617,,,,,
2026-02-22T20:41:11.000Z,1771792871.000,32.631100168,-117.192569775,7.157,39.93,31.146,8.419,0.616,-108.432,11.746,282.714,2.264,229,26.921,,,,,
2026-02-22T20:41:12.000Z,1771792872.000,32.631124073,-117.192545338,6.953,40.732,29.728,5.192,0.55,-106.223,11.747,283.505,1.945,228,27.371,,,,,
2026-02-22T20:41:13.000Z,1771792873.000,32.631145518,-117.192520272,6.556,44.969,31.569,11.026,1.963,-107.059,11.748,284.51,1.926,227,28.277,,,,,
2026-02-22T20:41:14.000Z,1771792874.000,32.631169169,-117.192496457,6.511,38.806,30.412,16.536,6.722,-104.901,11.749,285.511,1.674,226,28.713,,,,,
2026-02-22T20:41:15.000Z,1771792875.000,32.631195565,-117.192479315,6.361,26.558,19.963,8.992,2.754,-93.546,11.75,286.416,0.404,225,27.71,,,,,
2026-02-22T20:41:16.000Z,1771792876.000,32.631221607,-117.192461245,6.571,31.686,18.03,11.195,1.17,-90.749,11.751,287.281,0.207,224,27.487,,,,,
2026-02-22T20:41:17.000Z,1771792877.000,32.631249117,-117.192442432,6.61,31.418,14.682,5.116,3.677,-86.269,11.752,288.413,0.43,223,27.131,,,,,
2026-02-22T20:41:18.000Z,1771792878.000,32.631275914,-117.192424277,6.569,27.366,24.052,7.674,3.172,-94.894,11.753,289.158,0.555,222,27.768,,,,,
2026-02-22T20:41:19.000Z,1771792879.000,32.631303028,-117.192407007,6.5,29.435,12.089,5.713,4.002,-81.971,11.754,290.118,0.907,221,26.631,,,,,
2026-02-22T20:41:20.000Z,1771792880.000,32.631329471,-117.192386997,6.659,29.069,23.431,14.589,0.759,-92.296,11.756,291.135,0.268,220,27.587,,,,,
2026-02-22T20:41:21.000Z,1771792881.000,32.631357252,-117.192368532,6.856,28.473,17.806,8.203,1.51,-85.968,11.757,291.838,0.484,219,27.001,,,,,
2026-02-22T20:41:22.000Z,1771792882.000,32.631384196,-117.192349,6.862,32.888,21.419,9.407,2.881,-88.468,11.758,292.951,0.18,218,27.284,,,,,
2026-02-22T20:41:23.000Z,1771792883.000,32.631411891,-117.192330586,6.687,29.791,15.695,7.376,2.568,-81.812,11.759,293.883,0.94,217,26.696,,,,,
2026-02-22T20:41:24.000Z,1771792884.000,32.631439635,-117.192309945,6.732,31.081,20.274,11.541,-1.051,-85.363,11.76,294.911,0.545,216,27.094,,,,,
2026-02-22T20:41:25.000Z,1771792885.000,32.631466436,-117.192290921,6.876,30.601,20.523,7.042,2.771,-84.743,11.761,295.78,0.63,215,27.078,,,,,
2026-02-22T20:41:26.000Z,1771792886.000,32.631493556,-117.192273701,6.373,31.055,12.57,-1.076,3.701,-75.954,11.762,296.615,1.533,214,26.258,,,,,
2026-02-22T20:41:27.000Z,1771792887.000,32.63151769,-117.19225142,6.321,40.674,21.662,6.47,1.007,-84.089,11.763,297.573,0.653,213,27.349,,,,,
2026-02-22T20:41:28.000Z,1771792888.000,32.631539971,-117.192229835,6.288,35.494,28.775,10.837,4.888,-90.15,11.764,298.625,0.055,212,28.353,,,,,
2026-02-22T20:41:29.000Z,1771792889.000,32.631564763,-117.192210082,6.641,33.238,24.158,8.471,3.061,-84.659,11.766,299.499,0.619,211,28.118,,,,,
2026-02-22T20:41:30.000Z,1771792890.000,32.631592829,-117.19219008,6.9,27.338,17.817,11.227,3.175,-77.413,11.767,300.403,1.503,210,27.581,,,,,
2026-02-22T20:41:31.000Z,1771792891.000,32.631620968,-117.192168968,7.223,35.307,14.062,7.473,1.115,-72.667,11.768,301.395,2.151,209,27.341,,,,,
2026-02-22T20:41:32.000Z,1771792892.000,32.631647706,-117.192145848,7.242,35.463,28.689,13.869,3.907,-86.499,11.769,302.19,0.437,208,28.801,,,,,
2026-02-22T20:41:33.000Z,1771792893.000,32.631676412,-117.192125946,6.75,30.07,14.589,4.233,3.044,-71.777,11.77,302.811,2.098,207,27.602,,,,,
2026-02-22T20:41:34.000Z,1771792894.000,32.631703146,-117.192107379,6.7,26.433,21.886,11.353,1.883,-77.95,11.771,303.935,1.398,206,28.107,,,,,
2026-02-22T20:41:35.000Z,1771792895.000,32.631729389,-117.192092075,6.113,28.926,13.72,10.304,3.771,-68.853,11.772,304.867,2.205,205,27.162,,,,,
2026-02-22T20:41:36.000Z,1771792896.000,32.631755089,-117.192076141,6.2,28.229,10.759,2.886,5.78,-65.076,11.773,305.683,2.612,204,26.717,,,,,
2026-02-22T20:41:37.000Z,1771792897.000,32.631780532,-117.192058688,6.377,27.092,22.413,7.9,2.229,-75.618,11.774,306.795,1.584,203,27.546,,,,,
2026-02-22T20:41:38.000Z,1771792898.000,32.631805337,-117.19204179,6.237,39.78,17.484,10.604,7.322,-69.877,11.776,307.606,2.147,202,27.067,,,,,
2026-02-22T20:41:39.000Z,1771792899.000,32.631830814,-117.192024171,6.343,25.926,27.936,15.205,4.104,-79.536,11.777,308.399,1.151,201,27.829,,,,,
2026-02-22T20:41:40.000Z,1771792900.000,32.631858996,-117.1920098,6.678,27.669,13.249,2.349,3.452,-63.844,11.778,309.405,2.944,200,26.175,,,,,
2026-02-22T20:41:41.000Z,1771792901.000,32.63188543,-117.19199155,6.512,33.855,15.641,-1.848,3.761,-65.186,11.779,310.455,2.73,199,26.284,,,,,
2026-02-22T20:41:42.000Z,1771792902.000,32.631909312,-117.191967832,6.9,42.154,27.509,14.308,2.499,-76.276,11.78,311.232,1.633,198,27.739,,,,,
2026-02-22T20:41:43.000Z,1771792903.000,32.631935263,-117.19194779,6.689,28.464,26.548,9.223,1.53,-74.091,11.781,312.457,1.834,197,27.755,,,,,
2026-02-22T20:41:44.000Z,1771792904.000,32.631961374,-117.191931266,6.073,31.347,13.995,3.104,3.279,-60.797,11.782,313.197,2.959,196,26.562,,,,,
2026-02-22T20:41:45.000Z,1771792905.000,32.631985251,-117.19191186,6.486,36.3,22.424,8.36,1.452,-68.431,11.783,313.993,2.384,195,27.391,,,,,
2026-02-22T20:41:46.000Z,1771792906.000,32.632010212,-117.191891747,6.59,32.935,22.762,13.189,3.775,-67.897,11.784,314.865,2.479,194,27.576,,,,,
2026-02-22T20:41:47.000Z,1771792907.000,32.632036414,-117.191875493,6.187,23.664,19.619,7.691,1.715,-63.792,11.786,315.827,2.721,193,27.103,,,,,
2026-02-22T20:41:48.000Z,1771792908.000,32.632062464,-117.191859747,6.484,28.553,14.679,6.074,1.356,-57.788,11.787,316.891,3.456,192,26.46,,,,,
2026-02-22T20:41:49.000Z,1771792909.000,32.632089668,-117.191841861,6.655,27.923,15.708,8.097,1.059,-57.871,11.788,317.837,3.541,191,26.39,,,,,
2026-02-22T20:41:50.000Z,1771792910.000,32.632115949,-117.191825995,6.464,27.285,15.35,10.889,0.638,-56.663,11.789,318.686,3.549,190,26.104,,,,,
2026-02-22T20:41:51.000Z,1771792911.000,32.63214328,-117.191811574,6.745,23.745,13.359,11.498,2.849,-53.953,11.79,319.406,3.968,189,25.514,,,,,
2026-02-22T20:41:52.000Z,1771792912.000,32.632171925,-117.191799416,6.563,15.087,8.841,11.715,1.703,-48.396,11.791,320.444,4.348,188,24.481,,,,,
2026-02-22T20:41:53.000Z,1771792913.000,32.63220133,-117.191790921,6.048,11.544,2.13,9.479,-0.08,-40.628,11.792,321.502,4.588,187,22.962,,,,,
2026-02-22T20:41:54.000Z,1771792914.000,32.63222908,-117.191786097,6.219,4.627,358.094,8.185,-0.755,-35.705,11.793,322.389,5.049,186,21.457,,,,,
2026-02-22T20:41:55.000Z,1771792915.000,32.632255744,-117.191783038,5.848,6.977,355.479,11.347,1.751,-32.132,11.794,323.347,4.952,185,19.979,,,,,
2026-02-22T20:41:56.000Z,1771792916.000,32.632282653,-117.191778999,5.5,10.364,357.124,16.72,3.307,-32.86,11.796,324.264,4.617,184,18.85,,,,,
2026-02-22T20:41:57.000Z,1771792917.000,32.632310569,-117.19177454,6.4,9.718,355.467,13.129,3.615,-30.478,11.797,324.99,5.514,183,17.475,,,,,
2026-02-22T20:41:58.000Z,1771792918.000,32.632339402,-117.191768689,6.733,8.91,358.421,13.777,3.071,-32.404,11.798,326.018,5.683,182,16.466,,,,,
2026-02-22T20:41:59.000Z,1771792919.000,32.632369987,-117.191760683,6.633,17.137,358.389,12.471,4.229,-31.103,11.799,327.286,5.679,181,15.328,,,,,
2026-02-22T20:42:00.000Z,1771792920.000,32.632400282,-117.191750362,6.62,15.617,12.613,23.438,2.679,-44.362,11.8,328.25,4.737,180,15.43,,,,,
2026-02-22T20:42:01.000Z,1771792921.000,32.632430524,-117.191751603,6.515,349.831,358.615,21.579,-0.289,-29.479,11.801,329.135,5.658,179,12.559,,,,,
2026-02-22T20:42:02.000Z,1771792922.000,32.632454118,-117.191765283,5.432,326.984,328.779,9.282,-1.359,1.22,11.802,329.998,5.417,178,8.492,,,,,
2026-02-22T20:42:03.000Z,1771792923.000,32.632468376,-117.191782903,4.071,306.707,300.112,9.421,4.655,30.827,11.803,330.938,3.495,177,5.739,,,,,
2026-02-22T20:42:04.000Z,1771792924.000,32.632473582,-117.191803388,3.844,279.661,275.5,5.423,-0.884,56.352,11.804,331.851,2.129,176,4.277,,,,,
2026-02-22T20:42:05.000Z,1771792925.000,32.632470823,-117.191822582,3.858,242.337,254.62,3.494,5.094,77.944,11.806,332.564,0.797,175,3.894,,,,,
2026-02-22T20:42:06.000Z,1771792926.000,32.632459212,-117.191838692,3.977,228.939,244.885,-14.888,2.468,88.716,11.807,333.601,0.089,174,3.895,,,,,
2026-02-22T20:42:07.000Z,1771792927.000,32.632447197,-117.19185605,3.825,228.159,240.103,-7.268,7.008,94.451,11.808,334.554,0.295,173,3.539,,,,,
2026-02-22T20:42:08.000Z,1771792928.000,32.632430143,-117.19187347,4.829,225.059,238.422,-13.018,-1.853,96.947,11.809,335.369,0.584,172,3.257,,,,,
2026-02-22T20:42:09.000Z,1771792929.000,32.63241402,-117.191893021,4.924,224.67,235.365,-2.606,5.723,101.015,11.81,336.38,0.945,171,2.856,,,,,
2026-02-22T20:42:10.000Z,1771792930.000,32.632395174,-117.191909289,5.188,211.657,227.419,-1.558,0.198,109.755,11.811,337.175,1.754,170,3.256,,,,,
2026-02-22T20:42:11.000Z,1771792931.000,32.632376162,-117.191924233,5.127,210.965,224.738,-6.385,3.82,113.38,11.812,338.118,2.037,169,3.376,,,,,
2026-02-22T20:42:12.000Z,1771792932.000,32.632354595,-117.191938718,5.369,214.368,227.53,-12.537,3.272,111.642,11.813,339.172,1.979,168,3.252,,,,,
2026-02-22T20:42:13.000Z,1771792933.000,32.632334211,-117.191958338,5.536,226.639,234.858,-7.817,0.827,105.232,11.814,340.091,1.454,167,2.309,,,,,
2026-02-22T20:42:14.000Z,1771792934.000,32.632313662,-117.191979326,6.313,217.211,226.991,-3.061,4.306,113.992,11.816,340.982,2.57,166,2.427,,,,,
2026-02-22T20:42:15.000Z,1771792935.000,32.632290733,-117.191997274,5.8,208.76,220.368,2.893,2.668,121.473,11.817,341.841,3.027,165,2.849,,,,,
2026-02-22T20:42:16.000Z,1771792936.000,32.632265528,-117.192010163,5.723,205.001,215.42,-7.286,2.204,127.422,11.818,342.841,3.477,164,3.681,,,,,
2026-02-22T20:42:17.000Z,1771792937.000,32.632243014,-117.192022792,5.275,205.756,218.038,-6.094,1.062,125.603,11.819,343.641,3.071,163,3.768,,,,,
2026-02-22T20:42:18.000Z,1771792938.000,32.632220417,-117.192035212,5.557,208.714,223.438,-11.016,-0.042,120.997,11.82,344.435,2.86,162,3.655,,,,,
2026-02-22T20:42:19.000Z,1771792939.000,32.632197211,-117.192049805,5.566,208.244,223.143,-10.344,4.184,122.302,11.821,345.446,2.974,161,3.86,,,,,
2026-02-22T20:42:20.000Z,1771792940.000,32.632174593,-117.192067366,6,211.911,226.254,-1.886,2.666,120.312,11.822,346.566,3.028,160,3.525,,,,,
2026-02-22T20:42:21.000Z,1771792941.000,32.632151221,-117.192083881,5.971,208.942,226.754,-6.192,4.519,120.673,11.823,347.427,3.046,159,3.523,,,,,
2026-02-22T20:42:22.000Z,1771792942.000,32.632128623,-117.192103802,6.011,224.615,234.394,-5.9,-0.517,113.806,11.824,348.2,2.426,158,2.659,,,,,
2026-02-22T20:42:23.000Z,1771792943.000,32.632107308,-117.192125139,6.188,218.594,232.943,-8.672,2.721,116.182,11.826,349.125,2.73,157,2.3,,,,,
2026-02-22T20:42:24.000Z,1771792944.000,32.632085752,-117.192145211,5.815,217.505,227.769,-6.568,2.471,122.495,11.827,350.264,3.12,156,2.346,,,,,
2026-02-22T20:42:25.000Z,1771792945.000,32.632062977,-117.192164016,6.27,219.853,228.389,-8.888,-0.764,122.82,11.828,351.209,3.398,155,2.117,,,,,
2026-02-22T20:42:26.000Z,1771792946.000,32.632040138,-117.192183415,6.231,211.742,228.06,-10.549,4.47,123.804,11.829,351.865,3.465,154,1.919,,,,,
2026-02-22T20:42:27.000Z,1771792947.000,32.632016464,-117.192203026,6.137,210.133,223.652,-6.985,6.473,129.028,11.83,352.68,3.86,153,2.073,,,,,
2026-02-22T20:42:28.000Z,1771792948.000,32.631991221,-117.192222782,6.487,214.954,223.046,-6.496,1.879,130.566,11.831,353.612,4.212,152,2.009,,,,,
2026-02-22T20:42:29.000Z,1771792949.000,32.6319633,-117.192241321,7.068,215.807,226.74,-16.351,1.646,127.5,11.832,354.24,4.297,151,1.858,,,,,
2026-02-22T20:42:30.000Z,1771792950.000,32.631936939,-117.192262201,6.646,210.882,223.577,-12.552,6.166,131.098,11.833,354.674,4.367,150,1.969,,,,,
2026-02-22T20:42:31.000Z,1771792951.000,32.631910665,-117.192282412,6.587,214.219,225.625,-13.319,0.889,129.771,11.834,355.396,4.211,149,1.718,,,,,
2026-02-22T20:42:32.000Z,1771792952.000,32.631884686,-117.192304976,6.959,218.078,227.966,-7.344,2.156,127.895,11.836,355.861,4.274,148,1.24,,,,,
2026-02-22T20:42:33.000Z,1771792953.000,32.631858608,-117.192327464,7.023,216.881,226.898,-9.708,0.263,129.343,11.837,356.241,4.453,147,1.041,,,,,
2026-02-22T20:42:34.000Z,1771792954.000,32.631831461,-117.192348263,7.213,209.416,221.79,-10.765,1.455,134.774,11.838,356.563,5.079,146,1.359,,,,,
2026-02-22T20:42:35.000Z,1771792955.000,32.631802929,-117.192368403,7.03,214.127,226.965,-16.832,-0.125,129.957,11.839,356.922,4.515,145,0.998,,,,,
2026-02-22T20:42:36.000Z,1771792956.000,32.631775262,-117.192393016,7.8,219.41,230.959,-12.495,-3.168,126.415,11.84,357.375,4.629,144,0.329,,,,,
2026-02-22T20:42:37.000Z,1771792957.000,32.631748697,-117.192415998,7.314,214.193,226.276,-12.759,5.477,131.414,11.841,357.69,4.838,143,0.398,,,,,
2026-02-22T20:42:38.000Z,1771792958.000,32.631721373,-117.192439488,7.215,215.234,224.068,-8.918,2.329,133.599,11.842,357.667,4.975,142,0.282,,,,,
2026-02-22T20:42:39.000Z,1771792959.000,32.631692344,-117.192459372,7.09,207.698,219.978,-11.804,4.344,137.635,11.843,357.613,5.238,141,0.705,,,,,
2026-02-22T20:42:40.000Z,1771792960.000,32.631665196,-117.192479818,6.747,215.624,225.142,-9.313,1.782,132.148,11.844,357.29,4.528,140,0.237,,,,,
2026-02-22T20:42:41.000Z,1771792961.000,32.63163821,-117.192498841,6.771,209.618,223.935,-13.504,-1.789,132.518,11.846,356.453,4.575,139,0.379,,,,,
2026-02-22T20:42:42.000Z,1771792962.000,32.631612833,-117.19251939,6.32,214.311,222.188,-7.337,2.219,133.417,11.847,355.606,4.343,138,0.35,,,,,
2026-02-22T20:42:43.000Z,1771792963.000,32.631585416,-117.192535967,6.932,205.062,220.57,-19.961,-0.312,134.13,11.848,354.701,4.825,137,0.746,,,,,
2026-02-22T20:42:44.000Z,1771792964.000,32.63155951,-117.192556167,6.687,213.626,225.208,-15.466,2.073,128.526,11.849,353.734,4.166,136,0.268,,,,,
2026-02-22T20:42:45.000Z,1771792965.000,32.631533823,-117.192575794,6.6,211.961,222.38,-14.468,4.342,130.296,11.85,352.676,4.268,135,0.415,,,,,
2026-02-22T20:42:46.000Z,1771792966.000,32.631505774,-117.192597757,7.067,215.903,225.262,-15.075,-1.884,126.429,11.851,351.69,4.196,134,0.061,,,,,
2026-02-22T20:42:47.000Z,1771792967.000,32.631478538,-117.192617661,6.876,210.555,217.771,-12.557,3.201,133.087,11.852,350.858,4.697,133,0.65,,,,,
2026-02-22T20:42:48.000Z,1771792968.000,32.631450019,-117.192633888,6.629,206.126,217.763,-15.58,2.777,132.099,11.853,349.861,4.444,132,1.01,,,,,
2026-02-22T20:42:49.000Z,1771792969.000,32.631421687,-117.192651673,6.6,205.511,214.317,-11.889,4.14,134.3,11.854,348.617,4.609,131,1.512,,,,,
2026-02-22T20:42:50.000Z,1771792970.000,32.631392433,-117.192665993,6.912,199.903,210.04,-10.002,4.54,137.277,11.856,347.318,5.077,130,2.413,,,,,
2026-02-22T20:42:51.000Z,1771792971.000,32.631361243,-117.192678157,7.1,195.943,204.913,-8.734,1.047,141.492,11.857,346.405,5.553,129,3.667,,,,,
2026-02-22T20:42:52.000Z,1771792972.000,32.631328653,-117.192686437,7.16,190.111,201.349,-10.911,0.721,143.947,11.858,345.297,5.787,128,5.183,,,,,
2026-02-22T20:42:53.000Z,1771792973.000,32.631299155,-117.192694635,6.5,194.023,205.513,-6.099,4.703,138.554,11.859,344.068,4.872,127,5.906,,,,,
2026-02-22T20:42:54.000Z,1771792974.000,32.631270636,-117.192704506,6.212,198.854,208.736,-4.831,0.981,134.017,11.86,342.753,4.317,126,6.513,,,,,
2026-02-22T20:42:55.000Z,1771792975.000,32.631241752,-117.192712977,6.485,189.81,206.207,-10.012,7.287,135.109,11.861,341.316,4.595,125,7.717,,,,,
2026-02-22T20:42:56.000Z,1771792976.000,32.631212117,-117.192723297,6.167,201.331,211.666,-9.169,6.139,128.564,11.862,340.23,3.846,124,8.171,,,,,
2026-02-22T20:42:57.000Z,1771792977.000,32.631183669,-117.192736062,6.47,195.375,206.553,-1.892,2.055,132.647,11.863,339.201,4.379,123,9.217,,,,,
2026-02-22T20:42:58.000Z,1771792978.000,32.631153141,-117.192741953,7.013,187.659,206.028,-14.289,0.318,131.712,11.864,337.739,4.662,122,10.561,,,,,
2026-02-22T20:42:59.000Z,1771792979.000,32.631122418,-117.192752072,6.652,198.119,208.747,-7.783,6.371,128.048,11.866,336.796,4.097,121,11.316,,,,,
2026-02-22T20:43:00.000Z,1771792980.000,32.631089634,-117.192762736,7.388,193.041,203.847,-5.8,-1.906,132.115,11.867,335.962,4.955,120,12.763,,,,,
2026-02-22T20:43:01.000Z,1771792981.000,32.631056114,-117.192771043,7.599,190.786,208.466,-15.467,1.333,126.917,11.868,335.383,4.558,119,13.672,,,,,
2026-02-22T20:43:02.000Z,1771792982.000,32.631024951,-117.192783035,7.044,200.411,211.766,-11.662,5.508,123.279,11.869,335.045,3.865,118,14.255,,,,,
2026-02-22T20:43:03.000Z,1771792983.000,32.630993772,-117.192797558,6.867,203.165,213.577,-8.337,1.117,121.15,11.87,334.727,3.552,117,14.758,,,,,
2026-02-22T20:43:04.000Z,1771792984.000,32.630963853,-117.192811802,6.849,199.929,207.973,-5.617,1.696,126.427,11.871,334.4,4.063,116,15.811,,,,,
2026-02-22T20:43:05.000Z,1771792985.000,32.630933451,-117.192821542,6.5,195.185,197.015,-1.797,2.723,136.855,11.872,333.871,4.74,115,17.674,,,,,
2026-02-22T20:43:06.000Z,1771792986.000,32.630902173,-117.192827224,6.611,179.801,186.874,1.862,2.585,146.342,11.873,333.216,5.5,114,19.81,,,,,
2026-02-22T20:43:07.000Z,1771792987.000,32.630870445,-117.192826729,7.341,184.99,193.084,-1.792,-3.065,139.513,11.874,332.597,5.575,113,21.223,,,,,
2026-02-22T20:43:08.000Z,1771792988.000,32.630839417,-117.192826816,7.099,175.443,190.014,-5.441,5.026,142.205,11.876,332.218,5.61,112,23.252,,,,,
2026-02-22T20:43:09.000Z,1771792989.000,32.630808054,-117.192826621,6.231,179.775,183.642,2.231,4.419,148.435,11.877,332.077,5.304,111,25.556,,,,,
2026-02-22T20:43:10.000Z,1771792990.000,32.630779289,-117.192820172,6.258,164.39,165.935,2.819,1.91,165.965,11.878,331.9,6.064,110,28.887,,,,,
2026-02-22T20:43:11.000Z,1771792991.000,32.63075258,-117.192807308,6.261,152.775,151.897,5.399,1.009,179.815,11.879,331.712,6.254,109,32.154,,,,,
2026-02-22T20:43:12.000Z,1771792992.000,32.630729783,-117.19278664,6.143,135.205,134.58,1.494,-0.956,-163.047,11.88,331.533,5.863,108,35.641,,,,,
2026-02-22T20:43:13.000Z,1771792993.000,32.630712779,-117.192759102,5.944,122.525,116.28,6.473,3.31,-144.891,11.881,331.389,4.861,107,38.937,,,,,
2026-02-22T20:43:14.000Z,1771792994.000,32.630705113,-117.192727184,6.012,101.464,102.325,-1.355,1.052,-131.103,11.882,331.222,3.951,106,41.694,,,,,
2026-02-22T20:43:15.000Z,1771792995.000,32.630700755,-117.192697743,5.841,96.7,86.656,18.817,4.778,-115.642,11.883,331.014,2.514,105,43.717,,,,,
2026-02-22T20:43:16.000Z,1771792996.000,32.630705318,-117.192667464,5.221,71.305,72.344,11.987,7.591,-101.515,11.884,330.829,1.044,104,45.1,,,,,
2026-02-22T20:43:17.000Z,1771792997.000,32.630714197,-117.19263984,5.5,64.891,61.905,6.778,3.659,-91.216,11.886,330.689,0.117,103,46.109,,,,,
2026-02-22T20:43:18.000Z,1771792998.000,32.630725397,-117.192611929,5.972,67.234,51.173,2.406,0.19,-80.66,11.887,330.513,0.97,102,46.901,,,,,
2026-02-22T20:43:19.000Z,1771792999.000,32.630736956,-117.192581829,6.14,63.522,55.745,1.65,-0.035,-85.407,11.888,330.338,0.487,101,48.978,,,,,
2026-02-22T20:43:20.000Z,1771793000.000,32.630747225,-117.192551316,6.077,68.649,53.957,-1.167,5.499,-83.783,11.889,330.174,0.658,100,50.686,,,,,
2026-02-22T20:43:21.000Z,1771793001.000,32.630756266,-117.19251964,6.028,70.524,56.928,-1.921,5.563,-86.926,11.89,330.002,0.322,99,52.912,,,,,
2026-02-22T20:43:22.000Z,1771793002.000,32.630764672,-117.192484952,6.657,75.674,60.874,3.615,3.032,-91.059,11.891,329.815,0.124,98,55.479,,,,,
2026-02-22T20:43:23.000Z,1771793003.000,32.630772925,-117.192448136,6.823,77.095,65.764,7.89,3.082,-96.127,11.892,329.637,0.726,97,58.276,,,,,
2026-02-22T20:43:24.000Z,1771793004.000,32.630782738,-117.192413603,6.461,71.046,65.034,0.043,2.544,-95.591,11.893,329.442,0.628,96,60.417,,,,,
2026-02-22T20:43:25.000Z,1771793005.000,32.630791551,-117.19238118,6.2,71.443,65.021,-0.769,1.214,-95.747,11.894,329.274,0.621,95,62.494,,,,,
2026-02-22T20:43:26.000Z,1771793006.000,32.630801062,-117.192349156,6.245,69.439,57.738,2.77,0.5,-88.591,11.896,329.147,0.157,94,63.988,,,,,
2026-02-22T20:43:27.000Z,1771793007.000,32.630812115,-117.192316872,6.74,66.301,54.221,5.787,5.42,-85.25,11.897,328.971,0.561,93,65.665,,,,,
2026-02-22T20:43:28.000Z,1771793008.000,32.630825188,-117.192281495,7.371,66.786,50.041,-1.098,3.152,-81.304,11.898,328.737,1.116,92,67.414,,,,,
2026-02-22T20:43:29.000Z,1771793009.000,32.630836549,-117.192241357,7.442,70.575,57.847,-2.936,2.693,-89.233,11.899,328.613,0.1,91,70.546,,,,,
2026-02-22T20:43:30.000Z,1771793010.000,32.630845826,-117.192202073,7.488,71.422,68.167,2.63,3.71,-99.697,11.9,328.47,1.262,90,73.858,,,,,
2026-02-22T20:43:31.000Z,1771793011.000,32.630858557,-117.192167043,6.857,63.57,56.879,7.071,6.441,-88.623,11.901,328.256,0.419,89,75.13,,,,,
2026-02-22T20:43:32.000Z,1771793012.000,32.630876429,-117.192136534,6.072,52.841,38.692,12.037,4.973,-70.637,11.902,328.054,2.007,88,75.123,,,,,
2026-02-22T20:43:33.000Z,1771793013.000,32.630894043,-117.192113007,5.357,44.705,40.621,8.149,3.703,-72.694,11.903,327.927,1.594,87,76.135,,,,,
2026-02-22T20:43:34.000Z,1771793014.000,32.630913157,-117.192094643,5.371,39.443,26.379,-4.039,0.814,-58.663,11.904,327.716,2.794,86,75.34,,,,,
2026-02-22T20:43:35.000Z,1771793015.000,32.630933633,-117.192074438,5.78,34.767,26.266,6.765,2.513,-58.703,11.906,327.563,3.002,85,75.756,,,,,
2026-02-22T20:43:36.000Z,1771793016.000,32.630956175,-117.192053236,6.322,37.145,26.202,5.081,0.118,-58.815,11.907,327.388,3.272,84,76.136,,,,,
2026-02-22T20:43:37.000Z,1771793017.000,32.630979111,-117.192029938,6.838,43.168,28.073,3.698,5.936,-60.874,11.908,327.2,3.311,83,76.818,,,,,
2026-02-22T20:43:38.000Z,1771793018.000,32.631001149,-117.192004779,6.443,44.6,33.659,-1.03,5.127,-66.621,11.909,327.038,2.557,82,78,,,,,
2026-02-22T20:43:39.000Z,1771793019.000,32.631022455,-117.19197724,6.443,54.215,31.426,0.819,2.005,-64.584,11.91,326.842,2.766,81,78.782,,,,,
2026-02-22T20:43:40.000Z,1771793020.000,32.631041022,-117.1919461,6.988,52.592,47.075,6.864,0.621,-80.421,11.911,326.654,1.16,80,81.444,,,,,
2026-02-22T20:43:41.000Z,1771793021.000,32.631058814,-117.191913343,7.443,63.473,40.312,-5.076,2.232,-73.809,11.912,326.503,2.073,79,82.493,,,,,
2026-02-22T20:43:42.000Z,1771793022.000,32.631071854,-117.191874544,7.6,68.322,56.884,-3.774,2.71,-90.539,11.913,326.345,0.074,78,86.116,,,,,
2026-02-22T20:43:43.000Z,1771793023.000,32.631084236,-117.191835892,7.524,68.646,60.638,9.139,3.716,-94.484,11.914,326.154,0.587,77,88.755,,,,,
2026-02-22T20:43:44.000Z,1771793024.000,32.63110184,-117.19180264,7.158,51.396,45.23,10.511,1.864,-79.256,11.916,325.974,1.34,76,89.226,,,,,
2026-02-22T20:43:45.000Z,1771793025.000,32.631123575,-117.191774868,6.551,43.575,41.011,17.374,2.649,-75.165,11.917,325.846,1.681,75,89.85,,,,,
2026-02-22T20:43:46.000Z,1771793026.000,32.631148035,-117.191757173,6.165,30.334,19.848,11.452,6.787,-54.178,11.918,325.67,3.608,74,88.138,,,,,
2026-02-22T20:43:47.000Z,1771793027.000,32.631172464,-117.191744532,5.629,21.169,10.202,6.052,3.506,-44.764,11.919,325.438,3.994,73,86.98,,,,,
2026-02-22T20:43:48.000Z,1771793028.000,32.631195974,-117.191735375,4.83,14.131,8.791,4.288,6.859,-43.533,11.92,325.258,3.502,72,86.24,,,,,
2026-02-22T20:43:49.000Z,1771793029.000,32.631219408,-117.191730961,5.489,6.864,356.364,-0.299,8.535,-31.278,11.921,325.086,4.69,71,84.352,,,,,
2026-02-22T20:43:50.000Z,1771793030.000,32.631244119,-117.191725076,5.613,5.924,357.956,13.483,-1.4,-33.03,11.922,324.926,4.705,70,83.493,,,,,
2026-02-22T20:43:51.000Z,1771793031.000,32.631267667,-117.191723827,5.487,4.171,351.583,1.743,2.048,-26.805,11.923,324.778,4.899,69,81.812,,,,,
2026-02-22T20:43:52.000Z,1771793032.000,32.631292719,-117.191721289,5.222,10.811,348.359,-1.313,1.623,-23.73,11.924,324.628,4.78,68,80.365,,,,,
2026-02-22T20:43:53.000Z,1771793033.000,32.631317087,-117.191711556,5.926,23.155,2.49,12.191,0.061,-38.029,11.926,324.46,4.637,67,80.662,,,,,
2026-02-22T20:43:54.000Z,1771793034.000,32.631341048,-117.191700919,5.371,28.128,4.039,4.053,7.921,-39.774,11.927,324.264,4.127,66,80.222,,,,,
2026-02-22T20:43:55.000Z,1771793035.000,32.631363237,-117.191684556,5.366,30.918,22.715,13.577,3.721,-58.603,11.928,324.112,2.797,65,81.675,,,,,
2026-02-22T20:43:56.000Z,1771793036.000,32.631384192,-117.191666508,5.876,43.284,21.281,11.639,5.5,-57.327,11.929,323.954,3.173,64,81.785,,,,,
2026-02-22T20:43:57.000Z,1771793037.000,32.63140593,-117.191643814,6.4,39.436,27.823,12.19,4.435,-64.051,11.93,323.772,2.798,63,82.863,,,,,
2026-02-22T20:43:58.000Z,1771793038.000,32.631430161,-117.191619649,6.81,38.235,24.568,9.624,3.381,-60.983,11.931,323.585,3.303,62,83.123,,,,,
2026-02-22T20:43:59.000Z,1771793039.000,32.631454243,-117.19159414,6.836,41.564,29.035,14.746,1.693,-65.62,11.932,323.415,2.823,61,84.124,,,,,
2026-02-22T20:44:00.000Z,1771793040.000,32.631479139,-117.191570291,6.728,38.345,21.426,9.736,2.591,-58.202,11.933,323.224,3.54,60,83.971,,,,,
2026-02-22T20:44:01.000Z,1771793041.000,32.631501554,-117.191545777,6.13,42.808,31.136,12.32,4.823,-68.102,11.934,323.034,2.288,59,85.411,,,,,
2026-02-22T20:44:02.000Z,1771793042.000,32.631522437,-117.191525046,5.788,35.856,30.415,8.756,1.489,-67.553,11.936,322.863,2.21,58,85.796,,,,,
2026-02-22T20:44:03.000Z,1771793043.000,32.631545322,-117.191507576,6.014,30.443,19.277,8.166,2.58,-56.589,11.937,322.689,3.309,57,84.968,,,,,
2026-02-22T20:44:04.000Z,1771793044.000,32.631570492,-117.191490271,6.528,26.309,23.073,20.221,0.591,-60.527,11.938,322.547,3.208,56,85.191,,,,,
2026-02-22T20:44:05.000Z,1771793045.000,32.631598987,-117.191483458,5.985,5.67,4.537,12.292,1.789,-42.185,11.939,322.352,4.416,55,82.659,,,,,
2026-02-22T20:44:06.000Z,1771793046.000,32.631625961,-117.191486508,5.487,348.541,342.359,5.232,0.067,-20.178,11.94,322.181,5.141,54,79.444,,,,,
2026-02-22T20:44:07.000Z,1771793047.000,32.631647447,-117.191494725,4.432,336.411,320.775,7.918,3.615,1.209,11.941,321.985,4.423,53,76.667,,,,,
2026-02-22T20:44:08.000Z,1771793048.000,32.63166027,-117.191510908,3.834,297.001,300.65,1.162,-2.34,21.201,11.942,321.851,3.569,52,74.372,,,,,
2026-02-22T20:44:09.000Z,1771793049.000,32.631664794,-117.19152986,4.041,273.075,282.36,4.963,6.347,39.322,11.943,321.683,3.118,51,72.847,,,,,
2026-02-22T20:44:10.000Z,1771793050.000,32.631664447,-117.191549376,3.444,260.734,269.77,4.319,4.758,51.694,11.944,321.464,2.136,50,71.742,,,,,
2026-02-22T20:44:11.000Z,1771793051.000,32.631659639,-117.191567108,3.365,249.563,264.633,-3.924,0.308,56.642,11.946,321.275,1.854,49,70.839,,,,,
2026-02-22T20:44:12.000Z,1771793052.000,32.631653619,-117.191583571,3.564,244.308,262.887,-9.614,1.187,58.216,11.947,321.103,1.878,48,69.959,,,,,
2026-02-22T20:44:13.000Z,1771793053.000,32.631646241,-117.191601067,3.874,238.085,259.901,-12.076,2.737,61.016,11.948,320.916,1.877,47,69.146,,,,,
2026-02-22T20:44:14.000Z,1771793054.000,32.631640073,-117.191618883,3.5,246.552,259.84,-6.125,2.21,60.922,11.949,320.762,1.701,46,68.084,,,,,
2026-02-22T20:44:15.000Z,1771793055.000,32.631631471,-117.191637834,4,248.149,263.117,-13.647,2.656,57.511,11.95,320.627,2.148,45,66.899,,,,,
2026-02-22T20:44:16.000Z,1771793056.000,32.631623987,-117.191658838,3.875,243.869,261.472,-11.104,4.53,58.989,11.951,320.46,1.999,44,65.74,,,,,
2026-02-22T20:44:17.000Z,1771793057.000,32.631615702,-117.191680653,4.37,244.105,261.457,-11.865,-1.983,58.77,11.952,320.228,2.26,43,64.484,,,,,
2026-02-22T20:44:18.000Z,1771793058.000,32.631607837,-117.191702529,4.581,254.975,268.991,-16.119,3.83,51.082,11.953,320.073,2.886,42,62.83,,,,,
2026-02-22T20:44:19.000Z,1771793059.000,32.631602607,-117.191727716,4.548,251.445,264.383,-17.247,2.2,55.301,11.954,319.684,2.59,41,61.332,,,,,
2026-02-22T20:44:20.000Z,1771793060.000,32.631597154,-117.191752311,5.197,260.629,274.853,-17.368,2.435,44.012,11.956,318.865,3.742,40,59.24,,,,,
2026-02-22T20:44:21.000Z,1771793061.000,32.631593207,-117.191776714,4.615,256.049,272.21,-10.953,7.329,45.683,11.957,317.893,3.224,39,57.617,,,,,
2026-02-22T20:44:22.000Z,1771793062.000,32.631588275,-117.191803023,5,257.751,267.965,-10.947,-2.883,49.366,11.958,317.331,3.255,38,55.982,,,,,
2026-02-22T20:44:23.000Z,1771793063.000,32.631579915,-117.191827614,4.748,242.567,263.766,-19.727,3.059,52.27,11.959,316.037,2.906,37,54.701,,,,,
2026-02-22T20:44:24.000Z,1771793064.000,32.631571752,-117.191852126,4.942,249.544,261.91,-21.889,2.88,53.53,11.96,315.44,2.938,36,53.311,,,,,
2026-02-22T20:44:25.000Z,1771793065.000,32.631563175,-117.191875415,4.744,244.886,261.634,-30.037,3.8,53.034,11.961,314.668,2.854,35,51.963,,,,,
2026-02-22T20:44:26.000Z,1771793066.000,32.631557269,-117.191901937,4.988,258.635,266.382,-22.233,-1.52,47.76,11.962,314.142,3.352,34,49.953,,,,,
2026-02-22T20:44:27.000Z,1771793067.000,32.631554232,-117.191929312,5.444,266.536,274.012,-15.717,8.3,39.595,11.963,313.607,4.19,33,47.624,,,,,
2026-02-22T20:44:28.000Z,1771793068.000,32.631550709,-117.19195941,5.489,253.844,265.693,-17.519,1.131,47.066,11.964,312.759,3.737,32,45.777,,,,,
2026-02-22T20:44:29.000Z,1771793069.000,32.631545807,-117.191987704,5.551,258.446,265.36,-13.156,0.422,46.473,11.966,311.834,3.82,31,43.817,,,,,
2026-02-22T20:44:30.000Z,1771793070.000,32.631538641,-117.192013865,5.016,249.36,259.614,-18.391,3.684,50.74,11.967,310.354,3.174,30,42.436,,,,,
2026-02-22T20:44:31.000Z,1771793071.000,32.631531007,-117.192040777,4.759,250.591,259.146,-22.785,0.318,49.624,11.968,308.77,3.084,29,40.755,,,,,
2026-02-22T20:44:32.000Z,1771793072.000,32.631521599,-117.192069317,5.554,251.439,264.753,-26.692,4.278,42.719,11.969,307.472,4.081,28,38.733,,,,,
2026-02-22T20:44:33.000Z,1771793073.000,32.631515812,-117.192101817,5.75,266.018,267.707,-21.97,1.221,38.033,11.97,305.739,4.529,27,36.334,,,,,
2026-02-22T20:44:34.000Z,1771793074.000,32.631511758,-117.192135081,6.005,262.586,258.856,-5.922,4.172,44.868,11.971,303.724,4.259,26,34.36,,,,,
2026-02-22T20:44:35.000Z,1771793075.000,32.631500616,-117.192166781,6.189,244.956,249.257,-7.731,-0.87,53.517,11.972,302.774,3.679,25,33.043,,,,,
2026-02-22T20:44:36.000Z,1771793076.000,32.631484841,-117.192195102,6.352,234.035,244.704,-15.873,2.023,56.63,11.973,301.334,3.494,24,31.997,,,,,
2026-02-22T20:44:37.000Z,1771793077.000,32.631466735,-117.192223738,6.856,233.518,248.779,-22.214,-0.231,50.935,11.974,299.715,4.322,23,30.491,,,,,
2026-02-22T20:44:38.000Z,1771793078.000,32.631449297,-117.192252759,6.153,233.535,242.124,-13.376,9.98,56.621,11.976,298.746,3.387,22,29.634,,,,,
2026-02-22T20:44:39.000Z,1771793079.000,32.631429603,-117.192278702,6.5,229.643,238.797,-22.345,2.17,59.186,11.977,297.983,3.33,21,28.94,,,,,
2026-02-22T20:44:40.000Z,1771793080.000,32.631410967,-117.192306199,6.453,231.208,242.77,-18.935,0.542,55.072,11.978,297.842,3.694,20,27.544,,,,,
2026-02-22T20:44:41.000Z,1771793081.000,32.631392498,-117.192333877,6.259,231.231,241.648,-18.199,2.286,56.418,11.979,298.067,3.464,19,26.484,,,,,
2026-02-22T20:44:42.000Z,1771793082.000,32.631374187,-117.192362217,6.588,236.647,246.874,-19.693,1.523,50.855,11.98,297.729,4.158,18,24.928,,,,,
2026-02-22T20:44:43.000Z,1771793083.000,32.63135802,-117.19239266,6.512,239.832,252.352,-19.6,3.602,45.256,11.981,297.608,4.581,17,23.086,,,,,
2026-02-22T20:44:44.000Z,1771793084.000,32.631346566,-117.192423657,6.285,247.779,260.601,-18.304,0.237,36.806,11.982,297.408,5.032,16,20.801,,,,,
2026-02-22T20:44:45.000Z,1771793085.000,32.63133963,-117.192455359,5.621,258.376,260.543,-7.427,3.184,36.385,11.983,296.928,4.526,15,18.674,,,,,
2026-02-22T20:44:46.000Z,1771793086.000,32.631331514,-117.192484744,5.648,250.837,259.04,-10.356,1.503,37.254,11.984,296.294,4.495,14,16.879,,,,,
2026-02-22T20:44:47.000Z,1771793087.000,32.631323403,-117.192514035,5.812,254.827,263.502,-12.89,-1.09,32.593,11.986,296.095,4.898,13,14.777,,,,,
2026-02-22T20:44:48.000Z,1771793088.000,32.631317447,-117.192545747,5.521,258.022,264.17,-6.407,5.921,31.958,11.987,296.128,4.683,12,12.557,,,,,
2026-02-22T20:44:49.000Z,1771793089.000,32.631312112,-117.192575601,5.526,259.158,261.465,-2.615,2.496,34.852,11.988,296.317,4.535,11,10.619,,,,,
2026-02-22T20:44:50.000Z,1771793090.000,32.631305954,-117.192605556,5.657,251.805,257.399,-0.375,0.003,39.489,11.989,296.888,4.363,10,8.805,,,,,
2026-02-22T20:44:51.000Z,1771793091.000,32.631297193,-117.192634183,5.822,245.38,256.278,-1.941,1.916,41.454,11.99,297.732,4.361,9,7.091,,,,,
2026-02-22T20:44:52.000Z,1771793092.000,32.631285914,-117.192663521,5.887,242.626,254.413,-4.731,4.331,44.027,11.991,298.44,4.233,8,5.511,,,,,
2026-02-22T20:44:53.000Z,1771793093.000,32.631273399,-117.192691203,5.567,236.697,246.265,-7.521,4.067,52.972,11.992,299.237,3.355,7,4.541,,,,,
2026-02-22T20:44:54.000Z,1771793094.000,32.631258891,-117.192716251,5.984,237.162,247.108,-11.897,-0.378,53.01,11.993,300.118,3.6,6,3.326,,,,,
2026-02-22T20:44:55.000Z,1771793095.000,32.631244708,-117.192743031,5.524,237.405,246.733,-8.046,6.107,54.256,11.994,300.99,3.227,5,2.035,,,,,
2026-02-22T20:44:56.000Z,1771793096.000,32.631229877,-117.192769506,5.554,240.338,247.519,-11.665,0.935,54.45,11.996,301.969,3.228,4,0.73,,,,,
2026-02-22T20:44:57.000Z,1771793097.000,32.631214844,-117.192795922,5.882,236.811,242.066,-4.805,2.713,60.5,11.997,302.566,2.9,3,-0.137,1,1.612,-162.405,1,0
2026-02-22T20:44:58.000Z,1771793098.000,32.631195813,-117.1928189,5.777,217.741,226.14,-8.284,5.115,76.439,11.998,302.579,1.351,2,0.321,1,-0.326,-165.765,1,0
2026-02-22T20:44:59.000Z,1771793099.000,32.631172713,-117.192839425,6.064,221.313,235.06,-14.502,2.224,67.726,11.999,302.786,2.297,1,-0.662,1,0.028,-168.808,1,0
2026-02-22T20:45:00.000Z,1771793100.000,32.631153212,-117.192862553,5.924,226.576,233.765,-13.005,3.676,69.344,12,303.109,2.097,0,-1.279,1,0.563,-171.873,1,0
2026-02-22T20:45:01.000Z,1771793101.000,32.631131789,-117.192886033,6.046,224.468,245.262,-25.621,1.686,57.915,12.001,303.177,3.198,-1,-2.729,1,0.346,-174.737,2,20.088
2026-02-22T20:45:02.000Z,1771793102.000,32.631117059,-117.192915277,5.981,244.526,258.762,-23.692,1.068,44.611,12.002,303.373,4.253,-2,-5.045,1,2.364,-177.078,2,19.791
2026-02-22T20:45:03.000Z,1771793103.000,32.631110705,-117.192945847,6.002,265.226,267.254,-17.7,2.589,36.474,12.003,303.729,4.829,-3,-7.545,1,4.164,-178.873,2,19.531
2026-02-22T20:45:04.000Z,1771793104.000,32.6311099,-117.192975419,5.4,267.669,266.171,-1.12,2.343,37.85,12.004,304.022,4.264,-4,-9.812,1,3.906,-180.683,3,20.006
2026-02-22T20:45:05.000Z,1771793105.000,32.6311084,-117.1930059,5.222,264.055,264.066,11.56,0.324,40.239,12.006,304.305,3.99,-5,-12.058,1,3.539,-182.664,3,20.303
2026-02-22T20:45:06.000Z,1771793106.000,32.631102189,-117.193032481,4.875,248.599,258.993,1.701,-0.292,45.674,12.007,304.667,3.405,-6,-13.556,1,2.225,-185.004,3,21.389
2026-02-22T20:45:07.000Z,1771793107.000,32.631096797,-117.193057316,4.716,261.983,259.937,5.162,0.688,44.744,12.008,304.681,3.349,-7,-15.278,1,3.062,-186.834,3,22.006
2026-02-22T20:45:08.000Z,1771793108.000,32.631090244,-117.193081647,4.645,248.608,258.165,-2.658,2.354,46.602,12.009,304.767,3.192,-8,-16.744,1,2.113,-188.885,3,22.504
2026-02-22T20:45:09.000Z,1771793109.000,32.631084352,-117.193104603,4.285,249.961,260.81,0.839,1.908,44.119,12.01,304.929,3.075,-9,-18.38,1,2.036,-190.559,3,22.377
2026-02-22T20:45:10.000Z,1771793110.000,32.631079851,-117.193127258,3.8,258.617,264.047,4.037,7.911,41.029,12.011,305.076,2.866,-10,-20.093,1,2.287,-192.051,3,20.798
2026-02-22T20:45:11.000Z,1771793111.000,32.63107712,-117.193149764,4.245,264.1,267.832,1.16,1.067,37.257,12.012,305.088,3.378,-11,-21.911,1,2.865,-193.333,3,19.519
2026-02-22T20:45:12.000Z,1771793112.000,32.631077066,-117.193169632,3.677,273.052,281.157,0.034,-1.796,23.895,12.013,305.053,3.361,-12,-23.982,1,2.873,-193.55,3,17.201
2026-02-22T20:45:13.000Z,1771793113.000,32.631080317,-117.193184089,2.539,297.589,294.089,-1.352,7.498,10.933,12.014,305.022,2.486,-13,-25.568,1,2.462,-193.09,3,16.324
2026-02-22T20:45:14.000Z,1771793114.000,32.631087602,-117.193194615,2.5,311.579,308.206,-2.313,-0.406,-3.232,12.016,304.974,2.495,-14,-26.846,1,2.5,-191.904,3,15.678
2026-02-22T20:45:15.000Z,1771793115.000,32.631097226,-117.193198754,2.62,355.699,323.244,7.295,3.046,-18.305,12.017,304.939,2.481,-15,-27.431,1,1.881,-190.083,3,15.872
2026-02-22T20:45:16.000Z,1771793116.000,32.63110643,-117.193200609,1.789,340.451,337.282,1.018,3.102,-32.376,12.018,304.905,1.514,-16,-27.571,1,1.566,-188.326,3,16.707
2026-02-22T20:45:17.000Z,1771793117.000,32.631115901,-117.193201251,2.315,1.813,340.913,-6.841,-2.412,-36.042,12.019,304.872,1.872,-17,-27.993,1,1.479,-187.272,3,17.323
2026-02-22T20:45:18.000Z,1771793118.000,32.631125878,-117.193192599,2.856,39.341,2.861,4.06,2.146,-58.029,12.02,304.832,1.498,-18,-26.509,1,0.106,-184.657,3,19.787
2026-02-22T20:45:19.000Z,1771793119.000,32.631135921,-117.193183219,2.688,37.438,17.664,2.821,3.114,-72.872,12.021,304.792,0.791,-19,-25.235,1,0.186,-182.681,3,21.369
2026-02-22T20:45:20.000Z,1771793120.000,32.631147764,-117.193172506,3.27,38.07,19.702,-0.492,2.948,-74.958,12.022,304.744,0.848,-20,-24.905,1,0.188,-180.973,3,23.058
2026-02-22T20:45:21.000Z,1771793121.000,32.631159991,-117.193157342,3.87,48.494,27.639,3.054,2.298,-82.924,12.023,304.715,0.474,-21,-23.766,1,-0.483,-178.884,3,25.987
2026-02-22T20:45:22.000Z,1771793122.000,32.631173394,-117.193139471,4.641,44.823,34.748,0.246,0.976,-90.066,12.024,304.683,0.007,-22,-22.54,1,-0.288,-176.626,3,29.022
2026-02-22T20:45:23.000Z,1771793123.000,32.631187564,-117.193121067,4.4,49.18,32.486,2.67,5.095,-87.844,12.026,304.643,0.166,-23,-22.076,1,-0.61,-174.341,3,31.437
2026-02-22T20:45:24.000Z,1771793124.000,32.631202883,-117.193100082,5.129,50.765,34.553,6.632,2.296,-89.951,12.027,304.603,0.066,-24,-21.122,1,-0.856,-171.787,3,34.349
2026-02-22T20:45:25.000Z,1771793125.000,32.631219186,-117.19307512,6.02,53.946,38.242,3.237,1.972,-93.675,12.028,304.567,0.411,-25,-19.776,1,-1.34,-168.929,3,37.46
2026-02-22T20:45:26.000Z,1771793126.000,32.631235272,-117.193046762,6.3,59.333,43.069,0.02,5.882,-98.54,12.029,304.528,0.935,-26,-18.059,1,-1.981,-165.925,3,40.482
2026-02-22T20:45:27.000Z,1771793127.000,32.631249868,-117.19301457,6.829,63.317,55.062,1.028,1.222,-110.579,12.03,304.483,2.395,-27,-15.41,1,-2.6,-163.017,3,44.824
2026-02-22T20:45:28.000Z,1771793128.000,32.631264113,-117.192979802,7.266,63.867,54.445,1.417,0.071,-110,12.031,304.445,2.486,-28,-13.504,1,-2.84,-159.77,3,48.646
2026-02-22T20:45:29.000Z,1771793129.000,32.631277761,-117.192943893,6.9,65.504,57.794,9.041,4.253,-113.382,12.032,304.412,2.738,-29,-11.182,1,-2.886,-156.621,3,53.115
2026-02-22T20:45:30.000Z,1771793130.000,32.631293506,-117.192908864,7.185,62.485,53.101,0.355,3.064,-108.719,12.033,304.382,2.303,-30,-9.646,1,-2.667,-153.129,3,56.821
2026-02-22T20:45:31.000Z,1771793131.000,32.631308342,-117.192873069,7.2,63.764,59.376,2.077,1.468,-115.039,12.034,304.336,3.047,-31,-7.185,1,-2.83,-149.956,3,61.099
2026-02-22T20:45:32.000Z,1771793132.000,32.631323015,-117.192838182,7.176,64.979,48.359,-0.284,2.807,-104.067,12.036,304.293,1.741,-32,-6.076,1,-2.969,-146.428,3,63.575
2026-02-22T20:45:33.000Z,1771793133.000,32.63133671,-117.192800941,7.485,63.977,55.022,5.755,2.675,-110.764,12.037,304.258,2.649,-33,-3.391,1,-2.987,-143.249,3,67.395
2026-02-22T20:45:34.000Z,1771793134.000,32.631350518,-117.192762731,7.084,67.374,60.932,-4.288,-0.025,-116.7,12.038,304.231,3.176,-34,-0.71,1,-3.215,-140.034,3,71.491
2026-02-22T20:45:35.000Z,1771793135.000,32.631357935,-117.192727659,6.424,78.971,71.72,-7.861,0.516,-127.528,12.039,304.192,3.906,-35,2.375,1,-4.012,-137.825,3,76.484
2026-02-22T20:45:36.000Z,1771793136.000,32.631361246,-117.192697107,5.238,88.384,78.768,-7.11,2.825,-134.616,12.04,304.153,3.679,-36,5.039,1,-3.899,-136.155,3,80.984
2026-02-22T20:45:37.000Z,1771793137.000,32.631363839,-117.19266866,5.3,80.868,74.435,3.346,1.367,-130.331,12.041,304.104,3.43,-37,6.912,1,-3.452,-134.095,3,84.754
2026-02-22T20:45:38.000Z,1771793138.000,32.631370928,-117.192637398,6.176,72.141,63.178,9.098,2.835,-119.115,12.042,304.063,3.004,-38,8.273,1,-3.271,-131.221,3,87.802
2026-02-22T20:45:39.000Z,1771793139.000,32.631384075,-117.192603025,7.4,62.087,48.62,4.87,4.265,-104.592,12.043,304.028,1.843,-39,9.18,1,-2.773,-127.745,3,89.877
2026-02-22T20:45:40.000Z,1771793140.000,32.631400026,-117.192567157,7.4,62.315,44.656,13.187,4.24,-100.655,12.044,304.001,1.368,-40,10.812,1,-2.81,-124.241,3,92.44
2026-02-22T20:45:41.000Z,1771793141.000,32.631417023,-117.19253566,6.256,50.552,50.927,20.25,4.197,-106.964,12.046,303.962,1.819,-41,12.828,1,-1.154,-121.051,3,95.801
2026-02-22T20:45:42.000Z,1771793142.000,32.631436631,-117.192515385,5.348,35.146,33.483,7.587,3.011,-89.56,12.047,303.922,0.257,-42,11.925,1,0.439,-118.048,3,96.396
2026-02-22T20:45:43.000Z,1771793143.000,32.631455515,-117.192497956,5.215,41.929,22.56,15.447,3.128,-78.677,12.048,303.883,1.024,-43,11.338,1,-0.194,-115.519,3,97.481
2026-02-22T20:45:44.000Z,1771793144.000,32.631477294,-117.192481307,5.646,21.978,23.345,24.073,-1.91,-79.497,12.049,303.849,1.033,-44,11.467,1,1.721,-112.633,3,99.433
2026-02-22T20:45:45.000Z,1771793145.000,32.631502909,-117.192473236,5.941,10.789,5.767,19.731,0.392,-61.955,12.05,303.812,2.796,-45,9.266,1,2.87,-110.449,2,98.916
2026-02-22T20:45:46.000Z,1771793146.000,32.631529115,-117.192466141,5.87,13.611,1.013,16.686,3.912,-57.24,12.051,303.773,3.175,-46,7.971,1,2.574,-107.937,2,99.362
2026-02-22T20:45:47.000Z,1771793147.000,32.631556951,-117.19245922,5.964,8.757,357.201,11.147,1.576,-53.473,12.052,303.728,3.543,-47,6.648,1,3.054,-105.269,2,99.662
2026-02-22T20:45:48.000Z,1771793148.000,32.63158248,-117.192450646,5.676,20.685,0.27,13.907,3.263,-56.584,12.053,303.686,3.121,-48,6.061,1,1.83,-102.367,2,100.696
2026-02-22T20:45:49.000Z,1771793149.000,32.631607792,-117.192443238,5.956,7.45,4.61,19.428,2.192,-60.958,12.054,303.652,2.893,-49,5.491,1,3.154,-99.503,2,101.825
2026-02-22T20:45:50.000Z,1771793150.000,32.631633984,-117.19244045,5.641,7.695,355.939,25.068,3.307,-52.335,12.056,303.604,3.446,-50,3.59,1,2.963,-97.441,2,102.21
2026-02-22T20:45:51.000Z,1771793151.000,32.631660959,-117.192440121,5.372,352.237,353.933,30.545,5.514,-50.358,12.057,303.575,3.426,-51,1.92,1,3.934,-95.138,2,102.14
2026-02-22T20:45:52.000Z,1771793152.000,32.631686848,-117.192448281,5.59,345.5,338.67,19.291,1.284,-35.127,12.058,303.543,4.546,-52,-1.093,1,4.512,-94.267,2,100.531
2026-02-22T20:45:53.000Z,1771793153.000,32.631712781,-117.192455952,6.025,345.977,339.801,19.952,3.392,-36.299,12.059,303.503,4.856,-53,-3.166,1,4.83,-92.315,2,99.47
2026-02-22T20:45:54.000Z,1771793154.000,32.631740085,-117.192465906,6.689,343.516,335.787,17.701,5.812,-32.327,12.06,303.46,5.652,-54,-5.739,1,5.527,-90.735,2,97.849
2026-02-22T20:45:55.000Z,1771793155.000,32.631766203,-117.192474817,5.774,346.977,335.126,17.298,6.821,-31.713,12.061,303.413,4.913,-55,-7.997,1,4.563,-88.969,2,96.929
2026-02-22T20:45:56.000Z,1771793156.000,32.631792596,-117.192482901,6.1,341.969,334.062,22.643,3.572,-30.68,12.062,303.382,5.246,-56,-10.222,1,5.126,-87.161,2,96.348
2026-02-22T20:45:57.000Z,1771793157.000,32.631819357,-117.192494781,5.873,338.127,332.3,22.593,0.152,-28.951,12.063,303.349,5.129,-57,-12.795,1,5.137,-85.588,2,94.986
2026-02-22T20:45:58.000Z,1771793158.000,32.631845035,-117.192507788,6.228,336.232,331.419,21.342,-2.008,-28.106,12.064,303.312,5.495,-58,-15.365,1,5.542,-84.108,2,93.755
2026-02-22T20:45:59.000Z,1771793159.000,32.631869703,-117.192522497,6.297,335.388,330.039,11.122,1.884,-26.766,12.066,303.273,5.622,-59,-18.026,1,5.644,-82.853,2,92.002
2026-02-22T20:46:00.000Z,1771793160.000,32.631895892,-117.192534313,6.271,342.765,330.82,8.458,0.81,-27.592,12.067,303.228,5.557,-60,-20.459,1,5.214,-81.139,2,90.541
2026-02-22T20:46:01.000Z,1771793161.000,32.631923853,-117.192540209,6.34,354.219,336.491,17.851,0.793,-33.305,12.068,303.186,5.291,-61,-22.305,1,4.463,-78.583,2,90.14
2026-02-22T20:46:02.000Z,1771793162.000,32.631950468,-117.192545907,5.587,349.374,338.969,17.25,2.806,-35.817,12.069,303.152,4.53,-62,-24.189,1,4.25,-76.369,2,89.707
2026-02-22T20:46:03.000Z,1771793163.000,32.631976685,-117.192552829,5.956,349.606,336.398,19.871,-1.095,-33.285,12.07,303.113,4.978,-63,-26.387,1,4.513,-74.614,2,89.189
2026-02-22T20:46:04.000Z,1771793164.000,32.632002149,-117.192561543,5.954,343.439,337.074,17.801,8.349,-33.996,12.071,303.079,4.935,-64,-28.529,1,4.9,-72.8,2,88.55
2026-02-22T20:46:05.000Z,1771793165.000,32.632027684,-117.192572305,5.861,335.628,333.68,14.012,2.127,-30.638,12.072,303.042,5.036,-65,-31.022,1,5.23,-71.386,2,87.306
2026-02-22T20:46:06.000Z,1771793166.000,32.632053079,-117.192581435,6.042,346.629,334.543,18.154,0.208,-31.536,12.073,303.007,5.147,-66,-33.19,1,4.769,-69.586,2,86.3
2026-02-22T20:46:07.000Z,1771793167.000,32.632079702,-117.192588475,5.643,345.872,337.756,15.901,2.191,-34.788,12.074,302.968,4.635,-67,-35.15,1,4.497,-67.394,2,85.228
2026-02-22T20:46:08.000Z,1771793168.000,32.632106227,-117.192589585,6.052,7.086,344.053,22.618,3.429,-41.135,12.076,302.918,4.55,-68,-36.451,1,3.167,-64.682,2,85.053
2026-02-22T20:46:09.000Z,1771793169.000,32.632133463,-117.192592692,6.556,344.713,341.334,17.738,3.024,-38.517,12.077,302.817,5.123,-69,-38.42,1,5.296,-62.624,2,84.554
2026-02-22T20:46:10.000Z,1771793170.000,32.632162615,-117.192594916,6.716,354.262,342.613,30.53,0.072,-39.964,12.078,302.649,5.138,-70,-40.228,1,4.688,-60.075,2,84.29
2026-02-22T20:46:11.000Z,1771793171.000,32.632190336,-117.192601802,5.988,344.213,339.953,28.769,5.218,-37.737,12.079,302.215,4.736,-71,-42.528,1,4.861,-58.182,2,83.552
2026-02-22T20:46:12.000Z,1771793172.000,32.632216445,-117.192610836,5.626,345.157,335.178,30.012,0.865,-33.148,12.08,302.031,4.71,-72,-44.993,1,4.51,-56.71,2,82.966
2026-02-22T20:46:13.000Z,1771793173.000,32.632240332,-117.192621504,5.356,341.338,332.087,23.849,0.291,-30.067,12.081,302.02,4.635,-73,-47.365,1,4.496,-55.418,2,81.976
2026-02-22T20:46:14.000Z,1771793174.000,32.6322644,-117.192632881,6.063,331.728,332.23,17.203,4.019,-30.26,12.082,301.97,5.237,-74,-49.665,1,5.567,-53.915,2,81.101
2026-02-22T20:46:15.000Z,1771793175.000,32.632287303,-117.192644438,5.037,337.616,330.437,16.576,2.207,-28.533,12.083,301.905,4.425,-75,-51.99,1,4.394,-52.669,2,80.559
2026-02-22T20:46:16.000Z,1771793176.000,32.632310499,-117.19265496,5.485,341.585,331.453,21.716,3.897,-29.593,12.084,301.86,4.769,-76,-54.135,1,4.587,-51.13,2,80.389
2026-02-22T20:46:17.000Z,1771793177.000,32.632335008,-117.192665103,5.5,339.694,330.258,22.414,5.08,-28.254,12.086,302.004,4.845,-77,-56.416,1,4.694,-49.617,2,79.866
2026-02-22T20:46:18.000Z,1771793178.000,32.632358267,-117.1926771,5.336,334.226,330.013,25.233,2.165,-27.631,12.087,302.381,4.725,-78,-58.733,1,4.798,-48.251,2,79.12
2026-02-22T20:46:19.000Z,1771793179.000,32.632379602,-117.192689658,5.511,336.79,325.949,26.659,1.279,-23.331,12.088,302.618,5.061,-79,-61.123,1,4.841,-47.375,2,78.891
2026-02-22T20:46:20.000Z,1771793180.000,32.632401106,-117.192705238,5.147,322.837,325.227,21.064,-1.695,-22.635,12.089,302.591,4.751,-80,-63.639,1,4.981,-46.403,2,77.779
2026-02-22T20:46:21.000Z,1771793181.000,32.632422791,-117.192717067,5.165,338.637,328.528,18.096,4.013,-26.013,12.09,302.514,4.636,-81,-65.724,1,4.452,-44.897,2,77.307
2026-02-22T20:46:22.000Z,1771793182.000,32.632446489,-117.192727107,5.215,339.028,331.188,14.449,6.476,-28.837,12.091,302.351,4.567,-82,-67.803,1,4.476,-43.162,2,77.243
2026-02-22T20:46:23.000Z,1771793183.000,32.632470881,-117.192734254,5.87,347.799,336.618,20.151,2.708,-34.916,12.092,301.702,4.809,-83,-69.551,1,4.516,-41.01,2,77.025
2026-02-22T20:46:24.000Z,1771793184.000,32.632497077,-117.192742474,5.422,342.805,336.282,15.16,6.41,-34.813,12.093,301.469,4.45,-84,-71.745,1,4.455,-39.173,2,76.6
2026-02-22T20:46:25.000Z,1771793185.000,32.632524024,-117.192749955,5.68,344.113,335.51,19.727,2.344,-34.357,12.094,301.153,4.687,-85,-73.943,1,4.589,-37.26,2,76.124
2026-02-22T20:46:26.000Z,1771793186.000,32.632551896,-117.192758851,6.6,342.094,334.313,17.123,-0.18,-33.51,12.096,300.803,5.502,-86,-76.324,1,5.462,-35.376,2,75.459
2026-02-22T20:46:27.000Z,1771793187.000,32.632578757,-117.192763965,5.789,356.789,332.783,13.35,7.872,-31.943,12.097,300.841,4.912,-87,-78.358,1,3.807,-33.393,2,74.967
2026-02-22T20:46:28.000Z,1771793188.000,32.632606362,-117.192762212,5.986,1.411,346.313,29.371,-0.176,-45.125,12.098,301.189,4.222,-88,-79.145,1,3.553,-29.922,2,75.8
2026-02-22T20:46:29.000Z,1771793189.000,32.632632581,-117.192764635,5.221,358.989,345.948,37.107,1.907,-44.701,12.099,301.247,3.711,-89,-80.881,1,3.27,-27.756,2,75.854
2026-02-22T20:46:30.000Z,1771793190.000,32.632660004,-117.19277097,6.058,345.666,342.193,36.198,0.108,-40.644,12.1,301.549,4.597,-90,-83.185,1,4.778,-25.925,2,74.977
2026-02-22T20:46:31.000Z,1771793191.000,32.632685421,-117.192779866,5.47,340.237,336.801,38.948,0.845,-34.857,12.101,301.944,4.489,-91,-85.641,1,4.611,-24.541,2,74.37
2026-02-22T20:46:32.000Z,1771793192.000,32.632709442,-117.192794689,5.749,327.638,329.738,30.692,-0.267,-27.535,12.102,302.203,5.094,-92,-88.52,1,5.403,-23.762,2,73.384
2026-02-22T20:46:33.000Z,1771793193.000,32.632730796,-117.192810668,5.542,334.193,324.806,21.073,4.813,-22.807,12.103,301.999,5.104,-93,-91.208,1,4.958,-23.146,2,72.758
2026-02-22T20:46:34.000Z,1771793194.000,32.632754966,-117.192824433,5.8,331.286,327.261,22.003,-1.43,-25.678,12.104,301.583,5.227,-94,-93.63,1,5.312,-21.591,2,72.502
2026-02-22T20:46:35.000Z,1771793195.000,32.632778582,-117.192838654,5.627,340.016,328.352,13.615,8.582,-27.533,12.106,300.819,4.991,-95,-96.096,1,4.749,-20.217,2,71.978
2026-02-22T20:46:36.000Z,1771793196.000,32.632802728,-117.192850071,5.558,335.287,330.284,14.494,7.056,-29.505,12.107,300.779,4.838,-96,-98.337,1,4.919,-18.574,2,71.61
2026-02-22T20:46:37.000Z,1771793197.000,32.632827483,-117.192861558,5.422,338.107,328.265,14.499,1.737,-27.848,12.108,300.417,4.79,-97,-100.766,1,4.667,-17.179,2,71.144
2026-02-22T20:46:38.000Z,1771793198.000,32.632853441,-117.192867832,5.939,352.449,338.103,26.437,0.304,-38.293,12.109,299.811,4.652,-98,-102.354,1,4.199,-14.517,2,71.225
2026-02-22T20:46:39.000Z,1771793199.000,32.632879177,-117.192875198,5.685,342.385,337.249,25.982,6.78,-38.322,12.11,298.927,4.46,-99,-104.48,1,4.658,-12.707,2,70.927
2026-02-22T20:46:40.000Z,1771793200.000,32.632906336,-117.192885928,5.405,341.925,331.304,23.579,3.271,-33.059,12.111,298.246,4.52,-100,-107.172,1,4.451,-11.334,2,69.871
2026-02-22T20:46:41.000Z,1771793201.000,32.632932565,-117.1928931,6.118,347.988,334.576,29.595,-0.201,-36.608,12.112,297.968,4.907,-101,-109.131,1,4.64,-9.173,2,68.972
2026-02-22T20:46:42.000Z,1771793202.000,32.632956183,-117.19290479,5.525,334.56,329.043,19.166,2.942,-30.977,12.113,298.066,4.733,-102,-111.661,1,4.911,-8.146,2,67.825
2026-02-22T20:46:43.000Z,1771793203.000,32.632980207,-117.192911778,5.825,342.366,338.169,31.21,1.976,-39.545,12.114,298.623,4.488,-103,-113.221,1,4.764,-5.748,2,67.616
2026-02-22T20:46:44.000Z,1771793204.000,32.633002239,-117.192927682,5.611,313.769,330.326,21.559,2.782,-31.071,12.116,299.256,4.803,-104,-116.113,1,5.575,-5.258,2,66.112
2026-02-22T20:46:45.000Z,1771793205.000,32.63302381,-117.192944125,5.549,333.628,321.383,8.324,4.624,-21.7,12.117,299.684,5.155,-105,-118.98,1,4.97,-4.958,2,64.924
2026-02-22T20:46:46.000Z,1771793206.000,32.633046771,-117.192955675,5.444,337.801,325.395,14.525,-0.091,-25.323,12.118,300.071,4.919,-106,-121.113,1,4.684,-3.262,2,64.25
2026-02-22T20:46:47.000Z,1771793207.000,32.633069907,-117.192966449,5.311,342.092,328.733,13.004,2.412,-28.272,12.119,300.461,4.678,-107,-123.2,1,4.353,-1.563,2,63.549
2026-02-22T20:46:48.000Z,1771793208.000,32.633092398,-117.192977083,5.376,333.684,329.922,15.914,2.533,-29.238,12.12,300.684,4.691,-108,-125.31,1,4.807,-0.08,2,62.692
2026-02-22T20:46:49.000Z,1771793209.000,32.63311432,-117.192990683,5.4,330.767,326.955,17.921,2.121,-26.283,12.121,300.673,4.841,-109,-127.777,1,4.945,0.873,2,61.56
2026-02-22T20:46:50.000Z,1771793210.000,32.63313563,-117.19300665,5.342,326.215,319.736,11.589,0.614,-18.833,12.122,300.903,5.052,-110,-130.506,1,5.046,1.299,2,60.316
2026-02-22T20:46:51.000Z,1771793211.000,32.633157377,-117.193020501,5.188,330.826,323.285,10.43,0.047,-22.129,12.123,301.156,4.806,-111,-132.778,1,4.747,2.725,2,59.49
2026-02-22T20:46:52.000Z,1771793212.000,32.633179505,-117.193031711,5.435,336.012,328.374,13.505,2.371,-27.196,12.124,301.178,4.831,-112,-134.786,1,4.752,4.445,2,59.083
2026-02-22T20:46:53.000Z,1771793213.000,32.633203556,-117.193039017,5.23,353.739,331.134,18.235,2.233,-29.699,12.126,301.435,4.541,-113,-136.658,1,3.579,6.371,2,58.996
2026-02-22T20:46:54.000Z,1771793214.000,32.633229286,-117.193043458,5.789,345.904,336.82,18.669,2.434,-34.759,12.127,302.061,4.756,-114,-138.261,1,4.496,8.816,2,59.335
2026-02-22T20:46:55.000Z,1771793215.000,32.63325335,-117.193050571,5.187,339.567,338.195,16.251,-1.808,-35.007,12.128,303.188,4.249,-115,-140.161,1,4.363,10.645,2,59.942
2026-02-22T20:46:56.000Z,1771793216.000,32.633275802,-117.193058043,5.723,348.948,335.206,11.499,5.755,-31.918,12.129,303.288,4.849,-116,-142.199,1,4.242,12.002,2,60.926
2026-02-22T20:46:57.000Z,1771793217.000,32.633301808,-117.193062901,5.264,348.787,340.11,14.087,7.05,-36.665,12.13,303.445,4.223,-117,-143.863,1,3.908,14.378,2,61.316
2026-02-22T20:46:58.000Z,1771793218.000,32.633327932,-117.193067901,5.536,347.583,340.056,19.041,3.787,-36.302,12.131,303.754,4.462,-118,-145.782,1,4.184,16.409,2,60.696
2026-02-22T20:46:59.000Z,1771793219.000,32.633353091,-117.193076224,5.959,342.412,334.839,16.996,2.546,-30.285,12.132,304.553,5.137,-119,-148.152,1,4.835,17.804,2,58.981
2026-02-22T20:47:00.000Z,1771793220.000,32.633378923,-117.193080596,5.856,354.119,342.826,26.811,0.627,-37.121,12.133,305.704,4.662,-120,-149.607,1,3.953,20.398,2,58.806
2026-02-22T20:47:01.000Z,1771793221.000,32.633404647,-117.193087827,5.488,339.99,337.535,20.989,4.355,-31.073,12.134,306.462,4.698,-121,-151.947,1,4.579,21.913,2,57.943
2026-02-22T20:47:02.000Z,1771793222.000,32.633430778,-117.19309627,6.061,341.301,337.682,21.092,2.717,-30.893,12.136,306.789,5.201,-122,-154.133,1,4.977,23.766,2,57.881
2026-02-22T20:47:03.000Z,1771793223.000,32.633456574,-117.193104541,5.971,345.259,332.781,16.23,3.889,-25.952,12.137,306.829,5.368,-123,-156.513,1,4.652,25.237,2,57.602
2026-02-22T20:47:04.000Z,1771793224.000,32.633484287,-117.193112345,6.156,340.37,337.945,14.459,-2.785,-31.071,12.138,306.874,5.273,-124,-158.51,1,5.105,27.622,2,57.975
2026-02-22T20:47:05.000Z,1771793225.000,32.633509723,-117.193120193,5.688,349.706,334.19,10.216,6.355,-27.111,12.139,307.079,5.062,-125,-160.787,1,4.135,29.169,2,57.398
2026-02-22T20:47:06.000Z,1771793226.000,32.633534579,-117.193128179,5.318,338.401,334.507,10.656,1.805,-27.189,12.14,307.319,4.724,-126,-162.853,1,4.505,30.945,2,57.324
2026-02-22T20:47:07.000Z,1771793227.000,32.633558928,-117.193138816,5.6,342.674,331.304,10.847,1.928,-24.174,12.141,307.13,5.109,-127,-165.253,1,4.507,32.271,2,57.191
2026-02-22T20:47:08.000Z,1771793228.000,32.633583026,-117.19314797,5.235,341.924,331.614,11.722,-0.948,-24.755,12.142,306.858,4.753,-128,-167.37,1,4.252,33.915,2,55.961
2026-02-22T20:47:09.000Z,1771793229.000,32.633607843,-117.193154109,5.986,350.842,339.334,14.348,3.531,-32.503,12.143,306.832,5.035,-129,-168.946,1,4.257,36.317,2,56.851
2026-02-22T20:47:10.000Z,1771793230.000,32.633632776,-117.193160588,5.2,345.647,336.477,8.676,6.995,-30.526,12.144,305.95,4.479,-130,-171.053,1,4.011,37.967,2,56.354
2026-02-22T20:47:11.000Z,1771793231.000,32.63365923,-117.193164719,5.9,350.673,343.76,19.288,3.925,-37.973,12.146,305.786,4.644,-131,-172.545,1,4.2,40.571,2,57.72
2026-02-22T20:47:12.000Z,1771793232.000,32.633684587,-117.193173542,5.725,343.568,334.136,8.852,9.987,-28.358,12.147,305.778,5.035,-132,-175.199,1,4.539,41.663,2,56.92
2026-02-22T20:47:13.000Z,1771793233.000,32.633709232,-117.193182549,5.303,339.83,332.379,8.853,1.722,-26.58,12.148,305.799,4.728,-133,-177.419,1,4.404,43.21,2,57.8
2026-02-22T20:47:14.000Z,1771793234.000,32.633733831,-117.193188768,5.678,353.837,334.583,14.755,1.022,-28.878,12.149,305.705,4.971,-134,-179.255,1,3.806,45.204,2,58.52
2026-02-22T20:47:15.000Z,1771793235.000,32.63375693,-117.193195292,5.153,344.572,336.753,14.115,0.898,-30.987,12.15,305.766,4.417,-135,-181.016,1,4.022,47.038,2,59.443
2026-02-22T20:47:16.000Z,1771793236.000,32.633780251,-117.193199295,5.297,355.939,342.694,25.968,1.371,-37.277,12.151,305.418,4.203,-136,-182.389,1,3.397,49.284,2,60.116
2026-02-22T20:47:17.000Z,1771793237.000,32.633804106,-117.193206099,4.859,338.583,337.675,22.586,4.486,-31.878,12.152,305.797,4.126,-137,-184.576,1,4.084,50.678,2,60.199
2026-02-22T20:47:18.000Z,1771793238.000,32.633829041,-117.193213788,5.735,342.929,331.98,17.515,5.936,-26.082,12.153,305.898,5.15,-138,-186.891,1,4.57,52.047,2,60.068
2026-02-22T20:47:19.000Z,1771793239.000,32.633854068,-117.193220311,5.564,340.441,332.679,18.029,4.209,-26.682,12.154,305.997,4.969,-139,-188.835,1,4.573,53.949,2,59.916
2026-02-22T20:47:20.000Z,1771793240.000,32.633877999,-117.193228295,5.86,336.56,334.805,16.755,-0.138,-28.957,12.156,305.848,5.123,-140,-190.769,1,5.028,55.775,2,61.024
2026-02-22T20:47:21.000Z,1771793241.000,32.633902532,-117.193236628,5.846,347.984,335.014,16.491,4.388,-29.663,12.157,305.351,5.076,-141,-192.85,1,4.318,57.495,2,60.82
2026-02-22T20:47:22.000Z,1771793242.000,32.633928216,-117.193242005,5.612,348.559,337.567,23.899,4.523,-32.565,12.158,305.002,4.73,-142,-194.653,1,4.104,59.652,2,60.446
2026-02-22T20:47:23.000Z,1771793243.000,32.6339532,-117.193249506,6,341.549,335.87,24.266,-0.499,-31.047,12.159,304.823,5.138,-143,-196.78,1,4.851,61.323,2,60.246
2026-02-22T20:47:24.000Z,1771793244.000,32.633978991,-117.193259136,5.7,342.807,334.639,24.144,3.749,-30.197,12.16,304.441,4.926,-144,-199.103,1,4.531,62.98,2,60.253
2026-02-22T20:47:25.000Z,1771793245.000,32.634003507,-117.193269415,5.712,335.58,331.075,19.521,3.511,-27.128,12.161,303.947,5.082,-145,-201.497,1,4.939,64.314,2,59.279
2026-02-22T20:47:26.000Z,1771793246.000,32.634027632,-117.193281278,5.7,331.377,329.853,16.394,-0.47,-26.527,12.162,303.325,5.099,-146,-203.893,1,5.124,65.693,2,57.8
2026-02-22T20:47:27.000Z,1771793247.000,32.634052015,-117.193288321,6.282,349.494,334.883,19.513,0.928,-31.857,12.163,303.027,5.321,-147,-205.656,1,4.507,67.824,2,58.146
2026-02-22T20:47:28.000Z,1771793248.000,32.634078783,-117.193295649,6.444,340.628,337.491,20.551,3.472,-34.4,12.164,303.091,5.318,-148,-207.68,1,5.255,69.972,2,56.992
2026-02-22T20:47:29.000Z,1771793249.000,32.634104785,-117.193301877,5.46,351.053,335.22,23.58,0.034,-32.148,12.166,303.071,4.622,-149,-209.793,1,3.804,71.766,2,56.669
2026-02-22T20:47:30.000Z,1771793250.000,32.634129814,-117.193307499,5.5,346.307,339.181,24.674,3.372,-35.592,12.167,303.589,4.472,-150,-211.507,1,4.142,73.947,2,56.911
2026-02-22T20:47:31.000Z,1771793251.000,32.63415623,-117.193316563,5.653,340.205,336.643,21.548,3.397,-32.982,12.168,303.661,4.738,-151,-213.885,1,4.626,75.601,2,57.644
2026-02-22T20:47:32.000Z,1771793252.000,32.634182083,-117.193326115,5.836,342.46,335.222,21.301,2.877,-31.55,12.169,303.671,4.972,-152,-216.215,1,4.637,77.254,2,58.448
2026-02-22T20:47:33.000Z,1771793253.000,32.63420822,-117.193334336,6.21,346.567,333.968,20.816,0.302,-30.299,12.17,303.669,5.361,-153,-218.444,1,4.648,79.018,2,58.268
2026-02-22T20:47:34.000Z,1771793254.000,32.634233984,-117.193343107,6.353,340.501,332.838,16.352,1.228,-29.106,12.171,303.732,5.553,-154,-220.688,1,5.17,80.726,2,58.3
2026-02-22T20:47:35.000Z,1771793255.000,32.634259826,-117.193349957,5.666,348.58,337.832,23.192,3.077,-34.009,12.172,303.823,4.691,-155,-222.507,1,4.099,82.986,2,58.344
2026-02-22T20:47:36.000Z,1771793256.000,32.634285024,-117.193360588,5.825,334.235,335.002,17.356,4.437,-31.125,12.173,303.877,4.983,-156,-224.952,1,5.077,84.422,2,58.147
2026-02-22T20:47:37.000Z,1771793257.000,32.634309228,-117.193368617,5.3,348.338,331.916,19.341,2.711,-28.23,12.174,303.686,4.669,-157,-227.132,1,3.844,85.892,2,57.529
2026-02-22T20:47:38.000Z,1771793258.000,32.634333932,-117.193376758,5.611,338.777,335.75,19.587,1.305,-31.975,12.176,303.776,4.756,-158,-229.048,1,4.652,87.9,2,58.366
2026-02-22T20:47:39.000Z,1771793259.000,32.63435764,-117.193384917,5.2,349.05,335.847,21.002,1.204,-32.133,12.177,303.714,4.402,-159,-231.073,1,3.721,89.55,2,57.878
2026-02-22T20:47:40.000Z,1771793260.000,32.634381502,-117.193393437,5.856,341.747,333.983,14.673,5.024,-30.234,12.178,303.749,5.059,-160,-233.222,1,4.673,91.052,2,57.988
2026-02-22T20:47:41.000Z,1771793261.000,32.634407783,-117.193399985,5.948,349.122,336.841,20.53,2.964,-32.635,12.179,304.207,5.007,-161,-235.141,1,4.243,93.217,2,58.125
2026-02-22T20:47:42.000Z,1771793262.000,32.634433097,-117.193408741,5.325,342.954,334.158,15.654,2.793,-29.872,12.18,304.287,4.611,-162,-237.43,1,4.176,94.776,2,58.51
2026-02-22T20:47:43.000Z,1771793263.000,32.634458698,-117.193417205,5.836,343.136,334.978,19.779,-0.599,-30.585,12.181,304.393,5.023,-163,-239.557,1,4.562,96.629,2,59.126
2026-02-22T20:47:44.000Z,1771793264.000,32.634483476,-117.193425838,5.544,346.867,332.695,12.837,9.3,-27.953,12.182,304.743,4.896,-164,-241.784,1,4.096,98.174,2,58.741
2026-02-22T20:47:45.000Z,1771793265.000,32.634510415,-117.193432352,5.721,345.872,339.208,20.168,-1.007,-34.243,12.183,304.964,4.727,-165,-243.568,1,4.289,100.657,2,58.984
2026-02-22T20:47:46.000Z,1771793266.000,32.63453652,-117.19344024,5.424,351.552,336.395,18.352,1.115,-31.16,12.184,305.235,4.641,-166,-245.85,1,3.687,102.332,2,59.149
2026-02-22T20:47:47.000Z,1771793267.000,32.634562626,-117.193446302,6.082,347.412,339.093,20.071,2.296,-33.606,12.186,305.487,5.057,-167,-247.717,1,4.442,104.492,2,59.455
2026-02-22T20:47:48.000Z,1771793268.000,32.634589529,-117.193453549,5.848,347.741,332.731,14.641,4.078,-27.071,12.187,305.66,5.208,-168,-250.15,1,4.245,106.018,2,59.428
2026-02-22T20:47:49.000Z,1771793269.000,32.634616663,-117.193456975,5.925,348.635,343.11,24.536,0.294,-37.254,12.188,305.855,4.714,-169,-251.498,1,4.231,108.952,2,59.673
2026-02-22T20:47:50.000Z,1771793270.000,32.634641729,-117.193465091,5.628,342.675,335.471,13.37,2.122,-29.526,12.189,305.944,4.89,-170,-253.979,1,4.404,110.193,2,59.81
2026-02-22T20:47:51.000Z,1771793271.000,32.634668612,-117.193469658,6.119,356.646,339.708,20.074,1.234,-33.535,12.19,306.173,5.091,-171,-255.702,1,3.721,112.615,2,60.7
2026-02-22T20:47:52.000Z,1771793272.000,32.634696185,-117.193476478,6.039,346.603,339.083,17.647,1.227,-32.627,12.191,306.456,5.087,-172,-257.882,1,4.448,114.635,2,60.75
2026-02-22T20:47:53.000Z,1771793273.000,32.634722607,-117.19348371,6.042,346.366,336.402,19.481,1.674,-29.98,12.192,306.422,5.233,-173,-260.121,1,4.463,116.383,2,60.934
2026-02-22T20:47:54.000Z,1771793274.000,32.634749415,-117.193490407,5.732,350.493,334.661,12.802,3.778,-28.361,12.193,306.3,5.042,-174,-262.291,1,3.941,118.259,2,60.87
2026-02-22T20:47:55.000Z,1771793275.000,32.634777815,-117.193494093,6.034,351.382,341.097,19.231,2.04,-34.608,12.194,306.488,4.967,-175,-263.926,1,4.075,121.019,2,61.35
2026-02-22T20:47:56.000Z,1771793276.000,32.634804423,-117.193500346,5.713,348.414,337.201,20.502,1.35,-30.526,12.196,306.675,4.921,-176,-266.162,1,4.068,122.758,2,61.615
2026-02-22T20:47:57.000Z,1771793277.000,32.634828312,-117.193511655,5.3,328.99,330.112,19.294,-0.421,-23.365,12.197,306.747,4.864,-177,-268.757,1,4.795,123.723,2,61.319
2026-02-22T20:47:58.000Z,1771793278.000,32.634844325,-117.193532333,5.231,304.227,310.511,6.267,3.819,-3.787,12.198,306.724,5.213,-178,-271.845,1,5.231,122.436,2,60.928
2026-02-22T20:47:59.000Z,1771793279.000,32.634854197,-117.193554829,4.277,290.448,288.802,-2.586,-0.785,17.911,12.199,306.713,4.065,-179,-274.156,1,4.161,120.308,2,60.966
2026-02-22T20:48:00.000Z,1771793280.000,32.634858221,-117.193576687,3.531,270.455,276.572,-8.045,5,30.549,12.2,307.122,3.045,-180,-275.824,1,2.946,118.527,2,61.752
2026-02-22T20:48:01.000Z,1771793281.000,32.634854883,-117.19359943,4.57,255.911,267.688,-20.581,-1.957,39.527,12.201,307.215,3.523,-181,-277.095,1,3.055,116.356,2,63.226
2026-02-22T20:48:02.000Z,1771793282.000,32.634850185,-117.193622754,4.423,259.232,267.817,-20.661,5.44,39.558,12.202,307.375,3.41,-182,-278.692,1,3.14,114.63,2,64.633
2026-02-22T20:48:03.000Z,1771793283.000,32.63484583,-117.193647685,4.724,260.474,268.052,-21.389,3,39.352,12.203,307.405,3.652,-183,-280.44,1,3.422,112.851,2,65.625
2026-02-22T20:48:04.000Z,1771793284.000,32.63484195,-117.193671991,4.644,255.42,267.165,-16.812,2.923,40.129,12.204,307.294,3.551,-184,-282.117,1,3.066,111.078,2,66.536
2026-02-22T20:48:05.000Z,1771793285.000,32.634838499,-117.193698084,5.178,261.557,264.405,-12.678,2.876,42.833,12.206,307.238,3.795,-185,-283.869,1,3.812,109.131,2,67.77
2026-02-22T20:48:06.000Z,1771793286.000,32.634831966,-117.19372417,5.465,255.757,264.074,-18.854,2.713,43.301,12.207,307.374,3.976,-186,-285.558,1,3.625,107.058,2,68.974
2026-02-22T20:48:07.000Z,1771793287.000,32.634825547,-117.19375162,5.374,250.834,265.011,-24.126,1.278,42.585,12.208,307.596,3.956,-187,-287.423,1,3.202,104.995,2,69.6
2026-02-22T20:48:08.000Z,1771793288.000,32.63482165,-117.193779779,6.097,262.88,272.343,-26.636,-0.21,35.266,12.209,307.609,4.98,-188,-289.768,1,4.573,103.525,2,70.009
2026-02-22T20:48:09.000Z,1771793289.000,32.634819334,-117.193807705,4.911,265.501,275.647,-26.755,4.356,31.944,12.21,307.591,4.166,-189,-291.987,1,3.826,101.967,2,70.385
2026-02-22T20:48:10.000Z,1771793290.000,32.634820104,-117.193836867,5.172,273.615,274.182,-19.771,1.181,33.491,12.211,307.673,4.314,-190,-294.308,1,4.445,100.288,2,69.585
2026-02-22T20:48:11.000Z,1771793291.000,32.634818532,-117.193866735,5.871,265.503,275.554,-21.486,0.384,32.034,12.212,307.587,4.977,-191,-296.653,1,4.568,98.556,2,70.375
2026-02-22T20:48:12.000Z,1771793292.000,32.63481652,-117.193896834,5.545,264.297,274.899,-21.447,10.996,32.757,12.213,307.656,4.664,-192,-298.916,1,4.237,96.633,2,70.942
2026-02-22T20:48:13.000Z,1771793293.000,32.634813995,-117.193928341,6,265.676,274.474,-26.693,-0.555,33.473,12.214,307.946,5.005,-193,-301.271,1,4.673,94.6,2,71.221
2026-02-22T20:48:14.000Z,1771793294.000,32.6348138,-117.193958264,5.545,267.381,279.156,-27.548,4.147,29.093,12.216,308.249,4.844,-194,-303.807,1,4.418,93.222,2,71.321
2026-02-22T20:48:15.000Z,1771793295.000,32.634815991,-117.193988739,5.489,280.989,278.348,-25.325,4.596,30.176,12.217,308.523,4.745,-195,-306.344,1,5.03,91.637,2,71.085
2026-02-22T20:48:16.000Z,1771793296.000,32.634818673,-117.194020031,5.523,277.569,276.247,-19.652,0.492,32.491,12.218,308.738,4.658,-196,-308.928,1,4.918,89.961,2,70.678
2026-02-22T20:48:17.000Z,1771793297.000,32.634820185,-117.194051509,6.274,271.774,276.225,-16.978,-0.018,33.031,12.219,309.256,5.26,-197,-311.53,1,5.268,88.315,2,70.349
2026-02-22T20:48:18.000Z,1771793298.000,32.634820345,-117.194082876,6.466,267.754,276.65,-15.732,4.941,33.01,12.22,309.66,5.425,-198,-314.058,1,5.166,86.588,2,70.385
2026-02-22T20:48:19.000Z,1771793299.000,32.634820513,-117.194115631,5.787,271.264,275.929,-20.75,2.487,33.53,12.221,309.458,4.821,-199,-316.66,1,4.825,84.703,2,70.047
2026-02-22T20:48:20.000Z,1771793300.000,32.634821324,-117.194147773,6.059,266.401,272.787,-17.033,3.403,36.414,12.222,309.2,4.877,-200,-319.158,1,4.747,82.745,2,70.488
2026-02-22T20:48:21.000Z,1771793301.000,32.634819916,-117.194177966,5.344,267.111,271.946,-20.436,0.214,37.152,12.223,309.098,4.259,-201,-321.455,1,4.224,80.86,2,70.852
2026-02-22T20:48:22.000Z,1771793302.000,32.634817775,-117.194208395,5.421,259.872,270.44,-21.873,1.251,38.785,12.224,309.225,4.226,-202,-323.7,1,3.829,78.852,2,71.404
2026-02-22T20:48:23.000Z,1771793303.000,32.634813579,-117.194238512,5.735,259.449,269.571,-21.364,3.508,39.804,12.226,309.375,4.405,-203,-325.825,1,4.017,76.723,2,71.874
2026-02-22T20:48:24.000Z,1771793304.000,32.634809882,-117.194269446,6.148,266.556,270.219,-24.223,-0.766,39.306,12.227,309.525,4.757,-204,-328.108,1,4.813,74.69,2,72.219
2026-02-22T20:48:25.000Z,1771793305.000,32.634808037,-117.194300088,5.911,262.49,270.668,-21.36,5.121,38.811,12.228,309.479,4.608,-205,-330.467,1,4.351,72.826,2,72.775
2026-02-22T20:48:26.000Z,1771793306.000,32.634805237,-117.194331644,5.889,262.469,273.27,-24.432,3.407,35.907,12.229,309.177,4.769,-206,-332.929,1,4.33,70.968,2,72.957
2026-02-22T20:48:27.000Z,1771793307.000,32.634803862,-117.194362341,5.3,267.662,271.718,-19.957,4.9,37.133,12.23,308.851,4.225,-207,-335.24,1,4.203,69.009,2,73.148
2026-02-22T20:48:28.000Z,1771793308.000,32.634802674,-117.194393905,5.904,271.55,272.933,-22.051,-1.218,35.795,12.231,308.728,4.791,-208,-337.74,1,4.913,67.202,2,73.478
2026-02-22T20:48:29.000Z,1771793309.000,32.6348027,-117.194425573,5.531,268.484,276.073,-17.397,5.73,32.355,12.232,308.428,4.672,-209,-340.387,1,4.43,65.631,2,72.964
2026-02-22T20:48:30.000Z,1771793310.000,32.634801216,-117.194456751,5.346,268.741,273.425,-20.42,3.411,34.82,12.233,308.246,4.388,-210,-342.694,1,4.293,63.557,2,73.379
2026-02-22T20:48:31.000Z,1771793311.000,32.634799804,-117.194486711,5.065,268.573,273.504,-18.938,6.46,34.618,12.234,308.123,4.167,-211,-345.008,1,4.056,61.745,2,73.684
2026-02-22T20:48:32.000Z,1771793312.000,32.634797306,-117.194517635,5.915,262.394,272.442,-25.199,1.258,35.303,12.236,307.744,4.827,-212,-347.292,1,4.323,59.706,2,73.933
2026-02-22T20:48:33.000Z,1771793313.000,32.634796689,-117.194550938,6.078,271.059,274.213,-23.2,0.768,33.038,12.237,307.25,5.094,-213,-349.983,1,5.014,57.891,2,73.525
2026-02-22T20:48:34.000Z,1771793314.000,32.634797288,-117.194583163,6.012,275.986,273.492,-15.009,2.428,33.281,12.238,306.773,5.026,-214,-352.565,1,5.23,56.075,2,73.248
2026-02-22T20:48:35.000Z,1771793315.000,32.634795976,-117.194614035,5.544,262.732,268.17,-15.539,-0.155,38.007,12.239,306.178,4.369,-215,-354.734,1,4.064,53.868,2,73.318
2026-02-22T20:48:36.000Z,1771793316.000,32.634790056,-117.194645245,6.027,255.862,270.91,-26.817,-0.385,34.695,12.24,305.605,4.957,-216,-357.001,1,3.891,51.756,2,73.431
2026-02-22T20:48:37.000Z,1771793317.000,32.634786884,-117.194675985,5.536,265.851,272.779,-18.533,8.822,32.443,12.241,305.223,4.669,-217,-359.346,1,4.25,49.863,2,73.735
2026-02-22T20:48:38.000Z,1771793318.000,32.634783365,-117.194707321,5.659,260.212,269.218,-20.643,4.231,35.492,12.242,304.709,4.607,-218,-361.5,1,3.963,47.547,2,74.177
2026-02-22T20:48:39.000Z,1771793319.000,32.634779418,-117.194738603,5.644,267.155,270.985,-25.509,1.184,33.49,12.243,304.476,4.707,-219,-363.844,1,4.407,45.545,2,74.585
2026-02-22T20:48:40.000Z,1771793320.000,32.634777639,-117.194770566,5.688,269.563,273.112,-19.145,6.808,31.151,12.244,304.263,4.868,-220,-366.378,1,4.584,43.724,2,74.747
2026-02-22T20:48:41.000Z,1771793321.000,32.634775552,-117.194801927,5.876,264.114,270.581,-20.718,3.284,33.437,12.246,304.018,4.904,-221,-368.66,1,4.38,41.6,2,74.637
2026-02-22T20:48:42.000Z,1771793322.000,32.63477276,-117.19483403,6.185,264.751,271.094,-22.843,0.095,32.836,12.247,303.93,5.197,-222,-371.084,1,4.652,39.573,2,75.306
2026-02-22T20:48:43.000Z,1771793323.000,32.634769618,-117.194866515,6.256,260.457,273.875,-29.263,0.383,30.045,12.248,303.92,5.416,-223,-373.605,1,4.379,37.646,2,74.83
2026-02-22T20:48:44.000Z,1771793324.000,32.634767506,-117.194897158,5.676,262.047,271.413,-19.488,10.103,32.265,12.249,303.678,4.799,-224,-375.833,1,4.08,35.564,2,75.364
2026-02-22T20:48:45.000Z,1771793325.000,32.634763847,-117.194928091,5.829,263.712,268.177,-23.358,-0.312,35.336,12.25,303.513,4.755,-225,-377.953,1,4.302,33.284,2,76.154
2026-02-22T20:48:46.000Z,1771793326.000,32.634759638,-117.194959247,5.744,263.162,269.479,-23.511,1.154,33.995,12.251,303.474,4.763,-226,-380.255,1,4.198,31.234,2,75.866
2026-02-22T20:48:47.000Z,1771793327.000,32.634756539,-117.194991258,5.546,266.291,272.151,-25.251,-0.397,31.384,12.252,303.536,4.734,-227,-382.743,1,4.251,29.326,2,76.212
2026-02-22T20:48:48.000Z,1771793328.000,32.634755275,-117.195022508,5.95,267.912,274.175,-21.609,1.744,29.309,12.253,303.484,5.188,-228,-385.243,1,4.663,27.585,2,75.639
2026-02-22T20:48:49.000Z,1771793329.000,32.634753819,-117.195053239,5.759,265.142,271.025,-19.563,2.718,32.547,12.254,303.572,4.855,-229,-387.49,1,4.332,25.51,2,76.168
2026-02-22T20:48:50.000Z,1771793330.000,32.634749654,-117.195086078,6.089,261.856,270.783,-24.589,0.631,32.692,12.256,303.474,5.124,-230,-389.861,1,4.337,23.27,2,76.186
2026-02-22T20:48:51.000Z,1771793331.000,32.634746837,-117.195119271,6.263,265.837,274.044,-26.193,1.824,29.348,12.257,303.393,5.459,-231,-392.476,1,4.752,21.364,2,76.556
2026-02-22T20:48:52.000Z,1771793332.000,32.63474667,-117.19515204,5.874,270.633,274.053,-18.702,5.681,29.256,12.258,303.309,5.123,-232,-395.085,1,4.758,19.499,2,76.582
2026-02-22T20:48:53.000Z,1771793333.000,32.6347468,-117.195185077,5.575,266.749,271.698,-16.388,-0.301,31.519,12.259,303.217,4.754,-233,-397.639,1,4.28,17.488,2,76.697
2026-02-22T20:48:54.000Z,1771793334.000,32.63474473,-117.195216086,5.8,269.946,271.677,-17.071,-1.991,31.598,12.26,303.275,4.94,-234,-399.995,1,4.65,15.551,2,76.898
2026-02-22T20:48:55.000Z,1771793335.000,32.634741874,-117.195247564,6.409,260.073,272.31,-18.088,1.004,31.139,12.261,303.449,5.487,-235,-402.369,1,4.401,13.562,2,76.908
2026-02-22T20:48:56.000Z,1771793336.000,32.634738621,-117.195279032,6.268,260.644,273.677,-20.275,0.157,30.052,12.262,303.728,5.427,-236,-404.746,1,4.345,11.589,2,77.226
2026-02-22T20:48:57.000Z,1771793337.000,32.634737534,-117.195311053,5.534,267.618,274.186,-16.654,7.898,29.677,12.263,303.863,4.805,-237,-407.259,1,4.289,9.719,2,77.332
2026-02-22T20:48:58.000Z,1771793338.000,32.634735922,-117.195343075,5.912,266.758,273.985,-15.431,4.786,30.02,12.264,304.005,5.118,-238,-409.716,1,4.522,7.754,2,77.618
2026-02-22T20:48:59.000Z,1771793339.000,32.634734674,-117.195374379,5.459,268.332,269.114,-12.201,3.999,35.078,12.266,304.191,4.468,-239,-411.947,1,4.266,5.554,2,78.236
2026-02-22T20:49:00.000Z,1771793340.000,32.634731873,-117.195405309,5.243,263.03,269.835,-18.326,0.299,34.556,12.267,304.391,4.319,-240,-414.286,1,3.775,3.606,2,78.248
2026-02-22T20:49:01.000Z,1771793341.000,32.634729055,-117.195435048,5.672,259.383,270.189,-18.755,3.745,34.39,12.268,304.579,4.68,-241,-416.513,1,3.82,1.699,2,78.507
2026-02-22T20:49:02.000Z,1771793342.000,32.63472475,-117.195466119,6.113,261.4,269.365,-23.011,-2.082,35.356,12.269,304.721,4.985,-242,-418.709,1,4.269,-0.49,2,78.319
2026-02-22T20:49:03.000Z,1771793343.000,32.634719887,-117.195496482,6.256,258.38,271.987,-27.179,5.279,32.604,12.27,304.591,5.27,-243,-420.96,1,4.122,-2.464,2,78.761
2026-02-22T20:49:04.000Z,1771793344.000,32.634715717,-117.195528123,5.877,258.767,269.939,-22.753,9.349,34.61,12.271,304.549,4.837,-244,-423.162,1,3.898,-4.756,2,78.513
2026-02-22T20:49:05.000Z,1771793345.000,32.634713111,-117.195559832,5.636,263.714,269.45,-19.776,0.719,35.235,12.272,304.685,4.607,-245,-425.522,1,4.084,-6.809,2,79.029
2026-02-22T20:49:06.000Z,1771793346.000,32.634710962,-117.19559005,5.956,263.603,269.324,-20.772,2.635,35.83,12.273,305.154,4.827,-246,-427.806,1,4.303,-8.714,2,78.979
2026-02-22T20:49:07.000Z,1771793347.000,32.634707639,-117.195621442,5.821,264.108,270.715,-24.2,-0.579,34.795,12.274,305.51,4.781,-247,-430.18,1,4.238,-10.692,2,79.322
2026-02-22T20:49:08.000Z,1771793348.000,32.634705196,-117.195652221,5.676,268.383,274.01,-24.603,1.324,31.537,12.276,305.548,4.838,-248,-432.626,1,4.407,-12.427,2,79.703
2026-02-22T20:49:09.000Z,1771793349.000,32.634705213,-117.195682999,5.651,272.236,274.46,-21.201,-0.336,31.175,12.277,305.634,4.835,-249,-435.102,1,4.615,-14.133,2,79.644
2026-02-22T20:49:10.000Z,1771793350.000,32.634704785,-117.195713619,5.574,273.194,273.338,-16.853,3.054,32.302,12.278,305.64,4.712,-250,-437.481,1,4.601,-15.976,2,80.245
2026-02-22T20:49:11.000Z,1771793351.000,32.634703531,-117.195744801,6.076,266.606,273.335,-19.535,-1.283,32.498,12.279,305.833,5.124,-251,-439.898,1,4.586,-17.848,2,80.057
2026-02-22T20:49:12.000Z,1771793352.000,32.6347012,-117.195774604,5.537,263.272,271.413,-16.859,3.096,34.606,12.28,306.02,4.558,-252,-442.068,1,3.957,-19.866,2,80.053
2026-02-22T20:49:13.000Z,1771793353.000,32.634697921,-117.195804971,5.826,262.997,269.896,-23.55,1.815,36.183,12.281,306.08,4.703,-253,-444.24,1,4.139,-21.97,2,80.585
2026-02-22T20:49:14.000Z,1771793354.000,32.63469407,-117.195836102,5.456,259.933,270.899,-27.326,0.924,35.185,12.282,306.084,4.459,-254,-446.545,1,3.661,-24.005,2,80.514
2026-02-22T20:49:15.000Z,1771793355.000,32.634691355,-117.195867137,6.164,262.363,273.778,-27.789,1.379,32.406,12.283,306.184,5.204,-255,-448.98,1,4.323,-25.806,2,80.557
2026-02-22T20:49:16.000Z,1771793356.000,32.63469003,-117.195898589,5.8,270.234,275.802,-24.397,3.483,30.286,12.284,306.088,5.007,-256,-451.488,1,4.592,-27.561,2,80.244
2026-02-22T20:49:17.000Z,1771793357.000,32.634690211,-117.195931156,5.475,273.216,273.236,-19.612,3.82,32.806,12.286,306.043,4.601,-257,-454.006,1,4.499,-29.559,2,79.874
2026-02-22T20:49:18.000Z,1771793358.000,32.634689004,-117.195963692,5.9,267.312,271.105,-20.582,1.544,34.871,12.287,305.976,4.84,-258,-456.45,1,4.473,-31.645,2,80.653
2026-02-22T20:49:19.000Z,1771793359.000,32.634687913,-117.195995655,5.889,269.15,271.545,-21.332,-0.336,34.31,12.288,305.855,4.866,-259,-458.957,1,4.582,-33.518,2,80.001
2026-02-22T20:49:20.000Z,1771793360.000,32.634686988,-117.196026491,5.959,267.915,275.073,-22.222,-0.212,30.558,12.289,305.63,5.131,-260,-461.502,1,4.552,-35.104,2,80.044
2026-02-22T20:49:21.000Z,1771793361.000,32.634685587,-117.196057528,5.957,265.313,277.778,-19.836,4.83,27.667,12.29,305.446,5.275,-261,-463.99,1,4.367,-36.79,2,80.137
2026-02-22T20:49:22.000Z,1771793362.000,32.634683642,-117.196089717,5.459,265.143,269.189,-15.868,8.744,36.317,12.291,305.505,4.4,-262,-466.123,1,3.986,-39.361,2,80.909
2026-02-22T20:49:23.000Z,1771793363.000,32.634680055,-117.196120759,5.72,261.2,268.302,-19.756,-0.45,37.41,12.292,305.712,4.547,-263,-468.354,1,3.894,-41.487,2,81.43
2026-02-22T20:49:24.000Z,1771793364.000,32.63467562,-117.196151594,5.5,260.237,271.306,-19.424,3.831,34.725,12.293,306.031,4.52,-264,-470.689,1,3.671,-43.43,2,81.69
2026-02-22T20:49:25.000Z,1771793365.000,32.634673972,-117.196182025,5.272,264.354,269.955,-16.455,5.422,36.314,12.294,306.269,4.249,-265,-472.968,1,3.788,-45.383,2,81.979
2026-02-22T20:49:26.000Z,1771793366.000,32.634672005,-117.196212679,5.86,269.522,272.839,-18.879,-4.817,33.496,12.296,306.335,4.885,-266,-475.419,1,4.558,-47.097,2,82.003
2026-02-22T20:49:27.000Z,1771793367.000,32.634670136,-117.196241763,5.059,268.28,274.375,-12.519,8.009,31.678,12.297,306.053,4.301,-267,-477.691,1,3.862,-48.801,2,81.748
2026-02-22T20:49:28.000Z,1771793368.000,32.634666706,-117.196272963,5.611,261.911,267.633,-17,0.335,38.554,12.298,306.187,4.388,-268,-479.708,1,3.849,-51.31,2,82.089
2026-02-22T20:49:29.000Z,1771793369.000,32.634662488,-117.196302496,5.862,258.826,269.347,-18.142,3.393,37.053,12.299,306.4,4.679,-269,-481.898,1,3.782,-53.243,2,82.509
2026-02-22T20:49:30.000Z,1771793370.000,32.634659135,-117.196333347,5.615,262.362,270.632,-21.201,-2.329,36.183,12.3,306.816,4.532,-270,-484.222,1,3.875,-55.199,2,82.145
2026-02-22T20:49:31.000Z,1771793371.000,32.634656289,-117.196365091,5.779,259.862,273.418,-19.315,5.591,33.777,12.301,307.195,4.803,-271,-486.702,1,3.798,-57.059,2,82.653
2026-02-22T20:49:32.000Z,1771793372.000,32.634652739,-117.196395609,5.3,265.08,271.371,-22.67,4.24,35.905,12.302,307.275,4.292,-272,-488.853,1,3.828,-59.234,2,83.374
2026-02-22T20:49:33.000Z,1771793373.000,32.634650041,-117.196427388,6.236,265.431,272.101,-22.356,2.604,35.263,12.303,307.364,5.092,-273,-491.265,1,4.526,-61.22,2,83.464
2026-02-22T20:49:34.000Z,1771793374.000,32.634648771,-117.196460444,6.329,271.138,273.5,-20.277,-1.175,34.11,12.304,307.611,5.241,-274,-493.886,1,5,-63.105,2,82.912
2026-02-22T20:49:35.000Z,1771793375.000,32.634648371,-117.196492594,5.706,268.206,273.897,-19.302,1.079,33.721,12.306,307.618,4.748,-275,-496.445,1,4.319,-64.929,2,83.091
2026-02-22T20:49:36.000Z,1771793376.000,32.634646628,-117.196523652,5.962,262.598,272.197,-20.075,3.273,35.426,12.307,307.623,4.859,-276,-498.759,1,4.106,-66.952,2,83.332
2026-02-22T20:49:37.000Z,1771793377.000,32.634642868,-117.196555671,6.07,259.674,271.918,-24.261,3.902,35.97,12.308,307.887,4.913,-277,-501.087,1,3.945,-69.112,2,83.998
2026-02-22T20:49:38.000Z,1771793378.000,32.63464059,-117.196589252,5.722,266.675,273.63,-26.962,1.39,34.693,12.309,308.323,4.705,-278,-503.704,1,4.217,-71.095,2,83.998
2026-02-22T20:49:39.000Z,1771793379.000,32.634640312,-117.196621136,5.524,267.818,275.528,-26.308,-0.484,33.056,12.31,308.584,4.63,-279,-506.304,1,4.141,-72.791,2,83.694
2026-02-22T20:49:40.000Z,1771793380.000,32.634642179,-117.196653069,5.9,279.309,275.451,-20.377,-0.559,33.269,12.311,308.72,4.932,-280,-508.96,1,5.11,-74.433,2,83.281
2026-02-22T20:49:41.000Z,1771793381.000,32.634642118,-117.196684959,6.397,266.941,275.801,-18.373,-0.861,33.16,12.312,308.961,5.355,-281,-511.516,1,4.722,-76.215,2,83.149
2026-02-22T20:49:42.000Z,1771793382.000,32.634640562,-117.196717204,5.865,263.029,272.462,-10.982,8.119,36.443,12.313,308.905,4.719,-282,-513.877,1,4.044,-78.401,2,83.117
2026-02-22T20:49:43.000Z,1771793383.000,32.634637202,-117.196747681,5.076,264.671,269.316,-19.171,4.063,39.544,12.314,308.86,3.914,-283,-515.986,1,3.6,-80.626,2,83.934
2026-02-22T20:49:44.000Z,1771793384.000,32.634634191,-117.19677845,5.503,264.332,267.534,-18.51,1.472,41.408,12.316,308.943,4.13,-284,-518.188,1,3.875,-82.742,2,84.102
2026-02-22T20:49:45.000Z,1771793385.000,32.634629204,-117.196810451,5.967,262.314,270.082,-21.62,0.475,38.893,12.317,308.976,4.643,-285,-520.568,1,4.045,-84.831,2,84.315
2026-02-22T20:49:46.000Z,1771793386.000,32.634626209,-117.196841117,5.788,265.866,275.06,-21.902,6.729,33.842,12.318,308.902,4.805,-286,-523.037,1,4.176,-86.494,2,84.018
2026-02-22T20:49:47.000Z,1771793387.000,32.634626441,-117.196872395,5.574,273.528,275.828,-23.655,1.973,32.989,12.319,308.817,4.675,-287,-525.578,1,4.498,-88.188,2,84.165
2026-02-22T20:49:48.000Z,1771793388.000,32.6346275,-117.196904149,5.386,268.934,274.826,-20.782,1.243,33.798,12.32,308.623,4.477,-288,-528.14,1,4.073,-89.956,2,83.589
2026-02-22T20:49:49.000Z,1771793389.000,32.634627942,-117.196934966,5.565,274.67,275.122,-22.173,-0.281,33.394,12.321,308.516,4.645,-289,-530.637,1,4.549,-91.637,2,83.911
2026-02-22T20:49:50.000Z,1771793390.000,32.634628164,-117.196965603,6.013,269.33,276.646,-26.282,2.393,31.677,12.322,308.323,5.117,-290,-533.151,1,4.567,-93.241,2,83.974
2026-02-22T20:49:51.000Z,1771793391.000,32.6346283,-117.196996305,5.3,269.474,278.424,-20.758,4.565,29.59,12.323,308.014,4.608,-291,-535.669,1,4.031,-94.837,2,83.79
2026-02-22T20:49:52.000Z,1771793392.000,32.634628932,-117.197028721,5.568,274.71,275.34,-20.852,4.661,32.694,12.324,308.034,4.687,-292,-538.191,1,4.544,-96.828,2,84.163
2026-02-22T20:49:53.000Z,1771793393.000,32.6346291,-117.197060535,5.824,268.124,276.333,-21.441,-2.097,31.802,12.326,308.135,4.947,-293,-540.774,1,4.331,-98.539,2,83.998
2026-02-22T20:49:54.000Z,1771793394.000,32.634630912,-117.197091613,6.082,271.75,277.808,-16.451,1.143,30.509,12.327,308.317,5.242,-294,-543.413,1,4.768,-100.031,2,83.506
2026-02-22T20:49:55.000Z,1771793395.000,32.634629718,-117.197123684,5.821,265.132,274.664,-14.079,4.783,33.771,12.328,308.434,4.838,-295,-545.797,1,4.112,-102.167,2,83.983
2026-02-22T20:49:56.000Z,1771793396.000,32.634626171,-117.197155561,5.647,264.241,270.259,-17.412,4.631,38.216,12.329,308.475,4.437,-296,-547.964,1,3.921,-104.576,2,83.639
2026-02-22T20:49:57.000Z,1771793397.000,32.63462214,-117.197187525,6.237,264.449,269.991,-19.837,-2.229,38.564,12.33,308.555,4.874,-297,-550.272,1,4.341,-106.755,2,83.797
2026-02-22T20:49:58.000Z,1771793398.000,32.634620474,-117.197218191,5.6,269.465,274.756,-16.812,7.742,33.628,12.331,308.384,4.661,-298,-552.811,1,4.231,-108.317,2,83.965
2026-02-22T20:49:59.000Z,1771793399.000,32.634619546,-117.197249663,5.977,270.095,274.422,-21.796,2.072,33.841,12.332,308.264,4.965,-299,-555.26,1,4.555,-110.2,2,83.759
2026-02-22T20:50:00.000Z,1771793400.000,32.634619764,-117.197280119,5.3,266.825,272.808,-14.354,3.773,35.273,12.333,308.081,4.327,-300,-557.644,1,3.833,-112.009,2,84.108
2026-02-22T20:50:01.000Z,1771793401.000,32.634617421,-117.197309479,5.429,262.641,271.863,-21.434,1.195,35.94,12.334,307.804,4.396,-301,-559.816,1,3.638,-113.938,2,84.345
2026-02-22T20:50:02.000Z,1771793402.000,32.634615542,-117.19734097,5.689,267.686,274.212,-23.87,0.504,33.361,12.336,307.573,4.752,-302,-562.313,1,4.164,-115.725,2,83.603
2026-02-22T20:50:03.000Z,1771793403.000,32.6346149,-117.197372363,6.1,271.513,275.066,-19.514,-1.554,32.353,12.337,307.419,5.153,-303,-564.814,1,4.729,-117.496,2,82.853
2026-02-22T20:50:04.000Z,1771793404.000,32.634613112,-117.197401573,5.707,261.845,275.239,-23.831,2.446,31.625,12.338,306.864,4.864,-304,-567.049,1,3.751,-119.292,2,83.45
2026-02-22T20:50:05.000Z,1771793405.000,32.634611034,-117.197432165,5.119,263.759,273.575,-22.462,4.151,33.024,12.339,306.598,4.291,-305,-569.311,1,3.488,-121.318,2,83.157
2026-02-22T20:50:06.000Z,1771793406.000,32.634609325,-117.197463787,5.654,267.475,276.308,-25.558,2.658,30.136,12.34,306.443,4.891,-306,-571.837,1,4.108,-123.067,2,83.346
2026-02-22T20:50:07.000Z,1771793407.000,32.634610276,-117.19749532,5.812,275.063,277.948,-22.006,2.224,28.343,12.341,306.29,5.115,-307,-574.465,1,4.711,-124.648,2,83.028
2026-02-22T20:50:08.000Z,1771793408.000,32.634611766,-117.197527371,5.985,274.042,274.97,-15.379,1,31.339,12.342,306.308,5.109,-308,-577.008,1,4.783,-126.533,2,83.04
2026-02-22T20:50:09.000Z,1771793409.000,32.634612021,-117.197559066,5.7,267.661,273.419,-10.693,3.3,33.138,12.343,306.557,4.773,-309,-579.499,1,4.142,-128.406,2,82.79
2026-02-22T20:50:10.000Z,1771793410.000,32.634609555,-117.197589924,5.283,264.405,269.689,-13.844,6.868,36.665,12.344,306.353,4.239,-310,-581.669,1,3.622,-130.614,2,83.022
2026-02-22T20:50:11.000Z,1771793411.000,32.634605146,-117.197619684,5.95,258.824,268.912,-21.349,-0.813,37.539,12.346,306.451,4.711,-311,-583.756,1,3.633,-132.734,2,83.547
2026-02-22T20:50:12.000Z,1771793412.000,32.634601621,-117.197650242,5.967,262.284,273.587,-24.439,1.695,32.836,12.347,306.423,5.017,-312,-586.183,1,3.918,-134.465,2,83.117
2026-02-22T20:50:13.000Z,1771793413.000,32.634600273,-117.197681954,5.385,269.982,272.861,-16.892,9.881,33.578,12.348,306.439,4.484,-313,-588.61,1,4.043,-136.425,2,83.124
2026-02-22T20:50:14.000Z,1771793414.000,32.634598003,-117.197713699,5.454,265.226,270.021,-17.719,1.025,36.551,12.349,306.572,4.386,-314,-590.897,1,3.777,-138.605,2,82.591
2026-02-22T20:50:15.000Z,1771793415.000,32.634594947,-117.197744588,5.842,262.918,271.587,-18.265,-0.022,35.134,12.35,306.721,4.774,-315,-593.252,1,3.868,-140.518,2,82.773
2026-02-22T20:50:16.000Z,1771793416.000,32.634591117,-117.197774931,5.846,261.138,272.556,-19.911,3.65,34.128,12.351,306.684,4.84,-316,-595.493,1,3.728,-142.507,2,83.158
2026-02-22T20:50:17.000Z,1771793417.000,32.634587189,-117.197805095,5.676,258.137,268.934,-20.381,3.587,37.689,12.352,306.624,4.492,-317,-597.525,1,3.379,-144.796,2,82.868
2026-02-22T20:50:18.000Z,1771793418.000,32.634583062,-117.197836701,6.071,265.195,269.048,-21.356,0.414,37.516,12.353,306.565,4.814,-318,-599.814,1,4.181,-146.939,2,82.961
2026-02-22T20:50:19.000Z,1771793419.000,32.634579634,-117.197870368,6.428,267.867,270.156,-21.849,2.263,36.573,12.354,306.729,5.163,-319,-602.352,1,4.634,-149.073,2,82.89
2026-02-22T20:50:20.000Z,1771793420.000,32.634577241,-117.197901659,5.712,263.682,269.162,-16.914,6.26,37.73,12.356,306.892,4.517,-320,-604.67,1,3.813,-151.117,2,83.062
2026-02-22T20:50:21.000Z,1771793421.000,32.63457359,-117.197932477,5.938,263.673,267.993,-17.767,1.887,39.027,12.357,307.02,4.613,-321,-606.868,1,3.957,-153.255,2,83.13
2026-02-22T20:50:22.000Z,1771793422.000,32.634570215,-117.197963092,6.031,262.27,269.259,-19.111,0.362,37.872,12.358,307.131,4.76,-322,-609.172,1,3.902,-155.202,2,83.61
2026-02-22T20:50:23.000Z,1771793423.000,32.634565762,-117.197995107,6.209,262.537,271.436,-23.402,-0.759,35.675,12.359,307.112,5.045,-323,-611.563,1,4.034,-157.264,2,83.022
2026-02-22T20:50:24.000Z,1771793424.000,32.634561618,-117.198025203,5.688,258.877,270.712,-19.608,12.227,36.859,12.36,307.571,4.55,-324,-613.695,1,3.407,-159.377,2,83.814
2026-02-22T20:50:25.000Z,1771793425.000,32.634556994,-117.198055438,5.574,259.252,267.592,-20.975,1.998,40.194,12.361,307.785,4.259,-325,-615.707,1,3.361,-161.694,2,83.529
2026-02-22T20:50:26.000Z,1771793426.000,32.634552757,-117.198087779,6.031,263.817,270.635,-20.786,-1.478,37.014,12.362,307.65,4.816,-326,-618.177,1,4.003,-163.703,2,83.972
2026-02-22T20:50:27.000Z,1771793427.000,32.63454794,-117.198119786,6.335,260.359,271.522,-29.101,1.862,36.043,12.363,307.564,5.121,-327,-620.49,1,3.905,-165.879,2,83.862
2026-02-22T20:50:28.000Z,1771793428.000,32.634545202,-117.198152862,6.587,261.354,273.557,-28.045,2.477,34.096,12.364,307.653,5.455,-328,-623.053,1,4.143,-167.854,2,84.351
2026-02-22T20:50:29.000Z,1771793429.000,32.634547333,-117.198184725,5.334,278.725,283.612,-29.225,-0.405,23.912,12.366,307.525,4.874,-329,-626.039,1,4.438,-168.748,2,83.809
2026-02-22T20:50:30.000Z,1771793430.000,32.634557083,-117.198211014,5.023,304.94,297.81,-19.88,3.995,9.549,12.367,307.359,4.947,-330,-628.913,1,4.98,-168.264,2,83.317
2026-02-22T20:50:31.000Z,1771793431.000,32.634573681,-117.19822983,4.735,320.899,308.189,0.85,-0.511,-0.837,12.368,307.352,4.732,-331,-631.36,1,4.683,-167.016,2,82.715
2026-02-22T20:50:32.000Z,1771793432.000,32.634592277,-117.198239052,4.7,348.244,326.177,9.246,-1.235,-18.98,12.369,307.197,4.439,-332,-632.78,1,3.805,-164.459,2,83.325
2026-02-22T20:50:33.000Z,1771793433.000,32.634611968,-117.198241557,4.1,353.943,336.732,11.289,5.106,-29.599,12.37,307.133,3.563,-333,-633.698,1,3.06,-162.073,2,84.454
2026-02-22T20:50:34.000Z,1771793434.000,32.634631976,-117.198241764,4.5,357.542,346.538,22.724,2.484,-39.814,12.371,306.725,3.455,-334,-634.364,1,3.16,-159.656,2,85.582
2026-02-22T20:50:35.000Z,1771793435.000,32.634652318,-117.198241281,4.655,6.467,341.368,22.932,6.641,-34.927,12.372,306.441,3.817,-335,-635.79,1,2.713,-158.159,2,85.307
2026-02-22T20:50:36.000Z,1771793436.000,32.634675322,-117.198239826,4.632,352.753,350.149,31.581,1.65,-43.667,12.373,306.482,3.351,-336,-636.512,1,3.51,-155.481,2,86.958
2026-02-22T20:50:37.000Z,1771793437.000,32.634696219,-117.198246922,4.271,346.127,333.364,16.3,5.866,-26.801,12.374,306.564,3.805,-337,-639.167,1,3.536,-155.145,2,86.197
2026-02-22T20:50:38.000Z,1771793438.000,32.634717164,-117.198249092,4.673,352.036,345.103,23.452,0.141,-38.705,12.376,306.399,3.643,-338,-639.974,1,3.575,-152.605,2,87.83
2026-02-22T20:50:39.000Z,1771793439.000,32.634738658,-117.198251282,4.956,357.071,346.664,24.419,3.172,-40.572,12.377,306.093,3.764,-339,-641.31,1,3.493,-150.721,2,88.504
2026-02-22T20:50:40.000Z,1771793440.000,32.634762321,-117.198252342,5.265,357.103,349.302,28.561,6.698,-43.249,12.378,306.053,3.834,-340,-642.613,1,3.705,-148.521,2,89.489
2026-02-22T20:50:41.000Z,1771793441.000,32.63478665,-117.198256598,4.71,349.494,342.844,25.167,1.909,-36.212,12.379,306.632,3.787,-341,-644.729,1,3.726,-147.013,2,88.901
2026-02-22T20:50:42.000Z,1771793442.000,32.634810288,-117.198262773,5.159,347.741,343.606,19.95,-0.245,-36.76,12.38,306.846,4.133,-342,-646.557,1,4.173,-145.212,2,89.117
2026-02-22T20:50:43.000Z,1771793443.000,32.634835357,-117.198268385,5.132,358.58,338.537,13.05,4.775,-31.302,12.381,307.236,4.385,-343,-648.722,1,3.507,-143.646,2,88.967
2026-02-22T20:50:44.000Z,1771793444.000,32.634860721,-117.198269,5.4,1.766,343.017,19.095,1.611,-35.689,12.382,307.327,4.386,-344,-650.013,1,3.46,-141.128,2,89.521
2026-02-22T20:50:45.000Z,1771793445.000,32.634886681,-117.198269256,5.856,354.197,350.277,31.412,0.92,-42.698,12.383,307.578,4.301,-345,-651.121,1,4.306,-138.387,2,90.744
2026-02-22T20:50:46.000Z,1771793446.000,32.634912773,-117.198274402,5.488,344.147,343.466,26.98,6.099,-35.19,12.384,308.276,4.484,-346,-653.441,1,4.62,-136.787,2,90.688
2026-02-22T20:50:47.000Z,1771793447.000,32.634938188,-117.198281782,5.612,339.854,340.466,26.43,2.374,-31.821,12.386,308.645,4.767,-347,-655.663,1,4.936,-135.149,2,89.94
2026-02-22T20:50:48.000Z,1771793448.000,32.634962007,-117.198291917,5.125,340.391,332.42,20.85,2.443,-23.394,12.387,309.026,4.701,-348,-658.228,1,4.484,-134.177,2,89.864
2026-02-22T20:50:49.000Z,1771793449.000,32.634985553,-117.198301183,5.475,338.669,333.339,17.482,2.929,-24.233,12.388,309.106,4.993,-349,-660.297,1,4.865,-132.544,2,89.364
2026-02-22T20:50:50.000Z,1771793450.000,32.635009997,-117.19831093,5.754,340.1,330.843,10.823,2.458,-21.715,12.389,309.129,5.346,-350,-662.598,1,5.044,-131.11,2,88.987
2026-02-22T20:50:51.000Z,1771793451.000,32.635034538,-117.1983142,5.942,1.048,339.357,15.88,2.182,-30.01,12.39,309.347,5.136,-351,-663.896,1,3.835,-128.512,2,89.622
2026-02-22T20:50:52.000Z,1771793452.000,32.635060317,-117.19831555,6.017,354.947,347.629,22.385,2.024,-37.971,12.391,309.658,4.743,-352,-665.056,1,4.343,-125.758,2,90.562
2026-02-22T20:50:53.000Z,1771793453.000,32.635087226,-117.198316701,5.666,6.468,344.917,24.006,4.625,-35.136,12.392,309.78,4.631,-353,-666.864,1,3.22,-123.607,2,90.591
2026-02-22T20:50:54.000Z,1771793454.000,32.635113622,-117.198316802,5.606,356.826,349.35,25.684,4.074,-39.341,12.393,310.009,4.329,-354,-668.147,1,3.907,-120.996,2,91.332
2026-02-22T20:50:55.000Z,1771793455.000,32.635141416,-117.198317227,6.215,354.468,352.109,33.173,-1.54,-41.755,12.394,310.354,4.636,-355,-669.625,1,4.505,-118.392,2,91.345
2026-02-22T20:50:56.000Z,1771793456.000,32.635168284,-117.198321487,6,352.705,346.734,33.766,3.798,-36.483,12.396,310.251,4.824,-356,-671.849,1,4.471,-116.572,2,91.362
2026-02-22T20:50:57.000Z,1771793457.000,32.635195949,-117.19832666,5.876,349.296,341.623,33.025,5.279,-31.458,12.397,310.165,5.01,-357,-674.148,1,4.6,-114.741,2,91.07
2026-02-22T20:50:58.000Z,1771793458.000,32.635222392,-117.198333447,6.246,342.275,340.908,32.77,0.045,-30.727,12.398,310.182,5.37,-358,-676.262,1,5.325,-112.826,2,91.13
2026-02-22T20:50:59.000Z,1771793459.000,32.635248312,-117.198341455,6.069,349.356,336.047,25.171,3.143,-25.678,12.399,310.369,5.47,-359,-678.644,1,4.741,-111.316,2,91.317
2026-02-22T20:51:00.000Z,1771793460.000,32.635276075,-117.198348499,6.255,346.855,337.082,19.483,0.79,-26.654,12.4,310.427,5.591,-360,-680.77,1,5.048,-109.178,2,91.068
2026-02-22T20:51:01.000Z,1771793461.000,32.635302225,-117.198353885,6.222,345.12,336.328,14.089,3.912,-26.069,12.401,310.259,5.588,-361,-682.749,1,5.127,-107.217,2,91.66
2026-02-22T20:51:02.000Z,1771793462.000,32.635330738,-117.198356736,6.155,351.998,343.718,27.657,0.486,-33.568,12.402,310.15,5.127,-362,-684.26,1,4.61,-104.346,2,92.224
2026-02-22T20:51:03.000Z,1771793463.000,32.635358724,-117.198363236,6.316,347.893,345.656,24.849,0.657,-35.485,12.403,310.17,5.143,-363,-686.298,1,5.014,-102.104,2,92.082
2026-02-22T20:51:04.000Z,1771793464.000,32.635386534,-117.198370468,5.747,349.725,338.695,16.071,10.803,-28.479,12.404,310.216,5.052,-364,-688.858,1,4.446,-100.507,2,91.746
2026-02-22T20:51:05.000Z,1771793465.000,32.635414771,-117.198374288,6.113,347.542,344.867,24.599,-0.569,-34.676,12.406,310.191,5.027,-365,-690.478,1,4.867,-97.807,2,92.01
2026-02-22T20:51:06.000Z,1771793466.000,32.635442206,-117.198381166,6.215,346.495,339.017,17.349,4.121,-28.777,12.407,310.24,5.447,-366,-692.928,1,5.013,-96.151,2,91.562
2026-02-22T20:51:07.000Z,1771793467.000,32.635470967,-117.198387311,6.022,350.933,337.223,16.083,5.598,-26.935,12.408,310.287,5.369,-367,-695.175,1,4.563,-94.072,2,91.577
2026-02-22T20:51:08.000Z,1771793468.000,32.635499521,-117.198390724,6.413,350.925,342.671,21.627,2.37,-32.691,12.409,309.98,5.397,-368,-696.83,1,4.853,-91.36,2,92.289
2026-02-22T20:51:09.000Z,1771793469.000,32.63552829,-117.198394912,6.54,350.193,345.761,24.962,0.8,-35.866,12.41,309.895,5.299,-369,-698.663,1,4.998,-88.845,2,92.452
2026-02-22T20:51:10.000Z,1771793470.000,32.635556378,-117.19840203,6.345,344.43,340.498,21.625,0.175,-30.663,12.411,309.835,5.458,-370,-701.146,1,5.232,-87.1,2,91.809
2026-02-22T20:51:11.000Z,1771793471.000,32.63558466,-117.198406937,6.242,355.96,342.81,18.357,3.518,-32.844,12.412,309.966,5.238,-371,-703.056,1,4.331,-84.716,2,92.275
2026-02-22T20:51:12.000Z,1771793472.000,32.635612734,-117.198407925,6.3,358.924,349.589,24.974,6.683,-39.651,12.413,309.937,4.843,-372,-704.375,1,4.123,-81.858,2,93.159
2026-02-22T20:51:13.000Z,1771793473.000,32.635640277,-117.198410116,5.931,354.243,346.279,23.071,8.65,-36.431,12.414,309.848,4.769,-373,-706.347,1,4.23,-79.738,2,93.621
2026-02-22T20:51:14.000Z,1771793474.000,32.635669259,-117.198413534,6.133,347.44,346.229,27.181,0.315,-36.246,12.416,309.982,4.944,-374,-708.305,1,4.848,-77.363,2,93.646
2026-02-22T20:51:15.000Z,1771793475.000,32.635696672,-117.198418196,6.103,351.068,346.398,29.383,0.404,-36.672,12.417,309.727,4.891,-375,-710.259,1,4.573,-75.184,2,93.95
2026-02-22T20:51:16.000Z,1771793476.000,32.635723429,-117.198424437,5.9,348.736,343.706,25.226,9.548,-33.792,12.418,309.914,4.903,-376,-712.462,1,4.572,-73.335,2,93.785
2026-02-22T20:51:17.000Z,1771793477.000,32.63575142,-117.198432247,5.953,344.863,338.324,23.025,4.532,-28.307,12.419,310.017,5.238,-377,-714.987,1,4.853,-71.655,2,93.698
2026-02-22T20:51:18.000Z,1771793478.000,32.635778593,-117.198440245,6.124,342.455,336.949,22.562,-1.684,-26.806,12.42,310.144,5.463,-378,-717.269,1,5.134,-69.793,2,93.118
2026-02-22T20:51:19.000Z,1771793479.000,32.635805758,-117.198448456,6.14,348.268,339.197,21.045,3.583,-28.908,12.421,310.289,5.374,-379,-719.392,1,4.778,-67.691,2,93.587
2026-02-22T20:51:20.000Z,1771793480.000,32.635833269,-117.198457734,5.9,341.416,335.979,18.047,2.428,-25.578,12.422,310.401,5.32,-380,-721.884,1,4.997,-65.999,2,93.679
2026-02-22T20:51:21.000Z,1771793481.000,32.635861351,-117.198463956,6.289,354.386,337.464,19.439,4.349,-26.873,12.423,310.591,5.607,-381,-723.941,1,4.435,-63.755,2,93.316
2026-02-22T20:51:22.000Z,1771793482.000,32.635889361,-117.198470701,5.786,344.649,339.752,18.467,3.832,-29.241,12.424,310.511,5.045,-382,-725.994,1,4.711,-61.492,2,93.96
2026-02-22T20:51:23.000Z,1771793483.000,32.635916443,-117.198476875,6.169,351.858,339.231,19.745,0.841,-28.979,12.426,310.252,5.391,-383,-728.083,1,4.529,-59.476,2,93.481
2026-02-22T20:51:24.000Z,1771793484.000,32.635944756,-117.198484019,5.968,342.154,338.076,16.907,4.374,-27.864,12.427,310.212,5.276,-384,-730.356,1,4.998,-57.446,2,93.341
2026-02-22T20:51:25.000Z,1771793485.000,32.635971854,-117.198492195,6.136,345.104,338.166,20.476,1.523,-28.003,12.428,310.163,5.418,-385,-732.578,1,4.955,-55.497,2,92.885
2026-02-22T20:51:26.000Z,1771793486.000,32.635998428,-117.19849959,5.787,352.226,337.459,21.085,1.897,-27.196,12.429,310.263,5.145,-386,-734.744,1,4.21,-53.608,2,93.143
2026-02-22T20:51:27.000Z,1771793487.000,32.636024799,-117.198505437,5.7,349.193,340.795,21.132,1.957,-30.506,12.43,310.289,4.911,-387,-736.577,1,4.343,-51.369,2,92.918
2026-02-22T20:51:28.000Z,1771793488.000,32.636052334,-117.198511171,6.023,357.832,340.3,19.966,4.641,-29.804,12.431,310.497,5.226,-388,-738.657,1,3.946,-49.284,2,93.451
2026-02-22T20:51:29.000Z,1771793489.000,32.636079412,-117.198516011,5.924,352.055,337.949,17.284,6.046,-27.267,12.432,310.682,5.266,-389,-740.733,1,4.307,-47.316,2,93.215
2026-02-22T20:51:30.000Z,1771793490.000,32.636106313,-117.198521497,5.946,351.039,339.323,15.502,4.534,-28.302,12.433,311.021,5.235,-390,-742.665,1,4.39,-45.145,2,92.738
2026-02-22T20:51:31.000Z,1771793491.000,32.636134328,-117.198526696,5.911,353.646,339.66,17.667,4.336,-28.374,12.434,311.286,5.2,-391,-744.689,1,4.173,-42.931,2,93.364
2026-02-22T20:51:32.000Z,1771793492.000,32.636160714,-117.198532643,6.012,346.036,342.673,20.074,5.393,-31.411,12.436,311.262,5.131,-392,-746.54,1,4.766,-40.723,2,93.152
2026-02-22T20:51:33.000Z,1771793493.000,32.636187864,-117.198539605,5.78,352.499,337.72,18.234,3.436,-26.291,12.437,311.429,5.182,-393,-748.923,1,4.153,-39.044,2,93.1
2026-02-22T20:51:34.000Z,1771793494.000,32.636215339,-117.198544422,6.255,346.761,344.594,21.733,0.013,-32.932,12.438,311.662,5.25,-394,-750.546,1,4.9,-36.418,2,93.369
2026-02-22T20:51:35.000Z,1771793495.000,32.636243437,-117.198551163,5.923,357.168,339.905,14.857,9.018,-27.937,12.439,311.968,5.232,-395,-752.963,1,3.894,-34.617,2,92.907
2026-02-22T20:51:36.000Z,1771793496.000,32.636271581,-117.198555549,6.013,351.089,340.818,18.166,4.317,-28.603,12.44,312.215,5.277,-396,-754.9,1,4.405,-32.306,2,93.255
2026-02-22T20:51:37.000Z,1771793497.000,32.636299274,-117.198560348,6.231,350.947,340.382,21.576,2.171,-28.007,12.441,312.375,5.501,-397,-756.914,1,4.57,-30.15,2,93.41
2026-02-22T20:51:38.000Z,1771793498.000,32.636327545,-117.198566839,6.066,351.573,341.186,19.502,1.264,-28.883,12.442,312.304,5.312,-398,-759.032,1,4.399,-27.954,2,93.422
2026-02-22T20:51:39.000Z,1771793499.000,32.636354493,-117.198573005,6.141,349.29,338.747,17.313,1.643,-26.765,12.443,311.983,5.482,-399,-761.212,1,4.613,-26.078,2,93.164
2026-02-22T20:51:40.000Z,1771793500.000,32.636381986,-117.198576537,6.273,357.5,342.209,18.094,2.853,-30.392,12.444,311.817,5.405,-400,-762.91,1,4.066,-23.607,2,93.265
2026-02-22T20:51:41.000Z,1771793501.000,32.636409413,-117.198581952,5.561,350.42,343.099,17.514,5.097,-31.241,12.446,311.858,4.755,-401,-764.889,1,4.094,-21.419,2,93.897
2026-02-22T20:51:42.000Z,1771793502.000,32.636436846,-117.198589634,5.9,348.351,333.693,11.41,2.483,-21.701,12.447,311.992,5.481,-402,-767.553,1,4.482,-20.071,2,92.525
2026-02-22T20:51:43.000Z,1771793503.000,32.636462649,-117.198595339,5.587,349.063,342.4,15.858,-0.867,-29.54,12.448,312.861,4.861,-403,-769.086,1,4.193,-17.498,2,92.89
2026-02-22T20:51:44.000Z,1771793504.000,32.636488355,-117.198600335,5.815,356.386,341.679,15.103,7.923,-28.675,12.449,313.003,5.092,-404,-771.008,1,3.833,-15.554,2,93.142
2026-02-22T20:51:45.000Z,1771793505.000,32.636516188,-117.198604222,5.8,351.428,338.519,12.694,3.768,-25.503,12.45,313.016,5.229,-405,-773.097,1,4.181,-13.516,2,93.135
2026-02-22T20:51:46.000Z,1771793506.000,32.636542542,-117.198606627,5.649,353.678,344.783,18.836,0.418,-31.768,12.451,313.016,4.803,-406,-774.495,1,3.909,-10.894,2,93.904
2026-02-22T20:51:47.000Z,1771793507.000,32.636568692,-117.198611168,5.791,348.536,341.952,16.994,2.246,-28.833,12.452,313.118,5.074,-407,-776.528,1,4.361,-9.016,2,94.023
2026-02-22T20:51:48.000Z,1771793508.000,32.636594593,-117.198617829,5.685,342.148,338.528,14.18,0.172,-25.203,12.453,313.325,5.138,-408,-778.733,1,4.668,-7.33,2,94.471
2026-02-22T20:51:49.000Z,1771793509.000,32.636620926,-117.198624704,6.129,349.49,338.012,14.062,1.349,-24.395,12.454,313.617,5.579,-409,-780.84,1,4.539,-5.415,2,94.251
2026-02-22T20:51:50.000Z,1771793510.000,32.636646223,-117.198629474,5.367,353.53,341.085,14.036,3.551,-27.261,12.456,313.823,4.768,-410,-782.532,1,3.706,-3.233,2,94.734
2026-02-22T20:51:51.000Z,1771793511.000,32.636670812,-117.198634387,5.16,351.983,339.441,9.666,8.147,-25.768,12.457,313.673,4.647,-411,-784.439,1,3.658,-1.438,2,94.752
2026-02-22T20:51:52.000Z,1771793512.000,32.636696829,-117.198637613,5.254,358.375,334.114,8.702,1.254,-20.388,12.458,313.726,4.919,-412,-786.453,1,3.285,0.311,2,95.335
2026-02-22T20:51:53.000Z,1771793513.000,32.636722936,-117.198636749,5.688,1.493,352.132,24.07,1.534,-38.487,12.459,313.645,4.446,-413,-786.932,1,3.299,3.851,2,96.44
2026-02-22T20:51:54.000Z,1771793514.000,32.636747552,-117.198642008,5.315,347.938,338.275,12.782,4.6,-24.681,12.46,313.594,4.819,-414,-789.552,1,4.01,4.854,2,96.223
2026-02-22T20:51:55.000Z,1771793515.000,32.636774453,-117.198644604,5.521,355.179,344.214,22.12,-0.767,-30.475,12.461,313.739,4.758,-415,-791.019,1,3.669,7.496,2,96.367
2026-02-22T20:51:56.000Z,1771793516.000,32.636800481,-117.198648836,5.828,350.612,341.207,16.863,0.351,-27.255,12.462,313.951,5.182,-416,-793.029,1,4.202,9.368,2,96.987
2026-02-22T20:51:57.000Z,1771793517.000,32.636826651,-117.19865162,5.847,355.329,344.846,18.154,5.411,-30.563,12.463,314.283,5.023,-417,-794.569,1,3.862,11.767,2,97.408
2026-02-22T20:51:58.000Z,1771793518.000,32.636853418,-117.198654037,5.745,353.749,341.691,14.462,0.135,-26.982,12.464,314.709,5.107,-418,-796.485,1,3.907,13.798,2,97.467
2026-02-22T20:51:59.000Z,1771793519.000,32.636880751,-117.198655112,5.876,2.392,351.388,23.102,5.726,-36.389,12.466,314.999,4.713,-419,-797.598,1,3.295,16.763,2,98.354
2026-02-22T20:52:00.000Z,1771793520.000,32.636907217,-117.198659678,5.648,346.31,342.039,13.967,6.032,-26.973,12.467,315.066,5.022,-420,-800.041,1,4.335,18.276,2,97.743
2026-02-22T20:52:01.000Z,1771793521.000,32.636934687,-117.198663902,6.424,357.742,341.87,18.658,-0.551,-26.957,12.468,314.913,5.719,-421,-801.984,1,4.009,20.465,2,97.11
2026-02-22T20:52:02.000Z,1771793522.000,32.636960949,-117.198670639,5.579,344.893,338.761,10.292,7.192,-24.068,12.469,314.694,5.093,-422,-804.207,1,4.36,22.205,2,96.603
2026-02-22T20:52:03.000Z,1771793523.000,32.636986529,-117.198675615,5.7,350.812,337.589,13.67,1.452,-23.31,12.47,314.28,5.235,-423,-806.146,1,4.06,24.111,2,96.892
2026-02-22T20:52:04.000Z,1771793524.000,32.637011057,-117.198680922,5.027,350.546,337.77,8.737,2.52,-24.051,12.471,313.719,4.59,-424,-807.985,1,3.592,26,2,97.267
2026-02-22T20:52:05.000Z,1771793525.000,32.637036529,-117.198683466,5.87,354.169,341.756,13.336,-0.198,-28.381,12.472,313.375,5.163,-425,-809.466,1,3.921,28.388,2,98.301
2026-02-22T20:52:06.000Z,1771793526.000,32.637063723,-117.198684023,5.866,1.612,349.649,20.692,5.363,-36.503,12.473,313.146,4.708,-426,-810.64,1,3.31,31.266,2,99.264
2026-02-22T20:52:07.000Z,1771793527.000,32.6370904,-117.198684487,5.962,359.402,345.641,19.634,9.775,-32.774,12.474,312.867,5.012,-427,-812.463,1,3.545,33.362,2,98.935
2026-02-22T20:52:08.000Z,1771793528.000,32.637117536,-117.198685805,5.759,353.747,347.42,22.404,2.224,-34.885,12.476,312.535,4.723,-428,-814.04,1,3.858,35.806,2,99.46
2026-02-22T20:52:09.000Z,1771793529.000,32.637144601,-117.198689478,5.444,356.556,341.887,18.508,8.033,-29.787,12.477,312.1,4.725,-429,-816.211,1,3.439,37.644,2,99.787
2026-02-22T20:52:10.000Z,1771793530.000,32.637171467,-117.198691127,5.737,353.544,345.151,23.097,2.622,-33.297,12.478,311.854,4.795,-430,-817.725,1,3.846,40.147,2,100.6
2026-02-22T20:52:11.000Z,1771793531.000,32.637198435,-117.198697199,5.913,349.726,343.257,19.939,3.102,-31.619,12.479,311.638,5.035,-431,-819.88,1,4.243,42.073,2,99.995
2026-02-22T20:52:12.000Z,1771793532.000,32.637225462,-117.198702368,5.806,350.315,341.51,22.078,4.414,-30.125,12.48,311.385,5.023,-432,-821.954,1,4.118,44.063,2,100.336
2026-02-22T20:52:13.000Z,1771793533.000,32.637253341,-117.198708616,6.223,346.494,339.488,20.178,1.389,-28.127,12.481,311.361,5.484,-433,-824.173,1,4.691,46.046,2,100.36
2026-02-22T20:52:14.000Z,1771793534.000,32.637281184,-117.198716068,6.663,344.057,340.033,17.992,1.293,-28.736,12.482,311.296,5.843,-434,-826.359,1,5.199,48.133,2,99.741
2026-02-22T20:52:15.000Z,1771793535.000,32.637308799,-117.198721229,6.3,353.265,337.37,16.34,6.874,-26.015,12.483,311.355,5.66,-435,-828.503,1,4.216,50.106,2,99.676
2026-02-22T20:52:16.000Z,1771793536.000,32.637336547,-117.198723074,6.03,351.595,344.09,19.308,2.173,-33.147,12.484,310.944,5.048,-436,-829.917,1,4.157,52.918,2,100.076
2026-02-22T20:52:17.000Z,1771793537.000,32.63736409,-117.198728384,5.677,349.189,341.959,18.106,3.308,-31.346,12.486,310.612,4.849,-437,-832.055,1,4.078,54.921,2,99.121
2026-02-22T20:52:18.000Z,1771793538.000,32.637390781,-117.198733372,5.7,350.109,339.144,18.606,5.771,-28.783,12.487,310.361,4.996,-438,-834.146,1,4.025,56.817,2,99.167
2026-02-22T20:52:19.000Z,1771793539.000,32.637417774,-117.198737017,5.952,349.365,336.92,19.898,3.359,-26.788,12.488,310.132,5.312,-439,-836.111,1,4.251,58.85,2,99.121
2026-02-22T20:52:20.000Z,1771793540.000,32.637444177,-117.198741217,5.93,350.915,343.974,21.712,-1.643,-34,12.489,309.973,4.916,-440,-837.619,1,4.115,61.433,2,99.483
2026-02-22T20:52:21.000Z,1771793541.000,32.637470363,-117.198749341,6.246,345.895,338.613,18.519,3.132,-28.585,12.49,310.028,5.483,-441,-840.066,1,4.706,62.938,2,99.049
2026-02-22T20:52:22.000Z,1771793542.000,32.637496697,-117.198757014,5.951,344.91,334.905,16.912,2.496,-24.431,12.491,310.473,5.419,-442,-842.381,1,4.547,64.579,2,98.79
2026-02-22T20:52:23.000Z,1771793543.000,32.637522667,-117.198762737,5.674,344.836,345.072,21.789,1.005,-34.242,12.492,310.829,4.686,-443,-843.831,1,4.333,67.25,2,99.542
2026-02-22T20:52:24.000Z,1771793544.000,32.637547523,-117.198769973,5.631,351.687,334.739,11.423,10.226,-23.316,12.493,311.422,5.17,-444,-846.374,1,3.833,68.344,2,98.321
2026-02-22T20:52:25.000Z,1771793545.000,32.637574863,-117.19877315,5.978,349.763,342.041,19.721,-0.318,-30.59,12.494,311.451,5.146,-445,-847.859,1,4.206,71.096,2,99.085
2026-02-22T20:52:26.000Z,1771793546.000,32.637599915,-117.198779398,5.876,349.105,340.429,16.744,0.644,-28.926,12.496,311.504,5.143,-446,-849.895,1,4.177,72.857,2,98.287
2026-02-22T20:52:27.000Z,1771793547.000,32.637625805,-117.198784336,6.221,349.964,343.496,20.006,-0.406,-31.845,12.497,311.651,5.281,-447,-851.63,1,4.35,75.078,2,99.172
2026-02-22T20:52:28.000Z,1771793548.000,32.637652443,-117.198790504,6.324,348.978,341.69,22.497,0.324,-29.744,12.498,311.946,5.49,-448,-853.766,1,4.493,76.974,2,98.665
2026-02-22T20:52:29.000Z,1771793549.000,32.637679801,-117.198798693,6.089,342.438,336.834,19.102,1.461,-24.895,12.499,311.939,5.522,-449,-856.249,1,4.782,78.605,2,97.767
2026-02-22T20:52:30.000Z,1771793550.000,32.637706909,-117.19880608,6.416,343.272,336.662,18.802,-2.486,-24.729,12.5,311.933,5.826,-450,-858.42,1,4.975,80.58,2,97.681
2026-02-22T20:52:31.000Z,1771793551.000,32.63773219,-117.198810952,5.374,359.997,336.114,14.758,3.311,-24.16,12.501,311.954,4.901,-451,-860.302,1,3.008,82.509,2,97.6
2026-02-22T20:52:32.000Z,1771793552.000,32.637758716,-117.198812191,5.509,359.062,342.481,19.114,5.489,-30.53,12.502,311.951,4.747,-452,-861.623,1,3.15,85.228,2,98.594
2026-02-22T20:52:33.000Z,1771793553.000,32.637785307,-117.198815104,5.533,352.005,341.414,17.518,-0.502,-29.483,12.503,311.931,4.81,-453,-863.453,1,3.691,87.35,2,98.281
2026-02-22T20:52:34.000Z,1771793554.000,32.637810129,-117.198816916,6.08,358.264,347.548,23.07,1.159,-35.609,12.504,311.939,4.932,-454,-864.7,1,3.53,89.844,2,99.406
2026-02-22T20:52:35.000Z,1771793555.000,32.637834644,-117.198822916,5.413,344.762,343.231,18.797,9.738,-31.591,12.506,311.64,4.611,-455,-866.847,1,4.081,91.408,2,98.947
2026-02-22T20:52:36.000Z,1771793556.000,32.637860389,-117.198830562,5.89,347.375,335.252,17.765,1.558,-23.696,12.507,311.555,5.388,-456,-869.347,1,4.255,92.711,2,98.485
2026-02-22T20:52:37.000Z,1771793557.000,32.637887003,-117.198835872,5.711,345.577,338.086,17.949,1.409,-26.653,12.508,311.432,5.102,-457,-871.184,1,4.242,94.972,2,98.465
2026-02-22T20:52:38.000Z,1771793558.000,32.637913359,-117.198841099,6.15,348.175,338.607,17.929,1.944,-27.26,12.509,311.347,5.467,-458,-873.106,1,4.371,97.052,2,98.722
2026-02-22T20:52:39.000Z,1771793559.000,32.637939627,-117.198845596,5.587,351.128,342.692,23.115,1.021,-31.34,12.51,311.352,4.772,-459,-874.781,1,3.757,99.404,2,97.905
2026-02-22T20:52:40.000Z,1771793560.000,32.637963939,-117.198851201,5.609,345.218,340.713,21.789,3.688,-29.493,12.511,311.22,4.883,-460,-876.743,1,4.174,101.112,2,97.803
2026-02-22T20:52:41.000Z,1771793561.000,32.637989548,-117.198859409,5.411,340.705,336.133,17.244,3.642,-25.284,12.512,310.849,4.891,-461,-879.108,1,4.295,102.603,2,97.484
2026-02-22T20:52:42.000Z,1771793562.000,32.638014779,-117.198866364,5.929,346.665,335.356,18.01,1.522,-25.054,12.513,310.302,5.372,-462,-881.163,1,4.301,104.393,2,96.986
2026-02-22T20:52:43.000Z,1771793563.000,32.638041255,-117.198872335,5.365,353.022,338.029,16.673,0.317,-28.19,12.514,309.839,4.725,-463,-883.051,1,3.453,106.592,2,96.677
2026-02-22T20:52:44.000Z,1771793564.000,32.638068602,-117.198877464,5.985,354.476,339.853,17.035,1.547,-30.468,12.516,309.385,5.158,-464,-884.959,1,3.727,108.855,2,97.261
2026-02-22T20:52:45.000Z,1771793565.000,32.638097386,-117.198882037,6.311,350.222,339.238,16.276,0.379,-29.937,12.517,309.3,5.468,-465,-887.025,1,4.278,111.108,2,97.211
2026-02-22T20:52:46.000Z,1771793566.000,32.63812535,-117.198886088,6.088,349.006,339.505,17.494,2.923,-30.2,12.518,309.305,5.262,-466,-888.959,1,4.214,113.378,2,97.823
2026-02-22T20:52:47.000Z,1771793567.000,32.638153097,-117.198891127,6.161,347.959,341.336,17.299,0.515,-31.956,12.519,309.38,5.228,-467,-890.878,1,4.339,115.679,2,97.861
2026-02-22T20:52:48.000Z,1771793568.000,32.638180148,-117.198897321,6.195,349.355,340.921,16.252,2.224,-31.527,12.52,309.394,5.282,-468,-892.965,1,4.247,117.701,2,98.338
2026-02-22T20:52:49.000Z,1771793569.000,32.63820815,-117.198902208,5.889,350.874,340.837,19.122,3.707,-31.464,12.521,309.373,5.022,-469,-894.984,1,3.915,119.903,2,98.572
2026-02-22T20:52:50.000Z,1771793570.000,32.638234576,-117.198907727,5.535,343.327,341.371,17.041,0.724,-31.99,12.522,309.381,4.689,-470,-896.929,1,4.186,121.97,2,99.087
2026-02-22T20:52:51.000Z,1771793571.000,32.638260167,-117.198913456,5.677,352.874,341.542,13.869,0.052,-32.181,12.523,309.361,4.802,-471,-898.865,1,3.612,123.929,2,99.826
2026-02-22T20:52:52.000Z,1771793572.000,32.638286512,-117.198916424,5.949,358.099,346.652,19.861,2.019,-37.486,12.524,309.166,4.688,-472,-900.34,1,3.342,126.42,2,100.054
2026-02-22T20:52:53.000Z,1771793573.000,32.638313662,-117.198921872,5.93,347.921,341.29,14.432,3.771,-32.168,12.526,309.122,5.014,-473,-902.653,1,4.141,128.181,2,100.007
2026-02-22T20:52:54.000Z,1771793574.000,32.638342089,-117.198925043,6.254,357.34,341.763,21.451,0.151,-32.686,12.527,309.076,5.263,-474,-904.534,1,3.567,130.557,2,100.641
2026-02-22T20:52:55.000Z,1771793575.000,32.638369909,-117.198926665,6.075,354.573,346.825,22.217,1.58,-37.836,12.528,308.988,4.796,-475,-905.999,1,3.693,133.26,2,101.418
2026-02-22T20:52:56.000Z,1771793576.000,32.638396878,-117.198930179,5.815,356.351,344.613,19.651,0.187,-35.717,12.529,308.897,4.721,-476,-907.97,1,3.383,135.314,2,101.623
2026-02-22T20:52:57.000Z,1771793577.000,32.638424656,-117.198932015,5.97,0.77,345.487,21.778,2.892,-36.537,12.53,308.949,4.786,-477,-909.674,1,3.079,137.725,2,102.369
2026-02-22T20:52:58.000Z,1771793578.000,32.63845283,-117.198934444,5.9,354.6,345.03,21.142,5.084,-35.942,12.531,309.088,4.776,-478,-911.535,1,3.561,140.063,2,102.899
2026-02-22T20:52:59.000Z,1771793579.000,32.638480181,-117.198937087,5.687,359.474,341.543,21.34,0.363,-32.458,12.532,309.085,4.799,-479,-913.522,1,3.028,142.112,2,103.174
2026-02-22T20:53:00.000Z,1771793580.000,32.638507298,-117.198940448,6.073,348.543,344.03,20.858,0.974,-34.92,12.533,309.111,4.98,-480,-915.231,1,4.142,144.491,2,103.616
2026-02-22T20:53:01.000Z,1771793581.000,32.638533862,-117.198945447,5.915,347.599,346.009,25.861,5.607,-36.637,12.534,309.371,4.744,-481,-917.059,1,4.098,146.69,2,104.523
2026-02-22T20:53:02.000Z,1771793582.000,32.638560853,-117.198952146,5.812,348.204,335.795,21.011,4.462,-26.01,12.536,309.786,5.218,-482,-919.686,1,3.977,148.018,2,104.436
2026-02-22T20:53:03.000Z,1771793583.000,32.638588555,-117.198956249,6.275,347.556,345.151,26.721,-3.004,-35.05,12.537,310.101,5.136,-483,-921.147,1,4.336,150.879,2,104.846
2026-02-22T20:53:04.000Z,1771793584.000,32.638615353,-117.198964124,6.266,354.769,335.268,17.365,4.724,-25.223,12.538,310.045,5.669,-484,-923.833,1,3.722,152.141,2,104.545
2026-02-22T20:53:05.000Z,1771793585.000,32.638644082,-117.198968276,6.245,348.672,341.621,23.223,1.537,-31.636,12.539,309.985,5.317,-485,-925.522,1,4.213,154.894,2,105.285
2026-02-22T20:53:06.000Z,1771793586.000,32.638672173,-117.198974562,5.9,353.269,338.976,21.36,1.848,-28.933,12.54,310.043,5.164,-486,-927.789,1,3.612,156.852,2,105.579
2026-02-22T20:53:07.000Z,1771793587.000,32.638699543,-117.198979624,6.2,351.173,341.049,23.889,0.013,-31.111,12.541,309.939,5.308,-487,-929.677,1,3.964,159.135,2,106.088
2026-02-22T20:53:08.000Z,1771793588.000,32.638726837,-117.198986471,6.113,347.011,338.146,19.814,1.979,-28.432,12.542,309.714,5.376,-488,-931.953,1,4.233,160.971,2,105.793
2026-02-22T20:53:09.000Z,1771793589.000,32.638753363,-117.198993234,6,344.889,337.439,15.435,2.198,-27.831,12.543,309.608,5.305,-489,-934.066,1,4.306,162.892,2,105.831
2026-02-22T20:53:10.000Z,1771793590.000,32.638780182,-117.198998965,6.21,354.669,339.735,16.657,3.705,-29.935,12.544,309.8,5.37,-490,-935.964,1,3.649,165.104,2,106.047
2026-02-22T20:53:11.000Z,1771793591.000,32.638806373,-117.19900277,5.549,349.946,337.836,11.147,3.707,-27.712,12.546,310.123,4.898,-491,-937.879,1,3.613,167.08,2,106.344
2026-02-22T20:53:12.000Z,1771793592.000,32.638834881,-117.199003865,6.374,359.478,347.453,22.911,-2.919,-36.864,12.547,310.589,5.095,-492,-939.113,1,3.28,170.183,2,107.608
2026-02-22T20:53:13.000Z,1771793593.000,32.638861617,-117.199008575,5.985,345.248,342.93,17.374,4.239,-32.022,12.548,310.908,5.074,-493,-941.296,1,4.24,172.002,2,107.507
2026-02-22T20:53:14.000Z,1771793594.000,32.638889001,-117.199013907,5.934,348.703,342.391,20.875,2.909,-31.317,12.549,311.074,5.069,-494,-943.34,1,3.937,174.094,2,108.172
2026-02-22T20:53:15.000Z,1771793595.000,32.638915253,-117.199020176,5.648,347.928,340.552,18.527,8.478,-29.147,12.55,311.405,4.933,-495,-945.461,1,3.798,175.946,2,107.791
2026-02-22T20:53:16.000Z,1771793596.000,32.638942788,-117.199024035,5.84,354.651,340.354,22.769,1.341,-28.516,12.551,311.838,5.129,-496,-947.376,1,3.386,178.157,2,108.171
2026-02-22T20:53:17.000Z,1771793597.000,32.638970463,-117.199027069,6.223,352.079,348.739,25.54,-1.119,-36.546,12.552,312.193,4.993,-497,-948.759,1,3.822,180.979,2,108.824
2026-02-22T20:53:18.000Z,1771793598.000,32.638998156,-117.199032565,5.768,355.25,340.84,18.641,5.017,-28.365,12.553,312.475,5.075,-498,-951.247,1,3.279,182.62,2,108.267
2026-02-22T20:53:19.000Z,1771793599.000,32.639024841,-117.199035432,5.66,355.256,339.823,18.948,3.915,-27.361,12.554,312.462,5.027,-499,-953.077,1,3.21,184.756,2,108.914
2026-02-22T20:53:20.000Z,1771793600.000,32.639051291,-117.199039114,6.1,348.851,341.917,17.229,0.806,-29.242,12.556,312.675,5.321,-500,-954.797,1,3.99,187.035,2,108.79
2026-02-22T20:53:21.000Z,1771793601.000,32.639077729,-117.19904189,5.965,356.385,342.453,15.003,-0.008,-29.772,12.557,312.68,5.179,-501,-956.525,1,3.268,189.259,2,108.7
2026-02-22T20:53:22.000Z,1771793602.000,32.639105722,-117.199040213,6.236,4.839,349.777,19.802,1.859,-37.266,12.558,312.511,4.946,-502,-957.593,1,2.601,192.292,2,110.028
2026-02-22T20:53:23.000Z,1771793603.000,32.639134462,-117.19904279,6.288,349.337,348.551,15.694,2.728,-36.194,12.559,312.357,5.07,-503,-959.543,1,4.046,194.625,2,110.036
2026-02-22T20:53:24.000Z,1771793604.000,32.639163946,-117.199046935,6.213,354.838,341.073,12.5,1.084,-28.736,12.56,312.338,5.447,-504,-962.005,1,3.515,196.53,2,110.247
2026-02-22T20:53:25.000Z,1771793605.000,32.639191439,-117.199046922,5.946,356.888,349.415,15.583,2.156,-37.067,12.561,312.348,4.745,-505,-963.131,1,3.175,199.501,2,111.173
2026-02-22T20:53:26.000Z,1771793606.000,32.639218398,-117.199047655,5.655,1.049,342.26,10.35,9.089,-30.059,12.562,312.201,4.895,-506,-965.161,1,2.658,201.399,2,111.992
2026-02-22T20:53:27.000Z,1771793607.000,32.639244494,-117.199043171,5.547,8.976,349.677,21.052,4.578,-37.656,12.563,312.021,4.391,-507,-965.895,1,1.895,204.435,2,112.656
2026-02-22T20:53:28.000Z,1771793608.000,32.639270756,-117.199039838,5.713,358.931,356.264,28.714,-0.777,-44.311,12.564,311.954,4.086,-508,-966.734,1,2.848,207.324,2,114.03
2026-02-22T20:53:29.000Z,1771793609.000,32.639296918,-117.199042876,5.715,353.8,344.764,23.962,2.557,-33.082,12.566,311.682,4.788,-509,-969.2,1,3.275,208.797,2,113.207
2026-02-22T20:53:30.000Z,1771793610.000,32.639325017,-117.199046111,6.158,352.332,345.194,24.395,0.135,-33.72,12.567,311.474,5.122,-510,-971.065,1,3.648,211.135,2,112.796
2026-02-22T20:53:31.000Z,1771793611.000,32.639353644,-117.199049785,6.893,350.015,344.322,24.724,3.482,-33.027,12.568,311.295,5.777,-511,-973.069,1,4.295,213.411,2,113.449
2026-02-22T20:53:32.000Z,1771793612.000,32.639382104,-117.199052585,5.863,353.668,345.126,24.008,5.423,-34.239,12.569,310.887,4.848,-512,-974.899,1,3.345,215.829,2,113.014
2026-02-22T20:53:33.000Z,1771793613.000,32.639409385,-117.199055839,5.775,350.825,344.086,23.763,0.795,-33.886,12.57,310.2,4.792,-513,-976.8,1,3.518,217.998,2,113.601
2026-02-22T20:53:34.000Z,1771793614.000,32.639436886,-117.199061886,6.07,352.122,338.643,20.747,3.561,-29.14,12.571,309.503,5.304,-514,-979.162,1,3.581,219.731,2,113.526
2026-02-22T20:53:35.000Z,1771793615.000,32.63946353,-117.199067274,5.861,341.989,341.446,21.984,0.112,-32.617,12.572,308.829,4.933,-515,-980.996,1,4.229,221.981,2,113.543
2026-02-22T20:53:36.000Z,1771793616.000,32.639489785,-117.199074029,6.049,351.777,339.212,21.383,3.404,-30.954,12.573,308.258,5.185,-516,-983.174,1,3.581,223.777,2,113.283
2026-02-22T20:53:37.000Z,1771793617.000,32.63951641,-117.199082144,5.893,341.709,336.952,16.28,2.142,-29.378,12.574,307.575,5.125,-517,-985.473,1,4.259,225.522,2,113.962
2026-02-22T20:53:38.000Z,1771793618.000,32.639543417,-117.199087666,6.138,355.312,337.851,19.38,2.067,-30.769,12.576,307.082,5.27,-518,-987.442,1,3.305,227.67,2,114.562
2026-02-22T20:53:39.000Z,1771793619.000,32.639571596,-117.199092004,6.163,347.121,342.709,24.638,4.107,-35.808,12.577,306.901,4.997,-519,-989.178,1,4.016,230.255,2,115.603
2026-02-22T20:53:40.000Z,1771793620.000,32.63959824,-117.199097974,6.025,353.911,333.86,17.278,9.385,-27.634,12.578,306.225,5.336,-520,-991.63,1,3.352,231.668,2,115.55
2026-02-22T20:53:41.000Z,1771793621.000,32.639626972,-117.199099738,5.91,351.086,340.54,28.558,1.55,-34.761,12.579,305.779,4.853,-521,-993.123,1,3.515,234.585,2,115.295
2026-02-22T20:53:42.000Z,1771793622.000,32.639654086,-117.199108936,6.185,337.447,338.421,24.98,0.693,-32.92,12.58,305.501,5.189,-522,-995.535,1,4.741,236.325,2,114.71
2026-02-22T20:53:43.000Z,1771793623.000,32.639680895,-117.19912124,6.176,333.635,333.428,18.304,-0.27,-28.159,12.581,305.269,5.444,-523,,1,4.983,237.654,2,114.546
2026-02-22T20:53:44.000Z,1771793624.000,32.639706774,-117.199132256,6.423,343.995,336.452,18.682,2.344,-31.269,12.582,305.183,5.479,-524,,1,4.408,239.543,2,114.223
2026-02-22T20:53:45.000Z,1771793625.000,32.63973283,-117.199139943,5.627,347.805,334.487,17.501,6.906,-29.204,12.583,305.283,4.911,-525,,1,3.575,241.282,2,114.366
2026-02-22T20:53:46.000Z,1771793626.000,32.639759184,-117.199147028,5.631,340.987,334.586,17.235,1.802,-29.388,12.584,305.198,4.899,-526,,1,4.062,243.225,2,114.954
2026-02-22T20:53:47.000Z,1771793627.000,32.639785756,-117.199155412,6.065,342.248,337.938,19.205,-2.119,-32.705,12.586,305.233,5.103,-527,,1,4.274,245.348,2,114.299
2026-02-22T20:53:48.000Z,1771793628.000,32.639811164,-117.199163695,5.635,346.266,336.985,19.144,3.755,-31.838,12.587,305.147,4.778,-528,,1,3.674,247.065,2,114.338
2026-02-22T20:53:49.000Z,1771793629.000,32.639837418,-117.199172147,6.159,340.995,337.22,20.507,2.37,-32.229,12.588,304.991,5.21,-529,,1,4.421,248.936,2,114.547
2026-02-22T20:53:50.000Z,1771793630.000,32.639863156,-117.199182698,5.693,342.86,334.643,17.794,5.554,-29.676,12.589,304.967,4.946,-530,,1,3.949,250.44,2,114.36
2026-02-22T20:53:51.000Z,1771793631.000,32.639889058,-117.199191316,5.305,348.314,332.29,17.424,8.486,-27.537,12.59,304.753,4.705,-531,,1,3.295,252.08,2,114.358
2026-02-22T20:53:52.000Z,1771793632.000,32.639914941,-117.199198236,5.727,343.565,336.259,25.878,0.711,-31.594,12.591,304.666,4.878,-532,,1,3.908,254.272,2,114.189
2026-02-22T20:53:53.000Z,1771793633.000,32.639939436,-117.19920882,5.6,342.949,329.831,16.822,5.5,-24.706,12.592,305.124,5.086,-533,,1,3.861,255.378,2,113.544
2026-02-22T20:53:54.000Z,1771793634.000,32.639964834,-117.199215754,5.716,346.807,334.25,23.482,1.331,-28.713,12.593,305.537,5.013,-534,,1,3.646,257.565,2,113.597
2026-02-22T20:53:55.000Z,1771793635.000,32.639991145,-117.199224498,5.9,345.165,336.66,22.676,2.513,-31.053,12.594,305.607,5.054,-535,,1,3.884,259.577,2,113.254
2026-02-22T20:53:56.000Z,1771793636.000,32.640017549,-117.199234627,6.213,343.76,331.504,18.113,5.242,-25.96,12.596,305.544,5.586,-536,,1,4.198,260.974,2,112.915
2026-02-22T20:53:57.000Z,1771793637.000,32.640045787,-117.199243886,6.485,341.424,335.02,22.548,-0.782,-29.587,12.597,305.433,5.64,-537,,1,4.564,263.212,2,112.903
2026-02-22T20:53:58.000Z,1771793638.000,32.640072983,-117.199255529,6.351,341.544,332.155,19.4,3.562,-26.715,12.598,305.44,5.673,-538,,1,4.453,264.76,2,111.817
2026-02-22T20:53:59.000Z,1771793639.000,32.640099588,-117.199266583,5.782,345.995,331.754,20.321,2.16,-26.287,12.599,305.466,5.183,-539,,1,3.715,266.466,2,111.659
2026-02-22T20:54:00.000Z,1771793640.000,32.64012659,-117.199277267,6.026,341.175,333.761,18.702,1.414,-27.945,12.6,305.816,5.32,-540,,1,4.238,268.404,2,111.13
2026-02-22T20:54:01.000Z,1771793641.000,32.640153018,-117.199287079,6.059,342.505,335.158,24.908,0.259,-29.271,12.601,305.886,5.284,-541,,1,4.154,270.295,2,110.871
2026-02-22T20:54:02.000Z,1771793642.000,32.640178387,-117.199298796,5.932,338.904,331.573,21.344,2.982,-25.784,12.602,305.789,5.341,-542,,1,4.324,271.623,2,110.809
2026-02-22T20:54:03.000Z,1771793643.000,32.640204316,-117.199309842,5.747,345.858,332.737,16.801,6.91,-26.92,12.603,305.817,5.122,-543,,1,3.675,273.384,2,110.337
2026-02-22T20:54:04.000Z,1771793644.000,32.640231151,-117.199319078,5.637,342.873,330.739,13.528,4.318,-24.95,12.604,305.789,5.107,-544,,1,3.818,275.096,2,109.655
2026-02-22T20:54:05.000Z,1771793645.000,32.640259114,-117.199326442,6.327,343.179,338.095,22.823,0.397,-32.338,12.606,305.757,5.345,-545,,1,4.251,277.692,2,109.884
2026-02-22T20:54:06.000Z,1771793646.000,32.640285823,-117.199339408,6.5,336.219,330.764,15.098,2.007,-25.213,12.607,305.551,5.876,-546,,1,4.913,278.799,2,107.502
2026-02-22T20:54:07.000Z,1771793647.000,32.640311095,-117.199350826,5.847,341.068,330.643,9.413,4.623,-25.381,12.608,305.263,5.28,-547,,1,4.074,280.387,2,107.526
2026-02-22T20:54:08.000Z,1771793648.000,32.640337417,-117.199360339,5.835,336.337,332.99,10.393,4.557,-27.815,12.609,305.175,5.161,-548,,1,4.39,282.359,2,106.377
2026-02-22T20:54:09.000Z,1771793649.000,32.640363097,-117.199368386,5.75,347.362,333.022,16.635,1.085,-27.927,12.61,305.095,5.08,-549,,1,3.514,284.185,2,106.098
2026-02-22T20:54:10.000Z,1771793650.000,32.640388658,-117.19937551,5.973,344.682,336.539,18.892,-1.225,-31.58,12.611,304.959,5.087,-550,,1,3.859,286.302,2,106.333
2026-02-22T20:54:11.000Z,1771793651.000,32.640413631,-117.199385444,5.816,340.919,332.174,14.925,2.516,-27.27,12.612,304.904,5.169,-551,,1,4.035,287.643,2,105.057
2026-02-22T20:54:12.000Z,1771793652.000,32.64043998,-117.199392517,5.666,346.248,333.985,18.319,0.788,-29.147,12.613,304.838,4.947,-552,,1,3.527,289.712,2,104.991
2026-02-22T20:54:13.000Z,1771793653.000,32.640465468,-117.199399873,6.012,345.014,339.25,19.573,1.945,-34.523,12.614,304.727,4.949,-553,,1,3.834,291.929,2,105.489
2026-02-22T20:54:14.000Z,1771793654.000,32.640491658,-117.199406371,5.727,348.145,338.795,19.337,6.393,-34.19,12.616,304.604,4.737,-554,,1,3.398,293.854,2,104.696
2026-02-22T20:54:15.000Z,1771793655.000,32.640518548,-117.19941286,5.777,349.693,336.083,20.212,4.628,-31.535,12.617,304.548,4.919,-555,,1,3.293,295.683,2,104.586
2026-02-22T20:54:16.000Z,1771793656.000,32.640545968,-117.199419912,5.67,345.463,336.585,20.875,-0.368,-31.857,12.618,304.728,4.811,-556,,1,3.558,297.753,2,104.576
2026-02-22T20:54:17.000Z,1771793657.000,32.640571147,-117.199429282,5.875,341.667,332.979,13.572,3.85,-27.633,12.619,305.345,5.205,-557,,1,3.975,299.199,2,104.535
2026-02-22T20:54:18.000Z,1771793658.000,32.640597664,-117.199436069,5.939,346.791,334.233,14.568,3.325,-28.548,12.62,305.685,5.217,-558,,1,3.603,301.259,2,105.367
2026-02-22T20:54:19.000Z,1771793659.000,32.640624363,-117.199443575,6.085,339.925,336.546,14.099,1.73,-30.615,12.621,305.931,5.233,-559,,1,4.235,303.367,2,105.472
2026-02-22T20:54:20.000Z,1771793660.000,32.640651661,-117.199452381,6.598,347.761,331.253,10.682,1.639,-25.31,12.622,305.944,5.965,-560,,1,3.895,304.91,2,104.457
2026-02-22T20:54:21.000Z,1771793661.000,32.640678496,-117.199459117,5.736,346.051,335.773,13.949,1.852,-29.723,12.623,306.05,4.981,-561,,1,3.513,307.238,2,103.429
2026-02-22T20:54:22.000Z,1771793662.000,32.640704282,-117.199467453,6.013,341.092,333.739,8.734,1.739,-27.436,12.624,306.303,5.336,-562,,1,4.073,308.909,2,102.548
2026-02-22T20:54:23.000Z,1771793663.000,32.640728884,-117.199474481,5.691,348.151,338.057,14.783,-1.214,-31.608,12.626,306.449,4.83,-563,,1,3.303,310.996,2,102.225
2026-02-22T20:54:24.000Z,1771793664.000,32.640753198,-117.199480607,5.077,349.793,339.663,14.837,5.962,-33.284,12.627,306.38,4.245,-564,,1,2.819,312.922,2,101.864
2026-02-22T20:54:25.000Z,1771793665.000,32.640778635,-117.199486857,5.588,346.733,336.505,17.884,1.336,-30.132,12.628,306.373,4.833,-565,,1,3.339,314.607,2,101.093
2026-02-22T20:54:26.000Z,1771793666.000,32.640803865,-117.199490974,5.725,355.497,341.252,21.742,5.085,-34.626,12.629,306.625,4.697,-566,,1,2.671,316.935,2,100.962
2026-02-22T20:54:27.000Z,1771793667.000,32.640829337,-117.19949576,5.8,346.447,339.992,15.269,8.05,-32.935,12.63,307.058,4.867,-567,,1,3.471,318.843,2,100.336
2026-02-22T20:54:28.000Z,1771793668.000,32.64085544,-117.199501354,5.794,350.598,334.114,12.771,3.687,-26.659,12.631,307.455,5.175,-568,,1,3.115,320.43,2,99.648
2026-02-22T20:54:29.000Z,1771793669.000,32.640883037,-117.19950382,5.764,354.862,342.41,16.262,1.576,-34.623,12.632,307.787,4.744,-569,,1,2.717,323.314,2,99.838
2026-02-22T20:54:30.000Z,1771793670.000,32.640909678,-117.199508817,5.613,349.604,339.037,14.578,2.596,-31.058,12.633,307.979,4.807,-570,,1,3.08,325.167,2,99.306
2026-02-22T20:54:31.000Z,1771793671.000,32.640935384,-117.199515008,5.886,353.081,340.687,18.658,1.246,-32.605,12.634,308.082,4.959,-571,,1,2.916,327.211,2,99.152
2026-02-22T20:54:32.000Z,1771793672.000,32.640960121,-117.199522743,5.615,344.577,333.003,15.715,1.121,-24.795,12.636,308.207,5.096,-572,,1,3.466,328.427,2,98.453
2026-02-22T20:54:33.000Z,1771793673.000,32.640986503,-117.199527903,5.823,349.062,338.392,20.255,0.545,-29.781,12.637,308.611,5.054,-573,,1,3.214,330.86,2,98.02
2026-02-22T20:54:34.000Z,1771793674.000,32.641010692,-117.19953382,5.462,345.395,339.097,15.214,6.773,-30.069,12.638,309.028,4.725,-574,,1,3.293,332.72,2,97.776
2026-02-22T20:54:35.000Z,1771793675.000,32.641035702,-117.199540099,5.484,346.773,336.298,14.342,1.46,-26.915,12.639,309.382,4.883,-575,,1,3.192,334.388,2,97.368
2026-02-22T20:54:36.000Z,1771793676.000,32.64106149,-117.199544215,6.123,352.192,344.402,20.457,2.261,-34.775,12.64,309.628,5.019,-576,,1,3.066,336.99,2,97.664
2026-02-22T20:54:37.000Z,1771793677.000,32.641089195,-117.19954924,5.734,349.187,339.051,18.362,6.007,-29.322,12.641,309.729,4.998,-577,,1,3.119,338.81,2,97.32
2026-02-22T20:54:38.000Z,1771793678.000,32.641117287,-117.199551773,5.925,356.304,343.447,24.745,1.59,-33.52,12.642,309.927,4.94,-578,,1,2.57,341.454,2,97.265
2026-02-22T20:54:39.000Z,1771793679.000,32.64114366,-117.19955765,5.553,352.569,336.826,15.139,4.85,-26.589,12.643,310.237,4.958,-579,,1,2.721,343.009,2,96.964
2026-02-22T20:54:40.000Z,1771793680.000,32.641170747,-117.199561337,5.762,352.498,344.749,22.935,0.749,-34.252,12.644,310.497,4.763,-580,,1,2.818,345.74,2,97.433
2026-02-22T20:54:41.000Z,1771793681.000,32.641198117,-117.199567446,6.165,349.422,337.225,14.246,4.442,-26.479,12.646,310.746,5.517,-581,,1,3.291,347.317,2,96.945
2026-02-22T20:54:42.000Z,1771793682.000,32.641226352,-117.199570051,6.025,349.808,344.239,15.379,0.049,-33.563,12.647,310.675,5.02,-582,,1,3.169,350.148,2,96.915
2026-02-22T20:54:43.000Z,1771793683.000,32.641254721,-117.19957174,6.087,0.373,340.92,14.003,1.062,-30.166,12.648,310.754,5.262,-583,,1,2.186,352.35,2,96.887
2026-02-22T20:54:44.000Z,1771793684.000,32.641282926,-117.199567863,6.216,6.758,353.083,24.282,-1.072,-41.835,12.649,311.248,4.622,-584,,1,1.557,355.818,2,97.731
2026-02-22T20:54:45.000Z,1771793685.000,32.641311876,-117.199570617,6.289,350.287,346.651,16.461,2.567,-35.101,12.65,311.55,5.141,-585,,1,3.226,357.853,2,97.166
2026-02-22T20:54:46.000Z,1771793686.000,32.641339934,-117.199574512,6.35,358.337,345.478,18.288,0.893,-33.677,12.651,311.801,5.282,-586,,1,2.45,360.05,2,96.881
2026-02-22T20:54:47.000Z,1771793687.000,32.641367988,-117.199578375,6.187,352.8,343.412,17.524,2.718,-31.526,12.652,311.885,5.273,-587,,1,2.915,362.188,2,96.788
2026-02-22T20:54:48.000Z,1771793688.000,32.64139552,-117.199579684,6.047,358.551,346.595,22.093,3.399,-34.732,12.653,311.863,4.966,-588,,1,2.288,364.756,2,97.07
2026-02-22T20:54:49.000Z,1771793689.000,32.641422025,-117.199583214,5.223,355.278,343.829,17.894,2.523,-31.913,12.654,311.917,4.428,-589,,1,2.24,366.735,2,97.161
2026-02-22T20:54:50.000Z,1771793690.000,32.641448706,-117.199586793,5.5,354.589,343.359,20.969,2.567,-31.356,12.656,312.003,4.697,-590,,1,2.408,368.869,2,97.245
2026-02-22T20:54:51.000Z,1771793691.000,32.641473981,-117.19959123,5.575,348.837,343.731,23.078,3.661,-31.529,12.657,312.202,4.752,-591,,1,2.921,370.885,2,97.647
2026-02-22T20:54:52.000Z,1771793692.000,32.641498337,-117.199597915,5.055,347.439,335.537,14.46,3.473,-23.013,12.658,312.524,4.651,-592,,1,2.747,372.108,2,97.518
2026-02-22T20:54:53.000Z,1771793693.000,32.641523794,-117.199600007,5.685,352.84,343.488,20.104,1.729,-30.685,12.659,312.803,4.885,-593,,1,2.615,374.791,2,98.371
2026-02-22T20:54:54.000Z,1771793694.000,32.64155082,-117.199601553,5.747,358.917,342.874,20.668,1.222,-30.128,12.66,312.746,4.969,-594,,1,2.077,377.062,2,98.615
2026-02-22T20:54:55.000Z,1771793695.000,32.641577599,-117.1996019,6.061,0.57,344.766,23.491,2.318,-32.107,12.661,312.659,5.133,-595,,1,2.014,379.541,2,99.045
2026-02-22T20:54:56.000Z,1771793696.000,32.641604477,-117.199603319,5.584,354.595,345.182,25.082,2.024,-32.495,12.662,312.687,4.709,-596,,1,2.382,381.872,2,99.379
2026-02-22T20:54:57.000Z,1771793697.000,32.641631151,-117.199608997,6.023,343.565,344.548,20.845,-0.298,-31.856,12.663,312.693,5.116,-597,,1,3.555,383.875,2,99.389
2026-02-22T20:54:58.000Z,1771793698.000,32.641658467,-117.199611571,6.353,359.917,342.376,23,4.699,-29.835,12.664,312.54,5.504,-598,,1,2.142,386.011,2,99.347
2026-02-22T20:54:59.000Z,1771793699.000,32.641686556,-117.199613182,5.889,348.632,346.219,21.935,1.533,-33.927,12.666,312.292,4.877,-599,,1,3.02,388.659,2,99.803
2026-02-22T20:55:00.000Z,1771793700.000,32.641714396,-117.199616561,6.23,357.805,346.94,21.682,0.162,-34.83,12.667,312.11,5.111,-600,,1,2.288,390.985,2,100.196
2026-02-22T20:55:01.000Z,1771793701.000,32.641742001,-117.199620589,6.032,351.274,344.115,15.78,4.397,-32.263,12.668,311.852,5.098,-601,,1,2.828,393.026,2,100.191
2026-02-22T20:55:02.000Z,1771793702.000,32.641770548,-117.199621488,6.165,0.5,346.341,19.809,0.778,-34.446,12.669,311.894,5.082,-602,,1,1.966,395.65,2,100.5
2026-02-22T20:55:03.000Z,1771793703.000,32.641799021,-117.199620438,6.063,6.104,348.069,17.833,2.839,-36.392,12.67,311.677,4.881,-603,,1,1.349,398.341,2,100.805
2026-02-22T20:55:04.000Z,1771793704.000,32.641827997,-117.199618021,6.213,7.971,350.026,20.805,5.733,-38.737,12.671,311.288,4.846,-604,,1,1.169,401.167,2,101.444
2026-02-22T20:55:05.000Z,1771793705.000,32.641855955,-117.199617236,6.048,355.992,350.051,19.007,0.89,-39.234,12.672,310.817,4.677,-605,,1,2.333,403.69,2,101.893
2026-02-22T20:55:06.000Z,1771793706.000,32.641884783,-117.199617805,5.793,4.81,343.983,20.28,3.173,-33.366,12.673,310.617,4.838,-606,,1,1.377,405.841,2,101.889
2026-02-22T20:55:07.000Z,1771793707.000,32.641912336,-117.199616961,5.664,358.779,345.006,21.789,2.785,-34.28,12.674,310.726,4.678,-607,,1,1.905,408.398,2,102.497
2026-02-22T20:55:08.000Z,1771793708.000,32.641940089,-117.199617223,6.1,359.515,346.916,26.043,-0.539,-36.046,12.676,310.87,4.932,-608,,1,1.963,410.966,2,102.883
2026-02-22T20:55:09.000Z,1771793709.000,32.64196804,-117.199618915,6.193,357.983,347.528,30.627,2.464,-36.708,12.677,310.82,4.966,-609,,1,2.136,413.387,2,103.098
2026-02-22T20:55:10.000Z,1771793710.000,32.641996069,-117.199622084,5.724,351.293,347.215,28.802,1.749,-36.625,12.678,310.589,4.594,-610,,1,2.576,415.676,2,103.177
2026-02-22T20:55:11.000Z,1771793711.000,32.642022084,-117.19962833,5.8,347.098,339.673,20.698,4.171,-29.241,12.679,310.432,5.061,-611,,1,2.973,417.139,2,102.924
2026-02-22T20:55:12.000Z,1771793712.000,32.642048661,-117.199634027,5.507,349.017,336.217,18.841,2.154,-26.153,12.68,310.065,4.935,-612,,1,2.653,418.933,2,102.759
2026-02-22T20:55:13.000Z,1771793713.000,32.642076574,-117.199636387,6.2,352.802,343.571,24.369,-1.488,-33.835,12.681,309.736,5.149,-613,,1,2.608,421.777,2,103.235
2026-02-22T20:55:14.000Z,1771793714.000,32.642102836,-117.199642267,5.762,347.222,339.401,18.64,2.141,-29.855,12.682,309.547,4.997,-614,,1,2.911,423.496,2,103.194
2026-02-22T20:55:15.000Z,1771793715.000,32.642127756,-117.199650618,5.545,351.657,338.399,15.651,1.187,-28.923,12.683,309.476,4.852,-615,,1,2.414,425.165,2,102.861
2026-02-22T20:55:16.000Z,1771793716.000,32.642153977,-117.199653562,5.923,355.726,345.765,18.658,4.919,-36.323,12.684,309.443,4.759,-616,,1,2.18,427.811,2,103.324
2026-02-22T20:55:17.000Z,1771793717.000,32.6421824,-117.19965583,5.685,356.785,345.81,21.551,3.203,-36.361,12.686,309.449,4.574,-617,,1,1.982,430.211,2,102.91
2026-02-22T20:55:18.000Z,1771793718.000,32.642209801,-117.199658962,5.913,352.082,341.9,18.91,0.122,-32.533,12.687,309.367,4.983,-618,,1,2.498,432.21,2,102.829
2026-02-22T20:55:19.000Z,1771793719.000,32.642236412,-117.199661654,5.931,352.063,342.665,18.483,2.301,-33.425,12.688,309.24,4.947,-619,,1,2.495,434.469,2,103.058
2026-02-22T20:55:20.000Z,1771793720.000,32.642264696,-117.199664376,5.977,353.844,343.362,24.458,3.64,-33.996,12.689,309.366,4.955,-620,,1,2.332,436.871,2,102.766
2026-02-22T20:55:21.000Z,1771793721.000,32.642292718,-117.199669516,6.549,347.072,343.313,27.389,0.244,-33.822,12.69,309.491,5.441,-621,,1,3.235,439.063,2,102.548
2026-02-22T20:55:22.000Z,1771793722.000,32.642319536,-117.199678511,5.868,346.24,331.427,18.766,5.961,-21.841,12.691,309.586,5.445,-622,,1,2.964,440.103,2,101.715
2026-02-22T20:55:23.000Z,1771793723.000,32.642346867,-117.199684166,6.285,347.742,336.967,22.975,-1.113,-27.172,12.692,309.795,5.591,-623,,1,3.018,442.608,2,101.618
2026-02-22T20:55:24.000Z,1771793724.000,32.642373253,-117.199689226,5.777,354.267,343.394,23.326,2.424,-33.462,12.693,309.931,4.816,-624,,1,2.168,445.099,2,101.648
2026-02-22T20:55:25.000Z,1771793725.000,32.642398736,-117.199693583,5.353,354.674,343.145,20.503,3.96,-33.186,12.694,309.959,4.48,-625,,1,1.963,447.098,2,101.713
2026-02-22T20:55:26.000Z,1771793726.000,32.642423377,-117.199698471,5.685,353.106,337.063,19.072,5.438,-26.974,12.696,310.089,5.066,-626,,1,2.219,448.594,2,101.399
2026-02-22T20:55:27.000Z,1771793727.000,32.642450111,-117.199702068,5.789,349.369,340.837,22.498,-1.805,-30.892,12.697,309.945,4.966,-627,,1,2.59,451.022,2,101.362
2026-02-22T20:55:28.000Z,1771793728.000,32.642475249,-117.199707015,6.264,353.39,342.487,22.702,1.51,-32.763,12.698,309.724,5.258,-628,,1,2.391,453.082,2,101.284
2026-02-22T20:55:29.000Z,1771793729.000,32.642500403,-117.199713912,5.787,343.236,337.271,19.488,6.25,-27.776,12.699,309.495,5.119,-629,,1,3.109,454.569,2,100.971
2026-02-22T20:55:30.000Z,1771793730.000,32.642527232,-117.199717718,5.924,349.966,341.104,28.725,-2.726,-31.647,12.7,309.458,5.043,-630,,1,2.562,456.998,2,100.666
2026-02-22T20:55:31.000Z,1771793731.000,32.642553388,-117.199724988,6.063,348.208,339.117,22.537,5.786,-29.463,12.701,309.654,5.276,-631,,1,2.777,458.773,2,99.955
2026-02-22T20:55:32.000Z,1771793732.000,32.642579562,-117.199730233,5.7,350.446,334.611,19.565,5.794,-24.773,12.702,309.838,5.175,-632,,1,2.401,460.481,2,99.003
2026-02-22T20:55:33.000Z,1771793733.000,32.64260535,-117.199733119,5.291,346.085,340.191,25.447,-0.526,-30.318,12.703,309.873,4.566,-633,,1,2.577,462.996,2,98.903
2026-02-22T20:55:34.000Z,1771793734.000,32.642631539,-117.199736812,5.945,354.245,346.546,29.227,0.942,-36.619,12.704,309.927,4.765,-634,,1,2.115,465.525,2,98.99
2026-02-22T20:55:35.000Z,1771793735.000,32.642657294,-117.199742523,6.215,349.116,338.235,25.509,1.514,-28.578,12.706,309.657,5.459,-635,,1,2.711,466.937,2,98.281
2026-02-22T20:55:36.000Z,1771793736.000,32.642684696,-117.199744889,6.144,356.816,344.089,36.682,-0.807,-34.58,12.707,309.509,5.049,-636,,1,1.901,469.626,2,98.213
2026-02-22T20:55:37.000Z,1771793737.000,32.642709979,-117.199752137,5.969,339.839,338.133,25.5,6.484,-29.131,12.708,309.002,5.214,-637,,1,3.415,471.062,2,97.66
2026-02-22T20:55:38.000Z,1771793738.000,32.642735294,-117.199760431,5.666,341.877,334.727,21.773,-0.166,-25.792,12.709,308.935,5.101,-638,,1,3.065,472.598,2,96.929
2026-02-22T20:55:39.000Z,1771793739.000,32.6427604,-117.19976695,5.775,351.388,337.893,25.378,2.539,-28.973,12.71,308.92,5.046,-639,,1,2.267,474.679,2,96.751
2026-02-22T20:55:40.000Z,1771793740.000,32.642785201,-117.199775177,5.393,342.395,332.958,17.265,7.84,-24.156,12.711,308.803,4.92,-640,,1,2.858,476.065,2,96.451
2026-02-22T20:55:41.000Z,1771793741.000,32.642812058,-117.199781479,6.116,346.839,338.236,23.132,-2.516,-29.773,12.712,308.463,5.308,-641,,1,2.816,478.467,2,96.52
2026-02-22T20:55:42.000Z,1771793742.000,32.642838896,-117.199788897,6.1,349.56,339.941,23.053,6.415,-31.925,12.713,308.016,5.172,-642,,1,2.536,480.544,2,96.208
2026-02-22T20:55:43.000Z,1771793743.000,32.642866268,-117.199795117,5.894,348.233,336.648,23.332,4.144,-29.076,12.714,307.572,5.147,-643,,1,2.562,482.394,2,95.967
2026-02-22T20:55:44.000Z,1771793744.000,32.642893036,-117.19979986,6.323,351.632,342.305,32.281,0.605,-35.102,12.716,307.203,5.167,-644,,1,2.392,484.888,2,96.244
2026-02-22T20:55:45.000Z,1771793745.000,32.642919061,-117.19980838,5.566,344.824,334.896,22.68,6.597,-28.009,12.717,306.887,4.913,-645,,1,2.693,486.204,2,95.502
2026-02-22T20:55:46.000Z,1771793746.000,32.642944534,-117.199815674,5.388,344.561,337.496,21.663,-0.685,-30.579,12.718,306.917,4.639,-646,,1,2.617,488.237,2,95.285
2026-02-22T20:55:47.000Z,1771793747.000,32.642969713,-117.199822843,5.873,348.682,336.386,19.295,0.344,-29.289,12.719,307.098,5.121,-647,,1,2.466,489.987,2,95.041
2026-02-22T20:55:48.000Z,1771793748.000,32.642996195,-117.199827182,5.884,358.432,339.471,22.989,3.954,-32.239,12.72,307.232,4.972,-648,,1,1.517,492.304,2,94.845
2026-02-22T20:55:49.000Z,1771793749.000,32.643024923,-117.199831481,5.8,352.307,338.136,27.599,3.241,-30.12,12.721,308.015,5.017,-649,,1,2.072,494.52,2,94.894
2026-02-22T20:55:50.000Z,1771793750.000,32.64305265,-117.199838108,6.127,349.6,337.187,26.621,-0.781,-28.933,12.722,308.254,5.362,-650,,1,2.443,496.539,2,94.751
2026-02-22T20:55:51.000Z,1771793751.000,32.643078461,-117.199848206,5.831,341.112,333.949,19.212,3.866,-25.694,12.723,308.256,5.254,-651,,1,3.079,498.027,2,94.234
2026-02-22T20:55:52.000Z,1771793752.000,32.64310477,-117.199856512,6.067,346.087,335.748,22.873,-0.116,-27.624,12.724,308.124,5.375,-652,,1,2.733,500.021,2,94.335
2026-02-22T20:55:53.000Z,1771793753.000,32.643130598,-117.199862833,5.862,355.3,336.062,23.648,2.838,-27.932,12.726,308.13,5.176,-653,,1,1.756,501.977,2,94.077
2026-02-22T20:55:54.000Z,1771793754.000,32.643157028,-117.199867936,5.494,342.131,341.534,26.094,1.626,-33.348,12.727,308.186,4.588,-654,,1,2.785,504.412,2,94.551
2026-02-22T20:55:55.000Z,1771793755.000,32.643181926,-117.19987631,5.668,343.18,333.901,18.867,0.171,-25.636,12.728,308.264,5.11,-655,,1,2.774,505.614,2,94.099
2026-02-22T20:55:56.000Z,1771793756.000,32.643208734,-117.199879364,5.864,359.259,339.845,24.48,5.086,-31.549,12.729,308.296,4.99,-656,,1,1.327,508.236,2,94.362
2026-02-22T20:55:57.000Z,1771793757.000,32.64323586,-117.199884203,5.862,342.713,340.897,21.861,3.123,-32.584,12.73,308.313,4.927,-657,,1,2.886,510.44,2,94.454
2026-02-22T20:55:58.000Z,1771793758.000,32.643262837,-117.199889934,6.278,352.095,338.554,20.681,-1.703,-30.285,12.731,308.269,5.422,-658,,1,2.145,512.353,2,94.402
2026-02-22T20:55:59.000Z,1771793759.000,32.643290619,-117.199891256,6.287,1.242,345.086,23.622,1.225,-37.112,12.732,307.974,4.992,-659,,1,1.165,515.172,2,95.082
2026-02-22T20:56:00.000Z,1771793760.000,32.643318987,-117.199893181,6.3,349.478,345.372,26.886,5.661,-37.385,12.733,307.987,5.006,-660,,1,2.39,517.604,2,95.386
2026-02-22T20:56:01.000Z,1771793761.000,32.643346544,-117.199900261,5.806,341.994,340.636,27.108,3.368,-32.423,12.734,308.213,4.891,-661,,1,2.873,519.335,2,95.136
2026-02-22T20:56:02.000Z,1771793762.000,32.643372436,-117.199908011,5.547,350.582,333.024,24.648,3.032,-24.531,12.736,308.493,5.046,-662,,1,1.984,520.66,2,94.58
2026-02-22T20:56:03.000Z,1771793763.000,32.643398469,-117.199914719,5.534,347.416,337.285,24.497,-0.304,-28.609,12.737,308.676,4.859,-663,,1,2.25,522.896,2,94.786
2026-02-22T20:56:04.000Z,1771793764.000,32.643423316,-117.199921617,5.749,351.72,338.361,26.266,3.077,-29.574,12.738,308.787,4.994,-664,,1,1.924,524.784,2,95.007
2026-02-22T20:56:05.000Z,1771793765.000,32.643449329,-117.199928367,5.831,345.604,337.493,25.748,4.084,-28.729,12.739,308.764,5.113,-665,,1,2.515,526.651,2,94.738
2026-02-22T20:56:06.000Z,1771793766.000,32.643477142,-117.199934414,6.046,342.246,340.116,32.675,-2.283,-31.805,12.74,308.312,5.139,-666,,1,2.909,528.958,2,94.656
2026-02-22T20:56:07.000Z,1771793767.000,32.643504293,-117.199943073,6,350.037,335.369,24.559,9.623,-27.568,12.741,307.802,5.317,-667,,1,2.135,530.546,2,94.143
2026-02-22T20:56:08.000Z,1771793768.000,32.643532686,-117.199952448,6.096,338.369,333.135,24.252,2.464,-25.449,12.742,307.686,5.499,-668,,1,3.264,532.374,2,93.745
2026-02-22T20:56:09.000Z,1771793769.000,32.643559467,-117.199963073,6.254,346.474,330.501,19.215,2.266,-23.365,12.743,307.136,5.741,-669,,1,2.558,533.956,2,93.396
2026-02-22T20:56:10.000Z,1771793770.000,32.643588186,-117.199971766,6.346,343.873,332.056,21.798,0.673,-25.102,12.744,306.954,5.745,-670,,1,2.842,536.128,2,92.744
2026-02-22T20:56:11.000Z,1771793771.000,32.643615094,-117.199979474,6.148,343.719,338.237,27.054,1.145,-31.26,12.746,306.977,5.253,-671,,1,2.753,538.522,2,92.745
2026-02-22T20:56:12.000Z,1771793772.000,32.643641176,-117.199988244,5.686,344.824,337.745,27.169,6.742,-30.523,12.747,307.222,4.897,-672,,1,2.437,540.306,2,92.407
2026-02-22T20:56:13.000Z,1771793773.000,32.643666319,-117.199998181,5.761,346.748,331.177,21.259,4.871,-24.278,12.748,306.898,5.25,-673,,1,2.282,541.502,2,91.916
2026-02-22T20:56:14.000Z,1771793774.000,32.643692556,-117.20000709,5.8,343.217,333.795,24.016,0.171,-26.918,12.749,306.876,5.172,-674,,1,2.609,543.519,2,91.594
2026-02-22T20:56:15.000Z,1771793775.000,32.643717862,-117.200018664,6.147,340.479,333.955,22.554,1.097,-26.975,12.75,306.98,5.478,-675,,1,3.012,545.122,2,90.99
2026-02-22T20:56:16.000Z,1771793776.000,32.643744073,-117.200029489,5.931,342.717,332.778,24.216,1.93,-25.516,12.751,307.262,5.353,-676,,1,2.691,546.75,2,90.586
2026-02-22T20:56:17.000Z,1771793777.000,32.643770857,-117.200039538,5.668,343.241,331.153,18.453,5.93,-23.784,12.752,307.369,5.186,-677,,1,2.513,548.439,2,90.201
2026-02-22T20:56:18.000Z,1771793778.000,32.643797395,-117.200047057,5.925,346.71,334.557,20.877,0.944,-27.177,12.753,307.38,5.268,-678,,1,2.288,550.617,2,90.053
2026-02-22T20:56:19.000Z,1771793779.000,32.643823484,-117.200053937,6.013,351.843,336.116,22.053,0.885,-28.682,12.754,307.433,5.275,-679,,1,1.803,552.654,2,90.029
2026-02-22T20:56:20.000Z,1771793780.000,32.643849016,-117.200060209,5.594,352.72,336.5,20.292,4.874,-29.156,12.756,307.344,4.886,-680,,1,1.583,554.592,2,90.24
2026-02-22T20:56:21.000Z,1771793781.000,32.643876144,-117.200066699,5.835,349.67,337.51,20.151,3.273,-30.018,12.757,307.492,5.053,-681,,1,1.933,556.703,2,90.363
2026-02-22T20:56:22.000Z,1771793782.000,32.643903124,-117.200073721,6.2,346.877,338.362,22.004,-0.128,-30.703,12.758,307.659,5.331,-682,,1,2.322,558.759,2,90.434
2026-02-22T20:56:23.000Z,1771793783.000,32.643929897,-117.200078699,5.838,354.704,339.132,25.107,4.243,-31.582,12.759,307.55,4.962,-683,,1,1.415,560.903,2,90.722
2026-02-22T20:56:24.000Z,1771793784.000,32.64395825,-117.20008502,5.922,340.597,339.842,22.405,2.299,-32.481,12.76,307.36,4.992,-684,,1,2.779,563.112,2,90.49
2026-02-22T20:56:25.000Z,1771793785.000,32.643985547,-117.200091354,6.188,350.543,335.583,20.774,1.021,-28.281,12.761,307.302,5.449,-685,,1,1.903,564.88,2,90.008
2026-02-22T20:56:26.000Z,1771793786.000,32.644013799,-117.20009627,6.26,352.221,340.881,25.692,0.933,-33.247,12.762,307.634,5.234,-686,,1,1.733,567.476,2,90.371
2026-02-22T20:56:27.000Z,1771793787.000,32.644041652,-117.2001042,6.284,343.476,336.811,21.194,1.5,-28.738,12.763,308.073,5.509,-687,,1,2.624,569.218,2,90.007
2026-02-22T20:56:28.000Z,1771793788.000,32.644069418,-117.200112235,6.135,346.293,337.135,22.552,2.923,-28.847,12.764,308.288,5.374,-688,,1,2.27,571.25,2,89.83
2026-02-22T20:56:29.000Z,1771793789.000,32.644096068,-117.200122071,5.839,344.926,333.361,21.544,0.445,-25.006,12.766,308.356,5.29,-689,,1,2.278,572.789,2,89.147
2026-02-22T20:56:30.000Z,1771793790.000,32.644121881,-117.200130911,5.731,349.121,333.498,19.184,5.405,-25.323,12.767,308.175,5.178,-690,,1,1.831,574.589,2,88.864
2026-02-22T20:56:31.000Z,1771793791.000,32.644148508,-117.200137788,5.863,343.258,335.753,19.366,3.541,-27.906,12.768,307.847,5.179,-691,,1,2.417,576.725,2,88.948
2026-02-22T20:56:32.000Z,1771793792.000,32.644175508,-117.200144091,5.925,348.396,337.273,25.289,0.947,-29.453,12.769,307.82,5.159,-692,,1,1.935,578.872,2,89.027
2026-02-22T20:56:33.000Z,1771793793.000,32.644202528,-117.200153097,6.013,336.51,336.351,24.249,3.243,-28.588,12.77,307.764,5.279,-693,,1,3.08,580.695,2,88.741
2026-02-22T20:56:34.000Z,1771793794.000,32.644229102,-117.200164105,6.607,339.669,333.165,21.829,1.38,-25.336,12.771,307.828,5.973,-694,,1,3.053,582.202,2,88.2
2026-02-22T20:56:35.000Z,1771793795.000,32.644256444,-117.200174896,6.135,339.586,333.74,19.636,0.426,-25.727,12.772,308.013,5.527,-695,,1,2.829,584.06,2,87.749
2026-02-22T20:56:36.000Z,1771793796.000,32.64428245,-117.200182138,5.95,352.629,335.193,14.012,9.453,-27.173,12.773,308.019,5.288,-696,,1,1.468,586.062,2,87.768
2026-02-22T20:56:37.000Z,1771793797.000,32.644309316,-117.200186249,5.931,351.917,338.242,17.796,4.435,-30.397,12.774,307.845,5.115,-697,,1,1.519,588.429,2,88.121
2026-02-22T20:56:38.000Z,1771793798.000,32.644336736,-117.200190867,5.931,349.711,339.877,20.185,1.213,-31.963,12.776,307.913,5.029,-698,,1,1.724,590.712,2,88.087
2026-02-22T20:56:39.000Z,1771793799.000,32.64436475,-117.20019784,6.265,347.748,338.943,22.855,2.876,-30.967,12.777,307.976,5.371,-699,,1,2.01,592.74,2,87.93
2026-02-22T20:56:40.000Z,1771793800.000,32.644391414,-117.200206681,6.039,347.431,333.124,17.217,2.688,-25.119,12.778,308.006,5.467,-700,,1,1.956,594.194,2,87.646
2026-02-22T20:56:41.000Z,1771793801.000,32.64441779,-117.20021565,6.015,340.041,335.518,14.822,3.935,-27.535,12.779,307.983,5.334,-701,,1,2.651,596.2,2,87.212
2026-02-22T20:56:42.000Z,1771793802.000,32.644445244,-117.200222522,6.311,349.489,339.739,20.267,-0.578,-31.818,12.78,307.921,5.36,-702,,1,1.797,598.542,2,87.241
2026-02-22T20:56:43.000Z,1771793803.000,32.644471942,-117.200230505,6.088,344.888,339.605,20.714,1.732,-31.654,12.781,307.951,5.182,-703,,1,2.182,600.45,2,86.933
2026-02-22T20:56:44.000Z,1771793804.000,32.644499154,-117.200236888,5.786,352.049,337.159,20.381,4.743,-29.021,12.782,308.138,5.055,-704,,1,1.371,602.332,2,86.634
2026-02-22T20:56:45.000Z,1771793805.000,32.6445261,-117.200243589,5.507,350.439,337.571,15.398,1.119,-29.015,12.783,308.556,4.804,-705,,1,1.441,604.373,2,86.443
2026-02-22T20:56:46.000Z,1771793806.000,32.644553461,-117.200249011,6.053,353.6,337.197,18.503,0.749,-28.563,12.784,308.634,5.312,-706,,1,1.244,606.469,2,86.07
2026-02-22T20:56:47.000Z,1771793807.000,32.644580717,-117.200255189,6.048,344.29,338.189,17.101,1.171,-29.705,12.786,308.484,5.253,-707,,1,2.169,608.608,2,86.079
2026-02-22T20:56:48.000Z,1771793808.000,32.644607728,-117.200263136,5.846,344.663,335.474,16.166,3.735,-27.448,12.787,308.026,5.188,-708,,1,2.048,610.364,2,85.865
2026-02-22T20:56:49.000Z,1771793809.000,32.644635789,-117.200270789,5.744,346.122,334.961,17.264,3.988,-27.25,12.788,307.711,5.107,-709,,1,1.861,612.384,2,85.532
2026-02-22T20:56:50.000Z,1771793810.000,32.644662432,-117.200278681,5.749,347.16,332.937,14.687,4.193,-25.189,12.789,307.748,5.2,-710,,1,1.75,614.155,2,85.295
2026-02-22T20:56:51.000Z,1771793811.000,32.644689062,-117.20028515,6.207,344.382,339.385,21.307,-0.952,-31.445,12.79,307.94,5.295,-711,,1,2.158,616.609,2,85.345
2026-02-22T20:56:52.000Z,1771793812.000,32.644714612,-117.200294949,5.9,340.804,331.212,12.379,4.429,-23.188,12.791,308.023,5.423,-712,,1,2.381,617.739,2,84.64
2026-02-22T20:56:53.000Z,1771793813.000,32.644741408,-117.200301947,5.437,345.967,337.237,16.509,2.32,-29.452,12.792,307.785,4.734,-713,,1,1.723,620.155,2,84.897
2026-02-22T20:56:54.000Z,1771793814.000,32.644765983,-117.200310664,5.082,345.623,334.429,11.981,2.906,-26.899,12.793,307.53,4.532,-714,,1,1.629,621.644,2,84.878
2026-02-22T20:56:55.000Z,1771793815.000,32.644790986,-117.200318672,5.784,347.897,333.822,11.448,3.178,-26.455,12.794,307.367,5.178,-715,,1,1.622,623.366,2,84.987
2026-02-22T20:56:56.000Z,1771793816.000,32.64481705,-117.200325583,6.117,344.396,336.564,15.842,-0.79,-29.312,12.796,307.253,5.332,-716,,1,2.056,625.481,2,85.271
2026-02-22T20:56:57.000Z,1771793817.000,32.644843663,-117.200332869,5.839,348.96,336.098,15.503,1.008,-28.978,12.797,307.12,5.106,-717,,1,1.505,627.398,2,85.182
2026-02-22T20:56:58.000Z,1771793818.000,32.644869554,-117.200340708,5.47,344.496,335.169,9.814,3.417,-27.639,12.798,307.53,4.847,-718,,1,1.804,629.188,2,85.056
2026-02-22T20:56:59.000Z,1771793819.000,32.64489559,-117.200347516,5.7,346.64,335.784,11.585,3.476,-28.013,12.799,307.772,5.03,-719,,1,1.664,631.156,2,84.914
2026-02-22T20:57:00.000Z,1771793820.000,32.644922661,-117.200352755,5.912,347.472,338.865,15.172,4.411,-31.031,12.8,307.834,5.066,-720,,1,1.628,633.478,2,84.857
2026-02-22T20:57:01.000Z,1771793821.000,32.644949213,-117.200358556,5.726,352.516,337.467,14.293,3.405,-29.603,12.801,307.864,4.979,-721,,1,1.073,635.409,2,84.712
2026-02-22T20:57:02.000Z,1771793822.000,32.644975046,-117.20036418,5.601,346.413,338.879,13.007,3.138,-30.97,12.802,307.909,4.803,-722,,1,1.615,637.481,2,84.75
2026-02-22T20:57:03.000Z,1771793823.000,32.644999782,-117.200370107,5.568,341.468,334.795,9.267,2.398,-26.844,12.803,307.951,4.964,-723,,1,2.047,639.051,2,84.718
2026-02-22T20:57:04.000Z,1771793824.000,32.645026035,-117.200375177,6.063,344.822,340.123,14.511,-1.485,-32.234,12.804,307.888,5.129,-724,,1,1.88,641.469,2,84.679
2026-02-22T20:57:05.000Z,1771793825.000,32.645050491,-117.200380747,5.561,349.548,338.15,13.404,2.97,-30.481,12.806,307.669,4.79,-725,,1,1.27,643.187,2,84.801
2026-02-22T20:57:06.000Z,1771793826.000,32.645076119,-117.200387976,5.562,345.89,332.169,9.137,2.966,-24.85,12.807,307.318,5.046,-726,,1,1.601,644.625,2,84.511
2026-02-22T20:57:07.000Z,1771793827.000,32.645102163,-117.200392587,5.7,354.665,336.264,11.46,1.903,-28.881,12.808,307.383,4.991,-727,,1,0.774,646.97,2,84.65
2026-02-22T20:57:08.000Z,1771793828.000,32.645127619,-117.200392813,5.338,1.3,347.343,20.962,2.799,-39.826,12.809,307.517,4.098,-728,,1,0.094,649.951,2,85.411
2026-02-22T20:57:09.000Z,1771793829.000,32.645153125,-117.200396605,4.847,355.507,339.591,15.032,6.278,-32.05,12.81,307.541,4.099,-729,,1,0.563,651.494,2,85.211
2026-02-22T20:57:10.000Z,1771793830.000,32.645179181,-117.20039844,5.746,351.573,344.329,22.661,0.811,-36.975,12.811,307.355,4.589,-730,,1,1.043,654.019,2,85.578
2026-02-22T20:57:11.000Z,1771793831.000,32.645204882,-117.200406193,5.8,341.574,339.118,15.34,2.475,-31.716,12.812,307.403,4.926,-731,,1,2.014,655.51,2,85.13
2026-02-22T20:57:12.000Z,1771793832.000,32.645230931,-117.200411986,6.087,351.798,341.602,19.531,0.73,-34.25,12.813,307.352,5.03,-732,,1,1.051,657.665,2,85.102
2026-02-22T20:57:13.000Z,1771793833.000,32.645256225,-117.200417914,5.715,353.669,343.336,17.51,4.029,-36.078,12.814,307.257,4.617,-733,,1,0.789,659.688,2,85.311
2026-02-22T20:57:14.000Z,1771793834.000,32.645283601,-117.200424794,6.221,345.256,339.461,11.457,5.9,-32.146,12.816,307.315,5.268,-734,,1,1.735,661.469,2,85.154
2026-02-22T20:57:15.000Z,1771793835.000,32.645310647,-117.200430137,5.938,350.737,333.146,8.244,3.833,-25.565,12.817,307.581,5.354,-735,,1,1.09,663.12,2,84.84
2026-02-22T20:57:16.000Z,1771793836.000,32.645337121,-117.200432226,5.913,353.635,343.595,12.771,1.724,-35.63,12.818,307.965,4.806,-736,,1,0.773,666.074,2,85.748
2026-02-22T20:57:17.000Z,1771793837.000,32.645362418,-117.200434527,5.179,357.924,343.584,11.614,5.751,-35.481,12.819,308.103,4.217,-737,,1,0.278,668.187,2,85.774
2026-02-22T20:57:18.000Z,1771793838.000,32.645387962,-117.200434553,5.347,355.429,346.222,16.616,4.107,-38.206,12.82,308.016,4.199,-738,,1,0.506,670.62,2,86.008
2026-02-22T20:57:19.000Z,1771793839.000,32.645413944,-117.200435975,5.513,354.264,345.44,19.734,0.972,-37.665,12.821,307.775,4.362,-739,,1,0.619,672.795,2,86.415
2026-02-22T20:57:20.000Z,1771793840.000,32.645440898,-117.200440743,6.254,351.115,343.043,15.876,1.903,-35.68,12.822,307.363,5.081,-740,,1,1.027,674.762,2,86.434
2026-02-22T20:57:21.000Z,1771793841.000,32.645470327,-117.20044394,6.279,356.297,343.523,19.866,2.274,-36.013,12.823,307.51,5.078,-741,,1,0.449,677.224,2,86.213
2026-02-22T20:57:22.000Z,1771793842.000,32.645498838,-117.200447917,6.275,349.989,346.367,20.467,3.807,-38.743,12.824,307.624,4.894,-742,,1,1.116,679.711,2,86.421
2026-02-22T20:57:23.000Z,1771793843.000,32.645525921,-117.20045244,5.74,352.753,340.767,16.259,6.674,-33.115,12.826,307.652,4.807,-743,,1,0.733,681.492,2,86.212
2026-02-22T20:57:24.000Z,1771793844.000,32.645553682,-117.200455719,6.115,349.916,341.027,13.363,-0.024,-33.273,12.827,307.754,5.099,-744,,1,1.064,683.781,2,86.478
2026-02-22T20:57:25.000Z,1771793845.000,32.645582128,-117.200455672,6.254,7.543,351.394,27.401,0.514,-43.538,12.828,307.856,4.507,-745,,1,-0.846,686.951,2,87.686
2026-02-22T20:57:26.000Z,1771793846.000,32.64560949,-117.200458261,6.262,351.225,345.663,20.516,8.811,-37.794,12.829,307.869,4.949,-746,,1,0.914,688.897,2,87.302
2026-02-22T20:57:27.000Z,1771793847.000,32.645637325,-117.20046139,5.458,354.55,347.586,26.842,0.99,-39.45,12.83,308.136,4.211,-747,,1,0.467,691.31,2,87.454
2026-02-22T20:57:28.000Z,1771793848.000,32.645665264,-117.200467711,6.211,349.289,342.699,23.1,2.556,-34.799,12.831,307.9,5.1,-748,,1,1.08,693.12,2,87.143
2026-02-22T20:57:29.000Z,1771793849.000,32.645692482,-117.200473231,5.987,348.729,341.729,23.235,1.63,-33.985,12.832,307.744,4.965,-749,,1,1.083,695.158,2,87.116
2026-02-22T20:57:30.000Z,1771793850.000,32.645719784,-117.200480202,6.06,348.963,337.58,18.417,4.757,-29.722,12.833,307.858,5.263,-750,,1,1.056,696.903,2,86.975
2026-02-22T20:57:31.000Z,1771793851.000,32.645747451,-117.200485836,6.115,351.586,340.646,22.635,0.704,-32.659,12.834,307.987,5.149,-751,,1,0.772,699.25,2,87.181
2026-02-22T20:57:32.000Z,1771793852.000,32.645775021,-117.200492743,6.454,348.504,337.041,17.274,3.205,-28.999,12.836,308.042,5.645,-752,,1,1.141,701.057,2,86.664
2026-02-22T20:57:33.000Z,1771793853.000,32.645803222,-117.20049777,5.864,353.322,340.927,20.291,3.224,-32.718,12.837,308.209,4.934,-753,,1,0.532,703.542,2,86.823
2026-02-22T20:57:34.000Z,1771793854.000,32.645830839,-117.20050482,5.976,346.319,335.078,13.914,5.789,-26.35,12.838,308.728,5.348,-754,,1,1.248,705.186,2,86.314
2026-02-22T20:57:35.000Z,1771793855.000,32.645858624,-117.200508276,6.323,351.617,342.63,21.066,0.176,-34.495,12.839,308.134,5.211,-755,,1,0.726,707.977,2,86.688
2026-02-22T20:57:36.000Z,1771793856.000,32.645886012,-117.20051428,5.788,349.247,341.835,17.809,2.673,-34.109,12.84,307.727,4.792,-756,,1,0.886,710.015,2,86.304
2026-02-22T20:57:37.000Z,1771793857.000,32.64591262,-117.200521566,5.391,343.965,339.824,16.594,4.558,-32.726,12.841,307.098,4.531,-757,,1,1.299,711.827,2,85.723
2026-02-22T20:57:38.000Z,1771793858.000,32.645939378,-117.200529918,6.038,342.735,337.489,15.863,0.717,-31.011,12.842,306.478,5.174,-758,,1,1.565,713.567,2,85.381
2026-02-22T20:57:39.000Z,1771793859.000,32.645968029,-117.200536968,6.378,350.201,339.867,18.455,0.841,-33.622,12.843,306.246,5.309,-759,,1,0.82,715.876,2,85.408
2026-02-22T20:57:40.000Z,1771793860.000,32.645995534,-117.200542271,6.238,354.747,337.841,17.18,2.417,-31.883,12.844,305.958,5.297,-760,,1,0.293,717.877,2,85.321
2026-02-22T20:57:41.000Z,1771793861.000,32.646023364,-117.200546278,5.967,351.213,339.903,15.602,2.702,-34.159,12.846,305.744,4.933,-761,,1,0.63,720.261,2,85.283
2026-02-22T20:57:42.000Z,1771793862.000,32.646049959,-117.200548876,5.831,353.725,349.712,26.679,2.695,-44.287,12.847,305.426,4.166,-762,,1,0.345,723.095,2,86.012
2026-02-22T20:57:43.000Z,1771793863.000,32.64607692,-117.200557146,6.329,339.994,343.096,17.616,6.816,-37.827,12.848,305.269,5.001,-763,,1,1.847,724.611,2,85.25
2026-02-22T20:57:44.000Z,1771793864.000,32.646103779,-117.200563679,5.825,351.197,338.999,17.76,1.325,-33.884,12.849,305.115,4.834,-764,,1,0.57,726.35,2,84.887
2026-02-22T20:57:45.000Z,1771793865.000,32.646131561,-117.200569128,6.409,348.252,343.055,20.921,-1.653,-38.065,12.85,304.99,5.041,-765,,1,0.936,728.78,2,84.86
2026-02-22T20:57:46.000Z,1771793866.000,32.646160714,-117.200574856,6.222,356.027,338.884,14.568,8.244,-33.991,12.851,304.894,5.157,-766,,1,0.05,730.761,2,84.342
2026-02-22T20:57:47.000Z,1771793867.000,32.646188739,-117.200579103,6.062,350.958,340.454,13.804,2.065,-35.639,12.852,304.816,4.917,-767,,1,0.567,733.113,2,84.495
2026-02-22T20:57:48.000Z,1771793868.000,32.646216001,-117.200584266,6.187,350.361,341.536,18.791,0.56,-36.656,12.853,304.88,4.963,-768,,1,0.626,735.315,2,84.637
2026-02-22T20:57:49.000Z,1771793869.000,32.646242817,-117.200590268,6.046,349.193,342.96,20.78,-0.528,-37.931,12.854,305.029,4.769,-769,,1,0.718,737.45,2,84.731
2026-02-22T20:57:50.000Z,1771793870.000,32.646269953,-117.200596463,5.747,346.605,341.285,21.452,1.6,-36.632,12.856,304.654,4.612,-770,,1,0.924,739.396,2,84.916
2026-02-22T20:57:51.000Z,1771793871.000,32.646295328,-117.200603094,5.438,349.363,341.5,19.297,1.796,-36.982,12.857,304.518,4.344,-771,,1,0.602,741.287,2,85.134
2026-02-22T20:57:52.000Z,1771793872.000,32.646321685,-117.200608156,5.985,355.157,342.77,20.178,2.098,-38.777,12.858,303.993,4.663,-772,,1,0.042,743.422,2,85.571
2026-02-22T20:57:53.000Z,1771793873.000,32.64634829,-117.200614174,5.878,343.655,342.683,24.264,1.516,-38.969,12.859,303.714,4.57,-773,,1,1.198,745.438,2,85.561
2026-02-22T20:57:54.000Z,1771793874.000,32.646371284,-117.200627783,5.888,325.117,334.127,21.797,0.401,-30.587,12.86,303.54,5.067,-774,,1,2.959,746.116,2,84.605
2026-02-22T20:57:55.000Z,1771793875.000,32.646389533,-117.200645673,4.654,319.451,316.854,15.555,11.059,-13.207,12.861,303.647,4.531,-775,,1,2.72,745.401,2,83.498
2026-02-22T20:57:56.000Z,1771793876.000,32.646402745,-117.200666821,4.692,291.795,300.217,-0.393,-0.715,3.896,12.862,304.113,4.666,-776,,1,4.195,744.036,2,83.127
2026-02-22T20:57:57.000Z,1771793877.000,32.646408963,-117.200689597,4.234,288.175,287.16,4.824,7.136,17.376,12.863,304.536,4.04,-777,,1,3.897,742.272,2,83.358
2026-02-22T20:57:58.000Z,1771793878.000,32.646409152,-117.200711404,3.089,261.429,271.516,-0.212,6.145,33.175,12.864,304.69,2.588,-778,,1,3.082,739.939,2,84.49
2026-02-22T20:57:59.000Z,1771793879.000,32.646401655,-117.200732647,4.316,245.343,262.44,-18.405,1.588,42.371,12.866,304.811,3.188,-779,,1,4.056,737.511,2,85.951
2026-02-22T20:58:00.000Z,1771793880.000,32.646393031,-117.200753546,4.2,240.816,259.487,-22.756,4.804,45.398,12.867,304.885,2.949,-780,,1,3.821,735.399,2,87.149
2026-02-22T20:58:01.000Z,1771793881.000,32.646383508,-117.200776028,3.865,247.681,261.159,-30.322,0.789,43.334,12.868,304.493,2.811,-781,,1,3.682,733.378,2,88.255
2026-02-22T20:58:02.000Z,1771793882.000,32.646377964,-117.20079935,4.855,259.475,269.062,-24.331,-2.079,35.04,12.869,304.102,3.975,-782,,1,4.829,732.046,2,88.79
2026-02-22T20:58:03.000Z,1771793883.000,32.646374737,-117.200823761,4.593,270.451,275.387,-21.59,4.604,28.471,12.87,303.858,4.04,-783,,1,4.575,730.805,2,89.16
2026-02-22T20:58:04.000Z,1771793884.000,32.646373826,-117.200849774,5.008,264.053,273.003,-19.529,3.311,30.689,12.871,303.692,4.308,-784,,1,5.007,729.091,2,89.666
2026-02-22T20:58:05.000Z,1771793885.000,32.646372726,-117.200876528,5.048,269.113,275.825,-15.132,-0.801,27.64,12.872,303.465,4.472,-785,,1,5.037,727.675,2,89.954
2026-02-22T20:58:06.000Z,1771793886.000,32.646371453,-117.200904187,4.993,269.034,275.829,-7.618,5.475,27.492,12.873,303.321,4.431,-786,,1,4.983,726.002,2,90.145
2026-02-22T20:58:07.000Z,1771793887.000,32.646368736,-117.200931455,4.931,263.247,269.711,-10.122,0.334,33.534,12.874,303.245,4.11,-787,,1,4.927,723.812,2,90.818
2026-02-22T20:58:08.000Z,1771793888.000,32.64636446,-117.200957701,4.8,260.05,269.137,-11.791,-0.016,33.651,12.876,302.788,3.996,-788,,1,4.779,721.913,2,91.356
2026-02-22T20:58:09.000Z,1771793889.000,32.646359174,-117.200983061,4.439,256.071,267.647,-15.315,8.941,34.928,12.877,302.575,3.637,-789,,1,4.38,719.919,2,92.062
2026-02-22T20:58:10.000Z,1771793890.000,32.646354243,-117.201009724,4.892,256.651,266.414,-13.552,-0.251,36.143,12.878,302.556,3.952,-790,,1,4.834,717.9,2,92.793
2026-02-22T20:58:11.000Z,1771793891.000,32.646348774,-117.201037377,5.443,257.534,269.636,-15.925,1.13,32.865,12.879,302.501,4.572,-791,,1,5.391,716.055,2,93.248
2026-02-22T20:58:12.000Z,1771793892.000,32.646343975,-117.20106385,4.85,257.499,268.081,-13.847,3.984,34.608,12.88,302.688,3.993,-792,,1,4.803,714.036,2,94.193
2026-02-22T20:58:13.000Z,1771793893.000,32.646338752,-117.201092144,5.215,258.121,267.924,-12.561,4.172,34.923,12.881,302.848,4.276,-793,,1,5.172,711.965,2,94.913
2026-02-22T20:58:14.000Z,1771793894.000,32.646333789,-117.201120383,4.825,259.367,267.556,-13.529,6.081,35.221,12.882,302.777,3.94,-794,,1,4.797,709.908,2,95.459
2026-02-22T20:58:15.000Z,1771793895.000,32.646328187,-117.201149689,5.348,257.368,266.838,-13.991,2.263,35.876,12.883,302.714,4.334,-795,,1,5.293,707.712,2,96.017
2026-02-22T20:58:16.000Z,1771793896.000,32.646323448,-117.201178907,5.526,260.291,265.937,-13.274,2.313,36.548,12.884,302.485,4.439,-796,,1,5.503,705.587,2,96.632
2026-02-22T20:58:17.000Z,1771793897.000,32.646318456,-117.201207784,5.654,260.194,268.42,-16.535,-2.239,33.736,12.886,302.156,4.7,-797,,1,5.629,703.668,2,96.956
2026-02-22T20:58:18.000Z,1771793898.000,32.646314197,-117.201237574,5.72,260.139,269.402,-13.709,4.776,32.433,12.887,301.835,4.829,-798,,1,5.694,701.671,2,97.434
2026-02-22T20:58:19.000Z,1771793899.000,32.646308464,-117.201266618,5.15,256.252,266.237,-13.08,3.537,35.182,12.888,301.419,4.209,-799,,1,5.081,699.324,2,97.812
2026-02-22T20:58:20.000Z,1771793900.000,32.646303139,-117.201295246,5.386,259.31,264.966,-13.556,3.228,36.294,12.889,301.26,4.341,-800,,1,5.353,697.158,2,98.205
2026-02-22T20:58:21.000Z,1771793901.000,32.646296863,-117.201324432,5.6,256.86,266.314,-19.99,0.984,34.95,12.89,301.264,4.59,-801,,1,5.534,695.035,2,98.679
2026-02-22T20:58:22.000Z,1771793902.000,32.646290689,-117.201355649,5.865,255.401,265.905,-20.909,1.396,35.544,12.891,301.448,4.772,-802,,1,5.77,692.7,2,99.307
2026-02-22T20:58:23.000Z,1771793903.000,32.646285694,-117.201386408,5.7,260.043,268.201,-18.653,0.745,33.792,12.892,301.993,4.737,-803,,1,5.672,690.663,2,99.821
2026-02-22T20:58:24.000Z,1771793904.000,32.646281529,-117.201417763,5.954,263.674,271.16,-18.149,4.252,30.76,12.893,301.919,5.117,-804,,1,5.951,688.715,2,100.145
2026-02-22T20:58:25.000Z,1771793905.000,32.646278421,-117.201450752,5.189,263.21,265.348,-13.375,2.628,36.699,12.894,302.047,4.162,-805,,1,5.183,686.21,2,99.756
2026-02-22T20:58:26.000Z,1771793906.000,32.646273354,-117.20148219,6.434,257.98,265.854,-10.961,-3.631,36.148,12.896,302.002,5.19,-806,,1,6.375,684.017,2,98.431
2026-02-22T20:58:27.000Z,1771793907.000,32.646266548,-117.201512614,6.033,255.014,267.133,-13.854,3.721,34.62,12.897,301.753,4.966,-807,,1,5.927,681.774,2,97.267
2026-02-22T20:58:28.000Z,1771793908.000,32.64625837,-117.201543315,5.73,252.848,263.092,-15.264,7.298,38.522,12.898,301.614,4.482,-808,,1,5.584,679.071,2,96.407
2026-02-22T20:58:29.000Z,1771793909.000,32.646249872,-117.20157492,6.171,250.506,259.111,-11.185,1.194,42.252,12.899,301.363,4.569,-809,,1,5.949,676.309,2,96.522
2026-02-22T20:58:30.000Z,1771793910.000,32.646241144,-117.201605903,6.251,254.624,262.259,-10.608,-0.883,38.918,12.9,301.177,4.861,-810,,1,6.129,673.961,2,96.04
2026-02-22T20:58:31.000Z,1771793911.000,32.646234035,-117.201635406,5.924,254.089,266.567,-12.217,4.031,34.637,12.901,301.204,4.874,-811,,1,5.797,671.923,2,95.681
2026-02-22T20:58:32.000Z,1771793912.000,32.646227266,-117.201665703,5.967,252.477,266.999,-14.911,5.16,33.983,12.902,300.982,4.948,-812,,1,5.802,669.637,2,94.894
2026-02-22T20:58:33.000Z,1771793913.000,32.646221788,-117.201694861,5.248,259.588,266.764,-17.189,3.529,33.839,12.903,300.603,4.359,-813,,1,5.215,667.49,2,95.961
2026-02-22T20:58:34.000Z,1771793914.000,32.646217364,-117.201724746,5.687,259.075,266.722,-9.14,4.252,33.428,12.904,300.15,4.746,-814,,1,5.645,665.408,2,95.377
2026-02-22T20:58:35.000Z,1771793915.000,32.646211964,-117.201753874,5.277,258.275,265.845,-11.873,0.976,33.657,12.906,299.502,4.394,-815,,1,5.229,663.231,2,95.039
2026-02-22T20:58:36.000Z,1771793916.000,32.646206315,-117.201783769,5.434,258.136,265.644,-11.607,2.593,33.738,12.907,299.382,4.519,-816,,1,5.382,661.03,2,95.456
2026-02-22T20:58:37.000Z,1771793917.000,32.646200418,-117.201811831,5.213,255.56,264.585,-13.921,0.562,34.786,12.908,299.37,4.281,-817,,1,5.125,658.859,2,95.065
2026-02-22T20:58:38.000Z,1771793918.000,32.64619396,-117.201839239,5.254,256.604,264.197,-17.085,0.229,35.25,12.909,299.448,4.289,-818,,1,5.182,656.715,2,95.648
2026-02-22T20:58:39.000Z,1771793919.000,32.646186676,-117.201868274,5.311,253.364,262.268,-17.282,3.693,37.268,12.91,299.535,4.226,-819,,1,5.179,654.317,2,96.702
2026-02-22T20:58:40.000Z,1771793920.000,32.646179175,-117.201897074,5.388,253.589,262.971,-17.961,-0.841,36.672,12.911,299.643,4.32,-820,,1,5.258,652.067,2,97.166
2026-02-22T20:58:41.000Z,1771793921.000,32.646171634,-117.201925485,5.487,252.726,263.569,-18.204,0.959,36.156,12.912,299.725,4.43,-821,,1,5.335,649.828,2,97.75
2026-02-22T20:58:42.000Z,1771793922.000,32.646163342,-117.201952866,5.261,249.801,260.582,-17.335,3.617,39.342,12.913,299.924,4.069,-822,,1,5.045,647.376,2,98.998
2026-02-22T20:58:43.000Z,1771793923.000,32.646154779,-117.201981813,5.223,254.315,263.212,-23.037,0.11,36.653,12.914,299.866,4.19,-823,,1,5.108,645.132,2,99.194
2026-02-22T20:58:44.000Z,1771793924.000,32.646147906,-117.202010958,5.351,258.388,263.877,-20.568,2.735,35.991,12.916,299.868,4.33,-824,,1,5.299,642.916,2,99.079
2026-02-22T20:58:45.000Z,1771793925.000,32.646141493,-117.202039721,5.546,256.331,264.186,-22.234,-0.293,35.77,12.917,299.956,4.5,-825,,1,5.461,640.742,2,99.057
2026-02-22T20:58:46.000Z,1771793926.000,32.646135008,-117.202069152,5.615,256.069,265.229,-23.986,2.711,34.825,12.918,300.054,4.61,-826,,1,5.524,638.567,2,99.108
2026-02-22T20:58:47.000Z,1771793927.000,32.646127837,-117.202099027,5.576,254.425,264.086,-25.11,0.872,36.115,12.919,300.201,4.504,-827,,1,5.453,636.176,2,100.16
2026-02-22T20:58:48.000Z,1771793928.000,32.646121488,-117.202129887,5.96,257.699,264.781,-24.245,1.661,35.653,12.92,300.434,4.843,-828,,1,5.89,633.912,2,100.811
2026-02-22T20:58:49.000Z,1771793929.000,32.646115304,-117.20216058,6.046,254.7,264.432,-18.748,6.564,36.175,12.921,300.607,4.88,-829,,1,5.918,631.61,2,101.324
2026-02-22T20:58:50.000Z,1771793930.000,32.646107734,-117.202192517,5.823,255.206,263.585,-18.197,2.006,37.109,12.922,300.694,4.644,-830,,1,5.709,629.085,2,101.64
2026-02-22T20:58:51.000Z,1771793931.000,32.64610047,-117.202224342,6.187,254.067,265.748,-16.729,5.135,34.935,12.923,300.684,5.072,-831,,1,6.04,626.774,2,101.348
2026-02-22T20:58:52.000Z,1771793932.000,32.646092995,-117.202256556,5.941,256.063,264.432,-19.674,4.713,36.013,12.924,300.445,4.806,-832,,1,5.84,624.213,2,102.562
2026-02-22T20:58:53.000Z,1771793933.000,32.64608725,-117.202288247,5.937,260.208,265.911,-18.386,0.22,34.155,12.926,300.066,4.914,-833,,1,5.9,622.003,2,102.411
2026-02-22T20:58:54.000Z,1771793934.000,32.646082944,-117.202320408,6.139,262.724,269.589,-16.434,-0.141,30.088,12.927,299.677,5.312,-834,,1,6.124,620.036,2,102.666
2026-02-22T20:58:55.000Z,1771793935.000,32.64607887,-117.202352031,5.861,264.687,267.778,-14.84,3.677,31.498,12.928,299.276,4.998,-835,,1,5.858,617.774,2,103.34
2026-02-22T20:58:56.000Z,1771793936.000,32.646075409,-117.202383135,5.662,262.346,265.817,-12.521,0.562,33.11,12.929,298.926,4.743,-836,,1,5.645,615.59,2,103.369
2026-02-22T20:58:57.000Z,1771793937.000,32.646070604,-117.202414597,5.71,260.944,266.138,-13.861,-0.841,32.328,12.93,298.466,4.825,-837,,1,5.681,613.407,2,103.913
2026-02-22T20:58:58.000Z,1771793938.000,32.64606562,-117.202444952,5.9,257.523,265.914,-12.363,4.571,32.112,12.931,298.026,4.997,-838,,1,5.824,611.238,2,104.588
2026-02-22T20:58:59.000Z,1771793939.000,32.646059934,-117.202476154,5.64,257.787,264.947,-13.651,-0.291,32.783,12.932,297.73,4.742,-839,,1,5.571,608.914,2,105.004
2026-02-22T20:59:00.000Z,1771793940.000,32.646054187,-117.202505415,5.63,255.983,264.735,-12.875,0.991,32.836,12.933,297.57,4.731,-840,,1,5.53,606.739,2,105.45
2026-02-22T20:59:01.000Z,1771793941.000,32.646047213,-117.202535504,5.741,254.083,265.147,-16.472,-2.379,32.013,12.934,297.16,4.868,-841,,1,5.599,604.446,2,106.203
2026-02-22T20:59:02.000Z,1771793942.000,32.646041253,-117.20256392,5.662,254.961,268.038,-15.038,8.054,28.442,12.936,296.481,4.977,-842,,1,5.54,602.493,2,106.52
2026-02-22T20:59:03.000Z,1771793943.000,32.646034842,-117.202593691,5.646,256.924,264.522,-17.38,0.316,31.355,12.937,295.877,4.821,-843,,1,5.56,600.026,2,107.003
2026-02-22T20:59:04.000Z,1771793944.000,32.646028688,-117.202623644,5.732,256.434,263.871,-12.011,1.339,31.678,12.938,295.549,4.875,-844,,1,5.635,597.751,2,107.778
2026-02-22T20:59:05.000Z,1771793945.000,32.64602045,-117.202652663,5.613,252.588,262.166,-18.234,0.488,32.871,12.939,295.037,4.714,-845,,1,5.436,595.282,2,108.536
2026-02-22T20:59:06.000Z,1771793946.000,32.646012213,-117.202681483,5.505,251.276,262.498,-20.404,1.286,31.808,12.94,294.306,4.678,-846,,1,5.297,592.943,2,108.778
2026-02-22T20:59:07.000Z,1771793947.000,32.646005078,-117.202710919,5.616,253.156,262.141,-17.256,0.596,31.55,12.941,293.691,4.786,-847,,1,5.45,590.628,2,109.349
2026-02-22T20:59:08.000Z,1771793948.000,32.645996886,-117.202740327,5.939,251.615,262.871,-18.586,2.106,30.29,12.942,293.162,5.129,-848,,1,5.722,588.283,2,109.929
2026-02-22T20:59:09.000Z,1771793949.000,32.645989903,-117.202770909,5.562,257.498,264.645,-20.216,-1.486,28.185,12.943,292.83,4.903,-849,,1,5.483,586.042,2,109.432
2026-02-22T20:59:10.000Z,1771793950.000,32.645983797,-117.202800455,5.8,254.986,270.115,-14.075,8.743,22.335,12.944,292.449,5.36,-850,,1,5.669,584.176,2,109.971
2026-02-22T20:59:11.000Z,1771793951.000,32.645977138,-117.2028316,5.39,252.404,263.343,-16.67,6.177,28.858,12.946,292.201,4.721,-851,,1,5.21,581.406,2,110.291
2026-02-22T20:59:12.000Z,1771793952.000,32.645969092,-117.202861002,6.1,246.607,263.751,-21.159,-2.053,28.218,12.947,291.969,5.373,-852,,1,5.706,579.058,2,110.843
2026-02-22T20:59:13.000Z,1771793953.000,32.645960776,-117.202890325,5.637,252.83,261.926,-18.77,6.121,29.871,12.948,291.797,4.889,-853,,1,5.457,576.557,3,111.991
2026-02-22T20:59:14.000Z,1771793954.000,32.645953688,-117.202920295,5.461,257.663,263.329,-16.302,-0.706,28.511,12.949,291.84,4.799,-854,,1,5.382,574.318,2,112.966
2026-02-22T20:59:15.000Z,1771793955.000,32.645947307,-117.202949729,5.528,254.023,262.742,-13.137,3.511,29.236,12.95,291.979,4.824,-855,,1,5.377,572.056,2,113.198
2026-02-22T20:59:16.000Z,1771793956.000,32.645939509,-117.202978947,5.6,253.669,259.174,-13.36,1.189,32.738,12.951,291.912,4.709,-856,,1,5.438,569.515,2,114.452
2026-02-22T20:59:17.000Z,1771793957.000,32.64592891,-117.203008362,6.377,245.138,260.453,-18.63,-0.109,31.387,12.952,291.84,5.44,-857,,1,5.894,566.984,2,114.598
2026-02-22T20:59:18.000Z,1771793958.000,32.645918917,-117.203038879,6.21,250.734,263.934,-19.459,1.322,27.908,12.953,291.842,5.489,-858,,1,5.943,564.575,2,114.986
2026-02-22T20:59:19.000Z,1771793959.000,32.645910944,-117.203069227,5.975,254.741,264.996,-20.706,0.944,26.759,12.954,291.755,5.335,-859,,1,5.824,562.218,2,115.32
2026-02-22T20:59:20.000Z,1771793960.000,32.645903937,-117.203099407,5.886,252.992,264.243,-22.556,0.456,27.144,12.956,291.387,5.238,-860,,1,5.693,559.847,2,116.058
2026-02-22T20:59:21.000Z,1771793961.000,32.645897174,-117.203128911,5.63,253.675,264.196,-20.207,5.123,27.053,12.957,291.249,5.012,-861,,1,5.461,557.579,2,116.51
2026-02-22T20:59:22.000Z,1771793962.000,32.645889707,-117.203159377,5.472,251.319,261.211,-20.312,7.564,30.122,12.958,291.334,4.733,-862,,1,5.247,555.023,2,117.55
2026-02-22T20:59:23.000Z,1771793963.000,32.645881834,-117.203190482,5.777,255.575,263.257,-20.463,-0.841,28.221,12.959,291.478,5.091,-863,,1,5.645,552.687,2,117.368
2026-02-22T20:59:24.000Z,1771793964.000,32.645875867,-117.203220834,5.77,255.733,264.971,-15.909,1.02,26.606,12.96,291.577,5.159,-864,,1,5.641,550.545,2,117.484
2026-02-22T20:59:25.000Z,1771793965.000,32.645869582,-117.20325159,5.666,254.083,263.891,-11.808,1.447,27.747,12.961,291.638,5.015,-865,,1,5.502,548.187,2,118.755
2026-02-22T20:59:26.000Z,1771793966.000,32.645861809,-117.203280093,5.562,250.56,261.207,-15.703,4.901,30.596,12.962,291.803,4.788,-866,,1,5.307,545.733,2,120.108
2026-02-22T20:59:27.000Z,1771793967.000,32.645853256,-117.203309305,5.395,252.932,261.735,-21.379,1.273,30.215,12.963,291.95,4.662,-867,,1,5.209,543.355,2,120.556
2026-02-22T20:59:28.000Z,1771793968.000,32.645845372,-117.203339088,6.108,251.556,263.517,-19.837,-0.042,28.812,12.964,292.329,5.351,-868,,1,5.856,541.077,2,121.271
2026-02-22T20:59:29.000Z,1771793969.000,32.645837393,-117.203370062,6.064,251.392,261.923,-16.11,0.675,30.474,12.966,292.397,5.226,-869,,1,5.807,538.528,2,121.449
2026-02-22T20:59:30.000Z,1771793970.000,32.645828819,-117.203399469,6.199,248.515,263.4,-20.687,-0.42,29.028,12.967,292.429,5.421,-870,,1,5.837,536.193,2,122.398
2026-02-22T20:59:31.000Z,1771793971.000,32.645820509,-117.203429261,5.73,251.176,264.755,-21.506,4.01,27.602,12.968,292.358,5.077,-871,,1,5.478,533.855,2,122.655
2026-02-22T20:59:32.000Z,1771793972.000,32.645811997,-117.203459629,5.811,250.945,264.079,-22.9,2.387,28.13,12.969,292.21,5.124,-872,,1,5.547,531.345,3,123.529
2026-02-22T20:59:33.000Z,1771793973.000,32.645804962,-117.203490488,5.3,256.013,265.702,-24.65,3.851,26.414,12.97,292.116,4.747,-873,,1,5.178,529.076,3,123.438
2026-02-22T20:59:34.000Z,1771793974.000,32.64579897,-117.203520754,5.9,256.332,267.623,-23.305,-2.542,24.534,12.971,292.157,5.367,-874,,1,5.77,526.954,3,123.3
2026-02-22T20:59:35.000Z,1771793975.000,32.645794142,-117.203550245,5.515,255.783,268.514,-16.775,7.669,23.673,12.972,292.188,5.05,-875,,1,5.382,524.918,3,124.188
2026-02-22T20:59:36.000Z,1771793976.000,32.645787718,-117.20358064,5.67,252.644,262.096,-16.46,5.06,30.717,12.973,292.813,4.875,-876,,1,5.455,522.243,3,124.669
2026-02-22T20:59:37.000Z,1771793977.000,32.645781168,-117.203610899,5.625,254.972,263.234,-17.474,2.696,30.105,12.974,293.339,4.867,-877,,1,5.469,520.02,3,124.96
2026-02-22T20:59:38.000Z,1771793978.000,32.645774421,-117.203640571,5.646,256.196,262.941,-17.295,0.301,30.705,12.976,293.646,4.855,-878,,1,5.515,517.73,3,125.574
2026-02-22T20:59:39.000Z,1771793979.000,32.645766981,-117.203671224,5.946,254.769,264.314,-19.028,2.03,29.602,12.977,293.916,5.17,-879,,1,5.773,515.42,3,125.663
2026-02-22T20:59:40.000Z,1771793980.000,32.645759768,-117.203701302,5.363,255.697,263.346,-17.456,1.491,30.979,12.978,294.325,4.598,-880,,1,5.226,513.025,3,126.343
2026-02-22T20:59:41.000Z,1771793981.000,32.645751223,-117.203730968,5.886,251.408,260.176,-17.73,0.997,34.407,12.979,294.583,4.856,-881,,1,5.619,510.411,3,126.85
2026-02-22T20:59:42.000Z,1771793982.000,32.645742354,-117.203760465,5.984,250.553,263.836,-18.898,3.629,30.994,12.98,294.83,5.129,-882,,1,5.684,508.169,3,127.465
2026-02-22T20:59:43.000Z,1771793983.000,32.645733128,-117.203790873,5.436,247.29,263.336,-18.107,8.398,31.596,12.981,294.931,4.63,-883,,1,5.056,505.604,3,128.016
2026-02-22T20:59:44.000Z,1771793984.000,32.645724384,-117.203821026,5.925,251.943,260.324,-21.289,0.71,34.766,12.982,295.09,4.867,-884,,1,5.667,502.955,3,128.175
2026-02-22T20:59:45.000Z,1771793985.000,32.645715708,-117.203850921,6.261,251.331,265.92,-26.554,-4.237,29.48,12.983,295.4,5.452,-885,,1,5.967,500.824,3,128.947
2026-02-22T20:59:46.000Z,1771793986.000,32.645709687,-117.203880362,5.2,254.605,265.96,-18.186,7.64,29.859,12.984,295.82,4.509,-886,,1,5.037,498.63,3,128.83
2026-02-22T20:59:47.000Z,1771793987.000,32.645702029,-117.203909181,5.439,251.668,260.63,-22.127,-0.519,35.713,12.986,296.344,4.416,-887,,1,5.189,496.011,3,130.466
2026-02-22T20:59:48.000Z,1771793988.000,32.645692785,-117.203938459,5.879,250.415,260.531,-22.287,3.36,36.307,12.987,296.838,4.738,-888,,1,5.567,493.533,3,130.889
2026-02-22T20:59:49.000Z,1771793989.000,32.645683048,-117.203968356,5.746,248.143,258.997,-21.315,2.936,38.188,12.988,297.185,4.516,-889,,1,5.36,490.897,3,131.805
2026-02-22T20:59:50.000Z,1771793990.000,32.645671957,-117.203999289,6.276,247.359,259.238,-21.933,-2.929,38.498,12.989,297.736,4.91,-890,,1,5.82,488.18,3,132.165
2026-02-22T20:59:51.000Z,1771793991.000,32.645660792,-117.204027376,5.662,242.732,255.771,-20.206,10.687,42.57,12.99,298.342,4.17,-891,,1,5.057,485.421,3,133.165
2026-02-22T20:59:52.000Z,1771793992.000,32.645648031,-117.204056432,6.076,242.314,257.857,-26.481,0.509,41.52,12.991,299.377,4.549,-892,,1,5.403,482.757,3,134.329
2026-02-22T20:59:53.000Z,1771793993.000,32.64563703,-117.204089243,6.335,252.171,263.211,-25.072,1.208,37.054,12.992,300.265,5.056,-893,,1,6.045,480.228,3,134.43
2026-02-22T20:59:54.000Z,1771793994.000,32.645629982,-117.204121061,5.599,257.259,261.225,-19.34,2.603,39.802,12.993,301.027,4.303,-894,,1,5.469,477.692,3,135.158
2026-02-22T20:59:55.000Z,1771793995.000,32.645623149,-117.20415203,6.028,253.239,259.945,-14.152,-0.321,41.528,12.994,301.474,4.508,-895,,1,5.78,475.267,3,135.027
2026-02-22T20:59:56.000Z,1771793996.000,32.645614071,-117.204181273,6.036,248.754,260.371,-20.17,0.414,41.455,12.996,301.826,4.523,-896,,1,5.634,472.833,3,136.379
2026-02-22T20:59:57.000Z,1771793997.000,32.645605666,-117.20421191,5.902,254.158,264.822,-21.788,0.85,37.536,12.997,302.358,4.682,-897,,1,5.682,470.616,3,136.249
2026-02-22T20:59:58.000Z,1771793998.000,32.645597772,-117.204241894,5.584,252.884,265.065,-22.827,4.006,37.855,12.998,302.92,4.406,-898,,1,5.339,468.238,3,136.88
2026-02-22T20:59:59.000Z,1771793999.000,32.645590133,-117.204273017,5.932,258.426,265.866,-28.891,-0.073,37.427,12.999,303.293,4.711,-899,,1,5.813,465.851,3,137.214
2026-02-22T21:00:00.000Z,1771794000.000,32.645583098,-117.204305892,6.377,255.312,269.432,-28.23,0.955,34.427,13,303.859,5.26,-900,,1,6.169,463.595,3,137.2
2026-02-22T21:00:01.000Z,1771794001.000,32.645578972,-117.20433786,5.734,263.391,271.619,-26.823,-0.474,32.882,13,304.501,4.816,-901,,1,5.696,461.566,3,137.508
2026-02-22T21:00:02.000Z,1771794002.000,32.645576973,-117.204369537,5.644,267.469,271.454,-22.445,3.892,33.796,13,305.249,4.69,-902,,1,5.638,459.59,3,137.756
2026-02-22T21:00:03.000Z,1771794003.000,32.645574225,-117.20440044,5.852,265.643,271.761,-24.172,-0.374,34.049,13,305.809,4.848,-903,,1,5.834,457.622,3,138.022
2026-02-22T21:00:04.000Z,1771794004.000,32.645571242,-117.204430335,5.252,259.976,272.837,-21.232,3.777,33.228,13,306.065,4.393,-904,,1,5.17,455.741,3,137.699
2026-02-22T21:00:05.000Z,1771794005.000,32.645567267,-117.2044603,5.573,258.4,271.16,-26.678,5.346,35.144,13,306.304,4.557,-905,,1,5.457,453.585,3,138.644
2026-02-22T21:00:06.000Z,1771794006.000,32.645563244,-117.204490415,5.337,263.732,271.413,-24.136,-0.006,35.489,13,306.901,4.349,-906,,1,5.304,451.545,3,137.994
2026-02-22T21:00:07.000Z,1771794007.000,32.645559615,-117.204520661,5.455,263.321,269.379,-22.267,-2.378,38.085,13,307.463,4.291,-907,,1,5.416,449.384,3,138.803
2026-02-22T21:00:08.000Z,1771794008.000,32.645554986,-117.204551099,5.537,260.377,273.236,-17.073,7.677,34.686,13,307.922,4.548,-908,,1,5.456,447.51,3,139.045
2026-02-22T21:00:09.000Z,1771794009.000,32.645550181,-117.204581994,5.694,259.293,270.864,-25.069,1.463,37.413,13,308.277,4.522,-909,,1,5.59,445.18,3,138.611
2026-02-22T21:00:10.000Z,1771794010.000,32.645546783,-117.204612184,5.676,266.159,272.21,-27.627,2.227,36.456,13,308.665,4.566,-910,,1,5.661,443.263,3,138.774
2026-02-22T21:00:11.000Z,1771794011.000,32.645545083,-117.204642279,5.541,264.33,274.579,-26.477,-0.376,34.41,13,308.989,4.572,-911,,1,5.511,441.573,3,138.309
2026-02-22T21:00:12.000Z,1771794012.000,32.645544479,-117.204671042,5.226,267.132,277.961,-18.015,9.416,31.196,13,309.157,4.467,-912,,1,5.218,440.133,3,137.463
2026-02-22T21:00:13.000Z,1771794013.000,32.645542508,-117.204700686,5.331,265.785,275.078,-26.206,1.138,34.036,13,309.114,4.418,-913,,1,5.314,438.082,3,138.801
2026-02-22T21:00:14.000Z,1771794014.000,32.645541001,-117.204731676,5.855,266.235,275.458,-23.447,0.03,33.505,13,308.963,4.879,-914,,1,5.84,436.226,3,139.117
2026-02-22T21:00:15.000Z,1771794015.000,32.645538561,-117.204761348,5.951,264.977,275.168,-25.211,0.245,33.504,13,308.671,4.961,-915,,1,5.925,434.313,3,139.696
2026-02-22T21:00:16.000Z,1771794016.000,32.645537573,-117.204791346,5.514,272.49,276.823,-27.134,0.628,31.562,13,308.385,4.698,-916,,1,5.51,432.647,3,140.26
2026-02-22T21:00:17.000Z,1771794017.000,32.645538053,-117.204820376,5.553,272.016,276.898,-19.751,1.604,31.254,13,308.152,4.747,-917,,1,5.551,431.056,3,140.288
2026-02-22T21:00:18.000Z,1771794018.000,32.645538049,-117.20485016,5.137,270.451,274.812,-21.103,0.695,33.487,13,308.299,4.284,-918,,1,5.137,429.229,3,140.363
2026-02-22T21:00:19.000Z,1771794019.000,32.6455382,-117.204880085,5.438,269.306,276.133,-14.616,5.722,32.308,13,308.441,4.595,-919,,1,5.437,427.645,3,140.55
2026-02-22T21:00:20.000Z,1771794020.000,32.645538624,-117.204909976,4.991,274.174,274.493,-16.141,2.961,34.096,13,308.588,4.132,-920,,1,4.98,425.882,3,140.83
2026-02-22T21:00:21.000Z,1771794021.000,32.645538789,-117.204940122,5.033,271.62,272.829,-17.674,1.78,35.665,13,308.495,4.089,-921,,1,5.031,424.082,3,140.787
2026-02-22T21:00:22.000Z,1771794022.000,32.645537886,-117.204968876,5.188,268.008,274.24,-17.126,-2.805,34.199,13,308.439,4.291,-922,,1,5.183,422.474,3,141.324
2026-02-22T21:00:23.000Z,1771794023.000,32.645536103,-117.204996112,4.554,258.138,269.287,-6.744,14.937,39.28,13,308.567,3.525,-923,,1,4.45,420.45,3,141.851
2026-02-22T21:00:24.000Z,1771794024.000,32.645530921,-117.205025301,5.525,256.205,270.098,-14.672,1.192,38.748,13,308.846,4.312,-924,,1,5.355,418.397,3,142.274
2026-02-22T21:00:25.000Z,1771794025.000,32.645524387,-117.205053965,6.166,253.723,273.944,-17.976,-0.142,35.135,13,309.079,5.045,-925,,1,5.904,416.453,3,142.368
2026-02-22T21:00:26.000Z,1771794026.000,32.645519667,-117.205080485,4.364,260.087,273.361,-16.23,12.149,35.544,13,308.905,3.546,-926,,1,4.291,414.498,3,143.632
2026-02-22T21:00:27.000Z,1771794027.000,32.645516552,-117.205107689,4.891,265.576,273.03,-22.364,0.114,35.327,13,308.357,3.992,-927,,1,4.873,412.663,3,143.835
2026-02-22T21:00:28.000Z,1771794028.000,32.645516211,-117.205133843,4.6,268.563,276.095,-18.939,1.241,31.865,13,307.96,3.907,-928,,1,4.597,411.366,3,144.677
2026-02-22T21:00:29.000Z,1771794029.000,32.6455155,-117.205158788,4.675,265.1,274.34,-18.301,0.513,33.319,13,307.659,3.906,-929,,1,4.654,409.773,3,145.764
2026-02-22T21:00:30.000Z,1771794030.000,32.645512405,-117.205184837,4.847,256.516,270.56,-21.934,3.55,36.818,13,307.378,3.88,-930,,1,4.701,407.776,3,146.732
2026-02-22T21:00:31.000Z,1771794031.000,32.645506996,-117.205212691,5.37,256.926,271.878,-28.485,1.499,35.048,13,306.926,4.396,-931,,1,5.216,405.81,3,146.962
2026-02-22T21:00:32.000Z,1771794032.000,32.645503028,-117.205241621,5.372,261.108,273.016,-28.392,5.789,33.786,13,306.803,4.463,-932,,1,5.297,403.901,3,147.137
2026-02-22T21:00:33.000Z,1771794033.000,32.645501438,-117.205269949,5.138,266.673,272.995,-23.247,2.01,33.738,13,306.732,4.273,-933,,1,5.125,402.159,3,147.854
2026-02-22T21:00:34.000Z,1771794034.000,32.645500676,-117.205298669,5.37,267.585,275.611,-18.183,-1.172,31.256,13,306.867,4.589,-934,,1,5.361,400.649,3,147.95
2026-02-22T21:00:35.000Z,1771794035.000,32.645499801,-117.205328547,5.1,266.696,276.591,-11.806,5.314,30.618,13,307.209,4.389,-935,,1,5.087,398.953,3,147.984
2026-02-22T21:00:36.000Z,1771794036.000,32.645497297,-117.205357299,4.911,262.762,267.481,-9.331,3.024,39.948,13,307.429,3.769,-936,,1,4.862,396.504,3,149.398
2026-02-22T21:00:37.000Z,1771794037.000,32.645490201,-117.205384796,5.536,252.273,264.438,-19.211,-2.394,42.912,13,307.35,4.047,-937,,1,5.246,394.138,3,150.945
2026-02-22T21:00:38.000Z,1771794038.000,32.645481831,-117.205412721,5.654,249.281,268.439,-25.908,1.732,38.585,13,307.024,4.419,-938,,1,5.254,392.064,3,152.366
2026-02-22T21:00:39.000Z,1771794039.000,32.645473721,-117.205441831,5.893,249.068,267.568,-24.733,8.139,39.15,13,306.719,4.573,-939,,1,5.465,389.645,3,152.947
2026-02-22T21:00:40.000Z,1771794040.000,32.645466904,-117.20547075,5.565,258.6,268.819,-27.564,1.727,37.666,13,306.485,4.405,-940,,1,5.433,387.486,3,152.953
2026-02-22T21:00:41.000Z,1771794041.000,32.645461511,-117.2055,5.6,257.57,271.599,-31.185,-1.307,34.843,13,306.442,4.596,-941,,1,5.443,385.537,3,152.243
2026-02-22T21:00:42.000Z,1771794042.000,32.645456922,-117.205530767,5.6,261.656,273.579,-23.977,8.278,32.918,13,306.496,4.7,-942,,1,5.523,383.526,3,150.891
2026-02-22T21:00:43.000Z,1771794043.000,32.645454162,-117.2055598,5.25,266.3,270.447,-25.723,2.391,35.898,13,306.345,4.253,-943,,1,5.231,381.434,3,150.458
2026-02-22T21:00:44.000Z,1771794044.000,32.645452662,-117.205587882,5,271.346,271.537,-19.517,-1.09,34.195,13,305.732,4.135,-944,,1,5,379.787,3,150.215
2026-02-22T21:00:45.000Z,1771794045.000,32.645449819,-117.20561668,5.394,260.442,270.502,-20.025,3.048,34.535,13,305.037,4.444,-945,,1,5.297,377.841,3,150.17
2026-02-22T21:00:46.000Z,1771794046.000,32.645444983,-117.20564752,5.371,258.418,268.175,-19.305,4.517,36.558,13,304.733,4.314,-946,,1,5.234,375.521,3,149.963
2026-02-22T21:00:47.000Z,1771794047.000,32.645439693,-117.20567906,5.954,257.176,267.135,-20.214,1.027,37.511,13,304.646,4.724,-947,,1,5.771,373.207,3,149.849
2026-02-22T21:00:48.000Z,1771794048.000,32.645434718,-117.20571088,5.776,260.692,266.601,-15.213,2.121,38.178,13,304.779,4.541,-948,,1,5.673,370.936,3,149.351
2026-02-22T21:00:49.000Z,1771794049.000,32.645427977,-117.20574247,5.945,253.11,266.761,-20.712,-0.641,38.06,13,304.821,4.68,-949,,1,5.639,368.564,3,149.315
2026-02-22T21:00:50.000Z,1771794050.000,32.645422901,-117.205772409,5.475,257.95,268.276,-17.807,6.94,36.425,13,304.701,4.405,-950,,1,5.32,366.519,3,148.972
2026-02-22T21:00:51.000Z,1771794051.000,32.645417498,-117.205803241,5.641,260.37,267.89,-22.368,2.801,36.479,13,304.368,4.535,-951,,1,5.531,364.274,3,148.842
2026-02-22T21:00:52.000Z,1771794052.000,32.645413702,-117.205833075,5.5,264.798,270.674,-20.205,-1.241,33.41,13,304.083,4.591,-952,,1,5.46,362.432,3,148.581
2026-02-22T21:00:53.000Z,1771794053.000,32.645409565,-117.205864798,5.676,261.619,269.2,-19.451,1.15,34.74,13,303.94,4.664,-953,,1,5.587,360.178,3,148.532
2026-02-22T21:00:54.000Z,1771794054.000,32.645403352,-117.205894576,6.123,249.318,263.724,-20.074,2.786,40.085,13,303.808,4.685,-954,,1,5.655,357.609,3,148.927
2026-02-22T21:00:55.000Z,1771794055.000,32.645396325,-117.205923294,5.738,252.701,264.119,-23.213,3.259,39.478,13,303.597,4.43,-955,,1,5.417,355.388,3,148.881
2026-02-22T21:00:56.000Z,1771794056.000,32.645387917,-117.205953779,6.055,248.816,266.003,-28.164,-1.022,37.552,13,303.555,4.801,-956,,1,5.565,353.035,3,149.164
2026-02-22T21:00:57.000Z,1771794057.000,32.64538083,-117.205984694,6.075,252.092,266.111,-26.095,5.924,37.498,13,303.609,4.82,-957,,1,5.708,350.667,3,149.416
2026-02-22T21:00:58.000Z,1771794058.000,32.645374175,-117.206016363,6.385,255.023,263.405,-23.62,0.215,40.356,13,303.76,4.862,-958,,1,6.099,348.128,3,149.827
2026-02-22T21:00:59.000Z,1771794059.000,32.645367318,-117.206046878,6.093,256.42,266.934,-23.99,1.431,36.966,13,303.899,4.87,-959,,1,5.862,346.009,3,150.017
2026-02-22T21:01:00.000Z,1771794060.000,32.645361265,-117.206077033,4.583,258.89,262.517,-14.834,8.667,41.437,13,303.953,3.435,-960,,1,4.456,343.505,3,150.608
2026-02-22T21:01:01.000Z,1771794061.000,32.645354157,-117.206106929,5.604,254.23,263.878,-16.913,-1.839,39.98,13,303.858,4.297,-961,,1,5.323,341.267,3,150.534
2026-02-22T21:01:02.000Z,1771794062.000,32.645347878,-117.20613588,5.5,256.525,267.342,-21.053,2.404,36.349,13,303.691,4.43,-962,,1,5.287,339.285,3,150.982
2026-02-22T21:01:03.000Z,1771794063.000,32.645343359,-117.206165647,5.355,259.136,267.489,-20.519,-1.024,36.386,13,303.875,4.31,-963,,1,5.209,337.213,3,151.529
2026-02-22T21:01:04.000Z,1771794064.000,32.645339062,-117.206194788,5.388,262.175,267.266,-17.681,3.07,37.244,13,304.511,4.289,-964,,1,5.298,335.173,3,152.009
2026-02-22T21:01:05.000Z,1771794065.000,32.645333796,-117.206224561,5.885,255.417,265.181,-18.965,0.779,40.147,13,305.328,4.497,-965,,1,5.618,332.897,3,152.853
2026-02-22T21:01:06.000Z,1771794066.000,32.645327164,-117.206254061,5.77,251.022,264.37,-17.114,4.851,41.693,13,306.063,4.308,-966,,1,5.358,330.595,3,153.248
2026-02-22T21:01:07.000Z,1771794067.000,32.645320512,-117.206284401,5.612,258.285,266.067,-19.269,2.121,40.545,13,306.612,4.264,-967,,1,5.431,328.394,3,153.784
2026-02-22T21:01:08.000Z,1771794068.000,32.645314944,-117.206314343,5.626,258.39,264.682,-17.621,2.63,42.483,13,307.165,4.15,-968,,1,5.446,326.126,3,154.064
2026-02-22T21:01:09.000Z,1771794069.000,32.645308354,-117.206343728,5.908,255.315,265.893,-19.476,-3.011,41.719,13,307.612,4.41,-969,,1,5.627,323.956,3,154.388
2026-02-22T21:01:10.000Z,1771794070.000,32.645301161,-117.206372637,5.378,249.928,262.956,-14.157,9.087,45.162,13,308.118,3.792,-970,,1,4.942,321.511,3,155.39
2026-02-22T21:01:11.000Z,1771794071.000,32.64529047,-117.206401934,6,243.038,257.437,-18.366,2.522,51.523,13,308.96,3.733,-971,,1,5.181,318.602,3,156.723
2026-02-22T21:01:12.000Z,1771794072.000,32.645279248,-117.206430369,5.914,245.276,259.92,-16.749,4.361,49.518,13,309.438,3.839,-972,,1,5.213,316.135,3,157.665
2026-02-22T21:01:13.000Z,1771794073.000,32.645268591,-117.206458293,5.706,242.108,260.012,-19.588,8.977,49.354,13,309.366,3.713,-973,,1,4.867,313.619,3,158.768
2026-02-22T21:01:14.000Z,1771794074.000,32.645257754,-117.206487484,5.399,248.528,260.591,-20.883,2.249,48.888,13,309.479,3.552,-974,,1,4.885,311.042,3,159.922
2026-02-22T21:01:15.000Z,1771794075.000,32.645249505,-117.206516755,5.352,261.053,261.819,-20.277,-1.214,47.968,13,309.788,3.585,-975,,1,5.22,308.728,3,160.805
2026-02-22T21:01:16.000Z,1771794076.000,32.645240064,-117.206545239,5.846,248.061,264.955,-24.606,-3.148,45.347,13,310.302,4.113,-976,,1,5.26,306.466,3,161.423
2026-02-22T21:01:17.000Z,1771794077.000,32.645231003,-117.206574334,5.057,250.631,262.925,-18.262,12.2,47.73,13,310.655,3.399,-977,,1,4.64,303.899,3,162.344
2026-02-22T21:01:18.000Z,1771794078.000,32.645221441,-117.206605151,5.651,251.986,262.062,-25.104,1.954,48.768,13,310.83,3.728,-978,,1,5.232,301.261,3,162.962
2026-02-22T21:01:19.000Z,1771794079.000,32.645213694,-117.206635305,5.773,255.498,267.691,-27.111,-1.303,43.456,13,311.148,4.19,-979,,1,5.466,299.209,3,163.209
2026-02-22T21:01:20.000Z,1771794080.000,32.645207404,-117.206666004,5.969,255.046,272.281,-26.195,7.324,38.99,13,311.272,4.638,-980,,1,5.635,297.217,3,163.471
2026-02-22T21:01:21.000Z,1771794081.000,32.645203232,-117.206699385,6.152,265.201,274.235,-27.538,4.209,37.245,13,311.48,4.898,-981,,1,6.073,295.092,3,163.486
2026-02-22T21:01:22.000Z,1771794082.000,32.645201465,-117.206732203,5.965,266.335,276.016,-25.288,0.203,35.716,13,311.732,4.844,-982,,1,5.906,293.206,3,163.233
2026-02-22T21:01:23.000Z,1771794083.000,32.645201385,-117.206763633,6.154,270.724,279.232,-25.366,-0.565,32.433,13,311.665,5.193,-983,,1,6.141,291.651,3,163.029
2026-02-22T21:01:24.000Z,1771794084.000,32.645202732,-117.206796193,5.889,272.781,280.149,-25.763,1.578,31.063,13,311.212,5.044,-984,,1,5.886,289.999,3,162.85
2026-02-22T21:01:25.000Z,1771794085.000,32.6452053,-117.2068274,5.55,277.4,282.267,-24.88,0.699,28.603,13,310.87,4.871,-985,,1,5.542,288.619,3,162.765
2026-02-22T21:01:26.000Z,1771794086.000,32.645209634,-117.206857141,5.331,284.153,283.665,-20.941,3.197,26.838,13,310.504,4.754,-986,,1,5.253,287.429,3,162.67
2026-02-22T21:01:27.000Z,1771794087.000,32.645213837,-117.206887668,5.8,277.832,279.937,-17.208,-0.05,30.137,13,310.074,5.016,-987,,1,5.789,285.804,3,162.645
2026-02-22T21:01:28.000Z,1771794088.000,32.64521658,-117.206919057,5.876,272.158,279.938,-18.202,4.572,30.102,13,310.04,5.084,-988,,1,5.872,284.276,3,162.689
2026-02-22T21:01:29.000Z,1771794089.000,32.645217924,-117.206950522,5.513,274.202,276.392,-22.241,-1.067,33.595,13,309.987,4.591,-989,,1,5.513,282.368,3,162.986
2026-02-22T21:01:30.000Z,1771794090.000,32.645218978,-117.206982456,5.985,275.108,282.31,-20.733,-1.366,27.462,13,309.772,5.31,-990,,1,5.984,281.082,3,162.503
2026-02-22T21:01:31.000Z,1771794091.000,32.645222279,-117.207013229,5.177,277.69,281.928,-14.456,7.423,27.404,13,309.332,4.592,-991,,1,5.169,279.61,3,162.336
2026-02-22T21:01:32.000Z,1771794092.000,32.645224475,-117.207044109,5.75,274.574,278.544,-13.792,-1.046,30.665,13,309.209,4.946,-992,,1,5.75,277.817,3,162.277
2026-02-22T21:01:33.000Z,1771794093.000,32.645224754,-117.207073655,5.646,266.704,280.322,-16.092,0.629,29.337,13,309.659,4.922,-993,,1,5.596,276.301,3,162.292
2026-02-22T21:01:34.000Z,1771794094.000,32.645222526,-117.207104095,5.615,262.098,275.618,-19.262,5.251,34.478,13,310.096,4.628,-994,,1,5.485,274.052,3,162.569
2026-02-22T21:01:35.000Z,1771794095.000,32.645220749,-117.207136849,5.773,269.53,274.377,-16.425,3.952,35.765,13,310.142,4.685,-995,,1,5.751,271.96,3,162.436
2026-02-22T21:01:36.000Z,1771794096.000,32.645218446,-117.207167995,5.687,262.851,273.483,-18.32,4.269,36.581,13,310.064,4.567,-996,,1,5.568,269.936,3,162.699
2026-02-22T21:01:37.000Z,1771794097.000,32.645217416,-117.207199268,6.016,270.755,274.564,-18.351,2.962,35.302,13,309.865,4.91,-997,,1,6.002,268.153,3,162.784
2026-02-22T21:01:38.000Z,1771794098.000,32.645216535,-117.207231368,5.512,272.303,275.282,-26.925,-1.155,34.301,13,309.583,4.553,-998,,1,5.507,266.312,3,162.661
2026-02-22T21:01:39.000Z,1771794099.000,32.6452166,-117.207262521,5.674,271.096,278.925,-26.216,1.22,30.691,13,309.616,4.879,-999,,1,5.663,264.815,3,162.518
2026-02-22T21:01:40.000Z,1771794100.000,32.645218782,-117.207292933,5.7,280.168,282.769,-25.423,0.601,27.003,13,309.771,5.078,-1000,,1,5.673,263.572,3,162.035
2026-02-22T21:01:41.000Z,1771794101.000,32.645221246,-117.207323678,6.023,273.601,283.157,-22.813,5.935,26.899,13,310.056,5.371,-1001,,1,6.022,262.084,3,161.809
2026-02-22T21:01:42.000Z,1771794102.000,32.645223682,-117.207355973,5.447,274.489,279.587,-19.462,4.743,30.644,13,310.232,4.686,-1002,,1,5.447,260.215,3,161.625
2026-02-22T21:01:43.000Z,1771794103.000,32.645225572,-117.20738787,5.403,274.869,279.302,-16.835,3.08,30.957,13,310.258,4.634,-1003,,1,5.403,258.562,3,161.529
2026-02-22T21:01:44.000Z,1771794104.000,32.645227276,-117.207419106,5.969,269.697,278.62,-14.696,0.008,31.806,13,310.426,5.07,-1004,,1,5.947,256.901,3,161.478
2026-02-22T21:01:45.000Z,1771794105.000,32.645227722,-117.207450952,5.634,268.496,278.395,-13.884,3.625,32.3,13,310.694,4.762,-1005,,1,5.601,255.126,3,161.302
2026-02-22T21:01:46.000Z,1771794106.000,32.645226711,-117.207481915,5.749,263.989,277.196,-17.251,7.356,33.867,13,311.063,4.771,-1006,,1,5.649,253.204,3,160.876
2026-02-22T21:01:47.000Z,1771794107.000,32.645225959,-117.207513593,5.538,271.869,276.093,-21.163,3.753,35.256,13,311.349,4.522,-1007,,1,5.531,251.272,3,160.782
2026-02-22T21:01:48.000Z,1771794108.000,32.645226524,-117.207544212,5.854,272.651,280.649,-28.531,-2.746,30.694,13,311.343,5.032,-1008,,1,5.85,249.918,3,160.394
2026-02-22T21:01:49.000Z,1771794109.000,32.645228709,-117.207574537,5.036,277.527,284.928,-18.177,11.557,26.375,13,311.303,4.506,-1009,,1,5.03,248.717,3,159.982
2026-02-22T21:01:50.000Z,1771794110.000,32.645232134,-117.207604842,5.7,272.301,283.454,-17.599,-0.117,28.062,13,311.516,5.027,-1010,,1,5.695,247.199,3,159.726
2026-02-22T21:01:51.000Z,1771794111.000,32.645233778,-117.207635817,5.715,273.37,278.879,-18.03,2.73,32.877,13,311.756,4.799,-1011,,1,5.714,245.263,3,159.329
2026-02-22T21:01:52.000Z,1771794112.000,32.645235266,-117.207668585,5.989,271.458,276.465,-16.809,-1.693,35.693,13,312.158,4.862,-1012,,1,5.979,243.374,3,158.85
2026-02-22T21:01:53.000Z,1771794113.000,32.645233773,-117.207700033,6.264,264.665,279.844,-22.527,3.995,32.283,13,312.128,5.3,-1013,,1,6.166,241.707,3,158.434
2026-02-22T21:01:54.000Z,1771794114.000,32.64523264,-117.207731554,6.1,267.196,278.961,-25.793,7.484,33.045,13,312.006,5.113,-1014,,1,6.046,239.762,3,157.917
2026-02-22T21:01:55.000Z,1771794115.000,32.645234644,-117.207762495,5.49,277.362,285.703,-22.297,0.883,26.24,13,311.943,4.925,-1015,,1,5.485,238.69,3,157.214
2026-02-22T21:01:56.000Z,1771794116.000,32.645237856,-117.207791837,5.112,280.037,282.679,-19.939,1.049,29.347,13,312.026,4.456,-1016,,1,5.091,237.092,3,156.922
2026-02-22T21:01:57.000Z,1771794117.000,32.645239123,-117.207821172,5.461,273.937,279.339,-21.202,-1.81,32.663,13,312.002,4.596,-1017,,1,5.461,235.305,3,156.421
2026-02-22T21:01:58.000Z,1771794118.000,32.645239739,-117.20785051,5.585,271.431,283.496,-18.637,4.06,28.375,13,311.871,4.912,-1018,,1,5.575,234.008,3,155.987
2026-02-22T21:01:59.000Z,1771794119.000,32.645239711,-117.207881835,5.411,270.59,279.612,-22.47,3.638,32.34,13,311.952,4.572,-1019,,1,5.396,231.952,3,156.046
2026-02-22T21:02:00.000Z,1771794120.000,32.645241189,-117.207912602,5.437,271.46,278.827,-18.696,0.108,33.183,13,312.01,4.55,-1020,,1,5.427,230.291,3,156.069
2026-02-22T21:02:01.000Z,1771794121.000,32.645243759,-117.207941894,5.487,278.626,282.643,-15.898,1.379,29.401,13,312.044,4.78,-1021,,1,5.475,229.142,3,155.736
2026-02-22T21:02:02.000Z,1771794122.000,32.645246461,-117.207971466,4.862,275.08,280.656,-17.345,5.051,31.306,13,311.963,4.153,-1022,,1,4.862,227.567,3,155.8
2026-02-22T21:02:03.000Z,1771794123.000,32.645247964,-117.208003349,5.852,270.789,277.675,-23.048,0.568,34.085,13,311.761,4.844,-1023,,1,5.837,225.687,3,155.669
2026-02-22T21:02:04.000Z,1771794124.000,32.645250731,-117.208033695,6.618,270.889,281.978,-22.504,-1.536,29.575,13,311.553,5.752,-1024,,1,6.602,224.529,3,155.567
2026-02-22T21:02:05.000Z,1771794125.000,32.645253835,-117.208063208,5.716,278.705,287.348,-18.817,3.432,23.993,13,311.342,5.215,-1025,,1,5.702,223.543,3,155.524
2026-02-22T21:02:06.000Z,1771794126.000,32.645256396,-117.208093194,5.565,270.434,283.679,-15.75,4.72,27.218,13,310.897,4.949,-1026,,1,5.549,221.799,3,155.785
2026-02-22T21:02:07.000Z,1771794127.000,32.645257225,-117.208122475,4.925,267.71,277.888,-12.125,8.753,33.22,13,311.107,4.12,-1027,,1,4.886,219.798,3,156.309
2026-02-22T21:02:08.000Z,1771794128.000,32.645255482,-117.208152542,5.409,266.27,275.079,-21.133,0.065,36.253,13,311.332,4.364,-1028,,1,5.346,217.75,3,156.707
2026-02-22T21:02:09.000Z,1771794129.000,32.645255085,-117.208181945,5.075,270.364,278.339,-18.283,7.376,33.158,13,311.498,4.248,-1029,,1,5.059,216.283,3,156.832
2026-02-22T21:02:10.000Z,1771794130.000,32.645254888,-117.208212793,5.536,271.483,277.51,-17.256,-0.143,34.341,13,311.851,4.571,-1030,,1,5.525,214.466,3,156.805
2026-02-22T21:02:11.000Z,1771794131.000,32.645255135,-117.208242625,5.6,270.527,276.962,-16.553,2.155,34.93,13,311.892,4.59,-1031,,1,5.582,212.765,3,156.896
2026-02-22T21:02:12.000Z,1771794132.000,32.645255375,-117.20827233,5.849,267.214,277.347,-16.899,-0.849,34.427,13,311.774,4.82,-1032,,1,5.793,211.137,3,156.782
2026-02-22T21:02:13.000Z,1771794133.000,32.645255489,-117.208303409,5.511,271.389,275.763,-13.792,4.506,35.7,13,311.462,4.476,-1033,,1,5.499,209.281,3,156.727
2026-02-22T21:02:14.000Z,1771794134.000,32.645254365,-117.208333868,5.786,263.95,273.236,-16.552,-1.188,38.068,13,311.305,4.548,-1034,,1,5.673,207.29,3,156.627
2026-02-22T21:02:15.000Z,1771794135.000,32.645252927,-117.208364127,5.546,269.667,275.067,-16.937,2.973,36.375,13,311.442,4.465,-1035,,1,5.519,205.578,3,156.649
2026-02-22T21:02:16.000Z,1771794136.000,32.645252046,-117.208394754,5.576,270.31,275.695,-21.927,1.623,35.962,13,311.658,4.514,-1036,,1,5.555,203.814,3,156.668
2026-02-22T21:02:17.000Z,1771794137.000,32.645252388,-117.208426928,5.851,271.653,278.792,-24.456,1.527,33.349,13,312.141,4.888,-1037,,1,5.839,202.246,3,156.463
2026-02-22T21:02:18.000Z,1771794138.000,32.645253823,-117.208458969,5.464,266.795,279.83,-20.188,5.587,32.693,13,312.523,4.598,-1038,,1,5.403,200.639,3,156.197
2026-02-22T21:02:19.000Z,1771794139.000,32.64525434,-117.208491429,6.145,269.205,277.355,-23.41,0.203,35.458,13,312.814,5.006,-1039,,1,6.109,198.677,3,156.008
2026-02-22T21:02:20.000Z,1771794140.000,32.6452557,-117.208523485,5.277,276.846,277.427,-12.326,4.488,35.619,13,313.046,4.291,-1040,,1,5.276,196.992,3,155.869
2026-02-22T21:02:21.000Z,1771794141.000,32.645255425,-117.208555102,5.386,269.236,273.339,-14.964,-0.692,40.058,13,313.397,4.125,-1041,,1,5.354,194.902,3,155.762
2026-02-22T21:02:22.000Z,1771794142.000,32.645253836,-117.208585851,6.091,265.235,277.041,-15.406,2.911,36.729,13,313.77,4.881,-1042,,1,5.993,193.279,3,155.539
2026-02-22T21:02:23.000Z,1771794143.000,32.645252342,-117.208615968,5.684,263.067,274.637,-20.075,1.949,39.39,13,314.027,4.393,-1043,,1,5.548,191.28,3,156.005
2026-02-22T21:02:24.000Z,1771794144.000,32.6452512,-117.208647081,5.66,271.533,277.139,-19.444,1.714,37.144,13,314.283,4.512,-1044,,1,5.645,189.595,3,155.991
2026-02-22T21:02:25.000Z,1771794145.000,32.645252996,-117.208676859,5.487,276.013,280.505,-26.525,-0.522,34.09,13,314.595,4.544,-1045,,1,5.487,188.315,3,155.813
2026-02-22T21:02:26.000Z,1771794146.000,32.645258549,-117.208704366,5.4,283.018,288.792,-8.497,3.287,25.91,13,314.702,4.853,-1046,,1,5.354,187.876,3,155.417
2026-02-22T21:02:27.000Z,1771794147.000,32.645262308,-117.208733811,5.034,278.024,282.18,-16.148,3.713,32.387,13,314.567,4.25,-1047,,1,5.029,186.048,3,155.594
2026-02-22T21:02:28.000Z,1771794148.000,32.6452661,-117.20876205,4.95,275.423,279.96,-17.368,1.1,34.609,13,314.569,4.074,-1048,,1,4.95,184.63,3,155.82
2026-02-22T21:02:29.000Z,1771794149.000,32.645267763,-117.20879166,5.677,273.039,280.629,-22.441,-0.102,34.295,13,314.924,4.687,-1049,,1,5.671,183.153,3,156.485
2026-02-22T21:02:30.000Z,1771794150.000,32.645271014,-117.20882198,5.755,274.093,283.208,-16.919,3.786,31.825,13,315.033,4.89,-1050,,1,5.753,181.919,3,156.402
2026-02-22T21:02:31.000Z,1771794151.000,32.645273847,-117.208852502,4.771,279.164,280.696,-13.92,4.959,34.583,13,315.28,3.927,-1051,,1,4.761,180.262,3,156.367
2026-02-22T21:02:32.000Z,1771794152.000,32.645274626,-117.20888065,5.4,264.716,273.574,-17.909,-3.161,41.913,13,315.487,4.014,-1052,,1,5.302,178.245,3,156.979
2026-02-22T21:02:33.000Z,1771794153.000,32.645272481,-117.20890897,5.395,264.677,276.182,-23.066,5.301,39.717,13,315.9,4.152,-1053,,1,5.295,176.633,3,157.216
2026-02-22T21:02:34.000Z,1771794154.000,32.645270058,-117.208940298,5.577,265.792,275.623,-23.231,3.118,40.774,13,316.397,4.224,-1054,,1,5.492,174.61,3,157.303
2026-02-22T21:02:35.000Z,1771794155.000,32.645269487,-117.208970982,5.649,268.589,274.945,-15.485,6.703,41.627,13,316.572,4.222,-1055,,1,5.603,172.78,3,157.506
2026-02-22T21:02:36.000Z,1771794156.000,32.645268686,-117.209001056,6.045,271.713,277.477,-21.758,-2.628,38.928,13,316.405,4.7,-1056,,1,6.029,171.188,3,157.752
2026-02-22T21:02:37.000Z,1771794157.000,32.64526867,-117.20902993,5.978,269.017,279.838,-22.931,6.178,36.273,13,316.111,4.823,-1057,,1,5.935,169.726,3,157.896
2026-02-22T21:02:38.000Z,1771794158.000,32.64527083,-117.209059423,4.961,279.495,278.538,-23.836,-1.579,37.502,13,316.04,3.936,-1058,,1,4.951,168.158,3,158.151
2026-02-22T21:02:39.000Z,1771794159.000,32.645274833,-117.209085581,4.7,282.467,282.334,-18.655,4.314,33.657,13,315.991,3.912,-1059,,1,4.669,167.312,3,158.204
2026-02-22T21:02:40.000Z,1771794160.000,32.645278195,-117.209112146,4.776,279.916,279.48,-18.956,0.307,36.286,13,315.766,3.851,-1060,,1,4.765,165.903,3,158.225
2026-02-22T21:02:41.000Z,1771794161.000,32.645279455,-117.209140924,5.71,269.781,284.167,-22.737,-1.045,31.417,13,315.584,4.872,-1061,,1,5.678,164.734,3,157.915
2026-02-22T21:02:42.000Z,1771794162.000,32.64528035,-117.209169975,5.588,268.9,281.496,-23.689,5.8,34.223,13,315.719,4.62,-1062,,1,5.546,162.976,3,157.666
2026-02-22T21:02:43.000Z,1771794163.000,32.645280816,-117.209198839,5.378,268.077,276.922,-20.193,1.762,38.966,13,315.888,4.182,-1063,,1,5.326,161.06,3,157.97
2026-02-22T21:02:44.000Z,1771794164.000,32.645279761,-117.209228541,5.246,269.032,273.609,-22.323,1.888,42.407,13,316.016,3.874,-1064,,1,5.205,159.062,3,158.055
2026-02-22T21:02:45.000Z,1771794165.000,32.645276425,-117.209259088,5.938,263.388,276.79,-32.677,-0.132,39.205,13,315.995,4.601,-1065,,1,5.789,157.26,3,157.969
2026-02-22T21:02:46.000Z,1771794166.000,32.645274919,-117.209289794,5.8,264.514,276.72,-26.013,4.866,39.149,13,315.868,4.497,-1066,,1,5.677,155.388,3,157.703
2026-02-22T21:02:47.000Z,1771794167.000,32.645274161,-117.20931941,5.746,265.873,275.979,-23.569,-0.17,39.871,13,315.85,4.41,-1067,,1,5.649,153.597,3,157.56
2026-02-22T21:02:48.000Z,1771794168.000,32.645273369,-117.209350082,5.634,267.028,276.87,-22.156,1.3,38.943,13,315.813,4.382,-1068,,1,5.558,151.857,3,157.361
2026-02-22T21:02:49.000Z,1771794169.000,32.645272863,-117.20938025,5.975,270,277.91,-22.896,0.469,37.559,13,315.469,4.737,-1069,,1,5.936,150.183,3,156.762
2026-02-22T21:02:50.000Z,1771794170.000,32.645272831,-117.209409887,5.5,265.986,277.604,-24.713,4.598,37.417,13,315.021,4.367,-1070,,1,5.406,148.486,3,156.659
2026-02-22T21:02:51.000Z,1771794171.000,32.6452731,-117.20943987,5.457,269.1,277.522,-26.874,-1.431,36.911,13,314.433,4.364,-1071,,1,5.41,146.811,3,156.448
2026-02-22T21:02:52.000Z,1771794172.000,32.645274251,-117.209468651,4.885,275.327,278.939,-21.299,7.187,34.808,13,313.747,4.007,-1072,,1,4.884,145.389,3,156.247
2026-02-22T21:02:53.000Z,1771794173.000,32.645274861,-117.209498594,5.413,267.955,272.674,-13.164,2.975,40.326,13,313,4.126,-1073,,1,5.348,143.319,3,156.069
2026-02-22T21:02:54.000Z,1771794174.000,32.645271974,-117.209528617,6.178,261.622,275.777,-21.682,-1.33,36.368,13,312.145,4.972,-1074,,1,5.96,141.579,3,155.919
2026-02-22T21:02:55.000Z,1771794175.000,32.645270622,-117.209558563,5.676,266.661,276.179,-18.309,6.78,35.258,13,311.437,4.634,-1075,,1,5.583,139.797,3,155.574
2026-02-22T21:02:56.000Z,1771794176.000,32.645268349,-117.209589002,5.527,264.983,270.211,-16.981,3.071,40.367,13,310.578,4.211,-1076,,1,5.401,137.475,3,155.65
2026-02-22T21:02:57.000Z,1771794177.000,32.645264625,-117.209618594,5.735,261.265,271.207,-23.327,-0.219,38.798,13,310.005,4.468,-1077,,1,5.51,135.539,3,155.749
2026-02-22T21:02:58.000Z,1771794178.000,32.645261959,-117.209649259,5.232,267.437,274.374,-24.938,4.032,35.246,13,309.62,4.271,-1078,,1,5.152,133.784,3,155.037
2026-02-22T21:02:59.000Z,1771794179.000,32.645260853,-117.209679353,5.126,272.216,274.628,-25.656,1.128,34.622,13,309.25,4.218,-1079,,1,5.104,132.004,3,154.047
2026-02-22T21:03:00.000Z,1771794180.000,32.64526047,-117.209709503,5.314,268.683,274.382,-22.362,0.124,34.493,13,308.875,4.379,-1080,,1,5.249,130.252,3,153.057
2026-02-22T21:03:01.000Z,1771794181.000,32.645258412,-117.209740385,6.02,263.198,274.73,-24.002,1.563,33.64,13,308.37,5.011,-1081,,1,5.826,128.349,3,152.37
2026-02-22T21:03:02.000Z,1771794182.000,32.645255987,-117.209772721,5.9,268.189,276.487,-30.865,1.502,31.206,13,307.693,5.046,-1082,,1,5.816,126.43,3,151.749
2026-02-22T21:03:03.000Z,1771794183.000,32.645257466,-117.209803148,5.573,272.583,280.641,-25.366,-0.944,26.557,13,307.198,4.985,-1083,,1,5.549,125.14,3,151.012
2026-02-22T21:03:04.000Z,1771794184.000,32.645259316,-117.209831586,5.466,273.239,280.869,-15.135,9.563,26.112,13,306.981,4.907,-1084,,1,5.448,123.716,3,150.632
2026-02-22T21:03:05.000Z,1771794185.000,32.645258499,-117.209862162,5.366,267.387,275.17,-16.805,3.874,31.623,13,306.793,4.57,-1085,,1,5.272,121.513,3,150.533
2026-02-22T21:03:06.000Z,1771794186.000,32.645257676,-117.209892244,5.463,266.412,273.089,-18.974,0.921,33.544,13,306.633,4.554,-1086,,1,5.347,119.6,3,150.66
2026-02-22T21:03:07.000Z,1771794187.000,32.645256331,-117.209920696,5.174,266.169,275.476,-20.796,1.601,30.977,13,306.453,4.436,-1087,,1,5.057,118.037,3,150.413
2026-02-22T21:03:08.000Z,1771794188.000,32.645254676,-117.20994887,4.876,272.524,274.355,-20.305,4.644,31.826,13,306.182,4.143,-1088,,1,4.85,116.223,3,149.906
2026-02-22T21:03:09.000Z,1771794189.000,32.645251666,-117.209978162,5.467,264.202,274.549,-28.014,-0.643,31.443,13,305.992,4.663,-1089,,1,5.293,114.316,3,149.446
2026-02-22T21:03:10.000Z,1771794190.000,32.645249212,-117.210006563,5.275,267.262,275.817,-30.035,0.122,30.248,13,306.065,4.555,-1090,,1,5.168,112.582,3,149.052
2026-02-22T21:03:11.000Z,1771794191.000,32.645248738,-117.210036076,5.716,269.917,280.884,-28.893,3.749,25.527,13,306.411,5.154,-1091,,1,5.647,111.235,3,148.571
2026-02-22T21:03:12.000Z,1771794192.000,32.645252973,-117.210066115,5.515,283.508,285.313,-23.81,-0.324,21.505,13,306.818,5.131,-1092,,1,5.496,110.242,3,147.287
2026-02-22T21:03:13.000Z,1771794193.000,32.64526395,-117.210091483,5.1,310.787,298.085,-6.779,-1.097,9.257,13,307.341,5.031,-1093,,1,4.3,110.781,3,146.182
2026-02-22T21:03:14.000Z,1771794194.000,32.645279334,-117.21010933,4.831,322.096,310.963,5.612,3.006,-3.034,13,307.929,4.817,-1094,,1,3.45,112.179,3,145.71
2026-02-22T21:03:15.000Z,1771794195.000,32.64529584,-117.210122311,3.921,324.853,321.3,-0.015,4.178,-12.78,13,308.52,3.824,-1095,,1,2.635,113.738,3,145.734
2026-02-22T21:03:16.000Z,1771794196.000,32.645314566,-117.210126011,4.544,0.182,334.642,12.831,-2.282,-25.51,13,309.132,4.095,-1096,,1,0.493,116.198,3,146.65
2026-02-22T21:03:17.000Z,1771794197.000,32.645332998,-117.210127512,4.15,352.525,339.989,16.95,3.98,-30.408,13,309.581,3.579,-1097,,1,0.956,118.125,3,147.565
2026-02-22T21:03:18.000Z,1771794198.000,32.645353288,-117.21012811,4.515,355.168,342.619,25.993,-0.117,-32.445,13,310.174,3.81,-1098,,1,0.791,120.067,3,148.339
2026-02-22T21:03:19.000Z,1771794199.000,32.645374127,-117.21013119,4.623,350.198,342.049,33.494,1.102,-31.407,13,310.642,3.945,-1099,,1,1.157,121.705,3,148.699
2026-02-22T21:03:20.000Z,1771794200.000,32.645394447,-117.210138824,4.713,337.063,333.583,25.423,0.354,-22.444,13,311.139,4.352,-1100,,1,2.15,122.485,3,148.265
2026-02-22T21:03:21.000Z,1771794201.000,32.645414264,-117.210146897,4.634,339.395,337.279,20.89,4.343,-25.564,13,311.714,4.175,-1101,,1,1.902,124.051,3,148.508
2026-02-22T21:03:22.000Z,1771794202.000,32.64543546,-117.21015631,5.015,346.07,332.998,10.121,6.054,-20.7,13,312.298,4.69,-1102,,1,1.468,125.095,3,148.378
2026-02-22T21:03:23.000Z,1771794203.000,32.645459731,-117.210160556,5.224,353.263,337.718,15.836,-0.724,-24.892,13,312.826,4.739,-1103,,1,0.825,127.346,3,148.405
2026-02-22T21:03:24.000Z,1771794204.000,32.645483346,-117.210164982,5.213,348.952,342.372,19.232,4.097,-29.045,13,313.327,4.557,-1104,,1,1.146,129.507,3,148.763
2026-02-22T21:03:25.000Z,1771794205.000,32.645506753,-117.21017037,5.016,349.886,335.358,13.553,4.694,-21.373,13,313.985,4.669,-1105,,1,0.97,130.796,3,148.833
2026-02-22T21:03:26.000Z,1771794206.000,32.645531336,-117.210173431,5.4,351.062,341.074,22.146,2.058,-26.565,13,314.51,4.829,-1106,,1,0.866,133.2,3,149.149
2026-02-22T21:03:27.000Z,1771794207.000,32.645554603,-117.210176977,5.251,350.672,344.444,23.26,1.564,-29.441,13,315.003,4.573,-1107,,1,0.815,135.287,3,149.564
2026-02-22T21:03:28.000Z,1771794208.000,32.645579158,-117.210180692,5.966,354.066,345.767,30.434,1.492,-30.199,13,315.568,5.155,-1108,,1,0.502,137.34,3,149.986
2026-02-22T21:03:29.000Z,1771794209.000,32.645603122,-117.210186743,5.246,344.78,342.426,26.535,7.145,-26.258,13,316.167,4.705,-1109,,1,1.219,138.908,3,149.804
2026-02-22T21:03:30.000Z,1771794210.000,32.645627162,-117.210195011,5.235,346.856,336.434,27.941,0.611,-19.778,13,316.656,4.925,-1110,,1,0.972,140.163,3,149.172
2026-02-22T21:03:31.000Z,1771794211.000,32.645649509,-117.210205499,5.362,332.224,332.282,17.161,-1.753,-15.124,13,317.158,5.173,-1111,,1,2.241,141.253,3,148.705
2026-02-22T21:03:32.000Z,1771794212.000,32.645673486,-117.210212402,5.722,344.704,341.13,27.574,4.295,-23.313,13,317.816,5.234,-1112,,1,1.137,143.607,3,148.607
2026-02-22T21:03:33.000Z,1771794213.000,32.645699707,-117.210219495,5.533,346.778,337.352,26.827,6.716,-19.098,13,318.254,5.228,-1113,,1,0.83,145.281,3,148.317
2026-02-22T21:03:34.000Z,1771794214.000,32.645726186,-117.210225507,5.862,346.722,341.062,26.837,0.446,-22.394,13,318.668,5.418,-1114,,1,0.804,147.546,3,148.389
2026-02-22T21:03:35.000Z,1771794215.000,32.645752331,-117.210233019,6.231,349.9,337.548,21.429,1.578,-18.479,13,319.069,5.91,-1115,,1,0.429,149.2,3,148.169
2026-02-22T21:03:36.000Z,1771794216.000,32.64577907,-117.210242106,6.061,341.119,334.536,19.023,1.735,-15.264,13,319.273,5.844,-1116,,1,1.254,150.844,3,147.713
2026-02-22T21:03:37.000Z,1771794217.000,32.645807523,-117.210251204,6.112,343.605,336.043,21.494,0.713,-16.975,13,319.069,5.844,-1117,,1,0.913,152.963,3,147.201
2026-02-22T21:03:38.000Z,1771794218.000,32.645836624,-117.210258607,6.374,347.965,335.038,25.435,2.294,-16.425,13,318.614,6.114,-1118,,1,0.374,155.056,3,146.564
2026-02-22T21:03:39.000Z,1771794219.000,32.645866081,-117.210266251,6.345,345.806,337.657,23.489,4.581,-19.543,13,318.114,5.98,-1119,,1,0.511,157.423,3,146.082
2026-02-22T21:03:40.000Z,1771794220.000,32.645895811,-117.210276533,6.5,338.954,334.92,19.14,4.248,-17.036,13,317.884,6.211,-1120,,1,1.193,159.285,3,145.061
2026-02-22T21:03:41.000Z,1771794221.000,32.645923963,-117.2102861,6.038,343.15,332.118,20.971,4.08,-14.387,13,317.732,5.848,-1121,,1,0.582,161.04,3,144.323
2026-02-22T21:03:42.000Z,1771794222.000,32.645949824,-117.210297208,5.8,337.583,330.993,17.563,0.043,-13.502,13,317.491,5.639,-1122,,1,1.038,162.623,3,143.384
2026-02-22T21:03:43.000Z,1771794223.000,32.645974631,-117.21030966,5.685,336.972,332.813,14.022,5.502,-15.702,13,317.112,5.469,-1123,,1,0.999,164.254,3,142.405
2026-02-22T21:03:44.000Z,1771794224.000,32.646003394,-117.210318279,6.752,343.504,333.827,15.93,2.039,-17.347,13,316.48,6.443,-1124,,1,0.318,166.394,3,140.77
2026-02-22T21:03:45.000Z,1771794225.000,32.646031176,-117.210320575,6,3.478,339.627,20.783,4.181,-23.844,13,315.783,5.48,-1125,,1,-1.864,169.135,3,129.136
2026-02-22T21:03:46.000Z,1771794226.000,32.646058085,-117.210322118,5.885,350.559,344.712,31.881,2.962,-29.572,13,315.14,5.118,-1126,,1,-0.612,171.775,3,125.908
2026-02-22T21:03:47.000Z,1771794227.000,32.646085919,-117.210329614,6.144,345.764,341.308,37.328,-0.464,-26.787,13,314.521,5.484,-1127,,1,-0.216,173.598,3,123.759
2026-02-22T21:03:48.000Z,1771794228.000,32.646109106,-117.210346405,6.012,317.186,329.221,23.969,4.778,-15,13,314.221,5.801,-1128,,1,2.62,173.842,3,121.687
2026-02-22T21:03:49.000Z,1771794229.000,32.646129888,-117.210362536,5.268,328.654,322.815,13.097,2.911,-8.771,13,314.044,5.205,-1129,,1,1.247,174.286,3,119.723
2026-02-22T21:03:50.000Z,1771794230.000,32.646151388,-117.210371123,4.884,349.511,327.646,11.792,2.006,-13.968,13,313.678,4.739,-1130,,1,-0.669,176.081,3,117.974
2026-02-22T21:03:51.000Z,1771794231.000,32.646175356,-117.210376051,5.376,352.726,336.321,20.204,5.748,-23.189,13,313.132,4.939,-1131,,1,-1.103,178.566,3,117.353
2026-02-22T21:03:52.000Z,1771794232.000,32.64620135,-117.210382483,5.675,342.63,338.744,24.596,1.503,-26.076,13,312.668,5.097,-1132,,1,-0.25,180.679,3,115.479
2026-02-22T21:03:53.000Z,1771794233.000,32.646228063,-117.210391513,5.961,345.203,338.828,30.898,1.074,-27.326,13,311.503,5.296,-1133,,1,-0.614,182.545,3,114.151
2026-02-22T21:03:54.000Z,1771794234.000,32.646254411,-117.210404478,5.9,337.411,330.445,22.859,1.516,-20.155,13,310.29,5.534,-1134,,1,0.108,183.546,3,112.114
2026-02-22T21:03:55.000Z,1771794235.000,32.646280226,-117.210411139,5.7,349.872,332.889,29.027,0.32,-24.062,13,308.827,5.2,-1135,,1,-1.203,185.641,3,111.65
2026-02-22T21:03:56.000Z,1771794236.000,32.646303436,-117.210421841,5.313,335.355,332.87,19.183,4.301,-24.473,13,308.398,4.834,-1136,,1,0.148,187.095,3,110.809
2026-02-22T21:03:57.000Z,1771794237.000,32.646326511,-117.210433074,5.531,340.385,328.046,17.441,2.779,-19.805,13,308.241,5.203,-1137,,1,-0.401,188.149,3,109.954
2026-02-22T21:03:58.000Z,1771794238.000,32.646350974,-117.210442975,5.4,338.224,330.899,17.335,0.996,-22.358,13,308.54,4.994,-1138,,1,-0.261,189.975,3,109.225
2026-02-22T21:03:59.000Z,1771794239.000,32.646374137,-117.210454375,5.525,337.378,329.775,8.302,4.19,-20.718,13,309.057,5.168,-1139,,1,-0.256,191.302,3,107.676
2026-02-22T21:04:00.000Z,1771794240.000,32.646399137,-117.210464036,5.845,340.581,329.72,15.427,-1.154,-20.389,13,309.331,5.479,-1140,,1,-0.675,192.97,3,106.032
2026-02-22T21:04:01.000Z,1771794241.000,32.646424047,-117.210471467,5.4,347.623,334.881,19.039,4.081,-25.455,13,309.425,4.873,-1141,,1,-1.344,195.138,3,104.939
2026-02-22T21:04:02.000Z,1771794242.000,32.646448465,-117.210478061,5.239,348.703,337.492,22.228,0.38,-27.743,13,309.748,4.637,-1142,,1,-1.461,197.118,3,104.476
2026-02-22T21:04:03.000Z,1771794243.000,32.646471902,-117.210485467,5.114,347.196,340.354,21.968,7.11,-30.211,13,310.143,4.419,-1143,,1,-1.355,198.977,3,105.29
2026-02-22T21:04:04.000Z,1771794244.000,32.646495752,-117.210494662,5.43,337.278,334.471,18.067,5.388,-23.875,13,310.595,4.96,-1144,,1,-0.585,200.16,3,106.015
2026-02-22T21:04:05.000Z,1771794245.000,32.646520591,-117.210503665,5.812,339.635,332.428,19.187,3.213,-21.577,13,310.851,5.404,-1145,,1,-0.937,201.708,3,107.271
2026-02-22T21:04:06.000Z,1771794246.000,32.646545066,-117.210513821,5.525,336.312,331.869,20.695,4.599,-20.522,13,311.347,5.174,-1146,,1,-0.644,203.265,3,108.321
2026-02-22T21:04:07.000Z,1771794247.000,32.646566768,-117.210529336,5.152,320.965,320.849,18.604,4.169,-9.301,13,311.549,5.07,-1147,,1,0.711,203.47,3,108.611
2026-02-22T21:04:08.000Z,1771794248.000,32.646580159,-117.210551295,4.835,294.773,303.494,1.005,-0.091,7.828,13,311.322,4.779,-1148,,1,2.677,202.024,3,109.224
2026-02-22T21:04:09.000Z,1771794249.000,32.646586436,-117.210570708,3.713,288.699,287.877,-0.408,3.021,23.227,13,311.104,3.41,-1149,,1,2.359,200.247,3,110.696
2026-02-22T21:04:10.000Z,1771794250.000,32.646586122,-117.210591821,4.027,259.16,276.046,-10.456,-2.228,34.883,13,310.928,3.303,-1150,,1,3.757,198.16,3,112.401
2026-02-22T21:04:11.000Z,1771794251.000,32.646581071,-117.210613156,4.169,251.002,271.058,-21.941,3.492,39.584,13,310.641,3.213,-1151,,1,4.062,196.169,3,114.123
2026-02-22T21:04:12.000Z,1771794252.000,32.646574648,-117.210637109,4.576,253.092,269.735,-28.665,5.137,40.783,13,310.517,3.465,-1152,,1,4.415,194.161,3,115.569
2026-02-22T21:04:13.000Z,1771794253.000,32.646570717,-117.210661342,4.526,261.96,273.048,-31.238,-0.518,37.896,13,310.944,3.571,-1153,,1,4.122,192.663,3,116.578
2026-02-22T21:04:14.000Z,1771794254.000,32.646569685,-117.210685207,4.785,270.97,279.247,-27.369,1.317,32.139,13,311.386,4.051,-1154,,1,3.975,191.655,3,117.512
2026-02-22T21:04:15.000Z,1771794255.000,32.646570534,-117.21070932,4.377,267.935,280.483,-20.326,4.753,31.074,13,311.556,3.749,-1155,,1,3.745,190.459,3,118.492
2026-02-22T21:04:16.000Z,1771794256.000,32.646570412,-117.210734623,5.1,268.985,277.594,-16.86,4.109,33.954,13,311.549,4.23,-1156,,1,4.299,188.812,3,119.317
2026-02-22T21:04:17.000Z,1771794257.000,32.646568517,-117.21076139,5.319,260.293,273.304,-24.026,0.792,37.926,13,311.23,4.191,-1157,,1,4.854,186.838,3,120.288
2026-02-22T21:04:18.000Z,1771794258.000,32.646564562,-117.210788545,5.179,259.937,272.367,-31.036,0.198,38.325,13,310.692,4.064,-1158,,1,4.729,184.89,3,121.452
2026-02-22T21:04:19.000Z,1771794259.000,32.646560728,-117.210817673,5.148,265.921,272.29,-31.812,5.594,37.607,13,309.897,4.077,-1159,,1,4.44,182.901,3,122.627
2026-02-22T21:04:20.000Z,1771794260.000,32.646556746,-117.210848891,5.887,261.704,272.141,-32.239,-2.275,36.861,13,309.002,4.71,-1160,,1,5.266,180.775,3,123.366
2026-02-22T21:04:21.000Z,1771794261.000,32.646552663,-117.210881959,6.785,255.52,267.405,-26.132,4.554,40.877,13,308.283,5.13,-1161,,1,6.346,178.241,3,124.257
2026-02-22T21:04:22.000Z,1771794262.000,32.646544892,-117.210917839,6.357,257.326,262.771,-28.647,-1.463,44.846,13,307.617,4.508,-1162,,1,5.861,175.247,3,125.101
2026-02-22T21:04:23.000Z,1771794263.000,32.646536933,-117.210953076,6.749,256.248,264.544,-28.936,0.533,42.061,13,306.605,5.011,-1163,,1,6.252,172.656,3,125.593
2026-02-22T21:04:24.000Z,1771794264.000,32.646529343,-117.210989139,6.844,255.85,266.969,-32.61,3.004,38.584,13,305.553,5.351,-1164,,1,6.336,170.095,3,125.891
2026-02-22T21:04:25.000Z,1771794265.000,32.646523359,-117.211025403,6.7,262.731,266.482,-33.902,0.886,37.921,13,304.403,5.285,-1165,,1,5.827,167.487,3,126.277
2026-02-22T21:04:26.000Z,1771794266.000,32.646518592,-117.211063229,7.164,262.048,267.531,-26.118,-2.238,36.192,13,303.724,5.781,-1166,,1,6.237,164.994,3,126.647
2026-02-22T21:04:27.000Z,1771794267.000,32.646512433,-117.211100706,7.801,253.544,263.075,-20.405,1.076,39.828,13,302.903,5.99,-1167,,1,7.262,162.062,3,127.403
2026-02-22T21:04:28.000Z,1771794268.000,32.646504889,-117.211139296,7.525,256.328,259.23,-9.065,-0.307,42.703,13,301.933,5.526,-1168,,1,6.839,158.999,3,128.215
2026-02-22T21:04:29.000Z,1771794269.000,32.646490207,-117.211176319,7.611,241.228,250.735,-18.866,4.752,50.33,13,301.066,4.859,-1169,,1,7.504,155.182,3,129.858
2026-02-22T21:04:30.000Z,1771794270.000,32.646473534,-117.211211492,6.746,238.75,246.847,-15.635,7.171,53.176,13,300.023,4.049,-1170,,1,6.692,151.553,3,131.515
2026-02-22T21:04:31.000Z,1771794271.000,32.646454678,-117.211244651,6.735,236.375,247.508,-25.992,-0.973,51.473,13,298.981,4.198,-1171,,1,6.71,148.034,3,133.154
2026-02-22T21:04:32.000Z,1771794272.000,32.646436829,-117.211275847,7.342,237.037,248.62,-24.475,-0.77,49.204,13,297.824,4.802,-1172,,1,7.305,144.737,3,134.852
2026-02-22T21:04:33.000Z,1771794273.000,32.646418447,-117.21130885,7.077,236.298,248.22,-22.605,6.904,48.924,13,297.144,4.65,-1173,,1,7.048,141.225,3,136.373
2026-02-22T21:04:34.000Z,1771794274.000,32.646399241,-117.211341767,7.488,238.091,252.624,-32.188,-0.559,43.651,13,296.275,5.417,-1174,,1,7.428,137.861,3,137.282
2026-02-22T21:04:35.000Z,1771794275.000,32.646382389,-117.211376838,7.754,239.848,255.154,-34.658,0.583,40.058,13,295.212,5.935,-1175,,1,7.651,134.509,3,137.996
2026-02-22T21:04:36.000Z,1771794276.000,32.64636821,-117.211413949,7.1,248.197,255.921,-24.109,3.862,38.307,13,294.229,5.571,-1176,,1,6.748,131.194,3,138.937
2026-02-22T21:04:37.000Z,1771794277.000,32.646354664,-117.211448701,6.812,241.142,253.789,-23.781,7.214,39.449,13,293.237,5.26,-1177,,1,6.678,127.925,3,140.516
2026-02-22T21:04:38.000Z,1771794278.000,32.646341022,-117.211483608,6.94,247.535,255.936,-23.693,3.313,36.438,13,292.374,5.584,-1178,,1,6.59,124.851,3,141.894
2026-02-22T21:04:39.000Z,1771794279.000,32.646328249,-117.211519127,6.915,249.293,257.289,-24.991,-0.014,34.304,13,291.593,5.712,-1179,,1,6.473,121.783,3,143.121
2026-02-22T21:04:40.000Z,1771794280.000,32.64631615,-117.211554657,6.977,251.412,259.954,-27.48,0.532,30.727,13,290.681,5.997,-1180,,1,6.404,118.847,3,144.007
2026-02-22T21:04:41.000Z,1771794281.000,32.646306526,-117.21158932,6.452,250.739,256.565,-20.507,4.996,32.998,13,289.563,5.412,-1181,,1,5.928,115.856,3,144.854
2026-02-22T21:04:42.000Z,1771794282.000,32.646293544,-117.211623028,6.661,243.359,253.094,-21.159,0.885,35.51,13,288.605,5.422,-1182,,1,6.393,112.629,3,146.073
2026-02-22T21:04:43.000Z,1771794283.000,32.64627783,-117.211658388,7.133,243.54,252.785,-25.248,2.045,34.896,13,287.681,5.85,-1183,,1,6.823,109.224,3,147.323
2026-02-22T21:04:44.000Z,1771794284.000,32.646262202,-117.211693764,7.5,242.561,253.52,-27.21,-1.527,33.39,13,286.91,6.262,-1184,,1,7.189,105.876,3,148.485
2026-02-22T21:04:45.000Z,1771794285.000,32.64624709,-117.211728747,7.152,241.83,252.241,-24.931,2.747,34.067,13,286.308,5.925,-1185,,1,6.863,102.499,3,149.409
2026-02-22T21:04:46.000Z,1771794286.000,32.646232209,-117.211763167,6.839,243.815,252.063,-25.876,1.229,33.119,13,285.182,5.729,-1186,,1,6.468,99.228,3,150.191
2026-02-22T21:04:47.000Z,1771794287.000,32.646216526,-117.211797434,6.712,245.818,255.776,-28.158,2.002,28.809,13,284.585,5.879,-1187,,1,6.235,96.084,3,151.151
2026-02-22T21:04:48.000Z,1771794288.000,32.646202994,-117.211831209,6.975,242.217,254.854,-29.037,3.31,28.849,13,283.704,6.109,-1188,,1,6.601,92.93,3,152.232
2026-02-22T21:04:49.000Z,1771794289.000,32.646190484,-117.211865225,6.561,248.026,256.529,-25.136,0.678,25.884,13,282.414,5.903,-1189,,1,5.918,89.985,3,153.077
2026-02-22T21:04:50.000Z,1771794290.000,32.646177862,-117.211897927,6.346,246.032,254.986,-23.663,4.026,26.33,13,281.317,5.687,-1190,,1,5.78,86.94,3,154.387
2026-02-22T21:04:51.000Z,1771794291.000,32.646163886,-117.211929952,6.124,239.431,249.707,-23.047,5.828,30.62,13,280.327,5.27,-1191,,1,5.812,83.646,3,156.13
2026-02-22T21:04:52.000Z,1771794292.000,32.646147068,-117.211961042,6.613,238,250.95,-27.026,2.781,28.201,13,279.15,5.828,-1192,,1,6.301,80.454,3,157.377
2026-02-22T21:04:53.000Z,1771794293.000,32.646130736,-117.211994505,6.861,240.282,252.4,-23.573,2.814,25.802,13,278.202,6.177,-1193,,1,6.408,77.183,3,158.423
2026-02-22T21:04:54.000Z,1771794294.000,32.646114122,-117.212029609,7.366,243.074,251.554,-23.982,-1.161,26.03,13,277.584,6.618,-1194,,1,6.69,73.689,3,159.71
2026-02-22T21:04:55.000Z,1771794295.000,32.646097812,-117.212062438,7.125,239.437,248.451,-24.196,2.202,27.935,13,276.386,6.295,-1195,,1,6.607,70.251,3,161.29
2026-02-22T21:04:56.000Z,1771794296.000,32.646080214,-117.212094795,7.1,238.92,249.338,-26.529,0.691,25.616,13,274.954,6.402,-1196,,1,6.557,66.902,3,162.99
2026-02-22T21:04:57.000Z,1771794297.000,32.646063863,-117.212126682,6.731,238.093,247.078,-20.8,0.371,26.749,13,273.827,6.011,-1197,,1,6.206,63.556,3,165.095
2026-02-22T21:04:58.000Z,1771794298.000,32.646044851,-117.212158529,7.04,235.396,244.675,-24.465,-1.384,28.41,13,273.085,6.193,-1198,,1,6.569,59.978,3,167.349
2026-02-22T21:04:59.000Z,1771794299.000,32.646025932,-117.212187859,7.074,230.45,238.659,-16.536,4.865,33.666,13,272.325,5.887,-1199,,1,6.772,56.441,3,169.449
2026-02-22T21:05:00.000Z,1771794300.000,32.646003466,-117.21221682,7.509,227.087,236.826,-13.622,0.189,34.657,13,271.483,6.175,-1200,,1,7.279,52.761,3,171.149
2026-02-22T21:05:01.000Z,1771794301.000,32.645979578,-117.212246667,7.022,232.237,241.894,-18.352,-0.614,28.914,13,270.809,6.145,-1201,,1,6.562,49.113,3,172.547
2026-02-22T21:05:02.000Z,1771794302.000,32.645955903,-117.212276821,7.812,225.338,239.947,-19.536,0.799,30.531,13,270.478,6.73,-1202,,1,7.543,45.247,3,174.757
2026-02-22T21:05:03.000Z,1771794303.000,32.645932025,-117.212309551,8.073,233.643,240.831,-15.839,0.413,29.434,13,270.265,7.03,-1203,,1,7.3,41.309,3,176.824
2026-02-22T21:05:04.000Z,1771794304.000,32.645908346,-117.212341902,7.839,231.323,235.577,-13.976,-0.733,34.368,13,269.945,6.469,-1204,,1,7.13,37.228,3,179.519
2026-02-22T21:05:05.000Z,1771794305.000,32.64588188,-117.212372653,7.512,223.28,233.891,-14.397,6.885,36.054,13,269.945,6.072,-1205,,1,7.128,33.104,3,182.08
2026-02-22T21:05:06.000Z,1771794306.000,32.645856806,-117.212401893,7.713,227.998,236.607,-14.724,1.695,33.379,13,269.987,6.44,-1206,,1,6.934,29.297,3,184.381
2026-02-22T21:05:07.000Z,1771794307.000,32.645832979,-117.212429652,7.162,224.092,234.331,-16.349,2.946,35.928,13,270.259,5.799,-1207,,1,6.504,25.558,3,186.85
2026-02-22T21:05:08.000Z,1771794308.000,32.64580803,-117.212457433,7.155,225.238,237.856,-20.904,1.076,32.996,13,270.852,6.001,-1208,,1,6.185,21.87,3,188.945
2026-02-22T21:05:09.000Z,1771794309.000,32.645785687,-117.212485006,6.773,223.457,234.808,-16.635,4.866,36.928,13,271.736,5.415,-1209,,1,5.676,18.25,3,191.367
2026-02-22T21:05:10.000Z,1771794310.000,32.645762684,-117.212513281,7.127,228.692,240.999,-18.375,-0.294,31.864,13,272.863,6.053,-1210,,1,4.929,14.791,3,193.17
2026-02-22T21:05:11.000Z,1771794311.000,32.645740728,-117.212541501,7.015,229.56,242.005,-22.038,0.533,31.906,13,273.911,5.954,-1211,,1,3.867,11.285,3,195.172
2026-02-22T21:05:12.000Z,1771794312.000,32.645718385,-117.212571733,7.134,226.307,236.438,-17.251,4.074,38.665,13,275.103,5.57,-1212,,1,2.92,7.425,3,197.516
2026-02-22T21:05:13.000Z,1771794313.000,32.645694503,-117.212599309,7.187,226.324,240.057,-28.227,-1.541,36.565,13,276.621,5.772,-1213,,1,1.072,3.857,3,199.695
2026-02-22T21:05:14.000Z,1771794314.000,32.645674243,-117.212629416,7.115,234.301,241.05,-22.578,6.75,36.942,13,277.993,5.687,-1214,,2,-1.649,0.478,3,227.507
2026-02-22T21:05:15.000Z,1771794315.000,32.645653923,-117.212660724,6.665,235.065,241.826,-21.906,-0.135,38.058,13,279.884,5.249,-1215,,2,-1.643,4.082,3,231.359
2026-02-22T21:05:16.000Z,1771794316.000,32.645634793,-117.212687694,6.488,227.97,237.329,-18.291,2.892,44.246,13,281.575,4.646,-1216,,2,-0.821,7.46,3,234.58
2026-02-22T21:05:17.000Z,1771794317.000,32.645614236,-117.21271276,6.366,226.825,229.369,-12.672,0.163,54.027,13,283.395,3.741,-1217,,2,-0.691,10.86,3,237.278
2026-02-22T21:05:18.000Z,1771794318.000,32.645589225,-117.212731744,6.91,207.788,217.039,-13.701,-1.841,68.703,13,285.742,2.505,-1218,,2,1.52,14.169,3,238.844
2026-02-22T21:05:19.000Z,1771794319.000,32.645559484,-117.212748297,7.487,204.694,208.669,-5.271,1.457,78.951,13,287.619,1.424,-1219,,2,2.026,17.587,3,240.104
2026-02-22T21:05:20.000Z,1771794320.000,32.64552762,-117.212763346,7.762,203.706,209.615,-1.859,0.872,79.369,13,288.984,1.432,-1220,,2,2.215,21.205,3,241.702
2026-02-22T21:05:21.000Z,1771794321.000,32.645494556,-117.212777932,7.839,199.492,207.212,-8.401,1.58,83.603,13,290.815,0.872,-1221,,2,2.769,24.835,3,242.879
2026-02-22T21:05:22.000Z,1771794322.000,32.645461181,-117.212790123,7.43,196.961,208.112,-10.72,0.118,84.453,13,292.565,0.718,-1222,,2,2.916,28.404,3,244.157
2026-02-22T21:05:23.000Z,1771794323.000,32.645430138,-117.212801143,6.8,195.776,209.62,-8.594,0.44,84.286,13,293.906,0.677,-1223,,2,2.787,31.713,3,245.831
2026-02-22T21:05:24.000Z,1771794324.000,32.645402165,-117.212813367,6.66,202.445,211.7,-5.287,0.316,83.182,13,294.881,0.79,-1224,,2,1.995,34.844,3,248.114
2026-02-22T21:05:25.000Z,1771794325.000,32.645375242,-117.212820622,5.73,189.028,204.306,-8.035,5.404,91.468,13,295.774,0.186,-1225,,2,2.932,37.416,3,249.265
2026-02-22T21:05:26.000Z,1771794326.000,32.645347022,-117.212829136,5.868,202.788,212.084,-6.288,-1.948,84.207,13,296.292,0.589,-1226,,2,1.708,40.448,3,251.54
2026-02-22T21:05:27.000Z,1771794327.000,32.645320191,-117.212840986,6.862,201.725,218.041,-7.544,-0.104,78.589,13,296.63,1.361,-1227,,2,2.108,43.479,3,253.838
2026-02-22T21:05:28.000Z,1771794328.000,32.645292995,-117.212854353,6.432,208.677,227.01,-15.348,4.864,69.995,13,297.004,2.206,-1228,,2,1.211,46.556,3,256.351
2026-02-22T21:05:29.000Z,1771794329.000,32.645267042,-117.212871961,6.431,208.654,221.223,-6.062,10.495,75.862,13,297.085,1.572,-1229,,2,1.202,49.848,3,258.167
2026-02-22T21:05:30.000Z,1771794330.000,32.645237925,-117.212888292,6.847,208.866,222.515,-13.269,0.336,74.519,13,297.034,1.827,-1230,,2,1.243,53.297,3,260.363
2026-02-22T21:05:31.000Z,1771794331.000,32.645211592,-117.212903829,6.413,205.205,215.037,-7.944,3.8,82.086,13,297.123,0.883,-1231,,2,1.554,56.438,3,261.846
2026-02-22T21:05:32.000Z,1771794332.000,32.645185654,-117.212918218,6.026,206.565,219.824,-11.654,2.953,77.488,13,297.312,1.299,-1232,,2,1.311,59.524,3,264.131
2026-02-22T21:05:33.000Z,1771794333.000,32.645159258,-117.212933784,6.311,205.72,222.837,-21.589,-0.349,74.549,13,297.386,1.681,-1233,,2,1.454,62.696,3,266.434
2026-02-22T21:05:34.000Z,1771794334.000,32.645134258,-117.212951441,6.224,211.336,217.585,-14.68,1.229,79.852,13,297.437,1.098,-1234,,2,0.824,65.871,3,268.342
2026-02-22T21:05:35.000Z,1771794335.000,32.645106254,-117.212965831,6.973,202.256,208.7,-12.119,3.23,88.74,13,297.44,0.152,-1235,,2,1.991,69.011,3,269.654
2026-02-22T21:05:36.000Z,1771794336.000,32.645075861,-117.212975506,7.054,191.698,195.88,-4.849,0.783,101.384,13,297.265,1.396,-1236,,2,3.209,71.822,3,270.209
2026-02-22T21:05:37.000Z,1771794337.000,32.645044077,-117.212977921,6.966,178.704,183.864,5.438,3.616,113.117,13,296.981,2.736,-1237,,2,4.476,74.143,3,270.196
2026-02-22T21:05:38.000Z,1771794338.000,32.645011058,-117.212975976,7.125,170.611,170.162,11.858,1.217,126.556,13,296.719,4.238,-1238,,2,5.296,76.028,3,269.305
2026-02-22T21:05:39.000Z,1771794339.000,32.644979285,-117.21296637,7.245,165.162,169.06,1.879,1.469,127.344,13,296.404,4.396,-1239,,2,5.817,78.041,3,269.091
2026-02-22T21:05:40.000Z,1771794340.000,32.644948045,-117.212957335,7.13,167.847,170.038,-0.971,2.361,126.075,13,296.112,4.199,-1240,,2,5.513,80.174,3,269.05
2026-02-22T21:05:41.000Z,1771794341.000,32.644918272,-117.212950277,6.512,164.637,174.179,-2.488,-5.19,121.868,13,296.047,3.438,-1241,,2,5.254,82.495,3,269.662
2026-02-22T21:05:42.000Z,1771794342.000,32.644891124,-117.212941232,6.345,165.329,174.605,-9.186,-1.905,121.436,13,296.041,3.309,-1242,,2,5.07,84.248,3,269.973
2026-02-22T21:05:43.000Z,1771794343.000,32.644861364,-117.212935304,6.653,172.637,168.494,13.489,1.02,127.624,13,296.118,4.062,-1243,,2,4.759,86.007,3,269.821
2026-02-22T21:05:44.000Z,1771794344.000,32.644831378,-117.212924393,6.512,158.554,167.379,-3.293,-1.299,128.993,13,296.372,4.097,-1244,,2,5.622,87.786,3,269.566
2026-02-22T21:05:45.000Z,1771794345.000,32.644801162,-117.212912,7.338,163.525,176.714,-13.795,-3.165,119.888,13,296.602,3.65,-1245,,2,5.985,90.134,3,269.655
2026-02-22T21:05:46.000Z,1771794346.000,32.6447701,-117.212904731,7.053,170.338,175.63,-11.63,-2.747,121.266,13,296.896,3.661,-1246,,2,5.222,92.238,3,269.676
2026-02-22T21:05:47.000Z,1771794347.000,32.644739985,-117.212899157,6.154,167.109,173.366,-8.985,-2.685,123.82,13,297.186,3.426,-1247,,2,4.778,94.293,3,270.139
2026-02-22T21:05:48.000Z,1771794348.000,32.644709338,-117.212891857,6.752,166.336,174,-6.108,-4.353,123.466,13,297.466,3.721,-1248,,2,5.294,96.458,3,270.753
2026-02-22T21:05:49.000Z,1771794349.000,32.64467831,-117.212885269,7.221,173.173,175.858,-9.611,-4.06,121.878,13,297.737,3.814,-1249,,2,5.081,98.77,3,270.937
2026-02-22T21:05:50.000Z,1771794350.000,32.64464791,-117.212876801,6.831,163.784,162.758,-6.294,-1.299,135.357,13,298.114,4.853,-1250,,2,5.531,99.971,3,270.156
2026-02-22T21:05:51.000Z,1771794351.000,32.644617953,-117.212859857,7.066,151.864,150.337,0.469,-1.282,148.037,13,298.374,5.995,-1251,,2,6.454,100.545,3,269.072
2026-02-22T21:05:52.000Z,1771794352.000,32.644590364,-117.212839906,6.912,147.585,147.816,2.721,-4.267,150.814,13,298.63,6.035,-1252,,2,6.504,101.445,3,268.828
2026-02-22T21:05:53.000Z,1771794353.000,32.644565205,-117.21281861,6.873,148.568,155.752,-6.903,-0.832,142.904,13,298.656,5.48,-1253,,2,6.424,102.854,3,268.998
2026-02-22T21:05:54.000Z,1771794354.000,32.644539833,-117.212800423,6.115,151.079,160.474,-10.053,-2.715,137.99,13,298.464,4.544,-1254,,2,5.613,104.212,3,269.095
2026-02-22T21:05:55.000Z,1771794355.000,32.644512058,-117.212783393,6.876,152.288,157.048,-4.212,-2.118,140.988,13,298.036,5.343,-1255,,2,6.25,105.256,3,268.582
2026-02-22T21:05:56.000Z,1771794356.000,32.644481406,-117.212764662,7.932,153.727,154.732,-1.901,0.862,143.078,13,297.811,6.342,-1256,,2,7.122,106.512,3,267.535
2026-02-22T21:05:57.000Z,1771794357.000,32.644447225,-117.212743392,8.5,153.042,154.115,7.98,-0.772,143.587,13,297.702,6.84,-1257,,2,7.673,108.034,3,266.233
2026-02-22T21:05:58.000Z,1771794358.000,32.64441006,-117.212718205,9.276,147.825,152.459,8.853,-3.208,144.915,13,297.374,7.587,-1258,,2,8.699,109.487,3,264.758
2026-02-22T21:05:59.000Z,1771794359.000,32.644373984,-117.212696408,8.813,155.119,158.525,8.498,-0.69,138.413,13,296.938,6.592,-1259,,2,7.804,111.63,3,263.778
2026-02-22T21:06:00.000Z,1771794360.000,32.644339057,-117.212675195,8.643,149.047,158.224,-1.516,-0.811,138.277,13,296.501,6.451,-1260,,2,8.032,113.242,3,262.434
2026-02-22T21:06:01.000Z,1771794361.000,32.644305354,-117.212656996,7.698,158.099,145.527,11.65,10.22,150.364,13,295.892,6.679,-1261,,2,6.616,113.994,3,260.995
2026-02-22T21:06:02.000Z,1771794362.000,32.644271021,-117.212638085,8.325,153.05,136.54,14.165,13.171,158.998,13,295.537,7.772,-1262,,2,7.499,115.006,3,259.829
2026-02-22T21:06:03.000Z,1771794363.000,32.644238419,-117.212617937,7.757,149.313,138.651,8.701,2.969,156.525,13,295.177,7.068,-1263,,2,7.189,116.675,3,258.908
2026-02-22T21:06:04.000Z,1771794364.000,32.644207208,-117.212595965,7.832,148,149.897,6.555,6.747,144.89,13,294.786,6.407,-1264,,2,7.32,118.841,3,258.224
2026-02-22T21:06:05.000Z,1771794365.000,32.644176362,-117.21257045,8.384,143.233,144.534,3.891,7.659,149.924,13,294.458,7.253,-1265,,2,8.055,119.45,3,257.101
2026-02-22T21:06:06.000Z,1771794366.000,32.644146051,-117.212541664,8.338,140.424,144.269,3.483,10.54,149.927,13,294.196,7.216,-1266,,2,8.114,120.211,3,255.759
2026-02-22T21:06:07.000Z,1771794367.000,32.644116736,-117.21251401,8.373,144.502,147.784,3.123,8.346,146.116,13,293.9,6.949,-1267,,2,7.989,121.254,3,254.777
2026-02-22T21:06:08.000Z,1771794368.000,32.644087941,-117.21248581,8.323,137.784,142.552,-0.113,8.087,151.152,13,293.704,7.29,-1268,,2,8.177,121.533,3,253.337
2026-02-22T21:06:09.000Z,1771794369.000,32.644060275,-117.21245823,7.478,134.176,142.081,9.064,8.542,151.516,13,293.597,6.569,-1269,,2,7.419,122.128,3,252.061
2026-02-22T21:06:10.000Z,1771794370.000,32.644036132,-117.212433708,6.323,138.878,139.655,12.235,9.619,154.164,13,293.82,5.691,-1270,,2,6.188,122.459,3,251.118
2026-02-22T21:06:11.000Z,1771794371.000,32.644013015,-117.212413103,6.273,145.019,143.895,8.992,9.157,150.131,13,294.026,5.439,-1271,,2,5.964,123.476,3,250.974
2026-02-22T21:06:12.000Z,1771794372.000,32.643988383,-117.212392789,6.861,149.868,152.894,-8.162,6.889,141.438,13,294.332,5.353,-1272,,2,6.318,124.994,3,250.992
2026-02-22T21:06:13.000Z,1771794373.000,32.643956196,-117.212374281,8.09,151.204,155.504,-2.794,7.228,139.334,13,294.838,6.138,-1273,,2,7.37,126.76,3,250.443
2026-02-22T21:06:14.000Z,1771794374.000,32.643923978,-117.212351086,8.448,144.46,150.368,3.711,11.101,145.125,13,295.494,6.931,-1274,,2,8.05,127.658,3,249.18
2026-02-22T21:06:15.000Z,1771794375.000,32.643891507,-117.212325157,8.307,144.433,146.12,9.987,8.177,150.109,13,296.229,7.202,-1275,,2,7.915,128.467,3,247.528
2026-02-22T21:06:16.000Z,1771794376.000,32.643861752,-117.212298075,7.744,139.466,144.668,7.466,8.456,152.122,13,296.791,6.846,-1276,,2,7.554,129.193,3,246.265
2026-02-22T21:06:17.000Z,1771794377.000,32.643835391,-117.212272341,7.275,140.063,141.574,4.061,8.521,156.064,13,297.638,6.647,-1277,,2,7.079,129.584,3,245.521
2026-02-22T21:06:18.000Z,1771794378.000,32.643812514,-117.212246575,6.667,136.546,138.396,6.83,8.365,159.896,13,298.291,6.26,-1278,,2,6.569,129.672,3,245.121
2026-02-22T21:06:19.000Z,1771794379.000,32.643792005,-117.212223428,5.746,138.791,138.562,2.782,10.06,160.565,13,299.127,5.419,-1279,,2,5.619,129.989,3,245.126
2026-02-22T21:06:20.000Z,1771794380.000,32.643770614,-117.212201386,5.912,135.272,139.545,-4.378,8.817,160.608,13,300.153,5.576,-1280,,2,5.845,130.513,3,244.988
2026-02-22T21:06:21.000Z,1771794381.000,32.643747759,-117.212179733,6.725,140.213,139.472,-2.908,7.831,161.636,13,301.108,6.382,-1281,,2,6.537,131.1,3,244.44
2026-02-22T21:06:22.000Z,1771794382.000,32.643723332,-117.212155339,7.139,136.865,138.851,-5.356,9.784,163.151,13,302.001,6.833,-1282,,2,7.025,131.607,3,243.815
2026-02-22T21:06:23.000Z,1771794383.000,32.643697054,-117.212128065,7.09,137.748,137.944,-0.337,7.479,164.828,13,302.772,6.842,-1283,,2,6.956,132.069,3,243.223
2026-02-22T21:06:24.000Z,1771794384.000,32.643674627,-117.212099801,7.439,131.917,133.762,-3.754,12.242,169.782,13,303.544,7.321,-1284,,2,7.407,131.882,3,242.769
2026-02-22T21:06:25.000Z,1771794385.000,32.64365358,-117.212074008,6.254,138.717,134.839,5.006,12.4,169.508,13,304.347,6.149,-1285,,2,6.113,132.156,3,242.521
2026-02-22T21:06:26.000Z,1771794386.000,32.643635204,-117.212051051,5.562,135.606,135.095,3.846,11.504,170.706,13,305.801,5.489,-1286,,2,5.492,132.313,3,242.538
2026-02-22T21:06:27.000Z,1771794387.000,32.643619426,-117.21202971,4.747,125.751,128.651,-0.165,11.139,177.988,13,306.639,4.742,-1287,,2,4.746,131.808,3,242.872
2026-02-22T21:06:28.000Z,1771794388.000,32.64360619,-117.212006577,5.573,123.064,117.886,6.799,8.741,-170.041,13,307.845,5.485,-1288,,2,5.562,130.637,3,243.33
2026-02-22T21:06:29.000Z,1771794389.000,32.643591971,-117.21197804,6.624,118.769,111.803,16.461,9.499,-162.61,13,309.193,6.318,-1289,,2,6.561,129.608,3,243.32
2026-02-22T21:06:30.000Z,1771794390.000,32.643578509,-117.211943134,7.314,114.297,108.395,15.8,10.844,-158.353,13,310.042,6.796,-1290,,2,7.145,128.34,3,243.09
2026-02-22T21:06:31.000Z,1771794391.000,32.643566227,-117.211904615,7.588,110.54,109.848,10.078,12.454,-159.047,13,310.801,7.086,-1291,,2,7.288,127.119,3,242.474
2026-02-22T21:06:32.000Z,1771794392.000,32.643555162,-117.211862935,7.84,110.166,108.415,-3.823,9.548,-157.025,13,311.39,7.218,-1292,,2,7.515,125.384,3,241.782
2026-02-22T21:06:33.000Z,1771794393.000,32.643542936,-117.211823999,7.8,109.385,107.446,2.337,10.283,-155.518,13,311.928,7.099,-1293,,2,7.443,123.951,3,241.198
2026-02-22T21:06:34.000Z,1771794394.000,32.643533437,-117.211786239,7.277,99.803,104.432,-0.965,9.79,-151.885,13,312.547,6.417,-1294,,2,6.483,122.212,3,241.415
2026-02-22T21:06:35.000Z,1771794395.000,32.643525087,-117.21175081,6.761,107.839,103.685,4.183,8.758,-150.368,13,313.317,5.876,-1295,,2,6.391,120.687,3,241.794
2026-02-22T21:06:36.000Z,1771794396.000,32.643516874,-117.211714923,7.07,103.038,98.265,0.834,8.288,-144.487,13,313.778,5.751,-1296,,2,6.464,118.796,3,242.251
2026-02-22T21:06:37.000Z,1771794397.000,32.643507713,-117.211674346,7.835,104.822,96.842,-1.372,9.77,-142.475,13,314.366,6.213,-1297,,2,7.256,116.98,3,242.15
2026-02-22T21:06:38.000Z,1771794398.000,32.643497269,-117.211629284,9.254,104.797,98.25,-2.662,6.955,-143.202,13,315.049,7.413,-1298,,2,8.566,115.19,3,241.602
2026-02-22T21:06:39.000Z,1771794399.000,32.643485997,-117.211581723,9.26,104.302,100.515,2.436,8.652,-144.843,13,315.672,7.571,-1299,,2,8.538,113.377,3,240.598
2026-02-22T21:06:40.000Z,1771794400.000,32.643473834,-117.211534395,9.215,108.544,108.598,-3.437,7.659,-152.21,13,316.388,8.147,-1300,,2,8.736,112.085,3,239.211
2026-02-22T21:06:41.000Z,1771794401.000,32.643458716,-117.211488165,8.877,112.114,114.233,-1.899,7.356,-157.204,13,317.029,8.184,-1301,,2,8.573,110.949,3,237.84
2026-02-22T21:06:42.000Z,1771794402.000,32.643442354,-117.211449139,7.738,116.851,117.23,-0.052,8.609,-159.578,13,317.652,7.252,-1302,,2,7.613,110.165,3,236.776
2026-02-22T21:06:43.000Z,1771794403.000,32.64342616,-117.211411068,8,117.904,116.99,1.191,8.397,-158.658,13,318.332,7.451,-1303,,2,7.895,109.173,3,235.901
2026-02-22T21:06:44.000Z,1771794404.000,32.643411086,-117.211371989,7.954,112.998,112.273,-1.317,10.578,-153.307,13,318.966,7.105,-1304,,2,7.71,107.675,3,235.085
2026-02-22T21:06:45.000Z,1771794405.000,32.643395347,-117.211331902,7.736,116.621,112.62,-1.981,10.677,-153.084,13,319.536,6.898,-1305,,2,7.603,106.566,3,234.212
2026-02-22T21:06:46.000Z,1771794406.000,32.64338064,-117.211294128,7.278,117.065,114.473,4.475,9.172,-154.456,13,320.016,6.567,-1306,,2,7.163,105.629,3,233.657
2026-02-22T21:06:47.000Z,1771794407.000,32.643368206,-117.211258433,6.985,111.292,113.546,0.514,9.699,-152.767,13,320.779,6.211,-1307,,2,6.714,104.412,3,233.594
2026-02-22T21:06:48.000Z,1771794408.000,32.643357374,-117.211222846,6.345,114.282,110.359,-5.392,9.352,-148.934,13,321.425,5.435,-1308,,2,6.18,102.896,3,233.872
2026-02-22T21:06:49.000Z,1771794409.000,32.643346339,-117.211189004,6.613,110.125,107.442,4.103,8.662,-145.301,13,322.141,5.437,-1309,,2,6.314,101.528,3,233.976
2026-02-22T21:06:50.000Z,1771794410.000,32.643335977,-117.211154188,6.785,110.756,106.772,4.498,8.681,-144.316,13,322.456,5.511,-1310,,2,6.499,100.214,3,233.767
2026-02-22T21:06:51.000Z,1771794411.000,32.643325855,-117.211117195,7.1,107.569,106.413,-3.97,8.68,-143.587,13,322.826,5.714,-1311,,2,6.675,98.769,3,233.262
2026-02-22T21:06:52.000Z,1771794412.000,32.643315242,-117.211077398,7.612,114.055,108.396,-1.038,9.555,-145.184,13,323.213,6.249,-1312,,2,7.403,97.368,3,232.707
2026-02-22T21:06:53.000Z,1771794413.000,32.643302571,-117.211038526,7.587,113.899,110.995,3.786,10.357,-147.392,13,323.603,6.391,-1313,,2,7.372,96.245,3,232.346
2026-02-22T21:06:54.000Z,1771794414.000,32.643289789,-117.211000693,7.06,114.798,113.912,-2.87,10.287,-149.85,13,324.062,6.105,-1314,,2,6.885,95.223,3,232.394
2026-02-22T21:06:55.000Z,1771794415.000,32.643276344,-117.210963274,7.366,115.251,113.746,-6.342,9.272,-149.402,13,324.345,6.341,-1315,,2,7.195,94.045,3,232.756
2026-02-22T21:06:56.000Z,1771794416.000,32.643261101,-117.210927294,7.387,117.286,113.292,6.005,10.895,-148.735,13,324.557,6.314,-1316,,2,7.267,93.084,3,232.761
2026-02-22T21:06:57.000Z,1771794417.000,32.64324721,-117.210890093,7.855,112.945,111.216,-3.644,9.676,-146.453,13,324.763,6.545,-1317,,2,7.596,91.811,3,232.536
2026-02-22T21:06:58.000Z,1771794418.000,32.643233314,-117.210850722,7.815,113.117,111.36,-5.809,10.054,-146.149,13,325.211,6.49,-1318,,2,7.563,90.575,3,231.715
2026-02-22T21:06:59.000Z,1771794419.000,32.643218087,-117.210810529,8.076,111.528,110.515,0.467,10.52,-144.777,13,325.738,6.596,-1319,,2,7.754,89.325,3,230.69
2026-02-22T21:07:00.000Z,1771794420.000,32.643205585,-117.210770729,7.935,110.269,108.388,2.382,8.848,-142.162,13,326.226,6.266,-1320,,2,7.566,87.774,3,229.983
2026-02-22T21:07:01.000Z,1771794421.000,32.643194948,-117.210731199,7.685,106.649,105.95,-1.182,8.961,-139.307,13,326.643,5.827,-1321,,2,7.164,86.062,3,229.559
2026-02-22T21:07:02.000Z,1771794422.000,32.643184566,-117.210690546,7.676,104.048,106.849,2.21,10.433,-139.852,13,326.997,5.868,-1322,,2,7.021,84.508,3,229.236
2026-02-22T21:07:03.000Z,1771794423.000,32.643174687,-117.2106519,7.288,106.962,106.61,3.046,9.71,-139.224,13,327.386,5.518,-1323,,2,6.804,82.95,3,229.331
2026-02-22T21:07:04.000Z,1771794424.000,32.643166701,-117.210613741,7.246,103.277,104.499,0.557,10.92,-136.582,13,327.917,5.264,-1324,,2,6.581,81.126,3,229.608
2026-02-22T21:07:05.000Z,1771794425.000,32.643158671,-117.210574972,7.353,100.156,101.532,0.632,9.69,-133.13,13,328.402,5.027,-1325,,2,6.497,79.211,3,229.513
2026-02-22T21:07:06.000Z,1771794426.000,32.643150323,-117.21053521,7.563,102.005,102.853,0.037,10.348,-134.141,13,328.712,5.268,-1326,,2,6.791,77.568,3,228.771
2026-02-22T21:07:07.000Z,1771794427.000,32.643140009,-117.210495244,8.229,105.248,104.696,-4.668,9.244,-135.691,13,329.005,5.892,-1327,,2,7.579,76.116,3,227.678
2026-02-22T21:07:08.000Z,1771794428.000,32.643126976,-117.210453875,8.331,111.686,107.02,-4.198,8.817,-137.795,13,329.225,6.17,-1328,,2,7.987,74.845,3,226.465
2026-02-22T21:07:09.000Z,1771794429.000,32.643112789,-117.210409957,8.577,111.093,107.828,-4.92,11.392,-138.475,13,329.353,6.422,-1329,,2,8.195,73.404,3,224.752
2026-02-22T21:07:10.000Z,1771794430.000,32.643098139,-117.210367455,8.387,113.075,111.483,0.536,9.946,-141.635,13,329.848,6.576,-1330,,2,8.093,72.305,3,222.949
2026-02-22T21:07:11.000Z,1771794431.000,32.643084438,-117.210324967,8.415,109.776,124.024,-0.691,7.288,-153.784,13,330.24,7.547,-1331,,2,7.979,71.839,3,221.742
2026-02-22T21:07:12.000Z,1771794432.000,32.643071281,-117.21028311,8.03,109.896,123.941,-1.395,9.72,-153.411,13,330.53,7.181,-1332,,2,7.617,70.371,3,221.399
2026-02-22T21:07:13.000Z,1771794433.000,32.643057281,-117.210243549,7.524,108.88,127.639,3.071,7.424,-156.872,13,330.768,6.919,-1333,,2,7.092,69.42,3,220.649
2026-02-22T21:07:14.000Z,1771794434.000,32.643045964,-117.210208018,6.667,112.504,127.205,0.491,7.281,-156.356,13,330.85,6.107,-1334,,2,6.412,68.156,3,220.148
2026-02-22T21:07:15.000Z,1771794435.000,32.643034485,-117.210174695,6.908,112.812,124.508,5.866,7.475,-153.7,13,330.809,6.192,-1335,,2,6.652,66.859,3,219.772
2026-02-22T21:07:16.000Z,1771794436.000,32.643022743,-117.210138908,6.9,112.446,123.363,0.219,7.472,-152.282,13,331.081,6.108,-1336,,2,6.631,65.559,3,219.077
2026-02-22T21:07:17.000Z,1771794437.000,32.643010643,-117.210102651,7.174,111.206,120.004,2.31,7.61,-148.913,13,331.091,6.144,-1337,,2,6.848,64.083,3,219.129
2026-02-22T21:07:18.000Z,1771794438.000,32.642997281,-117.210065284,7.585,112.598,122.098,3.376,6.524,-151.057,13,331.04,6.638,-1338,,2,7.292,63.081,3,218.532
2026-02-22T21:07:19.000Z,1771794439.000,32.64298418,-117.210024794,8.238,112.129,123.63,-3.065,7.798,-152.758,13,330.871,7.325,-1339,,2,7.899,61.822,3,217.957
2026-02-22T21:07:20.000Z,1771794440.000,32.642968802,-117.209982473,8.363,112.698,121.861,4.608,6.886,-151.3,13,330.56,7.335,-1340,,2,8.04,60.377,3,217.136
2026-02-22T21:07:21.000Z,1771794441.000,32.642955548,-117.209940573,8.174,110.816,122.876,2.695,8.018,-152.56,13,330.317,7.254,-1341,,2,7.779,59.002,3,216.47
2026-02-22T21:07:22.000Z,1771794442.000,32.642940943,-117.209899423,8.046,112.522,125.987,1.108,7.237,-155.814,13,330.174,7.339,-1342,,2,7.725,57.957,3,215.722
2026-02-22T21:07:23.000Z,1771794443.000,32.642926157,-117.209856667,8.211,113.531,125.766,3.648,5.668,-155.7,13,330.066,7.484,-1343,,2,7.922,56.559,3,214.396
2026-02-22T21:07:24.000Z,1771794444.000,32.642912915,-117.209815381,7.988,110.625,121.06,5.438,5.594,-151.112,13,329.947,6.993,-1344,,2,7.587,54.761,3,213.247
2026-02-22T21:07:25.000Z,1771794445.000,32.642900886,-117.209773685,8.2,107.073,118.392,6.724,6.6,-148.769,13,329.623,7.011,-1345,,2,7.611,53.002,3,212.716
2026-02-22T21:07:26.000Z,1771794446.000,32.642889979,-117.209730025,8.331,106.977,120.666,-1.283,6.68,-151.407,13,329.259,7.312,-1346,,2,7.724,51.422,3,212.408
2026-02-22T21:07:27.000Z,1771794447.000,32.642877657,-117.209685068,8.552,107.66,121.024,0.867,8.573,-151.937,13,329.088,7.547,-1347,,2,7.964,49.729,3,211.889
2026-02-22T21:07:28.000Z,1771794448.000,32.64286472,-117.209642778,7.953,109.379,121.883,7.638,6.928,-152.957,13,328.926,7.084,-1348,,2,7.487,48.291,3,211.182
2026-02-22T21:07:29.000Z,1771794449.000,32.642851807,-117.209600682,8.269,109.379,121.711,5.109,6.787,-152.902,13,328.808,7.362,-1349,,2,7.783,46.78,3,210.186
2026-02-22T21:07:30.000Z,1771794450.000,32.642840265,-117.209555495,8.445,108.812,120.426,0.992,7.281,-151.702,13,328.724,7.436,-1350,,2,7.915,44.876,3,209.062
2026-02-22T21:07:31.000Z,1771794451.000,32.642827878,-117.20951283,8.012,111.19,122.788,1.05,8.043,-154.246,13,328.541,7.216,-1351,,2,7.617,43.49,3,208.355
2026-02-22T21:07:32.000Z,1771794452.000,32.642813877,-117.209472269,7.814,112.941,125.466,2.11,6.935,-157.07,13,328.396,7.196,-1352,,2,7.498,42.394,3,207.817
2026-02-22T21:07:33.000Z,1771794453.000,32.642800112,-117.209432974,7.8,112.326,125.425,0.668,8.137,-157.018,13,328.407,7.181,-1353,,2,7.459,41.138,3,207.268
2026-02-22T21:07:34.000Z,1771794454.000,32.642786178,-117.209392199,7.659,112.241,125.509,-1.391,8.259,-157.01,13,328.499,7.05,-1354,,2,7.319,39.815,3,206.472
2026-02-22T21:07:35.000Z,1771794455.000,32.642773343,-117.209352841,7.613,113.275,124.558,-1.945,8.302,-155.981,13,328.577,6.954,-1355,,2,7.312,38.403,3,206.055
2026-02-22T21:07:36.000Z,1771794456.000,32.642759681,-117.209315059,7.585,110.67,124.569,-2.15,8.47,-156.018,13,328.551,6.93,-1356,,2,7.18,37.234,3,205.835
2026-02-22T21:07:37.000Z,1771794457.000,32.642745755,-117.209276186,7.777,111.824,124.394,-1.021,8.041,-155.863,13,328.531,7.097,-1357,,2,7.41,36.006,3,205.588
2026-02-22T21:07:38.000Z,1771794458.000,32.64273145,-117.2092378,7.913,114.35,127.86,0.062,8.772,-159.489,13,328.37,7.411,-1358,,2,7.636,35.134,3,205.421
2026-02-22T21:07:39.000Z,1771794459.000,32.642717234,-117.209199782,7.544,115.219,128.742,-0.087,8.953,-160.215,13,328.527,7.098,-1359,,2,7.308,34.068,3,205.175
2026-02-22T21:07:40.000Z,1771794460.000,32.64270258,-117.209161901,7.446,112.623,126.603,5.357,8.143,-157.953,13,328.651,6.901,-1360,,2,7.121,32.803,3,204.938
2026-02-22T21:07:41.000Z,1771794461.000,32.642689403,-117.209123588,7.576,109.221,124.202,5.063,7.081,-155.499,13,328.704,6.893,-1361,,2,7.098,31.367,3,204.838
2026-02-22T21:07:42.000Z,1771794462.000,32.642677122,-117.209086415,7.313,112.906,123.168,2.01,8.162,-154.478,13,328.691,6.599,-1362,,2,6.999,30.036,3,205.089
2026-02-22T21:07:43.000Z,1771794463.000,32.642665173,-117.209050658,6.9,113.677,122.623,0.197,9.79,-154.091,13,328.531,6.206,-1363,,2,6.629,28.803,3,205.451
2026-02-22T21:07:44.000Z,1771794464.000,32.642653241,-117.209014125,7.089,112.398,121.441,1.842,8.185,-153.077,13,328.364,6.32,-1364,,2,6.763,27.47,3,205.71
2026-02-22T21:07:45.000Z,1771794465.000,32.642642092,-117.208977923,7.176,108.288,119.037,6.22,6.862,-150.715,13,328.321,6.258,-1365,,2,6.672,25.995,3,206.165
2026-02-22T21:07:46.000Z,1771794466.000,32.642631897,-117.20894,7.473,108.746,118.12,0.955,8.772,-149.778,13,328.342,6.457,-1366,,2,6.967,24.453,3,206.642
2026-02-22T21:07:47.000Z,1771794467.000,32.642620329,-117.208899954,7.97,111.817,120.85,2.25,6.917,-152.435,13,328.415,7.065,-1367,,2,7.572,23.186,3,207.078
2026-02-22T21:07:48.000Z,1771794468.000,32.642608251,-117.208857478,8.177,108.358,120.984,-1.609,9.125,-152.536,13,328.448,7.255,-1368,,2,7.597,21.607,3,207.378
2026-02-22T21:07:49.000Z,1771794469.000,32.642595394,-117.208816342,7.9,109.987,124.01,4.246,8.8,-155.578,13,328.431,7.193,-1369,,2,7.418,20.407,3,207.627
2026-02-22T21:07:50.000Z,1771794470.000,32.642582123,-117.208776438,7.946,110.168,125.097,3.509,8.682,-156.594,13,328.504,7.292,-1370,,2,7.467,19.163,3,207.519
2026-02-22T21:07:51.000Z,1771794471.000,32.642569865,-117.20873632,7.523,108.589,124.613,-1.364,8.297,-156.047,13,328.566,6.874,-1371,,2,6.993,17.693,3,207.088
2026-02-22T21:07:52.000Z,1771794472.000,32.642558501,-117.208698092,7.2,108.388,122.883,2.991,8.747,-154.227,13,328.656,6.483,-1372,,2,6.681,16.164,3,206.675
2026-02-22T21:07:53.000Z,1771794473.000,32.642547997,-117.208661479,7.187,107.799,119.908,4.823,8.127,-151.139,13,328.769,6.293,-1373,,2,6.638,14.563,3,206.486
2026-02-22T21:07:54.000Z,1771794474.000,32.642536979,-117.208624989,7.055,112.561,118.691,2.386,7.41,-149.845,13,328.846,6.1,-1374,,2,6.716,13.155,3,206.355
2026-02-22T21:07:55.000Z,1771794475.000,32.642524468,-117.20858578,7.853,111.779,118.701,1.718,8.509,-149.795,13,328.907,6.787,-1375,,2,7.441,11.802,3,206.285
2026-02-22T21:07:56.000Z,1771794476.000,32.642511717,-117.208545278,7.987,111.963,120.229,-1.059,8.093,-151.216,13,329.013,7.001,-1376,,2,7.573,10.511,3,206.436
2026-02-22T21:07:57.000Z,1771794477.000,32.642498142,-117.208504486,8.255,112.455,121.152,3.791,7.274,-152.03,13,329.122,7.291,-1377,,2,7.847,9.223,3,206.483
2026-02-22T21:07:58.000Z,1771794478.000,32.642485476,-117.208461262,8.189,106.534,119.85,3.324,8.693,-150.695,13,329.155,7.14,-1378,,2,7.476,7.533,3,206.449
2026-02-22T21:07:59.000Z,1771794479.000,32.642473841,-117.208417272,8.412,108.539,120.044,3.993,8.191,-150.861,13,329.183,7.347,-1379,,2,7.792,5.828,3,205.939
2026-02-22T21:08:00.000Z,1771794480.000,32.642461716,-117.208373429,8.427,108.739,120.861,3.244,8.322,-151.617,13,329.243,7.412,-1380,,2,7.813,4.223,3,205.445
2026-02-22T21:08:01.000Z,1771794481.000,32.642450255,-117.208330197,8.231,106.839,122.265,1.959,8.597,-152.913,13,329.352,7.327,-1381,,2,7.521,2.647,3,204.744
2026-02-22T21:08:02.000Z,1771794482.000,32.642438473,-117.208288022,7.8,109.676,123.368,1.245,9.13,-153.855,13,329.513,7.002,-1382,,2,7.272,1.139,3,204.157
2026-02-22T21:08:03.000Z,1771794483.000,32.642425694,-117.208249556,7.675,111.513,124.877,2.351,7.918,-155.15,13,329.727,6.965,-1383,,2,7.239,-0.025,3,204.139
2026-02-22T21:08:04.000Z,1771794484.000,32.642413464,-117.208212506,7.231,109.939,125.199,0.093,7.741,-155.33,13,329.869,6.57,-1384,,2,6.749,-1.243,3,204.507
2026-02-22T21:08:05.000Z,1771794485.000,32.64240011,-117.208175207,7.378,111.888,125.561,0.338,9.226,-155.712,13,329.849,6.724,-1385,,2,6.97,-2.38,3,205.056
2026-02-22T21:08:06.000Z,1771794486.000,32.642387779,-117.2081378,7.476,111.627,122.687,-0.001,7.772,-152.875,13,329.812,6.653,-1386,,2,7.049,-3.869,3,205.776
2026-02-22T21:08:07.000Z,1771794487.000,32.64237502,-117.208099019,7.787,110.902,121.987,2.245,8.909,-152.141,13,329.847,6.884,-1387,,2,7.306,-5.232,3,206.518
2026-02-22T21:08:08.000Z,1771794488.000,32.642361912,-117.208057955,8.115,109.34,122.804,-0.332,8.045,-152.782,13,330.022,7.216,-1388,,2,7.532,-6.583,3,206.723
2026-02-22T21:08:09.000Z,1771794489.000,32.642347159,-117.208014319,8.435,110.558,122.822,1.694,8.465,-152.565,13,330.257,7.486,-1389,,2,7.89,-8.019,3,206.47
2026-02-22T21:08:10.000Z,1771794490.000,32.642332965,-117.207970693,8.512,111.237,123.27,2.934,8.741,-153.01,13,330.261,7.585,-1390,,2,7.995,-9.465,3,206.269
2026-02-22T21:08:11.000Z,1771794491.000,32.642318408,-117.207927421,8.77,109.94,124.502,6.072,4.939,-154.325,13,330.177,7.901,-1391,,2,8.163,-10.797,3,205.768
2026-02-22T21:08:12.000Z,1771794492.000,32.642304418,-117.207882812,8.736,107.829,123.226,-2.347,5.375,-153.044,13,330.183,7.787,-1392,,2,8.004,-12.46,3,205.317
2026-02-22T21:08:13.000Z,1771794493.000,32.642288663,-117.207840443,8.6,112.721,123.264,4.888,8.352,-153.096,13,330.168,7.669,-1393,,2,8.142,-13.732,3,204.96
2026-02-22T21:08:14.000Z,1771794494.000,32.642274914,-117.207797977,8.227,107.422,123.676,3.668,7.774,-153.523,13,330.153,7.364,-1394,,2,7.507,-15.148,3,205.054
2026-02-22T21:08:15.000Z,1771794495.000,32.642263553,-117.207757362,7.63,109.541,122.26,4.11,7.616,-152.04,13,330.219,6.74,-1395,,2,7.07,-16.798,3,205.439
2026-02-22T21:08:16.000Z,1771794496.000,32.642252626,-117.207718144,7.3,108.583,122.053,0.838,8.21,-151.72,13,330.333,6.429,-1396,,2,6.713,-18.302,3,205.946
2026-02-22T21:08:17.000Z,1771794497.000,32.642241178,-117.207679272,7.65,110.699,122.577,-0.634,8.45,-152.134,13,330.443,6.763,-1397,,2,7.138,-19.682,3,206.551
2026-02-22T21:08:18.000Z,1771794498.000,32.642229162,-117.207639544,8.039,108.978,121.579,-6.48,9.427,-150.843,13,330.736,7.02,-1398,,2,7.407,-21.189,3,206.895
2026-02-22T21:08:19.000Z,1771794499.000,32.642215465,-117.20759867,7.733,108.453,121.747,0.04,9.663,-151.012,13,330.735,6.764,-1399,,2,7.094,-22.531,3,206.72
2026-02-22T21:08:20.000Z,1771794500.000,32.642202192,-117.207559146,7.624,113.414,126.124,1.27,8.674,-155.447,13,330.677,6.934,-1400,,2,7.229,-23.488,3,206.454
2026-02-22T21:08:21.000Z,1771794501.000,32.642187679,-117.207521373,7.54,113.051,127.593,-0.153,7.581,-157.017,13,330.577,6.94,-1401,,2,7.131,-24.466,3,206.46
2026-02-22T21:08:22.000Z,1771794502.000,32.64217266,-117.207484293,7.725,115.874,127.582,-0.045,6.46,-157.105,13,330.477,7.116,-1402,,2,7.419,-25.479,3,206.315
2026-02-22T21:08:23.000Z,1771794503.000,32.642158089,-117.207445375,7.777,111.746,124.459,0.312,7.066,-154.177,13,330.282,7,-1403,,2,7.291,-26.894,3,206.164
2026-02-22T21:08:24.000Z,1771794504.000,32.642144316,-117.207406412,7.788,111.241,124.263,3.798,6.595,-153.996,13,330.267,6.999,-1404,,2,7.274,-28.142,3,206.174
2026-02-22T21:08:25.000Z,1771794505.000,32.642131287,-117.207368209,7.869,111.454,124.846,-0.235,7.169,-154.369,13,330.477,7.095,-1405,,2,7.358,-29.344,3,206.717
2026-02-22T21:08:26.000Z,1771794506.000,32.642117643,-117.20732824,7.711,110.446,125.337,-2.986,9.333,-154.715,13,330.622,6.973,-1406,,2,7.158,-30.609,3,207.181
2026-02-22T21:08:27.000Z,1771794507.000,32.642104542,-117.207288394,7.888,109.687,123.661,1.793,8.986,-152.965,13,330.696,7.025,-1407,,2,7.279,-32.087,3,207.745
2026-02-22T21:08:28.000Z,1771794508.000,32.642092029,-117.207248721,7.653,111.653,121.398,6.654,6.473,-150.782,13,330.616,6.68,-1408,,2,7.156,-33.65,3,208.311
2026-02-22T21:08:29.000Z,1771794509.000,32.642081129,-117.207208759,7.955,108.314,120.085,1.09,7.692,-149.604,13,330.481,6.861,-1409,,2,7.256,-35.29,3,208.424
2026-02-22T21:08:30.000Z,1771794510.000,32.642067802,-117.207167631,8.155,109.468,120.719,0.304,7.669,-150.317,13,330.401,7.084,-1410,,2,7.501,-36.642,3,207.786
2026-02-22T21:08:31.000Z,1771794511.000,32.642055977,-117.207123968,8.675,108.699,120.78,1.114,6.917,-150.442,13,330.338,7.546,-1411,,2,7.928,-38.322,3,206.765
2026-02-22T21:08:32.000Z,1771794512.000,32.642043552,-117.20708051,8.5,107.34,122.501,1.66,8.14,-152.217,13,330.284,7.519,-1412,,2,7.68,-39.805,3,205.634
2026-02-22T21:08:33.000Z,1771794513.000,32.642030955,-117.207038434,8.354,109.661,122.437,1.176,9.145,-152.219,13,330.218,7.39,-1413,,2,7.682,-41.333,3,204.784
2026-02-22T21:08:34.000Z,1771794514.000,32.642017903,-117.206997062,7.824,111.916,124.971,0.852,8.942,-155.005,13,329.966,7.091,-1414,,2,7.307,-42.569,3,204.409
2026-02-22T21:08:35.000Z,1771794515.000,32.642004488,-117.206958506,7.574,112.287,125.749,-3.127,9.251,-155.967,13,329.782,6.917,-1415,,2,7.088,-43.744,3,204.953
2026-02-22T21:08:36.000Z,1771794516.000,32.641990172,-117.206922418,7.23,114.73,125.777,3.466,8.953,-156.1,13,329.678,6.61,-1416,,2,6.867,-44.752,3,205.511
2026-02-22T21:08:37.000Z,1771794517.000,32.641976978,-117.20688534,7.189,113.572,125.444,2.893,7.283,-155.78,13,329.664,6.556,-1417,,2,6.778,-45.945,3,205.903
2026-02-22T21:08:38.000Z,1771794518.000,32.641963844,-117.20684839,7.748,111.669,118.71,-6.437,1.473,-149.041,13,329.669,6.641,-1418,,2,7.211,-47.646,3,206.03
2026-02-22T21:08:39.000Z,1771794519.000,32.641949891,-117.206809415,7.986,112.878,116.186,-5.332,6.092,-146.506,13,329.68,6.66,-1419,,2,7.49,-49.064,3,205.842
2026-02-22T21:08:40.000Z,1771794520.000,32.641935326,-117.206768556,8.269,112.593,116.223,-2.249,6.43,-146.504,13,329.719,6.896,-1420,,2,7.737,-50.343,3,205.189
2026-02-22T21:08:41.000Z,1771794521.000,32.641920769,-117.206726347,8.363,112.712,118.006,-0.006,5.746,-148.175,13,329.831,7.106,-1421,,2,7.828,-51.568,3,204.423
2026-02-22T21:08:42.000Z,1771794522.000,32.641907324,-117.206685253,7.652,110.555,132.558,-1.252,8.705,-162.587,13,329.971,7.275,-1422,,2,7.055,-51.788,3,204.017
2026-02-22T21:08:43.000Z,1771794523.000,32.641895085,-117.206645229,7.854,109.695,117.198,-0.152,2.171,-147.153,13,330.045,6.591,-1423,,2,7.188,-54.448,3,203.992
2026-02-22T21:08:44.000Z,1771794524.000,32.641882976,-117.206604267,7.534,109.523,106.733,1.49,2.213,-136.683,13,330.05,5.482,-1424,,2,6.88,-56.746,3,203.921
2026-02-22T21:08:45.000Z,1771794525.000,32.641872604,-117.206565946,7.225,110.635,106.842,-2.94,0.738,-136.818,13,330.024,5.267,-1425,,2,6.649,-58.216,3,203.834
2026-02-22T21:08:46.000Z,1771794526.000,32.641860529,-117.206528787,7.3,111.727,106.451,-1.491,1.286,-136.487,13,329.964,5.294,-1426,,2,6.768,-59.51,3,203.675
2026-02-22T21:08:47.000Z,1771794527.000,32.64184769,-117.206490871,7.839,109.103,107.405,-2.622,0.674,-137.528,13,329.877,5.782,-1427,,2,7.122,-60.686,3,203.379
2026-02-22T21:08:48.000Z,1771794528.000,32.64183478,-117.206449533,8,110.84,106.536,-2.527,0.671,-136.473,13,330.063,5.8,-1428,,2,7.362,-62.201,3,203.045
2026-02-22T21:08:49.000Z,1771794529.000,32.641821628,-117.206408118,8.187,111.309,106.66,-1.122,-0.446,-136.423,13,330.237,5.931,-1429,,2,7.556,-63.627,3,203.264
2026-02-22T21:08:50.000Z,1771794530.000,32.641809012,-117.206365931,8.316,109.684,106.763,-1.153,0.149,-136.306,13,330.458,6.012,-1430,,2,7.576,-65.146,3,203.462
2026-02-22T21:08:51.000Z,1771794531.000,32.641795621,-117.206322084,8.222,108.788,106.417,-0.446,0.301,-135.689,13,330.728,5.884,-1431,,2,7.432,-66.736,3,203.428
2026-02-22T21:08:52.000Z,1771794532.000,32.641783001,-117.206280239,8.2,108.562,106.462,0.813,0.014,-135.553,13,330.909,5.854,-1432,,2,7.393,-68.239,3,203.168
2026-02-22T21:08:53.000Z,1771794533.000,32.641770555,-117.206239742,7.827,110.501,109.012,-5.762,0.316,-137.747,13,331.265,5.793,-1433,,2,7.163,-69.487,3,202.702
2026-02-22T21:08:54.000Z,1771794534.000,32.64175643,-117.206201885,7.515,116.141,110.428,-3.668,0.184,-138.758,13,331.669,5.651,-1434,,2,7.14,-70.515,3,202.07
2026-02-22T21:08:55.000Z,1771794535.000,32.641742591,-117.206163654,7.512,111.028,110.284,-3.333,-0.098,-138.178,13,332.106,5.598,-1435,,2,6.896,-71.708,3,201.598
2026-02-22T21:08:56.000Z,1771794536.000,32.641729469,-117.206127173,7.287,112.663,111.082,-2.005,0.378,-138.648,13,332.434,5.47,-1436,,2,6.766,-72.782,3,201.607
2026-02-22T21:08:57.000Z,1771794537.000,32.64171606,-117.206091416,7.383,114.817,111.913,-1.992,0.578,-139.33,13,332.583,5.6,-1437,,2,6.951,-73.785,3,201.982
2026-02-22T21:08:58.000Z,1771794538.000,32.641702625,-117.206053548,7.464,114.498,113.405,-2.844,-0.947,-140.808,13,332.597,5.785,-1438,,2,7.01,-74.863,3,202.292
2026-02-22T21:08:59.000Z,1771794539.000,32.641689482,-117.206016774,7.561,112.619,113.556,-3.517,-0.147,-141.073,13,332.484,5.882,-1439,,2,7.008,-76.003,3,202.523
2026-02-22T21:09:00.000Z,1771794540.000,32.641675766,-117.20598067,7.2,116.345,113.703,-2.457,0.62,-141.28,13,332.423,5.617,-1440,,2,6.833,-77.053,3,202.556
2026-02-22T21:09:01.000Z,1771794541.000,32.641662713,-117.205946182,6.916,114.475,111.315,-2.691,1.228,-138.884,13,332.431,5.21,-1441,,2,6.486,-78.255,3,202.456
2026-02-22T21:09:02.000Z,1771794542.000,32.641650593,-117.205910399,7,111.179,109.182,-1.39,0.693,-136.676,13,332.506,5.092,-1442,,2,6.41,-79.594,3,202.393
2026-02-22T21:09:03.000Z,1771794543.000,32.641637934,-117.205876364,6.9,114.654,110.133,-3.405,0.449,-137.425,13,332.708,5.081,-1443,,2,6.473,-80.546,3,202.637
2026-02-22T21:09:04.000Z,1771794544.000,32.641624819,-117.205842717,6.9,116.553,112.061,-8.838,0.476,-138.991,13,333.07,5.207,-1444,,2,6.546,-81.36,3,203.139
2026-02-22T21:09:05.000Z,1771794545.000,32.641609505,-117.205808977,6.812,120.455,113.198,-4.935,-0.321,-139.856,13,333.341,5.207,-1445,,2,6.593,-82.055,3,203.718
2026-02-22T21:09:06.000Z,1771794546.000,32.641594389,-117.205775168,6.953,117.819,112.832,-5.121,0.06,-139.281,13,333.551,5.27,-1446,,2,6.64,-82.887,3,204.529
2026-02-22T21:09:07.000Z,1771794547.000,32.641579249,-117.205739253,7.559,116.555,110.962,-4.294,0.139,-137.375,13,333.587,5.561,-1447,,2,7.164,-83.961,3,205.271
2026-02-22T21:09:08.000Z,1771794548.000,32.641563816,-117.20570121,7.716,115.397,110.683,-0.345,-0.005,-137.185,13,333.498,5.66,-1448,,2,7.259,-85.019,3,205.341
2026-02-22T21:09:09.000Z,1771794549.000,32.641548631,-117.205659517,8.212,114.717,113.149,-4.584,-0.98,-139.724,13,333.424,6.263,-1449,,2,7.689,-86.111,3,204.777
2026-02-22T21:09:10.000Z,1771794550.000,32.641532231,-117.20561944,8.375,117.348,113.544,-3.34,-0.005,-140.171,13,333.373,6.432,-1450,,2,7.965,-87.16,3,203.777
2026-02-22T21:09:11.000Z,1771794551.000,32.641517213,-117.205579961,7.931,112.917,111.934,-1.867,0.212,-138.665,13,333.269,5.955,-1451,,2,7.327,-88.444,3,202.916
2026-02-22T21:09:12.000Z,1771794552.000,32.641504096,-117.205540535,7.522,112.259,111.835,-1.433,0.781,-138.455,13,333.379,5.63,-1452,,2,6.911,-89.768,3,202.049
2026-02-22T21:09:13.000Z,1771794553.000,32.641491518,-117.205504732,7.175,112.601,114.012,-2.434,0.072,-140.548,13,333.464,5.541,-1453,,2,6.606,-90.739,3,201.681
2026-02-22T21:09:14.000Z,1771794554.000,32.641478671,-117.205470505,6.9,115.112,113.34,-4.665,0.267,-139.856,13,333.484,5.274,-1454,,2,6.462,-91.811,3,201.936
2026-02-22T21:09:15.000Z,1771794555.000,32.641465209,-117.205437241,6.8,117.592,111.557,-2.234,-0.084,-138.15,13,333.407,5.065,-1455,,2,6.463,-92.857,3,202.733
2026-02-22T21:09:16.000Z,1771794556.000,32.641451932,-117.205402235,7.064,111.863,105.963,2.181,1.068,-132.657,13,333.306,4.785,-1456,,2,6.456,-94.308,3,203.693
2026-02-22T21:09:17.000Z,1771794557.000,32.641440802,-117.205364439,7.4,109.249,104.633,0.62,0.062,-131.417,13,333.216,4.895,-1457,,2,6.614,-95.789,3,204.418
2026-02-22T21:09:18.000Z,1771794558.000,32.641429241,-117.205326324,7.738,110.615,105.312,-4.615,0.505,-132.07,13,333.242,5.186,-1458,,2,6.992,-97.105,3,204.768
2026-02-22T21:09:19.000Z,1771794559.000,32.641415289,-117.205286289,7.9,112.478,108.406,-5.549,0.652,-134.824,13,333.582,5.569,-1459,,2,7.241,-98.159,3,204.36
2026-02-22T21:09:20.000Z,1771794560.000,32.64139999,-117.2052475,7.988,118.446,111.243,-4.055,0.489,-137.646,13,333.598,5.903,-1460,,2,7.611,-99.038,3,203.638
2026-02-22T21:09:21.000Z,1771794561.000,32.641384579,-117.205209139,7.84,113.974,113.971,-2.487,0.359,-140.363,13,333.608,6.037,-1461,,2,7.258,-99.886,3,202.922
2026-02-22T21:09:22.000Z,1771794562.000,32.641369763,-117.205170984,7.63,114.104,114.598,-4.874,0.832,-140.942,13,333.656,5.925,-1462,,2,7.067,-100.933,3,202.157
2026-02-22T21:09:23.000Z,1771794563.000,32.641354576,-117.205132778,7.359,115.711,115.609,-1.458,-0.078,-141.869,13,333.739,5.789,-1463,,2,6.888,-101.921,3,201.398
2026-02-22T21:09:24.000Z,1771794564.000,32.641340404,-117.205096246,7.425,115.86,115.233,-7.424,-0.038,-141.38,13,333.853,5.801,-1464,,2,6.953,-103,3,201.11
2026-02-22T21:09:25.000Z,1771794565.000,32.641324553,-117.205061697,7.2,121.347,116.837,-2.851,0.989,-143.024,13,333.814,5.752,-1465,,2,6.951,-103.662,3,201.16
2026-02-22T21:09:26.000Z,1771794566.000,32.641307628,-117.205026558,7.223,117.675,116.942,-2.909,-0.249,-143.16,13,333.782,5.78,-1466,,2,6.836,-104.387,3,201.187
2026-02-22T21:09:27.000Z,1771794567.000,32.641290865,-117.204992506,7.349,119.747,117.242,-5.294,-0.085,-143.412,13,333.83,5.901,-1467,,2,7.035,-105.043,3,201.244
2026-02-22T21:09:28.000Z,1771794568.000,32.641273563,-117.20495844,7.52,120.534,120.07,-8.824,0.377,-146.206,13,333.864,6.25,-1468,,2,7.226,-105.454,3,201.099
2026-02-22T21:09:29.000Z,1771794569.000,32.641255671,-117.20492391,7.654,120.477,121.391,-4.1,0.401,-147.521,13,333.87,6.456,-1469,,2,7.351,-105.963,3,200.857
2026-02-22T21:09:30.000Z,1771794570.000,32.641237812,-117.204887494,7.588,119.742,118.945,-2.449,0.315,-145.184,13,333.762,6.23,-1470,,2,7.258,-106.891,3,200.399
2026-02-22T21:09:31.000Z,1771794571.000,32.641221233,-117.204851916,7.675,119.764,115.483,0.714,-0.253,-141.841,13,333.642,6.035,-1471,,2,7.338,-107.953,3,199.805
2026-02-22T21:09:32.000Z,1771794572.000,32.641205943,-117.204816203,7.485,114.452,114.389,-3.246,0.176,-140.708,13,333.682,5.793,-1472,,2,6.919,-108.944,3,199.32
2026-02-22T21:09:33.000Z,1771794573.000,32.641190405,-117.204778513,7.411,118.982,114.865,-6.972,0.797,-141.156,13,333.709,5.772,-1473,,2,7.05,-109.913,3,198.955
2026-02-22T21:09:34.000Z,1771794574.000,32.641175211,-117.204743062,7.136,117.581,113.703,-1.721,1.082,-139.964,13,333.738,5.464,-1474,,2,6.73,-110.901,3,198.998
2026-02-22T21:09:35.000Z,1771794575.000,32.641161269,-117.20470906,6.727,116.073,111.776,-0.373,0.721,-138.035,13,333.741,5.002,-1475,,2,6.279,-111.964,3,199.301
2026-02-22T21:09:36.000Z,1771794576.000,32.641149149,-117.204675716,6.885,114.629,111.599,-5.316,1.482,-137.701,13,333.897,5.092,-1476,,2,6.359,-113.004,3,199.926
2026-02-22T21:09:37.000Z,1771794577.000,32.641135971,-117.204641186,6.8,114.488,112.073,-5.055,0.403,-137.794,13,334.279,5.037,-1477,,2,6.27,-113.979,3,200.4
2026-02-22T21:09:38.000Z,1771794578.000,32.641123328,-117.20460623,6.925,113.854,111.825,-5.639,0.664,-137.41,13,334.415,5.099,-1478,,2,6.352,-115.079,3,200.829
2026-02-22T21:09:39.000Z,1771794579.000,32.641111082,-117.204571376,7.069,112.122,111.303,-5.138,0.644,-136.823,13,334.48,5.155,-1479,,2,6.391,-116.228,3,201.274
2026-02-22T21:09:40.000Z,1771794580.000,32.641098757,-117.204535048,6.922,109.745,111.385,-1.486,0.606,-136.87,13,334.515,5.052,-1480,,2,6.125,-117.414,3,201.23
2026-02-22T21:09:41.000Z,1771794581.000,32.641087104,-117.204501128,6.536,111.439,112.206,-3.358,0.348,-137.611,13,334.595,4.827,-1481,,2,5.868,-118.453,3,201.409
2026-02-22T21:09:42.000Z,1771794582.000,32.64107578,-117.204468369,6.253,113.283,112.458,-7.012,0.442,-137.848,13,334.61,4.635,-1482,,2,5.695,-119.491,3,201.574
2026-02-22T21:09:43.000Z,1771794583.000,32.641062768,-117.204436512,6.431,117.874,112.516,-3.466,0.182,-137.793,13,334.723,4.763,-1483,,2,6.048,-120.347,3,201.602
2026-02-22T21:09:44.000Z,1771794584.000,32.64104889,-117.204403469,6.865,115.2,110.027,-2.282,0.233,-135.103,13,334.924,4.862,-1484,,2,6.337,-121.398,3,201.626
2026-02-22T21:09:45.000Z,1771794585.000,32.641035114,-117.204369149,7.088,118.204,110.155,-2.588,-0.122,-135.09,13,335.065,5.02,-1485,,2,6.673,-122.336,3,201.615
2026-02-22T21:09:46.000Z,1771794586.000,32.641020427,-117.204333618,7.539,115.463,112.065,-4.707,-0.218,-136.885,13,335.18,5.504,-1486,,2,6.965,-123.135,3,201.808
2026-02-22T21:09:47.000Z,1771794587.000,32.641004976,-117.20429574,7.678,118.779,113.779,-3.899,1.031,-138.484,13,335.295,5.749,-1487,,2,7.248,-124.028,3,201.69
2026-02-22T21:09:48.000Z,1771794588.000,32.640989465,-117.204259928,7.074,118.53,115.282,-3.395,1.328,-139.894,13,335.389,5.411,-1488,,2,6.665,-124.804,3,201.577
2026-02-22T21:09:49.000Z,1771794589.000,32.640975786,-117.204225235,6.94,113.813,116.176,-1.328,0.676,-140.766,13,335.409,5.375,-1489,,2,6.321,-125.713,3,201.458
2026-02-22T21:09:50.000Z,1771794590.000,32.640963648,-117.204192593,6.5,115.654,115.372,-4.003,0.118,-139.811,13,335.561,4.965,-1490,,2,6,-126.758,3,201.621
2026-02-22T21:09:51.000Z,1771794591.000,32.640951276,-117.204161075,6.034,114.009,114.865,-4.261,0.202,-139.045,13,335.819,4.558,-1491,,2,5.498,-127.691,3,201.836
2026-02-22T21:09:52.000Z,1771794592.000,32.640938804,-117.204130863,6.373,115.175,111.629,-4.298,1.147,-135.733,13,335.896,4.563,-1492,,2,5.855,-128.746,3,202.324
2026-02-22T21:09:53.000Z,1771794593.000,32.640925519,-117.204099069,6.737,117.659,110.472,-3.675,0.297,-134.506,13,335.965,4.722,-1493,,2,6.296,-129.669,3,202.591
2026-02-22T21:09:54.000Z,1771794594.000,32.640910227,-117.204063626,7.356,116.372,110.064,-1.976,0.308,-134.036,13,336.027,5.114,-1494,,2,6.81,-130.589,3,202.635
2026-02-22T21:09:55.000Z,1771794595.000,32.640895077,-117.204026667,7.6,117.762,111.784,-3.637,-0.152,-135.76,13,336.024,5.445,-1495,,2,7.1,-131.451,3,202.359
2026-02-22T21:09:56.000Z,1771794596.000,32.640879017,-117.203989076,7.8,117.755,114.166,-1.694,0.124,-138.277,13,335.889,5.821,-1496,,2,7.282,-132.224,3,201.807
2026-02-22T21:09:57.000Z,1771794597.000,32.640863573,-117.20395207,7.431,117.593,115.815,-3.052,0.241,-140.162,13,335.653,5.705,-1497,,2,6.926,-133.067,3,201.435
2026-02-22T21:09:58.000Z,1771794598.000,32.640849567,-117.203915027,6.934,112.228,116.27,-4.256,1.003,-141.018,13,335.252,5.39,-1498,,2,6.196,-134.127,3,201.054
2026-02-22T21:09:59.000Z,1771794599.000,32.640836516,-117.20388236,6.278,116.224,117.066,-0.038,0.82,-141.951,13,335.115,4.943,-1499,,2,5.789,-134.971,3,200.938
2026-02-22T21:10:00.000Z,1771794600.000,32.640825538,-117.203853279,5.846,113.246,116.732,-2.797,0.036,-141.634,13,335.098,4.583,-1500,,2,5.262,-135.859,3,201.072
2026-02-22T21:10:01.000Z,1771794601.000,32.640813964,-117.203826671,5.456,118.895,112.59,-5.916,0.651,-137.452,13,335.138,4.018,-1501,,2,5.119,-136.841,3,201.452
2026-02-22T21:10:02.000Z,1771794602.000,32.640801403,-117.203799453,5.951,116.446,110.666,-5.764,0.545,-135.656,13,335.01,4.254,-1502,,2,5.487,-137.602,3,201.67
2026-02-22T21:10:03.000Z,1771794603.000,32.640786571,-117.20376829,6.874,119.381,113.435,-7.118,0.621,-138.75,13,334.685,5.168,-1503,,2,6.463,-138.055,3,201.508
2026-02-22T21:10:04.000Z,1771794604.000,32.640770326,-117.203734667,7.216,121.539,116.144,-2.958,0.271,-141.831,13,334.313,5.672,-1504,,2,6.87,-138.541,3,201.615
2026-02-22T21:10:05.000Z,1771794605.000,32.640753807,-117.203699862,7.2,117.744,115.28,-0.288,0.639,-141.161,13,334.119,5.608,-1505,,2,6.691,-139.355,3,201.907
2026-02-22T21:10:06.000Z,1771794606.000,32.640739737,-117.203666775,6.788,114.35,114.07,-1.109,0.13,-140.043,13,334.027,5.203,-1506,,2,6.144,-140.297,3,202.673
2026-02-22T21:10:07.000Z,1771794607.000,32.640726112,-117.203635146,6.67,114.894,113.737,-2.355,0.046,-139.585,13,334.152,5.078,-1507,,2,6.06,-141.118,3,203.624
2026-02-22T21:10:08.000Z,1771794608.000,32.640713499,-117.203602659,6.57,113.444,113.149,-7.289,0.398,-138.802,13,334.347,4.943,-1508,,2,5.893,-142.096,3,204.793
2026-02-22T21:10:09.000Z,1771794609.000,32.64069975,-117.203570107,6.412,118.357,115.157,-4.926,0.553,-140.621,13,334.536,4.956,-1509,,2,5.971,-142.782,3,205.674
2026-02-22T21:10:10.000Z,1771794610.000,32.640685412,-117.203538297,6.587,119.444,114.677,-2.711,0.08,-139.983,13,334.694,5.044,-1510,,2,6.175,-143.565,3,206.437
2026-02-22T21:10:11.000Z,1771794611.000,32.640671415,-117.203505623,6.852,117.402,113.452,-3.175,0.324,-138.641,13,334.811,5.143,-1511,,2,6.33,-144.488,3,207.105
2026-02-22T21:10:12.000Z,1771794612.000,32.640656647,-117.203469373,7.189,114.421,113.14,-2.145,0.305,-138.255,13,334.885,5.364,-1512,,2,6.483,-145.495,3,207.214
2026-02-22T21:10:13.000Z,1771794613.000,32.640643127,-117.20343338,7.313,112.6,112.315,-0.436,0.67,-137.38,13,334.934,5.381,-1513,,2,6.485,-146.63,3,207.418
2026-02-22T21:10:14.000Z,1771794614.000,32.640630841,-117.203399008,6.577,113.854,114.404,-3.225,1.027,-139.472,13,334.931,4.997,-1514,,2,5.894,-147.545,3,207.527
2026-02-22T21:10:15.000Z,1771794615.000,32.640618993,-117.20336686,6.3,112.342,116.2,-5.072,0.623,-141.321,13,334.879,4.918,-1515,,2,5.565,-148.381,3,207.83
2026-02-22T21:10:16.000Z,1771794616.000,32.640606191,-117.203337667,5.9,118.024,115.821,-4.47,-0.215,-141.036,13,334.786,4.587,-1516,,2,5.457,-149.125,3,208.049
2026-02-22T21:10:17.000Z,1771794617.000,32.640593005,-117.20331009,5.886,119.178,113.901,-5.262,-0.046,-139.083,13,334.818,4.448,-1517,,2,5.485,-149.859,3,208.258
2026-02-22T21:10:18.000Z,1771794618.000,32.640578711,-117.203280607,6.438,118.409,113.806,-5.234,-0.216,-138.654,13,335.152,4.833,-1518,,2,5.965,-150.473,3,208.247
2026-02-22T21:10:19.000Z,1771794619.000,32.640563002,-117.203246816,7.255,118.823,113.431,-4.076,0.236,-138.17,13,335.261,5.406,-1519,,2,6.737,-151.255,3,208.041
2026-02-22T21:10:20.000Z,1771794620.000,32.640546554,-117.203211874,7.487,118.614,115.705,-3.603,0.526,-140.399,13,335.306,5.769,-1520,,2,6.939,-151.839,3,207.764
2026-02-22T21:10:21.000Z,1771794621.000,32.640529635,-117.203176797,7.313,121.11,120.286,-5.688,0.538,-144.977,13,335.309,5.988,-1521,,2,6.888,-152.207,3,207.669
2026-02-22T21:10:22.000Z,1771794622.000,32.640511844,-117.203144985,6.715,124.294,122.145,-4.399,0.899,-146.815,13,335.33,5.62,-1522,,2,6.438,-152.515,3,208.142
2026-02-22T21:10:23.000Z,1771794623.000,32.640495298,-117.203113831,6.412,121.998,119.97,-3.296,1.004,-144.464,13,335.505,5.218,-1523,,2,6.067,-153.209,3,208.822
2026-02-22T21:10:24.000Z,1771794624.000,32.640480728,-117.203082794,6.227,120.806,115.147,-1.553,0.795,-139.578,13,335.57,4.74,-1524,,2,5.844,-154.269,3,209.62
2026-02-22T21:10:25.000Z,1771794625.000,32.640466032,-117.203050791,6.74,119.838,112.7,-2.553,0.795,-137.021,13,335.678,4.93,-1525,,2,6.282,-155.187,3,210.229
2026-02-22T21:10:26.000Z,1771794626.000,32.640451211,-117.203015384,7.177,115.211,111.983,-3.091,1.043,-136.156,13,335.828,5.176,-1526,,2,6.452,-156.169,3,210.656
2026-02-22T21:10:27.000Z,1771794627.000,32.640436361,-117.20297937,7.475,117.988,114.413,-3.003,-0.136,-138.5,13,335.913,5.599,-1527,,2,6.866,-156.942,3,210.779
2026-02-22T21:10:28.000Z,1771794628.000,32.640420743,-117.202943316,7.4,118.085,115.11,-3.67,0.384,-139.143,13,335.967,5.597,-1528,,2,6.797,-157.787,3,210.582
2026-02-22T21:10:29.000Z,1771794629.000,32.640405842,-117.202907593,7.285,116.807,116.574,-3.213,1.204,-140.466,13,336.108,5.618,-1529,,2,6.62,-158.611,3,210.219
2026-02-22T21:10:30.000Z,1771794630.000,32.640391354,-117.202872035,6.911,112.863,114.659,-0.578,0.464,-138.585,13,336.074,5.183,-1530,,2,6.061,-159.725,3,209.826
2026-02-22T21:10:31.000Z,1771794631.000,32.640378831,-117.202838522,6.624,111.485,112.067,-0.041,1.124,-136.052,13,336.014,4.77,-1531,,2,5.724,-160.929,3,209.91
2026-02-22T21:10:32.000Z,1771794632.000,32.640367119,-117.202806411,6.415,112.434,112.913,-4.066,0.388,-137.011,13,335.902,4.692,-1532,,2,5.59,-161.849,3,210.136
2026-02-22T21:10:33.000Z,1771794633.000,32.640353517,-117.202774491,6.568,117.175,112.699,-3.681,0.728,-136.938,13,335.761,4.799,-1533,,2,5.966,-162.681,3,210.489
2026-02-22T21:10:34.000Z,1771794634.000,32.640339211,-117.202742568,6.851,120.539,114.827,-6.825,-0.037,-139.078,13,335.749,5.178,-1534,,2,6.377,-163.272,3,210.677
2026-02-22T21:10:35.000Z,1771794635.000,32.640321473,-117.202710844,7.146,124.52,119.004,-6.814,0.279,-143.174,13,335.83,5.721,-1535,,2,6.815,-163.398,3,210.495
2026-02-22T21:10:36.000Z,1771794636.000,32.640302128,-117.202678815,7.285,126.922,121.112,-2.993,0.13,-145.155,13,335.957,5.978,-1536,,2,7.03,-163.57,3,210.039
2026-02-22T21:10:37.000Z,1771794637.000,32.640282688,-117.202644535,7.389,123.566,121.245,-2.69,0.04,-145.071,13,336.174,6.058,-1537,,2,7.002,-164.028,3,209.432
2026-02-22T21:10:38.000Z,1771794638.000,32.640264818,-117.202611883,7.013,122.597,121.111,-1.738,0.845,-144.763,13,336.348,5.728,-1538,,2,6.604,-164.54,3,208.969
2026-02-22T21:10:39.000Z,1771794639.000,32.640248134,-117.202580337,6.715,121.052,119.288,-0.213,0.563,-142.85,13,336.438,5.352,-1539,,2,6.256,-165.219,3,208.794
2026-02-22T21:10:40.000Z,1771794640.000,32.640233524,-117.202548049,6.715,116.315,117.176,-4.133,0.871,-140.474,13,336.703,5.18,-1540,,2,6.028,-166.139,3,208.944
2026-02-22T21:10:41.000Z,1771794641.000,32.640217847,-117.202514855,6.712,120.104,118.513,-4.93,0.638,-141.386,13,337.126,5.244,-1541,,2,6.203,-166.752,3,208.742
2026-02-22T21:10:42.000Z,1771794642.000,32.640202304,-117.202482138,7.074,119.667,117.198,-3.985,0.388,-139.69,13,337.507,5.394,-1542,,2,6.512,-167.557,3,208.878
2026-02-22T21:10:43.000Z,1771794643.000,32.640187265,-117.20244849,6.915,118.269,116.157,-3.095,0.414,-138.089,13,338.068,5.146,-1543,,2,6.293,-168.439,3,209.278
2026-02-22T21:10:44.000Z,1771794644.000,32.640172489,-117.202413072,7.177,115.915,115.53,-1.672,0.632,-136.941,13,338.589,5.244,-1544,,2,6.397,-169.419,3,209.955
2026-02-22T21:10:45.000Z,1771794645.000,32.640158664,-117.202379412,6.888,117.31,115.404,-1.323,0.837,-136.685,13,338.719,5.011,-1545,,2,6.207,-170.332,3,210.917
2026-02-22T21:10:46.000Z,1771794646.000,32.640145571,-117.202345678,6.86,112.748,115.282,-3.386,0.672,-136.521,13,338.761,4.978,-1546,,2,5.919,-171.31,3,211.738
2026-02-22T21:10:47.000Z,1771794647.000,32.640131884,-117.202312888,6.7,118.454,116.717,-4.547,0.258,-137.976,13,338.741,4.977,-1547,,2,6.084,-172.059,3,212.508
2026-02-22T21:10:48.000Z,1771794648.000,32.640117025,-117.20228005,6.788,116.862,116.384,-5.732,0.793,-137.663,13,338.721,5.017,-1548,,2,6.076,-172.851,3,212.869
2026-02-22T21:10:49.000Z,1771794649.000,32.64010183,-117.202248847,6.688,121.427,118.61,-5.403,0.446,-139.815,13,338.795,5.109,-1549,,2,6.201,-173.312,3,212.966
2026-02-22T21:10:50.000Z,1771794650.000,32.640084701,-117.202218641,6.854,120.97,121.003,-7.364,0.621,-141.926,13,339.077,5.396,-1550,,2,6.332,-173.535,3,212.754
2026-02-22T21:10:51.000Z,1771794651.000,32.640065545,-117.202186452,7.089,123.798,121.825,-5.668,1.071,-142.588,13,339.236,5.631,-1551,,2,6.672,-173.834,3,212.264
2026-02-22T21:10:52.000Z,1771794652.000,32.640046505,-117.202153308,7.249,127.986,122.632,-4.162,0.467,-143.207,13,339.424,5.805,-1552,,2,6.98,-174.203,3,211.62
2026-02-22T21:10:53.000Z,1771794653.000,32.640026651,-117.20212064,7.2,127.859,122.35,-0.063,0.44,-142.729,13,339.621,5.73,-1553,,2,6.926,-174.561,3,211.116
2026-02-22T21:10:54.000Z,1771794654.000,32.640007466,-117.202087438,7.585,122.554,122.327,-2.965,-0.052,-142.544,13,339.782,6.021,-1554,,2,7.068,-174.987,3,211.016
2026-02-22T21:10:55.000Z,1771794655.000,32.639988781,-117.202052278,7.477,122.61,123.851,-2.998,0.294,-143.909,13,339.942,6.042,-1555,,2,6.966,-175.452,3,210.799
2026-02-22T21:10:56.000Z,1771794656.000,32.639969874,-117.202019314,7.225,125.325,123.897,-2.395,0.899,-143.83,13,340.066,5.832,-1556,,2,6.844,-175.881,3,210.754
2026-02-22T21:10:57.000Z,1771794657.000,32.639951756,-117.201987881,7.115,119.052,125.758,-2.426,0.212,-145.22,13,340.537,5.844,-1557,,2,6.447,-176.137,3,210.612
2026-02-22T21:10:58.000Z,1771794658.000,32.639934527,-117.201955501,6.711,126.171,125.619,-4.838,0.928,-144.759,13,340.859,5.481,-1558,,2,6.382,-176.687,3,210.632
2026-02-22T21:10:59.000Z,1771794659.000,32.639916957,-117.201926122,6.676,123.704,125.218,-1.814,0.193,-143.978,13,341.24,5.399,-1559,,2,6.25,-177.045,3,210.896
2026-02-22T21:11:00.000Z,1771794660.000,32.639899459,-117.201895906,6.687,123.169,124.394,-4.254,0.732,-143.067,13,341.326,5.345,-1560,,2,6.235,-177.494,3,211.277
2026-02-22T21:11:01.000Z,1771794661.000,32.639880276,-117.201865106,7.168,126.753,123.945,-4.376,0.424,-142.708,13,341.236,5.703,-1561,,2,6.829,-177.808,3,211.592
2026-02-22T21:11:02.000Z,1771794662.000,32.639859486,-117.201831743,7.5,125.407,123.254,-0.965,0.612,-142.339,13,340.915,5.937,-1562,,2,7.086,-178.163,3,211.667
2026-02-22T21:11:03.000Z,1771794663.000,32.639839084,-117.201797987,7.575,126.338,124.3,-2.899,0.594,-143.769,13,340.531,6.111,-1563,,2,7.193,-178.435,3,211.457
2026-02-22T21:11:04.000Z,1771794664.000,32.639820304,-117.201765091,7.245,123.392,123.658,-2.425,1.077,-143.409,13,340.249,5.817,-1564,,2,6.748,-178.927,3,211.32
2026-02-22T21:11:05.000Z,1771794665.000,32.639802242,-117.201732838,6.846,120.609,123.171,-1.2,1.058,-143.063,13,340.109,5.472,-1565,,2,6.243,-179.427,3,211.483
2026-02-22T21:11:06.000Z,1771794666.000,32.639785178,-117.201701821,6.347,128.235,124.661,-3.712,0.823,-144.692,13,339.968,5.179,-1566,,2,6.08,-179.776,3,211.725
2026-02-22T21:11:07.000Z,1771794667.000,32.63976778,-117.201674029,6.3,126.881,123.929,-0.062,0.254,-144.222,13,339.707,5.111,-1567,,2,5.987,-180.077,3,212.15
2026-02-22T21:11:08.000Z,1771794668.000,32.639751906,-117.20164618,6.215,118.326,120.824,-3.21,0.399,-141.466,13,339.358,4.862,-1568,,2,5.548,-180.701,3,212.699
2026-02-22T21:11:09.000Z,1771794669.000,32.639735008,-117.201616925,6.566,122.598,121.09,-3.313,0.584,-142.07,13,339.02,5.179,-1569,,2,6.061,-181.054,3,212.961
2026-02-22T21:11:10.000Z,1771794670.000,32.639719791,-117.201584783,6.687,121.918,121.016,-1.481,0.096,-142.303,13,338.713,5.291,-1570,,2,6.137,-181.753,3,212.807
2026-02-22T21:11:11.000Z,1771794671.000,32.639704532,-117.201552772,6.714,117.469,118.267,-0.33,1.531,-139.805,13,338.462,5.128,-1571,,2,5.928,-182.653,3,212.607
2026-02-22T21:11:12.000Z,1771794672.000,32.639689773,-117.201521839,6.361,121.745,119.608,0.032,1.232,-141.374,13,338.233,4.969,-1572,,2,5.819,-183.204,3,212.711
2026-02-22T21:11:13.000Z,1771794673.000,32.639672936,-117.20149305,6.136,128.967,120.667,-2.254,0.226,-142.806,13,337.86,4.888,-1573,,2,5.878,-183.471,3,212.97
2026-02-22T21:11:14.000Z,1771794674.000,32.639656485,-117.201464439,6.313,126.749,120.991,-6.003,0.191,-143.396,13,337.595,5.068,-1574,,2,5.969,-183.818,3,213.525
2026-02-22T21:11:15.000Z,1771794675.000,32.639639998,-117.20143465,6.615,119.309,120.311,-2.57,0.86,-142.978,13,337.333,5.282,-1575,,2,5.918,-184.314,3,214.158
2026-02-22T21:11:16.000Z,1771794676.000,32.639623844,-117.2014037,6.6,119.367,119.983,-3.329,1.116,-142.95,13,337.033,5.268,-1576,,2,5.902,-184.881,3,214.762
2026-02-22T21:11:17.000Z,1771794677.000,32.639609105,-117.201372622,6.425,120.165,118.242,-3.604,0.87,-141.498,13,336.744,5.028,-1577,,2,5.778,-185.687,3,215.13
2026-02-22T21:11:18.000Z,1771794678.000,32.639595284,-117.201341112,6.513,117.036,114.657,0.038,1.549,-138.135,13,336.522,4.85,-1578,,2,5.685,-186.74,3,215.213
2026-02-22T21:11:19.000Z,1771794679.000,32.639582551,-117.201309685,6.515,113.651,114.289,-0.572,1.42,-138.133,13,336.156,4.852,-1579,,2,5.481,-187.627,3,215.332
2026-02-22T21:11:20.000Z,1771794680.000,32.639569466,-117.201278126,6.4,117.14,115.334,-4.651,1.241,-139.443,13,335.891,4.862,-1580,,2,5.577,-188.382,3,215.381
2026-02-22T21:11:21.000Z,1771794681.000,32.639555387,-117.201247725,6.325,119.875,115.811,-4.735,0.234,-139.854,13,335.957,4.835,-1581,,2,5.648,-189.026,3,215.571
2026-02-22T21:11:22.000Z,1771794682.000,32.639541496,-117.201217338,6.654,116.655,115.095,-2.681,1.007,-139.098,13,335.997,5.029,-1582,,2,5.756,-189.779,3,215.836
2026-02-22T21:11:23.000Z,1771794683.000,32.639527518,-117.201185052,6.578,115.972,115.183,-3.869,0.748,-139.268,13,335.915,4.985,-1583,,2,5.643,-190.578,3,216.059
2026-02-22T21:11:24.000Z,1771794684.000,32.63951374,-117.201153735,6.488,116.903,114.277,-1.178,1.176,-138.608,13,335.669,4.867,-1584,,2,5.611,-191.412,3,216.325
2026-02-22T21:11:25.000Z,1771794685.000,32.639501032,-117.201122062,6.487,114.815,113.152,-4.112,0.901,-137.875,13,335.277,4.811,-1585,,2,5.478,-192.374,3,216.727
2026-02-22T21:11:26.000Z,1771794686.000,32.639486627,-117.201090769,6.531,122.514,113.467,-3.797,0.269,-138.609,13,334.858,4.9,-1586,,2,5.929,-193.059,3,217.08
2026-02-22T21:11:27.000Z,1771794687.000,32.63947078,-117.201057143,6.9,117.508,113.278,-5.597,0.705,-138.725,13,334.553,5.186,-1587,,2,5.978,-193.805,3,217.153
2026-02-22T21:11:28.000Z,1771794688.000,32.639453987,-117.201022587,7.363,120.875,115.184,-3.747,0.342,-140.821,13,334.363,5.707,-1588,,2,6.576,-194.365,3,216.958
2026-02-22T21:11:29.000Z,1771794689.000,32.639437336,-117.200987042,7.585,117.651,115.325,-3.829,0.536,-141.1,13,334.225,5.903,-1589,,2,6.562,-195.135,3,216.704
2026-02-22T21:11:30.000Z,1771794690.000,32.639421392,-117.200950157,7.585,116.681,114.757,-2.109,0.492,-140.634,13,334.124,5.864,-1590,,2,6.485,-196.103,3,216.373
2026-02-22T21:11:31.000Z,1771794691.000,32.639405962,-117.200912574,7.5,118.853,114.673,-0.542,0.991,-140.71,13,333.963,5.805,-1591,,2,6.544,-197.118,3,215.816
2026-02-22T21:11:32.000Z,1771794692.000,32.639392447,-117.200875936,7.574,111.456,112.997,-2.372,0.794,-139.299,13,333.698,5.742,-1592,,2,6.061,-198.36,3,215.255
2026-02-22T21:11:33.000Z,1771794693.000,32.639379286,-117.200840203,7.169,111.085,111.22,-0.507,1.228,-137.845,13,333.375,5.314,-1593,,2,5.695,-199.582,3,214.732
2026-02-22T21:11:34.000Z,1771794694.000,32.639366111,-117.200802246,7.655,109.581,110.76,-3.156,0.739,-137.628,13,333.132,5.655,-1594,,2,5.94,-200.838,3,214.116
2026-02-22T21:11:35.000Z,1771794695.000,32.639352587,-117.200764787,7.563,113.312,112.069,-2.426,0.071,-139.118,13,332.951,5.718,-1595,,2,6.152,-201.9,3,214.12
2026-02-22T21:11:36.000Z,1771794696.000,32.639337614,-117.200726949,7.773,116.813,114.119,-3.443,-0.639,-141.394,13,332.725,6.075,-1596,,2,6.575,-202.804,3,214.176
2026-02-22T21:11:37.000Z,1771794697.000,32.639320813,-117.200689754,7.9,118.293,114.13,-4.101,-0.004,-141.651,13,332.479,6.195,-1597,,2,6.776,-203.673,3,214.391
2026-02-22T21:11:38.000Z,1771794698.000,32.639302971,-117.200651225,8.063,118.866,116.177,-6.166,-0.398,-143.849,13,332.329,6.511,-1598,,2,6.945,-204.378,3,214.438
2026-02-22T21:11:39.000Z,1771794699.000,32.639284376,-117.200613902,7.8,121.735,116.429,-2.462,0.413,-144.241,13,332.188,6.329,-1599,,2,6.897,-205.085,3,214.454
2026-02-22T21:11:40.000Z,1771794700.000,32.63926748,-117.200577442,7.546,118.344,115.457,-1.598,0.323,-143.221,13,332.236,6.044,-1600,,2,6.439,-205.978,3,214.452
2026-02-22T21:11:41.000Z,1771794701.000,32.639252199,-117.200541468,7.034,115.57,114.458,-1.369,0.692,-142.11,13,332.348,5.551,-1601,,2,5.805,-206.978,3,214.472
2026-02-22T21:11:42.000Z,1771794702.000,32.639238517,-117.200507519,6.648,114.208,113.037,-0.675,0.636,-140.682,13,332.355,5.144,-1602,,2,5.383,-208.021,3,214.79
2026-02-22T21:11:43.000Z,1771794703.000,32.639226094,-117.200474696,6.513,111.97,110.832,-3.344,1.259,-138.303,13,332.53,4.863,-1603,,2,5.107,-209.16,3,215.285
2026-02-22T21:11:44.000Z,1771794704.000,32.63921407,-117.200441672,6.7,114.615,111.296,-3.965,0.008,-138.494,13,332.802,5.017,-1604,,2,5.427,-210.14,3,215.625
2026-02-22T21:11:45.000Z,1771794705.000,32.63919937,-117.200406981,6.966,118.331,112.989,-4.926,-0.237,-139.874,13,333.115,5.326,-1605,,2,5.884,-210.903,3,215.47
2026-02-22T21:11:46.000Z,1771794706.000,32.639183681,-117.200370941,7.5,117.171,115.715,-7.257,0.021,-142.395,13,333.32,5.942,-1606,,2,6.24,-211.583,3,215.17
2026-02-22T21:11:47.000Z,1771794707.000,32.639164769,-117.200334603,8.039,122.671,119.907,-4.659,-0.259,-146.477,13,333.43,6.702,-1607,,2,7.075,-211.892,3,214.847
2026-02-22T21:11:48.000Z,1771794708.000,32.639143473,-117.200295636,8.411,122.823,121.951,-4.727,-0.315,-148.513,13,333.439,7.172,-1608,,2,7.4,-212.329,3,214.323
2026-02-22T21:11:49.000Z,1771794709.000,32.639121998,-117.200257319,8.388,123.304,124.764,-5.765,0.227,-151.353,13,333.411,7.361,-1609,,2,7.401,-212.649,3,213.972
2026-02-22T21:11:50.000Z,1771794710.000,32.639099768,-117.200220968,8.053,128.034,128.437,-6.374,0.709,-155.051,13,333.386,7.301,-1610,,2,7.386,-212.714,3,213.766
2026-02-22T21:11:51.000Z,1771794711.000,32.639078232,-117.200187949,7.392,127.661,129.217,-3.571,0.166,-155.769,13,333.448,6.741,-1611,,2,6.753,-212.867,3,213.867
2026-02-22T21:11:52.000Z,1771794712.000,32.639057527,-117.200157334,6.823,126.555,126.514,-2.464,1.06,-152.879,13,333.635,6.072,-1612,,2,6.17,-213.224,3,213.921
2026-02-22T21:11:53.000Z,1771794713.000,32.639039465,-117.200129616,6.15,125.801,122.897,-1.217,0.857,-148.993,13,333.904,5.272,-1613,,2,5.52,-213.698,3,214.136
2026-02-22T21:11:54.000Z,1771794714.000,32.639022596,-117.200101585,6.385,127.785,119.414,-0.488,0.569,-145.41,13,334.003,5.256,-1614,,2,5.817,-214.279,3,214.236
2026-02-22T21:11:55.000Z,1771794715.000,32.639006194,-117.20007088,6.938,120.847,117.706,-1.121,0.331,-143.924,13,333.782,5.607,-1615,,2,5.918,-214.92,3,214.211
2026-02-22T21:11:56.000Z,1771794716.000,32.638988831,-117.200037063,7.176,119.656,118.339,-3.576,0.121,-144.883,13,333.456,5.87,-1616,,2,6.029,-215.485,3,213.903
2026-02-22T21:11:57.000Z,1771794717.000,32.638970708,-117.20000251,7.587,123.043,121.992,-5.844,0.917,-148.845,13,333.147,6.492,-1617,,2,6.596,-215.79,3,213.635
2026-02-22T21:11:58.000Z,1771794718.000,32.63895115,-117.199969663,7.433,124.692,125.405,-5.554,0.848,-152.547,13,332.858,6.596,-1618,,2,6.556,-215.887,3,213.784
2026-02-22T21:11:59.000Z,1771794719.000,32.638931515,-117.199935447,7.3,122.312,124.557,-3.661,0.56,-151.965,13,332.592,6.443,-1619,,2,6.278,-216.405,3,213.757
2026-02-22T21:12:00.000Z,1771794720.000,32.638911957,-117.199903527,7.2,126.966,123.776,-3.056,-0.054,-151.521,13,332.255,6.329,-1620,,2,6.46,-216.783,3,213.885
2026-02-22T21:12:01.000Z,1771794721.000,32.638892609,-117.19987049,7.657,124.629,124.715,-9.184,0.412,-152.841,13,331.874,6.813,-1621,,2,6.716,-217.108,3,214.021
2026-02-22T21:12:02.000Z,1771794722.000,32.638870644,-117.199837202,7.8,129.296,127.466,-7.37,0.567,-156.224,13,331.242,7.138,-1622,,2,7.115,-217.082,3,213.828
2026-02-22T21:12:03.000Z,1771794723.000,32.638846847,-117.199802633,7.75,129.251,127.989,-1.613,-0.373,-157.467,13,330.522,7.158,-1623,-995.758,2,7.057,-217.16,3,213.452
2026-02-22T21:12:04.000Z,1771794724.000,32.638825238,-117.199768958,7.6,126.981,128.821,-1.346,0.511,-158.788,13,330.033,7.085,-1624,-991.822,2,6.78,-217.343,3,213.378
2026-02-22T21:12:05.000Z,1771794725.000,32.638805644,-117.199737896,6.864,127.127,128.917,1.182,1.262,-159.606,13,329.311,6.434,-1625,-988.205,2,6.123,-217.594,3,213.695
2026-02-22T21:12:06.000Z,1771794726.000,32.638786953,-117.199708703,6.335,124.164,128.549,2.816,0.579,-159.738,13,328.812,5.943,-1626,-984.785,2,5.486,-217.844,3,213.911
2026-02-22T21:12:07.000Z,1771794727.000,32.638770042,-117.199682807,6.214,126.704,128.197,1.261,0.575,-159.519,13,328.677,5.821,-1627,-981.732,2,5.506,-218.041,3,214.082
2026-02-22T21:12:08.000Z,1771794728.000,32.638752577,-117.199657983,5.944,131.527,129.29,-4.355,1.138,-160.676,13,328.614,5.609,-1628,-978.747,2,5.475,-218.007,3,213.939
2026-02-22T21:12:09.000Z,1771794729.000,32.638733252,-117.199634623,6.06,135.588,135.003,-3.092,0.968,-166.393,13,328.61,5.89,-1629,-975.847,2,5.732,-217.353,3,213.87
2026-02-22T21:12:10.000Z,1771794730.000,32.638710275,-117.19961051,6.765,139.453,140.506,-6.096,1.762,-172.053,13,328.454,6.699,-1630,-972.712,2,6.531,-216.459,3,213.658
2026-02-22T21:12:11.000Z,1771794731.000,32.638685825,-117.199586875,6.888,139.625,146.062,-5.648,2.509,-177.554,13,328.508,6.881,-1631,-969.572,2,6.654,-215.414,3,213.765
2026-02-22T21:12:12.000Z,1771794732.000,32.63866068,-117.199564261,6.891,143.541,153.108,-9.76,1.23,175.476,13,328.585,6.868,-1632,-966.577,2,6.763,-214.148,3,214.387
2026-02-22T21:12:13.000Z,1771794733.000,32.638634475,-117.199543243,6.8,145.346,153.844,-4.872,1.293,174.82,13,328.665,6.772,-1633,-963.408,2,6.71,-213.18,3,214.991
2026-02-22T21:12:14.000Z,1771794734.000,32.638610088,-117.199523237,6.036,145.364,152.586,-4.543,1.528,176.489,13,329.075,6.024,-1634,-960.341,2,5.955,-212.452,3,215.852
2026-02-22T21:12:15.000Z,1771794735.000,32.63858694,-117.199505275,6.374,147.513,155.976,-5.908,0.223,173.769,13,329.746,6.336,-1635,-957.712,2,6.323,-211.357,3,217.15
2026-02-22T21:12:16.000Z,1771794736.000,32.638562887,-117.199488663,6.1,151.923,161.92,-10.892,1.563,168.263,13,330.182,5.972,-1636,-955.283,2,6.093,-209.93,3,218.865
2026-02-22T21:12:17.000Z,1771794737.000,32.638535333,-117.199472158,6.866,154.913,160.104,-6.476,0.617,170.622,13,330.725,6.774,-1637,-952.271,2,6.866,-208.754,3,219.81
2026-02-22T21:12:18.000Z,1771794738.000,32.638507115,-117.19945455,6.888,152.616,160.235,0.847,1.196,170.628,13,330.863,6.796,-1638,-949.234,2,6.883,-207.454,3,220.561
2026-02-22T21:12:19.000Z,1771794739.000,32.638477506,-117.199439203,7.1,156.948,162.457,4.334,-1.184,168.567,13,331.024,6.959,-1639,-946.405,2,7.095,-205.753,3,221.588
2026-02-22T21:12:20.000Z,1771794740.000,32.638447333,-117.199424455,7.477,158.6,164.682,-1.734,-0.391,166.586,13,331.268,7.272,-1640,-943.597,2,7.459,-203.97,3,222.503
2026-02-22T21:12:21.000Z,1771794741.000,32.638415838,-117.199407584,7.388,154.947,166.155,-5.554,0.978,165.371,13,331.526,7.148,-1641,-940.505,2,7.388,-202.261,3,222.894
2026-02-22T21:12:22.000Z,1771794742.000,32.638385115,-117.199392208,7.187,155.478,165.481,1.553,0.901,166.318,13,331.799,6.983,-1642,-937.455,2,7.187,-200.667,3,223.1
2026-02-22T21:12:23.000Z,1771794743.000,32.638355114,-117.199375981,7.131,156.376,165.386,-0.089,0.39,167.274,13,332.661,6.955,-1643,-934.412,2,7.128,-199.148,3,223.251
2026-02-22T21:12:24.000Z,1771794744.000,32.638324068,-117.199361131,6.944,157.709,167.076,2.112,0.187,166.427,13,333.503,6.749,-1644,-931.521,2,6.934,-197.339,3,223.334
2026-02-22T21:12:25.000Z,1771794745.000,32.638294437,-117.199346562,6.825,156.687,163.479,2.296,0.925,170.964,13,334.442,6.74,-1645,-928.436,2,6.821,-195.984,3,223.187
2026-02-22T21:12:26.000Z,1771794746.000,32.638264262,-117.199332262,6.927,159.792,166.018,0.746,0.2,168.947,13,334.965,6.799,-1646,-925.684,2,6.899,-194.155,3,223.517
2026-02-22T21:12:27.000Z,1771794747.000,32.638233851,-117.199318484,7,157.771,166.691,-1.419,-0.104,168.722,13,335.413,6.865,-1647,-922.856,2,6.989,-192.4,3,223.564
2026-02-22T21:12:28.000Z,1771794748.000,32.638202595,-117.199303374,7.212,156.811,166.534,-0.559,-0.064,169.236,13,335.771,7.085,-1648,-919.827,2,7.206,-190.712,3,223.443
2026-02-22T21:12:29.000Z,1771794749.000,32.638171629,-117.199289951,7.038,163.099,168.826,2.068,0.85,167.241,13,336.067,6.864,-1649,-917.092,2,6.958,-188.785,3,223.774
2026-02-22T21:12:30.000Z,1771794750.000,32.638140222,-117.199277805,7.085,159.976,166.002,1.134,0.374,169.533,13,335.536,6.966,-1650,-914.134,2,7.051,-187.075,3,224.209
2026-02-22T21:12:31.000Z,1771794751.000,32.638107585,-117.199262321,7.489,157.545,170.305,-9.359,1.15,164.572,13,334.877,7.218,-1651,-911.257,2,7.477,-185.005,3,224.634
2026-02-22T21:12:32.000Z,1771794752.000,32.638074216,-117.199250919,7.512,167.105,174.878,-1.495,0.372,159.15,13,334.028,7.02,-1652,-908.698,2,7.323,-182.624,3,224.966
2026-02-22T21:12:33.000Z,1771794753.000,32.638041014,-117.199239083,7.526,161.278,167.363,2.756,1.22,166.067,13,333.43,7.303,-1653,-905.362,2,7.469,-181.026,3,224.367
2026-02-22T21:12:34.000Z,1771794754.000,32.638009428,-117.199225852,7.062,156.41,165.161,-0.735,-0.085,167.432,13,332.592,6.893,-1654,-902.346,2,7.057,-179.329,3,223.891
2026-02-22T21:12:35.000Z,1771794755.000,32.637979179,-117.199210239,6.989,158.328,172.35,-10.381,0.957,159.139,13,331.489,6.526,-1655,-899.773,2,6.969,-177.286,3,223.997
2026-02-22T21:12:36.000Z,1771794756.000,32.637949165,-117.199199504,6.775,163.273,167.73,1.387,-0.749,162.752,13,330.482,6.468,-1656,-896.893,2,6.688,-175.714,3,224.343
2026-02-22T21:12:37.000Z,1771794757.000,32.637919888,-117.199184468,7.285,155.67,164.378,-5.563,0.105,165.275,13,329.652,7.045,-1657,-893.8,2,7.282,-174.398,3,224.774
2026-02-22T21:12:38.000Z,1771794758.000,32.637888012,-117.199169107,7.367,160.565,164.873,-1.354,0.315,164.051,13,328.924,7.084,-1658,-890.751,2,7.32,-172.628,3,225.358
2026-02-22T21:12:39.000Z,1771794759.000,32.637857039,-117.19915372,7.212,158,161.525,0.324,0.11,166.526,13,328.051,7.013,-1659,-887.543,2,7.195,-171.199,3,225.899
2026-02-22T21:12:40.000Z,1771794760.000,32.637826466,-117.199137692,7.174,155.739,159.422,1.906,0.542,167.745,13,327.167,7.011,-1660,-884.382,2,7.171,-169.762,3,226.486
2026-02-22T21:12:41.000Z,1771794761.000,32.637797137,-117.199119735,7.146,152.278,157.871,3.598,0.535,168.516,13,326.387,7.003,-1661,-881.169,2,7.143,-168.511,3,226.741
2026-02-22T21:12:42.000Z,1771794762.000,32.637767852,-117.199100856,6.823,153.457,161.383,0.828,0.818,163.897,13,325.28,6.555,-1662,-878.138,2,6.823,-166.959,3,226.739
2026-02-22T21:12:43.000Z,1771794763.000,32.637738931,-117.199085091,6.963,160.02,166.428,-2.721,0.276,157.721,13,324.149,6.442,-1663,-875.476,2,6.925,-165.153,3,226.666
2026-02-22T21:12:44.000Z,1771794764.000,32.637708563,-117.199069367,7.259,154.812,165.082,-6.758,0.273,158.15,13,323.232,6.738,-1664,-872.381,2,7.259,-163.655,3,226.12
2026-02-22T21:12:45.000Z,1771794765.000,32.637676446,-117.199053223,7.585,159.964,166.313,-5.894,2.018,155.734,13,322.047,6.914,-1665,-869.297,2,7.543,-161.865,3,225.416
2026-02-22T21:12:46.000Z,1771794766.000,32.637642606,-117.199038,7.371,158.449,162.689,3.602,1.389,157.919,13,320.607,6.828,-1666,-865.917,2,7.348,-160.201,3,224.594
2026-02-22T21:12:47.000Z,1771794767.000,32.637611484,-117.199020956,7.266,153.55,161.835,1.085,-0.277,157.734,13,319.569,6.724,-1667,-862.704,2,7.266,-158.691,3,224.454
2026-02-22T21:12:48.000Z,1771794768.000,32.637581546,-117.199005004,7.185,153.735,162.324,4.564,-0.081,156.193,13,318.517,6.573,-1668,-859.718,2,7.185,-157.12,3,224.694
2026-02-22T21:12:49.000Z,1771794769.000,32.637551497,-117.198987676,7.078,150.688,161.297,-3.999,0.801,156.492,13,317.789,6.49,-1669,-856.536,2,7.066,-155.73,3,224.931
2026-02-22T21:12:50.000Z,1771794770.000,32.637521414,-117.198972577,7.1,159.853,165.386,-1.526,0.014,152.082,13,317.468,6.274,-1670,-853.806,2,7.061,-153.849,3,225.503
2026-02-22T21:12:51.000Z,1771794771.000,32.637490959,-117.19895777,7.114,156.663,160.619,0.882,0.088,156.169,13,316.788,6.507,-1671,-850.599,2,7.105,-152.526,3,225.553
2026-02-22T21:12:52.000Z,1771794772.000,32.637460745,-117.198941695,7.3,159.22,163.342,-0.381,-0.584,152.843,13,316.185,6.495,-1672,-847.705,2,7.268,-150.784,3,225.409
2026-02-22T21:12:53.000Z,1771794773.000,32.63742907,-117.198925232,7.488,154.601,162.028,-1.916,0.085,153.235,13,315.263,6.686,-1673,-844.482,2,7.487,-149.223,3,224.689
2026-02-22T21:12:54.000Z,1771794774.000,32.637397918,-117.198907689,7.412,155.563,160.623,-0.686,0.273,154.089,13,314.712,6.667,-1674,-841.199,2,7.409,-147.781,3,224.255
2026-02-22T21:12:55.000Z,1771794775.000,32.637367779,-117.198889453,7.261,151.682,160.203,0.388,0.333,153.752,13,313.955,6.513,-1675,-837.972,2,7.256,-146.397,3,224.303
2026-02-22T21:12:56.000Z,1771794776.000,32.637337741,-117.198870965,7.078,154.257,161.318,-0.413,0.905,151.606,13,312.924,6.226,-1676,-834.809,2,7.078,-144.929,3,224.715
2026-02-22T21:12:57.000Z,1771794777.000,32.637308962,-117.198854123,6.888,152.189,160.344,0.134,-0.215,151.765,13,312.109,6.068,-1677,-831.744,2,6.885,-143.612,3,225.137
2026-02-22T21:12:58.000Z,1771794778.000,32.637281335,-117.198836214,6.96,149.89,157.183,1.104,-0.016,154.204,13,311.387,6.267,-1678,-828.555,2,6.943,-142.616,3,225.364
2026-02-22T21:12:59.000Z,1771794779.000,32.637255011,-117.198817162,6.67,147.987,158.88,-4.672,1.108,151.671,13,310.551,5.869,-1679,-825.588,2,6.634,-141.451,3,225.442
2026-02-22T21:13:00.000Z,1771794780.000,32.637226748,-117.19879994,6.865,155.442,161.379,-2.021,0.74,148.344,13,309.723,5.844,-1680,-822.698,2,6.863,-139.956,3,225.417
2026-02-22T21:13:01.000Z,1771794781.000,32.6371983,-117.198784562,6.863,154.563,159.739,-1.325,0.748,149.173,13,308.911,5.893,-1681,-819.735,2,6.862,-138.625,3,225.289
2026-02-22T21:13:02.000Z,1771794782.000,32.637168772,-117.198768978,7.323,156.477,160.941,-2.531,-0.619,147.199,13,308.14,6.154,-1682,-816.838,2,7.316,-137.015,3,225.047
2026-02-22T21:13:03.000Z,1771794783.000,32.637134935,-117.198752511,8.233,160.351,165.357,-4.522,-0.435,142.016,13,307.373,6.485,-1683,-813.797,2,8.179,-134.879,3,224.734
2026-02-22T21:13:04.000Z,1771794784.000,32.637100206,-117.198735465,8.312,156.227,165.716,-6.385,0.522,140.941,13,306.657,6.454,-1684,-810.44,2,8.304,-132.983,3,224.242
2026-02-22T21:13:05.000Z,1771794785.000,32.637064436,-117.198717749,8.513,158.174,164.298,-2.302,1.151,141.689,13,305.987,6.679,-1685,-806.87,2,8.487,-131.16,3,223.512
2026-02-22T21:13:06.000Z,1771794786.000,32.637030333,-117.198699871,7.862,155.554,163.026,3.899,1.106,142.443,13,305.47,6.231,-1686,-803.393,2,7.857,-129.478,3,222.918
2026-02-22T21:13:07.000Z,1771794787.000,32.636998247,-117.198681924,7.156,155.818,162.966,2.437,0.718,141.803,13,304.769,5.624,-1687,-800.094,2,7.151,-127.887,3,222.532
2026-02-22T21:13:08.000Z,1771794788.000,32.63696777,-117.198666117,7.3,158.17,163.501,-0.329,-0.274,140.943,13,304.444,5.669,-1688,-797.091,2,7.277,-126.259,3,222.624
2026-02-22T21:13:09.000Z,1771794789.000,32.636937619,-117.19864945,7.04,154.047,165.805,-6.495,-0.158,138.249,13,304.054,5.253,-1689,-794.139,2,7.04,-124.594,3,222.602
2026-02-22T21:13:10.000Z,1771794790.000,32.636906041,-117.198632805,7.485,156.863,168.66,-8.243,1.374,134.766,13,303.425,5.27,-1690,-791.142,2,7.472,-122.775,3,222.539
2026-02-22T21:13:11.000Z,1771794791.000,32.636873059,-117.198617829,7.424,161.484,167.792,-0.488,0.668,135.285,13,303.077,5.275,-1691,-787.98,2,7.352,-120.978,3,222.451
2026-02-22T21:13:12.000Z,1771794792.000,32.636841118,-117.198604256,7.326,159.508,164.816,0.381,0.127,138.322,13,303.138,5.471,-1692,-784.872,2,7.284,-119.324,3,222.848
2026-02-22T21:13:13.000Z,1771794793.000,32.636810825,-117.198588439,7.015,155.136,164.563,-1.786,1.823,138.369,13,302.932,5.244,-1693,-781.837,2,7.012,-117.766,3,223.175
2026-02-22T21:13:14.000Z,1771794794.000,32.636780057,-117.198573411,7.1,157.376,161.923,3.341,0.201,140.665,13,302.588,5.491,-1694,-778.708,2,7.083,-116.284,3,223.006
2026-02-22T21:13:15.000Z,1771794795.000,32.636751462,-117.198558061,6.625,155.485,161.86,-1.916,1.582,140.353,13,302.213,5.101,-1695,-775.819,2,6.62,-114.828,3,222.789
2026-02-22T21:13:16.000Z,1771794796.000,32.636722456,-117.198543838,6.627,158.328,165.061,-3.21,1.727,137.204,13,302.265,4.863,-1696,-773.173,2,6.601,-113.044,3,222.283
2026-02-22T21:13:17.000Z,1771794797.000,32.636692755,-117.19853046,6.969,158.005,167.722,-5.628,1.821,134.806,13,302.528,4.911,-1697,-770.533,2,6.944,-111.194,3,221.86
2026-02-22T21:13:18.000Z,1771794798.000,32.636660755,-117.198518621,7.276,163.248,166.585,-0.099,1.343,136.14,13,302.725,5.247,-1698,-767.664,2,7.161,-109.306,3,221.7
2026-02-22T21:13:19.000Z,1771794799.000,32.636629894,-117.198504991,7.125,159.045,165.102,2.456,-0.009,137.905,13,303.007,5.287,-1699,-764.701,2,7.085,-107.648,3,221.767
2026-02-22T21:13:20.000Z,1771794800.000,32.636600295,-117.198489017,7.085,155.315,164.86,0.323,2.445,138.301,13,303.16,5.289,-1700,-761.694,2,7.079,-106.157,3,221.772
2026-02-22T21:13:21.000Z,1771794801.000,32.636569298,-117.198475508,6.9,159.196,166.705,2.287,1.531,136.139,13,302.844,4.975,-1701,-758.92,2,6.858,-104.259,3,221.515
2026-02-22T21:13:22.000Z,1771794802.000,32.636540139,-117.198461235,6.736,154.411,164.55,-2.334,1.923,137.849,13,302.399,4.994,-1702,-755.966,2,6.733,-102.828,3,220.874
2026-02-22T21:13:23.000Z,1771794803.000,32.636511772,-117.198445583,6.887,152.655,163.326,-1.314,3.422,138.726,13,302.052,5.176,-1703,-753.002,2,6.887,-101.488,3,220.106
2026-02-22T21:13:24.000Z,1771794804.000,32.636485127,-117.198429092,6.531,146.891,157.928,5.013,2.783,143.926,13,301.854,5.277,-1704,-749.862,2,6.495,-100.642,3,219.283
2026-02-22T21:13:25.000Z,1771794805.000,32.636460331,-117.19841237,6.177,153.977,161.194,-1.238,3.159,140.637,13,301.831,4.774,-1705,-747.251,2,6.176,-99.352,3,219.034
2026-02-22T21:13:26.000Z,1771794806.000,32.636435145,-117.198399833,6.074,159.553,164.369,-2.552,2.536,137.399,13,301.768,4.47,-1706,-744.958,2,6.032,-97.786,3,218.971
2026-02-22T21:13:27.000Z,1771794807.000,32.63640723,-117.198388674,6.879,160.29,169.183,-7.256,2.788,132.438,13,301.621,4.639,-1707,-742.724,2,6.817,-95.809,3,218.562
2026-02-22T21:13:28.000Z,1771794808.000,32.636376227,-117.198376446,7.408,161.685,170.569,-6.981,3.107,130.957,13,301.526,4.855,-1708,-740.032,2,7.312,-93.866,3,217.763
2026-02-22T21:13:29.000Z,1771794809.000,32.636343835,-117.198363012,7.563,161.638,165.882,0.478,3.728,135.751,13,301.633,5.418,-1709,-736.802,2,7.465,-92.271,3,216.399
2026-02-22T21:13:30.000Z,1771794810.000,32.636313493,-117.198347757,7.1,156.074,159.992,5.097,3.484,141.882,13,301.874,5.585,-1710,-733.506,2,7.086,-91.063,3,214.95
2026-02-22T21:13:31.000Z,1771794811.000,32.636287375,-117.198331196,6.146,151.931,157.084,0.958,2.076,144.787,13,301.872,5.021,-1711,-730.525,2,6.146,-90.093,3,213.638
2026-02-22T21:13:32.000Z,1771794812.000,32.636264026,-117.198314177,5.547,148,155.206,0.164,4.15,146.788,13,301.994,4.64,-1712,-727.724,2,5.529,-89.314,3,212.861
2026-02-22T21:13:33.000Z,1771794813.000,32.636241725,-117.198298375,5.613,149.95,159.159,-5.212,5.589,143.054,13,302.214,4.485,-1713,-725.356,2,5.607,-88.122,3,212.476
2026-02-22T21:13:34.000Z,1771794814.000,32.636216392,-117.198283576,6.433,153.786,166.655,-9.056,4.969,136.079,13,302.734,4.632,-1714,-723.105,2,6.431,-86.386,3,211.761
2026-02-22T21:13:35.000Z,1771794815.000,32.636187944,-117.198269761,6.7,156.923,166.635,-5.409,5.119,136.607,13,303.242,4.869,-1715,-720.349,2,6.678,-84.844,3,210.954
2026-02-22T21:13:36.000Z,1771794816.000,32.636158477,-117.198255351,6.724,156.236,163.608,-1.438,5.655,139.802,13,303.41,5.135,-1716,-717.318,2,6.708,-83.456,3,210.426
2026-02-22T21:13:37.000Z,1771794817.000,32.636130839,-117.19824138,6.6,156.977,165.567,-3.413,5.965,137.788,13,303.354,4.888,-1717,-714.707,2,6.577,-81.858,3,210.352
2026-02-22T21:13:38.000Z,1771794818.000,32.636102598,-117.198230009,6.4,164.168,169.91,-3.614,5.277,133.2,13,303.11,4.381,-1718,-712.414,2,6.255,-79.901,3,206.304
2026-02-22T21:13:39.000Z,1771794819.000,32.636073497,-117.198220221,6.422,162.177,168.634,-1.248,5.488,134.41,13,303.044,4.494,-1719,-709.867,2,6.317,-78.138,3,201.515
2026-02-22T21:13:40.000Z,1771794820.000,32.636043941,-117.198207512,6.826,157.673,166.267,-0.532,3.873,136.934,13,303.201,4.987,-1720,-706.998,2,6.789,-76.588,3,197.031
2026-02-22T21:13:41.000Z,1771794821.000,32.636013404,-117.198192964,7.273,161.232,167.72,-0.371,4.882,135.702,13,303.422,5.204,-1721,-704.148,2,7.169,-74.82,3,192.988
2026-02-22T21:13:42.000Z,1771794822.000,32.635982614,-117.198179004,7.13,159.906,166.458,0.358,4.228,137.331,13,303.788,5.242,-1722,-701.173,2,7.053,-73.172,3,188.826
2026-02-22T21:13:43.000Z,1771794823.000,32.635952119,-117.198164809,6.788,161.945,168.309,-3.779,5.661,135.742,13,304.051,4.862,-1723,-698.377,2,6.671,-71.36,3,184.93
2026-02-22T21:13:44.000Z,1771794824.000,32.635922021,-117.198152352,6.664,159.005,165.923,-2.324,5.149,137.931,13,303.854,4.945,-1724,-695.497,2,6.601,-69.752,3,181.433
2026-02-22T21:13:45.000Z,1771794825.000,32.635891422,-117.198139529,7.2,160.813,166.037,0.681,4.832,137.388,13,303.425,5.299,-1725,-692.703,2,7.095,-67.96,3,177.854
2026-02-22T21:13:46.000Z,1771794826.000,32.635859768,-117.19812612,7,162.227,164.014,0.352,5.295,138.906,13,302.919,5.275,-1726,-689.682,2,6.863,-66.259,3,174.903
2026-02-22T21:13:47.000Z,1771794827.000,32.635829952,-117.198112727,7.151,159.065,163.018,0.856,5.078,139.392,13,302.41,5.429,-1727,-686.828,2,7.075,-64.644,3,172.707
2026-02-22T21:13:48.000Z,1771794828.000,32.635799971,-117.198098066,6.913,155.996,162.591,-1.828,6.76,139.37,13,301.961,5.247,-1728,-683.893,2,6.883,-63.053,3,170.209
2026-02-22T21:13:49.000Z,1771794829.000,32.635769835,-117.198084453,7.1,160.318,161.351,1.085,4.782,140.063,13,301.414,5.444,-1729,-680.992,2,6.995,-61.443,3,167.491
2026-02-22T21:13:50.000Z,1771794830.000,32.635737204,-117.198071408,7.542,162.617,165.147,-0.449,4.406,135.848,13,300.995,5.408,-1730,-678.262,2,7.364,-59.242,3,164.626
2026-02-22T21:13:51.000Z,1771794831.000,32.635704287,-117.198057425,8.013,156.712,161.336,-3.977,6.893,139.54,13,300.876,6.098,-1731,-675.028,2,7.958,-57.595,3,161.55
2026-02-22T21:13:52.000Z,1771794832.000,32.635672728,-117.198040554,7.193,156.1,159.404,-3.824,6.713,141.277,13,300.68,5.611,-1732,-671.75,2,7.152,-56.115,3,158.426
2026-02-22T21:13:53.000Z,1771794833.000,32.635641191,-117.198022806,7.272,153.462,153.156,7.849,6.021,147.353,13,300.509,6.113,-1733,-668.215,2,7.259,-55.013,3,155.766
2026-02-22T21:13:54.000Z,1771794834.000,32.63561218,-117.19800209,7.037,145.12,148.169,2.777,6.582,152.246,13,300.416,6.227,-1734,-664.677,2,7.009,-54.226,3,154.014
2026-02-22T21:13:55.000Z,1771794835.000,32.63558546,-117.197982934,6.813,146.742,148.226,2.058,6.107,152.043,13,300.269,6.018,-1735,-661.598,2,6.801,-53.151,3,151.713
2026-02-22T21:13:56.000Z,1771794836.000,32.635559339,-117.197963203,6.547,146.798,147.156,-3.302,5.092,152.878,13,300.034,5.827,-1736,-658.468,2,6.535,-52.25,3,149.067
2026-02-22T21:13:57.000Z,1771794837.000,32.635532691,-117.197942918,6.789,149.11,146.992,-3.543,7.155,152.705,13,299.697,6.033,-1737,-655.295,2,6.787,-51.269,3,146.877
2026-02-22T21:13:58.000Z,1771794838.000,32.635506127,-117.197925192,6.513,152.937,147.403,5.276,6.476,151.858,13,299.261,5.743,-1738,-652.352,2,6.506,-50.092,3,145.03
2026-02-22T21:13:59.000Z,1771794839.000,32.635479215,-117.197908538,6.573,152.959,150.11,-0.806,6.429,148.747,13,298.858,5.618,-1739,-649.561,2,6.565,-48.644,3,143.581
2026-02-22T21:14:00.000Z,1771794840.000,32.635452323,-117.197891464,6.615,154.983,154.883,-4.833,5.863,143.642,13,298.525,5.326,-1740,-646.837,2,6.59,-47.072,3,142.174
2026-02-22T21:14:01.000Z,1771794841.000,32.635424505,-117.197875607,6.665,154.284,155.523,0.293,6.766,142.705,13,298.228,5.302,-1741,-643.984,2,6.646,-45.66,3,140.475
2026-02-22T21:14:02.000Z,1771794842.000,32.635396464,-117.197860148,6.774,157.058,153.791,2.005,6.736,144.114,13,297.905,5.488,-1742,-641.045,2,6.72,-44.381,3,139.053
2026-02-22T21:14:03.000Z,1771794843.000,32.635368631,-117.197845328,6.685,157.781,157.302,0.878,6.297,140.249,13,297.551,5.139,-1743,-638.405,2,6.616,-42.693,3,137.415
2026-02-22T21:14:04.000Z,1771794844.000,32.635336715,-117.197831655,7.289,160.73,160.252,-0.534,5.54,137.083,13,297.335,5.338,-1744,-635.606,2,7.14,-40.638,3,135.608
2026-02-22T21:14:05.000Z,1771794845.000,32.635305035,-117.197816535,7.237,154.88,155.032,-4.999,6.734,142.418,13,297.451,5.733,-1745,-632.31,2,7.2,-39.283,3,133.402
2026-02-22T21:14:06.000Z,1771794846.000,32.63527365,-117.197800298,7.426,153.527,151.098,4.909,7.608,146.705,13,297.803,6.206,-1746,-629.024,2,7.403,-37.938,3,130.951
2026-02-22T21:14:07.000Z,1771794847.000,32.635245661,-117.197782489,6.731,148.839,147.828,7.928,7.724,150.345,13,298.172,5.849,-1747,-625.852,2,6.73,-36.93,3,128.716
2026-02-22T21:14:08.000Z,1771794848.000,32.635219424,-117.197764628,6.388,149.13,147.069,8.639,8.915,151.362,13,298.43,5.607,-1748,-622.876,2,6.388,-35.88,3,126.806
2026-02-22T21:14:09.000Z,1771794849.000,32.635194038,-117.197747062,6.249,149.739,147.417,0.915,9.789,151.06,13,298.477,5.469,-1749,-620.012,2,6.248,-34.798,3,124.97
2026-02-22T21:14:10.000Z,1771794850.000,32.635167233,-117.197729895,6.954,156.896,148.108,-1.267,9.307,150.279,13,298.386,6.039,-1750,-617.11,2,6.886,-33.545,3,123.181
2026-02-22T21:14:11.000Z,1771794851.000,32.635137727,-117.197713185,6.956,155.234,147.936,5.365,8.33,150.351,13,298.288,6.045,-1751,-614.056,2,6.91,-32.105,3,121.28
2026-02-22T21:14:12.000Z,1771794852.000,32.635109046,-117.19769513,6.824,148.244,147.151,12.647,17.995,151.11,13,298.261,5.973,-1752,-610.922,2,6.824,-30.864,3,119.539
2026-02-22T21:14:13.000Z,1771794853.000,32.635082252,-117.197674934,6.752,146.973,145.547,10.204,17.139,152.594,13,298.142,5.995,-1753,-607.699,2,6.749,-29.977,3,117.993
2026-02-22T21:14:14.000Z,1771794854.000,32.635057246,-117.197655525,6.278,146.025,144.898,10.572,20.74,153.102,13,298,5.598,-1754,-604.676,2,6.27,-29.117,3,117.056
2026-02-22T21:14:15.000Z,1771794855.000,32.635032738,-117.197639187,5.6,153.579,150.238,11.733,19.48,147.762,13,298.001,4.737,-1755,-602.139,2,5.578,-27.646,3,116.204
2026-02-22T21:14:16.000Z,1771794856.000,32.635007787,-117.197624087,6.088,154.137,150.155,8.259,17.921,148.155,13,298.311,5.169,-1756,-599.483,2,6.056,-26.483,3,115.353
2026-02-22T21:14:17.000Z,1771794857.000,32.634983035,-117.197608304,6.17,154.056,147.428,11.853,19.393,151.313,13,298.741,5.412,-1757,-596.683,2,6.139,-25.581,3,114.272
2026-02-22T21:14:18.000Z,1771794858.000,32.6349569,-117.197593745,6.269,154.798,147.691,17.9,22.869,151.476,13,299.167,5.508,-1758,-594.012,2,6.226,-24.258,3,113.506
2026-02-22T21:14:19.000Z,1771794859.000,32.634929039,-117.197576949,6.8,149.583,147.317,9.374,24.137,152.314,13,299.63,6.021,-1759,-591.04,2,6.797,-22.977,3,112.119
2026-02-22T21:14:20.000Z,1771794860.000,32.634900719,-117.197559222,7.161,153.77,148.898,4.7,20.553,151.097,13,299.996,6.269,-1760,-588.038,2,7.119,-21.562,3,110.748
2026-02-22T21:14:21.000Z,1771794861.000,32.634871474,-117.197542413,7.045,153.064,151.303,11.14,20.093,148.979,13,300.282,6.036,-1761,-585.092,2,7.007,-19.952,3,109.099
2026-02-22T21:14:22.000Z,1771794862.000,32.634842641,-117.197526387,6.622,154.444,152.736,14.174,19.425,148.046,13,300.782,5.618,-1762,-582.198,2,6.56,-18.404,3,107.745
2026-02-22T21:14:23.000Z,1771794863.000,32.634816248,-117.19750979,6.4,150.945,151.843,5.78,19.519,149.635,13,301.478,5.522,-1763,-579.303,2,6.379,-17.272,3,106.066
2026-02-22T21:14:24.000Z,1771794864.000,32.634790355,-117.197496791,6.027,160.384,155.415,7.46,19.747,146.759,13,302.174,5.041,-1764,-576.916,2,5.826,-15.627,3,105.085
2026-02-22T21:14:25.000Z,1771794865.000,32.634764169,-117.197485116,5.646,157.198,156.415,7.376,19.534,146.488,13,302.903,4.706,-1765,-574.51,2,5.513,-14.07,3,104.35
2026-02-22T21:14:26.000Z,1771794866.000,32.634736462,-117.19747443,6.088,161.317,161.12,7.457,19.374,142.308,13,303.429,4.817,-1766,-572.28,2,5.792,-12.06,3,103.795
2026-02-22T21:14:27.000Z,1771794867.000,32.634708312,-117.197463541,6.474,158.228,161.547,11.01,24.252,142.291,13,303.838,5.122,-1767,-569.798,2,6.223,-10.333,3,102.86
2026-02-22T21:14:28.000Z,1771794868.000,32.634681279,-117.197450409,6.269,158.731,161.307,7.543,20.918,142.815,13,304.122,4.995,-1768,-567.168,2,5.979,-8.884,3,101.515
2026-02-22T21:14:29.000Z,1771794869.000,32.634654053,-117.197439499,6,160.599,158.099,13.957,18.99,146.407,13,304.506,4.998,-1769,-564.555,2,5.623,-7.494,3,100.355
2026-02-22T21:14:30.000Z,1771794870.000,32.634628767,-117.197426602,5.924,156.796,158.694,5.85,22.435,146.259,13,304.952,4.926,-1770,-562.087,2,5.64,-6.119,3,99.545
2026-02-22T21:14:31.000Z,1771794871.000,32.634600633,-117.197417191,6.633,163.628,158.869,7.099,18.569,146.441,13,305.31,5.528,-1771,-559.71,2,5.93,-4.319,3,98.839
2026-02-22T21:14:32.000Z,1771794872.000,32.63457151,-117.197403724,7.115,155.854,155.159,2.231,18.806,150.483,13,305.642,6.191,-1772,-556.77,2,6.67,-2.969,3,97.733
2026-02-22T21:14:33.000Z,1771794873.000,32.634540029,-117.197392014,7.254,166.234,159.231,10.431,22.484,146.694,13,305.924,6.059,-1773,-554.201,2,6.01,-0.747,3,96.452
2026-02-22T21:14:34.000Z,1771794874.000,32.63450871,-117.197380719,6.75,161.372,163.649,7.278,24.579,142.76,13,306.409,5.374,-1774,-551.711,2,5.649,1.501,3,95.264
2026-02-22T21:14:35.000Z,1771794875.000,32.634476044,-117.197368423,7.33,163.384,166.823,1.892,16.669,139.875,13,306.698,5.605,-1775,-549.01,2,5.624,3.704,3,94.017
2026-02-22T21:14:36.000Z,1771794876.000,32.634443348,-117.197357903,7.021,166.847,163.495,11.265,16.598,143.256,13,306.751,5.626,-1776,-546.086,2,4.656,5.582,3,93.195
2026-02-22T21:14:37.000Z,1771794877.000,32.634414692,-117.197346355,6.449,159.451,157.462,17.779,16.698,149.498,13,306.961,5.554,-1777,-543.193,2,4.49,6.856,3,92.361
2026-02-22T21:14:38.000Z,1771794878.000,32.634389457,-117.197335042,5.947,155.115,155.156,10.06,16.387,152.123,13,307.279,5.257,-1778,-540.717,2,4.052,8.113,3,91.812
2026-02-22T21:14:39.000Z,1771794879.000,32.63436306,-117.197323794,6.338,163.753,159.859,0.068,13.121,147.627,13,307.486,5.346,-1779,-538.514,2,2.808,9.98,3,91.713
2026-02-22T21:14:40.000Z,1771794880.000,32.634333272,-117.197314618,6.577,160.041,157.808,2.506,17.245,149.947,13,307.755,5.692,-1780,-535.95,2,2.293,11.774,3,91.085
2026-02-22T21:14:41.000Z,1771794881.000,32.634303737,-117.197302812,6.538,165,157.709,10.519,17.452,150.323,13,308.033,5.68,-1781,-533.287,2,0.517,13.524,3,90.386
2026-02-22T21:14:42.000Z,1771794882.000,32.634275525,-117.197292816,6.331,159.846,155.797,14.481,14.492,152.548,13,308.346,5.617,-1782,-530.761,2,-0.128,15.142,3,89.876
2026-02-22T21:14:43.000Z,1771794883.000,32.634248015,-117.197282044,6.269,166.657,159.116,2.833,13.256,149.558,13,308.674,5.401,-1783,-528.464,2,-1.975,17.032,3,89.82
2026-02-22T21:14:44.000Z,1771794884.000,32.63421939,-117.197273117,6.426,163.351,162.125,-1.489,14.343,146.798,13,308.923,5.375,-1784,-526.242,2,-2.643,19.102,3,89.873
2026-02-22T21:14:45.000Z,1771794885.000,32.634189558,-117.197267113,6.674,174.244,172.714,2.484,15.312,136.428,13,309.142,4.833,-1785,-524.648,2,-4.434,21.93,3,90.441
2026-02-22T21:14:46.000Z,1771794886.000,32.63415942,-117.197265955,6.845,182.107,181.541,6.971,13.485,127.793,13,309.334,4.195,-1786,-523.397,2,-5.52,24.885,3,91.157
2026-02-22T21:14:47.000Z,1771794887.000,32.63412861,-117.197266856,6.434,179.318,178.093,2.665,15.471,131.606,13,309.699,4.27,-1787,-521.442,3,-4.34,-27.346,3,97.925
2026-02-22T21:14:48.000Z,1771794888.000,32.634098883,-117.197267503,6.361,185.75,185.643,-0.011,11.732,124.528,13,310.171,3.608,-1788,-520.302,3,-3.746,-30.267,3,101.793
2026-02-22T21:14:49.000Z,1771794889.000,32.634070609,-117.197272688,6.459,188.646,188.306,4.801,14.219,122.398,13,310.704,3.46,-1789,-519.27,3,-3.543,-33.083,3,105.592
2026-02-22T21:14:50.000Z,1771794890.000,32.634041818,-117.1972782,6.331,189.285,190.884,-0.213,16.098,120.353,13,311.238,3.2,-1790,-518.234,3,-3.421,-35.949,3,109.377
2026-02-22T21:14:51.000Z,1771794891.000,32.634011972,-117.197285205,6.112,189.003,196.353,-3.019,13.584,115.264,13,311.617,2.609,-1791,-517.483,3,-3.336,-39.09,3,113.177
2026-02-22T21:14:52.000Z,1771794892.000,32.633984023,-117.197297856,6.787,203.409,208.159,-0.031,9.167,103.925,13,312.084,1.632,-1792,-517.815,3,-2.185,-42.518,3,115.52
2026-02-22T21:14:53.000Z,1771794893.000,32.633960428,-117.197315459,5.846,210.955,215.948,0.434,15.035,96.707,13,312.655,0.683,-1793,-518.483,3,-1.148,-45.68,3,117.613
2026-02-22T21:14:54.000Z,1771794894.000,32.633938069,-117.197335744,5.933,220.733,225.162,-0.271,11.693,88.007,13,313.168,0.206,-1794,-519.543,3,-0.17,-48.807,3,119.349
2026-02-22T21:14:55.000Z,1771794895.000,32.633919935,-117.19735826,6.038,231.616,251.879,5.989,21.428,61.795,13,313.673,2.858,-1795,-522.196,3,0.962,-51.054,3,118.993
2026-02-22T21:14:56.000Z,1771794896.000,32.633903496,-117.197382919,6.014,232.714,255.946,9.6,33.861,58.191,13,314.137,3.17,-1796,-523.461,3,1.063,-53.777,3,120.274
2026-02-22T21:14:57.000Z,1771794897.000,32.633885549,-117.197408443,5.876,237.42,280.262,2.103,31.593,34.242,13,314.503,4.818,-1797,-525.509,3,1.505,-55.4,3,120.656
2026-02-22T21:14:58.000Z,1771794898.000,32.633872973,-117.197435017,5.729,245.163,291.317,2.671,41.439,23.684,13,315.001,5.247,-1798,-527.167,3,2.195,-57.289,3,120.651
2026-02-22T21:14:59.000Z,1771794899.000,32.633867483,-117.197462502,4.791,264.957,308.652,11.558,43.398,6.65,13,315.301,4.747,-1799,-529.073,3,3.224,-58.061,3,120.723
2026-02-22T21:15:00.000Z,1771794900.000,32.633866016,-117.197489869,4.878,270.865,318.453,7.239,37.126,-2.71,13,315.743,4.872,-1800,-531.016,3,3.635,-59.07,3,120.885
2026-02-22T21:15:01.000Z,1771794901.000,32.633867894,-117.197516251,5.082,277.241,319.676,12.925,35.345,-3.654,13,316.021,5.072,-1801,-533.202,3,4.138,-60.433,3,120.898
2026-02-22T21:15:02.000Z,1771794902.000,32.633869247,-117.197542019,5.134,269.019,321.84,25.221,36.599,-5.691,13,316.148,5.108,-1802,-535.281,3,3.708,-61.727,3,121.091
2026-02-22T21:15:03.000Z,1771794903.000,32.6338692,-117.197568339,4.843,266.243,314.982,19.954,36.276,1.197,13,316.18,4.842,-1803,-537.543,3,3.328,-63.896,3,121.506
2026-02-22T21:15:04.000Z,1771794904.000,32.633866836,-117.197594345,4.883,261.736,310.857,13.688,35.453,5.375,13,316.231,4.86,-1804,-539.548,3,3.062,-66.025,3,121.741
2026-02-22T21:15:05.000Z,1771794905.000,32.6338645,-117.197621264,4.976,271.058,314.561,6.482,36.471,1.603,13,316.164,4.973,-1805,-541.504,3,3.704,-67.572,3,121.508
2026-02-22T21:15:06.000Z,1771794906.000,32.633866061,-117.197647592,5.123,269.911,319.886,15.984,41.986,-3.52,13,316.366,5.113,-1806,-543.581,3,3.742,-68.627,3,121.468
2026-02-22T21:15:07.000Z,1771794907.000,32.633867491,-117.19767429,4.445,276.534,318.879,23.039,38.562,-2.499,13,316.38,4.44,-1807,-545.822,3,3.573,-70.225,3,121.508
2026-02-22T21:15:08.000Z,1771794908.000,32.63386797,-117.197701693,4.9,264.892,313.47,17.969,30.882,2.891,13,316.361,4.892,-1808,-548.149,3,3.265,-72.302,3,121.306
2026-02-22T21:15:09.000Z,1771794909.000,32.633867347,-117.197728093,4.9,272.46,319.24,23.509,34.77,-3.094,13,316.147,4.888,-1809,-550.099,3,3.716,-73.509,3,121.315
2026-02-22T21:15:10.000Z,1771794910.000,32.633866782,-117.197752866,4.818,264.937,314.755,8.141,34.891,1.052,13,315.807,4.817,-1810,-552.145,3,3.207,-75.437,3,121.338
2026-02-22T21:15:11.000Z,1771794911.000,32.633868256,-117.19777775,4.684,276.32,321.86,14.543,41.856,-6.266,13,315.594,4.652,-1811,-554.048,3,3.745,-76.269,3,121.053
2026-02-22T21:15:12.000Z,1771794912.000,32.633870813,-117.197805585,5.088,279.495,321.122,9.483,37.075,-5.902,13,315.22,5.061,-1812,-556.444,3,4.229,-77.82,3,120.692
2026-02-22T21:15:13.000Z,1771794913.000,32.633874236,-117.19783179,5.037,282.485,323.011,12.676,37.088,-8.326,13,314.686,4.983,-1813,-558.68,3,4.325,-78.99,3,120.529
2026-02-22T21:15:14.000Z,1771794914.000,32.633878993,-117.197857643,4.694,283.741,325.125,29.444,33.386,-10.857,13,314.268,4.61,-1814,-560.957,3,4.081,-80.009,3,120.368
2026-02-22T21:15:15.000Z,1771794915.000,32.63388171,-117.197884294,4.722,277.252,316.391,21.812,32.524,-2.339,13,314.052,4.718,-1815,-563.477,3,3.813,-82.113,3,119.724
2026-02-22T21:15:16.000Z,1771794916.000,32.633881812,-117.197910668,5.213,268.125,314.611,18.915,31.241,-0.75,13,313.862,5.212,-1816,-565.624,3,3.664,-83.866,3,119.673
2026-02-22T21:15:17.000Z,1771794917.000,32.633878722,-117.197935012,4.753,257.676,315.127,18.712,40.228,-1.558,13,313.57,4.751,-1817,-567.38,3,2.668,-85.577,3,120.164
2026-02-22T21:15:18.000Z,1771794918.000,32.633876588,-117.197961544,4.516,262.507,318.968,-13.528,54.131,-5.814,13,313.154,4.492,-1818,-569.291,3,2.838,-87.074,3,120.374
2026-02-22T21:15:19.000Z,1771794919.000,32.63387166,-117.197988866,5.754,261.421,275.029,-32.637,0.988,37.991,13,313.02,4.472,-1819,-570.867,3,3.517,-92.508,3,121.823
2026-02-22T21:15:20.000Z,1771794920.000,32.633872864,-117.198016592,4.499,282.064,276.995,-27.734,-6.928,35.771,13,312.766,3.647,-1820,-573.269,3,3.827,-94.009,3,121.633
2026-02-22T21:15:21.000Z,1771794921.000,32.63387316,-117.198043201,5.27,268.425,290.954,-18.969,2.171,21.408,13,312.362,4.902,-1821,-575.747,3,3.701,-94.607,3,121.298
2026-02-22T21:15:22.000Z,1771794922.000,32.633872733,-117.198072044,4.798,270.191,291.635,-21.66,0.989,20.364,13,311.999,4.498,-1822,-578.041,3,3.47,-96.362,3,121.167
2026-02-22T21:15:23.000Z,1771794923.000,32.633872987,-117.198099687,5.2,267.471,275.019,-18.062,13.268,37.064,13,312.083,4.148,-1823,-579.844,3,3.58,-99.227,3,121.98
2026-02-22T21:15:24.000Z,1771794924.000,32.633872779,-117.198129484,5.834,264.352,279.091,-17.214,19.554,32.625,13,311.716,4.914,-1824,-582.349,3,3.777,-100.798,3,121.425
2026-02-22T21:15:25.000Z,1771794925.000,32.63387314,-117.19815821,5.06,273.504,276.541,-15.177,21.102,34.807,13,311.348,4.155,-1825,-584.582,3,3.844,-102.703,3,121.332
2026-02-22T21:15:26.000Z,1771794926.000,32.633875015,-117.198187513,5.17,275.375,279.57,-10.685,16.631,31.174,13,310.744,4.424,-1826,-587.128,3,4.032,-104.137,3,120.89
2026-02-22T21:15:27.000Z,1771794927.000,32.633875963,-117.198217038,5.563,271.575,278.954,-12.189,13.986,31.314,13,310.267,4.753,-1827,-589.523,3,4.094,-105.911,3,120.236
2026-02-22T21:15:28.000Z,1771794928.000,32.633876785,-117.198245513,5.076,273.263,273.297,-6.306,23.843,36.624,13,309.922,4.075,-1828,-591.649,3,3.832,-107.965,3,119.916
2026-02-22T21:15:29.000Z,1771794929.000,32.633876033,-117.198276308,5.389,271.089,271.636,-3.629,14.804,38.171,13,309.807,4.235,-1829,-593.999,3,3.927,-110.023,3,119.152
2026-02-22T21:15:30.000Z,1771794930.000,32.63387604,-117.198305969,5.776,273.328,275.269,-11.18,17.427,34.61,13,309.879,4.751,-1830,-596.504,3,4.357,-111.606,3,118.487
2026-02-22T21:15:31.000Z,1771794931.000,32.633875521,-117.198334751,4.767,268.808,270.609,-10.835,24.962,39.084,13,309.693,3.7,-1831,-598.596,3,3.334,-113.715,3,118.362
2026-02-22T21:15:32.000Z,1771794932.000,32.633876256,-117.198362165,4.752,277.105,272.37,-4.424,19.159,37.67,13,310.04,3.767,-1832,-600.898,3,3.776,-115.223,3,118.43
2026-02-22T21:15:33.000Z,1771794933.000,32.63387269,-117.19839002,5.312,259.265,267.549,-7.627,12.12,43.028,13,310.577,3.883,-1833,-602.713,3,3.025,-117.528,3,118.324
2026-02-22T21:15:34.000Z,1771794934.000,32.633869898,-117.198416771,5.389,260.37,265.36,-6.544,20.959,45.573,13,310.933,3.777,-1834,-604.585,3,3.148,-119.529,3,118.396
2026-02-22T21:15:35.000Z,1771794935.000,32.63386592,-117.198445552,5.63,257.789,265.226,-9.564,18.081,45.852,13,311.078,3.922,-1835,-606.648,3,3.075,-121.638,3,118.678
2026-02-22T21:15:36.000Z,1771794936.000,32.633862998,-117.198476184,6.057,266.749,271.27,-11.588,12.745,39.942,13,311.212,4.644,-1836,-609.193,3,4.053,-123.402,3,118.445
2026-02-22T21:15:37.000Z,1771794937.000,32.633863879,-117.198505406,5.703,272.758,276.221,-12.799,20.764,35.065,13,311.286,4.671,-1837,-611.763,3,4.236,-124.799,3,117.978
2026-02-22T21:15:38.000Z,1771794938.000,32.633867837,-117.198531853,4.695,277.547,275.795,0.334,18.91,35.803,13,311.598,3.808,-1838,-614.093,3,3.735,-126.119,3,117.791
2026-02-22T21:15:39.000Z,1771794939.000,32.633869602,-117.198558123,4.73,276.759,276.312,0.985,20.711,35.308,13,311.62,3.86,-1839,-616.311,3,3.721,-127.547,3,117.625
2026-02-22T21:15:40.000Z,1771794940.000,32.633869894,-117.198585091,4.63,266.112,269.733,-2.609,21.206,42.062,13,311.795,3.441,-1840,-618.227,3,3.047,-129.597,3,117.993
2026-02-22T21:15:41.000Z,1771794941.000,32.633868949,-117.198612894,5.051,274.394,273.477,-7.019,14.655,38.6,13,312.077,3.948,-1841,-620.545,3,3.834,-131.148,3,117.712
2026-02-22T21:15:42.000Z,1771794942.000,32.63386964,-117.198639651,4.8,275.396,276.329,-10.667,17.068,36.154,13,312.483,3.875,-1842,-622.825,3,3.695,-132.544,3,117.503
2026-02-22T21:15:43.000Z,1771794943.000,32.633871819,-117.198667953,5,279.526,277.183,-5.519,16.939,35.915,13,313.098,4.049,-1843,-625.242,3,4.066,-134.04,3,117.015
2026-02-22T21:15:44.000Z,1771794944.000,32.633874114,-117.198695334,5.426,272.792,277.598,-5.49,15.288,36.191,13,313.789,4.38,-1844,-627.576,3,4.009,-135.498,3,116.484
2026-02-22T21:15:45.000Z,1771794945.000,32.633876342,-117.198721748,4.8,277.684,274.903,-0.981,21.354,39.31,13,314.213,3.714,-1845,-629.722,3,3.807,-137.111,3,116.109
2026-02-22T21:15:46.000Z,1771794946.000,32.633877565,-117.198750365,5.415,273.544,274.127,-3.027,17.126,40.463,13,314.59,4.12,-1846,-632.05,3,4.041,-138.815,3,115.934
2026-02-22T21:15:47.000Z,1771794947.000,32.633877518,-117.198779053,5.288,265.399,270.493,-0.197,23.136,44.494,13,314.987,3.772,-1847,-634.195,3,3.403,-140.809,3,116.045
2026-02-22T21:15:48.000Z,1771794948.000,32.63387528,-117.198808232,4.874,266.38,265.711,-1.001,20.068,49.86,13,315.571,3.146,-1848,-636.182,3,3.195,-143.071,3,116.294
2026-02-22T21:15:49.000Z,1771794949.000,32.633871935,-117.198837476,5.276,261.683,263.235,-4.149,18.253,52.911,13,316.145,3.184,-1849,-638.202,3,3.116,-145.283,3,116.513
2026-02-22T21:15:50.000Z,1771794950.000,32.633868635,-117.198865948,5.166,264.645,265.197,-4.186,16.843,51.168,13,316.365,3.24,-1850,-640.382,3,3.258,-147.199,3,116.479
2026-02-22T21:15:51.000Z,1771794951.000,32.633866589,-117.198894191,5.287,265.013,265.349,-3.669,18.231,51.333,13,316.682,3.303,-1851,-642.526,3,3.356,-149.095,3,116.609
2026-02-22T21:15:52.000Z,1771794952.000,32.633861815,-117.198921948,5.58,252.914,264.817,-12.167,13.961,52.164,13,316.98,3.426,-1852,-644.44,3,2.553,-151.228,3,117.179
2026-02-22T21:15:53.000Z,1771794953.000,32.633859321,-117.198949681,4.86,267.353,264.748,-3.751,20.34,52.381,13,317.129,2.967,-1853,-646.508,3,3.227,-153.143,3,117.579
2026-02-22T21:15:54.000Z,1771794954.000,32.633854007,-117.198978855,5.665,257.388,264.07,-12.007,13.635,53.156,13,317.227,3.397,-1854,-648.496,3,2.965,-155.417,3,118.482
2026-02-22T21:15:55.000Z,1771794955.000,32.633850321,-117.199008694,5.587,260.635,266.485,-13.734,17.894,50.533,13,317.018,3.551,-1855,-650.781,3,3.184,-157.42,3,118.587
2026-02-22T21:15:56.000Z,1771794956.000,32.633852372,-117.199038213,5.469,280.166,277.467,-10.022,14.957,39.18,13,316.647,4.238,-1856,-653.693,3,4.438,-158.365,3,117.63
2026-02-22T21:15:57.000Z,1771794957.000,32.633861215,-117.19906343,4.822,298.183,285.1,-8.781,16.039,31.358,13,316.458,4.116,-1857,-656.436,3,4.592,-158.632,3,116.848
2026-02-22T21:15:58.000Z,1771794958.000,32.633875851,-117.199080402,4.076,317.877,300.947,8.593,17.915,15.598,13,316.545,3.916,-1858,-658.823,3,4.074,-157.223,3,116.315
2026-02-22T21:15:59.000Z,1771794959.000,32.633891059,-117.199090167,3.381,344.122,315.867,13.134,20.212,0.292,13,316.158,3.379,-1859,-660.345,3,2.978,-155.34,3,116.754
2026-02-22T21:16:00.000Z,1771794960.000,32.633908901,-117.199088061,4.34,14.505,331.943,33.759,25.285,-15.592,13,316.351,4.176,-1860,-660.716,3,2.252,-152.446,3,118.043
2026-02-22T21:16:01.000Z,1771794961.000,32.633927854,-117.199086488,4,357.346,339.799,35.302,34.022,-23.981,13,315.818,3.655,-1861,-661.333,3,2.989,-150.179,3,119.285
2026-02-22T21:16:02.000Z,1771794962.000,32.633948209,-117.19908638,4.413,8.921,335.837,39.043,32.368,-20.383,13,315.454,4.135,-1862,-662.695,3,2.64,-148.749,3,120.047
2026-02-22T21:16:03.000Z,1771794963.000,32.633970268,-117.1990851,5.024,0.602,331.589,40.603,31.032,-16.191,13,315.398,4.824,-1863,-664.056,3,3.553,-147.135,3,120.706
2026-02-22T21:16:04.000Z,1771794964.000,32.63399244,-117.199086666,4.866,359.168,329.487,30.75,32.808,-14.021,13,315.466,4.719,-1864,-665.552,3,3.523,-145.529,3,121.325
2026-02-22T21:16:05.000Z,1771794965.000,32.63401556,-117.199087525,4.987,357.762,333.324,33.935,33.593,-17.638,13,315.686,4.753,-1865,-666.808,3,3.691,-143.347,3,121.824
2026-02-22T21:16:06.000Z,1771794966.000,32.634038522,-117.199090289,5.255,349.267,330.73,31.707,29.523,-15.086,13,315.644,5.073,-1866,-668.467,3,4.366,-141.784,3,122.028
2026-02-22T21:16:07.000Z,1771794967.000,32.634063892,-117.1990888,5.478,5.969,334.716,38.417,33.827,-19.374,13,315.342,5.165,-1867,-669.653,3,3.478,-139.261,3,122.836
2026-02-22T21:16:08.000Z,1771794968.000,32.63408945,-117.199089879,5.337,353.535,334.865,39.664,32.633,-20.089,13,314.776,5.009,-1868,-671.215,3,4.193,-137.169,3,123.184
2026-02-22T21:16:09.000Z,1771794969.000,32.634114861,-117.199092855,5.621,354.013,333.642,39.109,31.333,-19.488,13,314.154,5.298,-1869,-672.983,3,4.384,-135.307,3,123.465
2026-02-22T21:16:10.000Z,1771794970.000,32.634140054,-117.199095002,5.53,354.106,331.271,37.769,33.32,-17.307,13,313.964,5.28,-1870,-674.716,3,4.304,-133.501,3,123.536
2026-02-22T21:16:11.000Z,1771794971.000,32.634165085,-117.19909757,5.124,354.946,330.308,32.748,32.329,-16.424,13,313.884,4.913,-1871,-676.412,3,3.937,-131.629,3,123.778
2026-02-22T21:16:12.000Z,1771794972.000,32.634190481,-117.199098638,5.512,358.863,335.102,39.833,31.775,-21.325,13,313.777,5.135,-1872,-677.77,3,3.98,-129.2,3,124.36
2026-02-22T21:16:13.000Z,1771794973.000,32.634215816,-117.199100205,5.789,355.784,335.878,43.363,33.559,-22.348,13,313.53,5.354,-1873,-679.33,3,4.385,-127.11,3,124.735
2026-02-22T21:16:14.000Z,1771794974.000,32.634242293,-117.199100156,5.766,1.671,338.344,47.505,38.725,-24.909,13,313.436,5.227,-1874,-680.745,3,3.953,-124.704,3,125.18
2026-02-22T21:16:15.000Z,1771794975.000,32.634269041,-117.1991025,5.45,355.463,331.253,43.789,39.042,-17.715,13,313.538,5.188,-1875,-682.8,3,4.14,-123.126,3,124.956
2026-02-22T21:16:16.000Z,1771794976.000,32.634296468,-117.199106552,5.68,354.88,327.384,42.418,35.369,-13.436,13,313.947,5.52,-1876,-684.862,3,4.349,-121.368,3,124.832
2026-02-22T21:16:17.000Z,1771794977.000,32.634323982,-117.199109356,5.915,357.105,327.978,41.745,32.836,-13.579,13,314.399,5.75,-1877,-686.663,3,4.374,-119.182,3,124.971
2026-02-22T21:16:18.000Z,1771794978.000,32.634351026,-117.199114598,5.764,345.363,326.646,32.531,29.601,-12.009,13,314.637,5.638,-1878,-688.699,3,4.96,-117.335,3,124.819
2026-02-22T21:16:19.000Z,1771794979.000,32.634377936,-117.19911665,6.112,3.72,327.623,29.718,31.254,-12.945,13,314.678,5.954,-1879,-690.389,3,4.005,-115.124,3,125.349
2026-02-22T21:16:20.000Z,1771794980.000,32.634406263,-117.199117325,6.076,355.719,333.689,35.011,33.493,-18.695,13,314.994,5.755,-1880,-691.847,3,4.576,-112.323,3,125.706
2026-02-22T21:16:21.000Z,1771794981.000,32.634435533,-117.199119223,6.223,358.59,334.405,40.554,34.48,-19.41,13,314.995,5.867,-1881,-693.667,3,4.47,-109.926,3,125.4
2026-02-22T21:16:22.000Z,1771794982.000,32.634463145,-117.199123928,5.937,353.979,327.213,31.336,33.889,-12.341,13,314.872,5.799,-1882,-695.931,3,4.58,-108.443,3,124.895
2026-02-22T21:16:23.000Z,1771794983.000,32.63449052,-117.199126432,5.67,356.376,327.299,34.146,31.367,-12.712,13,314.587,5.53,-1883,-697.717,3,4.215,-106.29,3,124.843
2026-02-22T21:16:24.000Z,1771794984.000,32.634516502,-117.199127823,5.585,358.547,330.277,32.611,32.696,-16.034,13,314.244,5.366,-1884,-699.225,3,4.002,-103.963,3,125.187
2026-02-22T21:16:25.000Z,1771794985.000,32.634543896,-117.199130701,5.988,351.065,331.129,36.28,30.886,-16.851,13,314.278,5.73,-1885,-701.011,3,4.794,-101.773,3,125.33
2026-02-22T21:16:26.000Z,1771794986.000,32.634570289,-117.199131378,5.996,4.892,331.14,35.731,33.531,-16.585,13,314.555,5.74,-1886,-702.594,3,3.797,-99.597,3,125.594
2026-02-22T21:16:27.000Z,1771794987.000,32.63459764,-117.199133694,5.945,352.895,334.774,39.192,33.568,-20.179,13,314.594,5.579,-1887,-704.215,3,4.634,-97.167,3,125.65
2026-02-22T21:16:28.000Z,1771794988.000,32.634625711,-117.19913844,5.823,354.69,326.687,33.33,35.971,-11.897,13,314.79,5.697,-1888,-706.544,3,4.42,-95.716,3,125.081
2026-02-22T21:16:29.000Z,1771794989.000,32.63465393,-117.199139722,6.187,356.239,329.693,40.972,33.478,-14.518,13,315.175,5.989,-1889,-708.175,3,4.58,-93.191,3,125.519
2026-02-22T21:16:30.000Z,1771794990.000,32.63468151,-117.199143224,5.97,351.521,330.406,38.062,34.235,-15.064,13,315.341,5.765,-1890,-710.027,3,4.73,-91.034,3,125.314
2026-02-22T21:16:31.000Z,1771794991.000,32.634709532,-117.199149088,6.169,349.076,329.565,40.696,33.077,-13.956,13,315.608,5.987,-1891,-712.155,3,5.04,-89.104,3,125.44
2026-02-22T21:16:32.000Z,1771794992.000,32.634737525,-117.19915352,5.876,355.88,326.232,36.993,33.065,-10.864,13,315.367,5.769,-1892,-714.253,3,4.362,-87.283,3,125.609
2026-02-22T21:16:33.000Z,1771794993.000,32.634764794,-117.199157867,6.013,349.774,328.768,34.719,35.57,-13.487,13,315.281,5.847,-1893,-716.093,3,4.862,-85.061,3,125.84
2026-02-22T21:16:34.000Z,1771794994.000,32.634791696,-117.199165133,5.775,349.272,323.659,29.427,31.575,-8.333,13,315.327,5.713,-1894,-718.408,3,4.697,-83.647,3,125.498
2026-02-22T21:16:35.000Z,1771794995.000,32.634820008,-117.199167797,5.823,354.309,328.306,37.185,31.687,-13.014,13,315.292,5.673,-1895,-720.108,3,4.415,-81.067,3,125.535
2026-02-22T21:16:36.000Z,1771794996.000,32.634846885,-117.199171309,5.962,354.008,326.765,31.05,31.643,-11.463,13,315.303,5.843,-1896,-722.003,3,4.536,-79.145,3,125.851
2026-02-22T21:16:37.000Z,1771794997.000,32.634874579,-117.19917316,5.878,356.449,329.292,34.396,33.007,-14.225,13,315.067,5.698,-1897,-723.667,3,4.301,-76.735,3,126.275
2026-02-22T21:16:38.000Z,1771794998.000,32.634902317,-117.19917565,6.1,353.037,331.18,33.148,31.37,-16.343,13,314.838,5.853,-1898,-725.402,3,4.698,-74.413,3,126.647
2026-02-22T21:16:39.000Z,1771794999.000,32.634930672,-117.199177478,5.976,356.735,330.282,32.881,29.842,-15.712,13,314.57,5.752,-1899,-727.229,3,4.341,-72.212,3,126.845
2026-02-22T21:16:40.000Z,1771795000.000,32.634958628,-117.1991786,6,359.201,330.283,32.919,31.401,-16.138,13,314.144,5.762,-1900,-728.94,3,4.172,-69.932,3,126.925
2026-02-22T21:16:41.000Z,1771795001.000,32.634986191,-117.199181756,5.831,351.217,327.185,29.709,31.456,-13.017,13,314.167,5.68,-1901,-730.908,3,4.594,-68.049,3,127.072
2026-02-22T21:16:42.000Z,1771795002.000,32.635014036,-117.199187112,5.567,351.446,323.519,26.441,27.093,-9.314,13,314.205,5.49,-1902,-733.071,3,4.368,-66.326,3,127.139
2026-02-22T21:16:43.000Z,1771795003.000,32.635041127,-117.199187925,5.7,0.16,331.494,33.575,29.513,-17.979,13,313.515,5.417,-1903,-734.423,3,3.879,-63.481,3,127.984
2026-02-22T21:16:44.000Z,1771795004.000,32.635067913,-117.199190965,5.9,351.837,330.483,33.111,30.958,-16.914,13,313.569,5.643,-1904,-736.263,3,4.595,-61.493,3,128.399
2026-02-22T21:16:45.000Z,1771795005.000,32.635095256,-117.19919287,6.194,357.995,329.644,37.868,30.34,-16.286,13,313.359,5.942,-1905,-738.035,3,4.374,-59.377,3,128.812
2026-02-22T21:16:46.000Z,1771795006.000,32.635122044,-117.199194997,5.7,352.072,330.53,37.345,32.232,-17.084,13,313.445,5.448,-1906,-739.726,3,4.416,-57.189,3,129.533
2026-02-22T21:16:47.000Z,1771795007.000,32.635147575,-117.199200699,5.673,347.048,323.594,31.1,30.382,-10.01,13,313.584,5.585,-1907,-741.905,3,4.69,-55.934,3,129.975
2026-02-22T21:16:48.000Z,1771795008.000,32.6351736,-117.199205569,5.84,350.026,323.849,33.914,30.097,-10.165,13,313.684,5.747,-1908,-743.797,3,4.647,-54.026,3,130.306
2026-02-22T21:16:49.000Z,1771795009.000,32.635199783,-117.1992121,5.511,346.46,322.67,28.677,33.8,-8.932,13,313.738,5.444,-1909,-745.874,3,4.582,-52.32,3,130.1
2026-02-22T21:16:50.000Z,1771795010.000,32.63522559,-117.199220141,5.625,341.538,324.636,36.384,30.551,-10.949,13,313.687,5.52,-1910,-747.952,3,4.925,-50.49,3,130.079
2026-02-22T21:16:51.000Z,1771795011.000,32.635251102,-117.199227745,6.184,349.453,322.038,41.195,34.403,-8.607,13,313.431,6.113,-1911,-750.12,3,4.947,-49.019,3,129.732
2026-02-22T21:16:52.000Z,1771795012.000,32.63527568,-117.199239799,5.685,334.925,314.064,33.097,33.184,-0.59,13,313.475,5.682,-1912,-752.693,3,5.257,-48.335,3,129.278
2026-02-22T21:16:53.000Z,1771795013.000,32.63530024,-117.199251373,5.5,343.042,312.257,27.335,28.003,0.873,13,313.13,5.499,-1913,-755.074,3,4.738,-47.128,3,129.016
2026-02-22T21:16:54.000Z,1771795014.000,32.635325523,-117.199257365,5.574,350.081,320.51,31.183,29.607,-7.634,13,312.876,5.522,-1914,-756.846,3,4.414,-44.705,3,129.079
2026-02-22T21:16:55.000Z,1771795015.000,32.635350392,-117.199264228,5.6,345.556,321.564,28.722,26.888,-8.892,13,312.672,5.532,-1915,-758.81,3,4.688,-42.952,3,129.019
2026-02-22T21:16:56.000Z,1771795016.000,32.635376414,-117.199269737,5.689,349.937,322.974,33.535,31.528,-10.633,13,312.341,5.59,-1916,-760.72,3,4.506,-40.992,3,128.876
2026-02-22T21:16:57.000Z,1771795017.000,32.635401759,-117.199275849,5.5,348.612,336.547,18.972,7.24,-24.417,13,312.13,5.005,-1917,-762.156,3,4.428,-38.199,3,129.588
2026-02-22T21:16:58.000Z,1771795018.000,32.635426439,-117.199282111,5.078,352.836,352.937,25.261,21.639,-40.969,13,311.968,3.835,-1918,-763.18,3,3.85,-35.41,3,130.436
2026-02-22T21:16:59.000Z,1771795019.000,32.635451213,-117.199287926,4.947,353.953,350.099,19.34,15.675,-38.18,13,311.919,3.887,-1919,-765.261,3,3.684,-33.858,3,130.679
2026-02-22T21:17:00.000Z,1771795020.000,32.635477073,-117.199294208,5.684,341.153,354.737,27.917,18.14,-42.541,13,312.196,4.181,-1920,-766.971,3,4.965,-31.79,3,130.997
2026-02-22T21:17:01.000Z,1771795021.000,32.635502758,-117.199302819,5.64,344.849,337.226,25.85,-3.979,-24.717,13,312.509,5.109,-1921,-770.135,3,4.738,-31.321,3,130.142
2026-02-22T21:17:02.000Z,1771795022.000,32.635529509,-117.199308103,6.185,349.773,339.84,32.671,-0.806,-27.235,13,312.604,5.497,-1922,-771.989,3,4.884,-29.206,3,130.09
2026-02-22T21:17:03.000Z,1771795023.000,32.635556052,-117.199316856,5.9,339.813,335.73,20.577,8.24,-22.866,13,312.865,5.436,-1923,-774.426,3,5.213,-27.81,3,129.41
2026-02-22T21:17:04.000Z,1771795024.000,32.635581641,-117.199325564,5.875,347.487,328.921,23.482,-2.006,-15.936,13,312.985,5.649,-1924,-776.89,3,4.775,-26.708,3,129.138
2026-02-22T21:17:05.000Z,1771795025.000,32.635606472,-117.199333814,5.614,338.404,328.465,28.603,-3.011,-15.586,13,312.879,5.405,-1925,-779.006,3,5.019,-25.164,3,129.186
2026-02-22T21:17:06.000Z,1771795026.000,32.635631665,-117.199343608,5.615,337.213,325.005,18.315,-3.942,-12.467,13,312.538,5.468,-1926,-781.361,3,5.07,-23.92,3,129.007
2026-02-22T21:17:07.000Z,1771795027.000,32.635657085,-117.199351458,5.6,349.292,323.358,18.79,1.246,-11.423,13,311.935,5.487,-1927,-783.525,3,4.437,-22.394,3,128.745
2026-02-22T21:17:08.000Z,1771795028.000,32.635683155,-117.199357738,5.64,342.6,321.888,27.563,2.7,-10.448,13,311.44,5.544,-1928,-785.582,3,4.837,-20.705,3,128.915
2026-02-22T21:17:09.000Z,1771795029.000,32.63571016,-117.199364158,6.2,346.251,329.854,23.661,-8.266,-19.222,13,310.633,5.834,-1929,-787.384,3,5.098,-18.211,3,128.92
2026-02-22T21:17:10.000Z,1771795030.000,32.635737752,-117.199369111,6.311,351.801,325.711,25.517,5.386,-15.594,13,310.117,6.076,-1930,-789.542,3,4.813,-16.513,3,128.894
2026-02-22T21:17:11.000Z,1771795031.000,32.635765272,-117.199373987,5.6,347.676,321.921,25.257,0.719,-12.173,13,309.749,5.472,-1931,-791.646,3,4.517,-14.8,3,129.012
2026-02-22T21:17:12.000Z,1771795032.000,32.635791995,-117.199381949,5.754,344.846,316.883,19.815,-7.203,-7.517,13,309.365,5.703,-1932,-793.958,3,4.801,-13.448,3,129.066
2026-02-22T21:17:13.000Z,1771795033.000,32.635817909,-117.199388057,6.124,348.554,317.949,25.166,-9.744,-8.656,13,309.293,6.053,-1933,-795.927,3,4.876,-11.559,3,129.078
2026-02-22T21:17:14.000Z,1771795034.000,32.635843491,-117.199396451,5.184,342.74,320.407,9.038,13.553,-10.685,13,309.722,5.091,-1934,-798.018,3,4.421,-9.728,3,128.911
2026-02-22T21:17:15.000Z,1771795035.000,32.635868442,-117.199403594,5.224,339.07,353.699,12.543,7.452,-43.809,13,309.889,3.761,-1935,-798.464,3,4.614,-5.707,3,130.419
2026-02-22T21:17:16.000Z,1771795036.000,32.635891741,-117.19941163,5.524,339.58,9.274,5.343,4.063,-59.162,13,310.112,2.823,-1936,-799.392,3,4.853,-3.416,3,131.306
2026-02-22T21:17:17.000Z,1771795037.000,32.635915708,-117.199420259,5.389,338.638,2.591,1.829,9.436,-52.399,13,310.192,3.286,-1937,-801.96,3,4.774,-2.244,3,130.704
2026-02-22T21:17:18.000Z,1771795038.000,32.635938921,-117.199429393,5.312,342.562,344.704,20.111,-0.373,-34.392,13,310.313,4.378,-1938,-805.177,3,4.526,-1.914,3,129.93
2026-02-22T21:17:19.000Z,1771795039.000,32.635962602,-117.199440601,5.5,333.869,332.795,3.129,3.877,-22.427,13,310.368,5.05,-1939,-808.008,3,5.067,-1.474,3,129.449
2026-02-22T21:17:20.000Z,1771795040.000,32.63598694,-117.199449859,5.685,343.015,337.302,18.175,8.383,-27.01,13,310.291,5.06,-1940,-809.981,3,4.815,0.346,3,129.293
2026-02-22T21:17:21.000Z,1771795041.000,32.636012066,-117.199457867,5.577,348.387,329.334,23.951,1.734,-19.017,13,310.318,5.273,-1941,-812.424,3,4.424,1.371,3,128.934
2026-02-22T21:17:22.000Z,1771795042.000,32.636035758,-117.199465856,4.801,339.341,327.311,15.021,0.811,-16.906,13,310.405,4.594,-1942,-814.511,3,4.219,2.715,3,128.873
2026-02-22T21:17:23.000Z,1771795043.000,32.636060038,-117.19947171,5.531,356.616,324.307,16.473,1.474,-13.795,13,310.512,5.365,-1943,-816.484,3,3.853,4.159,3,128.672
2026-02-22T21:17:24.000Z,1771795044.000,32.636085738,-117.199472914,5.275,355.441,332.173,22.089,-0.866,-21.51,13,310.663,4.908,-1944,-817.788,3,3.746,6.854,3,128.931
2026-02-22T21:17:25.000Z,1771795045.000,32.636110187,-117.199475016,5.337,349.689,345.481,17.522,-3.242,-34.744,13,310.737,4.386,-1945,-818.721,3,4.141,9.731,3,129.447
2026-02-22T21:17:26.000Z,1771795046.000,32.636134963,-117.19947932,5.591,349.673,25.47,17.62,-8.086,-74.58,13,310.889,1.459,-1946,-817.644,3,4.332,13.375,3,132.26
2026-02-22T21:17:27.000Z,1771795047.000,32.636159323,-117.199483886,5.324,356.354,32.996,25.597,-2.092,-81.686,13,311.31,0.763,-1947,-818.815,3,3.7,15.279,3,133.179
2026-02-22T21:17:28.000Z,1771795048.000,32.63618496,-117.199490496,5.28,345.639,25.627,18.818,-3.442,-73.917,13,311.709,1.443,-1948,-821.426,3,4.308,16.9,3,132.895
2026-02-22T21:17:29.000Z,1771795049.000,32.636209377,-117.199495346,5.163,351.533,25.778,17.512,-9.652,-73.748,13,312.03,1.45,-1949,-823.219,3,3.881,18.664,3,133.243
2026-02-22T21:17:30.000Z,1771795050.000,32.636233592,-117.199501203,5.09,348.978,2.977,19.285,0.303,-50.363,13,312.614,3.231,-1950,-826.846,3,3.97,19.516,3,131.95
2026-02-22T21:17:31.000Z,1771795051.000,32.636259321,-117.199500785,5.738,1.4,350.143,24.451,-1.031,-37.28,13,312.863,4.567,-1951,-829.161,3,3.594,20.982,3,131.567
2026-02-22T21:17:32.000Z,1771795052.000,32.636285229,-117.199504964,5.98,350.94,344.151,29.964,1.29,-30.986,13,313.165,5.13,-1952,-831.345,3,4.525,22.51,3,131.459
2026-02-22T21:17:33.000Z,1771795053.000,32.636310598,-117.199510218,5.178,353.905,333.623,22.394,2.922,-20.435,13,313.188,4.839,-1953,-833.75,3,3.736,23.564,3,131.174
2026-02-22T21:17:34.000Z,1771795054.000,32.636336605,-117.199512971,5.869,357.338,333.528,28.882,-3.782,-20.544,13,312.984,5.496,-1954,-835.49,3,3.978,25.576,3,131.149
2026-02-22T21:17:35.000Z,1771795055.000,32.636361587,-117.199519219,5.145,353.093,338.568,16.863,6.261,-25.598,13,312.971,4.64,-1955,-837.207,3,3.753,27.661,3,131.375
2026-02-22T21:17:36.000Z,1771795056.000,32.636387682,-117.199521939,5.825,352.673,335.977,19.707,-2.351,-22.922,13,313.055,5.363,-1956,-839.062,3,4.273,29.498,3,131.595
2026-02-22T21:17:37.000Z,1771795057.000,32.636413005,-117.199524973,5.467,351.973,335.513,20.137,-1.464,-22.211,13,313.303,5.06,-1957,-840.795,3,4.051,31.406,3,131.521
2026-02-22T21:17:38.000Z,1771795058.000,32.636437886,-117.199531684,5.616,344.229,332.689,19.628,-5.96,-19.277,13,313.412,5.299,-1958,-842.898,3,4.628,32.874,3,131.366
2026-02-22T21:17:39.000Z,1771795059.000,32.636463667,-117.199538211,5.476,355.389,325.249,23.161,-5.14,-11.686,13,313.563,5.363,-1959,-845.195,3,3.825,34.066,3,131.195
2026-02-22T21:17:40.000Z,1771795060.000,32.636490343,-117.199541156,5.676,348.091,328.113,30.453,-9.515,-14.441,13,313.672,5.497,-1960,-846.88,3,4.443,36.351,3,131.416
2026-02-22T21:17:41.000Z,1771795061.000,32.636515689,-117.199546443,5.878,348.939,331.033,23.444,-5.478,-17.363,13,313.67,5.61,-1961,-848.661,3,4.542,38.38,3,131.807
2026-02-22T21:17:42.000Z,1771795062.000,32.636543185,-117.199554132,5.565,349.287,318.688,30.671,-12.89,-4.881,13,313.808,5.541,-1962,-851.266,3,4.276,39.248,3,131.295
2026-02-22T21:17:43.000Z,1771795063.000,32.636569454,-117.199560268,6.076,351.222,328.275,18.74,-3.876,-14.05,13,314.226,5.893,-1963,-852.991,3,4.528,41.837,3,131.227
2026-02-22T21:17:44.000Z,1771795064.000,32.636595757,-117.199564471,5.729,354.215,318.078,27.2,-6.254,-3.513,13,314.565,5.713,-1964,-855.157,3,4.061,42.982,3,130.995
2026-02-22T21:17:45.000Z,1771795065.000,32.636622444,-117.199566561,5.477,357.543,324.341,23.93,-4.061,-9.674,13,314.667,5.39,-1965,-856.695,3,3.645,45.593,3,131.495
2026-02-22T21:17:46.000Z,1771795066.000,32.636650455,-117.199570115,6.43,353.564,325.655,31.341,-6.054,-11.042,13,314.613,6.31,-1966,-858.569,3,4.595,47.834,3,131.714
2026-02-22T21:17:47.000Z,1771795067.000,32.636676769,-117.1995735,5.613,0.34,329.954,20.78,2.763,-15.419,13,314.535,5.409,-1967,-860.213,3,3.513,50.171,3,132.242
2026-02-22T21:17:48.000Z,1771795068.000,32.636703408,-117.199577059,5.93,349.511,332.381,21.46,-2.837,-16.494,13,315.887,5.683,-1968,-861.945,3,4.509,52.375,3,132.649
2026-02-22T21:17:49.000Z,1771795069.000,32.636729961,-117.199579589,6,357.615,331.236,25.113,-0.014,-14.618,13,316.618,5.806,-1969,-863.737,3,3.961,54.365,3,132.93
2026-02-22T21:17:50.000Z,1771795070.000,32.636756742,-117.199582841,6,348.835,331.526,26.912,-4.133,-13.593,13,317.933,5.832,-1970,-865.539,3,4.597,56.437,3,133.471
2026-02-22T21:17:51.000Z,1771795071.000,32.636782481,-117.199585839,5.909,358.77,329.523,17.405,0.908,-10.232,13,319.291,5.814,-1971,-867.351,3,3.799,58.263,3,133.592
2026-02-22T21:17:52.000Z,1771795072.000,32.636808604,-117.199587358,5.591,353.401,335.933,27.092,-2.183,-16.425,13,319.509,5.364,-1972,-868.719,3,3.973,60.847,3,134.113
2026-02-22T21:17:53.000Z,1771795073.000,32.636834806,-117.199590457,5.466,5.93,331.119,23.864,-0.279,-11.599,13,319.52,5.354,-1973,-870.694,3,2.952,62.498,3,134.215
2026-02-22T21:17:54.000Z,1771795074.000,32.63686148,-117.199590039,5.697,0.202,336.637,27.985,-2.449,-17.117,13,319.52,5.446,-1974,-871.969,3,3.532,65.176,3,134.766
2026-02-22T21:17:55.000Z,1771795075.000,32.636887528,-117.199591745,5.915,355.612,334.629,26.723,-0.022,-15.644,13,318.985,5.696,-1975,-873.709,3,4.021,67.112,3,135.1
2026-02-22T21:17:56.000Z,1771795076.000,32.636915578,-117.199596156,6.211,349,332.922,26.689,-3.077,-14.226,13,318.696,6.02,-1976,-875.763,3,4.713,69.071,3,135.07
2026-02-22T21:17:57.000Z,1771795077.000,32.636942681,-117.1996009,6.113,0.191,328.361,18.669,-1.196,-10.094,13,318.267,6.018,-1977,-877.895,3,3.772,70.709,3,135.006
2026-02-22T21:17:58.000Z,1771795078.000,32.636970593,-117.199592777,6.027,16.327,344.446,28.617,-2.412,-26.641,13,317.806,5.381,-1978,-878.117,3,2.24,74.723,3,136.588
2026-02-22T21:17:59.000Z,1771795079.000,32.636999863,-117.199586153,6.2,10.095,345.664,24.785,-1.047,-28.281,13,317.383,5.459,-1979,-879.222,3,2.905,77.673,3,137.408
2026-02-22T21:18:00.000Z,1771795080.000,32.637028678,-117.199572433,6.536,28.557,352.213,34.112,-0.058,-35.269,13,316.945,5.329,-1980,-879.403,3,1.061,81.348,3,139.113
2026-02-22T21:18:01.000Z,1771795081.000,32.637056587,-117.19956192,5.707,11.099,354.419,28.883,2.527,-37.563,13,316.856,4.518,-1981,-880.047,3,2.562,84.475,3,140.821
2026-02-22T21:18:02.000Z,1771795082.000,32.637083813,-117.199557813,5.516,1.856,344.121,25.195,-1.761,-27.485,13,316.637,4.877,-1982,-881.907,3,3.231,86.353,3,140.943
2026-02-22T21:18:03.000Z,1771795083.000,32.637111627,-117.199553483,6.243,3.746,341.604,31.439,-6.595,-25.634,13,315.971,5.629,-1983,-883.321,3,3.479,88.79,3,141.658
2026-02-22T21:18:04.000Z,1771795084.000,32.63713835,-117.19955182,5.973,3.017,342.884,32.577,-1.15,-27.704,13,315.18,5.287,-1984,-884.671,3,3.383,91.226,3,142.232
2026-02-22T21:18:05.000Z,1771795085.000,32.63716606,-117.199554298,5.829,346.004,334.78,24.608,-2.449,-20.126,13,314.654,5.466,-1985,-886.872,3,4.558,92.82,3,141.649
2026-02-22T21:18:06.000Z,1771795086.000,32.637192773,-117.199554267,5.953,6.407,340.82,26.146,-4.131,-26.529,13,314.291,5.317,-1986,-888.13,3,3.061,95.502,3,142.252
2026-02-22T21:18:07.000Z,1771795087.000,32.637222042,-117.199553075,6.625,359,340.019,24.513,-0.489,-26.022,13,313.996,5.954,-1987,-889.779,3,4.101,97.98,3,142.452
2026-02-22T21:18:08.000Z,1771795088.000,32.637251775,-117.199551122,6.746,359.686,339.846,33.44,-3.862,-27.027,13,312.819,6.007,-1988,-891.357,3,4.103,100.586,3,142.732
2026-02-22T21:18:09.000Z,1771795089.000,32.637280641,-117.199553086,6.569,352.167,336.46,29.111,-4.446,-25.207,13,311.253,5.943,-1989,-893.353,3,4.636,102.646,3,142.499
2026-02-22T21:18:10.000Z,1771795090.000,32.637309952,-117.199554639,6.477,3.911,332.708,21.433,0.073,-23.332,13,309.376,5.943,-1990,-895.344,3,3.534,104.734,3,142.483
2026-02-22T21:18:11.000Z,1771795091.000,32.637338621,-117.199548838,6.05,9.551,345.38,25.744,-3.528,-37.228,13,308.152,4.817,-1991,-895.918,3,2.774,108.403,3,143.556
2026-02-22T21:18:12.000Z,1771795092.000,32.637366527,-117.199545871,6.059,5.152,341.11,19.622,-1.311,-33.163,13,307.947,5.072,-1992,-897.533,3,3.175,110.638,3,143.921
2026-02-22T21:18:13.000Z,1771795093.000,32.637394298,-117.199541735,6.13,3.515,342.561,25.414,-1.132,-34.747,13,307.814,5.037,-1993,-898.738,3,3.35,113.326,3,144.805
2026-02-22T21:18:14.000Z,1771795094.000,32.637423297,-117.199542272,6.288,347.22,339.234,25.6,-4.569,-31.535,13,307.699,5.356,-1994,-900.633,3,4.77,115.494,3,144.767
2026-02-22T21:18:15.000Z,1771795095.000,32.637450151,-117.199547632,6.146,351.53,328.865,15.164,-1.784,-21.098,13,307.767,5.734,-1995,-903.075,3,4.344,116.651,3,144.532
2026-02-22T21:18:16.000Z,1771795096.000,32.637476907,-117.199548855,5.745,355.881,332.365,16.049,-0.132,-24.558,13,307.807,5.225,-1996,-904.586,3,3.733,119.09,3,145.105
2026-02-22T21:18:17.000Z,1771795097.000,32.637504038,-117.199551709,5.545,350.034,327.429,13.751,-2.175,-19.525,13,307.903,5.224,-1997,-906.579,3,4.009,120.816,3,145.397
2026-02-22T21:18:18.000Z,1771795098.000,32.637531575,-117.199552925,6.4,351.763,337.652,22.213,-6.736,-29.532,13,308.121,5.568,-1998,-907.848,3,4.482,123.826,3,145.964
2026-02-22T21:18:19.000Z,1771795099.000,32.637557913,-117.199556963,5.686,358.885,330.375,13.294,4.958,-21.898,13,308.477,5.276,-1999,-910.016,3,3.443,125.248,3,146.057
2026-02-22T21:18:20.000Z,1771795100.000,32.637585652,-117.199558607,5.892,351.731,331.067,20.752,-1.825,-22.434,13,308.632,5.446,-2000,-911.731,3,4.117,127.53,3,146.449
2026-02-22T21:18:21.000Z,1771795101.000,32.637613076,-117.199564224,6.1,348.447,330.791,19.571,-4.82,-22.246,13,308.545,5.646,-2001,-913.782,3,4.5,129.469,3,146.708
2026-02-22T21:18:22.000Z,1771795102.000,32.637638868,-117.199567675,5.6,4.49,329.915,16.696,2.231,-21.544,13,308.371,5.206,-2002,-915.586,3,2.918,131.356,3,147.203
2026-02-22T21:18:23.000Z,1771795103.000,32.637665961,-117.199568533,5.81,355.009,334.408,21.891,-5.506,-25.955,13,308.452,5.223,-2003,-917.043,3,3.795,133.921,3,147.77
2026-02-22T21:18:24.000Z,1771795104.000,32.63769316,-117.199572563,5.768,357.23,331.194,16.816,-0.249,-22.523,13,308.671,5.329,-2004,-919.079,3,3.59,135.716,3,147.76
2026-02-22T21:18:25.000Z,1771795105.000,32.637720315,-117.199574302,5.825,354.698,332.134,20.626,-4.267,-23.217,13,308.917,5.353,-2005,-920.756,3,3.816,137.963,3,148.177
2026-02-22T21:18:26.000Z,1771795106.000,32.637746624,-117.199577602,6.139,350.841,333.108,22.567,-3.361,-23.912,13,309.196,5.611,-2006,-922.506,3,4.318,140.044,3,148.284
2026-02-22T21:18:27.000Z,1771795107.000,32.637773235,-117.199580602,5.191,358.13,331.618,20.729,-0.234,-22.037,13,309.58,4.812,-2007,-924.352,3,3.148,141.983,3,148.609
2026-02-22T21:18:28.000Z,1771795108.000,32.637799874,-117.199581788,5.524,358.624,331.044,20.826,0.617,-20.988,13,310.056,5.158,-2008,-926.016,3,3.305,144.105,3,149.14
2026-02-22T21:18:29.000Z,1771795109.000,32.637826905,-117.19958413,5.853,348.664,338.27,25.589,-5.143,-27.901,13,310.369,5.166,-2009,-927.448,3,4.252,146.767,3,149.967
2026-02-22T21:18:30.000Z,1771795110.000,32.63785288,-117.199583846,6.305,8.435,334.224,24.188,-3.657,-23.696,13,310.528,5.762,-2010,-929.12,3,2.837,148.67,3,150.933
2026-02-22T21:18:31.000Z,1771795111.000,32.637879346,-117.199584709,5.512,348.09,337.862,27.167,-1.453,-26.789,13,311.073,4.92,-2011,-930.561,3,4.03,151.11,3,152.066
2026-02-22T21:18:32.000Z,1771795112.000,32.637904461,-117.199589478,5.722,357.728,328.724,20.024,-6.443,-17.307,13,311.417,5.463,-2012,-932.789,3,3.467,152.242,3,152.112
2026-02-22T21:18:33.000Z,1771795113.000,32.637929935,-117.199589437,5.824,359.176,335.381,22.534,2.236,-23.924,13,311.457,5.312,-2013,-933.985,3,3.402,154.886,3,152.376
2026-02-22T21:18:34.000Z,1771795114.000,32.637957706,-117.1995885,5.7,358.233,335.828,21.745,-3.617,-24.417,13,311.41,5.19,-2014,-935.507,3,3.397,157.312,3,151.929
2026-02-22T21:18:35.000Z,1771795115.000,32.637984687,-117.199589901,6.277,354.049,338.447,22.356,-2.204,-27.067,13,311.38,5.586,-2015,-937.06,3,4.09,159.683,3,150.853
2026-02-22T21:18:36.000Z,1771795116.000,32.638011978,-117.19959292,5.48,0.569,326.218,12.632,-1.197,-14.816,13,311.402,5.29,-2016,-939.389,3,3.071,160.868,3,150.233
2026-02-22T21:18:37.000Z,1771795117.000,32.638040054,-117.199588056,6.169,6.683,343.93,33.956,-1.822,-32.37,13,311.56,5.191,-2017,-939.831,3,2.879,164.824,3,150.221
2026-02-22T21:18:38.000Z,1771795118.000,32.638067923,-117.199590297,5.636,354.667,332.22,18.21,4.439,-20.421,13,311.799,5.273,-2018,-942.2,3,3.605,166.191,3,150.716
2026-02-22T21:18:39.000Z,1771795119.000,32.638096431,-117.199590962,5.775,355.219,335.141,22.147,-4.749,-23.181,13,311.96,5.307,-2019,-943.786,3,3.643,168.765,3,150.11
2026-02-22T21:18:40.000Z,1771795120.000,32.638123578,-117.199591876,6.015,1.339,330.067,15.761,-3.665,-18.162,13,311.905,5.715,-2020,-945.647,3,3.268,170.608,3,149.678
2026-02-22T21:18:41.000Z,1771795121.000,32.638150564,-117.199586598,5.789,4.449,344.589,20.859,-3.319,-32.794,13,311.795,4.86,-2021,-946.1,3,2.864,174.248,3,149.519
2026-02-22T21:18:42.000Z,1771795122.000,32.638175897,-117.19958445,5.413,0.613,339.775,19.437,0.475,-28.062,13,311.713,4.776,-2022,-947.657,3,2.98,176.178,3,149.537
2026-02-22T21:18:43.000Z,1771795123.000,32.638200856,-117.199582615,5.515,358.563,340.422,27.405,0.823,-28.867,13,311.555,4.83,-2023,-948.926,3,3.191,178.433,3,150.297
2026-02-22T21:18:44.000Z,1771795124.000,32.638226677,-117.199586766,5.885,346.734,335.303,23.427,0.412,-24.01,13,311.294,5.373,-2024,-951.001,3,4.312,179.977,3,149.208
2026-02-22T21:18:45.000Z,1771795125.000,32.638252916,-117.199591597,5.508,352.868,325.961,17.864,-2.138,-14.712,13,311.249,5.321,-2025,-953.278,3,3.608,181.172,3,149.288
2026-02-22T21:18:46.000Z,1771795126.000,32.638279302,-117.199590913,6.496,359.583,338.048,26.679,-5.218,-26.639,13,311.409,5.804,-2026,-954.26,3,3.639,184.345,3,149.27
2026-02-22T21:18:47.000Z,1771795127.000,32.638304613,-117.199593923,5.485,358.821,329.109,14.259,0.519,-17.938,13,311.171,5.216,-2027,-956.352,3,3.128,185.618,3,149.468
2026-02-22T21:18:48.000Z,1771795128.000,32.638332631,-117.199589695,6.011,4.153,337.165,26.644,-4.72,-26.096,13,311.069,5.398,-2028,-957.299,3,2.943,188.836,3,150.334
2026-02-22T21:18:49.000Z,1771795129.000,32.638358869,-117.199589674,5.5,359.097,339.897,23.389,-1.571,-28.977,13,310.92,4.811,-2029,-958.688,3,3.096,191.238,3,150.77
2026-02-22T21:18:50.000Z,1771795130.000,32.638385374,-117.199589415,5.685,356.942,336.322,26.093,-1.927,-25.697,13,310.625,5.123,-2030,-960.378,3,3.368,193.223,3,151.015
2026-02-22T21:18:51.000Z,1771795131.000,32.63841329,-117.199591494,5.733,356.742,336.983,28.972,-3.032,-26.716,13,310.267,5.12,-2031,-962.134,3,3.404,195.489,3,151.384
2026-02-22T21:18:52.000Z,1771795132.000,32.638439964,-117.199597082,5.8,354.808,327.598,17.89,3.697,-17.481,13,310.118,5.532,-2032,-964.518,3,3.595,196.679,3,150.404
2026-02-22T21:18:53.000Z,1771795133.000,32.638467678,-117.199599419,6.287,346.877,332.517,22.765,-2.211,-22.313,13,310.204,5.816,-2033,-966.122,3,4.531,199.241,3,151.004
2026-02-22T21:18:54.000Z,1771795134.000,32.638494728,-117.199603294,6.169,349.266,328.719,18.855,-4.72,-18.536,13,310.183,5.847,-2034,-968.149,3,4.259,200.986,3,150.02
2026-02-22T21:18:55.000Z,1771795135.000,32.638522863,-117.199603404,5.9,2.847,335.364,27.243,-5.496,-24.89,13,310.474,5.347,-2035,-969.516,3,2.945,203.844,3,150.734
2026-02-22T21:18:56.000Z,1771795136.000,32.638549331,-117.199607511,5.875,350.626,334.333,22.652,-0.305,-23.52,13,310.813,5.386,-2036,-971.429,3,3.937,205.741,3,150.593
2026-02-22T21:18:57.000Z,1771795137.000,32.638575171,-117.199610246,5.562,356.693,329.008,19.124,1.346,-17.993,13,311.016,5.289,-2037,-973.364,3,3.264,207.341,3,151.517
2026-02-22T21:18:58.000Z,1771795138.000,32.638602439,-117.199611771,5.555,351.97,330.651,25.932,-4.571,-19.567,13,311.084,5.232,-2038,-975.005,3,3.612,209.664,3,151.508
2026-02-22T21:18:59.000Z,1771795139.000,32.638627961,-117.199617981,5.889,349.425,330.301,17.46,-6.05,-19.156,13,311.145,5.563,-2039,-976.997,3,4.018,211.401,3,151.54
2026-02-22T21:19:00.000Z,1771795140.000,32.638652009,-117.199623786,5.287,348.479,330.261,11.362,3.19,-19.405,13,310.856,4.982,-2040,-978.855,3,3.665,213.061,3,152.184
2026-02-22T21:19:01.000Z,1771795141.000,32.638677016,-117.199626969,5.485,350.617,329.96,14.498,-3.346,-19.625,13,310.336,5.165,-2041,-980.574,3,3.646,214.944,3,152.669
2026-02-22T21:19:02.000Z,1771795142.000,32.638702229,-117.199627396,5.476,3.119,336.865,24.855,-1.446,-26.799,13,310.066,4.882,-2042,-981.773,3,2.659,217.552,3,153.431
2026-02-22T21:19:03.000Z,1771795143.000,32.6387281,-117.199628626,5.688,357.733,332.729,20.87,-3.346,-22.721,13,310.008,5.245,-2043,-983.56,3,3.209,219.345,3,153.656
2026-02-22T21:19:04.000Z,1771795144.000,32.638753733,-117.199632313,5.97,349.866,333.421,16.21,-0.41,-23.693,13,309.728,5.467,-2044,-985.313,3,4.004,221.325,3,153.343
2026-02-22T21:19:05.000Z,1771795145.000,32.638781428,-117.199635551,6.154,358.328,328.845,12.909,-3.947,-19.61,13,309.236,5.796,-2045,-987.361,3,3.404,223.104,3,153.753
2026-02-22T21:19:06.000Z,1771795146.000,32.638808887,-117.199634536,5.925,4.589,333.848,14.136,-4.076,-25.108,13,308.74,5.365,-2046,-988.673,3,2.708,225.854,3,154.578
2026-02-22T21:19:07.000Z,1771795147.000,32.638835632,-117.199631603,6.16,5.314,335.733,11.04,-3.861,-27.257,13,308.476,5.478,-2047,-989.906,3,2.735,228.42,3,155.109
2026-02-22T21:19:08.000Z,1771795148.000,32.638862678,-117.19962485,6.139,13.641,347.599,23.704,-4.941,-39.388,13,308.211,4.726,-2048,-990.309,3,1.885,231.927,3,156.36
2026-02-22T21:19:09.000Z,1771795149.000,32.638890129,-117.199620816,6.064,4.532,343.821,17.551,4.914,-35.433,13,308.389,4.941,-2049,-991.802,3,2.743,234.236,3,156.463
2026-02-22T21:19:10.000Z,1771795150.000,32.638916814,-117.199615595,5.653,13.537,337.761,16.365,-0.282,-29.129,13,308.632,4.937,-2050,-993.245,3,1.727,236.372,3,157.365
2026-02-22T21:19:11.000Z,1771795151.000,32.638941692,-117.199608982,5.631,8.426,345.72,22.465,-5.494,-36.921,13,308.799,4.5,-2051,-993.744,3,2.179,239.421,3,158.254
2026-02-22T21:19:12.000Z,1771795152.000,32.638966347,-117.199607212,5.341,1.413,342.717,18.071,-2.131,-33.929,13,308.788,4.431,-2052,-995.199,3,2.646,241.398,3,159.258
2026-02-22T21:19:13.000Z,1771795153.000,32.638990787,-117.19960675,5.288,2.832,339.343,16.942,-1.855,-30.592,13,308.751,4.552,-2053,-996.755,3,2.497,243.243,3,158.96
2026-02-22T21:19:14.000Z,1771795154.000,32.639014751,-117.199603596,5.369,5.464,343.727,21.066,-4.591,-34.939,13,308.788,4.4,-2054,-997.664,3,2.307,245.755,3,161.062
2026-02-22T21:19:15.000Z,1771795155.000,32.63904139,-117.199601901,5.777,4.452,338.563,21.436,-4.632,-29.742,13,308.821,5.016,-2055,-999.343,3,2.565,247.736,3,161.324
2026-02-22T21:19:16.000Z,1771795156.000,32.639067033,-117.199598257,5.674,3.956,343.212,22.625,-1.094,-34.461,13,308.751,4.672,-2056,,3,2.553,250.438,3,162.468
2026-02-22T21:19:17.000Z,1771795157.000,32.639092199,-117.1995964,5.553,2.795,341.667,18.993,-2.725,-33.227,13,308.439,4.645,-2057,,3,2.59,252.562,3,163.493
2026-02-22T21:19:18.000Z,1771795158.000,32.639117867,-117.19959444,5.433,6.93,334.075,17.42,-3.261,-26.033,13,308.041,4.882,-2058,,3,2.174,254.29,3,163.093
2026-02-22T21:19:19.000Z,1771795159.000,32.639143281,-117.199588889,5.9,3.785,343.95,28.158,-2.749,-36.65,13,307.301,4.731,-2059,,3,2.641,257.471,3,164.143
2026-02-22T21:19:20.000Z,1771795160.000,32.639168325,-117.199591092,5.6,350.315,333.813,24.286,-2.706,-26.04,13,307.773,5.029,-2060,,3,3.599,258.714,3,163.909
2026-02-22T21:19:21.000Z,1771795161.000,32.639190952,-117.199601868,5.669,324.835,317.976,21.033,-4.907,-9.602,13,308.374,5.585,-2061,,3,5.157,258.717,3,162.581
2026-02-22T21:19:22.000Z,1771795162.000,32.639205936,-117.199622095,5.242,292.814,302.196,13.153,-3.447,6.62,13,308.817,5.203,-2062,,3,5.197,257.46,3,162.729
2026-02-22T21:19:23.000Z,1771795163.000,32.639211767,-117.1996451,4.13,280.14,282.308,-0.935,-4.836,26.761,13,309.069,3.69,-2063,,3,3.874,255.02,3,163.653
2026-02-22T21:19:24.000Z,1771795164.000,32.639208563,-117.199665727,3.945,257.801,274.942,-19.285,-7.072,34.573,13,309.515,3.249,-2064,,3,2.9,252.979,3,165.366
2026-02-22T21:19:25.000Z,1771795165.000,32.639204511,-117.199686814,3.989,258.756,278.498,-25.343,-1.214,31.63,13,310.128,3.396,-2065,,3,2.975,251.584,3,165.873
2026-02-22T21:19:26.000Z,1771795166.000,32.639202462,-117.19970889,4.212,266.376,279.546,-25.047,-2.679,31.486,13,311.033,3.592,-2066,,3,3.484,250.129,3,166.282
2026-02-22T21:19:27.000Z,1771795167.000,32.639201926,-117.19973294,4.808,268.842,282.724,-19.866,-7.865,28.899,13,311.623,4.207,-2067,,3,4.087,248.833,3,166.107
2026-02-22T21:19:28.000Z,1771795168.000,32.639202995,-117.19975738,4.445,277.909,283.715,-12.255,-1.074,28.093,13,311.808,3.922,-2068,,3,4.099,247.495,3,167.234
2026-02-22T21:19:29.000Z,1771795169.000,32.639204188,-117.199783291,4.653,273.042,280.858,-9.257,-6.133,30.99,13,311.848,3.988,-2069,,3,4.121,245.802,3,166.336
2026-02-22T21:19:30.000Z,1771795170.000,32.639203201,-117.199808905,4.762,271.69,280.234,-9.26,-6.755,31.628,13,311.863,4.054,-2070,,3,4.162,244.105,3,167.835
2026-02-22T21:19:31.000Z,1771795171.000,32.63920157,-117.199835924,5.323,263.709,277.635,-9.555,-1.961,34.408,13,312.042,4.392,-2071,,3,4.244,242.131,3,168.138
2026-02-22T21:19:32.000Z,1771795172.000,32.639199449,-117.19986532,5.566,264.16,275.556,-10.568,-7.706,36.769,13,312.325,4.458,-2072,,3,4.459,240.011,3,169.199
2026-02-22T21:19:33.000Z,1771795173.000,32.639196462,-117.199892563,5.125,259.297,278.519,-13.795,-3.854,33.958,13,312.477,4.252,-2073,,3,3.828,238.289,3,169.688
2026-02-22T21:19:34.000Z,1771795174.000,32.639192435,-117.199918415,4.73,259.666,276.286,-12.798,9.609,36.343,13,312.629,3.809,-2074,,3,3.55,236.214,3,169.631
2026-02-22T21:19:35.000Z,1771795175.000,32.639189155,-117.199945937,4.786,266.243,276.352,-13.939,-2.57,36.306,13,312.658,3.861,-2075,,3,3.926,234.255,3,169.928
2026-02-22T21:19:36.000Z,1771795176.000,32.639186231,-117.199973128,4.976,269.656,277.929,-15.321,-8.728,34.731,13,312.66,4.087,-2076,,3,4.242,232.448,3,170.5
2026-02-22T21:19:37.000Z,1771795177.000,32.639184183,-117.199998677,5.183,265.361,278.687,-15.091,-0.647,33.973,13,312.66,4.3,-2077,,3,4.2,230.76,3,169.22
2026-02-22T21:19:38.000Z,1771795178.000,32.639180475,-117.200026209,5.369,258.643,277.925,-17.618,-3.985,34.595,13,312.519,4.42,-2078,,3,3.949,228.707,3,170.682
2026-02-22T21:19:39.000Z,1771795179.000,32.639179531,-117.200054177,5.034,272.843,280.185,-13.612,2.681,32.099,13,312.284,4.263,-2079,,3,4.424,227.068,3,169.299
2026-02-22T21:19:40.000Z,1771795180.000,32.639179251,-117.200082222,5.2,269.371,278.325,-11.027,-6.366,33.546,13,311.871,4.334,-2080,,3,4.407,225.196,3,168.985
2026-02-22T21:19:41.000Z,1771795181.000,32.639176951,-117.200109794,5.215,259.328,275.279,-5.914,2.648,35.975,13,311.254,4.221,-2081,,3,3.865,223.107,3,170.562
2026-02-22T21:19:42.000Z,1771795182.000,32.639172713,-117.200139535,5.691,262.895,278.278,-16.084,-4.459,32.572,13,310.85,4.794,-2082,,3,4.443,221.128,3,170.565
2026-02-22T21:19:43.000Z,1771795183.000,32.639171161,-117.20017005,5.563,267.699,279.561,-15.366,-5.198,31.167,13,310.728,4.76,-2083,,3,4.616,219.214,3,170.135
2026-02-22T21:19:44.000Z,1771795184.000,32.639172799,-117.20019792,5,276.751,282.441,-12.204,-5.797,28.104,13,310.545,4.41,-2084,,3,4.534,217.845,3,170.756
2026-02-22T21:19:45.000Z,1771795185.000,32.639173925,-117.200226149,5.2,276.819,284.678,-14.999,-1.468,25.67,13,310.348,4.686,-2085,,3,4.717,216.369,3,170.546
2026-02-22T21:19:46.000Z,1771795186.000,32.639174466,-117.200255662,5.211,262.488,285.334,-16.087,-0.279,24.727,13,310.061,4.732,-2086,,3,4.033,214.653,3,171.02
2026-02-22T21:19:47.000Z,1771795187.000,32.639175387,-117.200285168,5.638,269.499,285.063,-19.019,0.82,24.61,13,309.674,5.125,-2087,,3,4.763,212.9,3,170.956
2026-02-22T21:19:48.000Z,1771795188.000,32.639178913,-117.200314635,5.221,279.774,284.949,-17.079,-6.38,24.628,13,309.577,4.747,-2088,,3,4.837,211.381,3,170.563
2026-02-22T21:19:49.000Z,1771795189.000,32.639182893,-117.200343586,5.545,279.436,285.76,-13.434,-6.525,23.885,13,309.645,5.069,-2089,,3,5.124,209.999,3,169.285
2026-02-22T21:19:50.000Z,1771795190.000,32.639186881,-117.200371175,5.254,278.357,285.868,-8.332,-2.926,24.105,13,309.973,4.797,-2090,,3,4.814,208.649,3,169.815
2026-02-22T21:19:51.000Z,1771795191.000,32.639189087,-117.200399482,5.079,270.413,281.559,-10.573,-0.207,28.336,13,309.895,4.471,-2091,,3,4.325,206.788,3,169.121
2026-02-22T21:19:52.000Z,1771795192.000,32.639189864,-117.200429086,5.245,273.363,281.792,-15.113,-8.219,28.044,13,309.836,4.629,-2092,,3,4.6,205.054,3,168.459
2026-02-22T21:19:53.000Z,1771795193.000,32.639191759,-117.200459388,5.588,271.546,284.937,-10.544,-1.309,24.912,13,309.849,5.068,-2093,,3,4.81,203.58,3,168.197
2026-02-22T21:19:54.000Z,1771795194.000,32.639192687,-117.200490781,5.725,269.863,283.388,-16.16,-3.355,26.565,13,309.953,5.121,-2094,,3,4.837,201.621,3,168.476
2026-02-22T21:19:55.000Z,1771795195.000,32.6391942,-117.200521598,5.646,277.946,281.803,-13.085,-4.945,28.028,13,309.831,4.984,-2095,,3,5.145,199.745,3,167.964
2026-02-22T21:19:56.000Z,1771795196.000,32.639194634,-117.200551443,5.234,265.167,282.077,-17.056,-5.851,27.681,13,309.758,4.635,-2096,,3,4.171,197.97,3,168.402
2026-02-22T21:19:57.000Z,1771795197.000,32.639194364,-117.20058139,5.224,270.733,280.446,-19.764,-1.854,29.396,13,309.842,4.552,-2097,,3,4.446,195.995,3,168.21
2026-02-22T21:19:58.000Z,1771795198.000,32.639194447,-117.200611205,6.113,272.507,283.438,-23.18,-11.801,26.689,13,310.127,5.459,-2098,,3,5.296,194.386,3,168.371
2026-02-22T21:19:59.000Z,1771795199.000,32.639196638,-117.200640098,5.569,283.406,290.454,-20.924,-2.724,20.406,13,310.86,5.218,-2099,,3,5.263,193.318,3,168.31
2026-02-22T21:20:00.000Z,1771795200.000,32.639200147,-117.200669765,4.994,279.471,286.031,-15.627,-0.431,25.646,13,311.677,4.502,-2100,,3,4.594,191.461,3,169.055
2026-02-22T21:20:01.000Z,1771795201.000,32.639202026,-117.200699305,5.35,272.782,283.725,-14.368,-3.846,28.523,13,312.249,4.7,-2101,,3,4.64,189.639,3,168.127
2026-02-22T21:20:02.000Z,1771795202.000,32.639202084,-117.200729719,5.584,275.84,283.557,-20.678,-4.97,29.276,13,312.833,4.871,-2102,,3,4.982,187.767,3,168.699
2026-02-22T21:20:03.000Z,1771795203.000,32.639204277,-117.200761138,5.8,277.429,285.371,-19.616,-5.027,27.746,13,313.117,5.133,-2103,,3,5.243,186.155,3,167.619
2026-02-22T21:20:04.000Z,1771795204.000,32.639207179,-117.200790494,5.448,276.875,285.987,-19.092,-4.035,26.962,13,312.949,4.855,-2104,,3,4.9,184.644,3,168.016
2026-02-22T21:20:05.000Z,1771795205.000,32.639208846,-117.200820144,5.38,270.702,283.919,-9.955,2.604,28.835,13,312.753,4.713,-2105,,3,4.555,182.814,3,167.701
2026-02-22T21:20:06.000Z,1771795206.000,32.63920924,-117.200851784,5.615,270.166,280.73,-17.943,-5.544,31.985,13,312.714,4.762,-2106,,3,4.721,180.68,3,167.169
2026-02-22T21:20:07.000Z,1771795207.000,32.63921057,-117.20088343,5.659,273.863,283.775,-18.008,-4.899,29.193,13,312.968,4.94,-2107,,3,4.943,179.067,3,167.234
2026-02-22T21:20:08.000Z,1771795208.000,32.63921286,-117.200913436,5.289,278.453,284.296,-17.064,-2.026,28.619,13,312.915,4.642,-2108,,3,4.809,177.457,3,166.435
2026-02-22T21:20:09.000Z,1771795209.000,32.63921611,-117.200943126,5.615,278.949,284.615,-14.604,-6.486,28.061,13,312.676,4.955,-2109,,3,5.123,175.932,3,166.038
2026-02-22T21:20:10.000Z,1771795210.000,32.639220175,-117.200973723,5.81,279.566,285.398,-14.2,-5.71,26.971,13,312.369,5.177,-2110,,3,5.324,174.454,3,165.768
2026-02-22T21:20:11.000Z,1771795211.000,32.639222963,-117.201004541,5.488,273.336,284.641,-14.623,-5.63,27.736,13,312.377,4.857,-2111,,3,4.758,172.743,3,165.4
2026-02-22T21:20:12.000Z,1771795212.000,32.639224993,-117.201035665,5.807,275.66,285.615,-15.581,-7.888,26.884,13,312.499,5.18,-2112,,3,5.145,171.075,3,165.332
2026-02-22T21:20:13.000Z,1771795213.000,32.639225361,-117.201066629,5.6,266.247,285.279,-16.656,-0.868,27.13,13,312.409,4.982,-2113,,3,4.466,169.183,3,165.314
2026-02-22T21:20:14.000Z,1771795214.000,32.639225048,-117.201098541,5.36,270.633,282.26,-18.628,-1.479,29.914,13,312.174,4.644,-2114,,3,4.505,166.981,3,164.486
2026-02-22T21:20:15.000Z,1771795215.000,32.63922515,-117.201130639,5.713,270.075,280.925,-16.978,-3.799,30.851,13,311.776,4.904,-2115,,3,4.767,164.926,3,164.816
2026-02-22T21:20:16.000Z,1771795216.000,32.639225485,-117.201161204,6.278,273.059,281.734,-15.004,-9.357,29.847,13,311.581,5.44,-2116,,3,5.408,163.137,3,164.637
2026-02-22T21:20:17.000Z,1771795217.000,32.639226111,-117.201191679,5.821,273.074,284.673,-10.834,2.624,26.601,13,311.275,5.206,-2117,,3,5.013,161.532,3,163.917
2026-02-22T21:20:18.000Z,1771795218.000,32.639226112,-117.201222909,5.55,272.274,282.095,-14.867,-1.752,29.018,13,311.113,4.852,-2118,,3,4.735,159.43,3,163.839
2026-02-22T21:20:19.000Z,1771795219.000,32.63922762,-117.201253963,5.307,270.762,281.314,-12.723,-1.304,29.628,13,310.942,4.613,-2119,,3,4.45,157.597,3,163.973
2026-02-22T21:20:20.000Z,1771795220.000,32.639230625,-117.201283628,5.053,275.986,281.59,-10.879,-6.804,29.098,13,310.687,4.418,-2120,,3,4.467,156.05,3,164.377
2026-02-22T21:20:21.000Z,1771795221.000,32.639233134,-117.201312889,5.793,277.926,283.601,-12.002,-7.641,26.869,13,310.47,5.165,-2121,,3,5.208,154.609,3,164.398
2026-02-22T21:20:22.000Z,1771795222.000,32.639235791,-117.201341421,5.126,276.835,284.879,-7.044,5.874,25.568,13,310.447,4.622,-2122,,3,4.563,153.175,3,163.629
2026-02-22T21:20:23.000Z,1771795223.000,32.639238447,-117.201371087,5.431,274.28,281.006,-7.414,-5.233,29.484,13,310.49,4.725,-2123,,3,4.715,151.302,3,163.544
2026-02-22T21:20:24.000Z,1771795224.000,32.639239578,-117.201401526,5.333,275.357,278.472,-7.189,-4.633,32.332,13,310.804,4.506,-2124,,3,4.676,149.354,3,163.43
2026-02-22T21:20:25.000Z,1771795225.000,32.639238238,-117.201429896,5.1,263.925,279.126,-13.71,-4.157,31.616,13,310.743,4.343,-2125,,3,3.893,147.545,3,163.914
2026-02-22T21:20:26.000Z,1771795226.000,32.639236946,-117.201459679,5.569,265.777,279.277,-13.682,-5.154,31.51,13,310.787,4.747,-2126,,3,4.36,145.621,3,162.897
2026-02-22T21:20:27.000Z,1771795227.000,32.639235836,-117.201491109,6.349,265.009,281.805,-18.464,-8.467,29.227,13,311.031,5.539,-2127,,3,4.913,143.776,3,162.909
2026-02-22T21:20:28.000Z,1771795228.000,32.639236516,-117.201522725,5.5,274.696,283.322,-15.156,-3.438,27.874,13,311.196,4.861,-2128,,3,4.778,142.003,3,162.042
2026-02-22T21:20:29.000Z,1771795229.000,32.639237993,-117.201552848,5.253,275.666,285.476,-13.098,1.376,25.733,13,311.209,4.728,-2129,,3,4.605,140.436,3,162.107
2026-02-22T21:20:30.000Z,1771795230.000,32.639239209,-117.201581956,5.13,274.326,281.775,-15.633,-1.658,29.351,13,311.126,4.472,-2130,,3,4.434,138.485,3,161.247
2026-02-22T21:20:31.000Z,1771795231.000,32.639240255,-117.201612527,5.766,272.106,281.7,-17.846,-8.922,29.273,13,310.973,5.028,-2131,,3,4.864,136.693,3,161.691
2026-02-22T21:20:32.000Z,1771795232.000,32.639241712,-117.201641646,5.362,275.612,283.434,-16.191,1.275,27.495,13,310.929,4.757,-2132,,3,4.688,135.153,3,160.474
2026-02-22T21:20:33.000Z,1771795233.000,32.639242963,-117.201672334,5.885,273.193,281.375,-17.579,-4.456,29.507,13,310.881,5.121,-2133,,3,5.015,133.229,3,160.696
2026-02-22T21:20:34.000Z,1771795234.000,32.639244169,-117.201703102,5.554,269.645,280.565,-15.137,-2.851,30.251,13,310.816,4.797,-2134,,3,4.54,131.386,3,160.271
2026-02-22T21:20:35.000Z,1771795235.000,32.639244038,-117.201734867,6.063,269,282.875,-19.971,-5.128,28.389,13,311.263,5.334,-2135,,3,4.912,129.59,3,160.783
2026-02-22T21:20:36.000Z,1771795236.000,32.639245983,-117.201766385,5.526,273.468,283.172,-17.281,0.615,28.573,13,311.745,4.853,-2136,,3,4.713,127.842,3,160.065
2026-02-22T21:20:37.000Z,1771795237.000,32.639248286,-117.201798114,5.646,276.593,281.335,-13.92,-7.052,30.814,13,312.149,4.849,-2137,,3,4.965,125.959,3,159.8
2026-02-22T21:20:38.000Z,1771795238.000,32.639249865,-117.201830046,5.612,271.923,281.704,-12.053,-2.943,30.565,13,312.269,4.832,-2138,,3,4.697,124.159,3,159.556
2026-02-22T21:20:39.000Z,1771795239.000,32.639250065,-117.201861507,5.613,270.614,279.355,-12.312,-4.243,32.78,13,312.135,4.719,-2139,,3,4.622,122.082,3,158.912
2026-02-22T21:20:40.000Z,1771795240.000,32.639249069,-117.201894,6.2,270.599,281.154,-16.814,-6.2,30.859,13,312.013,5.322,-2140,,3,5.099,120.13,3,158.096
2026-02-22T21:20:41.000Z,1771795241.000,32.6392503,-117.201924983,5.316,275.893,284.177,-12.92,5.126,28.091,13,312.267,4.686,-2141,,3,4.63,118.551,3,157.895
2026-02-22T21:20:42.000Z,1771795242.000,32.639251028,-117.201956568,5.231,279.351,279.79,-14.853,-3.576,32.711,13,312.501,4.404,-2142,,3,4.699,116.362,3,157.682
2026-02-22T21:20:43.000Z,1771795243.000,32.6392517,-117.201985982,5.24,266.741,280.088,-16.772,-7.434,32.708,13,312.795,4.41,-2143,,3,4.087,114.636,3,157.413
2026-02-22T21:20:44.000Z,1771795244.000,32.639251469,-117.20201667,5.323,269.837,279.961,-16.214,-3.884,33.257,13,313.218,4.452,-2144,,3,4.321,112.724,3,157.563
2026-02-22T21:20:45.000Z,1771795245.000,32.639250779,-117.202048304,6.033,263.683,283.418,-23.625,-9.254,30.107,13,313.525,5.22,-2145,,3,4.486,110.971,3,156.717
2026-02-22T21:20:46.000Z,1771795246.000,32.639252842,-117.202078186,5.385,280.802,286.399,-18.023,4.07,27.206,13,313.605,4.785,-2146,,3,4.885,109.529,3,156.512
2026-02-22T21:20:47.000Z,1771795247.000,32.639256387,-117.202107465,5.27,279.086,284.315,-16.575,-6.942,29.212,13,313.526,4.598,-2147,,3,4.708,107.879,3,155.796
2026-02-22T21:20:48.000Z,1771795248.000,32.639258224,-117.202138173,5.467,272.658,283.399,-14.851,-6.252,30.075,13,313.474,4.729,-2148,,3,4.575,106.083,3,155.275
2026-02-22T21:20:49.000Z,1771795249.000,32.639258012,-117.202170409,6.428,268.461,284.457,-22.308,-6.844,29.107,13,313.564,5.617,-2149,,3,5.102,104.164,3,155.564
2026-02-22T21:20:50.000Z,1771795250.000,32.639259019,-117.202201359,5.641,272.376,287.782,-19.399,3.429,25.979,13,313.76,5.066,-2150,,3,4.697,102.597,3,155.577
2026-02-22T21:20:51.000Z,1771795251.000,32.639262406,-117.202232412,5.831,278.736,285.142,-18.111,-4.138,28.899,13,314.042,5.105,-2151,,3,5.18,100.781,3,154.994
2026-02-22T21:20:52.000Z,1771795252.000,32.639266776,-117.202263349,5.855,275.45,285.063,-13.774,-8.739,29.214,13,314.277,5.108,-2152,,3,5.035,99.245,3,154.436
2026-02-22T21:20:53.000Z,1771795253.000,32.639270482,-117.202293379,5.762,284.101,286.263,-12.169,-2.179,28.263,13,314.526,5.075,-2153,,3,5.339,97.802,3,154.02
2026-02-22T21:20:54.000Z,1771795254.000,32.639273672,-117.202324642,5.77,278.127,283.116,-14.508,-6.876,31.887,13,315.003,4.897,-2154,,3,5.087,95.924,3,153.18
2026-02-22T21:20:55.000Z,1771795255.000,32.639276558,-117.202356381,6.056,275.563,282.009,-5.545,-5.085,33.151,13,315.16,5.07,-2155,,3,5.203,94.14,3,153.904
2026-02-22T21:20:56.000Z,1771795256.000,32.639276849,-117.202387157,5.7,269.923,279.961,-11.316,-5.563,34.983,13,314.945,4.67,-2156,,3,4.581,92.133,3,153.118
2026-02-22T21:20:57.000Z,1771795257.000,32.639276166,-117.202417663,5.86,267.449,280.321,-16.495,0.187,34.254,13,314.576,4.844,-2157,,3,4.549,90.23,3,153.254
2026-02-22T21:20:58.000Z,1771795258.000,32.639276578,-117.202448269,5.6,270.761,281.856,-21.49,-7.225,32.437,13,314.293,4.726,-2158,,3,4.54,88.495,3,152.789
2026-02-22T21:20:59.000Z,1771795259.000,32.639278728,-117.202479279,5.92,279.334,285.295,-19.042,-7.11,29.071,13,314.366,5.173,-2159,,3,5.259,87.021,3,151.867
2026-02-22T21:21:00.000Z,1771795260.000,32.639281797,-117.202510569,5.913,278.518,284.211,-17.23,-4.415,30.112,13,314.322,5.115,-2160,,3,5.21,85.281,3,152.292
2026-02-22T21:21:01.000Z,1771795261.000,32.639283294,-117.202542122,5.97,275.422,283.726,-18.744,-5.259,30.041,13,313.767,5.168,-2161,,3,5.095,83.436,3,152.646
2026-02-22T21:21:02.000Z,1771795262.000,32.639285418,-117.202574206,5.988,277.142,284.931,-14.853,-0.742,27.937,13,312.868,5.29,-2162,,3,5.199,81.735,3,152.27
2026-02-22T21:21:03.000Z,1771795263.000,32.639286111,-117.202606032,5.726,272.506,280.691,-15.388,-3.227,31.424,13,312.115,4.886,-2163,,3,4.719,79.537,3,152.654
2026-02-22T21:21:04.000Z,1771795264.000,32.6392868,-117.202637967,5.944,270.577,281.12,-12.607,-6.737,30.381,13,311.501,5.126,-2164,,3,4.778,77.667,3,152.586
2026-02-22T21:21:05.000Z,1771795265.000,32.639286293,-117.202669394,6.007,270.553,279.452,-9.566,3.766,31.491,13,310.943,5.123,-2165,,3,4.821,75.58,3,152.54
2026-02-22T21:21:06.000Z,1771795266.000,32.6392848,-117.202701046,5.298,273.146,276.703,-11.174,-2.385,34.11,13,310.813,4.388,-2166,,3,4.385,73.326,3,152.995
2026-02-22T21:21:07.000Z,1771795267.000,32.639283935,-117.202732222,5.946,265.341,277.498,-15.25,-8.496,33.24,13,310.738,4.971,-2167,,3,4.417,71.395,3,152.341
2026-02-22T21:21:08.000Z,1771795268.000,32.639283952,-117.202761838,5.704,273.773,280.915,-12.871,-5.212,29.665,13,310.58,4.958,-2168,,3,4.747,69.815,3,152.523
2026-02-22T21:21:09.000Z,1771795269.000,32.639284231,-117.202792251,5.289,272.931,280.264,-11.61,-2.274,29.977,13,310.241,4.581,-2169,,3,4.353,67.928,3,152.748
2026-02-22T21:21:10.000Z,1771795270.000,32.639284374,-117.202822995,5.326,270.263,278.241,-8.826,-7.068,31.409,13,309.649,4.545,-2170,,3,4.233,65.915,3,152.273
2026-02-22T21:21:11.000Z,1771795271.000,32.639282785,-117.202852966,5.872,265.312,279.267,-9.37,-8.536,29.601,13,308.868,5.106,-2171,,3,4.336,64.013,3,152.585
2026-02-22T21:21:12.000Z,1771795272.000,32.639280487,-117.202881805,5.247,260.015,278.223,-10.661,1.368,29.962,13,308.185,4.542,-2172,,3,3.525,61.98,3,153.284
2026-02-22T21:21:13.000Z,1771795273.000,32.639277657,-117.202911078,5.4,265.956,277.829,-16.349,-7.58,29.828,13,307.657,4.685,-2173,,3,4.016,59.919,3,154.648
2026-02-22T21:21:14.000Z,1771795274.000,32.639276091,-117.202939429,5.574,264.332,280.096,-17.665,-3.316,26.861,13,306.957,4.973,-2174,,3,4.033,58.205,3,155.758
2026-02-22T21:21:15.000Z,1771795275.000,32.639274546,-117.20296838,5.185,267.938,282.941,-18.684,-2.761,23.254,13,306.195,4.762,-2175,,3,3.964,56.501,3,156.058
2026-02-22T21:21:16.000Z,1771795276.000,32.639274277,-117.202999898,5.5,273.575,279.289,-16.3,-3.82,26.454,13,305.743,4.924,-2176,,3,4.527,54.288,3,155.38
2026-02-22T21:21:17.000Z,1771795277.000,32.639274637,-117.203030063,5.6,272.05,279.559,-14.142,-7.341,25.948,13,305.507,5.035,-2177,,3,4.518,52.487,3,153.963
2026-02-22T21:21:18.000Z,1771795278.000,32.639274553,-117.203059885,5.573,265.953,280.08,-11.311,3.106,25.215,13,305.295,5.041,-2178,,3,4.116,50.687,3,153.57
2026-02-22T21:21:19.000Z,1771795279.000,32.639275085,-117.20308871,5.065,269.386,273.983,-6.582,-5.727,31.165,13,305.148,4.338,-2179,,3,3.933,48.553,3,153.83
2026-02-22T21:21:20.000Z,1771795280.000,32.639272568,-117.203117877,5.564,264.74,275.459,-10.849,-8.756,29.823,13,305.282,4.826,-2180,,3,4.016,46.649,3,154.186
2026-02-22T21:21:21.000Z,1771795281.000,32.639270312,-117.203145544,5.075,267.19,279.849,-12.94,-3.807,25.582,13,305.431,4.576,-2181,,3,3.805,45.062,3,154.232
2026-02-22T21:21:22.000Z,1771795282.000,32.639269454,-117.203173193,4.776,266.363,280.265,-7.529,4.248,25.304,13,305.569,4.314,-2182,,3,3.53,43.322,3,154.362
2026-02-22T21:21:23.000Z,1771795283.000,32.639268545,-117.203202219,5.156,264.602,278.618,-10.945,-7.726,27.266,13,305.884,4.584,-2183,,3,3.697,41.351,3,154.373
2026-02-22T21:21:24.000Z,1771795284.000,32.639266134,-117.203230062,4.9,258.499,276.396,-10.155,-2.398,29.904,13,306.3,4.247,-2184,,3,3.123,39.29,3,154.878
2026-02-22T21:21:25.000Z,1771795285.000,32.639262934,-117.20325815,5.1,261.3,276.219,-11.37,-5.155,30.428,13,306.647,4.398,-2185,,3,3.432,37.286,3,155.491
2026-02-22T21:21:26.000Z,1771795286.000,32.639260137,-117.203287556,5.461,266.507,276.968,-13.171,-3.521,29.595,13,306.564,4.749,-2186,,3,4.02,35.298,3,155.971
2026-02-22T21:21:27.000Z,1771795287.000,32.639258154,-117.203316611,5.188,265.413,276.257,-18.169,-4.649,30.142,13,306.399,4.487,-2187,,3,3.745,33.301,3,156.48
2026-02-22T21:21:28.000Z,1771795288.000,32.639256404,-117.203344915,5.513,266.474,278.204,-16.214,-8.184,28.262,13,306.466,4.855,-2188,,3,4.044,31.55,3,156.972
2026-02-22T21:21:29.000Z,1771795289.000,32.639255323,-117.20337164,4.615,268.562,280.868,-19.15,-0.877,25.648,13,306.516,4.16,-2189,,3,3.493,30.005,3,157.312
2026-02-22T21:21:30.000Z,1771795290.000,32.6392562,-117.203400584,4.833,278.827,282.454,-19.154,-4.94,24.676,13,307.13,4.391,-2190,,3,4.159,28.415,3,157.325
2026-02-22T21:21:31.000Z,1771795291.000,32.639256825,-117.203429734,5.925,264.848,280.529,-18.465,-5.443,27.265,13,307.793,5.265,-2191,,3,4.212,26.544,3,157.433
2026-02-22T21:21:32.000Z,1771795292.000,32.639255014,-117.203459534,5.685,268.007,280.746,-20.138,-5.995,27.519,13,308.265,5.042,-2192,,3,4.249,24.579,3,157.583
2026-02-22T21:21:33.000Z,1771795293.000,32.639253075,-117.203490824,5.77,266.48,282.875,-23.89,-4.38,25.521,13,308.396,5.207,-2193,,3,4.202,22.648,3,157.534
2026-02-22T21:21:34.000Z,1771795294.000,32.639254093,-117.20352272,5.536,273.467,281.317,-19.171,-2.654,27.092,13,308.409,4.929,-2194,,3,4.457,20.666,3,157.585
2026-02-22T21:21:35.000Z,1771795295.000,32.639255474,-117.203552037,5.547,274.889,280.328,-15.993,-10.246,28.624,13,308.953,4.865,-2195,,3,4.542,18.916,3,157.687
2026-02-22T21:21:36.000Z,1771795296.000,32.639254483,-117.203580056,5.285,265.443,281.843,-13.922,-1,27.885,13,309.728,4.671,-2196,,3,3.764,17.22,3,158.037
2026-02-22T21:21:37.000Z,1771795297.000,32.639252226,-117.203610362,5.334,266.682,276.134,-17.111,2.614,33.893,13,310.027,4.428,-2197,,3,3.872,14.778,3,158.564
2026-02-22T21:21:38.000Z,1771795298.000,32.639249199,-117.203641441,5.312,262.579,279.471,-22.812,-6.854,31.016,13,310.487,4.554,-2198,,3,3.577,12.845,3,158.605
2026-02-22T21:21:39.000Z,1771795299.000,32.639248885,-117.203669332,5.239,265.695,282.062,-19.835,-5.177,28.867,13,310.929,4.588,-2199,,3,3.728,11.289,3,158.521
2026-02-22T21:21:40.000Z,1771795300.000,32.639251748,-117.203697645,5.022,277.38,282.716,-15.912,-4.382,28.217,13,310.932,4.425,-2200,,3,4.211,9.84,3,158.638
2026-02-22T21:21:41.000Z,1771795301.000,32.639254396,-117.20372606,4.951,279.438,281.795,-14.726,-7.244,29.202,13,310.997,4.322,-2201,,3,4.242,8.254,3,158.955
2026-02-22T21:21:42.000Z,1771795302.000,32.6392555,-117.203754911,6.029,268.165,280.64,-13.79,-3.943,30.651,13,311.291,5.186,-2202,,3,4.451,6.495,3,159.015
2026-02-22T21:21:43.000Z,1771795303.000,32.639253422,-117.203784356,5.585,265.531,277.876,-22.62,-4.827,33.72,13,311.596,4.644,-2203,,3,3.938,4.324,3,159.343
2026-02-22T21:21:44.000Z,1771795304.000,32.639250909,-117.203814389,5.588,265.132,280.069,-27.262,-7.04,31.651,13,311.72,4.757,-2204,,3,3.906,2.422,3,159.586
2026-02-22T21:21:45.000Z,1771795305.000,32.639249112,-117.203844197,5.563,269.247,283.186,-26.321,-3.645,28.678,13,311.864,4.881,-2205,,3,4.158,0.663,3,159.442
2026-02-22T21:21:46.000Z,1771795306.000,32.639250463,-117.203874489,5.576,273.79,280.875,-20.915,-4.553,31.569,13,312.444,4.752,-2206,,3,4.442,-1.245,3,159.504
2026-02-22T21:21:47.000Z,1771795307.000,32.6392513,-117.203905419,6.032,269.393,280.291,-16.332,-7.05,32.917,13,313.208,5.06,-2207,,3,4.504,-3.112,3,159.656
2026-02-22T21:21:48.000Z,1771795308.000,32.639251262,-117.203934635,5.1,272.795,278.062,-11.354,-3.532,35.512,13,313.574,4.151,-2208,,3,3.997,-5.062,3,159.915
2026-02-22T21:21:49.000Z,1771795309.000,32.639248451,-117.20396372,5.574,264.262,276.768,-13.508,-7.464,37.206,13,313.974,4.437,-2209,,3,3.798,-7.169,3,160.186
2026-02-22T21:21:50.000Z,1771795310.000,32.6392458,-117.203993856,5.885,264.119,275.827,-15.83,-3.744,38.542,13,314.369,4.602,-2210,,3,3.99,-9.303,3,160.591
2026-02-22T21:21:51.000Z,1771795311.000,32.639240941,-117.204025529,5.876,257.028,277.457,-24.134,-7.348,36.968,13,314.425,4.695,-2211,,3,3.411,-11.545,3,160.977
2026-02-22T21:21:52.000Z,1771795312.000,32.639238538,-117.204056764,5.6,265.826,277.297,-21.998,0.078,37.358,13,314.656,4.451,-2212,,3,3.902,-13.674,3,161.124
2026-02-22T21:21:53.000Z,1771795313.000,32.639236761,-117.204087604,5.592,269.209,280.589,-25.871,-8.202,34.506,13,315.095,4.608,-2213,,3,4.119,-15.488,3,161.209
2026-02-22T21:21:54.000Z,1771795314.000,32.639237523,-117.204120807,6.367,271.689,282.576,-17.505,-4.679,32.921,13,315.497,5.344,-2214,,3,4.865,-17.32,3,160.969
2026-02-22T21:21:55.000Z,1771795315.000,32.639238726,-117.204153624,5.862,274.315,278.112,-12.142,-5.277,37.801,13,315.913,4.633,-2215,,3,4.64,-19.543,3,161.115
2026-02-22T21:21:56.000Z,1771795316.000,32.639237165,-117.204184067,6.378,263.71,281.038,-20.527,-9.474,35.105,13,316.143,5.22,-2216,,3,4.237,-21.339,3,161.17
2026-02-22T21:21:57.000Z,1771795317.000,32.639234356,-117.204214004,5.64,261.951,277.655,-18.015,-0.196,38.509,13,316.164,4.414,-2217,,3,3.605,-23.645,3,161.609
2026-02-22T21:21:58.000Z,1771795318.000,32.639230613,-117.204245834,6.076,265.446,276.345,-12.538,-3.978,40.512,13,316.857,4.62,-2218,,3,4.152,-26,3,162.182
2026-02-22T21:21:59.000Z,1771795319.000,32.639227269,-117.204276811,5.726,264.949,274.548,-10.868,-1.883,42.437,13,316.985,4.226,-2219,,3,3.867,-28.299,3,162.457
2026-02-22T21:22:00.000Z,1771795320.000,32.639224003,-117.204306931,5.753,266.959,277.76,-17.711,-8.441,39.755,13,317.515,4.423,-2220,,3,4.024,-30.207,3,162.798
2026-02-22T21:22:01.000Z,1771795321.000,32.639223368,-117.204336122,4.989,268.722,281.573,-18.481,2.775,36.068,13,317.641,4.031,-2221,,3,3.592,-31.786,3,163.194
2026-02-22T21:22:02.000Z,1771795322.000,32.639223549,-117.20436466,4.765,268.578,279.756,-14.483,-2.574,38.129,13,317.885,3.746,-2222,,3,3.416,-33.649,3,163.747
2026-02-22T21:22:03.000Z,1771795323.000,32.639223961,-117.204392806,5.585,267.57,280.323,-14.845,-6.162,37.982,13,318.305,4.402,-2223,,3,3.928,-35.301,3,164.109
2026-02-22T21:22:04.000Z,1771795324.000,32.639223547,-117.204421976,5.153,269.317,280.977,-18.237,-2.71,37.704,13,318.68,4.077,-2224,,3,3.728,-37.08,3,164.554
2026-02-22T21:22:05.000Z,1771795325.000,32.639223012,-117.204452568,5.311,272.72,283.046,-22.476,-0.595,35.85,13,318.896,4.301,-2225,,3,4.047,-38.853,3,164.756
2026-02-22T21:22:06.000Z,1771795326.000,32.639227443,-117.20448149,5.227,287.339,291.257,-21.556,-6.47,27.652,13,318.909,4.628,-2226,,3,4.706,-39.646,3,164.571
2026-02-22T21:22:07.000Z,1771795327.000,32.63923997,-117.204503989,4.876,313.842,301.782,-10.172,-5.622,16.989,13,318.772,4.659,-2227,,3,4.876,-39.147,3,164.36
2026-02-22T21:22:08.000Z,1771795328.000,32.639257419,-117.204514789,4.023,345.103,314.879,6.039,-5.577,4.328,13,319.207,4.009,-2228,,3,3.408,-37.285,3,164.856
2026-02-22T21:22:09.000Z,1771795329.000,32.639275181,-117.204518302,3.975,352.521,325.941,13.293,-4.606,-6.496,13,319.445,3.948,-2229,,3,3.062,-35.124,3,166.014
2026-02-22T21:22:10.000Z,1771795330.000,32.639293625,-117.204516415,4.169,6.753,335.967,26.177,-0.414,-16.562,13,319.404,3.992,-2230,,3,2.451,-32.697,3,167.587
2026-02-22T21:22:11.000Z,1771795331.000,32.639315024,-117.204515684,4.937,347.536,335.666,28.359,-2.679,-16.13,13,319.536,4.74,-2231,,3,4.05,-30.876,3,168.319
2026-02-22T21:22:12.000Z,1771795332.000,32.63933817,-117.204513692,5.112,6.496,339.184,31.313,-3.073,-19.363,13,319.821,4.822,-2232,,3,3.007,-28.553,3,169.133
2026-02-22T21:22:13.000Z,1771795333.000,32.639361063,-117.20451452,4.973,356.994,334.453,20.367,-0.689,-14.447,13,320.006,4.816,-2233,,3,3.544,-27.026,3,169.529
2026-02-22T21:22:14.000Z,1771795334.000,32.639385323,-117.204514946,5.4,0.992,333.794,21.093,0.219,-13.718,13,320.076,5.246,-2234,,3,3.567,-25.062,3,170.025
2026-02-22T21:22:15.000Z,1771795335.000,32.639411383,-117.204515657,5.94,352.244,335.402,22.931,-3.139,-14.842,13,320.56,5.742,-2235,,3,4.548,-22.797,3,170.262
2026-02-22T21:22:16.000Z,1771795336.000,32.639436731,-117.204516188,5.337,359.976,335.879,21.414,-2.948,-15.439,13,320.44,5.144,-2236,,3,3.579,-20.664,3,170.719
2026-02-22T21:22:17.000Z,1771795337.000,32.639462055,-117.204513746,5.716,10.223,336.604,23.74,-2.512,-16.404,13,320.2,5.482,-2237,,3,3.007,-18.334,3,171.182
2026-02-22T21:22:18.000Z,1771795338.000,32.639489287,-117.204511755,5.978,1.898,341.47,29.272,-4.249,-21.384,13,320.086,5.564,-2238,,3,3.835,-15.576,3,171.967
2026-02-22T21:22:19.000Z,1771795339.000,32.639515878,-117.204515771,5.763,349.852,334.332,21.729,-1.202,-14.377,13,319.955,5.581,-2239,,3,4.534,-14.104,3,171.968
2026-02-22T21:22:20.000Z,1771795340.000,32.639542425,-117.20451595,5.8,3.2,332.732,22.855,-1.052,-12.929,13,319.804,5.653,-2240,,3,3.603,-12.004,3,172.378
2026-02-22T21:22:21.000Z,1771795341.000,32.639569189,-117.204514315,5.561,2.011,332.559,21.68,-2.476,-12.817,13,319.742,5.417,-2241,,3,3.534,-9.669,3,172.721
2026-02-22T21:22:22.000Z,1771795342.000,32.639596244,-117.204507819,5.924,15.741,346.051,31.186,-6.383,-26.283,13,319.768,5.307,-2242,,3,2.553,-6.038,3,174.078
2026-02-22T21:22:23.000Z,1771795343.000,32.63962285,-117.20450802,5.774,352.882,341.733,23.465,-0.043,-22.328,13,319.405,5.341,-2243,,3,4.31,-4.106,3,174.426
2026-02-22T21:22:24.000Z,1771795344.000,32.639649275,-117.204507293,5.6,3.389,337.167,20.395,1.762,-17.99,13,319.177,5.326,-2244,,3,3.421,-2.167,3,174.719
2026-02-22T21:22:25.000Z,1771795345.000,32.639676892,-117.204502922,5.822,5.475,338.908,28.156,-2.833,-19.648,13,319.26,5.483,-2245,,3,3.374,0.547,3,175.664
2026-02-22T21:22:26.000Z,1771795346.000,32.639703475,-117.204501238,5.813,359.658,340.565,24.566,-1.547,-21.307,13,319.258,5.415,-2246,,3,3.821,3.002,3,176.274
2026-02-22T21:22:27.000Z,1771795347.000,32.639730541,-117.204500639,6.07,0.75,339.243,22.741,-4.843,-20.067,13,319.176,5.701,-2247,,3,3.891,5.219,3,176.739
2026-02-22T21:22:28.000Z,1771795348.000,32.639758294,-117.204498673,5.661,10.411,336.989,20.752,-0.665,-17.91,13,319.079,5.386,-2248,,3,2.837,7.508,3,177.079
2026-02-22T21:22:29.000Z,1771795349.000,32.639788137,-117.204494084,6.324,359.562,343.666,25.778,-2.972,-24.828,13,318.838,5.739,-2249,,3,4.127,10.769,3,177.567
2026-02-22T21:22:30.000Z,1771795350.000,32.639817102,-117.204493026,5.813,3.579,339.108,21.109,-1.896,-20.55,13,318.558,5.442,-2250,,3,3.465,12.949,3,177.929
2026-02-22T21:22:31.000Z,1771795351.000,32.639845491,-117.204489893,6.248,8.289,333.958,20.231,1.429,-15.436,13,318.521,6.022,-2251,,3,3.288,15.15,3,178.352
2026-02-22T21:22:32.000Z,1771795352.000,32.639874958,-117.204481725,6.211,6.863,347.499,29.944,-5.467,-29.11,13,318.389,5.426,-2252,,3,3.378,19.078,3,179.768
2026-02-22T21:22:33.000Z,1771795353.000,32.639903871,-117.20448095,6.175,5.864,344.843,29.018,-1.147,-26.577,13,318.266,5.523,-2253,,3,3.436,21.378,3,180.112
2026-02-22T21:22:34.000Z,1771795354.000,32.639932001,-117.204481838,6.3,356.509,337.87,19.978,-3.249,-19.795,13,318.075,5.925,-2254,,3,4.301,23.199,3,180.107
2026-02-22T21:22:35.000Z,1771795355.000,32.639959905,-117.204479086,6.423,3.974,339.608,21.943,-3.197,-21.618,13,317.99,5.967,-2255,,3,3.724,25.837,3,180.433
2026-02-22T21:22:36.000Z,1771795356.000,32.639988904,-117.204476007,6.276,3.082,339.011,16.75,-0.196,-20.813,13,318.198,5.865,-2256,,3,3.704,28.42,3,181.289
2026-02-22T21:22:37.000Z,1771795357.000,32.640017478,-117.204470374,6.46,8.093,342.201,24.295,-2.467,-23.869,13,318.331,5.907,-2257,,3,3.325,31.392,3,181.951
2026-02-22T21:22:38.000Z,1771795358.000,32.640045778,-117.204466024,6.323,4.171,344.963,29.873,-0.19,-26.476,13,318.487,5.657,-2258,,3,3.603,34.225,3,182.336
2026-02-22T21:22:39.000Z,1771795359.000,32.640075213,-117.204467909,6.1,351.057,335.849,23.965,-2.359,-17.436,13,318.412,5.811,-2259,,3,4.515,35.936,3,182.122
2026-02-22T21:22:40.000Z,1771795360.000,32.640103284,-117.204469762,5.925,356.477,332.28,24,-3.073,-13.668,13,318.612,5.756,-2260,,3,3.98,37.918,3,182.154
2026-02-22T21:22:41.000Z,1771795361.000,32.640131716,-117.2044689,6.538,355.424,338.508,28.814,-6.518,-19.448,13,319.06,6.162,-2261,,3,4.466,40.819,3,182.762
2026-02-22T21:22:42.000Z,1771795362.000,32.640160824,-117.204469821,6.368,1.543,335.468,24.826,0.219,-15.852,13,319.615,6.125,-2262,,3,3.817,42.987,3,182.898
2026-02-22T21:22:43.000Z,1771795363.000,32.640189668,-117.204470154,5.949,351.956,334.551,23.556,-4.634,-14.168,13,320.384,5.768,-2263,,3,4.298,45.322,3,182.925
2026-02-22T21:22:44.000Z,1771795364.000,32.640217234,-117.204471454,6,358.829,332.42,17.451,-2.988,-11.746,13,320.674,5.874,-2264,,3,3.797,47.399,3,183.022
2026-02-22T21:22:45.000Z,1771795365.000,32.640244789,-117.204469653,6.015,1.953,337.797,21.51,-1.252,-17.055,13,320.743,5.75,-2265,,3,3.533,50.222,3,183.89
2026-02-22T21:22:46.000Z,1771795366.000,32.640273402,-117.204469664,5.836,355.589,338.997,23.885,-1.066,-17.948,13,321.048,5.552,-2266,,3,3.918,52.712,3,184.478
2026-02-22T21:22:47.000Z,1771795367.000,32.640301237,-117.204471846,6.051,1.058,332.606,19.535,-1.68,-11.284,13,321.322,5.93,-2267,,3,3.607,54.446,3,184.383
2026-02-22T21:22:48.000Z,1771795368.000,32.640328987,-117.204472702,6.269,355.924,340.232,23.057,-5.664,-18.901,13,321.331,5.931,-2268,,3,4.158,57.284,3,185.111
2026-02-22T21:22:49.000Z,1771795369.000,32.640358219,-117.204475789,6.378,1.944,333.974,18.495,-2.113,-12.018,13,321.956,6.238,-2269,,3,3.696,59.095,3,184.821
2026-02-22T21:22:50.000Z,1771795370.000,32.640386896,-117.204475361,5.861,4.01,333.625,15.594,-1.542,-11.224,13,322.401,5.749,-2270,,3,3.209,61.505,3,185.033
2026-02-22T21:22:51.000Z,1771795371.000,32.640416523,-117.20447239,6.659,2.527,341.87,24.385,-4.896,-19.433,13,322.437,6.279,-2271,,3,3.769,64.773,3,185.841
2026-02-22T21:22:52.000Z,1771795372.000,32.640445378,-117.204471216,6.254,3.229,333.839,18.231,-0.429,-11.646,13,322.193,6.125,-2272,,3,3.465,66.688,3,186.178
2026-02-22T21:22:53.000Z,1771795373.000,32.64047554,-117.204465107,6.5,9.407,345.107,25.503,-5.594,-23.366,13,321.741,5.962,-2273,,3,2.975,70.397,3,187.338
2026-02-22T21:22:54.000Z,1771795374.000,32.640504256,-117.204466665,6.563,352.531,335.143,12.31,-1.985,-13.883,13,321.26,6.36,-2274,,3,4.559,72.007,3,186.908
2026-02-22T21:22:55.000Z,1771795375.000,32.640532151,-117.204464325,6.369,2.878,335.22,19.058,-4.856,-14.249,13,320.972,6.165,-2275,,3,3.515,74.502,3,187.245
2026-02-22T21:22:56.000Z,1771795376.000,32.640559739,-117.204461015,5.989,359.695,342.515,20.803,-2.079,-21.472,13,321.043,5.57,-2276,,3,3.561,77.547,3,188.033
2026-02-22T21:22:57.000Z,1771795377.000,32.640587496,-117.204459523,6.025,5.086,336.236,18.187,0.116,-15.272,13,320.964,5.812,-2277,,3,3.1,79.524,3,188.561
2026-02-22T21:22:58.000Z,1771795378.000,32.640615176,-117.204454417,6.073,4.717,342.638,27.645,-2.924,-21.986,13,320.652,5.631,-2278,,3,3.14,82.619,3,189.823
2026-02-22T21:22:59.000Z,1771795379.000,32.640641979,-117.204450269,6.039,7.161,342.245,29.424,-2.596,-21.283,13,320.962,5.626,-2279,,3,2.884,85.098,3,190.581
2026-02-22T21:23:00.000Z,1771795380.000,32.640669896,-117.204448424,5.648,0.907,338.34,28.274,-2.594,-17.281,13,321.059,5.387,-2280,,3,3.21,87.279,3,190.87
2026-02-22T21:23:01.000Z,1771795381.000,32.640698043,-117.204446719,6.328,356.41,342.867,35.117,-5.259,-21.855,13,321.012,5.87,-2281,,3,3.979,90.069,3,191.577
2026-02-22T21:23:02.000Z,1771795382.000,32.640725774,-117.204451333,6.86,344.918,332.335,23.052,1.807,-11.352,13,320.983,6.725,-2282,,3,5.282,91.353,3,191.285
2026-02-22T21:23:03.000Z,1771795383.000,32.640755092,-117.204452278,6.167,353.013,338.018,33.578,-7.495,-17.145,13,320.873,5.891,-2283,,3,4.132,94.179,3,191.601
2026-02-22T21:23:04.000Z,1771795384.000,32.640781542,-117.204459742,6.138,349.401,329.861,18.52,2.498,-9.187,13,320.674,6.059,-2284,,3,4.385,95.335,3,191.352
2026-02-22T21:23:05.000Z,1771795385.000,32.640809344,-117.204461876,5.724,357.18,329.604,21.035,-0.767,-8.737,13,320.867,5.657,-2285,,3,3.498,97.52,3,191.67
2026-02-22T21:23:06.000Z,1771795386.000,32.640837892,-117.204461084,6.353,356.137,337.424,26.681,-6.129,-16.453,13,320.972,6.093,-2286,,3,3.956,100.553,3,192.42
2026-02-22T21:23:07.000Z,1771795387.000,32.640866297,-117.204459968,6.44,0.943,340.87,28.241,-3.163,-20.04,13,320.83,6.044,-2287,,3,3.557,103.253,3,192.966
2026-02-22T21:23:08.000Z,1771795388.000,32.640894689,-117.204461731,6.039,352.531,336.082,22.418,0.102,-15.58,13,320.502,5.815,-2288,,3,4.025,105.187,3,193.078
2026-02-22T21:23:09.000Z,1771795389.000,32.640922752,-117.20446243,6,2.56,331.271,20.074,-4.516,-11.097,13,320.174,5.887,-2289,,3,3.147,107.142,3,193.209
2026-02-22T21:23:10.000Z,1771795390.000,32.640951354,-117.20446051,6.089,1.82,337.985,22.393,-2.571,-17.901,13,320.084,5.792,-2290,,3,3.242,110.161,3,194.013
2026-02-22T21:23:11.000Z,1771795391.000,32.6409784,-117.20446081,6,354.559,332.202,13.403,0.745,-11.973,13,320.23,5.867,-2291,,3,3.801,111.987,3,194.351
2026-02-22T21:23:12.000Z,1771795392.000,32.641006621,-117.204455818,6.2,10.26,340.4,25.386,-3.961,-19.663,13,320.736,5.831,-2292,,3,2.461,115.262,3,195.204
2026-02-22T21:23:13.000Z,1771795393.000,32.641034944,-117.204454376,6.2,357.005,337.713,18.081,1.132,-16.454,13,321.259,5.945,-2293,,3,3.686,117.541,3,195.148
2026-02-22T21:23:14.000Z,1771795394.000,32.641064844,-117.204451171,6.349,4.693,340.483,24.288,-1.776,-18.347,13,322.136,6.026,-2294,,3,3.039,120.448,3,195.511
2026-02-22T21:23:15.000Z,1771795395.000,32.641093882,-117.204449325,6.46,2.143,336.017,19.59,1.805,-13.294,13,322.724,6.287,-2295,,3,3.326,122.68,3,195.616
2026-02-22T21:23:16.000Z,1771795396.000,32.641122802,-117.204446385,6.231,357.539,344.79,24.029,-3.389,-21.782,13,323.008,5.786,-2296,,3,3.607,125.909,3,196.452
2026-02-22T21:23:17.000Z,1771795397.000,32.641150713,-117.204445974,6.265,0.913,336.028,19.858,-2.632,-12.562,13,323.466,6.115,-2297,,3,3.308,127.661,3,197.114
2026-02-22T21:23:18.000Z,1771795398.000,32.641178371,-117.204443486,6.125,359.689,338.585,22.426,-3.424,-14.73,13,323.855,5.921,-2298,,3,3.328,130.322,3,198.146
2026-02-22T21:23:19.000Z,1771795399.000,32.641205482,-117.204440901,6.169,4.338,339.163,25.415,-2.507,-15.339,13,323.824,5.947,-2299,,3,2.905,132.8,3,198.367
2026-02-22T21:23:20.000Z,1771795400.000,32.641234226,-117.204439211,6.356,1.757,339.897,19.819,-3.785,-16.342,13,323.555,6.099,-2300,,3,3.225,135.371,3,197.505
2026-02-22T21:23:21.000Z,1771795401.000,32.64126263,-117.204436176,6.375,6.261,341.481,21.101,0.245,-18.085,13,323.396,6.055,-2301,,3,2.775,138.054,3,196.535
2026-02-22T21:23:22.000Z,1771795402.000,32.641291182,-117.20443289,6.4,1.962,340.961,20.95,-1.785,-17.804,13,323.157,6.093,-2302,,3,3.192,140.62,3,195.075
2026-02-22T21:23:23.000Z,1771795403.000,32.641319795,-117.204431342,6.284,5.332,335.049,13.955,-2.066,-12.067,13,322.982,6.143,-2303,,3,2.794,142.691,3,195.031
2026-02-22T21:23:24.000Z,1771795404.000,32.641349151,-117.204426779,6.2,8.906,344.975,23.83,-4.52,-21.967,13,323.008,5.749,-2304,,3,2.382,146.141,3,195.561
2026-02-22T21:23:25.000Z,1771795405.000,32.6413768,-117.2044273,6.039,0.613,335.033,11.153,-0.944,-12.08,13,322.952,5.904,-2305,,3,3.088,147.728,3,195.158
2026-02-22T21:23:26.000Z,1771795406.000,32.641403766,-117.204422778,5.864,10.979,339.557,16.067,-2.195,-16.871,13,322.686,5.61,-2306,,3,2.024,150.599,3,195.69
2026-02-22T21:23:27.000Z,1771795407.000,32.641430974,-117.204416344,5.823,9.553,340.852,15.122,-1.87,-17.971,13,322.881,5.539,-2307,,3,2.127,153.372,3,195.238
2026-02-22T21:23:28.000Z,1771795408.000,32.641457873,-117.204411216,5.925,4.364,340.762,17.995,-2.809,-18.012,13,322.75,5.633,-2308,,3,2.638,155.94,3,195.601
2026-02-22T21:23:29.000Z,1771795409.000,32.641484617,-117.204407685,5.831,2.232,335.265,14.711,-3.602,-12.853,13,322.413,5.68,-2309,,3,2.774,158.006,3,196.08
2026-02-22T21:23:30.000Z,1771795410.000,32.641510724,-117.204401588,5.954,10.802,346.588,23.953,-5.198,-24.658,13,321.93,5.407,-2310,,3,1.999,161.367,3,196.578
2026-02-22T21:23:31.000Z,1771795411.000,32.641537684,-117.204402409,6.064,355.107,337.647,17.519,-1.626,-16.142,13,321.506,5.823,-2311,,3,3.494,162.963,3,197.451
2026-02-22T21:23:32.000Z,1771795412.000,32.641563962,-117.204402814,5.773,359.622,334.453,22.563,-5.375,-13.256,13,321.197,5.618,-2312,,3,2.931,164.912,3,197.017
2026-02-22T21:23:33.000Z,1771795413.000,32.641590555,-117.204403754,5.924,358.364,334.492,17.92,-3.719,-13.576,13,320.916,5.757,-2313,,3,3.105,167.092,3,197.013
2026-02-22T21:23:34.000Z,1771795414.000,32.641617615,-117.204402135,5.8,6.636,336.773,21.506,-2.312,-16.375,13,320.398,5.561,-2314,,3,2.281,169.632,3,197.479
2026-02-22T21:23:35.000Z,1771795415.000,32.641643913,-117.204402461,5.713,359.204,333.328,16.065,2.042,-13.298,13,320.03,5.56,-2315,,3,2.894,171.567,3,197.594
2026-02-22T21:23:36.000Z,1771795416.000,32.64166999,-117.204402069,5.577,358.156,333.71,16.657,-2.295,-14.041,13,319.669,5.407,-2316,,3,2.899,173.81,3,198.218
2026-02-22T21:23:37.000Z,1771795417.000,32.641697667,-117.204402034,5.889,359.132,334.247,21.356,-3.312,-15.233,13,319.014,5.682,-2317,,3,2.959,176.179,3,197.997
2026-02-22T21:23:38.000Z,1771795418.000,32.641724358,-117.204402564,5.749,356.631,336.943,22.897,-2.307,-18.231,13,318.712,5.461,-2318,,3,3.088,178.587,3,198.871
2026-02-22T21:23:39.000Z,1771795419.000,32.641751181,-117.204405161,5.765,357.26,333.516,18.269,-0.101,-15.052,13,318.464,5.567,-2319,,3,3.03,180.428,3,199.648
2026-02-22T21:23:40.000Z,1771795420.000,32.64177747,-117.204406825,5.676,350.234,334.058,18.723,-3.566,-15.792,13,318.266,5.459,-2320,,3,3.539,182.575,3,199.598
2026-02-22T21:23:41.000Z,1771795421.000,32.641804269,-117.204406803,5.72,4.092,334.769,19.565,-4.158,-16.701,13,318.068,5.478,-2321,,3,2.375,184.881,3,200.296
2026-02-22T21:23:42.000Z,1771795422.000,32.641830188,-117.204404837,5.525,5.588,337.827,22.072,0.173,-19.996,13,317.831,5.191,-2322,,3,2.145,187.404,3,200.955
2026-02-22T21:23:43.000Z,1771795423.000,32.641855902,-117.204405768,5.454,355.722,332.082,15.191,1.401,-14.771,13,317.311,5.272,-2323,,3,2.936,189.081,3,200.585
2026-02-22T21:23:44.000Z,1771795424.000,32.641882884,-117.204406345,5.744,355.497,332.052,17.906,-2.752,-15.492,13,316.56,5.535,-2324,,3,3.097,191.311,3,200.577
2026-02-22T21:23:45.000Z,1771795425.000,32.641908497,-117.204407403,5.712,353.109,332.537,19.809,-4.394,-16.857,13,315.679,5.465,-2325,,3,3.264,193.434,3,201.443
2026-02-22T21:23:46.000Z,1771795426.000,32.641934591,-117.204408627,5.7,357.457,333.914,21.072,-4.903,-19.029,13,314.885,5.388,-2326,,3,2.878,195.655,3,201.55
2026-02-22T21:23:47.000Z,1771795427.000,32.641960373,-117.2044088,5.8,359.441,335.912,20.423,-0.847,-21.676,13,314.236,5.388,-2327,,3,2.738,197.959,3,202.181
2026-02-22T21:23:48.000Z,1771795428.000,32.641987838,-117.204409895,5.912,357.437,332.992,24.644,-3.794,-19.213,13,313.779,5.582,-2328,,3,2.956,199.982,3,201.733
2026-02-22T21:23:49.000Z,1771795429.000,32.642013961,-117.204412373,5.6,356.865,329.866,18.575,0.681,-16.548,13,313.318,5.368,-2329,,3,2.836,201.788,3,201.587
2026-02-22T21:23:50.000Z,1771795430.000,32.64204074,-117.204412612,5.9,359.067,336.192,24.955,-5.633,-23.226,13,312.967,5.422,-2330,,3,2.772,204.498,3,201.01
2026-02-22T21:23:51.000Z,1771795431.000,32.642066637,-117.204414285,5.43,2.945,333.411,20.534,-0.898,-20.696,13,312.714,5.08,-2331,,3,2.208,206.365,3,201.04
2026-02-22T21:23:52.000Z,1771795432.000,32.642093326,-117.204413324,5.448,359.432,336.695,25.191,-4.425,-24.393,13,312.302,4.962,-2332,,3,2.499,208.91,3,201.367
2026-02-22T21:23:53.000Z,1771795433.000,32.642119314,-117.204414794,6.094,355.119,336.858,22.372,-3.348,-25.04,13,311.818,5.522,-2333,,3,3.18,211.015,3,202.076
2026-02-22T21:23:54.000Z,1771795434.000,32.642146039,-117.204415685,5.676,357.268,336.878,22.462,-0.76,-25.675,13,311.203,5.116,-2334,,3,2.763,213.207,3,203.029
2026-02-22T21:23:55.000Z,1771795435.000,32.642174067,-117.204415611,5.723,2.647,332.547,18.524,-0.535,-21.746,13,310.8,5.314,-2335,,3,2.289,215.245,3,202.979
2026-02-22T21:23:56.000Z,1771795436.000,32.64220165,-117.204412804,5.713,359.522,340.088,26.771,-4.463,-29.622,13,310.466,4.966,-2336,,3,2.547,218.287,3,202.768
2026-02-22T21:23:57.000Z,1771795437.000,32.642228867,-117.20441357,5.7,5.254,335.81,26.093,-1.473,-25.738,13,310.071,5.134,-2337,,3,2.003,220.218,3,202.604
2026-02-22T21:23:58.000Z,1771795438.000,32.642256293,-117.204412376,5.476,5.313,335.4,26.484,0.397,-25.713,13,309.687,4.935,-2338,,3,1.903,222.565,3,202.313
2026-02-22T21:23:59.000Z,1771795439.000,32.642282234,-117.20441195,5.363,355.175,340.088,27.364,-1.585,-30.455,13,309.633,4.622,-2339,,3,2.703,225.11,3,203.125
2026-02-22T21:24:00.000Z,1771795440.000,32.642307994,-117.204413796,5.848,353.42,333.47,26.588,-1.098,-23.625,13,309.846,5.358,-2340,,3,3.089,226.678,3,203.418
2026-02-22T21:24:01.000Z,1771795441.000,32.642333979,-117.204417621,5.938,342.498,332.087,29.093,-6.112,-22.318,13,309.768,5.492,-2341,,3,4.023,228.522,3,203.62
2026-02-22T21:24:02.000Z,1771795442.000,32.642355965,-117.204432829,5.148,329.248,316.949,20.87,-2.406,-7.143,13,309.806,5.103,-2342,,3,4.261,228.247,3,202.908
2026-02-22T21:24:03.000Z,1771795443.000,32.6423708,-117.20445194,4.853,302.011,298.709,4.936,-5.039,11.293,13,310.002,4.756,-2343,,3,4.819,226.851,3,202.114
2026-02-22T21:24:04.000Z,1771795444.000,32.642379451,-117.204472869,4.21,289.23,286.512,2.542,-3.496,23.83,13,310.342,3.852,-2344,,3,4.187,225.357,3,201.71
2026-02-22T21:24:05.000Z,1771795445.000,32.642381554,-117.20449528,4.654,270.47,282.485,-9.014,-6.269,28.371,13,310.856,4.094,-2345,,3,4.224,223.865,3,201.943
2026-02-22T21:24:06.000Z,1771795446.000,32.6423816,-117.204517711,4.325,269.998,284.588,-14.871,-4.413,26.687,13,311.276,3.864,-2346,,3,3.909,222.645,3,202.422
2026-02-22T21:24:07.000Z,1771795447.000,32.642381186,-117.204542268,4.959,268.844,284.283,-19.548,-4.444,27.247,13,311.53,4.408,-2347,,3,4.435,221.082,3,203.001
2026-02-22T21:24:08.000Z,1771795448.000,32.642382872,-117.204565593,4.804,275.294,287.452,-17.158,-7.877,24.287,13,311.739,4.377,-2348,,3,4.51,220.026,3,203.373
2026-02-22T21:24:09.000Z,1771795449.000,32.642385445,-117.204588721,4.152,284.474,288.892,-16.46,-1.185,23.191,13,312.083,3.817,-2349,,3,4.076,218.931,3,203.326
2026-02-22T21:24:10.000Z,1771795450.000,32.642388027,-117.20461296,4.66,273.079,288.499,-17.337,-6.673,23.853,13,312.352,4.262,-2350,,3,4.307,217.632,3,202.889
2026-02-22T21:24:11.000Z,1771795451.000,32.642391199,-117.20463707,4.568,279.731,289.015,-14.381,-1.439,23.446,13,312.461,4.191,-2351,,3,4.395,216.459,3,203.276
2026-02-22T21:24:12.000Z,1771795452.000,32.642394675,-117.204662571,4.334,277.936,285.664,-11.027,-4.8,26.837,13,312.5,3.867,-2352,,3,4.129,214.937,3,203.448
2026-02-22T21:24:13.000Z,1771795453.000,32.642395587,-117.204688212,4.974,270.017,284.014,-13.534,-2.827,28.811,13,312.825,4.358,-2353,,3,4.482,213.321,3,203.423
2026-02-22T21:24:14.000Z,1771795454.000,32.642395532,-117.204715226,5,271.378,285.405,-21.484,-4.377,27.896,13,313.301,4.419,-2354,,3,4.553,211.761,3,204.315
2026-02-22T21:24:15.000Z,1771795455.000,32.642397416,-117.204742879,5.385,274.2,286.564,-20.182,-3.633,27.187,13,313.751,4.79,-2355,,3,5.005,210.308,3,204.435
2026-02-22T21:24:16.000Z,1771795456.000,32.642399674,-117.204772205,5.123,273.133,284.523,-12.596,-2.111,29.707,13,314.23,4.45,-2356,,3,4.723,208.55,3,204.742
2026-02-22T21:24:17.000Z,1771795457.000,32.642400135,-117.204801412,5.548,274.869,285.844,-18.352,-7.966,28.927,13,314.771,4.853,-2357,,3,5.174,206.894,3,203.79
2026-02-22T21:24:18.000Z,1771795458.000,32.642402858,-117.204830845,5.64,279.817,287.108,-17.275,-4.617,28.029,13,315.136,4.977,-2358,,3,5.414,205.411,3,203.743
2026-02-22T21:24:19.000Z,1771795459.000,32.642406325,-117.20486121,5.685,281.809,286.094,-18.602,-6.117,28.99,13,315.084,4.972,-2359,,3,5.508,203.765,3,203.813
2026-02-22T21:24:20.000Z,1771795460.000,32.642410457,-117.204890647,5.176,277.372,290.248,-15.799,-3.878,24.664,13,314.911,4.703,-2360,,3,4.9,202.618,3,202.907
2026-02-22T21:24:21.000Z,1771795461.000,32.642414005,-117.204920366,5.574,279.228,287.508,-15.76,-1.704,27.55,13,315.058,4.942,-2361,,3,5.33,200.887,3,202.696
2026-02-22T21:24:22.000Z,1771795462.000,32.642418079,-117.20494941,5.224,277.851,286.816,-18.682,-6.219,28.609,13,315.424,4.585,-2362,,3,4.955,199.396,3,200.829
2026-02-22T21:24:23.000Z,1771795463.000,32.64242202,-117.204978855,4.879,277.673,289.696,-13.831,-0.477,25.938,13,315.634,4.385,-2363,,3,4.622,198.137,3,200.201
2026-02-22T21:24:24.000Z,1771795464.000,32.642425762,-117.205006897,5.3,281.15,287.126,-12.964,2.225,28.357,13,315.483,4.664,-2364,,3,5.113,196.539,3,199.699
2026-02-22T21:24:25.000Z,1771795465.000,32.642429069,-117.205035601,5.177,277.783,285.356,-13.607,-8.164,30.056,13,315.412,4.482,-2365,,3,4.903,194.926,3,199.483
2026-02-22T21:24:26.000Z,1771795466.000,32.642430784,-117.205064319,5.163,268.478,283.859,-8.836,0.359,31.626,13,315.485,4.396,-2366,,3,4.554,193.2,3,199.932
2026-02-22T21:24:27.000Z,1771795467.000,32.64243056,-117.20509386,4.884,270.952,278.22,-12.259,-1.089,37.316,13,315.536,3.885,-2367,,3,4.398,190.973,3,199.478
2026-02-22T21:24:28.000Z,1771795468.000,32.64242894,-117.205122729,4.94,270.933,281.992,-18.687,-7.737,33.703,13,315.695,4.109,-2368,,3,4.445,189.33,3,198.422
2026-02-22T21:24:29.000Z,1771795469.000,32.6424292,-117.205152434,5.778,272.53,283.828,-19.227,-2.413,31.932,13,315.76,4.905,-2369,,3,5.264,187.66,3,199.104
2026-02-22T21:24:30.000Z,1771795470.000,32.642431011,-117.205182026,5.244,274.477,283.411,-12.251,-0.545,32.335,13,315.746,4.43,-2370,,3,4.846,185.968,3,197.722
2026-02-22T21:24:31.000Z,1771795471.000,32.642431988,-117.205211935,5.362,271.474,282.306,-15.119,-6.555,33.617,13,315.923,4.466,-2371,,3,4.836,184.136,3,199.196
2026-02-22T21:24:32.000Z,1771795472.000,32.642433419,-117.205242037,5.327,275.649,282.631,-11.077,-4.503,33.553,13,316.184,4.44,-2372,,3,4.957,182.434,3,200.346
2026-02-22T21:24:33.000Z,1771795473.000,32.642433591,-117.205271439,5.225,277.829,282.071,-17.835,-6.833,34.226,13,316.297,4.321,-2373,,3,4.928,180.605,3,200.16
2026-02-22T21:24:34.000Z,1771795474.000,32.64243508,-117.205301165,5.64,278.95,283.619,-17.28,-7.644,32.666,13,316.285,4.748,-2374,,3,5.353,179.017,3,198.925
2026-02-22T21:24:35.000Z,1771795475.000,32.642436596,-117.205329859,5.474,277.842,284.627,-15.217,0.01,31.577,13,316.204,4.663,-2375,,3,5.159,177.459,3,196.881
2026-02-22T21:24:36.000Z,1771795476.000,32.642438478,-117.205360329,5.669,274,282.41,-16.978,-9.07,33.696,13,316.105,4.715,-2376,,3,5.2,175.588,3,195.82
2026-02-22T21:24:37.000Z,1771795477.000,32.642440433,-117.205390122,5.811,278.422,285.981,-16.376,-3.11,29.951,13,315.932,5.037,-2377,,3,5.491,174.184,3,194.935
2026-02-22T21:24:38.000Z,1771795478.000,32.642442887,-117.205419909,5.662,274.738,284.773,-13.187,-5.107,31.203,13,315.975,4.844,-2378,,3,5.217,172.474,3,194.45
2026-02-22T21:24:39.000Z,1771795479.000,32.642444606,-117.205452489,6.16,272.762,282.92,-8.972,-5.011,33.104,13,316.023,5.159,-2379,,3,5.584,170.487,3,193.674
2026-02-22T21:24:40.000Z,1771795480.000,32.642445808,-117.205485451,6,276.169,282.699,-11.653,-5.068,33.213,13,315.911,5.02,-2380,,3,5.576,168.55,3,193.053
2026-02-22T21:24:41.000Z,1771795481.000,32.642448135,-117.205517557,5.7,272.667,282.868,-12.122,-2.501,32.719,13,315.587,4.796,-2381,,3,5.155,166.789,3,192.664
2026-02-22T21:24:42.000Z,1771795482.000,32.642450636,-117.205547528,5.451,274.533,281.962,-10.313,-4.464,33.297,13,315.259,4.556,-2382,,3,4.999,165.096,3,192.575
2026-02-22T21:24:43.000Z,1771795483.000,32.642451754,-117.205578981,6.154,269.834,281.161,-12.749,-6.649,33.848,13,315.009,5.107,-2383,,3,5.419,163.205,3,192.669
2026-02-22T21:24:44.000Z,1771795484.000,32.642452578,-117.205611385,6.045,272.673,282.808,-16.527,-3.048,32.201,13,315.009,5.115,-2384,,3,5.454,161.403,3,192.479
2026-02-22T21:24:45.000Z,1771795485.000,32.642452963,-117.205643653,5.563,273.753,283.823,-20.027,-2.215,31.16,13,314.982,4.761,-2385,,3,5.06,159.53,3,191.99
2026-02-22T21:24:46.000Z,1771795486.000,32.642455534,-117.205673602,5.817,276.007,285.226,-21.154,-5.785,29.648,13,314.874,5.056,-2386,,3,5.379,158.011,3,191.693
2026-02-22T21:24:47.000Z,1771795487.000,32.642457642,-117.205703836,5.547,274.316,285.849,-16.606,-2.876,28.903,13,314.753,4.855,-2387,,3,5.061,156.379,3,191.369
2026-02-22T21:24:48.000Z,1771795488.000,32.642459774,-117.20573499,5.723,276.016,283.227,-11.915,2.059,31.418,13,314.645,4.883,-2388,,3,5.285,154.457,3,191.478
2026-02-22T21:24:49.000Z,1771795489.000,32.642461374,-117.205766455,5.338,275.774,281.461,-13.992,-4.391,33.078,13,314.539,4.474,-2389,,3,4.916,152.536,3,191.82
2026-02-22T21:24:50.000Z,1771795490.000,32.642460707,-117.205797461,6.278,267.889,281.796,-15.005,-8.218,32.571,13,314.368,5.285,-2390,,3,5.385,150.603,3,192.289
2026-02-22T21:24:51.000Z,1771795491.000,32.642462061,-117.205827416,5.623,269.563,282.428,-10.648,-0.171,31.727,13,314.156,4.783,-2391,,3,4.901,148.924,3,192.74
2026-02-22T21:24:52.000Z,1771795492.000,32.642462588,-117.205858523,5.037,271.964,280.923,-15.186,-5.731,33.143,13,314.066,4.218,-2392,,3,4.486,146.953,3,192.992
2026-02-22T21:24:53.000Z,1771795493.000,32.642464233,-117.20588733,5.16,271.482,280.545,-11.214,-6.434,33.509,13,314.054,4.301,-2393,,3,4.571,145.299,3,193.325
2026-02-22T21:24:54.000Z,1771795494.000,32.642464008,-117.205916295,5.477,265.359,279.664,-10.868,-5.868,34.43,13,314.094,4.518,-2394,,3,4.547,143.442,3,193.668
2026-02-22T21:24:55.000Z,1771795495.000,32.642463023,-117.205948136,5.546,269.585,277.09,-10.097,-3.194,37.108,13,314.198,4.423,-2395,,3,4.813,141.23,3,194.037
2026-02-22T21:24:56.000Z,1771795496.000,32.642460378,-117.205980292,6.024,264.014,279.858,-18.716,-8.598,34.506,13,314.364,4.964,-2396,,3,4.905,139.225,3,193.985
2026-02-22T21:24:57.000Z,1771795497.000,32.6424602,-117.206010201,5.638,274.329,284.643,-19.371,-0.873,29.892,13,314.535,4.888,-2397,,3,5.099,137.717,3,193.831
2026-02-22T21:24:58.000Z,1771795498.000,32.642460939,-117.206040579,5.315,271.738,280.295,-11.87,-0.016,34.319,13,314.614,4.39,-2398,,3,4.694,135.605,3,194.09
2026-02-22T21:24:59.000Z,1771795499.000,32.642460232,-117.206073121,6.08,266.715,279.177,-13.507,-9.674,35.415,13,314.592,4.947,-2399,,3,5.091,133.474,3,194.289
2026-02-22T21:25:00.000Z,1771795500.000,32.642458567,-117.206103004,5.723,263.882,283.63,-20.561,-3.031,31.06,13,314.69,4.903,-2400,,3,4.625,131.815,3,194.203
2026-02-22T21:25:01.000Z,1771795501.000,32.642458693,-117.206133726,5.292,272.061,283.315,-16.283,-3.168,31.452,13,314.768,4.512,-2401,,3,4.671,129.918,3,194.306
2026-02-22T21:25:02.000Z,1771795502.000,32.642459577,-117.206163755,5.079,268.824,284.802,-22.86,-4.447,29.971,13,314.773,4.399,-2402,,3,4.337,128.258,3,194.578
2026-02-22T21:25:03.000Z,1771795503.000,32.642462603,-117.206193639,5.225,275.688,286.927,-23.418,-5.891,27.768,13,314.695,4.623,-2403,,3,4.752,126.836,3,194.101
2026-02-22T21:25:04.000Z,1771795504.000,32.64246627,-117.206223399,5.673,278.224,289.96,-20.695,-3.094,24.609,13,314.569,5.158,-2404,,3,5.256,125.546,3,194.044
2026-02-22T21:25:05.000Z,1771795505.000,32.64247008,-117.20625423,5.607,276.354,289.587,-19.242,-0.296,25.079,13,314.665,5.075,-2405,,3,5.119,123.947,3,194.208
2026-02-22T21:25:06.000Z,1771795506.000,32.642474328,-117.206286842,5.736,279.924,286.733,-19.891,-2.306,28.279,13,315.012,5.051,-2406,,3,5.368,122.09,3,194.317
2026-02-22T21:25:07.000Z,1771795507.000,32.642480856,-117.206317312,5.7,285.547,285.309,-13.179,-5.354,29.899,13,315.209,4.941,-2407,,3,5.504,120.665,3,194.352
2026-02-22T21:25:08.000Z,1771795508.000,32.642486061,-117.206346555,5.638,280.915,283.875,-10.5,-7.075,31.515,13,315.389,4.805,-2408,,3,5.305,119.205,3,194.479
2026-02-22T21:25:09.000Z,1771795509.000,32.642489469,-117.20637701,6.058,272.794,285.237,-6.907,-5.317,30.352,13,315.589,5.23,-2409,,3,5.349,117.722,3,194.586
2026-02-22T21:25:10.000Z,1771795510.000,32.642490903,-117.20640783,5.661,272.446,284.086,-10.088,-4.073,31.73,13,315.817,4.813,-2410,,3,4.976,115.869,3,194.648
2026-02-22T21:25:11.000Z,1771795511.000,32.642491386,-117.206439242,5.586,270.927,282.03,-11.945,-4.913,33.818,13,315.848,4.641,-2411,,3,4.832,113.835,3,194.807
2026-02-22T21:25:12.000Z,1771795512.000,32.642491854,-117.206470716,6.107,272.684,282.271,-12.781,-7.798,33.41,13,315.682,5.098,-2412,,3,5.368,111.961,3,194.689
2026-02-22T21:25:13.000Z,1771795513.000,32.642492212,-117.206501544,5.553,271.802,284.203,-15.266,2.524,31.283,13,315.486,4.746,-2413,,3,4.834,110.24,3,194.637
2026-02-22T21:25:14.000Z,1771795514.000,32.642491575,-117.206532322,5.463,272.33,283.468,-19.981,-5.518,32.052,13,315.52,4.63,-2414,,3,4.773,108.245,3,194.415
2026-02-22T21:25:15.000Z,1771795515.000,32.642493404,-117.206563015,5.645,280.165,285.467,-18.742,-4.502,30.206,13,315.674,4.879,-2415,,3,5.257,106.662,3,194.03
2026-02-22T21:25:16.000Z,1771795516.000,32.642496315,-117.206595848,5.533,280.572,285.675,-19.709,-5.038,30.168,13,315.843,4.783,-2416,,3,5.162,104.908,3,193.108
2026-02-22T21:25:17.000Z,1771795517.000,32.642500391,-117.206625434,5.162,284.368,285.548,-16.51,-2.131,30.342,13,315.89,4.455,-2417,,3,4.926,103.427,3,192.351
2026-02-22T21:25:18.000Z,1771795518.000,32.642505303,-117.206654322,5.34,285.647,288.262,-21.087,-8.703,27.672,13,315.934,4.729,-2418,,3,5.129,102.269,3,191.66
2026-02-22T21:25:19.000Z,1771795519.000,32.642511427,-117.206682517,5.154,288.481,288.875,-15.14,-1.519,27.213,13,316.088,4.584,-2419,,3,5.014,101.1,3,191.402
2026-02-22T21:25:20.000Z,1771795520.000,32.642515717,-117.206712848,6.108,277.057,286.981,-14.165,-8.64,29.412,13,316.393,5.317,-2420,,3,5.539,99.459,3,191.638
2026-02-22T21:25:21.000Z,1771795521.000,32.6425175,-117.206743234,6.05,273.7,288.049,-19.472,-6.975,28.56,13,316.609,5.314,-2421,,3,5.322,97.825,3,192.168
2026-02-22T21:25:22.000Z,1771795522.000,32.642519516,-117.206774345,5.985,271.928,289.991,-18.343,0.706,26.858,13,316.849,5.336,-2422,,3,5.168,96.234,3,192.724
2026-02-22T21:25:23.000Z,1771795523.000,32.642522216,-117.206805783,5.342,277.624,286.639,-18.462,-3.4,30.553,13,317.192,4.602,-2423,,3,4.852,94.28,3,192.657
2026-02-22T21:25:24.000Z,1771795524.000,32.642526097,-117.206836293,5.484,279.108,287.1,-17.903,-9.123,30.133,13,317.232,4.743,-2424,,3,5.035,92.77,3,191.682
2026-02-22T21:25:25.000Z,1771795525.000,32.642530022,-117.206864648,5.274,281.026,289.205,-16.493,-0.183,27.944,13,317.149,4.659,-2425,,3,4.906,91.517,3,188.607
2026-02-22T21:25:26.000Z,1771795526.000,32.642534338,-117.206894521,5.423,281.53,285.611,-12.802,-3.61,31.459,13,317.071,4.627,-2426,,3,5.058,89.78,3,186.636
2026-02-22T21:25:27.000Z,1771795527.000,32.642537265,-117.206924109,5.91,276.073,285.897,-16.665,-9.782,31.268,13,317.165,5.045,-2427,,3,5.28,88.234,3,186.299
2026-02-22T21:25:28.000Z,1771795528.000,32.642540323,-117.206952724,5.187,276.933,287.275,-12.717,-0.468,29.914,13,317.189,4.496,-2428,,3,4.665,86.837,3,185.444
2026-02-22T21:25:29.000Z,1771795529.000,32.642543765,-117.20698288,5.691,278.477,285.1,-16.79,-4.141,32.099,13,317.199,4.822,-2429,,3,5.178,85.116,3,183.576
2026-02-22T21:25:30.000Z,1771795530.000,32.642547679,-117.207011756,5.293,282.947,287.444,-21.476,-9.697,29.747,13,317.191,4.594,-2430,,3,4.969,83.847,3,182.971
2026-02-22T21:25:31.000Z,1771795531.000,32.642551775,-117.207039509,5.138,278.012,289.49,-21.409,-2.244,27.995,13,317.485,4.535,-2431,,3,4.65,82.642,3,182.284
2026-02-22T21:25:32.000Z,1771795532.000,32.642556841,-117.207067314,5.534,280.419,289.1,-15.356,-7.236,28.615,13,317.715,4.858,-2432,,3,5.1,81.333,3,181.165
2026-02-22T21:25:33.000Z,1771795533.000,32.642561499,-117.207094906,4.721,287.542,287.35,-9.063,0.546,30.629,13,317.979,4.062,-2433,,3,4.542,79.901,3,181.07
2026-02-22T21:25:34.000Z,1771795534.000,32.642562534,-117.207125279,5.755,268.637,283.354,-14.103,-8.626,34.871,13,318.225,4.719,-2434,,3,4.72,77.833,3,180.911
2026-02-22T21:25:35.000Z,1771795535.000,32.642562824,-117.207154569,5.824,274.239,284.114,-19.923,-3.789,34.101,13,318.215,4.821,-2435,,3,5.072,76.116,3,181.132
2026-02-22T21:25:36.000Z,1771795536.000,32.642565896,-117.207184164,5.386,276.646,286.557,-21.947,-7.402,31.425,13,317.982,4.596,-2436,,3,4.794,74.738,3,180.359
2026-02-22T21:25:37.000Z,1771795537.000,32.642569625,-117.207212582,5.678,279.203,289.415,-19.932,-6.746,28.36,13,317.775,4.997,-2437,,3,5.16,73.522,3,179.256
2026-02-22T21:25:38.000Z,1771795538.000,32.642573272,-117.207241533,5.124,284.113,287.933,-17.161,-1.413,29.734,13,317.667,4.449,-2438,,3,4.819,71.941,3,179.233
2026-02-22T21:25:39.000Z,1771795539.000,32.64257658,-117.207271233,5.513,280.677,286.049,-21.036,-7.729,31.565,13,317.613,4.697,-2439,,3,5.058,70.258,3,179.281
2026-02-22T21:25:40.000Z,1771795540.000,32.642579754,-117.207300536,5.669,280.316,289.339,-19.236,-2.441,28.205,13,317.545,4.996,-2440,,3,5.183,68.973,3,178.505
2026-02-22T21:25:41.000Z,1771795541.000,32.642583322,-117.207330711,5.267,280.044,288.409,-18.198,-0.522,29.085,13,317.494,4.601,-2441,,3,4.8,67.352,3,178.933
2026-02-22T21:25:42.000Z,1771795542.000,32.642586846,-117.207359184,5.251,279.926,287.58,-21.224,-6.444,29.904,13,317.484,4.552,-2442,,3,4.776,65.84,3,177.589
2026-02-22T21:25:43.000Z,1771795543.000,32.642591546,-117.20738846,5.673,284.402,288.508,-21.833,-4.981,28.994,13,317.502,4.961,-2443,,3,5.325,64.509,3,177.312
2026-02-22T21:25:44.000Z,1771795544.000,32.64259663,-117.207417816,5.3,283.263,288.231,-18.592,-4.38,29.369,13,317.599,4.619,-2444,,3,4.934,63.115,3,177.035
2026-02-22T21:25:45.000Z,1771795545.000,32.642600687,-117.207448681,5.688,274.961,287.298,-20.463,-5.786,30.415,13,317.713,4.905,-2445,,3,4.933,61.493,3,175.55
2026-02-22T21:25:46.000Z,1771795546.000,32.642605233,-117.207479881,5.7,280.717,285.819,-16.17,-4.812,31.947,13,317.765,4.836,-2446,,3,5.198,59.852,3,175.226
2026-02-22T21:25:47.000Z,1771795547.000,32.642608113,-117.207511963,6.353,274.427,284.792,-15.407,-8.231,32.694,13,317.485,5.346,-2447,,3,5.464,58.052,3,175.833
2026-02-22T21:25:48.000Z,1771795548.000,32.642611282,-117.207545133,6,279.466,286.818,-16.338,-6.965,30.752,13,317.571,5.156,-2448,,3,5.403,56.433,3,174.335
2026-02-22T21:25:49.000Z,1771795549.000,32.642613827,-117.207575989,5.888,273.949,287.68,-19.485,-6.97,29.993,13,317.673,5.098,-2449,,3,5.024,54.818,3,173.671
2026-02-22T21:25:50.000Z,1771795550.000,32.642616266,-117.207606121,5.227,276.081,286.917,-14.829,1.916,30.782,13,317.7,4.488,-2450,,3,4.552,53.119,3,173.235
2026-02-22T21:25:51.000Z,1771795551.000,32.642618702,-117.207637069,5.8,276.859,286.402,-20.219,-5.778,31.284,13,317.686,4.957,-2451,,3,5.082,51.387,3,172.729
2026-02-22T21:25:52.000Z,1771795552.000,32.642622574,-117.207666685,5.632,277.263,288.376,-19.325,-2.781,29.269,13,317.645,4.914,-2452,,3,4.948,50.043,3,172.188
2026-02-22T21:25:53.000Z,1771795553.000,32.642628041,-117.207695004,5.037,285.862,287.241,-14.451,-1.404,30.23,13,317.471,4.352,-2453,,3,4.732,48.68,3,172.106
2026-02-22T21:25:54.000Z,1771795554.000,32.642633134,-117.207724319,5.831,279.29,285.521,-12.562,-7.398,32.051,13,317.572,4.94,-2454,,3,5.206,47.184,3,171.518
2026-02-22T21:25:55.000Z,1771795555.000,32.642637782,-117.207753486,5.724,279.699,287.195,-10.299,-2.75,30.505,13,317.7,4.931,-2455,,3,5.124,45.909,3,170.963
2026-02-22T21:25:56.000Z,1771795556.000,32.642641306,-117.207782363,5.312,277.44,284.101,-10.793,-4.025,33.746,13,317.846,4.417,-2456,,3,4.652,44.207,3,170.641
2026-02-22T21:25:57.000Z,1771795557.000,32.642642422,-117.207812594,5.478,274.157,282.242,-12.335,-6.542,35.627,13,317.869,4.454,-2457,,3,4.629,42.314,3,169.89
2026-02-22T21:25:58.000Z,1771795558.000,32.642644063,-117.207842,5.47,272.252,283.887,-19.023,-6.38,33.903,13,317.79,4.539,-2458,,3,4.514,40.766,3,170.942
2026-02-22T21:25:59.000Z,1771795559.000,32.64264612,-117.207872482,5.411,273.712,284.755,-13.045,-2.268,33.074,13,317.829,4.535,-2459,,3,4.535,39.132,3,170.204
2026-02-22T21:26:00.000Z,1771795560.000,32.642648315,-117.207901587,5.162,277.426,282.592,-14.939,-4.998,35.157,13,317.75,4.221,-2460,,3,4.491,37.375,3,170.851
2026-02-22T21:26:01.000Z,1771795561.000,32.642648277,-117.207930693,5.738,271.955,283.695,-16.439,-9.159,33.712,13,317.406,4.77,-2461,,3,4.691,35.667,3,170.395
2026-02-22T21:26:02.000Z,1771795562.000,32.642648439,-117.207959532,5.539,274.242,283.173,-16.141,-0.999,33.911,13,317.085,4.598,-2462,,3,4.642,33.874,3,170.583
2026-02-22T21:26:03.000Z,1771795563.000,32.642647737,-117.207989647,5.363,269.138,281.603,-19.928,-3.517,35.213,13,316.817,4.382,-2463,,3,4.205,31.856,3,170.977
2026-02-22T21:26:04.000Z,1771795564.000,32.642647246,-117.208019832,5.327,272.764,283.176,-22.845,-4.154,33.354,13,316.53,4.45,-2464,,3,4.368,30.075,3,170.279
2026-02-22T21:26:05.000Z,1771795565.000,32.642649485,-117.208049052,5.574,277.138,289.164,-26.462,-8.32,27.249,13,316.413,4.956,-2465,,3,4.795,28.912,3,170.615
2026-02-22T21:26:06.000Z,1771795566.000,32.642657765,-117.208077001,5.478,298.044,297.488,-27.187,-2.528,19.023,13,316.511,5.178,-2466,,3,5.399,28.538,3,169.179
2026-02-22T21:26:07.000Z,1771795567.000,32.642673689,-117.208096587,5.088,326.082,304.906,-11.837,-8.867,11.792,13,316.699,4.979,-2467,,3,4.829,29.267,3,168.924
2026-02-22T21:26:08.000Z,1771795568.000,32.642693351,-117.20810575,4.935,347.455,317.092,6.687,-3.685,0.058,13,317.149,4.93,-2468,,3,3.782,31.343,3,168.071
2026-02-22T21:26:09.000Z,1771795569.000,32.642713031,-117.208107085,4.177,3.228,332.028,7.97,-3.319,-15.041,13,316.986,4.034,-2469,,3,2.332,34.089,3,169.508
2026-02-22T21:26:10.000Z,1771795570.000,32.642732723,-117.208100179,4.724,19.978,340.991,20.632,-2.751,-23.978,13,317.013,4.311,-2470,,3,1.372,36.822,3,170.447
2026-02-22T21:26:11.000Z,1771795571.000,32.64275282,-117.208092917,4.524,5.041,350.586,29.299,-2.752,-33.615,13,316.97,3.768,-2471,,3,2.365,39.595,3,173.159
2026-02-22T21:26:12.000Z,1771795572.000,32.642774438,-117.208091029,5.061,3.587,343.749,27.232,-4.113,-26.777,13,316.972,4.518,-2472,,3,2.741,41.08,3,173.452
2026-02-22T21:26:13.000Z,1771795573.000,32.642796779,-117.208090946,5.307,1.323,337.627,21.869,-1.212,-20.767,13,316.86,4.962,-2473,,3,3.035,42.531,3,174.066
2026-02-22T21:26:14.000Z,1771795574.000,32.642821125,-117.208091789,5.178,0.885,336.06,22.283,-1.221,-19.665,13,316.395,4.876,-2474,,3,2.977,44.411,3,173.838
2026-02-22T21:26:15.000Z,1771795575.000,32.642846318,-117.20809107,5.688,8.86,332.903,24.946,-4.624,-16.784,13,316.119,5.446,-2475,,3,2.572,46.337,3,173.759
2026-02-22T21:26:16.000Z,1771795576.000,32.642871547,-117.208090294,5.426,350.679,340.365,26.918,-1.958,-24.399,13,315.966,4.942,-2476,,3,3.82,49.049,3,173.972
2026-02-22T21:26:17.000Z,1771795577.000,32.642897157,-117.208090394,5.716,6.653,334.182,23.42,-4.501,-18.205,13,315.978,5.429,-2477,,3,2.732,50.746,3,173.215
2026-02-22T21:26:18.000Z,1771795578.000,32.642923474,-117.208089845,5.522,2.337,339.337,22.393,0.173,-23.11,13,316.226,5.079,-2478,,3,2.972,53.367,3,174.762
2026-02-22T21:26:19.000Z,1771795579.000,32.642949593,-117.20808828,5.9,6.028,337.365,20.43,-4.202,-20.908,13,316.456,5.511,-2479,,3,2.825,55.516,3,173.213
2026-02-22T21:26:20.000Z,1771795580.000,32.64297696,-117.208086091,6.148,2.118,342.362,23.846,-2.75,-25.705,13,316.658,5.539,-2480,,3,3.275,58.304,3,174.276
2026-02-22T21:26:21.000Z,1771795581.000,32.643004364,-117.208082546,6.139,13.941,341.684,28.226,-3.088,-24.498,13,317.186,5.58,-2481,,3,2.105,60.775,3,174.125
2026-02-22T21:26:22.000Z,1771795582.000,32.643031996,-117.208081767,5.522,358.044,339.837,21.899,3.044,-22.749,13,317.087,5.092,-2482,,3,3.22,63.016,3,173.408
2026-02-22T21:26:23.000Z,1771795583.000,32.643059549,-117.208080649,5.599,4.186,332.947,19.659,-3.387,-15.929,13,317.017,5.377,-2483,,3,2.739,64.894,3,174.217
2026-02-22T21:26:24.000Z,1771795584.000,32.643088007,-117.208078348,6.074,3.46,343.36,30.198,-5.554,-26.398,13,316.962,5.44,-2484,,3,3.002,68.178,3,173.837
2026-02-22T21:26:25.000Z,1771795585.000,32.643114595,-117.208080766,6.084,352.119,335.768,24.145,-3.042,-19.064,13,316.704,5.749,-2485,,3,3.971,69.723,3,174.222
2026-02-22T21:26:26.000Z,1771795586.000,32.643141559,-117.208083145,5.622,352.677,335.145,23.74,-3.761,-18.767,13,316.379,5.322,-2486,,3,3.607,71.796,3,173.767
2026-02-22T21:26:27.000Z,1771795587.000,32.643166666,-117.208084663,5.412,356.235,335.805,18.672,0.599,-19.794,13,316.012,5.092,-2487,,3,3.188,73.862,3,173.987
2026-02-22T21:26:28.000Z,1771795588.000,32.643192859,-117.20808335,5.35,2.75,335.079,18.249,-1.492,-19.548,13,315.531,5.042,-2488,,3,2.617,76.09,3,173.68
2026-02-22T21:26:29.000Z,1771795589.000,32.643219824,-117.208078009,6.238,7.831,340.666,27.27,-4.248,-25.268,13,315.399,5.638,-2489,,3,2.521,79.086,3,174.515
2026-02-22T21:26:30.000Z,1771795590.000,32.643248103,-117.208074533,5.811,1.954,343.228,26.768,0.87,-27.993,13,315.235,5.131,-2490,,3,2.849,81.854,3,173.604
2026-02-22T21:26:31.000Z,1771795591.000,32.643276241,-117.208074276,5.937,357.688,336.536,23.951,-2.454,-21.396,13,315.14,5.526,-2491,,3,3.265,83.759,3,173.887
2026-02-22T21:26:32.000Z,1771795592.000,32.643303463,-117.208073513,5.826,358.967,334.595,22.617,-1.975,-19.616,13,314.979,5.488,-2492,,3,3.069,85.95,3,174.089
2026-02-22T21:26:33.000Z,1771795593.000,32.643329917,-117.208072091,5.839,1.243,339.023,23.519,-5.053,-24.273,13,314.75,5.323,-2493,,3,2.846,88.583,3,174.091
2026-02-22T21:26:34.000Z,1771795594.000,32.643357195,-117.208075101,6.056,347.488,334.256,18.578,-0.712,-19.553,13,314.703,5.707,-2494,,3,4.105,90.342,3,174.081
2026-02-22T21:26:35.000Z,1771795595.000,32.643384045,-117.208071219,5.9,1.285,338.811,26.624,-4.31,-23.519,13,315.292,5.409,-2495,,3,2.816,93.169,3,174.331
2026-02-22T21:26:36.000Z,1771795596.000,32.643410577,-117.20806847,5.787,2.387,339.04,25.047,-2.502,-23.252,13,315.788,5.317,-2496,,3,2.635,95.584,3,173.823
2026-02-22T21:26:37.000Z,1771795597.000,32.643437989,-117.208066311,6.1,359.989,340.29,27.757,-1.963,-24.35,13,315.94,5.557,-2497,,3,2.971,98.108,3,173.78
2026-02-22T21:26:38.000Z,1771795598.000,32.643466141,-117.208064382,5.9,2.986,337.467,26.451,0.665,-21.059,13,316.408,5.506,-2498,,3,2.571,100.39,3,173.798
2026-02-22T21:26:39.000Z,1771795599.000,32.643493941,-117.208061863,5.937,0.937,338.063,24.956,1.021,-21.238,13,316.825,5.531,-2499,,3,2.745,102.923,3,174.092
2026-02-22T21:26:40.000Z,1771795600.000,32.643521717,-117.208060846,5.9,354.678,339.469,28.879,-3.8,-22.108,13,317.361,5.465,-2500,,3,3.253,105.42,3,173.676
2026-02-22T21:26:41.000Z,1771795601.000,32.643549066,-117.208063053,6.084,359.089,331.827,21.027,-3.956,-13.753,13,318.074,5.908,-2501,,3,2.931,107.02,3,173.127
2026-02-22T21:26:42.000Z,1771795602.000,32.643578567,-117.208062632,6.257,357.307,335.927,25.647,-2.584,-17.216,13,318.712,5.976,-2502,,3,3.146,109.831,3,172.07
2026-02-22T21:26:43.000Z,1771795603.000,32.643606342,-117.208064492,6.076,352.788,330.593,18.716,-4.493,-11.142,13,319.451,5.959,-2503,,3,3.435,111.65,3,172.264
2026-02-22T21:26:44.000Z,1771795604.000,32.6436335,-117.208063084,5.8,7.159,336.01,20.674,-5.457,-15.815,13,320.196,5.578,-2504,,3,1.953,114.424,3,170.241
2026-02-22T21:26:45.000Z,1771795605.000,32.643659161,-117.208062292,5.585,0.631,336.927,14.812,-1.084,-16.208,13,320.719,5.362,-2505,,3,2.438,116.697,3,171.14
2026-02-22T21:26:46.000Z,1771795606.000,32.643685353,-117.208057382,5.7,3.972,347.332,23.876,-3.138,-26.384,13,320.948,5.101,-2506,,3,2.147,119.917,3,171.641
2026-02-22T21:26:47.000Z,1771795607.000,32.643711218,-117.20805581,5.624,3.119,335.546,14.56,-1.296,-14.294,13,321.252,5.444,-2507,,3,2.174,121.365,3,170.637
2026-02-22T21:26:48.000Z,1771795608.000,32.643737599,-117.208049152,5.887,7.107,350.515,25.996,-5.007,-28.983,13,321.532,5.148,-2508,,3,1.848,125.017,3,172.307
2026-02-22T21:26:49.000Z,1771795609.000,32.643764455,-117.20804647,5.984,2.509,339.426,17.742,-0.294,-17.821,13,321.605,5.695,-2509,,3,2.301,126.693,3,170.155
2026-02-22T21:26:50.000Z,1771795610.000,32.643793,-117.208037637,6.211,13.962,348.064,28.759,-2.629,-26.181,13,321.883,5.571,-2510,,3,1.154,130.221,3,171.489
2026-02-22T21:26:51.000Z,1771795611.000,32.643821573,-117.20803298,6.112,4.366,341.754,26.02,-2.52,-19.233,13,322.52,5.766,-2511,,3,2.087,132.483,3,171.057
2026-02-22T21:26:52.000Z,1771795612.000,32.643850112,-117.208029172,6.04,6.147,342.982,29.444,-3.367,-19.482,13,323.5,5.694,-2512,,3,1.846,135.201,3,172.07
2026-02-22T21:26:53.000Z,1771795613.000,32.643877028,-117.208027955,5.585,4.935,337.369,24.576,-1.303,-12.872,13,324.498,5.443,-2513,,3,1.791,137.14,3,171.335
2026-02-22T21:26:54.000Z,1771795614.000,32.643904945,-117.208025876,5.833,0.312,337.046,25.359,-3.727,-11.958,13,325.087,5.706,-2514,,3,2.276,139.59,3,172.202
2026-02-22T21:26:55.000Z,1771795615.000,32.643931945,-117.208025628,5.912,355.207,338.752,25.191,-3.132,-13.894,13,324.859,5.739,-2515,,3,2.75,141.997,3,172.462
2026-02-22T21:26:56.000Z,1771795616.000,32.64395973,-117.20802753,6.148,358.551,335.175,24.312,-3.151,-10.518,13,324.657,6.044,-2516,,3,2.506,143.954,3,172.754
2026-02-22T21:26:57.000Z,1771795617.000,32.643987619,-117.208030459,6.27,352.291,334.788,21.057,-5.704,-10.231,13,324.557,6.169,-2517,,3,3.132,146.089,3,171.159
2026-02-22T21:26:58.000Z,1771795618.000,32.644015687,-117.208032389,5.946,3.926,333.296,17.913,-3.65,-9.389,13,323.907,5.866,-2518,,3,1.836,148.218,3,170.729
2026-02-22T21:26:59.000Z,1771795619.000,32.644043352,-117.20803354,5.812,357.752,335.869,16.678,-3.54,-12.478,13,323.391,5.674,-2519,,3,2.344,150.663,3,170.718
2026-02-22T21:27:00.000Z,1771795620.000,32.644071182,-117.208032699,6.175,5.855,332.852,14.407,-3.344,-10.031,13,322.821,6.081,-2520,,3,1.634,152.828,3,170.366
2026-02-22T21:27:01.000Z,1771795621.000,32.644097671,-117.208026263,6.338,8.583,343.29,25.077,-4.747,-21.22,13,322.07,5.902,-2521,,3,1.336,156.199,3,171.162
2026-02-22T21:27:02.000Z,1771795622.000,32.644125032,-117.2080218,6.065,6.371,342.626,21.654,0.042,-20.818,13,321.808,5.669,-2522,,3,1.468,158.728,3,171.688
2026-02-22T21:27:03.000Z,1771795623.000,32.644151771,-117.208017427,5.538,6.365,340.464,23.493,1.235,-18.569,13,321.895,5.25,-2523,,3,1.307,161.092,3,171.11
2026-02-22T21:27:04.000Z,1771795624.000,32.644178757,-117.208015597,5.742,359.551,339.452,21.149,-2.678,-18.009,13,321.444,5.449,-2524,,3,1.974,163.396,3,172.167
2026-02-22T21:27:05.000Z,1771795625.000,32.644205234,-117.208013996,5.732,0.677,340.778,26.251,-1.356,-19.386,13,321.392,5.407,-2525,,3,1.829,165.816,3,172.136
2026-02-22T21:27:06.000Z,1771795626.000,32.644232665,-117.208014674,5.723,351.555,336.437,24.61,-3.151,-14.985,13,321.452,5.526,-2526,,3,2.634,167.767,3,172.341
2026-02-22T21:27:07.000Z,1771795627.000,32.644259262,-117.208015106,6.046,1.666,339.817,29.036,-3.352,-18.206,13,321.611,5.741,-2527,,3,1.759,170.219,3,171.573
2026-02-22T21:27:08.000Z,1771795628.000,32.644286123,-117.208019947,5.986,351.187,332.787,22.114,-2.143,-11.173,13,321.614,5.872,-2528,,3,2.726,171.665,3,170.061
2026-02-22T21:27:09.000Z,1771795629.000,32.644311341,-117.208022087,5.313,0.327,330.539,19.881,-3.072,-9.176,13,321.363,5.245,-2529,,3,1.61,173.482,3,169.551
2026-02-22T21:27:10.000Z,1771795630.000,32.64433769,-117.208022165,5.477,357.423,335.072,22.134,-4.627,-14.191,13,320.882,5.308,-2530,,3,1.886,176.032,3,169.49
2026-02-22T21:27:11.000Z,1771795631.000,32.644362658,-117.208023226,5.313,358.331,331.524,12.966,-0.263,-11.456,13,320.068,5.207,-2531,,3,1.723,177.799,3,168.571
2026-02-22T21:27:12.000Z,1771795632.000,32.644389004,-117.208019906,5.541,5.258,340.61,23.973,-3.667,-21.131,13,319.479,5.168,-2532,,3,1.11,180.883,3,168.358
2026-02-22T21:27:13.000Z,1771795633.000,32.644415258,-117.208020007,6.022,356.172,335.801,24.367,-4.23,-16.942,13,318.859,5.761,-2533,,3,2.091,182.736,3,168.736
2026-02-22T21:27:14.000Z,1771795634.000,32.644442697,-117.208023155,5.878,356.744,332.563,23.283,-2.972,-13.927,13,318.636,5.705,-2534,,3,1.952,184.607,3,168.329
2026-02-22T21:27:15.000Z,1771795635.000,32.644468768,-117.208024552,5.476,358.308,331.921,22.751,-1.834,-13.503,13,318.418,5.324,-2535,,3,1.645,186.663,3,167.308
2026-02-22T21:27:16.000Z,1771795636.000,32.644494465,-117.208026708,5.5,356.845,331.808,21.629,-3.839,-13.621,13,318.188,5.345,-2536,,3,1.753,188.682,3,167.289
2026-02-22T21:27:17.000Z,1771795637.000,32.644519842,-117.208027162,5.753,0.483,339.73,27.858,-4.55,-21.735,13,317.995,5.342,-2537,,3,1.445,191.368,3,167.919
2026-02-22T21:27:18.000Z,1771795638.000,32.644546137,-117.208030545,5.715,356.55,335.231,22.75,0.334,-17.338,13,317.893,5.456,-2538,,3,1.78,193.044,3,167.411
2026-02-22T21:27:19.000Z,1771795639.000,32.644574255,-117.208029959,5.836,3.288,337.781,32.3,-2.409,-20.01,13,317.771,5.483,-2539,,3,1.113,195.629,3,166.858
2026-02-22T21:27:20.000Z,1771795640.000,32.644601877,-117.208033386,5.975,348.141,335.889,31.484,-1.602,-18.33,13,317.559,5.671,-2540,,3,2.598,197.602,3,166.53
2026-02-22T21:27:21.000Z,1771795641.000,32.644628429,-117.208039408,5.914,351.369,329.723,25.912,-2.465,-12.443,13,317.28,5.774,-2541,,3,2.237,199,3,165.939
2026-02-22T21:27:22.000Z,1771795642.000,32.644654146,-117.208043329,5.8,351.673,331.166,22.052,0.063,-14.167,13,316.999,5.623,-2542,,3,2.131,201.03,3,165.897
2026-02-22T21:27:23.000Z,1771795643.000,32.644681693,-117.208045505,5.724,354.383,329.766,21.147,-3.838,-13.049,13,316.716,5.575,-2543,,3,1.813,203.104,3,165.005
2026-02-22T21:27:24.000Z,1771795644.000,32.644709473,-117.208046387,6.274,356.817,335.756,23.953,-3.016,-19.253,13,316.503,5.923,-2544,,3,1.686,205.835,3,164.286
2026-02-22T21:27:25.000Z,1771795645.000,32.644736445,-117.208047114,5.8,0.376,334.193,19.061,1.802,-18.187,13,316.006,5.51,-2545,,3,1.172,207.941,3,162.808
2026-02-22T21:27:26.000Z,1771795646.000,32.644763236,-117.208046316,5.279,1.395,335.892,22.945,-0.81,-19.756,13,316.136,4.968,-2546,,3,0.938,210.367,3,162.002
2026-02-22T21:27:27.000Z,1771795647.000,32.644789814,-117.208045924,5.676,4.016,336.92,23.23,-1.307,-20.633,13,316.287,5.312,-2547,,3,0.713,212.699,3,161.867
2026-02-22T21:27:28.000Z,1771795648.000,32.644816812,-117.208047169,6.248,349.26,336.271,26.188,-3.682,-19.848,13,316.423,5.876,-2548,,3,2.299,214.844,3,161.239
2026-02-22T21:27:29.000Z,1771795649.000,32.644844474,-117.208049819,5.754,359.568,333.002,23.768,-1.492,-16.573,13,316.43,5.515,-2549,,3,1.088,216.763,3,161.171
2026-02-22T21:27:30.000Z,1771795650.000,32.644871819,-117.208051192,6.031,353.131,332.024,24.995,-2.16,-15.734,13,316.291,5.803,-2550,,3,1.758,218.902,3,160.051
2026-02-22T21:27:31.000Z,1771795651.000,32.644899313,-117.208050727,5.788,358.729,337.932,32.882,-4.132,-21.751,13,316.18,5.376,-2551,,3,1.096,221.679,3,158.97
2026-02-22T21:27:32.000Z,1771795652.000,32.644925504,-117.208054028,5.461,352.471,336.415,30.54,0.755,-20.256,13,316.16,5.124,-2552,,3,1.578,223.567,3,158.084
2026-02-22T21:27:33.000Z,1771795653.000,32.644951911,-117.208060433,5.8,339.415,327.135,25.252,0.018,-11.074,13,316.061,5.689,-2553,,3,2.859,224.689,3,155.509
2026-02-22T21:27:34.000Z,1771795654.000,32.644978316,-117.208064137,5.63,345.865,331.699,28.59,-4.976,-15.79,13,315.909,5.417,-2554,,3,2.17,227.032,3,155.85
2026-02-22T21:27:35.000Z,1771795655.000,32.645003589,-117.208070002,5.478,348.241,327.264,20.807,-7.187,-11.377,13,315.887,5.37,-2555,,3,1.87,228.455,3,153.694
2026-02-22T21:27:36.000Z,1771795656.000,32.645028355,-117.208069881,5.364,4.211,332.392,23.564,0.042,-16.672,13,315.72,5.13,-2556,,3,0.336,230.934,3,154.16
2026-02-22T21:27:37.000Z,1771795657.000,32.645054076,-117.208069298,5.227,0.709,335.927,23.961,-1.756,-20.403,13,315.524,4.896,-2557,,3,0.608,233.396,3,153.505
2026-02-22T21:27:38.000Z,1771795658.000,32.645080344,-117.208070669,5.785,355.384,333.507,28.205,-2.421,-18.034,13,315.473,5.5,-2558,,3,1.166,235.34,3,153.277
2026-02-22T21:27:39.000Z,1771795659.000,32.645106648,-117.208074208,5.6,345.232,329.522,23.106,-1.633,-14.234,13,315.288,5.426,-2559,,3,2.045,237.03,3,152.077
2026-02-22T21:27:40.000Z,1771795660.000,32.645131764,-117.208075791,5.688,354.018,333.861,28.54,-2.752,-18.761,13,315.1,5.382,-2560,,3,1.205,239.372,3,151.857
2026-02-22T21:27:41.000Z,1771795661.000,32.645156275,-117.208081954,5.92,346.274,329.997,22.05,-0.034,-14.953,13,315.044,5.72,-2561,,3,1.989,240.762,3,150.738
2026-02-22T21:27:42.000Z,1771795662.000,32.645181161,-117.208086088,5.37,353.245,329.442,25.711,-2.76,-14.363,13,315.078,5.201,-2562,,3,1.144,242.557,3,150.495
2026-02-22T21:27:43.000Z,1771795663.000,32.645206983,-117.208094221,5.511,340.828,323.706,16.139,-1.197,-8.507,13,315.198,5.447,-2563,,3,2.274,243.779,3,149.397
2026-02-22T21:27:44.000Z,1771795664.000,32.645232415,-117.208096927,5.8,356.665,328.968,22.58,-2.645,-13.552,13,315.416,5.638,-2564,,3,0.819,246.162,3,149.535
2026-02-22T21:27:45.000Z,1771795665.000,32.645257884,-117.208100907,5.325,349.825,327.563,18.746,-0.381,-12.107,13,315.456,5.204,-2565,,3,1.341,247.949,3,148.18
2026-02-22T21:27:46.000Z,1771795666.000,32.645284551,-117.208103642,5.815,352.443,334.435,31.337,-4.936,-18.967,13,315.468,5.499,-2566,,3,1.161,250.545,3,148.305
2026-02-22T21:27:47.000Z,1771795667.000,32.645310147,-117.208108813,5.166,355.009,331.532,29.512,-1.006,-16.374,13,315.159,4.957,-2567,,3,0.771,252.161,3,147.632
2026-02-22T21:27:48.000Z,1771795668.000,32.645335065,-117.208114097,5.435,351.132,328.465,28.77,-1.161,-13.614,13,314.852,5.282,-2568,,3,1.139,253.695,3,147.472
2026-02-22T21:27:49.000Z,1771795669.000,32.645360042,-117.208121051,5.9,340.245,326.7,26.588,-3.328,-11.747,13,314.953,5.776,-2569,,3,2.269,255.23,3,146.376
2026-02-22T21:27:50.000Z,1771795670.000,32.645383864,-117.208129393,5.4,345.915,323.215,11.83,0.983,-8.027,13,315.188,5.347,-2570,,3,1.544,256.446,3,145.519
2026-02-22T21:27:51.000Z,1771795671.000,32.645410718,-117.208131421,5.99,356.617,327.61,22.979,-1.413,-12.488,13,315.122,5.846,-2571,,3,0.571,258.923,3,144.955
2026-02-22T21:27:52.000Z,1771795672.000,32.645437124,-117.208134324,5.9,347.016,332.931,22.02,-3.543,-17.554,13,315.377,5.623,-2572,,3,1.49,261.37,3,144.287
2026-02-22T21:27:53.000Z,1771795673.000,32.645463401,-117.208135166,5.862,5.914,330.016,24.957,-0.94,-14.231,13,315.785,5.679,-2573,,3,-0.476,263.305,3,143.694
2026-02-22T21:27:54.000Z,1771795674.000,32.645489645,-117.208135257,5.755,349.544,339.835,28.065,-1.636,-23.757,13,316.078,5.268,-2574,,3,1.124,266.232,3,144.367
2026-02-22T21:27:55.000Z,1771795675.000,32.645516481,-117.208140305,5.564,356.582,326.267,23.857,-3.276,-9.927,13,316.34,5.477,-2575,,3,0.376,267.159,3,142.78
2026-02-22T21:27:56.000Z,1771795676.000,32.645543525,-117.208140504,5.964,349.87,336.886,30.455,-4.89,-20.186,13,316.7,5.597,-2576,,3,1.047,270.225,3,142.837
2026-02-22T21:27:57.000Z,1771795677.000,32.645569412,-117.208144723,5.75,351.284,334.439,27.037,-2.835,-17.391,13,317.048,5.486,-2577,,3,0.831,271.961,3,141.933
2026-02-22T21:27:58.000Z,1771795678.000,32.645595137,-117.208149767,5.445,350.402,327.75,16.272,2.295,-9.812,13,317.938,5.362,-2578,,3,0.836,273.303,3,140.456
2026-02-22T21:27:59.000Z,1771795679.000,32.645622712,-117.208146474,5.733,1.459,338.559,35.189,-5.407,-20.102,13,318.457,5.382,-2579,,3,-0.271,276.632,3,140.34
2026-02-22T21:28:00.000Z,1771795680.000,32.645648324,-117.208150925,5.765,345.767,336.742,26.435,3.395,-17.523,13,319.219,5.497,-2580,,3,1.257,278.38,3,139.623
2026-02-22T21:28:01.000Z,1771795681.000,32.645675251,-117.208157914,5.653,353.281,326.115,23.77,-3.306,-5.973,13,320.142,5.617,-2581,,3,0.465,279.407,3,137.785
2026-02-22T21:28:02.000Z,1771795682.000,32.645702466,-117.2081599,5.953,354.919,332.181,29.103,-4.594,-11.723,13,320.459,5.826,-2582,,3,0.272,282.04,3,137.498
2026-02-22T21:28:03.000Z,1771795683.000,32.645729712,-117.208163097,5.521,350.315,331.242,24.002,0.058,-10.925,13,320.317,5.421,-2583,,3,0.654,284.062,3,137.211
2026-02-22T21:28:04.000Z,1771795684.000,32.645755441,-117.208165932,5.424,349.008,331.406,26.673,-2.312,-11.265,13,320.141,5.319,-2584,,3,0.728,286.062,3,136.832
2026-02-22T21:28:05.000Z,1771795685.000,32.645781671,-117.208170396,5.626,353.693,328.519,25.071,-1.691,-8.09,13,320.429,5.568,-2585,,3,0.258,287.771,3,136.711
2026-02-22T21:28:06.000Z,1771795686.000,32.645808056,-117.208173542,5.97,353.982,330.584,30.258,-5.629,-10.245,13,320.339,5.874,-2586,,3,0.2,289.954,3,137.488
2026-02-22T21:28:07.000Z,1771795687.000,32.645834198,-117.208181469,5.6,348.297,328.45,20.691,-0.128,-7.866,13,320.584,5.547,-2587,,3,0.702,291.5,3,135.538
2026-02-22T21:28:08.000Z,1771795688.000,32.645860341,-117.208186888,5.624,351.304,327.451,19.501,-1.363,-6.719,13,320.731,5.585,-2588,,3,0.372,293.287,3,135.7
2026-02-22T21:28:09.000Z,1771795689.000,32.645887066,-117.208188002,5.974,345.861,334.437,27.4,-4.952,-13.527,13,320.909,5.808,-2589,,3,0.912,295.996,3,134.487
2026-02-22T21:28:10.000Z,1771795690.000,32.645912894,-117.208190469,5.862,357.561,331.901,25.826,-2.697,-10.555,13,321.345,5.761,-2590,,3,-0.338,297.825,3,134.012
2026-02-22T21:28:11.000Z,1771795691.000,32.645938733,-117.20819179,5.615,353.598,333.861,25.618,-3.256,-12.085,13,321.776,5.491,-2591,,3,0.024,300.062,3,133.248
2026-02-22T21:28:12.000Z,1771795692.000,32.645963853,-117.208194488,5.353,0.319,329.208,20.126,-3.487,-7.341,13,321.866,5.309,-2592,,3,-0.638,301.654,3,132.682
2026-02-22T21:28:13.000Z,1771795693.000,32.645988335,-117.208196022,5.549,352.186,333.602,21.447,-2.493,-11.662,13,321.94,5.434,-2593,,3,0.086,303.951,3,132.357
2026-02-22T21:28:14.000Z,1771795694.000,32.646013256,-117.20819843,5.515,353.585,331.916,23.742,-1.865,-9.978,13,321.938,5.432,-2594,,3,-0.086,305.77,3,131.744
2026-02-22T21:28:15.000Z,1771795695.000,32.646038503,-117.208202984,5.67,348.976,330.308,22.071,-5.109,-8.502,13,321.806,5.604,-2595,,3,0.329,307.489,3,131.151
2026-02-22T21:28:16.000Z,1771795696.000,32.646063803,-117.208208341,5.629,352.077,331.54,25.325,-3.561,-9.882,13,321.659,5.545,-2596,,3,-0.018,309.381,3,129.742
2026-02-22T21:28:17.000Z,1771795697.000,32.646087191,-117.208218226,5.238,332.565,320.516,20.641,-2.647,1.143,13,321.659,5.232,-2597,,3,1.706,309.877,3,128.503
2026-02-22T21:28:18.000Z,1771795698.000,32.64610476,-117.208233932,4.776,309.554,304.022,10.506,-6.824,16.954,13,320.977,4.558,-2598,,3,3.185,309.059,3,127.147
2026-02-22T21:28:19.000Z,1771795699.000,32.646113375,-117.208253067,4.124,286.654,285.634,6.284,-2.961,35.083,13,320.717,3.367,-2599,,3,3.73,307.183,3,126.308
2026-02-22T21:28:20.000Z,1771795700.000,32.646113555,-117.208273453,4.024,257.453,271.661,0.716,-5.105,48.576,13,320.237,2.663,-2600,,3,4.014,304.99,3,127.08
2026-02-22T21:28:21.000Z,1771795701.000,32.646104596,-117.208293348,4.164,244.675,269.254,-22.533,-6.931,50.329,13,319.584,2.658,-2601,,3,3.983,302.868,3,127.775
2026-02-22T21:28:22.000Z,1771795702.000,32.646096541,-117.208314664,4.861,250.748,275.189,-31.128,-5.94,43.96,13,319.149,3.506,-2602,,3,4.774,301.261,3,126.949
2026-02-22T21:28:23.000Z,1771795703.000,32.646092445,-117.208337921,4.469,262.486,280.422,-27.996,-1.775,38.746,13,319.168,3.486,-2603,,3,4.469,299.845,3,125.75
2026-02-22T21:28:24.000Z,1771795704.000,32.646092908,-117.208361259,4.3,276.338,286.82,-23.925,-8.176,32.274,13,319.094,3.636,-2604,,3,4.156,298.913,3,125.335
2026-02-22T21:28:25.000Z,1771795705.000,32.646096102,-117.208383793,4.864,277.954,289.211,-16.689,-7.112,29.757,13,318.968,4.221,-2605,,3,4.662,297.978,3,124.494
2026-02-22T21:28:26.000Z,1771795706.000,32.646099206,-117.208406947,4.272,280.297,287.962,-10.062,-4.218,30.784,13,318.746,3.67,-2606,,3,4.039,296.725,3,124.139
2026-02-22T21:28:27.000Z,1771795707.000,32.646100876,-117.208430551,4.4,277.65,285.917,-9.728,-3.3,32.463,13,318.38,3.712,-2607,,3,4.22,295.267,3,123.49
2026-02-22T21:28:28.000Z,1771795708.000,32.646100746,-117.208457421,5.13,267.534,283.208,-12.852,-4.865,34.961,13,318.169,4.204,-2608,,3,5.099,293.411,3,122.683
2026-02-22T21:28:29.000Z,1771795709.000,32.646102283,-117.208482894,4.787,275.291,283.531,-10.904,-5.036,34.229,13,317.76,3.957,-2609,,3,4.641,292.001,3,121.821
2026-02-22T21:28:30.000Z,1771795710.000,32.646103907,-117.208508278,4.96,273.673,284.312,-10.289,-4.342,32.732,13,317.045,4.172,-2610,,3,4.84,290.637,3,121.413
2026-02-22T21:28:31.000Z,1771795711.000,32.646104246,-117.208534878,5.108,267.921,281.147,-12.283,-6.708,35.189,13,316.336,4.171,-2611,,3,5.071,288.809,3,121.292
2026-02-22T21:28:32.000Z,1771795712.000,32.646103793,-117.208561518,4.83,267.271,284.088,-14.769,-2.033,31.68,13,315.768,4.112,-2612,,3,4.8,287.347,3,120.239
2026-02-22T21:28:33.000Z,1771795713.000,32.646101584,-117.208589094,5.412,264.967,283.485,-22.391,-2.504,31.795,13,315.28,4.599,-2613,,3,5.399,285.427,3,119.031
2026-02-22T21:28:34.000Z,1771795714.000,32.646101427,-117.208617653,5.014,272.981,282.736,-20.82,-3.021,31.796,13,314.532,4.261,-2614,,3,4.901,283.608,3,117.764
2026-02-22T21:28:35.000Z,1771795715.000,32.646101769,-117.208645971,5.115,267.854,282.419,-18.084,-3.376,31.6,13,314.019,4.357,-2615,,3,5.076,281.877,3,118.013
2026-02-22T21:28:36.000Z,1771795716.000,32.64610252,-117.208674369,5.111,267.917,283.362,-19.151,-6.777,30.317,13,313.68,4.412,-2616,,3,5.071,280.266,3,118.494
2026-02-22T21:28:37.000Z,1771795717.000,32.646102712,-117.208702796,5.163,269.055,282.96,-18.097,-4.644,30.195,13,313.155,4.462,-2617,,3,5.107,278.51,3,117.47
2026-02-22T21:28:38.000Z,1771795718.000,32.646102541,-117.208732428,5.964,267.575,281.862,-16.526,-6.976,30.617,13,312.479,5.13,-2618,,3,5.92,276.601,3,117.784
2026-02-22T21:28:39.000Z,1771795719.000,32.646101592,-117.208762353,5.261,274.534,281.316,-17.031,-4.129,30.608,13,311.923,4.529,-2619,,3,5.104,274.647,3,117.078
2026-02-22T21:28:40.000Z,1771795720.000,32.646100301,-117.208794438,5.922,267.62,281.411,-19.386,-7.115,30.282,13,311.694,5.114,-2620,,3,5.876,272.578,3,115.285
2026-02-22T21:28:41.000Z,1771795721.000,32.6461007,-117.208824283,5.588,270.759,284.174,-20.43,-4.786,27.362,13,311.536,4.964,-2621,,3,5.496,270.978,3,114.728
2026-02-22T21:28:42.000Z,1771795722.000,32.646100787,-117.208855198,5.413,272.179,283.475,-13.843,4.619,27.809,13,311.284,4.786,-2622,,3,5.296,269.04,3,115.18
2026-02-22T21:28:43.000Z,1771795723.000,32.6460998,-117.208885421,5.491,266.928,280.879,-18.682,-1.777,30.029,13,310.908,4.755,-2623,,3,5.454,266.919,3,115.502
2026-02-22T21:28:44.000Z,1771795724.000,32.6461,-117.208916674,5.755,274.762,283.024,-20.603,-9.921,27.683,13,310.707,5.095,-2624,,3,5.568,265.171,3,114.93
2026-02-22T21:28:45.000Z,1771795725.000,32.646101491,-117.20894671,5.576,273.801,284.979,-16.239,-2.124,25.723,13,310.702,5.023,-2625,,3,5.414,263.596,3,114.945
2026-02-22T21:28:46.000Z,1771795726.000,32.646102943,-117.208976737,5.414,274.314,283.42,-17.106,-6.101,27.462,13,310.882,4.804,-2626,,3,5.243,261.763,3,114.863
2026-02-22T21:28:47.000Z,1771795727.000,32.646105373,-117.209005812,5.468,277.196,285.106,-17.908,-4.204,26.033,13,311.14,4.913,-2627,,3,5.216,260.306,3,114.398
2026-02-22T21:28:48.000Z,1771795728.000,32.64610693,-117.209036109,5.447,278.049,285.362,-13.176,2.528,25.941,13,311.304,4.897,-2628,,3,5.168,258.598,3,113.001
2026-02-22T21:28:49.000Z,1771795729.000,32.646107212,-117.209066823,5.7,269.265,282.485,-14.907,-4.6,29.016,13,311.5,4.984,-2629,,3,5.618,256.53,3,112.317
2026-02-22T21:28:50.000Z,1771795730.000,32.6461073,-117.209097665,5.296,271.541,282.362,-15.887,-5.69,29.261,13,311.623,4.622,-2630,,3,5.179,254.638,3,112.679
2026-02-22T21:28:51.000Z,1771795731.000,32.6461078,-117.209126845,5.2,274.8,285.832,-13.329,0.27,25.751,13,311.583,4.682,-2631,,3,5.011,253.141,3,110.997
2026-02-22T21:28:52.000Z,1771795732.000,32.646108089,-117.209158206,5.356,273.56,283.045,-14.817,-1.832,28.479,13,311.524,4.708,-2632,,3,5.19,251.04,3,110.071
2026-02-22T21:28:53.000Z,1771795733.000,32.646108812,-117.209189221,5.9,270.212,283.83,-21.019,-6.934,27.665,13,311.494,5.225,-2633,,3,5.79,249.255,3,109.878
2026-02-22T21:28:54.000Z,1771795734.000,32.646110121,-117.209218677,5.4,272.153,285.651,-21.47,-4.308,25.944,13,311.596,4.856,-2634,,3,5.258,247.691,3,110.343
2026-02-22T21:28:55.000Z,1771795735.000,32.646111862,-117.209248352,5.615,278.848,287.441,-20.427,-4.19,24.379,13,311.819,5.114,-2635,,3,5.276,246.15,3,110.09
2026-02-22T21:28:56.000Z,1771795736.000,32.646114812,-117.209278799,4.944,278.123,287.692,-21.239,-2.441,24.31,13,312.002,4.505,-2636,,3,4.662,244.549,3,109.723
2026-02-22T21:28:57.000Z,1771795737.000,32.646118474,-117.2093086,5.488,279.864,288.563,-25.141,-8.608,23.56,13,312.123,5.03,-2637,,3,5.11,243.094,3,108.946
2026-02-22T21:28:58.000Z,1771795738.000,32.646122845,-117.209337394,5.3,280.166,287.845,-18.185,-3.116,24.509,13,312.354,4.821,-2638,,3,4.919,241.642,3,109.298
2026-02-22T21:28:59.000Z,1771795739.000,32.646126084,-117.209366575,5.385,280.769,285.148,-16.035,-7.258,27.333,13,312.481,4.783,-2639,,3,4.971,239.926,3,109.074
2026-02-22T21:29:00.000Z,1771795740.000,32.646126889,-117.209397363,5.211,274.91,284.175,-16.218,-2.432,28.327,13,312.502,4.587,-2640,,3,4.987,238.034,3,109.522
2026-02-22T21:29:01.000Z,1771795741.000,32.646126436,-117.209429205,6.136,270.212,282.709,-20.579,-5.494,29.801,13,312.51,5.325,-2641,,3,5.996,235.938,3,108.841
2026-02-22T21:29:02.000Z,1771795742.000,32.646125565,-117.209462868,6.026,270.805,283.238,-22.454,-3.626,29.275,13,312.513,5.256,-2642,,3,5.872,233.838,3,108.728
2026-02-22T21:29:03.000Z,1771795743.000,32.646126009,-117.209494448,5.93,271.948,285.353,-24.657,-5.027,27.163,13,312.516,5.275,-2643,,3,5.747,232.092,3,107.41
2026-02-22T21:29:04.000Z,1771795744.000,32.646128169,-117.209525968,5.656,273.909,284.144,-23.318,-3.573,28.188,13,312.332,4.986,-2644,,3,5.427,230.253,3,107.662
2026-02-22T21:29:05.000Z,1771795745.000,32.646129393,-117.209555897,5.424,276.187,284.193,-22.986,-8.957,27.829,13,312.022,4.797,-2645,,3,5.134,228.524,3,108.696
2026-02-22T21:29:06.000Z,1771795746.000,32.646130623,-117.209586986,5.426,275.774,284.772,-24.063,-4.904,27.256,13,312.028,4.823,-2646,,3,5.143,226.762,3,109.161
2026-02-22T21:29:07.000Z,1771795747.000,32.6461313,-117.209617386,5.707,265.969,284.034,-22.177,-3.398,28.088,13,312.122,5.036,-2647,,3,5.639,224.902,3,108.155
2026-02-22T21:29:08.000Z,1771795748.000,32.646132345,-117.20965021,5.444,272.729,283.373,-22.936,-3.357,28.831,13,312.204,4.769,-2648,,3,5.238,222.929,3,106.698
2026-02-22T21:29:09.000Z,1771795749.000,32.646132612,-117.209683564,6.137,272.507,283.534,-23.447,-7.971,28.733,13,312.267,5.38,-2649,,3,5.906,220.918,3,105.303
2026-02-22T21:29:10.000Z,1771795750.000,32.646133038,-117.209716692,6.363,272.354,284.065,-22.953,-6.035,28.286,13,312.351,5.603,-2650,,3,6.123,218.96,3,104.531
2026-02-22T21:29:11.000Z,1771795751.000,32.646133315,-117.209750246,6.3,271.108,284.24,-24.353,-5.592,28.451,13,312.691,5.539,-2651,,3,6.094,216.938,3,103.923
2026-02-22T21:29:12.000Z,1771795752.000,32.646134978,-117.209783098,5.815,272.778,284.854,-16.08,3.711,28.435,13,313.289,5.111,-2652,,3,5.574,215.108,3,103.214
2026-02-22T21:29:13.000Z,1771795753.000,32.646133697,-117.20981582,5.976,267.491,284.611,-26.372,-5.468,29.069,13,313.68,5.222,-2653,,3,5.858,212.976,3,102.727
2026-02-22T21:29:14.000Z,1771795754.000,32.646134951,-117.209848292,6.489,270.508,285.027,-20.052,-5.362,28.95,13,313.977,5.678,-2654,,3,6.279,211.12,3,101.564
2026-02-22T21:29:15.000Z,1771795755.000,32.646135393,-117.209880961,5.961,273.19,286.849,-20.843,0.63,27.387,13,314.236,5.292,-2655,,3,5.685,209.288,3,100.882
2026-02-22T21:29:16.000Z,1771795756.000,32.646137877,-117.209913446,5.653,274.706,284.904,-23.437,-3.819,29.399,13,314.303,4.925,-2656,,3,5.338,207.361,3,100.383
2026-02-22T21:29:17.000Z,1771795757.000,32.646140624,-117.20994571,6,269.963,285.786,-20.503,-8.353,28.601,13,314.387,5.268,-2657,,3,5.803,205.678,3,99.876
2026-02-22T21:29:18.000Z,1771795758.000,32.646143427,-117.20997604,5.485,276.099,286.251,-18.788,-2.735,28.548,13,314.799,4.816,-2658,,3,5.117,204.088,3,99.595
2026-02-22T21:29:19.000Z,1771795759.000,32.646144963,-117.210006665,5.731,275.681,282.069,-12.332,1.724,33.032,13,315.1,4.804,-2659,,3,5.355,202.036,3,99.624
2026-02-22T21:29:20.000Z,1771795760.000,32.646145385,-117.210038927,5.776,270.115,281.373,-15.752,-8.05,33.854,13,315.227,4.798,-2660,,3,5.567,200.044,3,99.211
2026-02-22T21:29:21.000Z,1771795761.000,32.646144923,-117.210071181,5.977,269.897,282.743,-15.285,-5.705,32.658,13,315.401,5.032,-2661,,3,5.761,198.124,3,98.778
2026-02-22T21:29:22.000Z,1771795762.000,32.646144663,-117.210103309,5.625,268.488,280.971,-14.173,-1.155,34.683,13,315.654,4.625,-2662,,3,5.453,196.006,3,98.281
2026-02-22T21:29:23.000Z,1771795763.000,32.646143615,-117.210136049,6.031,268.5,280.209,-15.361,-6.644,35.788,13,315.997,4.892,-2663,,3,5.842,193.857,3,97.764
2026-02-22T21:29:24.000Z,1771795764.000,32.646143046,-117.210168306,5.885,267.628,281.097,-18.419,-5.85,35.166,13,316.263,4.81,-2664,,3,5.717,191.893,3,97.038
2026-02-22T21:29:25.000Z,1771795765.000,32.646144717,-117.210199643,5.424,275.565,281.08,-9.73,-3.964,35.234,13,316.314,4.43,-2665,,3,5.032,190.111,3,96.05
2026-02-22T21:29:26.000Z,1771795766.000,32.646143003,-117.210231095,5.826,265.884,280.757,-20.265,-8.061,35.335,13,316.092,4.753,-2666,,3,5.69,188.015,3,95.588
2026-02-22T21:29:27.000Z,1771795767.000,32.6461433,-117.210261496,6.333,272.831,287.999,-20.993,-9.58,27.829,13,315.828,5.604,-2667,,3,5.963,186.702,3,94.7
2026-02-22T21:29:28.000Z,1771795768.000,32.646143809,-117.210291954,5.076,275.766,285.54,-19.131,-0.127,30.094,13,315.635,4.388,-2668,,3,4.679,184.694,3,94.327
2026-02-22T21:29:29.000Z,1771795769.000,32.646143736,-117.210323101,5.604,267.071,280.628,-18.581,-6.585,34.513,13,315.141,4.616,-2669,,3,5.432,182.425,3,94.226
2026-02-22T21:29:30.000Z,1771795770.000,32.646142473,-117.210353906,6.027,267.558,282.803,-23.605,-7.848,32.055,13,314.857,5.109,-2670,,3,5.823,180.584,3,93.91
2026-02-22T21:29:31.000Z,1771795771.000,32.646141476,-117.210385149,6.115,267.034,284.833,-20.192,1.232,29.276,13,314.109,5.331,-2671,,3,5.915,178.732,3,93.579
2026-02-22T21:29:32.000Z,1771795772.000,32.646140785,-117.210417539,5.723,270.06,280.825,-19.512,-4.551,32.324,13,313.149,4.839,-2672,,3,5.447,176.401,3,93.457
2026-02-22T21:29:33.000Z,1771795773.000,32.646138133,-117.210448892,5.619,267.909,282.546,-27.129,-9.411,30.124,13,312.671,4.859,-2673,,3,5.403,174.376,3,93.107
2026-02-22T21:29:34.000Z,1771795774.000,32.646136749,-117.210480332,5.95,265.821,282.145,-23.511,-0.701,29.997,13,312.142,5.154,-2674,,3,5.773,172.303,3,92.793
2026-02-22T21:29:35.000Z,1771795775.000,32.646136115,-117.2105123,6.115,267.553,280.878,-23.961,-7.237,30.368,13,311.246,5.276,-2675,,3,5.878,170.2,3,92.648
2026-02-22T21:29:36.000Z,1771795776.000,32.64613775,-117.210543538,6.15,275.56,284.737,-20.501,-7.103,26.101,13,310.838,5.523,-2676,,3,5.6,168.698,3,91.791
2026-02-22T21:29:37.000Z,1771795777.000,32.646140703,-117.210574666,5.335,276.6,283.972,-17.334,-4.495,26.595,13,310.566,4.77,-2677,,3,4.802,166.981,3,91.233
2026-02-22T21:29:38.000Z,1771795778.000,32.646142875,-117.210604026,5.238,275.564,280.685,-14.576,-6.625,29.36,13,310.045,4.566,-2678,,3,4.746,165.129,3,91.006
2026-02-22T21:29:39.000Z,1771795779.000,32.646142407,-117.210633708,6.032,266.065,282.457,-17.732,-5.92,26.84,13,309.297,5.384,-2679,,3,5.803,163.395,3,90.226
2026-02-22T21:29:40.000Z,1771795780.000,32.646140397,-117.210665796,5.939,268.263,280.007,-19.921,-1.98,28.662,13,308.669,5.212,-2680,,3,5.64,161.086,3,89.687
2026-02-22T21:29:41.000Z,1771795781.000,32.646137335,-117.210700082,5.947,257.996,280.053,-22.915,-5.24,28.16,13,308.214,5.243,-2681,,3,5.886,158.729,3,88.645
2026-02-22T21:29:42.000Z,1771795782.000,32.646135862,-117.210733383,6.225,266.896,280.615,-22.372,-4.771,26.971,13,307.586,5.548,-2682,,3,5.939,156.602,3,87.728
2026-02-22T21:29:43.000Z,1771795783.000,32.646134168,-117.210765366,5.869,263.093,280.241,-18.576,-9.135,26.582,13,306.823,5.249,-2683,,3,5.697,154.472,3,87.227
2026-02-22T21:29:44.000Z,1771795784.000,32.646133753,-117.210797478,6.459,268.652,284.546,-16.537,-5.676,21.607,13,306.153,6.006,-2684,,3,6.073,152.776,3,86.601
2026-02-22T21:29:45.000Z,1771795785.000,32.646132022,-117.210830389,5.473,266.616,280.215,-16.333,7.492,25.292,13,305.507,4.946,-2685,,3,5.202,150.303,3,85.242
2026-02-22T21:29:46.000Z,1771795786.000,32.646130142,-117.210862655,5.952,263.198,277.464,-18.576,-7.236,27.48,13,304.944,5.28,-2686,,3,5.751,147.977,3,83.882
2026-02-22T21:29:47.000Z,1771795787.000,32.646128255,-117.210894406,6.053,266.662,279.25,-19.204,-5.465,24.472,13,303.722,5.509,-2687,,3,5.732,145.994,3,82.053
2026-02-22T21:29:48.000Z,1771795788.000,32.646125831,-117.210927803,5.969,265.984,276.984,-21.538,-4.015,25.853,13,302.837,5.372,-2688,,3,5.666,143.587,3,80.49
2026-02-22T21:29:49.000Z,1771795789.000,32.646123053,-117.210961367,5.965,262.371,278.617,-23.659,-8.365,23.978,13,302.595,5.45,-2689,,3,5.759,141.406,3,78.151
2026-02-22T21:29:50.000Z,1771795790.000,32.646120961,-117.21099311,5.424,265.328,279.981,-15.263,4.789,22.319,13,302.3,5.011,-2690,,3,5.145,139.379,3,60.296
2026-02-22T21:29:51.000Z,1771795791.000,32.646116489,-117.211024658,5.861,261.802,275.494,-19.595,-0.734,26.404,13,301.899,5.249,-2691,,3,5.659,136.763,3,58.736
2026-02-22T21:29:52.000Z,1771795792.000,32.646112674,-117.211056582,5.961,263.561,276.904,-21.839,-7.547,24.66,13,301.564,5.418,-2692,,3,5.695,134.579,3,57.356
2026-02-22T21:29:53.000Z,1771795793.000,32.646109677,-117.211087685,5.465,268.047,276.684,-18.85,-5.908,24.452,13,301.136,4.974,-2693,,3,5.067,132.405,3,56.338
2026-02-22T21:29:54.000Z,1771795794.000,32.646105836,-117.211118778,5.788,259.034,274.369,-15.151,-2.23,26.159,13,300.528,5.195,-2694,,3,5.634,130.022,3,55.444
2026-02-22T21:29:55.000Z,1771795795.000,32.646099919,-117.211150358,6.185,255.444,272.947,-16.68,-4.952,26.647,13,299.594,5.528,-2695,,3,6.094,127.497,3,54.49
2026-02-22T21:29:56.000Z,1771795796.000,32.646094511,-117.211182474,5.579,260.784,272.534,-14.126,-3.83,27.023,13,299.556,4.97,-2696,,3,5.377,125.046,3,53.24
2026-02-22T21:29:57.000Z,1771795797.000,32.646088389,-117.211214714,5.671,257.036,273.712,-20.282,-5.17,25.648,13,299.36,5.11,-2697,,3,5.547,122.631,3,52.236
2026-02-22T21:29:58.000Z,1771795798.000,32.646084236,-117.211245615,6.175,261.089,275.141,-19.23,-7.079,24.041,13,299.183,5.639,-2698,,3,5.922,120.48,3,51.471
2026-02-22T21:29:59.000Z,1771795799.000,32.646079827,-117.211276458,5.9,263.397,275.509,-19.672,-6.499,23.384,13,298.893,5.415,-2699,,3,5.574,118.242,3,50.238
2026-02-22T21:30:00.000Z,1771795800.000,32.646075695,-117.211308587,5.83,258.225,275.706,-18.757,-2.227,22.813,13,298.519,5.373,-2700,,3,5.648,115.938,3,48.88
2026-02-22T21:30:01.000Z,1771795801.000,32.646070388,-117.211342245,5.988,257.952,273.754,-18.628,-1.225,24.599,12.998,298.354,5.445,-2701,,3,5.799,113.3,3,48.184
2026-02-22T21:30:02.000Z,1771795802.000,32.646063978,-117.211375646,6.125,257.673,271.678,-21.912,-3.603,26.569,12.997,298.247,5.478,-2702,,3,5.931,110.581,3,46.951
2026-02-22T21:30:03.000Z,1771795803.000,32.646056069,-117.211408932,6.3,254.009,270.785,-21.678,-4.499,27.069,12.995,297.853,5.61,-2703,,3,6.183,107.819,3,46.087
2026-02-22T21:30:04.000Z,1771795804.000,32.646047214,-117.211443062,6.269,253.747,268.752,-23.519,-4.93,29.243,12.993,297.995,5.468,-2704,,3,6.154,104.859,3,45.684
2026-02-22T21:30:05.000Z,1771795805.000,32.64603789,-117.211477118,6.705,253.356,272.769,-29.778,-9.885,25.266,12.992,298.035,6.065,-2705,,3,6.581,102.235,3,45.797
2026-02-22T21:30:06.000Z,1771795806.000,32.646032826,-117.21151241,6.3,267.722,275.514,-25.446,-4.717,22.624,12.99,298.138,5.815,-2706,,3,5.658,99.823,3,42.27
2026-02-22T21:30:07.000Z,1771795807.000,32.646027438,-117.211546779,6.786,257.989,276.994,-24.43,-8.997,21.356,12.988,298.35,6.32,-2707,,3,6.491,97.363,3,41.812
2026-02-22T21:30:08.000Z,1771795808.000,32.646022608,-117.211580809,5.649,265.626,278.965,-21.743,4.405,19.415,12.987,298.38,5.325,-2708,,3,5.108,95.004,3,42.542
2026-02-22T21:30:09.000Z,1771795809.000,32.646018027,-117.21161544,5.957,259.913,274.024,-21.967,-2.066,24.02,12.985,298.045,5.442,-2709,,3,5.596,92.164,3,43.217
2026-02-22T21:30:10.000Z,1771795810.000,32.646011318,-117.211649615,6.067,258.945,274.78,-29.105,-9.881,22.788,12.983,297.568,5.594,-2710,,3,5.712,89.555,3,43.842
2026-02-22T21:30:11.000Z,1771795811.000,32.646005317,-117.211683167,6.433,257.5,277.313,-25.581,-4.691,19.298,12.982,296.612,6.068,-2711,,3,6.083,87.162,3,43.973
2026-02-22T21:30:12.000Z,1771795812.000,32.646000033,-117.211715367,5.95,260.366,276.525,-28.756,-4.106,19.4,12.98,295.925,5.612,-2712,,3,5.496,84.689,3,44.868
2026-02-22T21:30:13.000Z,1771795813.000,32.645995404,-117.21174931,6.2,260.672,277.126,-28.235,-7.274,18.209,12.978,295.335,5.89,-2713,,3,5.677,82.259,3,45.413
2026-02-22T21:30:14.000Z,1771795814.000,32.645993169,-117.211782064,6.156,264.822,275.633,-21.201,-5.242,19.167,12.977,294.8,5.814,-2714,,3,5.394,79.963,3,45.922
2026-02-22T21:30:15.000Z,1771795815.000,32.645988536,-117.211815172,6.632,257.274,276.71,-26.651,-7.077,17.674,12.975,294.384,6.318,-2715,,3,6.139,77.615,3,46.241
2026-02-22T21:30:16.000Z,1771795816.000,32.645984741,-117.211850103,6.277,260.918,273.294,-19.555,-2.975,20.341,12.973,293.635,5.885,-2716,,3,5.599,74.93,3,46.069
2026-02-22T21:30:17.000Z,1771795817.000,32.645980096,-117.211883364,6.351,264.723,275.857,-21.684,-9.712,16.723,12.972,292.58,6.082,-2717,,3,5.393,72.667,3,46.011
2026-02-22T21:30:18.000Z,1771795818.000,32.645974928,-117.211916583,6.47,255.838,271.872,-20.509,-3.313,19.975,12.97,291.847,6.08,-2718,,3,5.914,69.938,3,45.938
2026-02-22T21:30:19.000Z,1771795819.000,32.645968546,-117.211948971,5.547,251.814,267.143,-15.546,-3.152,23.301,12.968,290.445,5.095,-2719,,3,5.186,67.128,3,46.936
2026-02-22T21:30:20.000Z,1771795820.000,32.645958773,-117.211980957,6.008,251.399,266.623,-20.858,-9.069,23.284,12.967,289.906,5.519,-2720,,3,5.6,64.314,3,47.591
2026-02-22T21:30:21.000Z,1771795821.000,32.64594744,-117.212011512,6.177,236.837,261.632,-19.634,-0.561,28.232,12.965,289.864,5.442,-2721,,3,6.129,61.211,3,48.769
2026-02-22T21:30:22.000Z,1771795822.000,32.645934725,-117.212042117,6.064,243.564,258.533,-15.345,-3.972,31.257,12.963,289.789,5.184,-2722,,3,5.872,58.108,3,49.912
2026-02-22T21:30:23.000Z,1771795823.000,32.645920672,-117.212071977,6.4,240.462,260.891,-18.116,-6.555,28.593,12.962,289.484,5.619,-2723,,3,6.256,55.215,3,50.377
2026-02-22T21:30:24.000Z,1771795824.000,32.645906246,-117.212103284,6.4,244.802,266.371,-25.406,-8.08,22.825,12.96,289.196,5.898,-2724,,3,6.096,52.385,3,51.798
2026-02-22T21:30:25.000Z,1771795825.000,32.645894857,-117.212135313,6.376,250.867,265.159,-19.851,-3.93,23.91,12.958,289.069,5.829,-2725,,3,5.779,49.394,3,53.115
2026-02-22T21:30:26.000Z,1771795826.000,32.645883254,-117.212167191,6.513,244.563,262.907,-19.361,-10.043,25.881,12.957,288.788,5.86,-2726,,3,6.123,46.34,3,54.2
2026-02-22T21:30:27.000Z,1771795827.000,32.64587034,-117.212197204,6.489,243.957,263.315,-21.71,-8.265,25.224,12.955,288.539,5.874,-2727,,3,6.072,43.437,3,55.195
2026-02-22T21:30:28.000Z,1771795828.000,32.645855247,-117.212227631,6.2,236.898,255.174,-19.198,0.719,33.355,12.953,288.529,5.179,-2728,,3,6.012,39.893,3,56.944
2026-02-22T21:30:29.000Z,1771795829.000,32.645837054,-117.212259281,7.036,239.566,261.069,-22.229,-7.671,27.599,12.952,288.667,6.235,-2729,,3,6.665,36.712,3,57.846
2026-02-22T21:30:30.000Z,1771795830.000,32.645824066,-117.212292054,7.25,246.351,266.672,-23.92,-4.829,22.313,12.95,288.984,6.707,-2730,,3,6.38,33.922,3,57.708
2026-02-22T21:30:31.000Z,1771795831.000,32.645813975,-117.212325113,6.406,253.084,266.258,-17.32,2.267,23.514,12.948,289.772,5.873,-2731,,3,5.03,31.022,3,58.686
2026-02-22T21:30:32.000Z,1771795832.000,32.645803935,-117.212358835,5.874,256.337,265.114,-19.956,-6.387,25.634,12.947,290.748,5.299,-2732,,3,4.129,28.045,3,59.465
2026-02-22T21:30:33.000Z,1771795833.000,32.645795094,-117.212388597,5.952,248.215,264.097,-16.759,-6.583,27.483,12.945,291.58,5.275,-2733,,3,4.477,25.421,3,60.234
2026-02-22T21:30:34.000Z,1771795834.000,32.645783065,-117.212419363,6.561,250.251,263.537,-16.755,-9.275,28.945,12.943,292.482,5.741,-2734,,3,4.395,22.491,3,61.261
2026-02-22T21:30:35.000Z,1771795835.000,32.645770083,-117.212447548,6.008,235.505,262.955,-20.278,3.508,30.074,12.942,293.029,5.2,-2735,,3,4.722,19.642,3,62.564
2026-02-22T21:30:36.000Z,1771795836.000,32.645755686,-117.212477874,5.107,238.896,259.883,-18.15,-1.508,33.73,12.94,293.612,4.25,-2736,,3,3.415,16.409,3,63.713
2026-02-22T21:30:37.000Z,1771795837.000,32.645744205,-117.212508553,6.6,247.787,263.261,-18.263,-7.96,30.985,12.938,294.245,5.657,-2737,,3,2.723,13.742,3,64.617
2026-02-22T21:30:38.000Z,1771795838.000,32.645732742,-117.212537446,6.186,244.359,260.024,-11.318,-3.114,35.139,12.937,295.163,5.058,-2738,,3,1.966,10.836,3,65.96
2026-02-22T21:30:39.000Z,1771795839.000,32.645718119,-117.212566282,6.246,235.822,252.429,-9.408,-5.041,43.779,12.935,296.208,4.509,-2739,,3,1.719,7.484,3,67.588
2026-02-22T21:30:40.000Z,1771795840.000,32.645699854,-117.212592659,6.411,233.191,248.202,-8.348,-7.746,48.759,12.933,296.961,4.226,-2740,,3,0.648,4.163,3,69.575
2026-02-22T21:30:41.000Z,1771795841.000,32.645679831,-117.212615245,6.891,225.787,248.963,-14.086,-6.887,48.461,12.932,297.423,4.575,-2741,,3,0.012,1.125,3,71.996
2026-02-22T21:30:42.000Z,1771795842.000,32.645660462,-117.212640734,6.225,228.298,248.067,-12.249,-1.983,49.627,12.93,297.694,4.032,-2742,,4,-0.806,2.102,3,100.644
2026-02-22T21:30:43.000Z,1771795843.000,32.645640816,-117.212664667,6.4,224.747,243.652,-4.324,-7.009,54.224,12.928,297.876,3.74,-2743,,4,-0.445,5.369,3,102.925
2026-02-22T21:30:44.000Z,1771795844.000,32.645619269,-117.21268752,6.011,225.666,239.325,0.446,-2.693,58.707,12.927,298.033,3.122,-2744,,4,-0.525,8.706,3,104.935
2026-02-22T21:30:45.000Z,1771795845.000,32.645596088,-117.212707427,6.488,222.068,237.937,-4.05,-7.579,60.261,12.925,298.198,3.219,-2745,,4,-0.17,11.909,3,106.794
2026-02-22T21:30:46.000Z,1771795846.000,32.645572805,-117.212724421,5.887,202.778,228.316,-2.139,-2.527,70.084,12.923,298.4,2.003,-2746,,4,1.789,15.069,3,108.162
2026-02-22T21:30:47.000Z,1771795847.000,32.645545759,-117.212736151,6.524,202.954,232.969,-5.416,-8.834,65.614,12.922,298.582,2.696,-2747,,4,1.954,18,3,109.926
2026-02-22T21:30:48.000Z,1771795848.000,32.645520029,-117.212750914,6.111,204.732,228.537,0.137,1.202,70.167,12.92,298.704,2.073,-2748,,4,1.639,21.129,3,111.093
2026-02-22T21:30:49.000Z,1771795849.000,32.645491882,-117.212766153,6.829,204.079,232.503,-1.311,-10.842,66.377,12.918,298.88,2.735,-2749,,4,1.895,24.375,3,112.367
2026-02-22T21:30:50.000Z,1771795850.000,32.64546594,-117.212779204,6.509,195.826,227.39,-6.677,1.53,71.734,12.917,299.124,2.041,-2750,,4,2.676,27.42,3,113.505
2026-02-22T21:30:51.000Z,1771795851.000,32.645437641,-117.212793979,6.395,202.34,222.389,0.267,-3.791,76.945,12.915,299.334,1.459,-2751,,4,1.94,30.73,3,115.013
2026-02-22T21:30:52.000Z,1771795852.000,32.645408956,-117.212805839,6.747,198.67,223.241,-2.047,-6.003,76.245,12.913,299.487,1.605,-2752,,4,2.444,33.868,3,116.244
2026-02-22T21:30:53.000Z,1771795853.000,32.645382617,-117.21281916,5.936,203.994,224.048,0.204,-2.382,75.605,12.912,299.653,1.476,-2753,,4,1.618,36.895,3,117.461
2026-02-22T21:30:54.000Z,1771795854.000,32.645356671,-117.21282776,5.739,200.038,223.918,-5.792,-5.645,75.921,12.91,299.838,1.395,-2754,,4,1.934,39.603,3,118.322
2026-02-22T21:30:55.000Z,1771795855.000,32.64533185,-117.212838462,5.63,198.755,224.338,-1.831,-3.876,75.781,12.908,300.118,1.383,-2755,,4,2.008,42.343,3,119.25
2026-02-22T21:30:56.000Z,1771795856.000,32.645305841,-117.212848768,5.967,201.28,227.981,-3.098,-4.8,72.577,12.907,300.558,1.788,-2756,,4,1.872,45.132,3,120.928
2026-02-22T21:30:57.000Z,1771795857.000,32.645281071,-117.2128606,5.8,196.563,228.31,-0.67,-4.391,72.789,12.905,301.099,1.716,-2757,,4,2.259,47.936,3,122.428
2026-02-22T21:30:58.000Z,1771795858.000,32.645253953,-117.212871917,6.709,200.661,231.47,-3.907,-6.19,70.25,12.903,301.72,2.268,-2758,,4,2.155,50.869,3,123.785
2026-02-22T21:30:59.000Z,1771795859.000,32.645228945,-117.212886884,5.609,204.017,226.344,5.591,-1.621,75.951,12.902,302.295,1.369,-2759,,4,1.479,53.944,3,124.843
2026-02-22T21:31:00.000Z,1771795860.000,32.645202156,-117.212898456,6.602,199.254,223.729,-2.928,-3.94,79.002,12.9,302.731,1.259,-2760,,4,2.253,56.922,3,125.811
2026-02-22T21:31:01.000Z,1771795861.000,32.645175765,-117.212910482,6.2,199.922,223.634,1.634,-5.048,79.519,12.898,303.153,1.128,-2761,,4,2.039,59.876,3,127.401
2026-02-22T21:31:02.000Z,1771795862.000,32.645149373,-117.212921257,6.161,197.596,220.982,-3.516,-6.126,82.517,12.897,303.499,0.803,-2762,,4,2.252,62.761,3,128.715
2026-02-22T21:31:03.000Z,1771795863.000,32.64512266,-117.212931448,6.14,195.161,218.225,1.132,-3.513,85.424,12.895,303.649,0.486,-2763,,4,2.476,65.624,3,129.786
2026-02-22T21:31:04.000Z,1771795864.000,32.645094463,-117.212939637,5.943,189.955,208.903,6.34,-5.228,94.766,12.893,303.669,0.513,-2764,,4,2.873,68.397,3,130.333
2026-02-22T21:31:05.000Z,1771795865.000,32.645067812,-117.212942267,5.788,183.649,202.124,2.642,-2.651,101.668,12.892,303.792,1.171,-2765,,4,3.332,70.655,3,130.821
2026-02-22T21:31:06.000Z,1771795866.000,32.645042681,-117.212944037,5.511,187.506,198.593,6.118,-4.265,105.188,12.89,303.781,1.446,-2766,,4,2.857,72.774,3,131.489
2026-02-22T21:31:07.000Z,1771795867.000,32.645018394,-117.212942392,5.2,174.469,190.008,3.141,-7.029,113.984,12.888,303.992,2.112,-2767,,4,3.626,74.4,3,132.198
2026-02-22T21:31:08.000Z,1771795868.000,32.644993161,-117.212937432,5.6,167.611,183.357,2.744,-9.46,120.833,12.887,304.19,2.87,-2768,,4,4.353,75.915,3,132.918
2026-02-22T21:31:09.000Z,1771795869.000,32.644967462,-117.212931387,5.841,167.577,184.615,2.873,-11.878,119.824,12.885,304.44,2.903,-2769,,4,4.539,77.764,3,133.578
2026-02-22T21:31:10.000Z,1771795870.000,32.644939877,-117.212925276,6.113,166.846,185.886,0.569,-7.558,119.027,12.883,304.912,2.966,-2770,,4,4.794,79.768,3,133.958
2026-02-22T21:31:11.000Z,1771795871.000,32.644913492,-117.212917308,5.915,165.385,182.997,-3.386,-7.288,122.402,12.882,305.399,3.169,-2771,,4,4.728,81.357,3,134.156
2026-02-22T21:31:12.000Z,1771795872.000,32.644887503,-117.212909495,5.453,166.131,174.562,4.176,-6.685,130.995,12.88,305.557,3.572,-2772,,4,4.314,82.601,3,134.22
2026-02-22T21:31:13.000Z,1771795873.000,32.644862988,-117.21290116,5.424,163.743,169.161,7.905,-9.327,136.346,12.878,305.507,3.923,-2773,,4,4.423,83.82,3,134.866
2026-02-22T21:31:14.000Z,1771795874.000,32.644837816,-117.212887971,6.421,155.412,167.105,0.707,-10.078,138.219,12.877,305.324,4.788,-2774,,4,5.717,84.994,3,135.055
2026-02-22T21:31:15.000Z,1771795875.000,32.644810713,-117.212874704,6.554,155.713,166.011,3.203,-7.412,138.977,12.875,304.989,4.945,-2775,,4,5.818,86.385,3,134.952
2026-02-22T21:31:16.000Z,1771795876.000,32.644782014,-117.212860046,6.6,158.595,169.152,0.886,-9.942,135.324,12.873,304.476,4.692,-2776,,4,5.695,88.102,3,134.98
2026-02-22T21:31:17.000Z,1771795877.000,32.644755021,-117.212847003,6.248,160.669,178.343,1.987,-8.043,125.231,12.872,303.574,3.605,-2777,,4,5.269,90.115,3,135.638
2026-02-22T21:31:18.000Z,1771795878.000,32.644727079,-117.212837876,6.213,170.984,180.495,5.485,-6.918,121.948,12.87,302.443,3.288,-2778,,4,4.552,92.021,3,136.138
2026-02-22T21:31:19.000Z,1771795879.000,32.644698982,-117.212829869,6.346,167.431,178.149,10.588,-9.545,123.787,12.868,301.937,3.528,-2779,,4,4.905,93.764,3,136.362
2026-02-22T21:31:20.000Z,1771795880.000,32.644670513,-117.212820211,6.489,165.198,175.494,7.545,-6.552,125.99,12.867,301.484,3.813,-2780,,4,5.168,95.414,3,136.487
2026-02-22T21:31:21.000Z,1771795881.000,32.644642025,-117.212808954,6.688,163.364,181.451,2.87,-11.428,119.591,12.865,301.042,3.302,-2781,,4,5.449,97.444,3,136.666
2026-02-22T21:31:22.000Z,1771795882.000,32.644612824,-117.212799103,6.7,167.306,182.936,6.454,-10.852,117.764,12.863,300.7,3.121,-2782,,4,5.174,99.368,3,136.801
2026-02-22T21:31:23.000Z,1771795883.000,32.64458357,-117.212790301,6.7,165.494,178.306,8.681,-7.802,122.129,12.862,300.435,3.563,-2783,,4,5.302,101.044,3,136.791
2026-02-22T21:31:24.000Z,1771795884.000,32.644553747,-117.212780604,6.5,163.834,179.052,6.823,-9.499,120.97,12.86,300.022,3.345,-2784,,4,5.252,102.996,3,137.25
2026-02-22T21:31:25.000Z,1771795885.000,32.644523447,-117.212769267,7.176,160.04,179.378,0.692,-10.519,120.202,12.858,299.581,3.606,-2785,,4,6.061,104.863,3,137.304
2026-02-22T21:31:26.000Z,1771795886.000,32.644492706,-117.212758295,6.987,160.312,176.028,4.061,-8.672,123.251,12.857,299.279,3.831,-2786,,4,5.88,106.589,3,136.99
2026-02-22T21:31:27.000Z,1771795887.000,32.644462542,-117.212745963,6.576,161.749,176.089,6.353,-7.66,122.903,12.855,298.992,3.573,-2787,,4,5.439,108.37,3,136.604
2026-02-22T21:31:28.000Z,1771795888.000,32.644432272,-117.212734539,6.422,162.16,175.365,9.794,-8.708,123.592,12.853,298.958,3.553,-2788,,4,5.282,110.172,3,136.422
2026-02-22T21:31:29.000Z,1771795889.000,32.644403416,-117.212723144,6.576,163.007,177.736,2.953,-8.501,121.166,12.852,298.902,3.404,-2789,,4,5.349,112.032,3,136.436
2026-02-22T21:31:30.000Z,1771795890.000,32.644374033,-117.212711091,6.787,162.716,182.445,0.885,-11.647,116.234,12.85,298.679,3,-2790,,4,5.536,114.011,3,136.547
2026-02-22T21:31:31.000Z,1771795891.000,32.644343917,-117.212701027,6.969,164.1,179.454,8.512,-8.79,118.925,12.848,298.379,3.371,-2791,,4,5.58,115.769,3,136.073
2026-02-22T21:31:32.000Z,1771795892.000,32.644313616,-117.212689553,6.444,160.544,176.19,6.243,-8.185,122.2,12.847,298.39,3.434,-2792,,4,5.386,117.43,3,135.705
2026-02-22T21:31:33.000Z,1771795893.000,32.644284851,-117.212678248,6.688,161.86,178.387,3.358,-11.519,120.305,12.845,298.692,3.375,-2793,,4,5.5,119.277,3,136.218
2026-02-22T21:31:34.000Z,1771795894.000,32.644256445,-117.212667599,6.707,160.72,175.966,3.932,-8.956,123.472,12.843,299.439,3.701,-2794,,4,5.587,120.875,3,136.6
2026-02-22T21:31:35.000Z,1771795895.000,32.644228295,-117.212656556,6.5,161.884,176.727,4.091,-6.183,123.15,12.842,299.877,3.554,-2795,,4,5.336,122.606,3,136.852
2026-02-22T21:31:36.000Z,1771795896.000,32.644199532,-117.212644928,6.355,159.397,176.183,6.893,-6.639,124.185,12.84,300.369,3.57,-2796,,4,5.366,124.279,3,137.015
2026-02-22T21:31:37.000Z,1771795897.000,32.644172564,-117.21263338,6.088,163.206,174.849,7.677,-8.276,125.993,12.838,300.841,3.578,-2797,,4,4.909,125.76,3,137.262
2026-02-22T21:31:38.000Z,1771795898.000,32.644146005,-117.212623269,5.987,161.433,175.376,6.69,-8.694,125.939,12.837,301.316,3.513,-2798,,4,4.932,127.402,3,137.886
2026-02-22T21:31:39.000Z,1771795899.000,32.644119322,-117.212612767,6.27,161.15,178.72,0.396,-8.315,123.015,12.835,301.735,3.415,-2799,,4,5.178,129.187,3,138.432
2026-02-22T21:31:40.000Z,1771795900.000,32.644091002,-117.212603935,6.1,165.131,183.854,3.526,-9.276,118.171,12.833,302.025,2.88,-2800,,4,4.783,131.292,3,139.138
2026-02-22T21:31:41.000Z,1771795901.000,32.64406194,-117.21259646,6.348,164.838,179.987,7.749,-7.739,122.862,12.832,302.85,3.442,-2801,,4,4.993,133.077,3,139.249
2026-02-22T21:31:42.000Z,1771795902.000,32.64403363,-117.212586127,6.513,164.986,183.056,4.347,-9.488,120.761,12.83,303.818,3.331,-2802,,4,5.107,134.981,3,139.709
2026-02-22T21:31:43.000Z,1771795903.000,32.644005563,-117.212578409,6.324,169.298,178.689,10.889,-9.883,125.828,12.828,304.517,3.704,-2803,,4,4.646,136.637,3,140.028
2026-02-22T21:31:44.000Z,1771795904.000,32.643977388,-117.212568232,6.189,163.243,177.767,6.934,-5.425,127.392,12.827,305.159,3.759,-2804,,4,4.96,138.331,3,140.446
2026-02-22T21:31:45.000Z,1771795905.000,32.643950461,-117.212558048,6.124,163.288,179.582,6.086,-8.572,126.351,12.825,305.934,3.63,-2805,,4,4.901,140.067,3,140.717
2026-02-22T21:31:46.000Z,1771795906.000,32.643924403,-117.212547026,5.806,160.875,179.963,3.954,-5.891,126.786,12.823,306.748,3.475,-2806,,4,4.786,141.601,3,140.752
2026-02-22T21:31:47.000Z,1771795907.000,32.643897239,-117.212536349,6.2,161.925,181.974,5.796,-8.39,125.319,12.822,307.293,3.584,-2807,,4,5.042,143.334,3,140.515
2026-02-22T21:31:48.000Z,1771795908.000,32.643869844,-117.212527596,5.811,165.75,183.521,7.732,-7.613,124.087,12.82,307.608,3.257,-2808,,4,4.485,145.176,3,140.387
2026-02-22T21:31:49.000Z,1771795909.000,32.643843759,-117.212521399,6.138,170.024,179.356,6.197,-7.896,128.423,12.818,307.779,3.816,-2809,,4,4.429,146.773,3,140.563
2026-02-22T21:31:50.000Z,1771795910.000,32.64381642,-117.212513229,6.609,170.517,183.367,1.216,-10.075,124.625,12.817,307.992,3.754,-2810,,4,4.724,148.777,3,141.207
2026-02-22T21:31:51.000Z,1771795911.000,32.643789151,-117.212506402,6.34,167.845,183.851,4.494,-8.647,124.398,12.815,308.249,3.581,-2811,,4,4.728,150.673,3,141.647
2026-02-22T21:31:52.000Z,1771795912.000,32.643759628,-117.212497777,6.378,163.895,180.275,5.989,-5.598,128.203,12.813,308.478,3.945,-2812,,4,5.034,152.443,3,141.565
2026-02-22T21:31:53.000Z,1771795913.000,32.643730688,-117.212487896,6.628,165.881,180.079,6.414,-8.117,128.289,12.812,308.368,4.107,-2813,,4,5.082,154.258,3,142.087
2026-02-22T21:31:54.000Z,1771795914.000,32.643703403,-117.212477514,6.883,160.089,176.246,7.798,-9.92,132.161,12.81,308.407,4.622,-2814,,4,5.693,155.703,3,142.522
2026-02-22T21:31:55.000Z,1771795915.000,32.643677688,-117.212467216,5.969,164.361,176.156,7.421,-8.792,132.447,12.808,308.603,4.028,-2815,,4,4.669,157.227,3,143.029
2026-02-22T21:31:56.000Z,1771795916.000,32.643650472,-117.212455564,6.234,158.365,175.559,4.219,-7.77,133.105,12.807,308.663,4.258,-2816,,4,5.252,158.765,3,142.902
2026-02-22T21:31:57.000Z,1771795917.000,32.643622044,-117.212444893,6.424,164.772,174.384,5.859,-10.208,134.21,12.805,308.594,4.479,-2817,,4,4.988,160.431,3,142.791
2026-02-22T21:31:58.000Z,1771795918.000,32.643594261,-117.212433652,6.494,162.751,176.678,3.765,-8.495,131.671,12.803,308.348,4.314,-2818,,4,5.18,162.208,3,142.922
2026-02-22T21:31:59.000Z,1771795919.000,32.64356694,-117.212423106,6.069,159.188,179.739,3.349,-7.427,128.116,12.802,307.855,3.745,-2819,,4,5.055,164.026,3,142.842
2026-02-22T21:32:00.000Z,1771795920.000,32.643537748,-117.212414127,6.164,166.251,183.177,6,-7.609,124.036,12.8,307.214,3.452,-2820,,4,4.67,166.105,3,142.994
2026-02-22T21:32:01.000Z,1771795921.000,32.643508588,-117.212405108,6.852,164.567,176.806,7.305,-10.689,129.932,12.798,306.738,4.399,-2821,,4,5.316,167.664,3,142.986
2026-02-22T21:32:02.000Z,1771795922.000,32.643480163,-117.212394329,6.835,162.521,171.333,9.528,-8.553,134.852,12.797,306.186,4.822,-2822,,4,5.449,169.067,3,142.985
2026-02-22T21:32:03.000Z,1771795923.000,32.64345352,-117.212382672,6.425,161.934,172.996,7.29,-8.397,132.932,12.795,305.928,4.373,-2823,,4,5.158,170.692,3,143.003
2026-02-22T21:32:04.000Z,1771795924.000,32.643424239,-117.212370964,6.687,164.083,177.23,4.95,-8.329,128.544,12.793,305.773,4.169,-2824,,4,5.209,172.681,3,143.117
2026-02-22T21:32:05.000Z,1771795925.000,32.643395712,-117.212359025,6.525,162.825,171.291,5.35,-7.731,134.551,12.792,305.842,4.577,-2825,,4,5.168,173.996,3,142.649
2026-02-22T21:32:06.000Z,1771795926.000,32.643367064,-117.212346843,6.688,158.712,164.447,13.63,-9.804,141.605,12.79,306.051,5.233,-2826,,4,5.573,175.211,3,142.318
2026-02-22T21:32:07.000Z,1771795927.000,32.643340415,-117.212331474,6.824,151.102,160.501,5.5,-8.576,145.577,12.788,306.078,5.628,-2827,,4,6.133,176.236,3,141.904
2026-02-22T21:32:08.000Z,1771795928.000,32.643312599,-117.212312977,6.989,153.619,161.004,6.151,-6.845,144.989,12.787,305.993,5.724,-2828,,4,6.139,177.474,3,141.31
2026-02-22T21:32:09.000Z,1771795929.000,32.643285747,-117.212297126,6.282,152.611,156.68,13.582,-7.366,149.409,12.785,306.088,5.405,-2829,,4,5.567,178.449,3,140.754
2026-02-22T21:32:10.000Z,1771795930.000,32.643259851,-117.212281286,6.126,153.318,167.226,2.26,-6.939,138.932,12.783,306.158,4.616,-2830,,4,5.39,180.383,3,140.963
2026-02-22T21:32:11.000Z,1771795931.000,32.643233441,-117.212266797,6.23,159.299,171.188,-3.943,-9.267,134.766,12.782,305.953,4.388,-2831,,4,5.14,181.968,3,140.985
2026-02-22T21:32:12.000Z,1771795932.000,32.643204602,-117.212254943,6.243,161.687,167.383,7.993,-6.933,138.463,12.78,305.846,4.67,-2832,,4,4.994,183.422,3,140.946
2026-02-22T21:32:13.000Z,1771795933.000,32.643177158,-117.212243357,6.324,161.096,163.836,11.943,-9.693,142.296,12.778,306.132,5.003,-2833,,4,5.095,184.781,3,140.894
2026-02-22T21:32:14.000Z,1771795934.000,32.643150655,-117.212230381,6.207,159.82,176.731,1.122,-10.274,128.84,12.777,305.571,3.881,-2834,,4,5.076,187.017,3,141.356
2026-02-22T21:32:15.000Z,1771795935.000,32.643121381,-117.212220915,6.4,164.725,183.37,-0.253,-8.94,122.003,12.775,305.373,3.391,-2835,,4,4.894,189.251,3,141.354
2026-02-22T21:32:16.000Z,1771795936.000,32.643089366,-117.212213316,7.479,170.696,178.352,8.189,-8.044,127.095,12.773,305.447,4.511,-2836,,4,5.179,191.213,3,140.635
2026-02-22T21:32:17.000Z,1771795937.000,32.643058656,-117.21220273,7.088,163.636,181.441,4.46,-9.521,124.295,12.772,305.736,3.993,-2837,,4,5.494,193.309,3,140.674
2026-02-22T21:32:18.000Z,1771795938.000,32.643027545,-117.212191584,7.286,168.942,183.243,3.854,-9.267,123.102,12.77,306.345,3.978,-2838,,4,5.19,195.33,3,140.674
2026-02-22T21:32:19.000Z,1771795939.000,32.642997425,-117.212182912,6.307,167.339,177.108,11.032,-7.283,129.845,12.768,306.953,4.034,-2839,,4,4.61,197.004,3,140.338
2026-02-22T21:32:20.000Z,1771795940.000,32.642967463,-117.212172186,6.811,158.521,172.122,8.406,-7.481,135.274,12.767,307.396,4.839,-2840,,4,5.628,198.572,3,140.193
2026-02-22T21:32:21.000Z,1771795941.000,32.642938787,-117.21215862,6.677,158.71,177.482,-1.163,-10.136,130.296,12.765,307.778,4.316,-2841,,4,5.499,200.462,3,140.111
2026-02-22T21:32:22.000Z,1771795942.000,32.64291003,-117.212149225,6.151,164.646,177.382,10.227,-8.969,130.961,12.763,308.343,4.03,-2842,,4,4.673,202.297,3,139.771
2026-02-22T21:32:23.000Z,1771795943.000,32.642883849,-117.212140419,6.179,160.358,170.525,11.931,-8.457,138.224,12.762,308.749,4.611,-2843,,4,4.978,203.55,3,139.322
2026-02-22T21:32:24.000Z,1771795944.000,32.642857711,-117.212126371,6.222,150.821,170.814,0.807,-10.512,137.997,12.76,308.811,4.624,-2844,,4,5.552,204.904,3,139.805
2026-02-22T21:32:25.000Z,1771795945.000,32.642834172,-117.212113956,4.743,159.194,173.249,2.974,-6.367,135.463,12.758,308.713,3.384,-2845,,4,3.872,206.269,3,140.825
2026-02-22T21:32:26.000Z,1771795946.000,32.642811946,-117.212104597,4.687,159.162,170.853,11.111,-7.51,137.616,12.757,308.469,3.462,-2846,,4,3.826,207.416,3,141.631
2026-02-22T21:32:27.000Z,1771795947.000,32.642788193,-117.212093344,5.7,160.259,179.757,-1.732,-8.88,128.71,12.755,308.467,3.561,-2847,,4,4.585,209.234,3,142.587
2026-02-22T21:32:28.000Z,1771795948.000,32.642761998,-117.212086949,5.565,169.487,180.05,9.771,-8.009,128.457,12.753,308.507,3.456,-2848,,4,3.883,211.061,3,143.356
2026-02-22T21:32:29.000Z,1771795949.000,32.642736526,-117.212077067,5.976,157.907,174.971,3.993,-7.448,133.421,12.752,308.392,4.107,-2849,,4,4.941,212.313,3,143.557
2026-02-22T21:32:30.000Z,1771795950.000,32.642712021,-117.212068644,6.025,164.247,178.627,6.291,-9.822,129.838,12.75,308.465,3.86,-2850,,4,4.572,214.062,3,144.414
2026-02-22T21:32:31.000Z,1771795951.000,32.642687233,-117.212060521,6,166.948,182.521,3.43,-8.956,126.244,12.748,308.765,3.547,-2851,,4,4.359,215.851,3,145.362
2026-02-22T21:32:32.000Z,1771795952.000,32.642658993,-117.212052958,6.402,170.353,188.811,3.624,-8.782,120.047,12.747,308.858,3.203,-2852,,4,4.375,218.055,3,146.284
2026-02-22T21:32:33.000Z,1771795953.000,32.642631165,-117.212047416,6.605,169.262,177.46,12.422,-10.16,131.606,12.745,309.066,4.39,-2853,,4,4.599,219.487,3,146.001
2026-02-22T21:32:34.000Z,1771795954.000,32.642604462,-117.212036763,6.061,160.645,173.361,6.967,-9.353,136.302,12.743,309.663,4.381,-2854,,4,4.82,220.843,3,145.873
2026-02-22T21:32:35.000Z,1771795955.000,32.642578626,-117.21202687,5.939,162.721,175.586,5.998,-9.724,134.83,12.742,310.416,4.187,-2855,,4,4.586,222.538,3,146.346
2026-02-22T21:32:36.000Z,1771795956.000,32.642551477,-117.212016984,6.178,162.451,171.724,3.679,-11.656,139.217,12.74,310.941,4.678,-2856,,4,4.784,223.983,3,146.678
2026-02-22T21:32:37.000Z,1771795957.000,32.642524669,-117.21200371,6.439,155.53,171.667,3.71,-10.311,139.716,12.738,311.383,4.912,-2857,,4,5.437,225.418,3,146.804
2026-02-22T21:32:38.000Z,1771795958.000,32.642498817,-117.211991636,5.866,159.85,171.507,8.917,-5.778,140.352,12.737,311.859,4.516,-2858,,4,4.699,226.84,3,147.131
2026-02-22T21:32:39.000Z,1771795959.000,32.642474396,-117.211980109,5.516,157.851,171.045,6.718,-7.155,141.509,12.735,312.555,4.317,-2859,,4,4.528,228.156,3,147.698
2026-02-22T21:32:40.000Z,1771795960.000,32.6424486,-117.211970852,5.633,162.453,174.959,2.012,-7.061,138.111,12.733,313.069,4.193,-2860,,4,4.346,229.992,3,148.818
2026-02-22T21:32:41.000Z,1771795961.000,32.642421609,-117.211961224,6.15,163.962,176.081,-1.412,-8.005,137.53,12.732,313.611,4.535,-2861,,4,4.635,231.734,3,149.507
2026-02-22T21:32:42.000Z,1771795962.000,32.642393416,-117.211949456,6.467,162.146,175.204,0.971,-7.71,138.928,12.73,314.132,4.876,-2862,,4,5.002,233.331,3,149.41
2026-02-22T21:32:43.000Z,1771795963.000,32.642365052,-117.211937884,6.577,156.034,166.48,9.116,-9.956,148.085,12.728,314.565,5.578,-2863,,4,5.498,234.461,3,148.741
2026-02-22T21:32:44.000Z,1771795964.000,32.64233852,-117.211921419,6.277,148.372,159.572,4.252,-8.968,155.765,12.727,315.337,5.723,-2864,,4,5.658,235.207,3,148.314
2026-02-22T21:32:45.000Z,1771795965.000,32.642314767,-117.21190364,5.836,144.351,153.674,4.827,-5.363,162.708,12.725,316.383,5.569,-2865,,4,5.424,235.681,3,148.104
2026-02-22T21:32:46.000Z,1771795966.000,32.642292785,-117.211883772,5.693,140.219,149.254,4.065,-8.231,167.98,12.723,317.234,5.567,-2866,,4,5.428,235.974,3,148.138
2026-02-22T21:32:47.000Z,1771795967.000,32.64227302,-117.21186332,5.585,138.474,145.906,10.105,-8.254,172.279,12.722,318.185,5.533,-2867,,4,5.373,236.121,3,148.188
2026-02-22T21:32:48.000Z,1771795968.000,32.642254121,-117.21184229,5.222,135.49,139.764,7.227,-8.326,179.173,12.72,318.936,5.222,-2868,,4,5.091,235.931,3,148.065
2026-02-22T21:32:49.000Z,1771795969.000,32.642236443,-117.211820775,5.449,130.572,136.867,6.456,-9.633,-176.985,12.718,319.881,5.441,-2869,,4,5.397,235.864,3,147.72
2026-02-22T21:32:50.000Z,1771795970.000,32.642218935,-117.211797158,5.7,131.785,134.795,5.939,-9.509,-173.804,12.717,320.992,5.666,-2870,,4,5.627,235.72,3,147.249
2026-02-22T21:32:51.000Z,1771795971.000,32.642200152,-117.211773206,5.985,134.208,138.11,6.106,-8.701,-176.252,12.715,321.857,5.97,-2871,,4,5.862,236.096,3,146.948
2026-02-22T21:32:52.000Z,1771795972.000,32.642179761,-117.211749266,6.232,136.516,143.452,4.342,-9.444,179.137,12.713,322.589,6.23,-2872,,4,6.047,236.768,3,146.862
2026-02-22T21:32:53.000Z,1771795973.000,32.6421593,-117.211727475,5.851,141.232,149.428,3.016,-7.748,174,12.712,323.428,5.818,-2873,,4,5.54,237.618,3,146.919
2026-02-22T21:32:54.000Z,1771795974.000,32.642137915,-117.211707435,5.827,141.86,146.853,4.891,-8.291,177.972,12.71,324.825,5.822,-2874,,4,5.496,237.987,3,146.784
2026-02-22T21:32:55.000Z,1771795975.000,32.642117913,-117.211687237,5.684,140.184,142.762,4.57,-8.005,-176.957,12.708,325.805,5.676,-2875,,4,5.414,238.107,3,146.667
2026-02-22T21:32:56.000Z,1771795976.000,32.642097461,-117.211664863,5.911,138.895,145.625,0.577,-8.619,-179.146,12.707,326.479,5.91,-2876,,4,5.668,238.679,3,146.549
2026-02-22T21:32:57.000Z,1771795977.000,32.642076182,-117.211641074,6.562,136.713,150.245,-4.172,-9.921,177.072,12.705,327.316,6.551,-2877,,4,6.357,239.366,3,146.29
2026-02-22T21:32:58.000Z,1771795978.000,32.642054763,-117.21161859,6.2,141.067,145.495,5.568,-7.063,-177.057,12.703,328.438,6.186,-2878,,4,5.872,239.418,3,146.041
2026-02-22T21:32:59.000Z,1771795979.000,32.642035314,-117.211597145,5.492,134.583,136.684,12.152,-8.165,-167.274,12.702,329.41,5.356,-2879,,4,5.367,239.035,3,146.18
2026-02-22T21:33:00.000Z,1771795980.000,32.642018605,-117.211574842,5.123,131.903,133.102,8.074,-8.561,-162.841,12.7,330.261,4.895,-2880,,4,5.052,238.781,3,146.65
2026-02-22T21:33:01.000Z,1771795981.000,32.642002725,-117.211553587,5.525,132.537,137.575,-0.845,-9.321,-166.254,12.698,331.321,5.367,-2881,,4,5.437,239.173,3,146.955
2026-02-22T21:33:02.000Z,1771795982.000,32.641984452,-117.211531055,5.946,137.498,143.03,-2.433,-8.176,-170.786,12.697,332.244,5.869,-2882,,4,5.737,239.764,3,146.948
2026-02-22T21:33:03.000Z,1771795983.000,32.641963051,-117.211507193,6.4,136.157,136.838,7.904,-8.447,-163.846,12.695,332.992,6.144,-2883,,4,6.213,239.602,3,146.378
2026-02-22T21:33:04.000Z,1771795984.000,32.641942156,-117.211479972,6.554,132.004,132.996,6.352,-9.729,-159.49,12.693,333.507,6.137,-2884,,4,6.459,239.378,3,145.981
2026-02-22T21:33:05.000Z,1771795985.000,32.641924775,-117.211453425,5.938,127.537,131.254,1.576,-7.682,-157.178,12.692,334.076,5.473,-2885,,4,5.912,239.069,3,146.095
2026-02-22T21:33:06.000Z,1771795986.000,32.641908955,-117.211428627,5.732,125.355,130.003,0.049,-8.346,-155.197,12.69,334.806,5.203,-2886,,4,5.724,238.776,3,146.497
2026-02-22T21:33:07.000Z,1771795987.000,32.641893183,-117.211404333,5.667,126.767,127.226,-0.989,-8.394,-151.668,12.688,335.559,4.986,-2887,,4,5.649,238.386,3,146.73
2026-02-22T21:33:08.000Z,1771795988.000,32.6418772,-117.211376812,6.088,124.837,122.813,3.718,-7.709,-146.655,12.687,336.158,5.084,-2888,,4,6.081,237.685,3,146.579
2026-02-22T21:33:09.000Z,1771795989.000,32.641861636,-117.211347927,6.026,120.464,121.215,3.52,-9.18,-144.546,12.685,336.669,4.908,-2889,,4,6.023,237.094,3,146.095
2026-02-22T21:33:10.000Z,1771795990.000,32.64184632,-117.21131649,7.034,119.866,120.917,0.457,-8.763,-143.582,12.683,337.335,5.661,-2890,,4,7.028,236.429,3,145.633
2026-02-22T21:33:11.000Z,1771795991.000,32.641830373,-117.211283374,7,120.577,119.672,2.782,-7.281,-142.052,12.682,337.62,5.52,-2891,,4,6.997,235.638,3,144.912
2026-02-22T21:33:12.000Z,1771795992.000,32.641813299,-117.211249919,7.026,122.481,123.073,2.115,-7.677,-145.22,12.68,337.852,5.77,-2892,,4,7.026,235.293,3,144.201
2026-02-22T21:33:13.000Z,1771795993.000,32.64179572,-117.211216687,7.414,121.569,124.638,2.988,-8.067,-146.442,12.678,338.196,6.178,-2893,,4,7.413,234.858,3,143.452
2026-02-22T21:33:14.000Z,1771795994.000,32.641777398,-117.211183451,7.3,126.555,129.967,0.763,-9.183,-151.312,12.677,338.655,6.403,-2894,,4,7.279,234.791,3,142.566
2026-02-22T21:33:15.000Z,1771795995.000,32.641757192,-117.211149232,7.488,125.503,133.315,-0.137,-9.483,-154.347,12.675,338.968,6.75,-2895,,4,7.476,234.662,3,141.429
2026-02-22T21:33:16.000Z,1771795996.000,32.641737258,-117.211115281,7.374,126.544,135.524,1.225,-8.96,-156.417,12.673,339.107,6.758,-2896,,4,7.352,234.433,3,140.328
2026-02-22T21:33:17.000Z,1771795997.000,32.641715938,-117.211083024,7.486,129.119,137.044,2.986,-6.998,-157.866,12.672,339.179,6.934,-2897,,4,7.432,234.369,3,139.058
2026-02-22T21:33:18.000Z,1771795998.000,32.641695082,-117.211053725,6.66,132.41,138.698,3.249,-8.189,-159.513,12.67,339.184,6.239,-2898,,4,6.554,234.458,3,138.067
2026-02-22T21:33:19.000Z,1771795999.000,32.641673976,-117.211026653,6.253,132.432,131.543,7.798,-7.466,-152.372,12.668,339.171,5.539,-2899,,4,6.153,233.992,3,137.297
2026-02-22T21:33:20.000Z,1771796000.000,32.641654935,-117.210999524,6.5,129.884,130.011,4.697,-8.548,-150.992,12.667,339.019,5.685,-2900,,4,6.441,233.804,3,136.94
2026-02-22T21:33:21.000Z,1771796001.000,32.641637113,-117.210971222,6.387,123.879,127.359,4.03,-8.838,-148.368,12.665,338.991,5.438,-2901,,4,6.384,233.351,3,136.636
2026-02-22T21:33:22.000Z,1771796002.000,32.641619638,-117.21094262,6.539,124.824,129.675,0.562,-9.089,-150.805,12.663,338.87,5.709,-2902,,4,6.532,233.253,3,136.533
2026-02-22T21:33:23.000Z,1771796003.000,32.641601943,-117.210912815,6.478,122.768,130.516,-1.967,-8.024,-151.767,12.662,338.749,5.708,-2903,,4,6.478,232.98,3,136.319
2026-02-22T21:33:24.000Z,1771796004.000,32.641583949,-117.21088414,6.224,125.388,129.259,2.05,-8.799,-150.68,12.66,338.578,5.427,-2904,,4,6.214,232.632,3,136.249
2026-02-22T21:33:25.000Z,1771796005.000,32.64156636,-117.210855124,6.573,123.934,126.861,2.427,-8.728,-148.407,12.658,338.454,5.599,-2905,,4,6.57,232.136,3,135.937
2026-02-22T21:33:26.000Z,1771796006.000,32.641550033,-117.210824334,6.831,123.083,124.807,3.869,-10.304,-146.396,12.657,338.411,5.689,-2906,,4,6.83,231.453,3,135.48
2026-02-22T21:33:27.000Z,1771796007.000,32.64153358,-117.210791003,7.067,119.865,119.758,5.175,-10.25,-141.389,12.655,338.369,5.522,-2907,,4,7.062,230.387,3,134.873
2026-02-22T21:33:28.000Z,1771796008.000,32.641517306,-117.21075647,7.376,119.491,119.981,4.245,-9.343,-141.747,12.653,338.234,5.792,-2908,,4,7.368,229.654,3,134.19
2026-02-22T21:33:29.000Z,1771796009.000,32.64150088,-117.210721219,7.387,117.532,123.391,0.361,-8.43,-145.368,12.652,338.023,6.078,-2909,,4,7.363,229.145,3,133.184
2026-02-22T21:33:30.000Z,1771796010.000,32.641484047,-117.210687424,6.961,121.472,122.591,3.41,-7.391,-144.712,12.65,337.88,5.682,-2910,,4,6.96,228.423,3,132.204
2026-02-22T21:33:31.000Z,1771796011.000,32.641468497,-117.210654537,6.355,119.066,120.755,6.349,-7.502,-142.919,12.648,337.836,5.071,-2911,,4,6.346,227.566,3,131.381
2026-02-22T21:33:32.000Z,1771796012.000,32.641455401,-117.210623698,6.237,114.829,120.147,5.336,-8.328,-142.361,12.647,337.786,4.938,-2912,,4,6.186,226.726,3,131.209
2026-02-22T21:33:33.000Z,1771796013.000,32.641443318,-117.210593933,5.974,116.138,115.589,4.414,-9.541,-137.95,12.645,337.639,4.436,-2913,,4,5.94,225.556,3,131.353
2026-02-22T21:33:34.000Z,1771796014.000,32.641431073,-117.210563002,6.509,114.154,111.998,4.577,-9.655,-134.629,12.643,337.369,4.572,-2914,,4,6.444,224.409,3,131.517
2026-02-22T21:33:35.000Z,1771796015.000,32.641417451,-117.210529559,6.678,117.508,114.57,-1.251,-6.957,-137.432,12.642,337.139,4.918,-2915,,4,6.655,223.702,3,131.294
2026-02-22T21:33:36.000Z,1771796016.000,32.641401192,-117.210495669,7.176,118.675,120.886,-2.171,-6.505,-143.822,12.64,337.064,5.792,-2916,,4,7.162,223.488,3,130.765
2026-02-22T21:33:37.000Z,1771796017.000,32.641383929,-117.210461667,6.965,121.643,122.407,0.934,-7.388,-145.432,12.638,336.976,5.736,-2917,,4,6.965,222.975,3,129.955
2026-02-22T21:33:38.000Z,1771796018.000,32.641367873,-117.210428644,6.761,117.003,121.112,4.008,-7.747,-144.17,12.637,336.942,5.482,-2918,,4,6.733,222.195,3,129.162
2026-02-22T21:33:39.000Z,1771796019.000,32.64135346,-117.210394763,6.644,115.377,122.598,2.358,-8.167,-145.64,12.635,336.959,5.482,-2919,,4,6.597,221.447,3,128.338
2026-02-22T21:33:40.000Z,1771796020.000,32.641339859,-117.210364232,6.125,117.177,122.578,1.759,-8.901,-145.634,12.633,336.944,5.055,-2920,,4,6.101,220.716,3,128.034
2026-02-22T21:33:41.000Z,1771796021.000,32.641326699,-117.210334947,6.014,118.186,120.339,1.457,-9.066,-143.477,12.632,336.862,4.833,-2921,,4,5.999,219.847,3,128.149
2026-02-22T21:33:42.000Z,1771796022.000,32.641314129,-117.210303997,6.355,116.059,117.615,-0.005,-8.459,-140.768,12.63,336.847,4.923,-2922,,4,6.318,218.788,3,128.271
2026-02-22T21:33:43.000Z,1771796023.000,32.641300089,-117.210270182,6.7,114.973,119.06,1.684,-8.151,-142.106,12.628,336.954,5.287,-2923,,4,6.645,218.009,3,128.116
2026-02-22T21:33:44.000Z,1771796024.000,32.641285325,-117.21023638,7.075,115.628,119.898,2.021,-7.926,-142.845,12.627,337.054,5.639,-2924,,4,7.027,217.243,3,127.822
2026-02-22T21:33:45.000Z,1771796025.000,32.641270426,-117.210200871,7.313,117,118.671,3.311,-8.275,-141.583,12.625,337.087,5.73,-2925,,4,7.282,216.22,3,127.229
2026-02-22T21:33:46.000Z,1771796026.000,32.641254729,-117.210166595,7.046,120.842,119.523,4.344,-8.595,-142.655,12.623,336.868,5.601,-2926,,4,7.043,215.504,3,126.834
2026-02-22T21:33:47.000Z,1771796027.000,32.641237487,-117.210131885,7.365,121.26,121.161,2.524,-9.259,-144.404,12.622,336.757,5.989,-2927,,4,7.364,214.955,3,126.269
2026-02-22T21:33:48.000Z,1771796028.000,32.641219844,-117.210098003,7.451,122.693,123.081,0.615,-9.827,-146.338,12.62,336.744,6.202,-2928,,4,7.451,214.513,3,126.063
2026-02-22T21:33:49.000Z,1771796029.000,32.641200911,-117.210063527,7.573,122.526,124.393,1.878,-9.609,-147.472,12.618,336.921,6.385,-2929,,4,7.573,214.095,3,125.7
2026-02-22T21:33:50.000Z,1771796030.000,32.64118162,-117.210029015,7.485,125.209,128.138,0.665,-9.08,-151.006,12.617,337.132,6.547,-2930,,4,7.475,213.902,3,125.131
2026-02-22T21:33:51.000Z,1771796031.000,32.641162743,-117.209993174,7.512,120.932,125.517,1.996,-8.706,-148.264,12.615,337.253,6.387,-2931,,4,7.51,213.078,3,124.404
2026-02-22T21:33:52.000Z,1771796032.000,32.641146423,-117.209958384,7.151,119.324,123.067,6.557,-8.324,-145.713,12.613,337.354,5.908,-2932,,4,7.141,212.118,3,123.732
2026-02-22T21:33:53.000Z,1771796033.000,32.641132674,-117.209925268,6.714,112.874,121.929,4.848,-7.605,-144.429,12.612,337.5,5.461,-2933,,4,6.622,211.151,3,123.358
2026-02-22T21:33:54.000Z,1771796034.000,32.64112125,-117.209893952,6.17,112.179,118.086,3.695,-7.91,-140.548,12.61,337.538,4.762,-2934,,4,6.072,209.884,3,123.554
2026-02-22T21:33:55.000Z,1771796035.000,32.64110974,-117.209864275,5.965,116.414,112.653,5.291,-7.378,-135.26,12.608,337.393,4.235,-2935,,4,5.932,208.607,3,124.067
2026-02-22T21:33:56.000Z,1771796036.000,32.641098141,-117.209835141,6.138,114.81,116.452,1.246,-8.48,-139.135,12.607,337.318,4.643,-2936,,4,6.084,208.09,3,124.659
2026-02-22T21:33:57.000Z,1771796037.000,32.641084268,-117.209805991,6.579,121.079,119.596,0.722,-8.251,-142.383,12.605,337.214,5.211,-2937,,4,6.577,207.717,3,125.155
2026-02-22T21:33:58.000Z,1771796038.000,32.641066727,-117.209774084,6.9,123.088,122.608,2.067,-7.812,-145.452,12.603,337.156,5.683,-2938,,4,6.9,207.475,3,124.713
2026-02-22T21:33:59.000Z,1771796039.000,32.641048706,-117.209741365,7.429,123.671,126.943,1.915,-9.292,-149.753,12.602,337.19,6.419,-2939,,4,7.428,207.332,3,123.989
2026-02-22T21:34:00.000Z,1771796040.000,32.641029175,-117.209707438,7.575,124.287,130.338,2.425,-8.621,-153.151,12.6,337.187,6.759,-2940,,4,7.571,207.167,3,123.19
2026-02-22T21:34:01.000Z,1771796041.000,32.641009539,-117.20967379,7.639,125.263,128.507,5.449,-8.912,-151.325,12.598,337.182,6.701,-2941,,4,7.629,206.605,3,122.436
2026-02-22T21:34:02.000Z,1771796042.000,32.64099171,-117.209641153,6.661,122.739,126.71,5.936,-8.813,-149.41,12.597,337.3,5.734,-2942,,4,6.661,205.956,3,121.744
2026-02-22T21:34:03.000Z,1771796043.000,32.640975859,-117.209610906,6.123,121.912,123.776,4.603,-8.97,-146.397,12.595,337.379,5.1,-2943,,4,6.123,205.196,3,121.586
2026-02-22T21:34:04.000Z,1771796044.000,32.640961705,-117.209582849,6.238,122.355,119.979,9.487,-8.734,-142.599,12.593,337.38,4.95,-2944,,4,6.238,204.361,3,121.963
2026-02-22T21:34:05.000Z,1771796045.000,32.640947766,-117.209552353,6.624,116.218,111.752,10.294,-8.001,-134.413,12.592,337.339,4.629,-2945,,4,6.585,203.018,3,122.229
2026-02-22T21:34:06.000Z,1771796046.000,32.640932749,-117.209516124,7.702,117.193,115.321,2.154,-7.588,-137.936,12.59,337.385,5.719,-2946,,4,7.67,202.333,3,121.446
2026-02-22T21:34:07.000Z,1771796047.000,32.640914813,-117.209478034,8.012,120.64,122.72,-0.729,-8.72,-145.229,12.588,337.491,6.581,-2947,,4,8.008,202.091,3,120.438
2026-02-22T21:34:08.000Z,1771796048.000,32.640894768,-117.209438592,8.587,122.043,128.651,-0.422,-10.62,-151.058,12.587,337.593,7.514,-2948,,4,8.587,201.836,3,119.198
2026-02-22T21:34:09.000Z,1771796049.000,32.640874261,-117.209400097,8.23,124.915,132.411,-0.221,-8.715,-154.767,12.585,337.644,7.443,-2949,,4,8.222,201.503,3,117.982
2026-02-22T21:34:10.000Z,1771796050.000,32.640853178,-117.209362633,7.821,123.857,132.913,3.801,-8.309,-155.401,12.583,337.512,7.112,-2950,,4,7.819,201.017,3,116.652
2026-02-22T21:34:11.000Z,1771796051.000,32.640835515,-117.209329035,6.96,121.103,130.429,3.7,-7.22,-153.104,12.582,337.325,6.207,-2951,,4,6.958,200.239,3,116.022
2026-02-22T21:34:12.000Z,1771796052.000,32.640819515,-117.209299499,5.977,126.996,128.784,4.403,-8.574,-151.555,12.58,337.229,5.256,-2952,,4,5.958,199.639,3,115.79
2026-02-22T21:34:13.000Z,1771796053.000,32.640805297,-117.209272372,5.7,122.337,127.26,-0.337,-9.211,-150.151,12.578,337.109,4.944,-2953,,4,5.7,199.046,3,116.055
2026-02-22T21:34:14.000Z,1771796054.000,32.64079087,-117.209244874,5.889,120.933,117.726,3.58,-8.736,-140.697,12.577,337.029,4.555,-2954,,4,5.887,197.808,3,116.484
2026-02-22T21:34:15.000Z,1771796055.000,32.64077731,-117.209214467,6.477,117.583,111.177,5.402,-8.08,-134.015,12.575,337.162,4.497,-2955,,4,6.453,196.574,3,116.792
2026-02-22T21:34:16.000Z,1771796056.000,32.640763828,-117.209178629,7.619,113.448,113.839,-0.895,-7.702,-136.452,12.573,337.387,5.524,-2956,,4,7.525,195.713,3,116.33
2026-02-22T21:34:17.000Z,1771796057.000,32.640746953,-117.20914035,8.07,118.059,118.972,1.875,-7.519,-141.434,12.572,337.538,6.31,-2957,,4,8.045,195.186,3,115.051
2026-02-22T21:34:18.000Z,1771796058.000,32.640727375,-117.209099261,8.4,121.413,125.293,2.035,-8.963,-147.762,12.57,337.532,7.104,-2958,,4,8.399,194.818,3,113.251
2026-02-22T21:34:19.000Z,1771796059.000,32.640708537,-117.20905967,8.376,119.488,126.19,3.17,-9.519,-148.784,12.568,337.406,7.163,-2959,,4,8.365,194.045,3,111.794
2026-02-22T21:34:20.000Z,1771796060.000,32.640691614,-117.209021597,7.527,118.279,127.963,1.383,-8.57,-150.616,12.567,337.347,6.557,-2960,,4,7.507,193.275,3,110.936
2026-02-22T21:34:21.000Z,1771796061.000,32.640675044,-117.208986625,7.13,118.097,127.924,0.782,-8.402,-150.538,12.565,337.386,6.208,-2961,,4,7.109,192.519,3,110.462
2026-02-22T21:34:22.000Z,1771796062.000,32.640658141,-117.20895367,6.822,121.931,124.873,3.757,-9.429,-147.557,12.563,337.316,5.757,-2962,,4,6.822,191.672,3,110.134
2026-02-22T21:34:23.000Z,1771796063.000,32.640642284,-117.208922706,6.625,121.503,122.849,0.23,-8.49,-145.439,12.562,337.409,5.456,-2963,,4,6.624,190.942,3,110.151
2026-02-22T21:34:24.000Z,1771796064.000,32.640625639,-117.208891171,6.9,123.063,124.228,-0.09,-8.186,-146.684,12.56,337.544,5.766,-2964,,4,6.9,190.518,3,110.052
2026-02-22T21:34:25.000Z,1771796065.000,32.640608355,-117.208858756,6.9,122.615,124.795,-0.066,-8.47,-147.112,12.558,337.684,5.794,-2965,,4,6.9,190.028,3,109.768
2026-02-22T21:34:26.000Z,1771796066.000,32.640590385,-117.208824248,7.3,122.033,126.061,1.562,-8.374,-148.295,12.557,337.766,6.21,-2966,,4,7.3,189.523,3,109.233
2026-02-22T21:34:27.000Z,1771796067.000,32.640573329,-117.208790933,7.137,122.692,122.188,3.415,-8.196,-144.472,12.555,337.716,5.808,-2967,,4,7.137,188.601,3,108.873
2026-02-22T21:34:28.000Z,1771796068.000,32.640557741,-117.208757139,7,119.316,121.532,2.517,-8.772,-144.01,12.553,337.522,5.664,-2968,,4,6.989,187.786,3,108.541
2026-02-22T21:34:29.000Z,1771796069.000,32.640542358,-117.208723566,7.254,116.87,122.827,0.295,-8.443,-145.417,12.552,337.41,5.973,-2969,,4,7.219,187.123,3,108.101
2026-02-22T21:34:30.000Z,1771796070.000,32.640525319,-117.208689428,7,120.746,124.282,1.211,-8.616,-146.78,12.55,337.502,5.856,-2970,,4,6.997,186.578,3,107.347
2026-02-22T21:34:31.000Z,1771796071.000,32.640508309,-117.20865627,7.351,121.826,125.476,1.193,-9.353,-147.735,12.548,337.74,6.216,-2971,,4,7.35,186.07,3,106.503
2026-02-22T21:34:32.000Z,1771796072.000,32.640490583,-117.208624317,7.074,121.669,125.227,0.764,-8.374,-147.311,12.547,337.916,5.953,-2972,,4,7.073,185.58,3,105.44
2026-02-22T21:34:33.000Z,1771796073.000,32.640472566,-117.208592175,7.015,125.085,126.285,0.073,-8.606,-148.213,12.545,338.072,5.963,-2973,,4,7.008,185.208,3,104.343
2026-02-22T21:34:34.000Z,1771796074.000,32.640454308,-117.208558837,7.2,121.568,126.691,-0.569,-8.895,-148.441,12.543,338.25,6.135,-2974,,4,7.199,184.73,3,103.502
2026-02-22T21:34:35.000Z,1771796075.000,32.640437406,-117.208526688,6.912,121.007,124.806,1.705,-8.039,-146.383,12.542,338.424,5.756,-2975,,4,6.91,184.026,3,103.122
2026-02-22T21:34:36.000Z,1771796076.000,32.640421192,-117.208494111,7.173,118.933,125.268,2.817,-9.052,-146.639,12.54,338.628,5.991,-2976,,4,7.159,183.428,3,102.982
2026-02-22T21:34:37.000Z,1771796077.000,32.640404276,-117.208461522,6.985,119.61,123.816,2.734,-8.417,-144.848,12.538,338.968,5.711,-2977,,4,6.976,182.733,3,102.703
2026-02-22T21:34:38.000Z,1771796078.000,32.640386833,-117.208426973,7.123,121.377,128.02,0.341,-8.362,-148.678,12.537,339.342,6.084,-2978,,4,7.122,182.42,3,102.004
2026-02-22T21:34:39.000Z,1771796079.000,32.640369096,-117.208394504,6.75,123.15,128.973,2.758,-7.814,-149.259,12.535,339.714,5.802,-2979,,4,6.749,181.996,3,101.367
2026-02-22T21:34:40.000Z,1771796080.000,32.640352195,-117.208363441,6.427,122.503,126.498,6.184,-8.053,-146.55,12.533,339.948,5.363,-2980,,4,6.427,181.31,3,100.618
2026-02-22T21:34:41.000Z,1771796081.000,32.640337874,-117.208334503,5.931,121.351,120.962,5.024,-7.656,-140.882,12.532,340.08,4.602,-2981,,4,5.93,180.294,3,100.319
2026-02-22T21:34:42.000Z,1771796082.000,32.64032484,-117.208304365,5.912,116.931,115.832,6.804,-7.992,-135.715,12.53,340.118,4.232,-2982,,4,5.882,179.134,3,100.5
2026-02-22T21:34:43.000Z,1771796083.000,32.640313467,-117.208272978,6.376,112.988,114.798,1.107,-8.455,-134.807,12.528,339.991,4.493,-2983,,4,6.285,178.084,3,100.788
2026-02-22T21:34:44.000Z,1771796084.000,32.640299894,-117.208241075,6.846,120.203,119.878,-0.943,-9.462,-139.892,12.527,339.986,5.237,-2984,,4,6.84,177.668,3,100.906
2026-02-22T21:34:45.000Z,1771796085.000,32.640283946,-117.208208077,7.255,119.925,125.462,-3.627,-9.424,-145.424,12.525,340.039,5.974,-2985,,4,7.247,177.432,3,100.664
2026-02-22T21:34:46.000Z,1771796086.000,32.640264915,-117.208174673,7.1,126.144,126.48,1.198,-8.974,-146.258,12.523,340.222,5.904,-2986,,4,7.087,177.065,3,99.793
2026-02-22T21:34:47.000Z,1771796087.000,32.64024671,-117.208141608,7.275,121.873,125.864,0.383,-8.127,-145.424,12.522,340.44,5.99,-2987,,4,7.274,176.517,3,98.76
2026-02-22T21:34:48.000Z,1771796088.000,32.640229721,-117.208109102,7.13,122.68,127.852,0.667,-7.914,-147.39,12.52,340.462,6.006,-2988,,4,7.13,176.112,3,97.641
2026-02-22T21:34:49.000Z,1771796089.000,32.640212762,-117.208078042,6.63,122.485,126.349,1.275,-8.67,-146.021,12.518,340.327,5.498,-2989,,4,6.63,175.51,3,96.992
2026-02-22T21:34:50.000Z,1771796090.000,32.64019652,-117.20804738,6.4,122.828,124.89,0.578,-8.213,-144.791,12.517,340.099,5.229,-2990,,4,6.4,174.876,3,96.829
2026-02-22T21:34:51.000Z,1771796091.000,32.640181249,-117.208016423,6.488,119.962,126.022,1.621,-9.241,-146.091,12.515,339.931,5.384,-2991,,4,6.481,174.352,3,97.262
2026-02-22T21:34:52.000Z,1771796092.000,32.640166338,-117.207985667,6.446,119.939,124.19,2.698,-8.415,-144.416,12.513,339.775,5.242,-2992,,4,6.438,173.571,3,97.952
2026-02-22T21:34:53.000Z,1771796093.000,32.640151904,-117.207954647,6.246,118.815,125.09,0.864,-8.033,-145.396,12.512,339.694,5.14,-2993,,4,6.232,172.954,3,98.651
2026-02-22T21:34:54.000Z,1771796094.000,32.640137267,-117.207925395,5.9,123.184,127.84,0.632,-8.654,-148.162,12.51,339.678,5.012,-2994,,4,5.9,172.612,3,99.115
2026-02-22T21:34:55.000Z,1771796095.000,32.640121592,-117.207898174,6.088,124.027,133.128,-3.655,-8.991,-153.565,12.508,339.564,5.451,-2995,,4,6.086,172.688,3,99.457
2026-02-22T21:34:56.000Z,1771796096.000,32.64010536,-117.207871744,6.185,125.123,131.939,-0.414,-9.021,-152.579,12.507,339.36,5.49,-2996,,4,6.179,172.335,3,99.379
2026-02-22T21:34:57.000Z,1771796097.000,32.64008851,-117.20784422,5.922,127.329,126.787,4.392,-7.828,-147.717,12.505,339.069,5.006,-2997,,4,5.902,171.645,3,99.084
2026-02-22T21:34:58.000Z,1771796098.000,32.640072618,-117.207816516,6.376,122.369,123.119,5.059,-7.857,-144.226,12.503,338.893,5.172,-2998,,4,6.376,170.985,3,99.042
2026-02-22T21:34:59.000Z,1771796099.000,32.640057523,-117.207785745,6.6,120.459,123.118,2.469,-8.623,-144.269,12.502,338.849,5.358,-2999,,4,6.595,170.366,3,99.307
2026-02-22T21:35:00.000Z,1771796100.000,32.640041078,-117.207753766,6.985,121.635,123.972,0.145,-8.349,-145.16,12.5,338.812,5.733,-3000,,4,6.984,169.855,3,99.428
2026-02-22T21:35:01.000Z,1771796101.000,32.640023438,-117.207719401,7.2,121.6,126.335,0.222,-8.689,-147.563,12.498,338.772,6.077,-3001,,4,7.199,169.42,3,99.167
2026-02-22T21:35:02.000Z,1771796102.000,32.640006294,-117.207686175,6.9,120.708,127.169,2.975,-8.528,-148.418,12.497,338.751,5.878,-3002,,4,6.896,168.89,3,98.62
2026-02-22T21:35:03.000Z,1771796103.000,32.639990538,-117.207654724,6.5,123.345,129.194,1.901,-8.527,-150.463,12.495,338.731,5.655,-3003,,4,6.5,168.449,3,98.215
2026-02-22T21:35:04.000Z,1771796104.000,32.639974729,-117.207626194,6.146,123.402,129.344,2.205,-7.837,-150.531,12.493,338.813,5.35,-3004,,4,6.145,168.04,3,97.936
2026-02-22T21:35:05.000Z,1771796105.000,32.639958313,-117.207597822,6.111,122.731,131.236,-1.354,-8.694,-152.274,12.492,338.963,5.41,-3005,,4,6.111,167.833,3,97.852
2026-02-22T21:35:06.000Z,1771796106.000,32.639941955,-117.207570272,6.364,122.475,129.554,0.273,-8.18,-150.321,12.49,339.233,5.529,-3006,,4,6.364,167.381,3,98.058
2026-02-22T21:35:07.000Z,1771796107.000,32.639925596,-117.207542001,6.2,124.119,131.359,0.756,-8.911,-151.789,12.488,339.57,5.462,-3007,,4,6.198,167.168,3,98.268
2026-02-22T21:35:08.000Z,1771796108.000,32.639909264,-117.207514857,6.015,126.374,132.852,1.493,-8.298,-153.002,12.487,339.849,5.36,-3008,,4,6.002,166.997,3,98.318
2026-02-22T21:35:09.000Z,1771796109.000,32.639892936,-117.207488747,5.443,126.919,129.417,3.924,-8.046,-149.225,12.485,340.192,4.677,-3009,,4,5.428,166.488,3,98.444
2026-02-22T21:35:10.000Z,1771796110.000,32.63987781,-117.207463796,5.776,126.549,127.244,1.031,-8.59,-146.987,12.483,340.257,4.844,-3010,,4,5.762,166.053,3,98.853
2026-02-22T21:35:11.000Z,1771796111.000,32.639862539,-117.207437301,6.034,124.161,128.574,-1.071,-8.714,-148.52,12.482,340.054,5.146,-3011,,4,6.032,165.819,3,99.388
2026-02-22T21:35:12.000Z,1771796112.000,32.639845656,-117.207408785,6.585,128.257,127.747,2.626,-9.829,-147.818,12.48,339.929,5.573,-3012,,4,6.553,165.421,3,99.711
2026-02-22T21:35:13.000Z,1771796113.000,32.639827186,-117.207377869,6.767,123.463,125.776,3.334,-7.844,-145.757,12.478,340.019,5.594,-3013,,4,6.767,164.918,3,99.806
2026-02-22T21:35:14.000Z,1771796114.000,32.639809075,-117.207346675,6.725,124.087,128.336,2.611,-9.047,-148.139,12.477,340.196,5.711,-3014,,4,6.723,164.733,3,99.933
2026-02-22T21:35:15.000Z,1771796115.000,32.639790743,-117.207315137,6.9,124.652,128.918,0.795,-8.588,-148.526,12.475,340.392,5.884,-3015,,4,6.895,164.387,3,100.058
2026-02-22T21:35:16.000Z,1771796116.000,32.639772581,-117.207284581,6.7,127.415,132,0.483,-8.376,-151.509,12.473,340.49,5.888,-3016,,4,6.676,164.289,3,99.959
2026-02-22T21:35:17.000Z,1771796117.000,32.639753794,-117.207254668,6.589,125.388,136.174,-0.639,-8.963,-155.814,12.472,340.36,6.01,-3017,,4,6.581,164.37,3,99.547
2026-02-22T21:35:18.000Z,1771796118.000,32.639737169,-117.207226816,6.036,125.036,134.442,1.096,-8.428,-154.305,12.47,340.138,5.439,-3018,,4,6.03,163.919,3,99.061
2026-02-22T21:35:19.000Z,1771796119.000,32.639722062,-117.207199952,5.666,123.587,129.258,4.348,-8.258,-149.469,12.468,339.789,4.881,-3019,,4,5.665,163.12,3,98.744
2026-02-22T21:35:20.000Z,1771796120.000,32.639709768,-117.207173557,5.7,115.266,122.68,3.084,-8.282,-143.138,12.467,339.542,4.559,-3020,,4,5.654,162.003,3,98.807
2026-02-22T21:35:21.000Z,1771796121.000,32.639697937,-117.207145643,5.589,115.568,118.647,2.917,-8.051,-139.263,12.465,339.384,4.234,-3021,,4,5.547,160.963,3,99.212
2026-02-22T21:35:22.000Z,1771796122.000,32.639686339,-117.207117487,5.8,115.943,120.28,-2.274,-8.506,-140.936,12.463,339.344,4.503,-3022,,4,5.761,160.341,3,99.601
2026-02-22T21:35:23.000Z,1771796123.000,32.639671668,-117.207089109,6.187,124.413,124.032,-0.848,-8.512,-144.701,12.462,339.331,5.049,-3023,,4,6.184,160.134,3,99.804
2026-02-22T21:35:24.000Z,1771796124.000,32.639655816,-117.207060631,6.115,125.845,123.717,0.643,-8.081,-144.452,12.46,339.265,4.975,-3024,,4,6.105,159.694,3,99.729
2026-02-22T21:35:25.000Z,1771796125.000,32.639639974,-117.207030182,6.489,122.477,123.549,0.745,-9.169,-144.532,12.458,339.018,5.285,-3025,,4,6.489,159.144,3,99.501
2026-02-22T21:35:26.000Z,1771796126.000,32.639624722,-117.206998905,6.788,118.404,118.87,4.094,-7.993,-140.27,12.457,338.6,5.22,-3026,,4,6.769,158.133,3,99.261
2026-02-22T21:35:27.000Z,1771796127.000,32.639609998,-117.206966199,6.8,118.03,121.218,2.232,-7.047,-143.142,12.455,338.076,5.441,-3027,,4,6.778,157.551,3,98.817
2026-02-22T21:35:28.000Z,1771796128.000,32.639594701,-117.206934186,6.615,121.615,126.299,1.442,-8.68,-148.545,12.453,337.754,5.641,-3028,,4,6.614,157.282,3,98.426
2026-02-22T21:35:29.000Z,1771796129.000,32.639578138,-117.20690388,6.312,123.815,129.508,0.258,-8.549,-151.976,12.452,337.532,5.571,-3029,,4,6.31,157.075,3,98.217
2026-02-22T21:35:30.000Z,1771796130.000,32.639561445,-117.206874883,6.212,126.48,132.581,-1.5,-9.271,-155.211,12.45,337.37,5.639,-3030,,4,6.198,156.948,3,98.245
2026-02-22T21:35:31.000Z,1771796131.000,32.639543578,-117.206846745,6.386,128.768,133.114,-1.611,-9.932,-155.782,12.448,337.332,5.824,-3031,,4,6.349,156.767,3,98.419
2026-02-22T21:35:32.000Z,1771796132.000,32.639525032,-117.206817156,6.823,126.2,133.282,0.267,-8.575,-156.017,12.447,337.265,6.233,-3032,,4,6.809,156.524,3,98.222
2026-02-22T21:35:33.000Z,1771796133.000,32.639505919,-117.206785614,6.645,125.655,133.771,2.144,-8.358,-156.66,12.445,337.111,6.101,-3033,,4,6.635,156.235,3,97.59
2026-02-22T21:35:34.000Z,1771796134.000,32.639488846,-117.206757231,6.012,125.763,130.656,4.615,-8.184,-153.859,12.443,336.798,5.397,-3034,,4,6.003,155.676,3,97.089
2026-02-22T21:35:35.000Z,1771796135.000,32.639474433,-117.206730844,5.541,123.822,129.08,1.11,-7.889,-152.71,12.442,336.371,4.924,-3035,,4,5.539,155.141,3,96.762
2026-02-22T21:35:36.000Z,1771796136.000,32.639460936,-117.206706628,5.315,125.206,129.243,-2.631,-9.244,-153.171,12.44,336.073,4.743,-3036,,4,5.31,154.803,3,96.717
2026-02-22T21:35:37.000Z,1771796137.000,32.639446236,-117.206681651,5.73,122.613,127.737,-3.041,-8.211,-151.899,12.438,335.837,5.054,-3037,,4,5.73,154.384,3,96.67
2026-02-22T21:35:38.000Z,1771796138.000,32.639430081,-117.206654824,6.361,124.208,128.853,-1.199,-8.996,-153.192,12.437,335.661,5.677,-3038,,4,6.358,154.186,3,96.625
2026-02-22T21:35:39.000Z,1771796139.000,32.63941216,-117.206624722,7.045,125.367,133.821,-2.07,-9.383,-158.212,12.435,335.609,6.542,-3039,,4,7.036,154.249,3,96.431
2026-02-22T21:35:40.000Z,1771796140.000,32.639393629,-117.206593133,6.861,125.272,133.814,1.701,-8.571,-158.139,12.433,335.674,6.368,-3040,,4,6.853,153.868,3,95.911
2026-02-22T21:35:41.000Z,1771796141.000,32.639375212,-117.206560871,6.812,124.435,130.412,4.421,-8.15,-154.704,12.432,335.708,6.158,-3041,,4,6.808,153.16,3,95.192
2026-02-22T21:35:42.000Z,1771796142.000,32.639359048,-117.206530036,6.361,123.838,129.059,3.505,-8.108,-153.339,12.43,335.719,5.685,-3042,,4,6.359,152.517,3,94.545
2026-02-22T21:35:43.000Z,1771796143.000,32.639344091,-117.206502332,5.754,125.709,127.713,2.122,-8.628,-152.095,12.428,335.617,5.085,-3043,,4,5.745,151.966,3,94.272
2026-02-22T21:35:44.000Z,1771796144.000,32.639329626,-117.206476775,5.615,121.031,125.734,-0.432,-7.921,-150.198,12.427,335.536,4.873,-3044,,4,5.614,151.454,3,94.294
2026-02-22T21:35:45.000Z,1771796145.000,32.639314165,-117.206450846,5.6,125.641,125.168,-3.086,-8.886,-149.751,12.425,335.417,4.837,-3045,,4,5.592,151.117,3,94.205
2026-02-22T21:35:46.000Z,1771796146.000,32.639298724,-117.206424765,5.964,124.337,122.179,-0.943,-9.383,-146.899,12.423,335.279,4.995,-3046,,4,5.961,150.574,3,94.255
2026-02-22T21:35:47.000Z,1771796147.000,32.63928279,-117.206397085,6.339,125.052,122.223,1.917,-8.714,-147.077,12.422,335.146,5.321,-3047,,4,6.333,150.219,3,94.295
2026-02-22T21:35:48.000Z,1771796148.000,32.639265858,-117.206366607,6.87,121.01,125.526,2.132,-8.584,-150.401,12.42,335.125,5.974,-3048,,4,6.868,150.038,3,93.918
2026-02-22T21:35:49.000Z,1771796149.000,32.639247831,-117.206335261,6.735,124.47,127.689,1.482,-8.316,-152.483,12.418,335.206,5.973,-3049,,4,6.731,149.805,3,93.263
2026-02-22T21:35:50.000Z,1771796150.000,32.639229995,-117.206305458,6.712,125.188,125.529,2.783,-8.624,-149.85,12.417,335.679,5.804,-3050,,4,6.705,149.301,3,92.641
2026-02-22T21:35:51.000Z,1771796151.000,32.639212789,-117.206274545,7,125.45,125.814,0.47,-9.225,-149.685,12.415,336.129,6.043,-3051,,4,6.991,148.874,3,92.16
2026-02-22T21:35:52.000Z,1771796152.000,32.639195604,-117.20624297,6.815,120.997,125.346,-1.542,-8.413,-148.946,12.413,336.4,5.839,-3052,,4,6.813,148.343,3,91.778
2026-02-22T21:35:53.000Z,1771796153.000,32.639178761,-117.206210286,6.877,121.741,123.322,2.245,-8.76,-146.845,12.412,336.476,5.757,-3053,,4,6.876,147.591,3,91.42
2026-02-22T21:35:54.000Z,1771796154.000,32.639162674,-117.206179076,6.373,120.495,122.885,4.815,-8.522,-146.242,12.41,336.643,5.299,-3054,,4,6.369,146.993,3,91.107
2026-02-22T21:35:55.000Z,1771796155.000,32.639147896,-117.206149691,6.16,118.755,124.282,1.553,-8.666,-147.363,12.408,336.919,5.187,-3055,,4,6.147,146.545,3,90.936
2026-02-22T21:35:56.000Z,1771796156.000,32.639134221,-117.206121318,5.761,119.989,119.637,2.721,-8.53,-142.458,12.407,337.18,4.569,-3056,,4,5.755,145.581,3,90.778
2026-02-22T21:35:57.000Z,1771796157.000,32.639121128,-117.20609333,5.788,118.65,115.392,5.824,-8.298,-137.937,12.405,337.455,4.297,-3057,,4,5.775,144.63,3,90.692
2026-02-22T21:35:58.000Z,1771796158.000,32.639107677,-117.206065805,5.688,122.798,116.933,1.234,-8.916,-139.097,12.403,337.836,4.299,-3058,,4,5.688,144.193,3,90.511
2026-02-22T21:35:59.000Z,1771796159.000,32.639091803,-117.206039684,6.039,125.534,124.761,-0.904,-8.548,-146.846,12.402,337.915,5.057,-3059,,4,6.031,144.549,3,90.461
2026-02-22T21:36:00.000Z,1771796160.000,32.639072872,-117.206013558,6.385,131.766,129.869,-1.269,-9.551,-151.876,12.4,337.994,5.631,-3060,,4,6.301,144.951,3,90.471
2026-02-22T21:36:01.000Z,1771796161.000,32.639054442,-117.205986222,6.2,127.143,130.038,-0.869,-8.199,-152.045,12.398,337.994,5.477,-3061,,4,6.179,144.836,3,90.438
2026-02-22T21:36:02.000Z,1771796162.000,32.639037804,-117.205958807,6.087,122.527,129.849,3.919,-7.5,-151.775,12.397,338.074,5.364,-3062,,4,6.087,144.538,3,90.444
2026-02-22T21:36:03.000Z,1771796163.000,32.639023351,-117.205933176,5.445,121.975,125.456,5.558,-8.256,-147.228,12.395,338.228,4.579,-3063,,4,5.445,143.824,3,90.783
2026-02-22T21:36:04.000Z,1771796164.000,32.639009337,-117.205907892,5.311,122.865,124.313,2.184,-8.071,-145.936,12.393,338.377,4.399,-3064,,4,5.311,143.359,3,90.892
2026-02-22T21:36:05.000Z,1771796165.000,32.638994344,-117.205882441,5.864,126.184,129.687,-3.868,-8.934,-151.114,12.392,338.573,5.134,-3065,,4,5.851,143.492,3,90.911
2026-02-22T21:36:06.000Z,1771796166.000,32.638977317,-117.205856763,5.975,129.637,133.412,-3.364,-8.839,-154.762,12.39,338.649,5.404,-3066,,4,5.927,143.65,3,90.931
2026-02-22T21:36:07.000Z,1771796167.000,32.63895959,-117.205831479,6.316,128.765,128.541,4.732,-8.178,-149.997,12.388,338.544,5.468,-3067,,4,6.277,143.194,3,91.135
2026-02-22T21:36:08.000Z,1771796168.000,32.638942833,-117.205803574,6.112,122.454,120.623,4.802,-8.265,-142.234,12.387,338.389,4.831,-3068,,4,6.112,142.252,3,91.251
2026-02-22T21:36:09.000Z,1771796169.000,32.638927461,-117.205775209,6.188,122.225,116.988,1.986,-8.517,-138.768,12.385,338.22,4.653,-3069,,4,6.187,141.516,3,91.112
2026-02-22T21:36:10.000Z,1771796170.000,32.638911992,-117.20574618,6.4,124.182,117.465,1.556,-8.281,-139.339,12.383,338.126,4.855,-3070,,4,6.397,141.072,3,90.618
2026-02-22T21:36:11.000Z,1771796171.000,32.638896112,-117.205717612,6.3,123.169,118.63,0.61,-8.775,-140.409,12.382,338.222,4.855,-3071,,4,6.299,140.747,3,90.139
2026-02-22T21:36:12.000Z,1771796172.000,32.638879534,-117.20568794,6.311,124.99,120.172,0.744,-8.776,-141.836,12.38,338.336,4.962,-3072,,4,6.305,140.442,3,89.601
2026-02-22T21:36:13.000Z,1771796173.000,32.638862701,-117.205660162,6.113,127.261,122.941,0.881,-8.373,-144.48,12.378,338.461,4.975,-3073,,4,6.091,140.374,3,89.399
2026-02-22T21:36:14.000Z,1771796174.000,32.638846171,-117.205632462,6.2,126.088,123.176,-1.463,-9.052,-144.636,12.377,338.54,5.056,-3074,,4,6.187,140.083,3,89.313
2026-02-22T21:36:15.000Z,1771796175.000,32.638829702,-117.205604651,6.132,124.802,120.765,2.059,-8.586,-142.242,12.375,338.523,4.848,-3075,,4,6.127,139.568,3,89.372
2026-02-22T21:36:16.000Z,1771796176.000,32.638814261,-117.205575246,6.264,120.603,119.462,3.471,-8.258,-140.956,12.373,338.506,4.865,-3076,,4,6.261,138.958,3,89.37
2026-02-22T21:36:17.000Z,1771796177.000,32.63880104,-117.20554652,5.9,114.42,119.794,1.377,-8.406,-141.275,12.372,338.519,4.603,-3077,,4,5.843,138.333,3,89.617
2026-02-22T21:36:18.000Z,1771796178.000,32.638787961,-117.205519396,5.539,120.423,119.177,3.124,-7.892,-140.455,12.37,338.722,4.271,-3078,,4,5.535,137.72,3,90.006
2026-02-22T21:36:19.000Z,1771796179.000,32.638774976,-117.205494361,5.245,123.035,120.091,0.161,-8.104,-141.073,12.368,339.018,4.08,-3079,,4,5.245,137.348,3,90.509
2026-02-22T21:36:20.000Z,1771796180.000,32.638760417,-117.205470081,5.4,128.2,121.999,-2.253,-9.117,-142.735,12.367,339.264,4.297,-3080,,4,5.372,137.234,3,90.914
2026-02-22T21:36:21.000Z,1771796181.000,32.638744413,-117.20544663,5.828,130.09,122.204,-0.092,-9.59,-142.723,12.365,339.481,4.638,-3081,,4,5.775,137.157,3,91.334
2026-02-22T21:36:22.000Z,1771796182.000,32.638727329,-117.205420739,6.174,126.913,120.661,1.237,-8.5,-140.872,12.363,339.79,4.789,-3082,,4,6.154,136.881,3,91.66
2026-02-22T21:36:23.000Z,1771796183.000,32.638709553,-117.205393344,6.5,125.837,121.262,1.358,-8.985,-141.166,12.362,340.097,5.063,-3083,,4,6.488,136.742,3,91.84
2026-02-22T21:36:24.000Z,1771796184.000,32.638691877,-117.205364039,6.389,125.522,122.257,0.398,-8.947,-142.026,12.36,340.231,5.036,-3084,,4,6.379,136.51,3,91.662
2026-02-22T21:36:25.000Z,1771796185.000,32.638674847,-117.205334824,6.475,123.262,124.334,-0.856,-8.951,-144.123,12.358,340.211,5.247,-3085,,4,6.474,136.316,3,91.402
2026-02-22T21:36:26.000Z,1771796186.000,32.63865816,-117.205307001,6.2,126.411,127.884,-0.042,-8.165,-147.683,12.357,340.201,5.239,-3086,,4,6.184,136.298,3,91.18
2026-02-22T21:36:27.000Z,1771796187.000,32.638642556,-117.205281061,5.661,124.963,130.817,-1.849,-7.928,-150.276,12.355,340.541,4.915,-3087,,4,5.654,136.256,3,91.268
2026-02-22T21:36:28.000Z,1771796188.000,32.63862694,-117.205256233,5.334,127.611,130.393,-2.873,-8.817,-149.655,12.353,340.738,4.603,-3088,,4,5.31,136.011,3,91.401
2026-02-22T21:36:29.000Z,1771796189.000,32.638611123,-117.20523214,5.751,130.844,123.619,-0.575,-9.349,-142.7,12.352,340.919,4.572,-3089,,4,5.686,135.315,3,91.822
2026-02-22T21:36:30.000Z,1771796190.000,32.638594261,-117.205206202,6.147,127.72,120.804,0.57,-9.336,-139.841,12.35,340.963,4.697,-3090,,4,6.118,134.915,3,92.291
2026-02-22T21:36:31.000Z,1771796191.000,32.638577156,-117.205178009,6.639,126.143,123.996,-2.025,-8.425,-143.21,12.348,340.786,5.318,-3091,,4,6.623,134.879,3,92.644
2026-02-22T21:36:32.000Z,1771796192.000,32.638557522,-117.205150282,6.511,131.377,129.954,-1.531,-8.624,-149.321,12.347,340.633,5.599,-3092,,4,6.427,135.31,3,92.715
2026-02-22T21:36:33.000Z,1771796193.000,32.638538905,-117.20512561,5.849,130.896,129.968,0.541,-8.859,-149.375,12.345,340.592,5.033,-3093,,4,5.78,135.362,3,92.965
2026-02-22T21:36:34.000Z,1771796194.000,32.638523299,-117.205101885,5.34,125.686,128.224,-1.9,-9.067,-147.419,12.343,340.805,4.5,-3094,,4,5.329,135.076,3,93.36
2026-02-22T21:36:35.000Z,1771796195.000,32.638509354,-117.205078491,5.316,121.436,122.877,0.685,-8.782,-141.578,12.342,341.299,4.164,-3095,,4,5.315,134.382,3,93.876
2026-02-22T21:36:36.000Z,1771796196.000,32.638495259,-117.205053224,5.576,121.346,116.454,1.657,-9.282,-134.91,12.34,341.545,3.935,-3096,,4,5.575,133.505,3,94.182
2026-02-22T21:36:37.000Z,1771796197.000,32.638480373,-117.205027084,6.138,124.714,116.831,-1.915,-8.569,-135.091,12.338,341.74,4.348,-3097,,4,6.131,133.182,3,94.162
2026-02-22T21:36:38.000Z,1771796198.000,32.638463403,-117.204998774,6.386,125.062,120.891,-4.1,-8.851,-139.1,12.337,341.791,4.827,-3098,,4,6.378,133.194,3,93.718
2026-02-22T21:36:39.000Z,1771796199.000,32.638445469,-117.204969596,6.46,127.61,125.18,-1.698,-9.335,-143.601,12.335,341.579,5.197,-3099,,4,6.43,133.256,3,92.965
2026-02-22T21:36:40.000Z,1771796200.000,32.638427673,-117.204940869,6.311,126.577,127.213,0.318,-7.902,-145.947,12.333,341.266,5.229,-3100,,4,6.292,133.153,3,92.526
2026-02-22T21:36:41.000Z,1771796201.000,32.638412048,-117.204914472,5.65,124.35,124.504,1.692,-9.059,-143.477,12.332,341.027,4.541,-3101,,4,5.645,132.628,3,92.592
2026-02-22T21:36:42.000Z,1771796202.000,32.638398101,-117.204890545,5.316,124.738,120.553,0.882,-8.521,-139.709,12.33,340.844,4.055,-3102,,4,5.31,132.015,3,93.102
2026-02-22T21:36:43.000Z,1771796203.000,32.638383628,-117.204866135,5.625,126.27,123.636,-3.829,-9.408,-142.899,12.328,340.737,4.488,-3103,,4,5.609,131.981,3,93.225
2026-02-22T21:36:44.000Z,1771796204.000,32.638366254,-117.204840925,6.065,131.318,128.372,-7.34,-9.207,-147.726,12.327,340.646,5.128,-3104,,4,5.985,132.277,3,93.006
2026-02-22T21:36:45.000Z,1771796205.000,32.638346538,-117.204816053,6.476,134.179,130.233,0.194,-9.28,-149.555,12.325,340.677,5.583,-3105,,4,6.328,132.559,3,92.681
2026-02-22T21:36:46.000Z,1771796206.000,32.638327763,-117.204790192,6.2,129.419,130.411,0.377,-8.262,-149.537,12.323,340.874,5.344,-3106,,4,6.146,132.565,3,92.532
2026-02-22T21:36:47.000Z,1771796207.000,32.638310135,-117.204764142,5.876,129,128.924,0.137,-8.95,-147.951,12.322,340.973,4.981,-3107,,4,5.83,132.328,3,92.593
2026-02-22T21:36:48.000Z,1771796208.000,32.638293428,-117.204738479,5.788,126.541,125.493,2.666,-8.771,-144.581,12.32,340.911,4.716,-3108,,4,5.769,131.88,3,93.016
2026-02-22T21:36:49.000Z,1771796209.000,32.638277566,-117.204712451,5.888,123.076,122.806,4.506,-8.559,-142.05,12.318,340.755,4.643,-3109,,4,5.886,131.4,3,93.478
2026-02-22T21:36:50.000Z,1771796210.000,32.638262466,-117.204685517,6.154,120.931,121.985,2.94,-8.906,-141.432,12.317,340.554,4.812,-3110,,4,6.153,130.95,3,93.862
2026-02-22T21:36:51.000Z,1771796211.000,32.638246528,-117.204658477,5.985,122.64,124.64,1.917,-7.91,-144.146,12.315,340.495,4.851,-3111,,4,5.984,130.845,3,93.77
2026-02-22T21:36:52.000Z,1771796212.000,32.638229137,-117.204632074,6.012,129.117,128.424,3.139,-8.468,-147.896,12.313,340.528,5.092,-3112,,4,5.963,130.992,3,93.476
2026-02-22T21:36:53.000Z,1771796213.000,32.638212281,-117.204607177,5.725,128.062,130.224,-0.948,-9.004,-149.694,12.312,340.53,4.943,-3113,,4,5.691,131.028,3,93.208
2026-02-22T21:36:54.000Z,1771796214.000,32.638196528,-117.204583396,5.515,125.704,127.385,1.549,-8.235,-147.225,12.31,340.16,4.637,-3114,,4,5.502,130.662,3,93.244
2026-02-22T21:36:55.000Z,1771796215.000,32.638180733,-117.204559071,5.6,125.117,124.397,3.578,-8.463,-144.673,12.308,339.724,4.569,-3115,,4,5.59,130.256,3,93.339
2026-02-22T21:36:56.000Z,1771796216.000,32.638165698,-117.204534332,5.624,124.704,124.013,0.603,-9.484,-144.732,12.307,339.281,4.591,-3116,,4,5.616,129.971,3,93.693
2026-02-22T21:36:57.000Z,1771796217.000,32.638149546,-117.204507714,6.25,124.414,119.695,2.759,-8.474,-140.831,12.305,338.864,4.844,-3117,,4,6.243,129.35,3,93.924
2026-02-22T21:36:58.000Z,1771796218.000,32.638133601,-117.204479506,6.37,122.825,118.508,3.075,-8.344,-139.958,12.303,338.55,4.876,-3118,,4,6.369,128.865,3,93.99
2026-02-22T21:36:59.000Z,1771796219.000,32.638117677,-117.204450097,6.145,122.634,119.854,3.266,-7.868,-141.419,12.302,338.435,4.803,-3119,,4,6.144,128.506,3,93.495
2026-02-22T21:37:00.000Z,1771796220.000,32.638101932,-117.204422724,6.012,123.76,121.44,1.398,-8.287,-142.972,12.3,338.468,4.799,-3120,,4,6.008,128.276,3,93.036
2026-02-22T21:37:01.000Z,1771796221.000,32.638086759,-117.204396105,5.9,123.551,124.173,-4.237,-8.866,-145.675,12.298,338.498,4.872,-3121,,4,5.897,128.138,3,92.654
2026-02-22T21:37:02.000Z,1771796222.000,32.638069909,-117.204369679,5.931,126.185,124.541,-2.26,-8.322,-146.521,12.297,338.02,4.947,-3122,,4,5.912,127.963,3,92.643
2026-02-22T21:37:03.000Z,1771796223.000,32.638052043,-117.204340983,6.245,124.181,121.515,3.193,-7.808,-143.791,12.295,337.724,5.039,-3123,,4,6.239,127.461,3,92.715
2026-02-22T21:37:04.000Z,1771796224.000,32.638036345,-117.204312009,6.136,121.506,119.171,4.252,-6.854,-141.737,12.293,337.433,4.818,-3124,,4,6.136,126.815,3,92.916
2026-02-22T21:37:05.000Z,1771796225.000,32.638021748,-117.204284352,5.666,122.494,117.334,5.009,-8.654,-140.043,12.292,337.291,4.343,-3125,,4,5.665,126.2,3,93.117
2026-02-22T21:37:06.000Z,1771796226.000,32.638007813,-117.20425777,5.7,122.829,116.735,1.591,-8.099,-139.388,12.29,337.347,4.327,-3126,,4,5.699,125.693,3,93.372
2026-02-22T21:37:07.000Z,1771796227.000,32.637992971,-117.204231123,5.611,122.276,110.202,1.711,-8.693,-132.946,12.288,337.257,3.823,-3127,,4,5.611,124.801,3,93.448
2026-02-22T21:37:08.000Z,1771796228.000,32.637978422,-117.204203922,5.975,120.82,111.094,-1.923,-8.969,-133.98,12.287,337.114,4.15,-3128,,4,5.975,124.422,3,93.309
2026-02-22T21:37:09.000Z,1771796229.000,32.637962155,-117.204173972,6.687,125.3,116.726,-1.501,-9.274,-139.61,12.285,337.116,5.093,-3129,,4,6.674,124.389,3,92.886
2026-02-22T21:37:10.000Z,1771796230.000,32.637945858,-117.204143108,6.7,122.347,122.781,-1.619,-9.097,-145.624,12.283,337.158,5.529,-3130,,4,6.699,124.347,3,92.594
2026-02-22T21:37:11.000Z,1771796231.000,32.637929439,-117.204112623,6.322,121.732,119.695,5.538,-7.683,-142.481,12.282,337.214,5.014,-3131,,4,6.322,123.61,3,92.354
2026-02-22T21:37:12.000Z,1771796232.000,32.637916438,-117.204084848,5.449,116.784,117.236,3.85,-8.243,-140.035,12.28,337.201,4.177,-3132,,4,5.429,122.804,3,92.63
2026-02-22T21:37:13.000Z,1771796233.000,32.637904489,-117.204060265,5.153,120.624,112.796,1.812,-8.884,-135.82,12.278,336.976,3.696,-3133,,4,5.152,121.954,3,93.246
2026-02-22T21:37:14.000Z,1771796234.000,32.637892286,-117.204037033,5.069,122.215,113.079,-0.197,-8.863,-136.1,12.277,336.978,3.653,-3134,,4,5.069,121.576,3,93.769
2026-02-22T21:37:15.000Z,1771796235.000,32.63787804,-117.204012822,5.389,125.852,118.882,-5.325,-8.943,-141.871,12.275,337.011,4.239,-3135,,4,5.374,121.743,3,93.682
2026-02-22T21:37:16.000Z,1771796236.000,32.637861845,-117.203987974,6.275,128.177,117.747,3.671,-9.329,-140.893,12.273,336.854,4.869,-3136,,4,6.234,121.489,3,93.418
2026-02-22T21:37:17.000Z,1771796237.000,32.637846693,-117.203959326,6.359,118.539,112.596,4.394,-8.797,-136.127,12.272,336.47,4.583,-3137,,4,6.35,120.603,3,93.139
2026-02-22T21:37:18.000Z,1771796238.000,32.637832851,-117.203929581,6.24,117.94,112.773,3.144,-7.78,-136.611,12.27,336.161,4.535,-3138,,4,6.227,119.955,3,92.919
2026-02-22T21:37:19.000Z,1771796239.000,32.637819696,-117.203900571,5.611,118.361,116.791,2.075,-8.383,-140.859,12.268,335.933,4.351,-3139,,4,5.602,119.594,3,92.562
2026-02-22T21:37:20.000Z,1771796240.000,32.637807647,-117.203876094,4.912,118.549,113.632,3.564,-8.033,-138.144,12.267,335.488,3.659,-3140,,4,4.905,118.859,3,92.709
2026-02-22T21:37:21.000Z,1771796241.000,32.637796049,-117.203852178,5.187,118.055,110.603,1.846,-8.476,-135.414,12.265,335.189,3.693,-3141,,4,5.176,118.134,3,93.132
2026-02-22T21:37:22.000Z,1771796242.000,32.637783799,-117.203827013,5.639,119.291,109.626,-0.299,-8.314,-134.401,12.263,335.225,3.946,-3142,,4,5.633,117.545,3,93.547
2026-02-22T21:37:23.000Z,1771796243.000,32.637768527,-117.203799522,6.065,123.245,114.13,1.814,-8.257,-138.944,12.262,335.186,4.574,-3143,,4,6.063,117.488,3,93.409
2026-02-22T21:37:24.000Z,1771796244.000,32.637753874,-117.203771247,6,122.618,115.494,-2.102,-8.631,-140.506,12.26,334.987,4.63,-3144,,4,5.999,117.091,3,93.224
2026-02-22T21:37:25.000Z,1771796245.000,32.637739175,-117.203743024,6.114,122.9,110.923,5.941,-8.072,-136.456,12.258,334.467,4.431,-3145,,4,6.112,116.241,3,93.196
2026-02-22T21:37:26.000Z,1771796246.000,32.637727339,-117.203715006,5.769,113.892,108.124,4.538,-8.175,-134.201,12.257,333.922,4.021,-3146,,4,5.715,115.306,3,93.244
2026-02-22T21:37:27.000Z,1771796247.000,32.637716869,-117.203686348,5.435,113.461,106.964,0.457,-8.141,-133.385,12.255,333.579,3.733,-3147,,4,5.378,114.341,3,93.35
2026-02-22T21:37:28.000Z,1771796248.000,32.637705893,-117.203659553,5.639,114.174,105.613,-0.053,-9.277,-132.193,12.253,333.419,3.788,-3148,,4,5.589,113.52,3,93.417
2026-02-22T21:37:29.000Z,1771796249.000,32.637693759,-117.203632012,5.8,118.33,108.595,0.079,-8.363,-135.741,12.252,332.855,4.153,-3149,,4,5.789,113.072,3,93.427
2026-02-22T21:37:30.000Z,1771796250.000,32.637680249,-117.203602872,6.015,121.411,114.63,-1.402,-8.098,-142.439,12.25,332.191,4.766,-3150,,4,6.015,112.882,3,93.212
2026-02-22T21:37:31.000Z,1771796251.000,32.637665924,-117.203574679,5.8,121.062,116.521,1.015,-8.413,-144.713,12.248,331.808,4.734,-3151,,4,5.8,112.504,3,93.114
2026-02-22T21:37:32.000Z,1771796252.000,32.637652801,-117.203547789,5.525,121.537,112.314,3.065,-8.073,-140.925,12.247,331.389,4.289,-3152,,4,5.525,111.63,3,93.245
2026-02-22T21:37:33.000Z,1771796253.000,32.63763948,-117.203520308,5.941,118.045,109.648,0.721,-8.982,-138.738,12.245,330.91,4.465,-3153,,4,5.928,110.86,3,93.123
2026-02-22T21:37:34.000Z,1771796254.000,32.637625491,-117.203490619,6.224,118.482,111.095,-1.018,-8.816,-140.566,12.243,330.529,4.807,-3154,,4,6.214,110.325,3,92.566
2026-02-22T21:37:35.000Z,1771796255.000,32.637609025,-117.203458583,6.864,121.824,111.315,2.141,-7.933,-141.086,12.242,330.228,5.341,-3155,,4,6.864,109.76,3,91.963
2026-02-22T21:37:36.000Z,1771796256.000,32.637591938,-117.203425626,7.037,122.251,113.183,4.345,-8.785,-143.283,12.24,329.901,5.64,-3156,,4,7.037,109.318,3,91.477
2026-02-22T21:37:37.000Z,1771796257.000,32.637575616,-117.203393386,6.815,120.23,115.776,-0.637,-8.489,-146.053,12.238,329.723,5.652,-3157,,4,6.812,108.913,3,91.224
2026-02-22T21:37:38.000Z,1771796258.000,32.637560458,-117.203364052,5.943,121.217,114.649,2.236,-7.478,-144.903,12.237,329.747,4.863,-3158,,4,5.942,108.3,3,90.991
2026-02-22T21:37:39.000Z,1771796259.000,32.637547729,-117.203338682,5.259,119.6,108.149,5.832,-8.427,-138.299,12.235,329.85,3.928,-3159,,4,5.255,107.317,3,91.123
2026-02-22T21:37:40.000Z,1771796260.000,32.63753745,-117.203312155,5.313,113.105,99.525,2.825,-9.565,-129.624,12.233,329.901,3.388,-3160,,4,5.25,105.931,3,91.387
2026-02-22T21:37:41.000Z,1771796261.000,32.637527405,-117.203283606,5.838,114.777,95.718,-0.863,-9.264,-125.902,12.232,329.816,3.424,-3161,,4,5.791,104.765,3,91.471
2026-02-22T21:37:42.000Z,1771796262.000,32.637514621,-117.203250614,6.59,115.166,100.851,-0.658,-9.319,-131.118,12.23,329.733,4.333,-3162,,4,6.542,104.167,3,90.682
2026-02-22T21:37:43.000Z,1771796263.000,32.63749961,-117.203218939,6.8,119.724,108.832,2.198,-8.452,-139.108,12.228,329.724,5.138,-3163,,4,6.795,104.066,3,89.8
2026-02-22T21:37:44.000Z,1771796264.000,32.637484649,-117.203187549,6.551,121.115,114.244,-0.124,-7.644,-144.58,12.227,329.664,5.339,-3164,,4,6.551,103.811,3,89.113
2026-02-22T21:37:45.000Z,1771796265.000,32.63747085,-117.203159634,5.659,119.219,107.695,5.781,-7.609,-138.1,12.225,329.595,4.213,-3165,,4,5.653,102.76,3,89.361
2026-02-22T21:37:46.000Z,1771796266.000,32.637459964,-117.203132063,5.311,114.194,99.265,4.705,-8.709,-129.758,12.223,329.507,3.397,-3166,,4,5.26,101.377,3,89.984
2026-02-22T21:37:47.000Z,1771796267.000,32.637449805,-117.203105194,5.5,114.548,95.406,0.055,-8.215,-125.9,12.222,329.506,3.225,-3167,,4,5.452,100.321,3,90.454
2026-02-22T21:37:48.000Z,1771796268.000,32.637437919,-117.203076137,6.074,116.121,95.673,-1.579,-8.775,-126.194,12.22,329.479,3.586,-3168,,4,6.04,99.555,3,90.096
2026-02-22T21:37:49.000Z,1771796269.000,32.63742391,-117.203044763,6.67,119.685,95.32,3.386,-8.922,-125.762,12.218,329.558,3.898,-3169,,4,6.663,98.785,3,89.283
2026-02-22T21:37:50.000Z,1771796270.000,32.637409773,-117.203010444,6.811,118.781,97.635,1.843,-8.391,-127.895,12.217,329.74,4.183,-3170,,4,6.799,98.022,3,88.174
2026-02-22T21:37:51.000Z,1771796271.000,32.6373956,-117.2029777,6.613,118.837,103.352,1.808,-7.762,-133.516,12.215,329.837,4.552,-3171,,4,6.601,97.605,3,87.314
2026-02-22T21:37:52.000Z,1771796272.000,32.637381773,-117.202947154,6.152,120.2,105.603,0.183,-8.306,-135.628,12.213,329.975,4.398,-3172,,4,6.148,97.056,3,86.994
2026-02-22T21:37:53.000Z,1771796273.000,32.637368968,-117.202918398,5.931,118.146,101.956,2.261,-8.874,-131.879,12.212,330.077,3.959,-3173,,4,5.915,96.105,3,87.406
2026-02-22T21:37:54.000Z,1771796274.000,32.637356171,-117.202888322,6.078,114.562,95.952,2.28,-8.622,-125.882,12.21,330.07,3.562,-3174,,4,6.022,94.923,3,87.703
2026-02-22T21:37:55.000Z,1771796275.000,32.637343952,-117.202856388,6.588,113.961,93.379,4.981,-8.139,-123.331,12.208,330.047,3.62,-3175,,4,6.517,93.822,3,87.576
2026-02-22T21:37:56.000Z,1771796276.000,32.6373318,-117.202821522,7,113.533,95.191,0.881,-8.871,-125.104,12.207,330.087,4.025,-3176,,4,6.916,92.822,3,87.011
2026-02-22T21:37:57.000Z,1771796277.000,32.637318196,-117.202786178,7.3,114.604,99.964,4.332,-8.233,-129.726,12.205,330.238,4.664,-3177,,4,7.232,92.121,3,86.35
2026-02-22T21:37:58.000Z,1771796278.000,32.637305061,-117.20275164,6.166,114.566,102.597,2.202,-7.942,-132.476,12.203,330.121,4.164,-3178,,4,6.107,91.291,3,85.956
2026-02-22T21:37:59.000Z,1771796279.000,32.637294351,-117.202721129,5.725,112.11,99.869,0.335,-8.188,-129.734,12.202,330.135,3.66,-3179,,4,5.63,90.128,3,86.113
2026-02-22T21:38:00.000Z,1771796280.000,32.637283576,-117.202692694,5.365,112.899,93.568,3.817,-8.083,-123.379,12.2,330.19,2.954,-3180,,4,5.288,88.867,3,86.56
2026-02-22T21:38:01.000Z,1771796281.000,32.637272995,-117.202663806,5.9,113.23,89.845,0.194,-8.614,-119.639,12.198,330.205,2.918,-3181,,4,5.82,87.749,3,86.693
2026-02-22T21:38:02.000Z,1771796282.000,32.637261541,-117.202632821,6.1,113.312,90.536,0.034,-8.216,-120.506,12.197,330.03,3.097,-3182,,4,6.018,86.854,3,86.262
2026-02-22T21:38:03.000Z,1771796283.000,32.637249648,-117.202601046,6.288,113.949,88.615,4.187,-8.876,-118.787,12.195,329.828,3.027,-3183,,4,6.213,85.787,3,85.999
2026-02-22T21:38:04.000Z,1771796284.000,32.63723841,-117.202567288,6.761,110.207,85.755,3.479,-8.602,-116,12.193,329.755,2.963,-3184,,4,6.596,84.493,3,85.876
2026-02-22T21:38:05.000Z,1771796285.000,32.637227874,-117.202530923,7.115,107.915,84.778,1.933,-9.004,-114.964,12.192,329.815,3.003,-3185,,4,6.871,83.092,3,85.569
2026-02-22T21:38:06.000Z,1771796286.000,32.637217373,-117.202493406,7,108.011,88.29,4.357,-8.207,-118.328,12.19,329.963,3.321,-3186,,4,6.761,81.877,3,84.578
2026-02-22T21:38:07.000Z,1771796287.000,32.637207241,-117.202459709,6.325,112.164,94.382,-0.418,-8.299,-124.228,12.188,330.154,3.556,-3187,,4,6.21,81.042,3,83.601
2026-02-22T21:38:08.000Z,1771796288.000,32.637196719,-117.202428811,5.94,112.907,94.636,-0.587,-8.293,-124.252,12.187,330.384,3.344,-3188,,4,5.846,80.048,3,83.187
2026-02-22T21:38:09.000Z,1771796289.000,32.637184951,-117.202400078,5.815,117.771,93.244,1.332,-9.011,-122.642,12.185,330.603,3.137,-3189,,4,5.79,79.184,3,83.103
2026-02-22T21:38:10.000Z,1771796290.000,32.637172496,-117.202369822,6.166,115.611,90.909,0.39,-9.048,-120.183,12.183,330.725,3.099,-3190,,4,6.111,78.227,3,83.075
2026-02-22T21:38:11.000Z,1771796291.000,32.63715905,-117.2023378,6.763,115.375,89.823,1.327,-8.907,-118.947,12.182,330.877,3.273,-3191,,4,6.698,77.325,3,82.734
2026-02-22T21:38:12.000Z,1771796292.000,32.637145344,-117.202302706,7.247,115.427,91.607,2.305,-8.626,-120.617,12.18,330.99,3.691,-3192,,4,7.178,76.435,3,82.042
2026-02-22T21:38:13.000Z,1771796293.000,32.637132179,-117.202266073,7.23,113.805,93.863,3.22,-8.553,-122.886,12.178,330.977,3.925,-3193,,4,7.13,75.438,3,81.094
2026-02-22T21:38:14.000Z,1771796294.000,32.637119353,-117.202230369,6.658,116.791,98.958,3.226,-8.323,-127.924,12.177,331.034,4.089,-3194,,4,6.614,74.666,3,80.065
2026-02-22T21:38:15.000Z,1771796295.000,32.637107117,-117.202199336,6.124,114.27,103.018,0.982,-7.776,-131.764,12.175,331.254,4.078,-3195,,4,6.047,74.076,3,79.385
2026-02-22T21:38:16.000Z,1771796296.000,32.63709548,-117.202173342,5.246,118.86,101.149,-0.696,-7.898,-129.609,12.173,331.54,3.345,-3196,,4,5.229,73.327,3,79.403
2026-02-22T21:38:17.000Z,1771796297.000,32.637082981,-117.202148597,5.179,125.102,94.423,1.946,-9.127,-122.715,12.172,331.708,2.798,-3197,,4,5.177,72.402,3,79.728
2026-02-22T21:38:18.000Z,1771796298.000,32.63707001,-117.202122309,5.918,121.636,92.944,-0.406,-9.087,-121.105,12.17,331.839,3.057,-3198,,4,5.915,71.784,3,80.046
2026-02-22T21:38:19.000Z,1771796299.000,32.637054413,-117.202091875,6.663,121.638,95.352,1.165,-8.024,-123.504,12.168,331.848,3.678,-3199,,4,6.659,71.384,3,79.972
2026-02-22T21:38:20.000Z,1771796300.000,32.637038501,-117.202057391,7.115,117.134,98.917,3.706,-8.322,-127.086,12.167,331.831,4.29,-3200,,4,7.071,70.846,3,79.702
2026-02-22T21:38:21.000Z,1771796301.000,32.637023263,-117.202023051,6.916,118.26,101.079,5.328,-8.277,-129.09,12.165,331.989,4.36,-3201,,4,6.886,70.171,3,79.347
2026-02-22T21:38:22.000Z,1771796302.000,32.637010394,-117.201989803,6.236,112.178,98.143,5.475,-7.79,-125.972,12.163,332.171,3.664,-3202,,4,6.112,69.009,3,79.138
2026-02-22T21:38:23.000Z,1771796303.000,32.636999912,-117.201959786,5.625,109.433,94.565,2.949,-7.868,-121.941,12.162,332.623,2.977,-3203,,4,5.451,67.81,3,79.002
2026-02-22T21:38:24.000Z,1771796304.000,32.636989712,-117.201931066,5.685,113.904,92.642,1.508,-8.668,-119.426,12.16,333.215,2.793,-3204,,4,5.6,66.781,3,79.016
2026-02-22T21:38:25.000Z,1771796305.000,32.636978241,-117.201901296,5.989,115.72,90.098,-1.214,-9.605,-116.728,12.158,333.371,2.694,-3205,,4,5.929,65.759,3,79.123
2026-02-22T21:38:26.000Z,1771796306.000,32.636965878,-117.201870551,6.388,116.248,90.039,-0.552,-9.133,-116.59,12.157,333.448,2.859,-3206,,4,6.33,64.909,3,79.454
2026-02-22T21:38:27.000Z,1771796307.000,32.636952182,-117.201836944,7.135,114.934,90.96,2.083,-8.657,-117.413,12.155,333.547,3.286,-3207,,4,7.047,64.055,3,79.659
2026-02-22T21:38:28.000Z,1771796308.000,32.636938278,-117.201802395,7.185,115.954,93.832,2.165,-8.625,-120.234,12.153,333.598,3.618,-3208,,4,7.114,63.286,3,79.744
2026-02-22T21:38:29.000Z,1771796309.000,32.636924705,-117.201767215,6.711,115.268,95.423,-0.599,-9.177,-121.888,12.152,333.535,3.545,-3209,,4,6.632,62.373,3,79.624
2026-02-22T21:38:30.000Z,1771796310.000,32.636911451,-117.201735432,6.259,114.828,94.496,4.852,-7.754,-121.046,12.15,333.449,3.228,-3210,,4,6.177,61.476,3,79.924
2026-02-22T21:38:31.000Z,1771796311.000,32.636899197,-117.201705989,5.726,118.784,92.557,1.291,-9.003,-119.201,12.148,333.356,2.794,-3211,,4,5.7,60.575,3,80.504
2026-02-22T21:38:32.000Z,1771796312.000,32.636886504,-117.201678244,5.77,118.902,96.51,-1.276,-8.705,-123.169,12.147,333.342,3.157,-3212,,4,5.745,60.199,3,80.882
2026-02-22T21:38:33.000Z,1771796313.000,32.636872635,-117.201649524,5.957,120.993,101.174,-4.378,-9.332,-127.742,12.145,333.432,3.647,-3213,,4,5.948,59.922,3,80.854
2026-02-22T21:38:34.000Z,1771796314.000,32.636857994,-117.20162094,6.252,121.262,98.124,4.286,-8.347,-124.61,12.143,333.514,3.55,-3214,,4,6.244,59.187,3,80.916
2026-02-22T21:38:35.000Z,1771796315.000,32.636844869,-117.201590095,6.447,115.937,96.969,1.95,-7.848,-123.491,12.142,333.477,3.556,-3215,,4,6.379,58.319,3,80.734
2026-02-22T21:38:36.000Z,1771796316.000,32.636831735,-117.201559912,6.215,115.427,97.51,4.312,-8.444,-124.2,12.14,333.31,3.493,-3216,,4,6.14,57.608,3,80.64
2026-02-22T21:38:37.000Z,1771796317.000,32.636819295,-117.201530331,5.7,120.52,97.167,2.042,-8.25,-123.977,12.138,333.189,3.186,-3217,,4,5.687,56.816,3,80.626
2026-02-22T21:38:38.000Z,1771796318.000,32.636806549,-117.201503708,5.461,118.323,94.358,2.637,-8.391,-121.262,12.137,333.096,2.835,-3218,,4,5.431,56.067,3,80.958
2026-02-22T21:38:39.000Z,1771796319.000,32.636794205,-117.201475914,5.962,116.889,93.036,0.493,-8.583,-119.862,12.135,333.174,2.968,-3219,,4,5.91,55.314,3,81.203
2026-02-22T21:38:40.000Z,1771796320.000,32.636782387,-117.201445931,6.1,114.305,92.895,-3.398,-9.016,-119.705,12.133,333.19,3.023,-3220,,4,6.003,54.459,3,81.325
2026-02-22T21:38:41.000Z,1771796321.000,32.636770385,-117.201413,6.433,114.336,87.751,4.758,-7.154,-114.524,12.132,333.227,2.671,-3221,,4,6.33,53.131,3,81.317
2026-02-22T21:38:42.000Z,1771796322.000,32.636760236,-117.201380155,6.248,108.126,85.394,5.296,-8.468,-112.027,12.13,333.366,2.344,-3222,,4,5.987,51.832,3,81.253
2026-02-22T21:38:43.000Z,1771796323.000,32.63675009,-117.201347723,6.313,112.326,85.833,-1.497,-7.719,-112.457,12.128,333.376,2.411,-3223,,4,6.163,50.72,3,81.175
2026-02-22T21:38:44.000Z,1771796324.000,32.636737621,-117.201314877,6.7,116.1,92.054,-1.717,-9.225,-118.779,12.127,333.274,3.225,-3224,,4,6.622,50.129,3,80.775
2026-02-22T21:38:45.000Z,1771796325.000,32.636724584,-117.201280079,6.978,111.95,92.805,-1.313,-9.858,-119.544,12.125,333.261,3.441,-3225,,4,6.8,49.137,3,80.479
2026-02-22T21:38:46.000Z,1771796326.000,32.636711664,-117.201245809,6.988,113.512,92.156,0.47,-8.537,-118.991,12.123,333.165,3.387,-3226,,4,6.847,48.079,3,80.281
2026-02-22T21:38:47.000Z,1771796327.000,32.636698229,-117.201211623,6.941,115.436,93.009,2.295,-8.244,-119.991,12.122,333.018,3.47,-3227,,4,6.843,47.165,3,80.115
2026-02-22T21:38:48.000Z,1771796328.000,32.636684536,-117.201177297,7,115.235,90.617,4.237,-8.85,-117.847,12.12,332.77,3.27,-3228,,4,6.895,46.06,3,79.733
2026-02-22T21:38:49.000Z,1771796329.000,32.636670663,-117.201142036,6.911,117.847,92.867,1.227,-9.06,-120.034,12.118,332.833,3.458,-3229,-976.974,4,6.853,45.204,3,78.777
2026-02-22T21:38:50.000Z,1771796330.000,32.63665641,-117.20110794,7.063,116.926,99.012,-4.774,-9.368,-125.999,12.117,333.013,4.152,-3230,-973.21,4,6.988,44.719,3,77.874
2026-02-22T21:38:51.000Z,1771796331.000,32.636640238,-117.20107524,6.914,120.263,103.439,-3.124,-9.376,-130.306,12.115,333.133,4.472,-3231,-969.534,4,6.887,44.383,3,77.546
2026-02-22T21:38:52.000Z,1771796332.000,32.636623983,-117.20104509,6.415,121.438,102.52,1.105,-8.556,-129.461,12.113,333.059,4.077,-3232,-966.206,4,6.401,43.833,3,77.926
2026-02-22T21:38:53.000Z,1771796333.000,32.636609097,-117.201015671,6,120.734,98.852,3.186,-7.759,-126.032,12.112,332.82,3.529,-3233,-963.099,4,5.98,43.023,3,78.368
2026-02-22T21:38:54.000Z,1771796334.000,32.636596087,-117.200986896,5.975,118.371,94.943,4.085,-8.736,-122.401,12.11,332.543,3.202,-3234,-960.176,4,5.93,42.088,3,78.668
2026-02-22T21:38:55.000Z,1771796335.000,32.636584101,-117.200958622,5.773,117.407,93.514,0.327,-9.439,-121.462,12.108,332.053,3.014,-3235,-957.275,4,5.716,41.268,3,78.712
2026-02-22T21:38:56.000Z,1771796336.000,32.636571704,-117.200929281,6.07,117.572,90.963,2.719,-8.202,-119.09,12.107,331.873,2.95,-3236,-954.313,4,6.01,40.348,3,78.576
2026-02-22T21:38:57.000Z,1771796337.000,32.636558753,-117.200897845,6.311,116.138,90.004,5.01,-8.854,-118.097,12.105,331.906,2.973,-3237,-951.091,4,6.224,39.448,3,78.322
2026-02-22T21:38:58.000Z,1771796338.000,32.636546072,-117.200865467,6.688,112.261,91.532,-0.401,-9.006,-119.641,12.103,331.891,3.307,-3238,-947.705,4,6.503,38.623,3,78.222
2026-02-22T21:38:59.000Z,1771796339.000,32.636532836,-117.200832953,6.5,118.692,94.993,0.101,-8.989,-123.265,12.102,331.728,3.565,-3239,-944.208,4,6.45,37.963,3,78.263
2026-02-22T21:39:00.000Z,1771796340.000,32.636517505,-117.20080219,6.545,123.553,98.953,-0.735,-9.437,-127.568,12.1,331.385,3.987,-3240,-940.729,4,6.54,37.631,3,78.214
2026-02-22T21:39:01.000Z,1771796341.000,32.636501115,-117.200772215,6.477,122.49,101.36,0.85,-8.978,-130.311,12.098,331.049,4.19,-3241,-937.311,4,6.466,37.336,3,77.919
2026-02-22T21:39:02.000Z,1771796342.000,32.636486098,-117.200743347,6.312,121.806,102.579,-1.271,-8.178,-132.093,12.097,330.486,4.231,-3242,-934.101,4,6.297,36.914,3,77.635
2026-02-22T21:39:03.000Z,1771796343.000,32.636471883,-117.200716925,5.66,122.584,103.637,4.029,-8.17,-133.686,12.095,329.95,3.909,-3243,-931.139,4,5.651,36.563,3,77.579
2026-02-22T21:39:04.000Z,1771796344.000,32.636459988,-117.200691639,5.3,112.819,98.945,1.537,-8.298,-129.505,12.093,329.44,3.371,-3244,-928.561,4,5.162,35.682,3,77.778
2026-02-22T21:39:05.000Z,1771796345.000,32.636448382,-117.200667176,5.088,122.03,88.155,7.237,-7.826,-118.943,12.092,329.212,2.461,-3245,-926.343,4,5.076,34.462,3,78.299
2026-02-22T21:39:06.000Z,1771796346.000,32.636437183,-117.200641372,5.702,113.307,83.887,2.784,-9.567,-114.867,12.09,329.02,2.397,-3246,-923.831,4,5.559,33.574,3,78.628
2026-02-22T21:39:07.000Z,1771796347.000,32.636424738,-117.200610474,7.058,112.792,85.576,-1.971,-9.463,-116.682,12.088,328.894,3.173,-3247,-920.56,4,6.865,32.819,3,78.438
2026-02-22T21:39:08.000Z,1771796348.000,32.636410743,-117.200574532,7.4,116.217,91.814,-2.679,-8.72,-123.066,12.087,328.749,4.036,-3248,-916.603,4,7.286,32.165,3,77.555
2026-02-22T21:39:09.000Z,1771796349.000,32.636394914,-117.200537284,7.003,119.78,97.956,2.629,-9.131,-129.452,12.085,328.505,4.446,-3249,-912.486,4,6.957,31.613,3,76.514
2026-02-22T21:39:10.000Z,1771796350.000,32.636380514,-117.200503777,6.64,114.797,98.001,2.458,-7.596,-129.723,12.083,328.278,4.244,-3250,-908.972,4,6.505,30.77,3,76.196
2026-02-22T21:39:11.000Z,1771796351.000,32.636368262,-117.200475167,5.733,114.579,95.088,4.725,-8.404,-127.33,12.082,327.758,3.477,-3251,-906.076,4,5.609,29.85,3,76.628
2026-02-22T21:39:12.000Z,1771796352.000,32.636356564,-117.200448656,5.288,117.35,92.372,1.602,-9.098,-124.942,12.08,327.43,3.029,-3252,-903.382,4,5.219,29.031,3,77.254
2026-02-22T21:39:13.000Z,1771796353.000,32.636346278,-117.200421712,5.561,116.044,90.051,-1.86,-8.708,-122.641,12.078,327.41,2.998,-3253,-900.728,4,5.465,28.098,3,77.637
2026-02-22T21:39:14.000Z,1771796354.000,32.63633508,-117.200392698,5.927,115.272,87.995,2.016,-8.226,-120.296,12.077,327.699,2.99,-3254,-897.85,4,5.807,27.134,3,77.618
2026-02-22T21:39:15.000Z,1771796355.000,32.63632313,-117.200362817,6.318,114.878,90.341,2.811,-9.397,-122.337,12.075,328.004,3.382,-3255,-894.669,4,6.18,26.448,3,77.333
2026-02-22T21:39:16.000Z,1771796356.000,32.636310077,-117.200330978,6.388,115.097,94.011,-4.303,-8.46,-126.019,12.073,327.993,3.757,-3256,-891.222,4,6.252,25.823,3,77.058
2026-02-22T21:39:17.000Z,1771796357.000,32.636295256,-117.20030057,6.414,121.734,96.335,1.521,-8.788,-128.443,12.072,327.892,3.987,-3257,-887.849,4,6.387,25.357,3,76.784
2026-02-22T21:39:18.000Z,1771796358.000,32.636281199,-117.200270846,6.041,117.149,96.428,1.295,-8.611,-128.742,12.07,327.687,3.781,-3258,-884.656,4,5.951,24.721,3,76.659
2026-02-22T21:39:19.000Z,1771796359.000,32.63626849,-117.20024191,6.084,116.1,92.263,3.073,-8.207,-124.756,12.068,327.507,3.468,-3259,-881.762,4,5.971,23.742,3,77.03
2026-02-22T21:39:20.000Z,1771796360.000,32.636256434,-117.200211817,5.9,114.007,90.042,1.747,-8.861,-122.544,12.067,327.499,3.174,-3260,-878.749,4,5.742,22.771,3,77.555
2026-02-22T21:39:21.000Z,1771796361.000,32.636245403,-117.200181445,6.087,114.063,88.581,1.236,-9.264,-120.968,12.065,327.613,3.133,-3261,-875.746,4,5.922,21.746,3,77.98
2026-02-22T21:39:22.000Z,1771796362.000,32.636232858,-117.200149693,6.487,116.248,91.137,1.56,-8.747,-123.386,12.063,327.751,3.57,-3262,-872.373,4,6.362,21.009,3,77.719
2026-02-22T21:39:23.000Z,1771796363.000,32.636219349,-117.200119196,6.23,118.959,97.153,-1.241,-7.968,-129.116,12.062,328.037,3.93,-3263,-868.93,4,6.161,20.664,3,77.386
2026-02-22T21:39:24.000Z,1771796364.000,32.636204625,-117.200090444,5.933,122.972,98.706,1.207,-8.397,-130.329,12.06,328.376,3.84,-3264,-865.728,4,5.913,20.243,3,77.458
2026-02-22T21:39:25.000Z,1771796365.000,32.636191276,-117.200064188,5.636,118.62,98.477,0.504,-9.246,-129.695,12.058,328.781,3.6,-3265,-862.864,4,5.566,19.738,3,77.639
2026-02-22T21:39:26.000Z,1771796366.000,32.63617981,-117.200038249,5.3,116.076,94.539,-0.576,-9.07,-125.351,12.057,329.188,3.066,-3266,-860.261,4,5.19,18.847,3,78.015
2026-02-22T21:39:27.000Z,1771796367.000,32.636170207,-117.200012385,5.17,113.046,85.003,4.07,-8.038,-115.512,12.055,329.491,2.223,-3267,-858.046,4,4.995,17.487,3,78.57
2026-02-22T21:39:28.000Z,1771796368.000,32.636160764,-117.19998538,5.378,108.707,80.832,7.642,-7.435,-111.044,12.053,329.789,1.929,-3268,-855.55,4,5.072,16.397,3,78.731
2026-02-22T21:39:29.000Z,1771796369.000,32.636152345,-117.199955291,6.076,108.558,81.747,-0.341,-8.854,-111.552,12.052,330.195,2.232,-3269,-852.61,4,5.719,15.306,3,79.107
2026-02-22T21:39:30.000Z,1771796370.000,32.636141912,-117.199922275,6.487,112.608,86.583,-1.311,-8.917,-116.075,12.05,330.508,2.851,-3270,-849.13,4,6.241,14.426,3,79.082
2026-02-22T21:39:31.000Z,1771796371.000,32.636130759,-117.199889726,6.57,112.057,89.375,0.478,-7.776,-118.49,12.048,330.884,3.134,-3271,-845.758,4,6.299,13.532,3,79.514
2026-02-22T21:39:32.000Z,1771796372.000,32.636119041,-117.199857841,6.211,112.152,90.064,2.988,-8.328,-118.758,12.047,331.306,2.989,-3272,-842.501,4,5.954,12.603,3,79.622
2026-02-22T21:39:33.000Z,1771796373.000,32.636108179,-117.199828206,6.1,112.736,88.49,2.007,-7.568,-116.954,12.045,331.536,2.765,-3273,-839.572,4,5.86,11.602,3,79.594
2026-02-22T21:39:34.000Z,1771796374.000,32.636096489,-117.199798159,5.953,115.966,90.716,2.234,-9.198,-119.118,12.043,331.597,2.895,-3274,-836.399,4,5.8,10.877,3,79.09
2026-02-22T21:39:35.000Z,1771796375.000,32.636085267,-117.199768565,5.93,114.992,89.227,-0.579,-9.084,-117.498,12.042,331.73,2.738,-3275,-833.446,4,5.751,9.913,3,78.886
2026-02-22T21:39:36.000Z,1771796376.000,32.636073263,-117.199737212,6.278,117.315,88.144,0.808,-8.68,-115.798,12.04,332.346,2.732,-3276,-830.293,4,6.141,8.933,3,78.688
2026-02-22T21:39:37.000Z,1771796377.000,32.636059687,-117.199706665,6.287,118.462,91.937,3.005,-8.526,-119.179,12.038,332.758,3.065,-3277,-826.905,4,6.174,8.433,3,78.628
2026-02-22T21:39:38.000Z,1771796378.000,32.636046419,-117.199676101,6.2,117.579,95.004,-1.389,-8.338,-121.681,12.037,333.323,3.256,-3278,-823.577,4,6.067,7.87,3,78.938
2026-02-22T21:39:39.000Z,1771796379.000,32.636032908,-117.199647351,5.97,119.905,96.477,1.322,-8.462,-122.696,12.035,333.78,3.225,-3279,-820.444,4,5.886,7.34,3,79.361
2026-02-22T21:39:40.000Z,1771796380.000,32.636019772,-117.199619068,5.6,117.534,95.595,2.564,-8.866,-121.455,12.033,334.14,2.922,-3280,-817.454,4,5.475,6.65,3,79.886
2026-02-22T21:39:41.000Z,1771796381.000,32.636007836,-117.199592245,5.575,115.587,90.291,8.575,-7.093,-115.753,12.032,334.538,2.421,-3281,-814.824,4,5.404,5.668,3,80.868
2026-02-22T21:39:42.000Z,1771796382.000,32.635997144,-117.199565362,5.213,115.155,86.381,8.793,-7.708,-111.5,12.03,334.881,1.911,-3282,-812.23,4,5.039,4.684,3,81.68
2026-02-22T21:39:43.000Z,1771796383.000,32.635987012,-117.199536866,5.8,113.695,86.601,4.451,-8.845,-111.393,12.028,335.208,2.115,-3283,-809.356,4,5.562,3.8,3,82.005
2026-02-22T21:39:44.000Z,1771796384.000,32.635974752,-117.199506703,6.352,116.069,90.943,-0.699,-7.969,-115.563,12.027,335.379,2.743,-3284,-806.045,4,6.158,3.241,3,81.694
2026-02-22T21:39:45.000Z,1771796385.000,32.635959972,-117.199476083,6.775,119.865,95.374,0.726,-7.924,-120.021,12.025,335.353,3.39,-3285,-802.571,4,6.662,2.889,3,81.176
2026-02-22T21:39:46.000Z,1771796386.000,32.635943801,-117.199446242,6.815,119.75,98.436,2.032,-5.404,-123.307,12.023,335.129,3.742,-3286,-799.145,4,6.698,2.623,3,80.861
2026-02-22T21:39:47.000Z,1771796387.000,32.63592861,-117.199413524,6.885,117.752,97.183,2.289,-7.134,-122.064,12.022,335.119,3.655,-3287,-795.691,4,6.714,1.807,3,80.843
2026-02-22T21:39:48.000Z,1771796388.000,32.635914238,-117.199379927,6.548,119.645,95.845,7.425,-6.203,-120.769,12.02,335.076,3.351,-3288,-792.22,4,6.425,0.864,3,80.826
2026-02-22T21:39:49.000Z,1771796389.000,32.635902547,-117.199349155,6.113,111.358,90.808,10.016,-6.322,-115.868,12.018,334.939,2.667,-3289,-789.276,4,5.757,-0.365,3,81.282
2026-02-22T21:39:50.000Z,1771796390.000,32.635893322,-117.199320498,5.531,111.939,86.255,7.047,-4.943,-111.564,12.017,334.691,2.034,-3290,-786.654,4,5.219,-1.62,3,81.877
2026-02-22T21:39:51.000Z,1771796391.000,32.635882272,-117.199292151,5.84,115.225,86.298,1.545,-5.939,-111.843,12.015,334.454,2.173,-3291,-783.745,4,5.607,-2.429,3,82.207
2026-02-22T21:39:52.000Z,1771796392.000,32.635867423,-117.199261531,6.465,120.381,92.914,-0.693,-5.167,-118.723,12.013,334.191,3.108,-3292,-780.154,4,6.344,-2.656,3,81.685
2026-02-22T21:39:53.000Z,1771796393.000,32.635850402,-117.199229367,6.975,124.124,97.332,-2.713,-4.832,-123.23,12.012,334.102,3.823,-3293,-776.438,4,6.916,-2.909,3,81.073
2026-02-22T21:39:54.000Z,1771796394.000,32.63583159,-117.199198496,6.93,125.93,100.882,9.867,-4.259,-126.676,12.01,334.205,4.138,-3294,-772.772,4,6.897,-2.977,3,80.194
2026-02-22T21:39:55.000Z,1771796395.000,32.635815307,-117.199167113,6.561,116.829,103.027,1.496,-5.406,-128.862,12.008,334.164,4.117,-3295,-769.261,4,6.342,-3.382,3,79.591
2026-02-22T21:39:56.000Z,1771796396.000,32.635801225,-117.199136209,6.112,122.435,100.87,1.783,-3.379,-127.149,12.007,333.721,3.691,-3296,-766.034,4,6.029,-4.247,3,79.294
2026-02-22T21:39:57.000Z,1771796397.000,32.635786669,-117.199110138,5.425,122.14,92.79,15.675,-2.648,-119.192,12.005,333.598,2.647,-3297,-763.382,4,5.343,-5.165,3,79.803
2026-02-22T21:39:58.000Z,1771796398.000,32.635776554,-117.199083474,5.524,109.471,87.444,3.944,-5.019,-114.131,12.003,333.313,2.254,-3298,-760.89,4,5.088,-6.279,3,80.641
2026-02-22T21:39:59.000Z,1771796399.000,32.635766097,-117.199051214,6.557,114.744,83.876,1.113,-3.299,-110.5,12.002,333.377,2.296,-3299,-757.875,4,6.237,-7.584,3,80.846
2026-02-22T21:40:00.000Z,1771796400.000,32.635752526,-117.19901673,7.228,113.307,88.277,5.93,-4.334,-114.777,12,333.5,3.032,-3300,-754.127,4,6.809,-8.305,3,79.971
2026-02-22T21:40:01.000Z,1771796401.000,32.6357389,-117.198981175,7.187,114.513,91.084,2.982,-3.893,-117.508,11.998,333.577,3.319,-3301,-750.376,4,6.81,-9.17,3,78.811
2026-02-22T21:40:02.000Z,1771796402.000,32.635725441,-117.198946556,6.847,115.16,93.125,1.951,-4.053,-119.486,11.997,333.639,3.369,-3302,-746.748,4,6.502,-10.035,3,77.758
2026-02-22T21:40:03.000Z,1771796403.000,32.635710869,-117.198913487,6.621,120.469,92.491,9.095,-3.555,-118.671,11.995,333.821,3.177,-3303,-743.286,4,6.447,-10.879,3,76.61
2026-02-22T21:40:04.000Z,1771796404.000,32.635698681,-117.198882551,6.136,112.794,91.882,0.306,-3.691,-117.77,11.993,334.112,2.86,-3304,-740.132,4,5.723,-11.791,3,76.608
2026-02-22T21:40:05.000Z,1771796405.000,32.635686494,-117.198851784,6.474,113.71,88.6,5.754,-4.319,-114.179,11.992,334.42,2.652,-3305,-737.105,4,6.063,-12.857,3,77.128
2026-02-22T21:40:06.000Z,1771796406.000,32.635674629,-117.198820867,6.185,117.246,91.356,5.406,-2.894,-116.407,11.99,334.948,2.751,-3306,-733.83,4,5.907,-13.587,3,77.351
2026-02-22T21:40:07.000Z,1771796407.000,32.635660104,-117.198788883,6.678,118.567,96.92,1.84,-2.876,-121.657,11.988,335.263,3.505,-3307,-730.225,4,6.417,-13.968,3,77.184
2026-02-22T21:40:08.000Z,1771796408.000,32.635644332,-117.198758134,6.461,123.311,100.974,3.687,-4.381,-125.183,11.987,335.79,3.722,-3308,-726.728,4,6.332,-14.25,3,76.438
2026-02-22T21:40:09.000Z,1771796409.000,32.635628561,-117.198728884,6.013,125.127,98.772,7.214,-2.138,-122.154,11.985,336.618,3.2,-3309,-723.542,4,5.923,-14.872,3,75.837
2026-02-22T21:40:10.000Z,1771796410.000,32.635613016,-117.198701253,5.961,124.853,100.031,7.945,-3.984,-122.807,11.983,337.224,3.229,-3310,-720.395,4,5.865,-15.174,3,75.325
2026-02-22T21:40:11.000Z,1771796411.000,32.635596847,-117.198673788,5.911,125.643,100.378,2.863,-4.278,-122.593,11.982,337.785,3.184,-3311,-717.252,4,5.827,-15.476,3,75.238
2026-02-22T21:40:12.000Z,1771796412.000,32.635581494,-117.198645885,6.288,124.962,98.598,4.49,-2.895,-120.158,11.98,338.44,3.159,-3312,-714.187,4,6.181,-16.021,3,75.823
2026-02-22T21:40:13.000Z,1771796413.000,32.635566062,-117.198618046,6.187,120.594,95.825,10.701,-3.636,-116.596,11.978,339.229,2.77,-3313,-711.16,4,5.971,-16.619,3,76.11
2026-02-22T21:40:14.000Z,1771796414.000,32.635552299,-117.198589136,6.261,120.508,94.47,4.707,-3.193,-114.446,11.977,340.024,2.593,-3314,-708.101,4,6.033,-17.325,3,76.362
2026-02-22T21:40:15.000Z,1771796415.000,32.635538702,-117.198556234,6.789,120.138,97.619,-4.49,-4.254,-116.615,11.975,341.004,3.042,-3315,-704.574,4,6.519,-17.991,3,75.814
2026-02-22T21:40:16.000Z,1771796416.000,32.63552102,-117.198527757,6.412,129.557,100.118,3.965,-3.627,-118.007,11.973,342.111,3.011,-3316,-701.195,4,6.365,-18.081,3,74.831
2026-02-22T21:40:17.000Z,1771796417.000,32.635502696,-117.198498446,6.774,126.492,108.283,-1.716,-3.868,-125.297,11.972,342.985,3.914,-3317,-697.595,4,6.671,-17.748,3,73.647
2026-02-22T21:40:18.000Z,1771796418.000,32.635482654,-117.198470985,6.8,134.089,114,-3.974,-4.864,-130.237,11.97,343.763,4.392,-3318,-694.155,4,6.794,-17.312,3,73.02
2026-02-22T21:40:19.000Z,1771796419.000,32.635459667,-117.198446202,6.49,135.394,109.557,12.312,-2.294,-124.831,11.968,344.726,3.711,-3319,-690.903,4,6.489,-17.241,3,72.681
2026-02-22T21:40:20.000Z,1771796420.000,32.635439437,-117.198420162,6.688,134.15,112.916,3.617,-6.624,-127.17,11.967,345.747,4.04,-3320,-687.601,4,6.682,-16.883,3,72.172
2026-02-22T21:40:21.000Z,1771796421.000,32.635419,-117.198394803,6.635,133.974,112.606,0.219,-3.003,-126.169,11.965,346.437,3.915,-3321,-684.391,4,6.628,-16.746,3,71.735
2026-02-22T21:40:22.000Z,1771796422.000,32.635399102,-117.1983707,5.576,135.369,123.371,1.597,-2.734,-136.457,11.963,346.914,4.039,-3322,-681.259,4,5.575,-15.702,3,71.279
2026-02-22T21:40:23.000Z,1771796423.000,32.635378245,-117.198348501,5.745,136.538,123.863,5.789,-5.908,-136.659,11.962,347.204,4.178,-3323,-678.276,4,5.745,-15.272,3,70.937
2026-02-22T21:40:24.000Z,1771796424.000,32.635360348,-117.198328398,5.1,139.264,123.339,0.548,-2.156,-135.544,11.96,347.796,3.64,-3324,-675.63,4,5.093,-15.044,3,71.036
2026-02-22T21:40:25.000Z,1771796425.000,32.635340997,-117.198310404,5.447,139.601,127.433,-0.011,-1.014,-138.826,11.958,348.607,4.1,-3325,-673.093,4,5.436,-14.191,3,71.167
2026-02-22T21:40:26.000Z,1771796426.000,32.635319749,-117.198291884,6.324,149.592,137.865,-3.972,-5.936,-148.81,11.957,349.055,5.409,-3326,-670.549,4,6.137,-12.698,3,71.285
2026-02-22T21:40:27.000Z,1771796427.000,32.635295979,-117.198273454,6.165,145.648,142.232,-4.746,-2.514,-152.888,11.955,349.344,5.487,-3327,-667.807,4,6.064,-11.481,3,71.105
2026-02-22T21:40:28.000Z,1771796428.000,32.635270365,-117.19825656,6.223,150.77,141.321,4.438,-2.527,-151.454,11.953,349.867,5.469,-3328,-664.945,4,5.988,-10.438,3,70.783
2026-02-22T21:40:29.000Z,1771796429.000,32.635245817,-117.198239595,6.014,150.832,144.2,1.767,-5.363,-154.113,11.952,350.086,5.407,-3329,-662.251,4,5.772,-9.188,3,70.729
2026-02-22T21:40:30.000Z,1771796430.000,32.635221971,-117.19822335,5.7,149.883,139.976,3.346,-4.609,-149.304,11.95,350.672,4.901,-3330,-659.447,4,5.492,-8.517,3,70.764
2026-02-22T21:40:31.000Z,1771796431.000,32.635197137,-117.198205512,5.857,151.239,142.952,2.348,-3.766,-152.058,11.948,350.893,5.175,-3331,-656.663,4,5.591,-7.287,3,70.708
2026-02-22T21:40:32.000Z,1771796432.000,32.63517334,-117.198188265,6.1,144.713,137.742,5.316,-6.238,-146.632,11.947,351.11,5.094,-3332,-653.768,4,5.989,-6.763,3,70.567
2026-02-22T21:40:33.000Z,1771796433.000,32.635152044,-117.19817026,5.613,143.165,139.349,-0.365,0.866,-147.986,11.945,351.363,4.759,-3333,-651.132,4,5.533,-5.949,3,70.441
2026-02-22T21:40:34.000Z,1771796434.000,32.635129488,-117.198155158,5.306,153.577,141.539,7.798,-5.069,-150.011,11.943,351.528,4.597,-3334,-648.675,4,4.969,-4.805,3,70.346
2026-02-22T21:40:35.000Z,1771796435.000,32.635107298,-117.198140546,5.465,148.733,144.135,-3.666,-5.813,-152.582,11.942,351.553,4.85,-3335,-646.299,4,5.249,-3.631,3,70.22
2026-02-22T21:40:36.000Z,1771796436.000,32.635085056,-117.198127151,5.175,152.156,140.098,4.336,-2.93,-148.6,11.94,351.498,4.415,-3336,-643.821,4,4.866,-2.905,3,70.178
2026-02-22T21:40:37.000Z,1771796437.000,32.635063468,-117.198111081,5.34,148.667,138.655,4.091,-5.245,-147.213,11.938,351.442,4.488,-3337,-641.248,4,5.114,-2.193,3,70.027
2026-02-22T21:40:38.000Z,1771796438.000,32.635043316,-117.198094906,5.34,141.735,133.148,-2.574,-3.866,-141.682,11.937,351.466,4.19,-3338,-638.674,4,5.261,-1.937,3,70.09
2026-02-22T21:40:39.000Z,1771796439.000,32.635021642,-117.198079985,5.288,151.941,136.996,0.798,-2.366,-145.556,11.935,351.44,4.36,-3339,-636.299,4,4.948,-0.72,3,70.177
2026-02-22T21:40:40.000Z,1771796440.000,32.63499981,-117.198066413,5.2,150.101,137.979,1.838,-4.754,-146.586,11.933,351.393,4.34,-3340,-633.969,4,4.906,0.361,3,70.278
2026-02-22T21:40:41.000Z,1771796441.000,32.634978745,-117.198050752,5.44,144.8,138.078,-2.579,-0.908,-146.398,11.932,351.68,4.531,-3341,-631.499,4,5.267,1.178,3,70.222
2026-02-22T21:40:42.000Z,1771796442.000,32.634956695,-117.198036112,5.669,153.133,136.553,8.582,-5.449,-144.65,11.93,351.903,4.622,-3342,-629.016,4,5.209,2.009,3,70.239
2026-02-22T21:40:43.000Z,1771796443.000,32.634936332,-117.198018091,5.565,139.106,128.714,-0.807,-2.775,-136.456,11.928,352.258,4.033,-3343,-626.27,4,5.492,1.98,3,70.011
2026-02-22T21:40:44.000Z,1771796444.000,32.634915858,-117.197999473,5.274,146.393,131.933,8.121,-2.983,-139.264,11.927,352.668,3.998,-3344,-623.637,4,5.043,2.819,3,69.7
2026-02-22T21:40:45.000Z,1771796445.000,32.634896971,-117.197981846,5.3,145.766,132.868,7.055,-3.886,-139.397,11.925,353.471,4.023,-3345,-621.147,4,5.075,3.4,3,69.679
2026-02-22T21:40:46.000Z,1771796446.000,32.634878808,-117.19796691,4.546,138.251,130.794,4.398,-2.491,-136.223,11.923,354.571,3.282,-3346,-618.868,4,4.483,3.842,3,70.055
2026-02-22T21:40:47.000Z,1771796447.000,32.634859968,-117.19795147,5,147.919,137.251,1.25,-4.354,-141.36,11.922,355.891,3.905,-3347,-616.656,4,4.7,5,3,70.438
2026-02-22T21:40:48.000Z,1771796448.000,32.634839757,-117.197935525,5.451,145.351,138.08,-0.558,-5.191,-140.706,11.92,357.374,4.219,-3348,-614.231,4,5.186,5.787,3,70.495
2026-02-22T21:40:49.000Z,1771796449.000,32.634818018,-117.197919732,5.77,148.322,135.77,3,-3.316,-137.37,11.918,358.4,4.245,-3349,-611.654,4,5.37,6.458,3,70.319
2026-02-22T21:40:50.000Z,1771796450.000,32.634796427,-117.19790374,5.476,147.054,139.86,3.925,-3.652,-140.855,11.917,359.006,4.24,-3350,-609.22,4,5.111,7.62,3,70.087
2026-02-22T21:40:51.000Z,1771796451.000,32.634773306,-117.197890087,5.588,154.143,146.33,1.881,-6.938,-146.685,11.915,359.644,4.666,-3351,-606.983,4,4.872,9.237,3,70.077
2026-02-22T21:40:52.000Z,1771796452.000,32.634750656,-117.197876988,5.463,146.958,144.821,-2.896,-3.881,-144.357,11.913,0.465,4.438,-3352,-604.568,4,5.029,10.219,3,70.28
2026-02-22T21:40:53.000Z,1771796453.000,32.634728411,-117.197864726,5.33,156.075,145.356,4.905,-2.861,-143.749,11.912,1.607,4.298,-3353,-602.315,4,4.463,11.378,3,70.793
2026-02-22T21:40:54.000Z,1771796454.000,32.634705963,-117.197852289,5.2,152.525,145.723,4.211,-3.323,-143.187,11.91,2.536,4.162,-3354,-600.031,4,4.473,12.53,3,71.154
2026-02-22T21:40:55.000Z,1771796455.000,32.634683785,-117.197839266,5.1,151.401,154.164,-6.767,-1.354,-151.151,11.908,3.012,4.465,-3355,-598.032,4,4.37,14.24,3,71.477
2026-02-22T21:40:56.000Z,1771796456.000,32.634660393,-117.197830989,5.113,161.327,158.029,-0.269,-1.946,-154.39,11.907,3.639,4.61,-3356,-596.189,4,3.766,15.983,3,71.657
2026-02-22T21:40:57.000Z,1771796457.000,32.634636575,-117.197822261,5.5,162.432,156.32,0.701,-4.905,-152.308,11.905,4.012,4.869,-3357,-594.029,4,3.884,17.324,3,71.766
2026-02-22T21:40:58.000Z,1771796458.000,32.634611438,-117.197811919,5.542,156.432,149.228,1.411,-2.829,-144.866,11.903,4.363,4.533,-3358,-591.445,4,4.224,18.268,3,66.289
2026-02-22T21:40:59.000Z,1771796459.000,32.634587312,-117.197799341,5.524,156.713,148.333,3.47,-4.297,-143.59,11.902,4.743,4.445,-3359,-589.006,4,4.096,19.454,3,61.049
2026-02-22T21:41:00.000Z,1771796460.000,32.634565387,-117.197785854,5.15,149.907,141.668,4.811,-2.61,-136.646,11.9,5.023,3.745,-3360,-586.442,4,4.145,19.944,3,60.569
2026-02-22T21:41:01.000Z,1771796461.000,32.634544767,-117.197773384,4.93,156.532,145.224,6.086,-3.849,-140.102,11.898,5.122,3.782,-3361,-584.357,4,3.506,21.193,3,62.534
2026-02-22T21:41:02.000Z,1771796462.000,32.634522065,-117.197761973,5.446,157.751,145.279,3.512,-5.689,-140.087,11.897,5.192,4.178,-3362,-582.13,4,3.667,22.405,3,57.92
2026-02-22T21:41:03.000Z,1771796463.000,32.634498245,-117.197748909,5.742,155.946,146.445,-0.121,-4.324,-141.119,11.895,5.326,4.471,-3363,-579.743,4,3.851,23.696,3,52.708
2026-02-22T21:41:04.000Z,1771796464.000,32.634473318,-117.197734316,6.413,148.613,145.771,0.824,-1.85,-140.508,11.893,5.262,4.949,-3364,-577.107,4,4.716,24.843,3,48.724
2026-02-22T21:41:05.000Z,1771796465.000,32.634450266,-117.197718286,5.93,148.245,141.607,6.662,-3.125,-136.951,11.892,4.655,4.333,-3365,-574.362,4,4.258,25.467,3,47.595
2026-02-22T21:41:06.000Z,1771796466.000,32.634431369,-117.197703918,4.578,143.846,131.988,9.461,-3.522,-128.125,11.89,3.863,2.825,-3366,-571.911,4,3.465,25.398,3,46.468
2026-02-22T21:41:07.000Z,1771796467.000,32.634415169,-117.197689245,4.5,142.484,135.126,-5.493,-4.282,-131.984,11.888,3.142,3.009,-3367,-569.853,4,3.383,26.113,3,45.134
2026-02-22T21:41:08.000Z,1771796468.000,32.634395742,-117.197673732,5.681,148.473,140.913,-1.888,-7.004,-138.311,11.887,2.601,4.243,-3368,-567.618,4,3.672,27.259,3,43.536
2026-02-22T21:41:09.000Z,1771796469.000,32.63437487,-117.197657194,5.808,148.802,134.649,0.586,-2.403,-132.325,11.885,2.324,3.905,-3369,-564.945,4,3.576,27.494,3,41.772
2026-02-22T21:41:10.000Z,1771796470.000,32.634354716,-117.197639683,5.233,142.406,128.022,9.702,-3.795,-125.92,11.883,2.102,3.071,-3370,-562.283,4,3.532,27.576,3,39.968
2026-02-22T21:41:11.000Z,1771796471.000,32.634339659,-117.197623107,4.248,135.984,124.54,7.722,-2.976,-122.525,11.882,2.015,2.286,-3371,-560.062,4,3.118,27.542,3,38.777
2026-02-22T21:41:12.000Z,1771796472.000,32.634324875,-117.197608623,4.126,139.259,125.678,-1.478,-3.336,-124.426,11.88,1.252,2.332,-3372,-558.052,4,2.749,27.988,3,38.084
2026-02-22T21:41:13.000Z,1771796473.000,32.634307144,-117.197594868,4.84,149.965,132.931,-1.342,-5.954,-132.258,11.878,0.673,3.256,-3373,-556.006,4,2.261,29.222,3,37.132
2026-02-22T21:41:14.000Z,1771796474.000,32.634285751,-117.197579258,5.467,145.721,133.213,1.805,-3.063,-132.881,11.877,0.332,3.72,-3374,-553.521,4,2.627,30.084,3,35.228
2026-02-22T21:41:15.000Z,1771796475.000,32.634265544,-117.197562713,4.972,143.243,132.768,6.897,-1.942,-132.749,11.875,0.019,3.376,-3375,-551.02,4,2.32,30.731,3,33.398
2026-02-22T21:41:16.000Z,1771796476.000,32.63424849,-117.197546836,4.626,144.536,132.192,5.945,-3.296,-132.438,11.873,359.754,3.122,-3376,-548.752,4,1.843,31.143,3,32.382
2026-02-22T21:41:17.000Z,1771796477.000,32.634231735,-117.197533686,4.709,151.713,132.122,2.345,-5.595,-132.561,11.872,359.561,3.187,-3377,-546.729,4,1.075,31.738,3,31.741
2026-02-22T21:41:18.000Z,1771796478.000,32.634212921,-117.197519436,4.778,145.497,131.716,-0.377,-4.036,-132.403,11.87,359.313,3.222,-3378,-544.492,4,1.303,32.412,3,30.692
2026-02-22T21:41:19.000Z,1771796479.000,32.634192745,-117.197503445,5.4,148.849,137.824,0.539,-3.105,-138.873,11.868,358.951,4.067,-3379,-542.159,4,0.765,33.62,3,29.722
2026-02-22T21:41:20.000Z,1771796480.000,32.634171668,-117.197488042,5.4,146.93,139.757,5.056,-3.688,-141.388,11.867,358.369,4.219,-3380,-539.751,4,0.546,34.602,3,28.745
2026-02-22T21:41:21.000Z,1771796481.000,32.634152811,-117.197474032,4.9,148.398,134.929,4.938,-1.859,-136.581,11.865,358.348,3.559,-3381,-537.431,4,0.056,34.937,2,27.875
2026-02-22T21:41:22.000Z,1771796482.000,32.63413481,-117.19745987,4.667,143.549,129.193,5.778,-4.967,-131.228,11.863,357.965,3.075,-3382,-535.17,4,0.157,35.116,2,27.304
2026-02-22T21:41:23.000Z,1771796483.000,32.634117131,-117.197444058,4.875,139.395,129.294,-0.54,-4.182,-132.025,11.862,357.269,3.264,-3383,-532.881,4,0.186,35.639,2,26.726
2026-02-22T21:41:24.000Z,1771796484.000,32.634097723,-117.197426964,5.461,146.089,136.068,-0.107,-3.912,-139.585,11.86,356.484,4.158,-3384,-530.497,4,-0.836,36.77,2,25.983
2026-02-22T21:41:25.000Z,1771796485.000,32.634076367,-117.19741169,5.53,147.247,138.071,2.621,-2.886,-142.021,11.858,356.051,4.359,-3385,-528.08,4,-1.345,37.789,2,25.191
2026-02-22T21:41:26.000Z,1771796486.000,32.634055771,-117.19739625,5.044,146.896,133.873,1.921,-3.128,-138.49,11.857,355.383,3.778,-3386,-525.567,4,-1.532,38.233,2,24.536
2026-02-22T21:41:27.000Z,1771796487.000,32.634036664,-117.197381561,5.088,144.964,133.879,1.299,-2.462,-139.39,11.855,354.489,3.863,-3387,-523.284,5,-4.968,-38.911,2,31.334
2026-02-22T21:41:28.000Z,1771796488.000,32.634017131,-117.197367422,5.26,151.861,143.353,-2.844,-4.067,-150.114,11.853,353.24,4.559,-3388,-521.252,5,-4.964,-40.428,3,35.95
2026-02-22T21:41:29.000Z,1771796489.000,32.633995205,-117.197355526,5.706,159.925,153.758,-3.374,-3.742,-161.593,11.852,352.166,5.413,-3389,-519.411,5,-5.069,-42.327,3,40.315
2026-02-22T21:41:30.000Z,1771796490.000,32.633969969,-117.197348988,5.389,175.09,175.872,1.589,-6.034,175.253,11.85,351.126,5.356,-3390,-518.653,5,-3.98,-45.51,3,43.792
2026-02-22T21:41:31.000Z,1771796491.000,32.633946709,-117.197350166,5.076,187.714,205.728,-9.947,-1.685,144.379,11.848,350.109,4.1,-3391,-519.633,5,-2.917,-48.727,3,45.156
2026-02-22T21:41:32.000Z,1771796492.000,32.633925611,-117.197358724,4.713,210.448,239.613,-17.54,-7.005,109.322,11.847,348.937,1.555,-3392,-521.737,5,-1.013,-50.957,3,44.898
2026-02-22T21:41:33.000Z,1771796493.000,32.633910732,-117.197374177,4.4,231.024,261.128,-14.491,-4.917,86.685,11.845,347.814,0.411,-3393,-523.46,5,0.622,-52.324,3,45.275
2026-02-22T21:41:34.000Z,1771796494.000,32.633901049,-117.197395121,4.245,247.415,273.01,-11.3,-4.801,74.051,11.843,347.061,1.161,-3394,-525.121,5,1.759,-53.747,3,45.537
2026-02-22T21:41:35.000Z,1771796495.000,32.63389373,-117.19741722,4.125,249.444,280.429,-10.318,-5.301,65.27,11.842,345.698,1.726,-3395,-526.715,5,1.838,-55.232,3,45.802
2026-02-22T21:41:36.000Z,1771796496.000,32.633890414,-117.197436759,3.453,259.94,285.405,-5.79,-1.338,59.028,11.84,344.433,1.774,-3396,-528.211,5,2.074,-56.362,3,46.568
2026-02-22T21:41:37.000Z,1771796497.000,32.633886516,-117.197458267,4.115,253.875,287.299,-10.786,-7.957,55.876,11.838,343.176,2.308,-3397,-529.742,5,2.108,-57.878,3,47.235
2026-02-22T21:41:38.000Z,1771796498.000,32.633884027,-117.197480902,4.088,264.212,290.767,-7.188,-0.712,51.611,11.837,342.378,2.539,-3398,-531.468,5,2.688,-59.226,3,47.838
2026-02-22T21:41:39.000Z,1771796499.000,32.633878459,-117.197504213,4.312,255.486,290.109,-17.461,-5.723,51.226,11.835,341.335,2.7,-3399,-532.996,5,2.305,-61.183,3,48.564
2026-02-22T21:41:40.000Z,1771796500.000,32.633874305,-117.197527653,4.21,259.494,294.728,-15.344,-1.803,45.39,11.833,340.118,2.951,-3400,-534.686,5,2.491,-62.625,3,49.35
2026-02-22T21:41:41.000Z,1771796501.000,32.633871537,-117.197552784,4.33,266.858,294.487,-15.627,-8.001,44.585,11.832,339.072,3.085,-3401,-536.53,5,2.986,-64.429,3,49.358
2026-02-22T21:41:42.000Z,1771796502.000,32.633872049,-117.197577529,4.419,274.28,300.259,-13.648,-3.942,37.633,11.83,337.891,3.501,-3402,-538.57,5,3.433,-65.463,3,49.218
2026-02-22T21:41:43.000Z,1771796503.000,32.633873661,-117.197601463,4.137,265.838,299.469,-11.5,-0.265,37.098,11.828,336.566,3.298,-3403,-540.573,5,2.794,-66.872,3,49.051
2026-02-22T21:41:44.000Z,1771796504.000,32.633874977,-117.19762546,4.131,274.031,296.956,-11.606,-7.56,38.483,11.827,335.439,3.23,-3404,-542.545,5,3.194,-68.442,3,49.335
2026-02-22T21:41:45.000Z,1771796505.000,32.6338751,-117.19764963,4.569,266.637,302.443,-12.745,1.915,32.235,11.825,334.679,3.864,-3405,-544.505,5,3.128,-69.494,3,49.284
2026-02-22T21:41:46.000Z,1771796506.000,32.633874883,-117.197674346,4.388,262.658,295.606,-13.63,-2.052,37.848,11.823,333.454,3.465,-3406,-546.444,5,2.771,-71.582,3,49.542
2026-02-22T21:41:47.000Z,1771796507.000,32.633874562,-117.197700153,4.787,276.284,293.368,-13.515,-8.278,38.692,11.822,332.06,3.733,-3407,-548.461,5,3.81,-73.378,3,49.634
2026-02-22T21:41:48.000Z,1771796508.000,32.633873941,-117.197724638,4.806,266.628,298.762,-12.783,1.011,32.048,11.82,330.81,4.075,-3408,-550.422,5,3.28,-74.523,3,49.881
2026-02-22T21:41:49.000Z,1771796509.000,32.6338735,-117.197751407,4.376,272.332,292.914,-9.618,-5.242,36.922,11.818,329.836,3.5,-3409,-552.491,5,3.287,-76.673,3,50.272
2026-02-22T21:41:50.000Z,1771796510.000,32.633871873,-117.197777652,4.636,267.412,291.241,-6.966,-7.475,37.505,11.817,328.746,3.678,-3410,-554.468,5,3.203,-78.56,3,50.757
2026-02-22T21:41:51.000Z,1771796511.000,32.633869669,-117.197802284,4.462,258.867,296.949,-7.754,1.08,30.654,11.815,327.603,3.835,-3411,-556.363,5,2.566,-79.824,3,51.277
2026-02-22T21:41:52.000Z,1771796512.000,32.633864665,-117.197827367,3.93,259.186,287.299,-11.79,3.496,39.258,11.813,326.557,3.043,-3412,-557.956,5,2.274,-82.534,3,52.909
2026-02-22T21:41:53.000Z,1771796513.000,32.633859888,-117.197853142,4.989,258.601,288.038,-13.854,-6.186,37.454,11.812,325.493,3.96,-3413,-559.752,5,2.841,-84.472,3,53.942
2026-02-22T21:41:54.000Z,1771796514.000,32.633856367,-117.197880003,4.9,261.764,290.714,-15.721,-4.147,33.612,11.81,324.326,4.081,-3414,-561.739,5,3.004,-86.226,3,54.123
2026-02-22T21:41:55.000Z,1771796515.000,32.633855413,-117.197906975,5.568,264.702,290.451,-5.078,-4.725,32.488,11.808,322.939,4.694,-3415,-563.833,5,3.63,-87.994,3,53.601
2026-02-22T21:41:56.000Z,1771796516.000,32.633852234,-117.197933504,4.531,265.723,291.286,-12.608,-3.706,30.42,11.807,321.706,3.905,-3416,-565.78,5,3.012,-89.837,3,52.488
2026-02-22T21:41:57.000Z,1771796517.000,32.63384881,-117.19796052,5.089,259.54,293.932,-17.731,-5.093,26.704,11.805,320.637,4.546,-3417,-567.772,5,2.949,-91.591,3,49.952
2026-02-22T21:41:58.000Z,1771796518.000,32.633846035,-117.197986719,4.937,265.883,292.351,-15.861,-3.997,27.29,11.803,319.641,4.386,-3418,-569.685,5,3.284,-93.565,3,49.367
2026-02-22T21:41:59.000Z,1771796519.000,32.63384346,-117.198015011,5.493,266.033,291.408,-18.674,-7.706,27.19,11.802,318.599,4.882,-3419,-571.782,5,3.661,-95.601,3,48.457
2026-02-22T21:42:00.000Z,1771796520.000,32.63384343,-117.19804258,5.14,266.811,301.631,-15.775,-5.217,15.937,11.8,317.568,4.942,-3420,-574.054,5,3.475,-96.509,3,47.567
2026-02-22T21:42:01.000Z,1771796521.000,32.633843444,-117.19807083,4.423,273.342,296.577,-9.397,2.881,19.782,11.798,316.36,4.157,-3421,-576.294,5,3.338,-98.656,3,47.183
2026-02-22T21:42:02.000Z,1771796522.000,32.633844389,-117.198097252,4.737,276.447,294.016,-8.525,-9.722,21.136,11.797,315.153,4.411,-3422,-578.428,5,3.735,-100.408,3,47.322
2026-02-22T21:42:03.000Z,1771796523.000,32.633843097,-117.198122805,5.062,267.271,298.175,-14.556,-1.809,15.932,11.795,314.107,4.868,-3423,-580.436,5,3.441,-101.774,3,46.118
2026-02-22T21:42:04.000Z,1771796524.000,32.633844054,-117.198149087,4.323,275.452,296.291,-9.489,-3.985,16.947,11.793,313.239,4.13,-3424,-582.577,5,3.358,-103.468,3,45.801
2026-02-22T21:42:05.000Z,1771796525.000,32.633843512,-117.198176716,4.746,272.45,290.522,-10.625,-5.894,21.613,11.792,312.135,4.409,-3425,-584.682,5,3.52,-105.665,3,45.688
2026-02-22T21:42:06.000Z,1771796526.000,32.633840884,-117.198202401,4.788,264.59,294.126,-20.417,-6.976,17.12,11.79,311.246,4.575,-3426,-586.634,5,3.076,-107.199,3,45.714
2026-02-22T21:42:07.000Z,1771796527.000,32.633840114,-117.198228466,4.614,269.699,296.967,-16.679,0.502,13.462,11.788,310.429,4.484,-3427,-588.693,5,3.264,-108.654,3,46.284
2026-02-22T21:42:08.000Z,1771796528.000,32.633841278,-117.198255826,5.124,277.422,292.274,-5.569,-6.246,17.222,11.787,309.497,4.893,-3428,-590.903,5,4.076,-110.614,3,44.763
2026-02-22T21:42:09.000Z,1771796529.000,32.633840574,-117.19828408,5.163,269.704,293.699,-7.005,-4.71,14.904,11.785,308.604,4.989,-3429,-593.136,5,3.646,-112.311,3,45.156
2026-02-22T21:42:10.000Z,1771796530.000,32.633838587,-117.198313099,4.72,267.752,289.675,-9.278,-5.508,18.289,11.783,307.964,4.482,-3430,-595.283,5,3.213,-114.579,3,44.948
2026-02-22T21:42:11.000Z,1771796531.000,32.633836491,-117.198340088,5.473,263.771,295.779,-11.218,-5.144,11.534,11.782,307.313,5.36,-3431,-597.389,5,3.434,-115.953,3,44.612
2026-02-22T21:42:12.000Z,1771796532.000,32.633834356,-117.198365492,4.537,265.616,293.583,-15.434,0.67,13.447,11.78,307.03,4.411,-3432,-599.273,5,2.956,-117.874,3,44.619
2026-02-22T21:42:13.000Z,1771796533.000,32.633833209,-117.198392633,4.827,266.655,290.858,-7.841,-3.918,16.09,11.778,306.948,4.638,-3433,-601.342,5,3.206,-119.858,3,43.672
2026-02-22T21:42:14.000Z,1771796534.000,32.633830324,-117.198419836,4.986,266.431,287.877,-11.552,-4.335,18.985,11.777,306.862,4.714,-3434,-603.296,5,3.293,-122.006,3,44.623
2026-02-22T21:42:15.000Z,1771796535.000,32.633828472,-117.198446402,4.984,266.857,287.567,-10.492,-6.701,19.085,11.775,306.652,4.706,-3435,-605.301,5,3.316,-123.825,3,44.642
2026-02-22T21:42:16.000Z,1771796536.000,32.633826034,-117.198472334,4.776,265.957,290.926,-11.55,-4.633,15.49,11.773,306.417,4.602,-3436,-607.293,5,3.117,-125.382,3,44.9
2026-02-22T21:42:17.000Z,1771796537.000,32.633822801,-117.198499249,5.187,265.277,291.327,-15.48,-2.51,14.743,11.772,306.069,5.014,-3437,-609.259,5,3.334,-127.286,3,45.417
2026-02-22T21:42:18.000Z,1771796538.000,32.63382096,-117.198527133,5.36,264.993,289.211,-11.511,-5.496,16.323,11.77,305.534,5.142,-3438,-611.346,5,3.42,-129.324,3,45.728
2026-02-22T21:42:19.000Z,1771796539.000,32.633818059,-117.198554491,5.409,261.539,290.279,-13.972,-6.914,14.925,11.768,305.204,5.224,-3439,-613.381,5,3.19,-131.178,3,46.53
2026-02-22T21:42:20.000Z,1771796540.000,32.633815609,-117.198582887,4.911,268.465,293.428,-14.325,2.755,11.487,11.767,304.915,4.809,-3440,-615.547,5,3.35,-132.898,3,45.759
2026-02-22T21:42:21.000Z,1771796541.000,32.633814647,-117.198611445,5.082,269.66,290.319,-14.268,-6.664,14.365,11.765,304.683,4.924,-3441,-617.733,5,3.539,-134.983,3,46.614
2026-02-22T21:42:22.000Z,1771796542.000,32.633815696,-117.198637061,5.074,274.804,295.524,-13.247,-6.238,8.958,11.763,304.483,5.012,-3442,-619.903,5,3.843,-136.08,3,46.453
2026-02-22T21:42:23.000Z,1771796543.000,32.633816277,-117.198662417,4.839,269.46,301.871,-16.039,-2.938,2.452,11.762,304.322,4.831,-3443,-621.984,5,3.353,-137.097,3,47.028
2026-02-22T21:42:24.000Z,1771796544.000,32.633817124,-117.19869104,4.23,278.444,293.463,-8.475,-0.654,10.927,11.76,304.391,4.153,-3444,-624.277,5,3.368,-139.459,3,46.809
2026-02-22T21:42:25.000Z,1771796545.000,32.63381617,-117.198717963,4.9,264.173,289.554,-10.22,-9.996,14.691,11.758,304.245,4.729,-3445,-626.307,5,3.046,-141.499,3,47.048
2026-02-22T21:42:26.000Z,1771796546.000,32.633814632,-117.19874288,4.734,262.781,294.7,-8.469,1.744,9.136,11.757,303.836,4.67,-3446,-628.281,5,2.849,-142.777,3,47.532
2026-02-22T21:42:27.000Z,1771796547.000,32.633810266,-117.198768935,4.846,258.026,290.32,-17.064,-3.097,13.31,11.755,303.63,4.715,-3447,-630.058,5,2.58,-145.09,3,48.281
2026-02-22T21:42:28.000Z,1771796548.000,32.633807303,-117.19879604,4.691,267.971,286.552,-13.568,-3.359,17.078,11.753,303.63,4.485,-3448,-631.983,5,3.141,-147.296,3,48.691
2026-02-22T21:42:29.000Z,1771796549.000,32.633803801,-117.198821809,5.425,258.663,289.22,-16.422,-7.685,14.607,11.752,303.827,5.244,-3449,-633.885,5,2.928,-148.983,3,49.168
2026-02-22T21:42:30.000Z,1771796550.000,32.633801754,-117.198848023,5.146,269.742,289.4,-13.083,-3.533,14.309,11.75,303.709,4.986,-3450,-635.867,5,3.555,-150.763,3,50.224
2026-02-22T21:42:31.000Z,1771796551.000,32.633796378,-117.198875319,5.857,255.968,296.446,-23.529,-8.978,6.876,11.748,303.322,5.814,-3451,-637.82,5,2.916,-152.358,3,50.167
2026-02-22T21:42:32.000Z,1771796552.000,32.633793346,-117.198905947,5.388,266.526,293.008,-18.05,-0.212,9.718,11.747,302.725,5.309,-3452,-640.056,5,3.488,-154.772,3,50.697
2026-02-22T21:42:33.000Z,1771796553.000,32.633791025,-117.198934779,5.613,263.561,294.991,-24.574,-8.804,7.223,11.745,302.215,5.568,-3453,-642.246,5,3.402,-156.596,3,51.372
2026-02-22T21:42:34.000Z,1771796554.000,32.633790486,-117.198961778,4.232,270.209,292.189,-12.208,1.25,9.65,11.743,301.839,4.167,-3454,-644.339,5,2.934,-158.527,3,51.686
2026-02-22T21:42:35.000Z,1771796555.000,32.633784754,-117.198988867,5.692,259.792,289.753,-20.959,-9.021,11.932,11.742,301.685,5.556,-3455,-646.127,5,3.134,-160.864,3,52.441
2026-02-22T21:42:36.000Z,1771796556.000,32.633778971,-117.19901692,5.803,253.648,294.429,-29.023,-5.284,7.384,11.74,301.813,5.755,-3456,-648.101,5,2.652,-162.727,3,53.123
2026-02-22T21:42:37.000Z,1771796557.000,32.633774807,-117.199046734,5.449,263.093,294.395,-21.15,-1.278,7.772,11.738,302.167,5.393,-3457,-650.238,5,3.246,-164.92,3,53.786
2026-02-22T21:42:38.000Z,1771796558.000,32.633773778,-117.199077292,5.562,268.822,290.87,-16.222,-5.995,11.551,11.737,302.42,5.449,-3458,-652.579,5,3.738,-167.169,3,53.47
2026-02-22T21:42:39.000Z,1771796559.000,32.633772135,-117.199107504,5.815,265.789,292.939,-8.247,2.123,9.705,11.735,302.645,5.73,-3459,-654.923,5,3.669,-169.016,3,53.632
2026-02-22T21:42:40.000Z,1771796560.000,32.633768062,-117.199138497,5.616,262.165,284.361,-13.362,-5.7,18.44,11.733,302.8,5.327,-3460,-657.007,5,3.253,-171.914,3,54.113
2026-02-22T21:42:41.000Z,1771796561.000,32.633762356,-117.199169716,6.577,258.566,293.461,-20.427,-8.171,9.566,11.732,303.027,6.486,-3461,-659.332,5,3.46,-173.64,3,53.963
2026-02-22T21:42:42.000Z,1771796562.000,32.633757907,-117.199199056,5.061,263.203,291.267,-11.012,5.757,12.032,11.73,303.299,4.941,-3462,-661.382,5,2.997,-175.993,3,54.3
2026-02-22T21:42:43.000Z,1771796563.000,32.633752989,-117.199230615,5.522,259.859,283.03,-13.043,-6.056,20.336,11.728,303.366,5.178,-3463,-663.458,5,2.996,-178.966,3,54.505
2026-02-22T21:42:44.000Z,1771796564.000,32.633747806,-117.199260825,5.904,253.826,291.965,-16.323,-7.642,11.499,11.727,303.464,5.784,-3464,-665.746,5,2.659,-180.606,3,54.71
2026-02-22T21:42:45.000Z,1771796565.000,32.633743223,-117.199290719,6.264,262.129,290.668,-13.966,-2.417,13.06,11.725,303.729,6.102,-3465,-667.847,5,3.592,-182.935,3,54.43
2026-02-22T21:42:46.000Z,1771796566.000,32.633739435,-117.199320813,5.978,260.017,287.701,-13.653,-7.67,16.344,11.723,304.045,5.737,-3466,-669.982,5,3.239,-185.337,3,55.116
2026-02-22T21:42:47.000Z,1771796567.000,32.633734829,-117.199350822,5.478,258.783,291.532,-14.825,-1.141,12.674,11.722,304.207,5.339,-3467,-672.17,5,2.862,-187.287,3,55.153
2026-02-22T21:42:48.000Z,1771796568.000,32.633729798,-117.19938096,5.119,258.636,283.938,-14.221,-3.09,20.378,11.72,304.316,4.798,-3468,-674.145,5,2.656,-190.137,3,56.118
2026-02-22T21:42:49.000Z,1771796569.000,32.633724291,-117.199412151,6.248,258.27,284.143,-16.093,-9.355,20.229,11.718,304.372,5.839,-3469,-676.306,5,3.2,-192.504,3,55.728
2026-02-22T21:42:50.000Z,1771796570.000,32.633718776,-117.199441264,6.016,254.245,294.391,-15.832,-3.292,10.111,11.717,304.502,5.915,-3470,-678.491,5,2.706,-194,3,57.038
2026-02-22T21:42:51.000Z,1771796571.000,32.633714539,-117.199472066,5.232,264.578,291.824,-18.309,0.381,12.914,11.715,304.738,5.094,-3471,-680.682,5,3.147,-196.459,3,57.004
2026-02-22T21:42:52.000Z,1771796572.000,32.633711267,-117.199502549,5.676,264.921,288.751,-19.132,-5.344,16.394,11.713,305.145,5.445,-3472,-682.883,5,3.435,-198.851,3,57.992
2026-02-22T21:42:53.000Z,1771796573.000,32.633709282,-117.19953285,5.848,264.802,287.259,-10.803,-5.082,18.174,11.712,305.432,5.55,-3473,-685.156,5,3.523,-201.001,3,58.17
2026-02-22T21:42:54.000Z,1771796574.000,32.633703989,-117.199563963,5.584,258.629,285.284,-12.021,-6.022,20.332,11.71,305.616,5.235,-3474,-687.295,5,2.859,-203.514,3,57.85
2026-02-22T21:42:55.000Z,1771796575.000,32.633698853,-117.199594655,5.611,254.963,285.045,-10.348,0.016,20.554,11.708,305.599,5.252,-3475,-689.443,5,2.551,-205.858,3,58.206
2026-02-22T21:42:56.000Z,1771796576.000,32.633690472,-117.19962674,5.948,251.769,282.392,-20.439,-6.308,23.21,11.707,305.602,5.467,-3476,-691.455,5,2.396,-208.734,3,58.988
2026-02-22T21:42:57.000Z,1771796577.000,32.633686321,-117.199658594,5.826,259.578,286.798,-15.335,-3.779,18.915,11.705,305.713,5.511,-3477,-693.861,5,3.043,-210.731,3,58.976
2026-02-22T21:42:58.000Z,1771796578.000,32.633683082,-117.199690342,6.015,264.527,285.637,-17.59,-9.157,20.209,11.703,305.846,5.638,-3478,-696.179,5,3.566,-213.049,3,58.792
2026-02-22T21:42:59.000Z,1771796579.000,32.633682079,-117.199720242,5.6,261.66,296.368,-9.734,-3.481,9.573,11.702,305.941,5.516,-3479,-698.667,5,3.087,-214.168,3,58.803
2026-02-22T21:43:00.000Z,1771796580.000,32.633679143,-117.199749051,4.572,267.483,285.347,-7.275,2.772,20.78,11.7,306.127,4.274,-3480,-700.639,5,2.888,-217.032,3,59.356
2026-02-22T21:43:01.000Z,1771796581.000,32.63367304,-117.199778305,6.233,260.883,289.744,-17.52,-9.957,16.629,11.698,306.374,5.968,-3481,-702.705,5,3.349,-219.024,3,59.249
2026-02-22T21:43:02.000Z,1771796582.000,32.633668815,-117.199808874,5.67,257.86,296.549,-13.259,3.014,9.868,11.697,306.418,5.575,-3482,-704.973,5,2.785,-220.742,3,59.249
2026-02-22T21:43:03.000Z,1771796583.000,32.633663788,-117.199842265,6.035,261.172,289.406,-15.724,-2.702,16.853,11.695,306.259,5.776,-3483,-707.273,5,3.254,-223.779,3,59.31
2026-02-22T21:43:04.000Z,1771796584.000,32.633660782,-117.199872558,5.5,262.703,288.487,-14.217,-4.353,17.721,11.693,306.208,5.239,-3484,-709.502,5,3.082,-225.973,3,60.104
2026-02-22T21:43:05.000Z,1771796585.000,32.633657241,-117.199902134,5.367,261.941,290.428,-17.418,-4.554,15.955,11.692,306.383,5.159,-3485,-711.692,5,2.942,-227.952,3,60.05
2026-02-22T21:43:06.000Z,1771796586.000,32.63365576,-117.199930699,5.71,266.17,294.574,-14.521,-1.446,12.021,11.69,306.595,5.583,-3486,-713.936,5,3.469,-229.523,3,59.487
2026-02-22T21:43:07.000Z,1771796587.000,32.633655022,-117.199961024,5.256,269.719,291.863,-13.002,-3.655,14.8,11.688,306.663,5.081,-3487,-716.288,5,3.441,-231.67,3,59.627
2026-02-22T21:43:08.000Z,1771796588.000,32.633653735,-117.199992357,5.912,261.808,290.228,-11.006,-2.519,16.398,11.687,306.626,5.672,-3488,-718.692,5,3.211,-233.84,3,59.722
2026-02-22T21:43:09.000Z,1771796589.000,32.633650598,-117.200023745,5.4,263.542,286.598,-10.944,-6.054,19.995,11.685,306.592,5.07,-3489,-720.946,5,3.062,-236.313,3,58.691
2026-02-22T21:43:10.000Z,1771796590.000,32.633647325,-117.200054074,5.23,266.61,289.84,-14.81,-9.489,16.768,11.683,306.609,5.008,-3490,-723.243,5,3.187,-238.222,3,59.424
2026-02-22T21:43:11.000Z,1771796591.000,32.633644448,-117.200084942,5.134,263.637,294.881,-8.897,6.68,11.847,11.682,306.728,5.014,-3491,-725.598,5,2.908,-239.983,3,59.131
2026-02-22T21:43:12.000Z,1771796592.000,32.633641735,-117.200115371,5.437,265.858,290.58,-13.021,-5.137,16.264,11.68,306.844,5.219,-3492,-727.826,5,3.245,-242.425,3,59.467
2026-02-22T21:43:13.000Z,1771796593.000,32.633638937,-117.200145311,5.6,263.535,290.027,-9.471,-4.959,16.855,11.678,306.883,5.359,-3493,-730.047,5,3.151,-244.552,3,58.563
2026-02-22T21:43:14.000Z,1771796594.000,32.633634519,-117.200176537,6.294,260.998,286.408,-14.328,-8.468,20.434,11.677,306.843,5.896,-3494,-732.217,5,3.299,-247.122,3,59.787
2026-02-22T21:43:15.000Z,1771796595.000,32.633629741,-117.200206659,5.832,255.203,294.07,-19.032,-1.544,12.712,11.675,306.782,5.685,-3495,-734.462,5,2.534,-248.803,3,58.803
2026-02-22T21:43:16.000Z,1771796596.000,32.633625288,-117.200236098,5.096,259.091,288.827,-19.471,0.985,17.869,11.673,306.695,4.85,-3496,-736.486,5,2.513,-251.397,3,60.011
2026-02-22T21:43:17.000Z,1771796597.000,32.633620689,-117.200266698,6.039,263.858,289.764,-21.705,-6.27,16.889,11.672,306.653,5.77,-3497,-738.674,5,3.398,-253.602,3,60.49
2026-02-22T21:43:18.000Z,1771796598.000,32.63361882,-117.200296699,5.585,267.026,292.225,-16.148,-8.242,14.568,11.67,306.793,5.404,-3498,-741.002,5,3.388,-255.428,3,61.138
2026-02-22T21:43:19.000Z,1771796599.000,32.633615633,-117.20032649,5.265,262.779,294.803,-18.067,-1.447,12.185,11.668,306.988,5.141,-3499,-743.221,5,2.869,-257.336,3,61.029
2026-02-22T21:43:20.000Z,1771796600.000,32.633612448,-117.200357627,5.963,264.947,292.755,-17.148,-2.552,14.41,11.667,307.164,5.773,-3500,-745.504,5,3.429,-259.687,3,61.191
2026-02-22T21:43:21.000Z,1771796601.000,32.633610704,-117.200389755,5.515,270.192,291.041,-15.064,-2.407,16.203,11.665,307.244,5.295,-3501,-747.948,5,3.565,-261.952,3,60.708
2026-02-22T21:43:22.000Z,1771796602.000,32.633609102,-117.200423164,6.26,267.926,289.171,-14.927,-7.936,18.024,11.663,307.195,5.944,-3502,-750.49,5,3.847,-264.292,3,60.18
2026-02-22T21:43:23.000Z,1771796603.000,32.633607141,-117.200456294,5.735,265.735,291.867,-13.903,0.2,15.229,11.662,307.096,5.533,-3503,-753.067,5,3.343,-266.302,3,60.456
2026-02-22T21:43:24.000Z,1771796604.000,32.633603761,-117.200489358,5.912,265.636,288.129,-17.797,-6.746,18.8,11.66,306.93,5.597,-3504,-755.453,5,3.43,-268.912,3,60.364
2026-02-22T21:43:25.000Z,1771796605.000,32.633601452,-117.200521517,5.915,265.96,292.751,-17.326,-2.888,14.173,11.658,306.925,5.735,-3505,-757.959,5,3.453,-270.744,3,60.724
2026-02-22T21:43:26.000Z,1771796606.000,32.633598917,-117.200554892,5.643,266.241,287.856,-22.586,-8.299,19.27,11.657,307.126,5.326,-3506,-760.399,5,3.308,-273.39,3,60.489
2026-02-22T21:43:27.000Z,1771796607.000,32.633596547,-117.200586753,6.435,262.888,297.966,-23.311,-7.837,9.159,11.655,307.125,6.35,-3507,-762.928,5,3.456,-274.781,3,59.782
2026-02-22T21:43:28.000Z,1771796608.000,32.633595238,-117.200620342,5.951,271.921,298.162,-21.097,2.575,8.883,11.653,307.045,5.872,-3508,-765.533,5,3.938,-276.952,3,59.874
2026-02-22T21:43:29.000Z,1771796609.000,32.6335948,-117.200653878,6.075,269.145,291.123,-18.231,-6.539,15.944,11.652,307.068,5.841,-3509,-768.122,5,3.787,-279.61,3,59.116
2026-02-22T21:43:30.000Z,1771796610.000,32.633594587,-117.200686144,6.257,265.449,293.397,-12.391,-4.334,13.642,11.65,307.039,6.078,-3510,-770.717,5,3.57,-281.45,3,59.29
2026-02-22T21:43:31.000Z,1771796611.000,32.63359306,-117.200719113,5.872,267.204,291.859,-13.118,-3.605,15.114,11.648,306.972,5.669,-3511,-773.243,5,3.49,-283.735,3,58.719
2026-02-22T21:43:32.000Z,1771796612.000,32.633591643,-117.200751746,6.348,265.188,287.586,-10.788,-4.551,19.298,11.647,306.884,5.986,-3512,-775.694,5,3.582,-286.193,3,59.243
2026-02-22T21:43:33.000Z,1771796613.000,32.63358679,-117.200784278,5.845,262.805,287.465,-20.053,-8.598,19.309,11.645,306.774,5.507,-3513,-778.002,5,3.087,-288.616,3,59.213
2026-02-22T21:43:34.000Z,1771796614.000,32.633582999,-117.200816838,6.425,260.167,296.489,-21.841,-3.874,10.11,11.643,306.599,6.323,-3514,-780.51,5,3.133,-290.26,3,59.167
2026-02-22T21:43:35.000Z,1771796615.000,32.633581076,-117.200849477,5.407,277.522,295.71,-16.388,-5.28,10.88,11.642,306.59,5.306,-3515,-783,5,3.919,-292.501,3,59.429
2026-02-22T21:43:36.000Z,1771796616.000,32.633581923,-117.200881538,5.577,270.918,293.541,-10.256,-3.688,12.965,11.64,306.506,5.434,-3516,-785.591,5,3.567,-294.582,3,60.01
2026-02-22T21:43:37.000Z,1771796617.000,32.633580282,-117.200913891,6.009,267.172,291.294,-15.742,-5.253,15.169,11.638,306.463,5.799,-3517,-788.052,5,3.526,-296.893,3,60.345
2026-02-22T21:43:38.000Z,1771796618.000,32.633578619,-117.200947586,5.8,264.458,293.358,-11.677,1.898,12.885,11.637,306.243,5.652,-3518,-790.671,5,3.17,-298.957,3,59.714
2026-02-22T21:43:39.000Z,1771796619.000,32.63357447,-117.200980374,6.023,261.93,290.041,-19.427,-4.308,15.894,11.635,305.936,5.792,-3519,-793.005,5,3.058,-301.585,3,58.883
2026-02-22T21:43:40.000Z,1771796620.000,32.633571928,-117.201014186,6.426,266.946,293.257,-19.124,-1.489,12.357,11.633,305.614,6.276,-3520,-795.603,5,3.727,-303.643,3,57.489
2026-02-22T21:43:41.000Z,1771796621.000,32.63357086,-117.201047778,5.79,268.26,287.978,-13.895,-3.211,17.472,11.632,305.451,5.523,-3521,-798.143,5,3.457,-306.211,3,55.908
2026-02-22T21:43:42.000Z,1771796622.000,32.633568914,-117.201082715,6.211,267.06,288.719,-11.993,-10.224,16.829,11.63,305.548,5.93,-3522,-800.824,5,3.596,-308.474,3,54.2
2026-02-22T21:43:43.000Z,1771796623.000,32.633566795,-117.201114692,6.215,262.697,295.021,-13.167,-1.552,10.719,11.628,305.74,6.105,-3523,-803.349,5,3.196,-310.151,3,53.013
2026-02-22T21:43:44.000Z,1771796624.000,32.633565066,-117.201146854,5.653,265,288.546,-11.244,-3.653,17.232,11.627,305.777,5.398,-3524,-805.731,5,3.091,-312.78,3,52.258
2026-02-22T21:43:45.000Z,1771796625.000,32.633561145,-117.201178183,6.115,261.195,285.965,-14.233,-4.214,19.898,11.625,305.863,5.749,-3525,-807.955,5,2.988,-315.237,3,51.455
2026-02-22T21:43:46.000Z,1771796626.000,32.633556498,-117.201209992,5.811,262.103,288.072,-19.211,-3.857,17.673,11.623,305.745,5.535,-3526,-810.268,5,2.912,-317.436,3,50.808
2026-02-22T21:43:47.000Z,1771796627.000,32.633553797,-117.201242564,6.088,268.924,288.065,-15.559,-3.971,17.693,11.622,305.758,5.8,-3527,-812.714,5,3.648,-319.677,3,49.723
2026-02-22T21:43:48.000Z,1771796628.000,32.633551498,-117.201273692,5.547,265.666,288.705,-17.034,-8.696,17.266,11.62,305.97,5.289,-3528,-815.073,5,3.059,-321.745,3,48.815
2026-02-22T21:43:49.000Z,1771796629.000,32.633549026,-117.201303964,5.7,263.09,292.84,-15.917,-0.498,13.234,11.618,306.074,5.545,-3529,-817.412,5,2.921,-323.511,3,47.948
2026-02-22T21:43:50.000Z,1771796630.000,32.633545228,-117.201337211,6.154,260.155,289.445,-20.34,-7.931,16.554,11.617,305.999,5.899,-3530,-819.801,5,2.869,-326.143,3,47.277
2026-02-22T21:43:51.000Z,1771796631.000,32.633542997,-117.201369624,6.227,267.176,293.617,-19.541,-4.696,12.289,11.615,305.906,6.084,-3531,-822.319,5,3.548,-328.016,3,46.598
2026-02-22T21:43:52.000Z,1771796632.000,32.63354316,-117.201403318,6.213,272.6,292.454,-19.896,-7.846,13.259,11.613,305.713,6.048,-3532,-825.005,5,4,-330.176,3,45.465
2026-02-22T21:43:53.000Z,1771796633.000,32.633543746,-117.201434793,6.138,266.532,301.276,-15.388,0.536,4.359,11.612,305.635,6.11,-3533,-827.602,5,3.428,-331.38,3,45.083
2026-02-22T21:43:54.000Z,1771796634.000,32.633543489,-117.201466824,4.912,272.484,292.466,-12.21,0.882,13.039,11.61,305.505,4.782,-3534,-830.096,5,3.144,-334.076,3,44.312
2026-02-22T21:43:55.000Z,1771796635.000,32.633542199,-117.201499668,6.163,266.797,289.028,-13.98,-8.585,16.469,11.608,305.496,5.892,-3535,-832.581,5,3.448,-336.471,3,43.421
2026-02-22T21:43:56.000Z,1771796636.000,32.633539543,-117.201531069,5.905,262.892,294.172,-14.668,-3.77,11.526,11.607,305.698,5.786,-3536,-835.02,5,2.956,-338.248,3,42.506
2026-02-22T21:43:57.000Z,1771796637.000,32.633536824,-117.201563652,5.709,266.372,290.331,-19.109,-3.64,15.554,11.605,305.885,5.497,-3537,-837.414,5,3.144,-340.784,3,41.422
2026-02-22T21:43:58.000Z,1771796638.000,32.633534259,-117.201596622,6.32,265.371,293.649,-24.013,-8.236,12.324,11.603,305.974,6.167,-3538,-839.939,5,3.381,-342.783,3,40.544
2026-02-22T21:43:59.000Z,1771796639.000,32.633533663,-117.201627418,5.575,268.578,298.511,-23.282,-1.759,7.563,11.602,306.074,5.524,-3539,-842.403,5,3.235,-344.358,3,39.937
2026-02-22T21:44:00.000Z,1771796640.000,32.63353274,-117.201659953,5.9,267.953,291.646,-17.442,-5.035,14.509,11.6,306.155,5.712,-3540,-844.889,5,3.363,-346.982,3,39.282
2026-02-22T21:44:01.000Z,1771796641.000,32.633532515,-117.201692673,5.685,269.515,291.225,-15.348,-6.858,14.823,11.598,306.049,5.484,-3541,-847.474,5,3.36,-349.053,3,38.542
2026-02-22T21:44:02.000Z,1771796642.000,32.633531116,-117.201725465,5.923,263.807,289.349,-15.838,-8.62,16.471,11.597,305.821,5.679,-3542,-849.991,5,3,-351.344,3,37.984
2026-02-22T21:44:03.000Z,1771796643.000,32.633528772,-117.201759408,6.388,262.935,291.665,-15.225,-4.137,14.012,11.595,305.677,6.197,-3543,-852.602,5,3.143,-353.463,3,37.359
2026-02-22T21:44:04.000Z,1771796644.000,32.633525792,-117.201793386,6.214,263.154,290.597,-20.468,-3.466,14.989,11.593,305.586,6.001,-3544,-855.128,5,3.069,-355.895,3,36.93
2026-02-22T21:44:05.000Z,1771796645.000,32.633525239,-117.201826761,5.83,273.731,293.537,-22.448,-7.999,11.953,11.592,305.49,5.704,-3545,-857.801,5,3.755,-357.781,3,36.158
2026-02-22T21:44:06.000Z,1771796646.000,32.633527763,-117.201859313,5.68,274.609,300.455,-18.1,-3.187,5.035,11.59,305.49,5.656,-3546,-860.59,5,3.719,-359.04,3,35.109
2026-02-22T21:44:07.000Z,1771796647.000,32.633530583,-117.201891182,5.715,279.5,295.348,-16.264,-5.55,10.142,11.588,305.49,5.626,-3547,-863.274,5,4.091,-361.179,3,34.42
2026-02-22T21:44:08.000Z,1771796648.000,32.633532646,-117.201923064,5.715,273.197,295.562,-15.866,-8.766,9.928,11.587,305.49,5.619,-3548,-865.934,5,3.622,-362.959,3,33.628
2026-02-22T21:44:09.000Z,1771796649.000,32.63353377,-117.201954454,5.995,271.006,296.744,-18.159,-5.429,8.644,11.585,305.389,5.927,-3549,-868.524,5,3.613,-364.717,3,33.093
2026-02-22T21:44:10.000Z,1771796650.000,32.633534535,-117.201986204,5.823,268.294,296.679,-15.99,-4.076,8.777,11.583,305.455,5.755,-3550,-871.104,5,3.279,-366.622,3,32.822
2026-02-22T21:44:11.000Z,1771796651.000,32.633533174,-117.202017827,6.125,269.821,293.634,-15.539,-4.034,11.982,11.582,305.615,5.991,-3551,-873.524,5,3.574,-368.929,3,32.63
2026-02-22T21:44:12.000Z,1771796652.000,32.633531465,-117.202049304,6.185,267.66,292.154,-20.987,-7.971,13.807,11.58,305.961,5.999,-3552,-875.916,5,3.41,-371.131,3,32.4
2026-02-22T21:44:13.000Z,1771796653.000,32.63353151,-117.202082904,6.2,270.76,298.005,-18.865,-0.359,8.367,11.578,306.372,6.131,-3553,-878.658,5,3.686,-372.751,3,31.726
2026-02-22T21:44:14.000Z,1771796654.000,32.63353244,-117.202115269,5.86,267.586,295.816,-23.468,-7.432,10.725,11.577,306.541,5.757,-3554,-881.285,5,3.21,-374.848,3,30.973
2026-02-22T21:44:15.000Z,1771796655.000,32.63353325,-117.202146742,5.7,268.951,303.582,-16.839,-1.136,2.892,11.575,306.474,5.688,-3555,-883.862,5,3.23,-376.11,3,30.396
2026-02-22T21:44:16.000Z,1771796656.000,32.633533694,-117.202178557,5.839,273.185,297.53,-16.001,0.046,8.626,11.573,306.156,5.767,-3556,-886.419,5,3.648,-378.522,3,30.172
2026-02-22T21:44:17.000Z,1771796657.000,32.633534536,-117.202213263,6.389,273.028,291.881,-18.795,-7.116,14.007,11.572,305.888,6.193,-3557,-889.188,5,3.968,-381.037,3,29.824
2026-02-22T21:44:18.000Z,1771796658.000,32.633536859,-117.202243635,5.512,272.835,296.201,-6.317,-2.324,9.6,11.57,305.801,5.434,-3558,-891.798,5,3.404,-382.389,3,29.458
2026-02-22T21:44:19.000Z,1771796659.000,32.633535788,-117.202274414,5.65,265.386,289.453,-12.055,-9.045,16.489,11.568,305.941,5.413,-3559,-894.107,5,2.875,-384.899,3,29.35
2026-02-22T21:44:20.000Z,1771796660.000,32.633533204,-117.202304652,5.824,263.596,291.833,-15.857,-4.808,14.413,11.567,306.245,5.634,-3560,-896.41,5,2.799,-386.805,3,29.14
2026-02-22T21:44:21.000Z,1771796661.000,32.633530166,-117.202336899,5.878,263.601,292.968,-21.389,-2.722,13.426,11.565,306.394,5.715,-3561,-898.825,5,2.817,-388.966,3,28.919
2026-02-22T21:44:22.000Z,1771796662.000,32.633530304,-117.202369705,6.148,273.234,292.107,-19.746,-6.589,14.43,11.563,306.537,5.954,-3562,-901.445,5,3.8,-391.051,3,28.633
2026-02-22T21:44:23.000Z,1771796663.000,32.633531462,-117.20239999,5.985,273.449,296.386,-20.017,-8.824,10.304,11.562,306.69,5.886,-3563,-903.974,5,3.711,-392.496,3,28.151
2026-02-22T21:44:24.000Z,1771796664.000,32.633532131,-117.202430005,5.769,270.282,299.267,-11.249,-0.457,7.589,11.56,306.856,5.712,-3564,-906.42,5,3.316,-394.068,3,27.977
2026-02-22T21:44:25.000Z,1771796665.000,32.633529852,-117.202462006,5.654,263.382,292.424,-18.323,-4.32,14.178,11.558,306.602,5.482,-3565,-908.796,5,2.662,-396.774,3,28.255
2026-02-22T21:44:26.000Z,1771796666.000,32.633529252,-117.202494694,6.024,271.334,291.224,-14.979,-4.089,15.281,11.557,306.505,5.811,-3566,-911.355,5,3.536,-398.937,3,27.934
2026-02-22T21:44:27.000Z,1771796667.000,32.633528015,-117.202526797,6.274,267.741,293.302,-23.058,-6.267,13.127,11.555,306.429,6.108,-3567,-913.873,5,3.349,-400.866,3,27.834
2026-02-22T21:44:28.000Z,1771796668.000,32.633528777,-117.202559115,6.069,271.499,299.706,-22.146,-3.274,6.68,11.553,306.386,6.026,-3568,-916.544,5,3.563,-402.3,3,27.274
2026-02-22T21:44:29.000Z,1771796669.000,32.633532661,-117.202591573,6.2,282.933,299.103,-21.653,-6.727,7.272,11.552,306.376,6.15,-3569,-919.361,5,4.557,-404.031,3,26.738
2026-02-22T21:44:30.000Z,1771796670.000,32.633538566,-117.202622613,6.016,281.655,301.61,-12.931,-4.738,4.86,11.55,306.47,5.995,-3570,-922.187,5,4.325,-405.259,3,25.921
2026-02-22T21:44:31.000Z,1771796671.000,32.633541305,-117.202655364,6.039,275.892,298.315,-17.603,-3.165,8.337,11.548,306.652,5.975,-3571,-924.955,5,3.891,-407.318,3,25.648
2026-02-22T21:44:32.000Z,1771796672.000,32.633544263,-117.202688125,5.915,274.044,295.269,-14.734,-7.933,11.529,11.547,306.798,5.784,-3572,-927.714,5,3.656,-409.334,3,25.01
2026-02-22T21:44:33.000Z,1771796673.000,32.633544365,-117.202721572,6.267,266.406,296.211,-14.421,-7.039,10.662,11.545,306.874,6.156,-3573,-930.407,5,3.176,-411.323,3,24.523
2026-02-22T21:44:34.000Z,1771796674.000,32.633542897,-117.20275598,5.936,267.446,289.807,-12.039,-1.128,17.007,11.543,306.814,5.677,-3574,-932.996,5,3.09,-414.067,3,24.257
2026-02-22T21:44:35.000Z,1771796675.000,32.633541092,-117.202790726,6.574,264.555,287.314,-13.694,-4.564,19.776,11.542,307.091,6.185,-3575,-935.621,5,3.124,-416.553,3,23.961
2026-02-22T21:44:36.000Z,1771796676.000,32.633538619,-117.202823151,6.155,266.318,290.204,-18.697,-8.327,17.267,11.54,307.471,5.876,-3576,-938.118,5,3.082,-418.548,3,23.97
2026-02-22T21:44:37.000Z,1771796677.000,32.633537799,-117.202855589,5.834,266.138,295.029,-18.068,-5.708,12.576,11.538,307.606,5.691,-3577,-940.721,5,2.898,-420.253,3,23.369
2026-02-22T21:44:38.000Z,1771796678.000,32.633536586,-117.202888346,6.139,267.383,292.997,-14.886,-4.321,14.791,11.537,307.788,5.935,-3578,-943.248,5,3.156,-422.538,3,23.155
2026-02-22T21:44:39.000Z,1771796679.000,32.633534678,-117.202922264,6,266.717,287.863,-18.248,-5.236,20.055,11.535,307.918,5.632,-3579,-945.763,5,3.015,-425.183,3,22.833
2026-02-22T21:44:40.000Z,1771796680.000,32.633533591,-117.20295571,5.861,270.626,293.301,-19.654,-6.54,14.527,11.533,307.829,5.665,-3580,-948.45,5,3.276,-426.929,3,22.036
2026-02-22T21:44:41.000Z,1771796681.000,32.633534965,-117.202988682,5.467,276.627,294.926,-13.307,-3.33,12.762,11.532,307.688,5.332,-3581,-951.188,5,3.507,-428.73,3,21.232
2026-02-22T21:44:42.000Z,1771796682.000,32.633536214,-117.203018382,5.274,274.326,293.143,-16.557,-6.06,14.377,11.53,307.521,5.109,-3582,-953.614,5,3.212,-430.601,3,20.882
2026-02-22T21:44:43.000Z,1771796683.000,32.633536292,-117.203046646,5.642,267.912,294.553,-12.27,-8.312,13.088,11.528,307.641,5.489,-3583,-955.889,5,2.908,-432.233,3,20.567
2026-02-22T21:44:44.000Z,1771796684.000,32.633534476,-117.203078815,6.324,268.534,292.25,-19.117,-5.625,15.53,11.527,307.779,6.091,-3584,-958.329,5,3.309,-434.552,3,20.308
2026-02-22T21:44:45.000Z,1771796685.000,32.633534889,-117.203113783,6.623,269.023,298.686,-24.504,-7.702,9.272,11.525,307.959,6.536,-3585,-961.201,5,3.506,-436.179,3,19.546
2026-02-22T21:44:46.000Z,1771796686.000,32.633535876,-117.203145078,5.564,273.28,301.147,-15.036,-1.174,7.099,11.523,308.246,5.514,-3586,-963.756,5,3.281,-437.835,3,19.201
2026-02-22T21:44:47.000Z,1771796687.000,32.633535713,-117.203176409,5.553,267.733,293.618,-16.972,-2.655,15.001,11.522,308.62,5.363,-3587,-966.213,5,2.817,-440.38,3,19.133
2026-02-22T21:44:48.000Z,1771796688.000,32.633537065,-117.203205924,4.68,279.86,295.006,-14.541,-2.164,13.794,11.52,308.8,4.543,-3588,-968.663,5,3.164,-441.985,3,19.033
2026-02-22T21:44:49.000Z,1771796689.000,32.633538141,-117.203235567,4.947,275.529,291.731,-16.189,-10.822,17.034,11.518,308.765,4.724,-3589,-971.049,5,3.054,-443.979,3,19.024
2026-02-22T21:44:50.000Z,1771796690.000,32.633536507,-117.203265455,6.191,263.989,302.093,-15.6,-3.987,6.56,11.517,308.653,6.146,-3590,-973.411,5,2.764,-445.153,3,19.003
2026-02-22T21:44:51.000Z,1771796691.000,32.633533081,-117.203295196,5.47,260.674,294.288,-12.908,6.19,14.213,11.515,308.501,5.301,-3591,-975.554,5,2.145,-447.895,3,19.261
2026-02-22T21:44:52.000Z,1771796692.000,32.633529182,-117.20332625,5.367,267.941,288.163,-16.298,-5.184,20.253,11.513,308.416,5.036,-3592,-977.722,5,2.703,-450.608,3,19.702
2026-02-22T21:44:53.000Z,1771796693.000,32.633528435,-117.203356477,5.323,269.4,294.509,-14.929,-6.131,14.033,11.512,308.541,5.164,-3593,,5,2.792,-452.057,3,19.518
2026-02-22T21:44:54.000Z,1771796694.000,32.6335289,-117.203386504,5.675,275.44,297.56,-12.218,-3.822,11.171,11.51,308.731,5.566,-3594,,5,3.462,-453.636,3,19.203
2026-02-22T21:44:55.000Z,1771796695.000,32.633528731,-117.203416599,5.731,268.284,291.904,-11.989,-3.319,17.036,11.508,308.94,5.478,-3595,,5,2.895,-455.951,3,19.023
2026-02-22T21:44:56.000Z,1771796696.000,32.633527585,-117.203447458,5.276,269.283,290.261,-12.771,-8.052,18.751,11.507,309.013,4.995,-3596,,5,2.737,-458.08,3,19.083
2026-02-22T21:44:57.000Z,1771796697.000,32.633527358,-117.203478808,5.465,270.042,294.753,-14.497,-5.658,14.167,11.505,308.92,5.299,-3597,,5,2.89,-459.694,3,18.812
2026-02-22T21:44:58.000Z,1771796698.000,32.633527812,-117.203508292,4.774,270.851,292.892,-6.852,-0.784,15.866,11.503,308.758,4.59,-3598,,5,2.575,-461.624,3,18.925
2026-02-22T21:44:59.000Z,1771796699.000,32.633525852,-117.203538278,5.254,267.69,286.217,-7.658,-10.819,21.979,11.502,308.196,4.858,-3599,,5,2.578,-464.14,3,19.261
2026-02-22T21:45:00.000Z,1771796700.000,32.633522889,-117.203567699,5.179,261.25,294.707,-14.844,4.847,13.507,11.5,308.215,5.03,-3600,,5,2.012,-465.567,3,19.013
2026-02-22T21:45:01.000Z,1771796701.000,32.633519177,-117.203595767,4.959,260.341,292.124,-12.08,3.707,16.233,11.498,308.356,4.753,-3601,,5,1.847,-467.813,3,19.681
2026-02-22T21:45:02.000Z,1771796702.000,32.63351392,-117.203624806,5.338,259.524,288.238,-22.314,-7.25,20.215,11.497,308.453,5.009,-3602,,5,1.908,-470.343,3,20.145
2026-02-22T21:45:03.000Z,1771796703.000,32.633510838,-117.203653884,5.47,260.165,292.647,-19.39,-1.192,15.81,11.495,308.457,5.263,-3603,,5,2.005,-472.065,3,20.294
2026-02-22T21:45:04.000Z,1771796704.000,32.633507496,-117.20368672,5.911,266.928,289.44,-21.609,-7.784,18.908,11.493,308.349,5.591,-3604,,5,2.789,-474.619,3,20.506
2026-02-22T21:45:05.000Z,1771796705.000,32.633508589,-117.20371708,5.437,274.894,295.602,-20.425,-5.627,12.593,11.492,308.195,5.306,-3605,,5,3.2,-475.933,3,20.5
2026-02-22T21:45:06.000Z,1771796706.000,32.633514444,-117.203744846,5.238,290.892,302.575,-12.52,-6.93,5.467,11.49,308.042,5.213,-3606,,5,4.127,-476.609,3,20.026
2026-02-22T21:45:07.000Z,1771796707.000,32.633527429,-117.203765077,4.761,315.549,316.755,0.584,-8.164,-8.905,11.488,307.851,4.7,-3607,,5,4.632,-475.629,3,19.958
2026-02-22T21:45:08.000Z,1771796708.000,32.633543628,-117.203775291,3.989,340.888,332.485,9.329,-5.249,-24.749,11.487,307.736,3.618,-3608,,5,3.901,-473.672,3,20.466
2026-02-22T21:45:09.000Z,1771796709.000,32.633561713,-117.203780173,4.088,353.233,343.866,8.951,-5.087,-35.985,11.485,307.881,3.307,-3609,,5,3.721,-471.64,3,21.484
2026-02-22T21:45:10.000Z,1771796710.000,32.633580767,-117.203782376,4.373,359.794,348.206,18.638,-2.432,-40.11,11.483,308.095,3.343,-3610,,5,3.746,-469.896,3,22.51
2026-02-22T21:45:11.000Z,1771796711.000,32.633600025,-117.203781046,4.015,10.351,353.525,27.245,0.812,-45.231,11.482,308.293,2.832,-3611,,5,2.999,-467.875,3,23.763
2026-02-22T21:45:12.000Z,1771796712.000,32.633621299,-117.203780036,4.415,2.077,355.399,29.563,-2.531,-47.033,11.48,308.366,3.007,-3612,,5,3.683,-465.924,3,24.933
2026-02-22T21:45:13.000Z,1771796713.000,32.633642937,-117.203786012,5.36,340.501,344.042,19.319,-4.273,-35.733,11.478,308.309,4.347,-3613,,5,5.246,-465.213,3,24.436
2026-02-22T21:45:14.000Z,1771796714.000,32.63366513,-117.203788124,5.408,356.195,352.975,23.199,-1.312,-44.879,11.477,308.096,3.823,-3614,,5,4.791,-462.911,3,25.016
2026-02-22T21:45:15.000Z,1771796715.000,32.63368727,-117.203791351,4.817,346.333,349.967,17.2,1.051,-42.029,11.475,307.938,3.577,-3615,,5,4.586,-461.447,3,25.023
2026-02-22T21:45:16.000Z,1771796716.000,32.633709863,-117.203794104,5.1,353.003,351.76,17.256,-4.8,-43.896,11.473,307.864,3.675,-3616,,5,4.64,-459.618,3,25.421
2026-02-22T21:45:17.000Z,1771796717.000,32.633731862,-117.203796319,4.919,358.376,348.298,16.149,-2.962,-40.251,11.472,308.047,3.753,-3617,,5,4.263,-458.138,3,25.826
2026-02-22T21:45:18.000Z,1771796718.000,32.633754956,-117.203795132,5.351,0.943,354.199,19.294,-0.641,-45.79,11.47,308.408,3.729,-3618,,5,4.51,-455.77,3,26.641
2026-02-22T21:45:19.000Z,1771796719.000,32.633780404,-117.203795373,5.511,352.723,354.601,16.789,-1.274,-45.957,11.468,308.644,3.822,-3619,,5,5.019,-453.638,3,26.963
2026-02-22T21:45:20.000Z,1771796720.000,32.633807314,-117.203790267,5.851,8.005,5.317,26.404,-3.662,-56.508,11.467,308.809,3.223,-3620,,5,4.497,-450.502,3,28.098
2026-02-22T21:45:21.000Z,1771796721.000,32.633833998,-117.203784393,5.461,11.684,3.751,24.737,0.808,-54.856,11.465,308.894,3.139,-3621,,5,3.96,-447.986,3,28.177
2026-02-22T21:45:22.000Z,1771796722.000,32.633860282,-117.203775498,5.961,17.443,5.865,22.833,-4.487,-56.948,11.463,308.917,3.246,-3622,,5,3.881,-445.14,3,29.105
2026-02-22T21:45:23.000Z,1771796723.000,32.63388631,-117.203761015,6.189,28.074,16.389,21.884,-1.083,-67.526,11.462,308.863,2.365,-3623,,5,3.083,-441.641,3,30.723
2026-02-22T21:45:24.000Z,1771796724.000,32.633913,-117.203745067,6.624,25.906,18.545,17.695,-2.772,-69.365,11.46,309.18,2.333,-3624,,5,3.503,-438.355,3,31.988
2026-02-22T21:45:25.000Z,1771796725.000,32.633941207,-117.20373086,6.613,25.182,14.419,18.028,-5.185,-65.098,11.458,309.321,2.781,-3625,,5,3.559,-435.266,3,32.593
2026-02-22T21:45:26.000Z,1771796726.000,32.63396811,-117.203715137,6.5,24.638,17.876,23.658,-2.214,-68.648,11.457,309.228,2.364,-3626,,5,3.539,-431.928,3,33.691
2026-02-22T21:45:27.000Z,1771796727.000,32.633995231,-117.20369805,6.266,33.816,12.832,20.085,0.235,-63.686,11.455,309.146,2.775,-3627,,5,2.52,-428.783,3,34.335
2026-02-22T21:45:28.000Z,1771796728.000,32.634021257,-117.203680296,6.085,26.409,22.546,26.288,0.811,-73.461,11.453,309.085,1.732,-3628,,5,3.133,-425.195,3,36.468
2026-02-22T21:45:29.000Z,1771796729.000,32.634049728,-117.203673834,5.778,6.464,4.416,19.68,-2.093,-55.243,11.452,309.173,3.265,-3629,,5,4.483,-423.118,3,35.684
2026-02-22T21:45:30.000Z,1771796730.000,32.634077082,-117.203667964,6.085,11.157,9.671,32.215,-6.062,-60.397,11.45,309.273,3.001,-3630,,5,4.385,-420.221,3,36.681
2026-02-22T21:45:31.000Z,1771796731.000,32.634103442,-117.203671669,5.878,342.48,349.641,23.124,-1.941,-40.308,11.448,309.333,4.474,-3631,,5,5.672,-419.328,3,35.526
2026-02-22T21:45:32.000Z,1771796732.000,32.63412754,-117.203678576,5.312,342.273,345.415,17.228,-4.778,-36.075,11.447,309.34,4.289,-3632,,5,5.131,-418.015,3,34.887
2026-02-22T21:45:33.000Z,1771796733.000,32.634151301,-117.203684597,5.461,345.799,348.207,19.361,-5.078,-38.426,11.445,309.78,4.278,-3633,,5,5.176,-416.217,3,35.091
2026-02-22T21:45:34.000Z,1771796734.000,32.634175805,-117.20368868,5.77,352.369,350.247,22.508,-1.901,-39.604,11.443,310.642,4.437,-3634,,5,5.22,-414.297,3,35.322
2026-02-22T21:45:35.000Z,1771796735.000,32.634202673,-117.20369249,5.133,354.536,347.473,18.931,4.664,-36.125,11.442,311.349,4.145,-3635,,5,4.556,-412.464,3,34.927
2026-02-22T21:45:36.000Z,1771796736.000,32.634229669,-117.203695908,5.737,352.505,353.46,28.827,-4.834,-41.482,11.44,311.978,4.298,-3636,,5,5.179,-410.045,3,35.21
2026-02-22T21:45:37.000Z,1771796737.000,32.634253985,-117.203706853,5.34,339.173,342.916,16.25,-2.743,-30.582,11.438,312.333,4.593,-3637,,5,5.221,-409.376,3,34.308
2026-02-22T21:45:38.000Z,1771796738.000,32.634278263,-117.203712693,5.469,348.777,345.696,19.775,-5.856,-33.265,11.437,312.431,4.571,-3638,,5,5.079,-407.521,3,34.427
2026-02-22T21:45:39.000Z,1771796739.000,32.634303297,-117.203716144,5.378,357.815,343.403,14.835,-1.179,-31.066,11.435,312.337,4.606,-3639,,5,4.616,-405.8,3,34.591
2026-02-22T21:45:40.000Z,1771796740.000,32.634329461,-117.203717618,5.361,348.971,350.498,19.881,-1.415,-38.648,11.433,311.851,4.185,-3640,,5,4.967,-403.239,3,35.196
2026-02-22T21:45:41.000Z,1771796741.000,32.634355878,-117.203719221,5.813,357.778,350.58,23.59,-2.95,-39.068,11.432,311.512,4.512,-3641,,5,4.985,-401.128,3,35.541
2026-02-22T21:45:42.000Z,1771796742.000,32.634383848,-117.203721584,6.255,349.827,354.487,26.098,-4.864,-43.262,11.43,311.225,4.556,-3642,,5,5.755,-398.7,3,36.086
2026-02-22T21:45:43.000Z,1771796743.000,32.634412554,-117.203727157,6.289,350.481,349.819,24.302,-0.013,-38.72,11.428,311.099,4.906,-3643,,5,5.756,-396.935,3,36.12
2026-02-22T21:45:44.000Z,1771796744.000,32.634440304,-117.203732207,5.823,343.509,347.704,19.327,-2.108,-36.615,11.427,311.09,4.662,-3644,,5,5.573,-395.068,3,36.403
2026-02-22T21:45:45.000Z,1771796745.000,32.634466912,-117.203737111,5.913,349.004,349.113,18.863,-4.308,-38.07,11.425,311.043,4.655,-3645,,5,5.468,-393.057,3,36.668
2026-02-22T21:45:46.000Z,1771796746.000,32.634492819,-117.203740705,5.645,355.251,351.24,18.67,-0.843,-40.229,11.423,311.012,4.31,-3646,,5,4.952,-390.983,3,37.039
2026-02-22T21:45:47.000Z,1771796747.000,32.634520009,-117.203745393,6.134,347.291,347.85,17.256,-0.994,-36.877,11.422,310.973,4.901,-3647,,5,5.736,-389.22,3,36.988
2026-02-22T21:45:48.000Z,1771796748.000,32.634546514,-117.203748552,5.649,354.737,351.682,21.711,-2.336,-40.602,11.42,311.08,4.29,-3648,,5,4.975,-386.958,3,37.118
2026-02-22T21:45:49.000Z,1771796749.000,32.634571518,-117.203753073,5.127,342.733,350.656,20.988,-4.774,-39.603,11.418,311.053,3.946,-3649,,5,4.92,-385.215,3,36.923
2026-02-22T21:45:50.000Z,1771796750.000,32.634594687,-117.203758419,5.239,352.021,347.779,19.56,-7.088,-36.9,11.417,310.878,4.19,-3650,,5,4.724,-383.794,3,36.197
2026-02-22T21:45:51.000Z,1771796751.000,32.634616588,-117.203762233,4.778,357.839,348.987,19.832,4.076,-38.468,11.415,310.52,3.732,-3651,,5,4.074,-382.128,3,36.508
2026-02-22T21:45:52.000Z,1771796752.000,32.634639772,-117.203764549,4.838,349.913,351.984,25.717,0.192,-41.955,11.413,310.029,3.598,-3652,,5,4.432,-380.143,3,36.897
2026-02-22T21:45:53.000Z,1771796753.000,32.63466362,-117.203767829,5.346,356.215,351.318,23.002,-5.802,-42.059,11.412,309.258,3.969,-3653,,5,4.631,-378.396,3,36.992
2026-02-22T21:45:54.000Z,1771796754.000,32.63468855,-117.203772176,5.584,357.631,349.052,23.119,0.3,-40.595,11.41,308.457,4.238,-3654,,5,4.765,-376.728,3,36.813
2026-02-22T21:45:55.000Z,1771796755.000,32.634716539,-117.2037722,5.804,356.535,352.416,30.75,0.825,-44.591,11.408,307.825,4.136,-3655,,5,5.006,-374.181,3,37.002
2026-02-22T21:45:56.000Z,1771796756.000,32.634744391,-117.203779051,6.2,342.157,350.265,27.494,-3.284,-42.944,11.407,307.321,4.533,-3656,,5,5.958,-372.416,3,36.601
2026-02-22T21:45:57.000Z,1771796757.000,32.634770482,-117.203789694,5.593,343.004,342.916,22.426,-2.456,-36,11.405,306.916,4.526,-3657,,5,5.351,-371.379,3,35.964
2026-02-22T21:45:58.000Z,1771796758.000,32.634795449,-117.203797972,5.515,343.107,342.326,19.907,-1.384,-35.786,11.403,306.539,4.473,-3658,,5,5.272,-369.848,3,35.875
2026-02-22T21:45:59.000Z,1771796759.000,32.634821506,-117.203805026,5.866,350.793,342.462,22.884,-3.892,-35.717,11.402,306.746,4.761,-3659,,5,5.325,-368.099,3,35.719
2026-02-22T21:46:00.000Z,1771796760.000,32.634845573,-117.203813685,5.2,335.269,340.801,17.587,-2.087,-33.597,11.4,307.204,4.329,-3660,,5,5.132,-366.743,3,35.742
2026-02-22T21:46:01.000Z,1771796761.000,32.634869718,-117.203821153,5.673,341.814,347.796,24.361,-6.894,-40.012,11.398,307.784,4.344,-3661,,5,5.456,-364.713,3,35.987
2026-02-22T21:46:02.000Z,1771796762.000,32.634893675,-117.203831468,5.808,340.531,344.299,19.929,-5.281,-36.141,11.397,308.157,4.69,-3662,,5,5.619,-363.583,3,35.419
2026-02-22T21:46:03.000Z,1771796763.000,32.634918609,-117.203839669,5.246,345.205,340.487,16.414,1.305,-32.197,11.395,308.289,4.439,-3663,,5,4.95,-362.274,3,34.822
2026-02-22T21:46:04.000Z,1771796764.000,32.634944274,-117.203845029,5.8,344.196,345.61,20.862,-5.4,-37.461,11.393,308.149,4.604,-3664,,5,5.504,-360.109,3,35.157
2026-02-22T21:46:05.000Z,1771796765.000,32.63496871,-117.203852359,5.559,344.757,343.411,16.157,-4.054,-34.991,11.392,308.42,4.554,-3665,,5,5.257,-358.673,3,35.168
2026-02-22T21:46:06.000Z,1771796766.000,32.634993714,-117.20385583,5.315,1.734,344.806,17.957,4.472,-36.126,11.39,308.68,4.292,-3666,,5,4.299,-356.705,3,35.311
2026-02-22T21:46:07.000Z,1771796767.000,32.635018868,-117.203855483,5.188,353.379,356.596,32.137,-2.371,-47.79,11.388,308.806,3.485,-3667,,5,4.591,-353.844,3,36.142
2026-02-22T21:46:08.000Z,1771796768.000,32.635043713,-117.203864012,6.238,340.425,344.707,23.754,-0.715,-35.845,11.387,308.861,5.057,-3668,,5,6.031,-353.043,3,35.454
2026-02-22T21:46:09.000Z,1771796769.000,32.635069825,-117.20386674,5.98,352.233,351.682,33.02,-5.756,-42.941,11.385,308.741,4.372,-3669,,5,5.343,-350.579,3,36.074
2026-02-22T21:46:10.000Z,1771796770.000,32.635096155,-117.20387008,6.07,359.856,349.702,25.466,2.39,-40.997,11.383,308.704,4.579,-3670,,5,5.011,-348.712,3,35.647
2026-02-22T21:46:11.000Z,1771796771.000,32.635124885,-117.203872,6.452,351.543,353.772,27.886,-0.421,-44.784,11.382,308.987,4.58,-3671,,5,5.793,-346.18,3,35.581
2026-02-22T21:46:12.000Z,1771796772.000,32.635153921,-117.203877291,6.388,348.876,351.886,25.141,-1.949,-42.589,11.38,309.297,4.702,-3672,,5,5.857,-344.199,3,35.079
2026-02-22T21:46:13.000Z,1771796773.000,32.635181256,-117.203883916,6.024,347.103,348.988,24.179,-3.508,-39.396,11.378,309.593,4.655,-3673,,5,5.594,-342.508,3,34.564
2026-02-22T21:46:14.000Z,1771796774.000,32.635208017,-117.203890993,5.931,347.339,342.909,15.954,0.317,-33.106,11.377,309.803,4.964,-3674,,5,5.497,-341.118,3,33.834
2026-02-22T21:46:15.000Z,1771796775.000,32.635235548,-117.203894026,5.67,353.912,346.614,18.1,-2.036,-36.757,11.375,309.857,4.542,-3675,,5,4.974,-338.756,3,33.68
2026-02-22T21:46:16.000Z,1771796776.000,32.635262323,-117.203896803,5.7,351.717,351.297,24.327,-3.244,-41.522,11.373,309.776,4.267,-3676,,5,5.098,-336.391,3,34.015
2026-02-22T21:46:17.000Z,1771796777.000,32.635288187,-117.203903216,5.815,343.913,345.034,22.355,-1.269,-35.366,11.372,309.669,4.741,-3677,,5,5.505,-335.035,3,33.659
2026-02-22T21:46:18.000Z,1771796778.000,32.635312862,-117.203909488,5.485,344.033,346.595,25.26,-2.714,-36.798,11.37,309.796,4.392,-3678,,5,5.187,-333.259,3,33.466
2026-02-22T21:46:19.000Z,1771796779.000,32.635337619,-117.203917398,5.688,342.778,343.433,23.385,-4.902,-33.588,11.368,309.845,4.738,-3679,,5,5.418,-331.895,3,32.798
2026-02-22T21:46:20.000Z,1771796780.000,32.635362091,-117.203921799,5.275,351.997,347.228,24.046,-2.96,-37.457,11.367,309.771,4.186,-3680,,5,4.699,-329.869,3,32.928
2026-02-22T21:46:21.000Z,1771796781.000,32.635387024,-117.203924285,5.5,350.394,350.579,25.319,-4.024,-40.871,11.365,309.707,4.159,-3681,,5,4.965,-327.725,3,33.402
2026-02-22T21:46:22.000Z,1771796782.000,32.635411783,-117.203929455,5.469,348.436,352.194,26.185,-4.202,-42.376,11.363,309.818,4.039,-3682,,5,5.013,-325.878,3,33.598
2026-02-22T21:46:23.000Z,1771796783.000,32.635436933,-117.203936821,5.876,346.112,345.537,24.028,0.714,-35.829,11.362,309.708,4.764,-3683,,5,5.475,-324.661,3,33.009
2026-02-22T21:46:24.000Z,1771796784.000,32.635463091,-117.20393954,5.525,347.119,347.668,28.482,-2.791,-37.743,11.36,309.925,4.368,-3684,,5,5.11,-322.505,3,32.929
2026-02-22T21:46:25.000Z,1771796785.000,32.63548884,-117.20394513,5.931,347.9,346.891,23.681,1.099,-36.794,11.358,310.097,4.75,-3685,,5,5.452,-320.752,3,32.803
2026-02-22T21:46:26.000Z,1771796786.000,32.635515703,-117.203950681,5.9,349.184,347.677,27.654,-2.297,-37.586,11.357,310.092,4.675,-3686,,5,5.368,-318.801,3,32.777
2026-02-22T21:46:27.000Z,1771796787.000,32.635543458,-117.203956642,6.077,346.947,348.3,27.813,-4.903,-38.185,11.355,310.115,4.777,-3687,,5,5.621,-316.812,3,32.37
2026-02-22T21:46:28.000Z,1771796788.000,32.635569366,-117.203962578,6.038,351.409,345.395,26.309,-1.107,-35.061,11.353,310.333,4.94,-3688,,5,5.387,-315.208,3,32.016
2026-02-22T21:46:29.000Z,1771796789.000,32.635595323,-117.203969292,6.024,348.848,344.543,22.818,-0.591,-33.726,11.352,310.817,5.011,-3689,,5,5.489,-313.514,3,31.786
2026-02-22T21:46:30.000Z,1771796790.000,32.635622625,-117.203976304,6.325,345.001,344.84,23.818,-3.058,-33.743,11.35,311.097,5.26,-3690,,5,5.923,-311.648,3,31.538
2026-02-22T21:46:31.000Z,1771796791.000,32.635651541,-117.203980649,6.088,352.561,348.559,24.472,-4.308,-37.54,11.348,311.019,4.827,-3691,,5,5.367,-309.257,3,31.417
2026-02-22T21:46:32.000Z,1771796792.000,32.635679718,-117.203986073,6.237,346.989,350.4,24.212,-3.006,-39.521,11.347,310.879,4.811,-3692,,5,5.756,-307.122,3,31.04
2026-02-22T21:46:33.000Z,1771796793.000,32.635707554,-117.203992255,6.255,348.79,346.945,23.135,-4.438,-35.863,11.345,311.082,5.07,-3693,,5,5.691,-305.404,3,30.593
2026-02-22T21:46:34.000Z,1771796794.000,32.635736914,-117.203994435,6.3,356.182,353.119,26.317,-3.302,-42.205,11.343,310.914,4.666,-3694,,5,5.343,-302.697,3,30.678
2026-02-22T21:46:35.000Z,1771796795.000,32.635766071,-117.203997175,6.05,354.85,352.768,25.209,-2.383,-42.068,11.342,310.7,4.49,-3695,,5,5.2,-300.453,3,30.346
2026-02-22T21:46:36.000Z,1771796796.000,32.635795123,-117.203999072,6.051,358.112,358.164,26.828,-3.676,-47.608,11.34,310.556,4.081,-3696,,5,5.012,-297.832,3,30.664
2026-02-22T21:46:37.000Z,1771796797.000,32.635822729,-117.204003115,6.154,352.315,350.089,15.249,5.45,-39.564,11.338,310.525,4.745,-3697,,5,5.417,-296.257,3,30.062
2026-02-22T21:46:38.000Z,1771796798.000,32.635852012,-117.204002399,5.677,359.674,350.523,19.288,0.874,-39.853,11.337,310.67,4.354,-3698,,5,4.606,-293.741,3,29.876
2026-02-22T21:46:39.000Z,1771796799.000,32.635880975,-117.204001135,6.006,356.59,358.613,32.335,-5.331,-48.297,11.335,310.316,3.996,-3699,,5,5.049,-290.766,3,30.363
2026-02-22T21:46:40.000Z,1771796800.000,32.63591015,-117.204004914,6.5,353.58,351.413,28.513,-1.697,-41.52,11.333,309.893,4.865,-3700,,5,5.639,-288.987,3,29.63
2026-02-22T21:46:41.000Z,1771796801.000,32.63593936,-117.204008963,6.469,350.007,349.648,30.348,-1.359,-39.899,11.332,309.749,4.963,-3701,,5,5.798,-286.909,3,29.001
2026-02-22T21:46:42.000Z,1771796802.000,32.635968941,-117.204014437,6.815,342.775,345.788,32.019,-2.189,-36.104,11.33,309.684,5.507,-3702,,5,6.438,-285.03,3,28.433
2026-02-22T21:46:43.000Z,1771796803.000,32.635996865,-117.204019224,6.224,348.588,347.103,33.453,-3.188,-37.339,11.328,309.763,4.948,-3703,,5,5.639,-282.908,3,28.752
2026-02-22T21:46:44.000Z,1771796804.000,32.636023716,-117.204030926,6.213,334.416,339.456,24.106,-1.37,-29.49,11.327,309.966,5.406,-3704,,5,6.101,-281.917,3,27.798
2026-02-22T21:46:45.000Z,1771796805.000,32.636050741,-117.204043073,6.363,336.584,339.815,22.678,-7.063,-29.854,11.325,309.961,5.52,-3705,,5,6.198,-280.385,3,27.179
2026-02-22T21:46:46.000Z,1771796806.000,32.636078836,-117.204053644,6.557,346.397,345.062,24.417,-4.827,-35.283,11.323,309.78,5.344,-3706,,5,6.038,-278.332,3,26.638
2026-02-22T21:46:47.000Z,1771796807.000,32.636105235,-117.20406267,5.976,348.201,341.6,15.24,8.535,-31.755,11.322,309.845,5.081,-3707,,5,5.425,-276.922,3,26.26
2026-02-22T21:46:48.000Z,1771796808.000,32.636130987,-117.20406951,5.264,341.606,341.798,18.782,-2.492,-32.192,11.32,309.607,4.449,-3708,,5,4.999,-275.182,3,26.166
2026-02-22T21:46:49.000Z,1771796809.000,32.636153591,-117.204079055,5.685,335.817,340.877,18.549,-5.915,-31.527,11.318,309.35,4.846,-3709,,5,5.55,-273.949,3,26.074
2026-02-22T21:46:50.000Z,1771796810.000,32.636174573,-117.204090469,4.911,336.415,336.214,10.908,-1.036,-26.71,11.317,309.504,4.387,-3710,,5,4.783,-273.24,3,26.183
2026-02-22T21:46:51.000Z,1771796811.000,32.636196501,-117.204097807,4.748,345.315,340.224,15.521,-2.392,-30.518,11.315,309.706,4.09,-3711,,5,4.401,-271.573,3,26.562
2026-02-22T21:46:52.000Z,1771796812.000,32.636220166,-117.204105694,5.647,339.084,341.565,14.147,-5.555,-31.512,11.313,310.052,4.814,-3712,,5,5.432,-269.991,3,26.477
2026-02-22T21:46:53.000Z,1771796813.000,32.636244369,-117.204112889,5.939,350.018,343.694,12.693,-0.003,-33.257,11.312,310.437,4.962,-3713,,5,5.299,-268.268,3,26.826
2026-02-22T21:46:54.000Z,1771796814.000,32.636270599,-117.204116148,5.465,357.142,348.281,16.109,4.258,-37.623,11.31,310.659,4.33,-3714,,5,4.528,-265.974,3,27.375
2026-02-22T21:46:55.000Z,1771796815.000,32.636295643,-117.204122186,5.66,339.231,346.384,19.764,-6.313,-35.262,11.308,311.122,4.613,-3715,,5,5.435,-264.382,3,27.353
2026-02-22T21:46:56.000Z,1771796816.000,32.636319017,-117.20412697,5.013,351.658,348.343,23.447,-2.834,-36.688,11.307,311.655,4.017,-3716,,5,4.398,-262.599,3,27.459
2026-02-22T21:46:57.000Z,1771796817.000,32.636342019,-117.204132554,4.959,350.847,344.782,22.32,0.941,-32.972,11.305,311.81,4.161,-3717,,5,4.383,-261.257,3,27.502
2026-02-22T21:46:58.000Z,1771796818.000,32.636365539,-117.20413968,5.022,343.698,342.813,19.304,-3.643,-30.906,11.303,311.907,4.306,-3718,,5,4.695,-259.87,3,27.626
2026-02-22T21:46:59.000Z,1771796819.000,32.63638907,-117.204146636,5.136,346.412,342.086,18.242,-1.724,-30.038,11.302,312.047,4.446,-3719,,5,4.708,-258.385,3,27.757
2026-02-22T21:47:00.000Z,1771796820.000,32.636412851,-117.20415087,5.286,355.315,347.644,22.672,-4.166,-35.344,11.3,312.3,4.311,-3720,,5,4.457,-256.286,3,28.15
2026-02-22T21:47:01.000Z,1771796821.000,32.636436436,-117.204157225,5.253,347.957,341.87,15.046,-2.685,-29.425,11.298,312.445,4.575,-3721,,5,4.753,-255.102,3,27.924
2026-02-22T21:47:02.000Z,1771796822.000,32.636462204,-117.204160491,5.533,357.764,352.069,20.734,0.194,-39.719,11.297,312.351,4.252,-3722,,5,4.526,-252.484,3,28.799
2026-02-22T21:47:03.000Z,1771796823.000,32.636487546,-117.204165854,5.495,349.121,346.451,14.835,1.632,-34.214,11.295,312.237,4.537,-3723,,5,4.918,-251.056,3,28.453
2026-02-22T21:47:04.000Z,1771796824.000,32.636514098,-117.20416768,5.767,355.114,354.216,25.439,-4.913,-42.584,11.293,311.632,4.247,-3724,,5,4.858,-248.462,3,28.889
2026-02-22T21:47:05.000Z,1771796825.000,32.636539117,-117.20417267,5.954,347.877,348.464,20.29,-0.071,-36.957,11.292,311.507,4.758,-3725,,5,5.378,-247.039,3,28.62
2026-02-22T21:47:06.000Z,1771796826.000,32.636565311,-117.20417608,5.5,351.776,348.872,21.744,-1.886,-37.353,11.29,311.519,4.37,-3726,,5,4.793,-245.038,3,28.575
2026-02-22T21:47:07.000Z,1771796827.000,32.636589883,-117.204179445,5.324,353.864,350.436,25.025,-5.029,-38.91,11.288,311.526,4.142,-3727,,5,4.538,-243.094,3,28.623
2026-02-22T21:47:08.000Z,1771796828.000,32.636614507,-117.204183869,5.587,352.31,348.979,25.628,-3.056,-37.377,11.287,311.602,4.438,-3728,,5,4.837,-241.405,3,28.449
2026-02-22T21:47:09.000Z,1771796829.000,32.636639426,-117.204187522,5.415,356.697,348.748,23.99,1.801,-36.971,11.285,311.777,4.326,-3729,,5,4.464,-239.565,3,28.18
2026-02-22T21:47:10.000Z,1771796830.000,32.636666266,-117.204191807,5.611,352.657,348.821,26.236,0.304,-36.89,11.283,311.932,4.487,-3730,,5,4.834,-237.585,3,28.019
2026-02-22T21:47:11.000Z,1771796831.000,32.636692481,-117.204197359,5.888,348.501,348.691,28.287,-1.238,-37.024,11.282,311.667,4.701,-3731,,5,5.273,-235.748,3,27.949
2026-02-22T21:47:12.000Z,1771796832.000,32.636718845,-117.204204325,5.849,346.867,345.762,24.857,-1.128,-34.655,11.28,311.107,4.811,-3732,,5,5.308,-234.17,3,27.06
2026-02-22T21:47:13.000Z,1771796833.000,32.636744205,-117.204209634,5.53,347.38,348.256,26.748,-1.446,-37.26,11.278,310.996,4.401,-3733,,5,4.995,-232.217,3,26.703
2026-02-22T21:47:14.000Z,1771796834.000,32.636770702,-117.20421671,5.833,347.289,346.938,28.272,-1.905,-36.128,11.277,310.81,4.711,-3734,,5,5.27,-230.529,3,26.525
2026-02-22T21:47:15.000Z,1771796835.000,32.6367949,-117.204224918,5.412,343.6,343.473,23.52,-4.393,-32.856,11.275,310.617,4.545,-3735,,5,5.027,-229.25,2,26.264
2026-02-22T21:47:16.000Z,1771796836.000,32.636818703,-117.204231349,5.313,350.125,345.178,19.577,-1.067,-34.742,11.273,310.436,4.363,-3736,,5,4.678,-227.546,2,26.257
2026-02-22T21:47:17.000Z,1771796837.000,32.636842913,-117.204234717,5.423,346.396,346.736,18.804,-2.329,-36.435,11.272,310.301,4.364,-3737,,5,4.929,-225.628,2,26.55
2026-02-22T21:47:18.000Z,1771796838.000,32.636868993,-117.204239051,5.779,357.672,347.156,19.857,-7.64,-36.897,11.27,310.259,4.621,-3738,,5,4.675,-223.69,2,26.575
2026-02-22T21:47:19.000Z,1771796839.000,32.636894359,-117.204240535,5.929,355.859,349.666,17.977,0.998,-39.387,11.268,310.279,4.576,-3739,,5,4.9,-221.504,2,27.068
2026-02-22T21:47:20.000Z,1771796840.000,32.636922195,-117.204242605,6.266,347.709,354.6,24.243,-1.524,-44.077,11.267,310.523,4.499,-3740,,5,5.621,-219.003,2,27.212
2026-02-22T21:47:21.000Z,1771796841.000,32.63695041,-117.204249793,6.669,348.339,346.103,22.18,-5.547,-35.711,11.265,310.392,5.415,-3741,,5,5.949,-217.627,2,26.456
2026-02-22T21:47:22.000Z,1771796842.000,32.636979183,-117.204254772,6.389,349.954,350.279,22.76,-0.648,-39.602,11.263,310.677,4.922,-3742,,5,5.61,-215.263,2,26.135
2026-02-22T21:47:23.000Z,1771796843.000,32.637007101,-117.204261557,5.724,351.457,349.694,24.821,-2.071,-38.708,11.262,310.986,4.467,-3743,,5,4.949,-213.388,2,25.667
2026-02-22T21:47:24.000Z,1771796844.000,32.637033345,-117.204269338,5.513,347.69,343.022,18.238,-1.671,-31.77,11.26,311.252,4.685,-3744,,5,4.937,-212.122,2,25.478
2026-02-22T21:47:25.000Z,1771796845.000,32.637058691,-117.204272743,5.753,351.225,349.192,26.833,-2.718,-37.703,11.258,311.489,4.542,-3745,,5,4.98,-209.809,2,25.627
2026-02-22T21:47:26.000Z,1771796846.000,32.637083686,-117.204276337,5.311,354.538,346.497,22.73,-1.509,-34.687,11.257,311.81,4.367,-3746,,5,4.433,-208.116,2,25.189
2026-02-22T21:47:27.000Z,1771796847.000,32.637108353,-117.204280265,5.476,349.129,348.9,24.88,-1.121,-37.229,11.255,311.671,4.36,-3747,,5,4.831,-206.143,2,25.458
2026-02-22T21:47:28.000Z,1771796848.000,32.6371333,-117.204285452,5.836,342.038,348.647,24.692,-4.351,-37.07,11.253,311.577,4.658,-3748,,5,5.446,-204.398,2,25.359
2026-02-22T21:47:29.000Z,1771796849.000,32.637158388,-117.204292545,5.415,349.854,347.092,24.279,-2.076,-35.495,11.252,311.598,4.409,-3749,,5,4.739,-202.843,2,25.679
2026-02-22T21:47:30.000Z,1771796850.000,32.637185036,-117.204298076,5.589,351.636,347.949,22.726,-2.074,-36.467,11.25,311.482,4.494,-3750,,5,4.802,-200.904,2,25.776
2026-02-22T21:47:31.000Z,1771796851.000,32.637212103,-117.204303813,6.165,344.505,349.429,22.199,-0.144,-37.958,11.248,311.471,4.86,-3751,,5,5.644,-198.904,2,25.387
2026-02-22T21:47:32.000Z,1771796852.000,32.637238603,-117.204309499,5.826,347.66,343.274,15.362,2.369,-31.786,11.247,311.488,4.951,-3752,,5,5.194,-197.452,2,24.787
2026-02-22T21:47:33.000Z,1771796853.000,32.637264435,-117.204312265,5.77,347.925,351.152,21.767,-5.426,-39.808,11.245,311.344,4.432,-3753,,5,5.127,-194.949,2,25.552
2026-02-22T21:47:34.000Z,1771796854.000,32.637290112,-117.204319214,5.939,349.709,343.373,16.659,-4.843,-32.314,11.243,311.06,5.02,-3754,,5,5.189,-193.746,2,24.567
2026-02-22T21:47:35.000Z,1771796855.000,32.637316323,-117.204319167,5.816,8.203,354.161,28.047,-1.466,-43.308,11.242,310.854,4.212,-3755,,5,3.912,-190.868,2,24.63
2026-02-22T21:47:36.000Z,1771796856.000,32.637342041,-117.204321061,5.263,358.549,351.558,26.456,1.365,-40.782,11.24,310.775,3.981,-3756,,5,4.138,-188.99,2,24.127
2026-02-22T21:47:37.000Z,1771796857.000,32.637367039,-117.204323481,5.67,350.602,347.847,27.181,-3.736,-37.28,11.238,310.567,4.511,-3757,,5,4.896,-187.288,2,24.102
2026-02-22T21:47:38.000Z,1771796858.000,32.63739318,-117.204326692,5.8,351.016,347.535,27.828,-4.13,-36.948,11.237,310.587,4.635,-3758,,5,4.984,-185.324,2,24.175
2026-02-22T21:47:39.000Z,1771796859.000,32.637418676,-117.204330957,5.6,350.272,351.1,30.719,-2.253,-40.577,11.235,310.523,4.253,-3759,,5,4.845,-183.231,2,24.455
2026-02-22T21:47:40.000Z,1771796860.000,32.637444416,-117.204338854,5.462,348.928,343.929,26.322,2.021,-33.606,11.233,310.323,4.548,-3760,,5,4.786,-182.04,2,23.705
2026-02-22T21:47:41.000Z,1771796861.000,32.637470094,-117.204345229,5.785,353.199,344.119,29.079,-1,-33.68,11.232,310.439,4.814,-3761,,5,4.844,-180.278,2,23.442
2026-02-22T21:47:42.000Z,1771796862.000,32.63749612,-117.204352778,5.815,340.946,346.047,30.196,-1.243,-35.864,11.23,310.183,4.712,-3762,,5,5.431,-178.442,2,23.094
2026-02-22T21:47:43.000Z,1771796863.000,32.637521422,-117.204363833,5.812,336.272,339.869,25.164,-3.174,-30.057,11.228,309.811,5.029,-3763,,5,5.578,-177.44,2,21.959
2026-02-22T21:47:44.000Z,1771796864.000,32.637547144,-117.204372936,6.137,345.348,340.067,22.615,-3.944,-30.556,11.227,309.511,5.284,-3764,,5,5.542,-175.841,2,21.608
2026-02-22T21:47:45.000Z,1771796865.000,32.637572511,-117.204379233,5.895,346.369,344.363,25.329,-3.794,-34.926,11.225,309.438,4.83,-3765,,5,5.273,-173.814,2,21.553
2026-02-22T21:47:46.000Z,1771796866.000,32.63759872,-117.204385552,5.585,346.085,346.021,29.475,-2.813,-36.917,11.223,309.104,4.465,-3766,,5,5.005,-171.905,2,21.096
2026-02-22T21:47:47.000Z,1771796867.000,32.637623203,-117.204393842,5.26,350.83,339.397,20.851,1.556,-30.494,11.222,308.902,4.531,-3767,,5,4.503,-170.832,2,20.609
2026-02-22T21:47:48.000Z,1771796868.000,32.637648644,-117.204397891,5.549,349.728,349.483,28.401,-3.738,-40.769,11.22,308.714,4.204,-3768,,5,4.8,-168.274,2,21.211
2026-02-22T21:47:49.000Z,1771796869.000,32.637673648,-117.204406124,5.769,345.308,343.311,21.242,0.019,-34.749,11.218,308.562,4.74,-3769,,5,5.197,-167.105,2,21.066
2026-02-22T21:47:50.000Z,1771796870.000,32.637699891,-117.204412381,5.868,343.206,346.576,23.939,-4.716,-38.108,11.217,308.467,4.616,-3770,,5,5.373,-165.082,2,21.454
2026-02-22T21:47:51.000Z,1771796871.000,32.637727853,-117.204420082,6.112,353.303,343.216,21.104,1.407,-34.981,11.215,308.236,5.008,-3771,,5,5.074,-163.45,2,20.959
2026-02-22T21:47:52.000Z,1771796872.000,32.637756013,-117.204426192,5.974,343.162,346.609,25.05,-2.22,-38.456,11.213,308.153,4.676,-3772,,5,5.465,-161.247,2,19.954
2026-02-22T21:47:53.000Z,1771796873.000,32.637784,-117.204433939,6.339,349.194,345.261,24.653,-2.004,-36.967,11.212,308.294,5.065,-3773,,5,5.494,-159.48,2,19.162
2026-02-22T21:47:54.000Z,1771796874.000,32.637811585,-117.204439724,5.89,352.365,341.432,20.145,-0.17,-33.095,11.21,308.338,4.932,-3774,,5,4.931,-157.798,2,18.76
2026-02-22T21:47:55.000Z,1771796875.000,32.637839701,-117.204442157,5.923,353.435,353.934,29.202,-5.77,-45.729,11.208,308.205,4.134,-3775,,5,4.889,-154.787,2,18.844
2026-02-22T21:47:56.000Z,1771796876.000,32.637864887,-117.204451541,5.676,343.188,340.024,14.942,-0.643,-31.751,11.207,308.272,4.824,-3776,,5,5.18,-154.18,2,17.656
2026-02-22T21:47:57.000Z,1771796877.000,32.63788941,-117.204453708,5.315,353.761,347.388,20.733,-3.148,-38.781,11.205,308.607,4.143,-3777,,5,4.364,-151.762,2,18.066
2026-02-22T21:47:58.000Z,1771796878.000,32.637914396,-117.204459914,5.685,344.155,346.882,18.92,-2.305,-38.52,11.203,308.362,4.444,-3778,,5,5.141,-150.095,2,17.979
2026-02-22T21:47:59.000Z,1771796879.000,32.637940562,-117.2044651,5.612,354.132,346.846,22.26,-1.217,-38.516,11.202,308.331,4.391,-3779,,5,4.578,-148.231,2,17.949
2026-02-22T21:48:00.000Z,1771796880.000,32.637966259,-117.204469881,5.6,344.776,347.094,25.919,-3.476,-38.617,11.2,308.478,4.375,-3780,,5,5.031,-146.365,2,17.496
2026-02-22T21:48:01.000Z,1771796881.000,32.637990054,-117.20447771,5.545,341.749,340.51,17.521,-3.457,-31.977,11.198,308.533,4.704,-3781,,5,5.102,-145.314,2,16.805
2026-02-22T21:48:02.000Z,1771796882.000,32.638015371,-117.204481896,5.547,349.173,347.331,24.267,-5.385,-38.672,11.197,308.659,4.331,-3782,,5,4.775,-142.992,2,16.894
2026-02-22T21:48:03.000Z,1771796883.000,32.638041229,-117.204485882,5.294,0.449,352.579,27.994,-1.118,-43.692,11.195,308.887,3.831,-3783,,5,3.936,-140.749,2,16.615
2026-02-22T21:48:04.000Z,1771796884.000,32.638066108,-117.204488891,5.4,354.354,352.038,28.074,1.469,-42.931,11.193,309.106,3.953,-3784,,5,4.371,-138.89,2,16.417
2026-02-22T21:48:05.000Z,1771796885.000,32.638090932,-117.204495893,5.787,342.117,346.088,21.551,-0.555,-37.061,11.192,309.027,4.613,-3785,,5,5.296,-137.635,2,15.885
2026-02-22T21:48:06.000Z,1771796886.000,32.638116001,-117.204497966,5.26,7.775,349.438,27.596,-3.276,-40.261,11.19,309.177,4.015,-3786,,5,3.415,-135.449,2,16.345
2026-02-22T21:48:07.000Z,1771796887.000,32.638142117,-117.204503495,5.8,345.874,345.934,20.341,-1.428,-36.813,11.188,309.121,4.639,-3787,,5,5.136,-133.841,2,15.653
2026-02-22T21:48:08.000Z,1771796888.000,32.638168085,-117.204506852,5.812,349.917,349.793,24.292,-6.116,-40.819,11.187,308.974,4.399,-3788,,5,4.938,-131.627,2,15.984
2026-02-22T21:48:09.000Z,1771796889.000,32.638193387,-117.20451203,5.44,355.248,345.45,17.727,-1.966,-36.676,11.185,308.775,4.363,-3789,,5,4.332,-130.119,2,15.864
2026-02-22T21:48:10.000Z,1771796890.000,32.638218848,-117.204515222,5.297,357.493,346.356,20.186,-2.846,-37.661,11.183,308.694,4.192,-3790,,5,4.084,-128.13,2,15.983
2026-02-22T21:48:11.000Z,1771796891.000,32.638245977,-117.20451729,5.834,348.329,355.124,27.197,-4.705,-46.351,11.182,308.773,4.025,-3791,,5,5.026,-125.445,2,16.642
2026-02-22T21:48:12.000Z,1771796892.000,32.638271425,-117.204523921,5.844,346.044,345.18,17.84,-1.022,-36.203,11.18,308.977,4.716,-3792,,5,5.147,-124.358,2,16.067
2026-02-22T21:48:13.000Z,1771796893.000,32.638296596,-117.204529526,5.369,349.634,342.909,14.817,-2.648,-33.685,11.178,309.224,4.466,-3793,,5,4.557,-122.758,2,15.933
2026-02-22T21:48:14.000Z,1771796894.000,32.638321033,-117.204533367,5.7,350.45,349.843,19.741,-5.472,-40.551,11.177,309.292,4.33,-3794,,5,4.788,-120.495,2,16.828
2026-02-22T21:48:15.000Z,1771796895.000,32.638345305,-117.204538763,5.347,351.044,347.709,20.133,-0.987,-38.129,11.175,309.58,4.205,-3795,,5,4.458,-118.94,2,16.803
2026-02-22T21:48:16.000Z,1771796896.000,32.638369447,-117.204543898,5.2,346.947,347.633,24.019,-4.391,-38.126,11.173,309.507,4.09,-3796,,5,4.526,-117.247,2,16.41
2026-02-22T21:48:17.000Z,1771796897.000,32.638392664,-117.204551226,5.071,345.106,344.943,21.706,-2.967,-35.044,11.172,309.898,4.151,-3797,,5,4.489,-115.941,2,15.882
2026-02-22T21:48:18.000Z,1771796898.000,32.638416091,-117.204557852,5.35,347.451,345.075,19.996,-3.564,-35.19,11.17,309.884,4.372,-3798,,5,4.628,-114.386,2,15.551
2026-02-22T21:48:19.000Z,1771796899.000,32.63844115,-117.204562438,5.65,349.025,347.056,20.95,-1.263,-37.138,11.168,309.917,4.503,-3799,,5,4.803,-112.445,2,15.866
2026-02-22T21:48:20.000Z,1771796900.000,32.638465375,-117.204569773,5.571,338.065,345.204,19.057,-4.076,-35.424,11.167,309.78,4.539,-3800,,5,5.205,-111.001,2,15.655
2026-02-22T21:48:21.000Z,1771796901.000,32.638490104,-117.204576977,5.844,350.646,344.182,17.698,-3.167,-34.672,11.165,309.51,4.801,-3801,,5,4.871,-109.451,2,15.531
2026-02-22T21:48:22.000Z,1771796902.000,32.638515467,-117.204580273,5.805,356.048,347.396,19.431,-0.233,-37.923,11.163,309.473,4.578,-3802,,5,4.508,-107.321,2,15.691
2026-02-22T21:48:23.000Z,1771796903.000,32.638542023,-117.204584067,5.952,343.963,347.85,22.003,-1.549,-38.366,11.162,309.484,4.667,-3803,,5,5.301,-105.309,2,15.812
2026-02-22T21:48:24.000Z,1771796904.000,32.63856781,-117.204586139,5.6,1.983,349.548,26.829,-1.809,-40.171,11.16,309.377,4.275,-3804,,5,3.948,-103.177,2,16.084
2026-02-22T21:48:25.000Z,1771796905.000,32.638592882,-117.204591691,5.586,343.614,346.186,23.006,-1.88,-36.76,11.158,309.426,4.473,-3805,,5,4.983,-101.646,2,15.558
2026-02-22T21:48:26.000Z,1771796906.000,32.638618349,-117.20459715,5.737,352.946,345.531,24.553,-1.903,-36.016,11.157,309.516,4.64,-3806,,5,4.625,-99.9,2,15.441
2026-02-22T21:48:27.000Z,1771796907.000,32.638644312,-117.204600199,5.5,356.129,350.788,28.218,-1.96,-41.008,11.155,309.78,4.15,-3807,,5,4.239,-97.58,2,15.73
2026-02-22T21:48:28.000Z,1771796908.000,32.638669765,-117.204607401,5.103,359.334,342.947,19.965,-0.16,-32.735,11.153,310.212,4.286,-3808,,5,3.742,-96.418,2,15.13
2026-02-22T21:48:29.000Z,1771796909.000,32.638696082,-117.204610525,6,354.263,351.206,26.928,-3.333,-41.012,11.152,310.194,4.527,-3809,,5,4.735,-93.87,2,15.378
2026-02-22T21:48:30.000Z,1771796910.000,32.638721613,-117.204615892,5.815,345.121,351.028,25.466,-0.928,-40.73,11.15,310.299,4.407,-3810,,5,5.094,-92.081,2,15.067
2026-02-22T21:48:31.000Z,1771796911.000,32.638748251,-117.204624498,5.626,340.693,344.679,19.773,1.439,-34.134,11.148,310.545,4.652,-3811,,5,5.121,-90.804,2,14.544
2026-02-22T21:48:32.000Z,1771796912.000,32.638773467,-117.204628174,5.293,349.075,351.231,25.92,-4.111,-40.619,11.147,310.613,4.02,-3812,,5,4.441,-88.5,2,15.092
2026-02-22T21:48:33.000Z,1771796913.000,32.638797834,-117.20463595,5.573,339.293,344.197,16.19,-3.402,-33.627,11.145,310.57,4.638,-3813,,5,5.121,-87.407,2,14.679
2026-02-22T21:48:34.000Z,1771796914.000,32.638822302,-117.204641715,5.754,353.131,344.453,18.274,-1.395,-34.097,11.143,310.356,4.764,-3814,,5,4.586,-85.702,2,14.491
2026-02-22T21:48:35.000Z,1771796915.000,32.638848605,-117.20464316,5.588,352.132,351.943,24.418,-3.436,-41.678,11.142,310.265,4.173,-3815,,5,4.505,-83.109,2,14.957
2026-02-22T21:48:36.000Z,1771796916.000,32.638873887,-117.20464747,5.987,350.857,345.107,16.078,-4.461,-34.561,11.14,310.546,4.929,-3816,,5,4.9,-81.708,2,14.677
2026-02-22T21:48:37.000Z,1771796917.000,32.638900042,-117.204650286,5.786,358.754,347.995,18.623,-3.172,-37.518,11.138,310.477,4.588,-3817,,5,4.226,-79.506,2,14.937
2026-02-22T21:48:38.000Z,1771796918.000,32.638926787,-117.204650653,5.8,354.735,350.647,20.871,-4.16,-40.206,11.137,310.442,4.43,-3818,,5,4.496,-77.126,2,15.09
2026-02-22T21:48:39.000Z,1771796919.000,32.638953774,-117.204654097,5.777,346.197,351.472,19.667,-1.545,-41.006,11.135,310.466,4.359,-3819,,5,4.965,-75.035,2,15.09
2026-02-22T21:48:40.000Z,1771796920.000,32.63898042,-117.204654111,5.551,358.131,352.859,22.802,-1.621,-42.477,11.133,310.382,4.094,-3820,,5,4.073,-72.726,2,15.374
2026-02-22T21:48:41.000Z,1771796921.000,32.639006616,-117.204654024,5.814,358.397,352.825,27.25,-1.457,-42.551,11.132,310.274,4.282,-3821,,5,4.24,-70.536,2,15.331
2026-02-22T21:48:42.000Z,1771796922.000,32.639032842,-117.204656704,5.816,349.168,349.889,25.334,-1.763,-39.634,11.13,310.255,4.479,-3822,,5,4.819,-68.694,2,15.27
2026-02-22T21:48:43.000Z,1771796923.000,32.639058573,-117.204658292,5.841,349.212,353.59,24.513,-3.297,-43.612,11.128,309.977,4.23,-3823,,5,4.83,-66.416,2,15.82
2026-02-22T21:48:44.000Z,1771796924.000,32.639084693,-117.204666192,6.161,334.204,345.29,20.792,-3.156,-35.339,11.127,309.951,5.025,-3824,,5,5.817,-65.254,2,15.202
2026-02-22T21:48:45.000Z,1771796925.000,32.639112019,-117.204668636,5.709,4.474,352.758,32.504,-2.725,-43.022,11.125,309.736,4.178,-3825,,5,3.696,-62.647,2,15.683
2026-02-22T21:48:46.000Z,1771796926.000,32.639137083,-117.204672966,5.6,346.694,350.658,28.439,-1.507,-40.966,11.123,309.692,4.227,-3826,,5,4.751,-60.95,2,15.832
2026-02-22T21:48:47.000Z,1771796927.000,32.639161922,-117.2046806,5.512,349.153,344.12,25.007,-1.974,-34.498,11.122,309.622,4.543,-3827,,5,4.544,-59.776,2,15.588
2026-02-22T21:48:48.000Z,1771796928.000,32.639186877,-117.204685178,5.526,351.042,346.693,27.952,-1.711,-36.926,11.12,309.766,4.416,-3828,,5,4.443,-57.803,2,15.628
2026-02-22T21:48:49.000Z,1771796929.000,32.639212655,-117.204689818,5.654,352.988,346.307,28.574,-2.84,-36.258,11.118,310.049,4.557,-3829,,5,4.424,-55.963,2,15.423
2026-02-22T21:48:50.000Z,1771796930.000,32.639238971,-117.204695374,6.022,346.714,345.263,29.666,-3.818,-35.273,11.117,309.99,4.917,-3830,,5,5.088,-54.18,2,15.023
2026-02-22T21:48:51.000Z,1771796931.000,32.63926602,-117.204702634,6.131,347.789,344.472,25.029,-0.224,-34.738,11.115,309.734,5.037,-3831,,5,5.113,-52.424,2,14.803
2026-02-22T21:48:52.000Z,1771796932.000,32.6392928,-117.204710279,5.926,339.222,345.727,25.131,-4.235,-35.96,11.113,309.767,4.792,-3832,,5,5.369,-50.577,2,14.603
2026-02-22T21:48:53.000Z,1771796933.000,32.639318986,-117.204719566,6.432,347.339,344.139,24.152,-3.062,-34.612,11.112,309.528,5.292,-3833,,5,5.381,-49.072,2,14.306
2026-02-22T21:48:54.000Z,1771796934.000,32.639346267,-117.204727999,6.146,338.031,344.169,22.458,-0.424,-34.715,11.11,309.455,5.05,-3834,,5,5.614,-47.314,2,14.228
2026-02-22T21:48:55.000Z,1771796935.000,32.639373677,-117.204736356,6.011,347.684,340.125,16.613,-2.198,-31.009,11.108,309.116,5.152,-3835,,5,4.999,-45.824,2,13.68
2026-02-22T21:48:56.000Z,1771796936.000,32.639399963,-117.204740558,5.8,348.75,347.048,21.11,-5.325,-38.22,11.107,308.828,4.557,-3836,,5,4.755,-43.414,2,13.98
2026-02-22T21:48:57.000Z,1771796937.000,32.639425608,-117.204746747,5.991,348.781,349.116,22.997,-3.073,-40.517,11.105,308.599,4.545,-3837,,5,4.904,-41.524,2,14.329
2026-02-22T21:48:58.000Z,1771796938.000,32.639450914,-117.204751614,5.615,350.859,342.642,16.79,0.225,-34.263,11.103,308.379,4.638,-3838,,5,4.472,-40.144,2,14.378
2026-02-22T21:48:59.000Z,1771796939.000,32.639477434,-117.2047526,5.811,352.286,349.183,22.921,-5.822,-40.945,11.102,308.238,4.389,-3839,,5,4.529,-37.553,2,14.979
2026-02-22T21:49:00.000Z,1771796940.000,32.639501606,-117.204759464,5.512,340.472,341.503,13.522,-0.918,-32.991,11.1,308.512,4.619,-3840,,5,4.91,-36.477,2,14.489
2026-02-22T21:49:01.000Z,1771796941.000,32.639526753,-117.204764692,5.513,344.724,345.428,20.014,-4.022,-37.038,11.098,308.39,4.399,-3841,,5,4.706,-34.431,2,14.801
2026-02-22T21:49:02.000Z,1771796942.000,32.639551839,-117.204769565,5.5,353.558,347.569,27.189,-3.359,-39.106,11.097,308.463,4.267,-3842,,5,4.192,-32.495,2,15.033
2026-02-22T21:49:03.000Z,1771796943.000,32.639576697,-117.204775358,5.222,347.811,345.848,24.144,-0.825,-37.192,11.095,308.656,4.16,-3843,,5,4.294,-30.891,2,14.805
2026-02-22T21:49:04.000Z,1771796944.000,32.639600076,-117.204782183,5.112,347.001,344.204,20.063,0.482,-35.303,11.093,308.901,4.172,-3844,,5,4.241,-29.473,2,14.333
2026-02-22T21:49:05.000Z,1771796945.000,32.639625004,-117.204788119,5.439,347.838,342.959,23.251,-5.99,-33.92,11.092,309.039,4.513,-3845,,5,4.462,-27.844,2,14.034
2026-02-22T21:49:06.000Z,1771796946.000,32.639650179,-117.2047927,5.655,348.79,345.673,22.98,-1.517,-36.725,11.09,308.948,4.53,-3846,,5,4.578,-25.841,2,14.216
2026-02-22T21:49:07.000Z,1771796947.000,32.639676087,-117.204797235,5.767,348.552,348.523,25.944,-4.354,-39.639,11.088,308.884,4.44,-3847,,5,4.676,-23.771,2,14.314
2026-02-22T21:49:08.000Z,1771796948.000,32.639701801,-117.204805434,5.975,341.435,345.051,24.725,-2.522,-36.235,11.087,308.816,4.82,-3848,,5,5.237,-22.361,2,14.324
2026-02-22T21:49:09.000Z,1771796949.000,32.639727536,-117.204814989,5.9,343.517,337.362,16.464,-1.893,-28.76,11.085,308.602,5.17,-3849,,5,5.061,-21.344,2,14.036
2026-02-22T21:49:10.000Z,1771796950.000,32.63975329,-117.204819801,5.6,349.407,350.826,25.21,-6.096,-42.384,11.083,308.441,4.132,-3850,,5,4.474,-18.578,2,14.484
2026-02-22T21:49:11.000Z,1771796951.000,32.639778686,-117.204828698,5.5,341.032,343.425,15.823,5.55,-35.13,11.082,308.295,4.498,-3851,,5,4.826,-17.491,2,13.432
2026-02-22T21:49:12.000Z,1771796952.000,32.639804419,-117.204831169,5.412,352.039,346.312,23.774,-2.586,-38.253,11.08,308.059,4.25,-3852,,5,4.158,-15.301,2,13.781
2026-02-22T21:49:13.000Z,1771796953.000,32.639828788,-117.204834775,5.609,344.129,351.064,25.711,-4.548,-43.145,11.078,307.919,4.094,-3853,,5,4.756,-13.183,2,14.326
2026-02-22T21:49:14.000Z,1771796954.000,32.639853437,-117.20484154,5.754,346.548,344.977,23.697,-4.31,-37.002,11.077,307.975,4.595,-3854,,5,4.742,-11.939,2,14.15
2026-02-22T21:49:15.000Z,1771796955.000,32.639879499,-117.204846248,5.511,354.358,346.596,25.58,-2.964,-38.61,11.075,307.986,4.305,-3855,,5,4.068,-9.947,2,13.965
2026-02-22T21:49:16.000Z,1771796956.000,32.639904864,-117.204849958,5.7,348.264,348.56,23.463,-3.291,-40.592,11.073,307.968,4.328,-3856,,5,4.585,-7.93,2,13.974
2026-02-22T21:49:17.000Z,1771796957.000,32.639930562,-117.204857223,5.972,348.849,346.118,22.098,-2.393,-38.209,11.072,307.909,4.693,-3857,,5,4.761,-6.394,2,13.622
2026-02-22T21:49:18.000Z,1771796958.000,32.63995663,-117.204861429,5.66,353.065,347.668,27.236,-2.197,-39.811,11.07,307.857,4.349,-3858,,5,4.242,-4.376,2,14.057
2026-02-22T21:49:19.000Z,1771796959.000,32.639983102,-117.204865653,5.7,347.128,348.651,26.87,-1.247,-40.981,11.068,307.67,4.303,-3859,,5,4.632,-2.363,2,13.801
2026-02-22T21:49:20.000Z,1771796960.000,32.640007622,-117.204875586,5.325,335.92,341.495,26.961,-2.095,-34.016,11.067,307.479,4.41,-3860,,5,4.846,-1.414,2,12.579
2026-02-22T21:49:21.000Z,1771796961.000,32.640027238,-117.204891933,5.226,315.533,329.441,18.784,-6.294,-21.895,11.065,307.546,4.831,-3861,,5,5.213,-1.681,2,11.905
2026-02-22T21:49:22.000Z,1771796962.000,32.640037108,-117.204912932,4.485,288.678,311.62,0.31,-6.875,-4.042,11.063,307.578,4.464,-3862,,5,4.132,-3.573,2,11.897
2026-02-22T21:49:23.000Z,1771796963.000,32.640041134,-117.204935363,4.133,276.535,292.435,3.35,-2.55,14.859,11.062,307.295,3.993,-3863,,5,3.378,-6.152,2,12.163
2026-02-22T21:49:24.000Z,1771796964.000,32.640036388,-117.204959333,4.888,251.302,285.382,-14.248,-3.956,21.633,11.06,307.016,4.544,-3864,,5,2.403,-8.56,2,13.109
2026-02-22T21:49:25.000Z,1771796965.000,32.640030013,-117.204982235,4.906,249.956,285.137,-18.49,-3.082,21.713,11.058,306.85,4.558,-3865,,5,2.301,-10.527,2,13.949
2026-02-22T21:49:26.000Z,1771796966.000,32.640023658,-117.205007092,4.984,256.833,289.511,-24.812,-7.358,17.29,11.057,306.801,4.759,-3866,,5,2.841,-12.271,2,14.671
2026-02-22T21:49:27.000Z,1771796967.000,32.640021619,-117.205033299,4.711,261.721,298.927,-21.952,1.289,7.854,11.055,306.781,4.661,-3867,,5,3.001,-13.331,2,14.862
2026-02-22T21:49:28.000Z,1771796968.000,32.640021415,-117.205059891,4.86,279.074,294.303,-23.944,-7.335,12.148,11.053,306.451,4.752,-3868,,5,4.067,-15.357,2,15.485
2026-02-22T21:49:29.000Z,1771796969.000,32.64002236,-117.205086612,5.621,274.896,297.357,-19.862,-8.113,8.868,11.052,306.224,5.545,-3869,,5,4.461,-16.69,2,15.91
2026-02-22T21:49:30.000Z,1771796970.000,32.640023185,-117.205112335,4.87,270.34,301.489,-15.815,-0.532,4.785,11.05,306.275,4.849,-3870,,5,3.613,-17.885,2,16.954
2026-02-22T21:49:31.000Z,1771796971.000,32.640022134,-117.205140204,4.69,268.28,293.407,-17.785,-7.135,12.916,11.048,306.323,4.571,-3871,,5,3.356,-20.333,2,18.24
2026-02-22T21:49:32.000Z,1771796972.000,32.640018734,-117.205169106,5.802,262.738,297.859,-27.57,-6.425,8.522,11.047,306.38,5.731,-3872,,5,3.732,-22.056,2,18.493
2026-02-22T21:49:33.000Z,1771796973.000,32.640018087,-117.205199354,5.487,268.615,302.078,-20.128,-1.34,4.368,11.045,306.446,5.466,-3873,,5,3.935,-23.645,2,17.907
2026-02-22T21:49:34.000Z,1771796974.000,32.640018955,-117.205230738,5.654,276.311,299.827,-21.105,-3.683,6.684,11.043,306.51,5.615,-3874,,5,4.538,-25.694,2,17.555
2026-02-22T21:49:35.000Z,1771796975.000,32.640022987,-117.205260698,5.078,283.81,301.635,-12.23,-3.029,4.938,11.042,306.573,5.058,-3875,,5,4.433,-27.066,2,16.52
2026-02-22T21:49:36.000Z,1771796976.000,32.640026051,-117.205289482,5.037,281.527,299.427,-9.191,-4.951,7.2,11.04,306.627,4.998,-3876,,5,4.29,-28.767,2,15.341
2026-02-22T21:49:37.000Z,1771796977.000,32.64002751,-117.20531918,5.138,271.967,294.381,-10.529,-6.805,12.324,11.038,306.705,5.016,-3877,,5,3.86,-30.877,2,15.01
2026-02-22T21:49:38.000Z,1771796978.000,32.640029633,-117.20534805,5.485,274.448,298.293,-8.429,-2.19,8.472,11.037,306.765,5.425,-3878,,5,4.268,-32.18,2,14.832
2026-02-22T21:49:39.000Z,1771796979.000,32.640031659,-117.205377972,5.243,278.686,296.585,-12.063,-4.501,10.241,11.035,306.826,5.159,-3879,,5,4.306,-33.996,2,13.519
2026-02-22T21:49:40.000Z,1771796980.000,32.640034392,-117.205405801,5.112,272.253,296.292,-10.574,-3.735,10.594,11.033,306.886,5.025,-3880,,5,3.839,-35.512,2,14.187
2026-02-22T21:49:41.000Z,1771796981.000,32.640035482,-117.205435041,5.513,274.435,292.366,-9.825,-7.702,14.575,11.032,306.94,5.333,-3881,,5,4.268,-37.533,2,14.626
2026-02-22T21:49:42.000Z,1771796982.000,32.640036,-117.205464587,5.722,268.471,293.573,-8.176,-5.632,13.414,11.03,306.988,5.562,-3882,,5,4.021,-39.224,2,13.885
2026-02-22T21:49:43.000Z,1771796983.000,32.640035066,-117.20549545,5.724,264.87,290.696,-9.519,-7.915,16.35,11.028,307.046,5.49,-3883,,5,3.748,-41.432,2,13.381
2026-02-22T21:49:44.000Z,1771796984.000,32.640031146,-117.20552466,5.5,259.911,291.693,-17.743,-3.465,15.543,11.027,307.236,5.299,-3884,,5,3.218,-43.49,2,13.781
2026-02-22T21:49:45.000Z,1771796985.000,32.640026859,-117.205554384,5.278,260.572,290.654,-16.144,-0.504,16.837,11.025,307.49,5.046,-3885,,5,3.127,-45.764,2,14.96
2026-02-22T21:49:46.000Z,1771796986.000,32.640023215,-117.205584248,5.385,265.879,288.673,-24.222,-8.529,19.141,11.023,307.814,5.085,-3886,,5,3.567,-48.065,2,15.911
2026-02-22T21:49:47.000Z,1771796987.000,32.640022422,-117.205614458,5.634,266.697,297.328,-19.813,-4.52,10.506,11.022,307.834,5.539,-3887,,5,3.785,-49.334,2,16.383
2026-02-22T21:49:48.000Z,1771796988.000,32.640021461,-117.205644194,5.264,269.373,296.882,-18.021,-0.613,10.974,11.02,307.856,5.164,-3888,,5,3.706,-51.288,2,16.737
2026-02-22T21:49:49.000Z,1771796989.000,32.640019833,-117.205674931,5.54,269.826,291.556,-20.125,-7.749,16.377,11.018,307.934,5.315,-3889,,5,3.921,-53.738,2,17.19
2026-02-22T21:49:50.000Z,1771796990.000,32.640018291,-117.205706267,6.124,270.873,292.065,-20.217,-8.857,15.986,11.017,308.051,5.882,-3890,,5,4.402,-55.766,2,17.353
2026-02-22T21:49:51.000Z,1771796991.000,32.640017198,-117.205738263,5.433,263.144,299.595,-23.195,0.32,8.619,11.015,308.214,5.365,-3891,,5,3.354,-57.247,2,17.489
2026-02-22T21:49:52.000Z,1771796992.000,32.640016676,-117.20576899,5.597,271.996,298.645,-22.519,1.445,9.764,11.013,308.408,5.509,-3892,,5,4.082,-59.267,2,17.7
2026-02-22T21:49:53.000Z,1771796993.000,32.640016748,-117.205800485,5.543,273.251,294.683,-23.002,-5.554,13.691,11.012,308.373,5.386,-3893,,5,4.115,-61.52,2,17.297
2026-02-22T21:49:54.000Z,1771796994.000,32.640017448,-117.205831613,5.646,273.78,294.325,-19.345,-6.458,14.035,11.01,308.361,5.472,-3894,,5,4.217,-63.413,2,17.128
2026-02-22T21:49:55.000Z,1771796995.000,32.640018611,-117.205863448,6.056,269.955,300.224,-17.56,-7.786,8.304,11.008,308.528,5.99,-3895,,5,4.237,-64.822,2,16.994
2026-02-22T21:49:56.000Z,1771796996.000,32.640019563,-117.205892768,5.651,274.148,294.774,-16.037,-7.055,14.021,11.007,308.795,5.482,-3896,,5,4.229,-66.986,2,17.176
2026-02-22T21:49:57.000Z,1771796997.000,32.64001902,-117.205921715,5.36,264.177,299.118,-18.486,-6.428,9.895,11.005,309.013,5.28,-3897,,5,3.327,-68.48,2,18.574
2026-02-22T21:49:58.000Z,1771796998.000,32.640017152,-117.205951793,5.4,269.288,296.823,-18.61,-0.272,12.197,11.003,309.019,5.273,-3898,,5,3.705,-70.676,2,19.2
2026-02-22T21:49:59.000Z,1771796999.000,32.640016144,-117.205983288,5.7,271.325,292.313,-20.247,-8.061,16.707,11.002,309.02,5.458,-3899,,5,4.044,-73.059,2,19.557
2026-02-22T21:50:00.000Z,1771797000.000,32.640014837,-117.206014557,5.739,270.461,297.701,-22.177,-2.469,11.826,11,309.527,5.617,-3900,,5,4.002,-74.683,2,19.354
2026-02-22T21:50:01.000Z,1771797001.000,32.640015118,-117.206046269,5.841,275.04,296.083,-21.661,-6.091,13.803,10.998,309.886,5.672,-3901,,5,4.385,-76.748,2,19.697
2026-02-22T21:50:02.000Z,1771797002.000,32.640014991,-117.206077732,6.009,266.268,298.063,-26.048,-9.487,11.977,10.997,310.039,5.871,-3902,,5,3.842,-78.548,2,19.062
2026-02-22T21:50:03.000Z,1771797003.000,32.640015044,-117.20611126,6.033,264.994,298.062,-22.775,-0.256,11.864,10.995,309.926,5.902,-3903,,5,3.741,-80.618,2,18.939
2026-02-22T21:50:04.000Z,1771797004.000,32.64001504,-117.206145256,6.1,273.863,293.897,-16.868,-9.526,15.927,10.993,309.824,5.865,-3904,,5,4.462,-83.047,2,19.743
2026-02-22T21:50:05.000Z,1771797005.000,32.640016569,-117.206175841,5.5,274.048,303.57,-13.163,2.586,6.203,10.992,309.773,5.454,-3905,,5,4.03,-84.044,2,19.472
2026-02-22T21:50:06.000Z,1771797006.000,32.6400175,-117.206206589,5.5,269.375,294.475,-19.984,-9.743,15.228,10.99,309.702,5.305,-3906,,5,3.699,-86.59,2,19.87
2026-02-22T21:50:07.000Z,1771797007.000,32.640018266,-117.206238945,5.889,269.192,304.108,-11.912,2.668,5.645,10.988,309.753,5.851,-3907,,5,3.939,-87.763,2,19.581
2026-02-22T21:50:08.000Z,1771797008.000,32.640017388,-117.20627092,5.849,274.031,295.629,-25.541,-6.34,14.34,10.987,309.969,5.667,-3908,,5,4.252,-90.488,2,20.308
2026-02-22T21:50:09.000Z,1771797009.000,32.640019655,-117.206303231,5.666,274.507,297.533,-22.946,-8.125,12.479,10.985,310.012,5.521,-3909,,5,4.142,-92.145,2,20.784
2026-02-22T21:50:10.000Z,1771797010.000,32.640023049,-117.206333672,6.075,274.613,306.948,-19.223,-3.851,2.973,10.983,309.921,6.064,-3910,,5,4.443,-92.993,2,19.834
2026-02-22T21:50:11.000Z,1771797011.000,32.640025852,-117.206365802,5.28,271.841,299.813,-17.448,-4.129,10.04,10.982,309.854,5.198,-3911,,5,3.672,-95.32,2,19.493
2026-02-22T21:50:12.000Z,1771797012.000,32.640027215,-117.206397685,5.876,271.779,299.53,-17.147,-2.978,10.329,10.98,309.859,5.78,-3912,,5,4.071,-97.2,2,19.401
2026-02-22T21:50:13.000Z,1771797013.000,32.640028081,-117.206428594,5.747,271.323,299.981,-20.748,-4.86,10.366,10.978,310.346,5.651,-3913,,5,3.939,-99.003,2,20.058
2026-02-22T21:50:14.000Z,1771797014.000,32.640030096,-117.206459398,5.526,276.861,299.36,-17.615,-2.401,11.268,10.977,310.628,5.418,-3914,,5,4.149,-100.79,2,20.328
2026-02-22T21:50:15.000Z,1771797015.000,32.640032038,-117.206491758,5.37,281.849,295.504,-19.153,-9.45,15.047,10.975,310.551,5.178,-3915,,5,4.315,-102.93,2,20.461
2026-02-22T21:50:16.000Z,1771797016.000,32.640034252,-117.206522678,5.788,273.907,299.249,-12.598,-3.677,11.132,10.973,310.381,5.678,-3916,,5,4.123,-104.365,2,19.639
2026-02-22T21:50:17.000Z,1771797017.000,32.640035819,-117.206553055,5.5,274.665,294.574,-13.737,-4.698,15.727,10.972,310.301,5.294,-3917,,5,3.958,-106.481,2,19.637
2026-02-22T21:50:18.000Z,1771797018.000,32.640035479,-117.206583478,5.868,268.187,293.418,-16.888,-6.652,17.118,10.97,310.536,5.602,-3918,,5,3.724,-108.479,2,20.142
2026-02-22T21:50:19.000Z,1771797019.000,32.640034667,-117.206615112,5.555,268.281,294.666,-20.001,-4.603,15.953,10.968,310.619,5.341,-3919,,5,3.521,-110.408,2,19.882
2026-02-22T21:50:20.000Z,1771797020.000,32.640032662,-117.206647,5.625,269.325,293.442,-22.886,-3.631,16.958,10.967,310.4,5.38,-3920,,5,3.631,-112.642,2,20.278
2026-02-22T21:50:21.000Z,1771797021.000,32.6400326,-117.2066798,6.213,270.608,294.465,-24.722,-10.549,15.794,10.965,310.259,5.976,-3921,,5,4.103,-114.596,2,20.206
2026-02-22T21:50:22.000Z,1771797022.000,32.640035165,-117.206711239,6.07,280.9,301.281,-17.651,-3.177,9.126,10.963,310.407,5.99,-3922,,5,4.751,-115.789,2,19.802
2026-02-22T21:50:23.000Z,1771797023.000,32.640039415,-117.206741974,5.6,277.679,296.839,-16.942,-7.915,13.804,10.962,310.643,5.438,-3923,,5,4.171,-117.687,2,19.832
2026-02-22T21:50:24.000Z,1771797024.000,32.640041326,-117.206772345,5.826,268.098,304.298,-12.264,-7.575,6.652,10.96,310.95,5.787,-3924,,5,3.624,-118.812,2,19.954
2026-02-22T21:50:25.000Z,1771797025.000,32.640040608,-117.2068037,5.792,268.695,298.656,-12.733,4.998,12.522,10.958,311.179,5.65,-3925,,5,3.634,-121.261,2,19.752
2026-02-22T21:50:26.000Z,1771797026.000,32.640037769,-117.20683561,5.954,267.135,292.524,-25.888,-7.405,18.604,10.957,311.129,5.639,-3926,,5,3.592,-123.949,2,20.357
2026-02-22T21:50:27.000Z,1771797027.000,32.640037723,-117.206868198,5.866,268.32,296.011,-24.759,-4.265,14.977,10.955,310.988,5.666,-3927,,5,3.623,-125.7,2,20.638
2026-02-22T21:50:28.000Z,1771797028.000,32.640039176,-117.206899095,5.65,275.764,294.997,-20.788,-8.386,16.227,10.953,311.224,5.425,-3928,,5,4.025,-127.569,2,20.47
2026-02-22T21:50:29.000Z,1771797029.000,32.64004006,-117.206930642,6.18,271.425,302.222,-24.635,-5.886,9.168,10.952,311.389,6.101,-3929,,5,4.052,-128.874,2,20.365
2026-02-22T21:50:30.000Z,1771797030.000,32.640041695,-117.206961034,5.175,281.514,301.405,-19.194,5.54,10.143,10.95,311.548,5.086,-3930,,5,4.017,-130.682,2,21.03
2026-02-22T21:50:31.000Z,1771797031.000,32.640042881,-117.206992112,5.16,274.169,297.628,-21.757,-7.594,14.057,10.948,311.684,4.998,-3931,,5,3.545,-132.804,2,21.542
2026-02-22T21:50:32.000Z,1771797032.000,32.640044663,-117.207021379,5.275,275.025,298.894,-21.581,-5.782,12.617,10.947,311.512,5.141,-3932,,5,3.672,-134.366,2,21.401
2026-02-22T21:50:33.000Z,1771797033.000,32.640047014,-117.207050855,5.267,279.1,299.788,-16.819,-6.131,11.341,10.945,311.129,5.163,-3933,,5,3.917,-135.923,2,21.933
2026-02-22T21:50:34.000Z,1771797034.000,32.640049805,-117.207080034,5.145,279.89,298.43,-19.872,-7.171,12.561,10.943,310.991,5.02,-3934,,5,3.865,-137.602,2,21.662
2026-02-22T21:50:35.000Z,1771797035.000,32.640053312,-117.207110488,5.776,276.047,297.668,-15.581,-5.697,13.331,10.942,310.999,5.618,-3935,,5,4.064,-139.252,2,21.402
2026-02-22T21:50:36.000Z,1771797036.000,32.640056203,-117.207140051,5.688,277.804,298.128,-11.716,-7.666,13.097,10.94,311.225,5.538,-3936,,5,4.114,-140.803,2,21.956
2026-02-22T21:50:37.000Z,1771797037.000,32.640058435,-117.207169364,5.455,273.975,300.111,-18.209,-4.129,11.092,10.938,311.203,5.353,-3937,,5,3.676,-142.273,2,22.17
2026-02-22T21:50:38.000Z,1771797038.000,32.640062116,-117.207198948,5.439,281.607,298.707,-14.781,-4.457,12.41,10.937,311.117,5.311,-3938,,5,4.157,-143.907,2,22.281
2026-02-22T21:50:39.000Z,1771797039.000,32.64006565,-117.207227835,5.354,275.585,299.011,-13.19,-5.889,12.092,10.935,311.104,5.234,-3939,,5,3.699,-145.374,2,22.51
2026-02-22T21:50:40.000Z,1771797040.000,32.640066788,-117.207256651,4.925,269.618,296.093,-20.966,-6.285,14.998,10.933,311.091,4.757,-3940,,5,3.003,-147.291,2,22.508
2026-02-22T21:50:41.000Z,1771797041.000,32.640067685,-117.207286996,5.554,269.605,294.679,-17.469,-5.755,16.527,10.932,311.206,5.32,-3941,,5,3.373,-149.203,2,22.436
2026-02-22T21:50:42.000Z,1771797042.000,32.640065941,-117.207318259,5.831,268.269,293.821,-24.288,-6.065,17.503,10.93,311.324,5.56,-3942,,5,3.417,-151.348,2,23.263
2026-02-22T21:50:43.000Z,1771797043.000,32.640066964,-117.207349885,5.776,271.575,297.633,-24.831,-8.944,13.583,10.928,311.216,5.613,-3943,,5,3.638,-152.921,2,23.19
2026-02-22T21:50:44.000Z,1771797044.000,32.640069315,-117.207380259,5.453,277.019,302.283,-16.297,0.17,8.964,10.927,311.247,5.379,-3944,,5,3.812,-154.233,2,22.706
2026-02-22T21:50:45.000Z,1771797045.000,32.64007145,-117.207411259,5.955,275.1,296.028,-18.598,-7.445,14.991,10.925,311.019,5.752,-3945,,5,4.003,-156.469,2,23.237
2026-02-22T21:50:46.000Z,1771797046.000,32.640074236,-117.207443442,6.184,275.472,297.958,-16.653,-5.812,12.922,10.923,310.88,6.028,-3946,,5,4.175,-158.075,2,22.817
2026-02-22T21:50:47.000Z,1771797047.000,32.640076824,-117.20747681,6,274.342,297.138,-13.771,-4.094,13.794,10.922,310.932,5.826,-3947,,5,3.948,-159.987,2,22.64
2026-02-22T21:50:48.000Z,1771797048.000,32.640078413,-117.207507861,6.224,270.888,296.488,-22.165,-8.867,14.398,10.92,310.886,6.024,-3948,,5,3.791,-161.825,2,22.308
2026-02-22T21:50:49.000Z,1771797049.000,32.640080229,-117.207537859,5.662,277.87,308.343,-11.594,4.072,2.577,10.918,310.92,5.631,-3949,,5,3.963,-162.58,2,22.523
2026-02-22T21:50:50.000Z,1771797050.000,32.640082278,-117.207569782,5.815,275.544,298.379,-20.071,-5.892,12.834,10.917,311.213,5.668,-3950,,5,3.882,-165.184,2,22.59
2026-02-22T21:50:51.000Z,1771797051.000,32.640084997,-117.207603161,6.076,275.308,299.107,-14.434,-2.922,12.337,10.915,311.444,5.936,-3951,,5,4.024,-166.964,2,21.802
2026-02-22T21:50:52.000Z,1771797052.000,32.640086789,-117.207635899,6.175,273.337,296.917,-20.652,-4.296,14.72,10.913,311.638,5.972,-3952,,5,3.912,-169.011,2,21.988
2026-02-22T21:50:53.000Z,1771797053.000,32.640090226,-117.207666698,5.5,279.104,297.756,-18.045,-7.924,13.922,10.912,311.678,5.335,-3953,,5,3.884,-170.563,2,22.299
2026-02-22T21:50:54.000Z,1771797054.000,32.640093401,-117.20769843,5.631,276.621,299.177,-13.053,-3.245,12.54,10.91,311.717,5.496,-3954,,5,3.788,-172.148,2,21.83
2026-02-22T21:50:55.000Z,1771797055.000,32.640095117,-117.207731357,6,273.619,292.865,-14.55,-7.175,18.962,10.908,311.826,5.67,-3955,,5,3.781,-174.534,2,22.385
2026-02-22T21:50:56.000Z,1771797056.000,32.64009495,-117.207763417,6.35,266.101,296.018,-19.9,-9.06,15.947,10.907,311.965,6.093,-3956,,5,3.307,-176.285,2,22.482
2026-02-22T21:50:57.000Z,1771797057.000,32.64009551,-117.207794929,5.94,273.075,298.348,-21.838,-2.83,13.851,10.905,312.2,5.766,-3957,,5,3.672,-178.005,2,22.315
2026-02-22T21:50:58.000Z,1771797058.000,32.640098108,-117.207828406,5.996,278.44,298.593,-22.625,-7.365,13.83,10.903,312.424,5.821,-3958,,5,4.118,-179.84,2,21.945
2026-02-22T21:50:59.000Z,1771797059.000,32.640101941,-117.207858912,5.6,278.612,298.68,-18.17,-6.937,13.914,10.902,312.594,5.435,-3959,,5,3.847,-181.4,2,22.239
2026-02-22T21:51:00.000Z,1771797060.000,32.640104212,-117.207889367,5.575,275.102,302.979,-12.324,-4.722,9.874,10.9,312.853,5.491,-3960,,5,3.564,-182.751,2,21.709
2026-02-22T21:51:01.000Z,1771797061.000,32.640104469,-117.207922059,6.3,270.798,297.854,-13.902,-0.559,14.998,10.898,312.852,6.081,-3961,,5,3.633,-185.159,2,21.115
2026-02-22T21:51:02.000Z,1771797062.000,32.640102437,-117.207955802,5.907,270.336,296.837,-24.281,-6.432,16.234,10.897,313.071,5.656,-3962,,5,3.349,-187.492,2,21.213
2026-02-22T21:51:03.000Z,1771797063.000,32.640101424,-117.207988912,5.953,267.959,295.44,-25.18,-10.015,17.538,10.895,312.977,5.668,-3963,,5,3.15,-189.736,2,20.973
2026-02-22T21:51:04.000Z,1771797064.000,32.640101863,-117.208021466,6.226,271.987,301.955,-28.136,-2.869,10.977,10.893,312.932,6.111,-3964,,5,3.644,-191.199,2,21.234
2026-02-22T21:51:05.000Z,1771797065.000,32.640105224,-117.208053076,5.985,275.583,300.035,-23.539,-7.657,13.004,10.892,313.038,5.831,-3965,,5,3.785,-193.026,2,21.117
2026-02-22T21:51:06.000Z,1771797066.000,32.640108718,-117.208084892,5.936,277.479,306.799,-22.634,-1.873,6.393,10.89,313.192,5.898,-3966,,5,3.894,-194.159,2,21.079
2026-02-22T21:51:07.000Z,1771797067.000,32.640111599,-117.208116228,5.183,277.664,303.808,-23.688,-4.158,9.556,10.888,313.364,5.109,-3967,,5,3.399,-196.098,2,19.654
2026-02-22T21:51:08.000Z,1771797068.000,32.64011485,-117.208148278,5.887,278.798,306.19,-24.227,-9.661,7.414,10.887,313.604,5.831,-3968,,5,3.936,-197.616,2,20.321
2026-02-22T21:51:09.000Z,1771797069.000,32.640120945,-117.208178494,5.46,288.74,308.595,-20.616,1.526,4.876,10.885,313.472,5.433,-3969,,5,4.288,-198.781,2,19.755
2026-02-22T21:51:10.000Z,1771797070.000,32.640129095,-117.208207919,5.511,284.598,302.707,-12.092,-8.885,10.283,10.883,312.99,5.422,-3970,,5,4.059,-200.396,2,20.057
2026-02-22T21:51:11.000Z,1771797071.000,32.640133169,-117.208236489,5.816,276.504,301.466,-10.338,-9.547,11.19,10.882,312.657,5.685,-3971,,5,3.675,-201.92,2,19.973
2026-02-22T21:51:12.000Z,1771797072.000,32.640136803,-117.208265073,5.873,274.072,306.653,-4.527,0.914,5.857,10.88,312.511,5.836,-3972,,5,3.503,-202.969,2,19.849
2026-02-22T21:51:13.000Z,1771797073.000,32.640137,-117.208294169,4.967,269.458,300.703,-18.899,-0.52,11.821,10.878,312.524,4.859,-3973,,5,2.617,-205.23,2,19.814
2026-02-22T21:51:14.000Z,1771797074.000,32.640137619,-117.208325446,5.477,269.756,297.977,-18.147,-4.623,14.327,10.877,312.304,5.306,-3974,,5,2.893,-207.33,2,19.829
2026-02-22T21:51:15.000Z,1771797075.000,32.640138808,-117.208355525,5.205,274.673,296.59,-21.55,-6.807,15.333,10.875,311.922,5.02,-3975,,5,3.104,-209.199,2,20.463
2026-02-22T21:51:16.000Z,1771797076.000,32.640140159,-117.208387104,5.7,274.553,299.644,-21.615,-4.199,11.943,10.873,311.586,5.576,-3976,,5,3.376,-210.799,2,20.554
2026-02-22T21:51:17.000Z,1771797077.000,32.64014364,-117.20841821,5.983,274.374,296.154,-19.959,-7.826,15.117,10.872,311.271,5.772,-3977,,5,3.511,-212.706,2,20.966
2026-02-22T21:51:18.000Z,1771797078.000,32.640146649,-117.20844717,5.637,275.337,304.632,-16.894,-8.073,6.383,10.87,311.014,5.602,-3978,,5,3.375,-213.572,2,20.53
2026-02-22T21:51:19.000Z,1771797079.000,32.640148234,-117.208475083,4.927,272.14,299.789,-13.446,-1.051,11.077,10.868,310.866,4.83,-3979,,5,2.711,-215.553,2,21.1
2026-02-22T21:51:20.000Z,1771797080.000,32.640147443,-117.208505119,5.771,272.264,292.505,-19.225,-9.768,17.989,10.867,310.494,5.485,-3980,,5,3.166,-218.047,2,21.748
2026-02-22T21:51:21.000Z,1771797081.000,32.640147397,-117.208535487,5.719,267.483,302.564,-25.247,-1.695,7.524,10.865,310.089,5.661,-3981,,5,2.716,-219.137,2,22.275
2026-02-22T21:51:22.000Z,1771797082.000,32.640148771,-117.20856728,5.423,272.815,297.935,-18.146,-1.542,11.841,10.863,309.776,5.307,-3982,,5,2.99,-221.358,2,22.28
2026-02-22T21:51:23.000Z,1771797083.000,32.640150057,-117.208597157,5.539,276.366,298.554,-17.683,-7.882,11.184,10.862,309.738,5.43,-3983,,5,3.32,-223.049,2,22.202
2026-02-22T21:51:24.000Z,1771797084.000,32.640150996,-117.208627972,5.922,273.23,293.631,-14.513,-7.228,16.02,10.86,309.651,5.686,-3984,,5,3.266,-225.261,2,22.517
2026-02-22T21:51:25.000Z,1771797085.000,32.64015036,-117.208660108,6.115,269.76,294.019,-20.847,-4.012,15.488,10.858,309.506,5.891,-3985,,5,3.038,-227.272,2,23.119
2026-02-22T21:51:26.000Z,1771797086.000,32.640151701,-117.208692392,5.433,273.446,293.025,-17.794,-7.676,16.377,10.857,309.402,5.212,-3986,,5,2.98,-229.234,2,23
2026-02-22T21:51:27.000Z,1771797087.000,32.640152652,-117.208722949,5.448,271.57,296.468,-15.544,-8.767,12.868,10.855,309.336,5.311,-3987,,5,2.823,-230.777,2,23.267
2026-02-22T21:51:28.000Z,1771797088.000,32.640153582,-117.208754583,6.013,270.078,298.236,-11.815,-2.899,10.932,10.853,309.169,5.899,-3988,,5,2.963,-232.516,2,23.179
2026-02-22T21:51:29.000Z,1771797089.000,32.6401548,-117.208786356,5.792,274.851,295.967,-17.189,-5.238,12.906,10.852,308.873,5.645,-3989,,5,3.245,-234.558,2,23.166
2026-02-22T21:51:30.000Z,1771797090.000,32.640156279,-117.208817709,5.364,269.397,295.367,-13.299,-3.213,13.354,10.85,308.721,5.219,-3990,,5,2.553,-236.42,2,22.994
2026-02-22T21:51:31.000Z,1771797091.000,32.640156576,-117.208848729,5.724,269.324,292.699,-13.722,-5.116,15.948,10.848,308.647,5.504,-3991,,5,2.698,-238.521,2,23.325
2026-02-22T21:51:32.000Z,1771797092.000,32.640156006,-117.208881091,6.26,265.91,294.235,-19.954,-4.699,14.358,10.847,308.593,6.065,-3992,,5,2.596,-240.451,2,23.404
2026-02-22T21:51:33.000Z,1771797093.000,32.640157605,-117.208913214,5.845,274.625,294.838,-15.327,-5.853,13.373,10.845,308.212,5.686,-3993,,5,3.184,-242.257,2,23.105
2026-02-22T21:51:34.000Z,1771797094.000,32.640159292,-117.208945424,5.722,274.717,292.871,-14.888,-5.797,15.41,10.843,308.281,5.514,-3994,,5,3.106,-244.26,2,23.497
2026-02-22T21:51:35.000Z,1771797095.000,32.640158949,-117.208977012,6.339,267.083,296.384,-17.862,-8.906,11.856,10.842,308.24,6.196,-3995,,5,2.684,-245.969,2,22.899
2026-02-22T21:51:36.000Z,1771797096.000,32.640159087,-117.209009713,5.666,270.603,302.061,-15.022,2.37,6.092,10.84,308.153,5.627,-3996,,5,2.693,-247.53,2,23.043
2026-02-22T21:51:37.000Z,1771797097.000,32.64015957,-117.209043019,6.145,270.755,291.669,-13.176,-4.165,16.311,10.838,307.98,5.895,-3997,,5,2.908,-250.364,2,23.01
2026-02-22T21:51:38.000Z,1771797098.000,32.6401598,-117.209076712,5.666,270.079,291.889,-13.061,-7.72,15.773,10.837,307.663,5.443,-3998,,5,2.602,-252.41,2,22.881
2026-02-22T21:51:39.000Z,1771797099.000,32.640159224,-117.209107649,5.8,267.824,291.816,-11.322,-3.38,15.505,10.835,307.321,5.589,-3999,,5,2.439,-254.38,2,22.997
2026-02-22T21:51:40.000Z,1771797100.000,32.640157891,-117.209139024,5.8,266.091,287.217,-7.56,-6.707,19.878,10.833,307.095,5.454,-4000,,5,2.256,-256.778,2,23.725
2026-02-22T21:51:41.000Z,1771797101.000,32.640154296,-117.209170247,5.869,264.497,285.538,-12.253,-6.453,21.689,10.832,307.227,5.448,-4001,,5,2.109,-259.131,2,24.149
2026-02-22T21:51:42.000Z,1771797102.000,32.640148886,-117.209202537,5.956,255.819,286.929,-20.365,-5.281,20.228,10.83,307.157,5.589,-4002,,5,1.252,-261.479,2,24.216
2026-02-22T21:51:43.000Z,1771797103.000,32.640143102,-117.209235092,6.412,258.711,285.549,-23.054,-6.418,21.589,10.828,307.138,5.962,-4003,,5,1.635,-264.077,2,25.12
2026-02-22T21:51:44.000Z,1771797104.000,32.64013895,-117.209267174,6.542,265.486,290.187,-27.43,-9.045,16.865,10.827,307.052,6.251,-4004,,5,2.379,-266.061,2,24.612
2026-02-22T21:51:45.000Z,1771797105.000,32.640137735,-117.209298774,5.94,264.354,300.352,-17.181,6.763,6.663,10.825,307.015,5.884,-4005,,5,2.034,-267.324,2,25.908
2026-02-22T21:51:46.000Z,1771797106.000,32.640137266,-117.209330698,5.267,267.578,290.822,-9.503,1.291,16.169,10.823,306.992,5.059,-4006,,5,2.055,-270.083,2,25.738
2026-02-22T21:51:47.000Z,1771797107.000,32.640134308,-117.209361286,5.8,259.956,291.377,-15.103,-6.033,15.476,10.822,306.853,5.585,-4007,,5,1.513,-272.179,2,25.73
2026-02-22T21:51:48.000Z,1771797108.000,32.640131772,-117.209393188,5.706,266.451,289.301,-9.13,-2.768,17.56,10.82,306.861,5.44,-4008,,5,2.079,-274.522,2,26.584
2026-02-22T21:51:49.000Z,1771797109.000,32.640127234,-117.209424911,6.254,262.481,287.951,-20.933,-7.58,19.095,10.818,307.046,5.901,-4009,,5,1.844,-276.961,2,26.401
2026-02-22T21:51:50.000Z,1771797110.000,32.640126034,-117.209457515,5.811,268.293,287.75,-13.856,-6.945,19.411,10.817,307.161,5.48,-4010,,5,2.244,-279.095,2,26.785
2026-02-22T21:51:51.000Z,1771797111.000,32.640125676,-117.209488689,5.712,268.012,298.139,-10.902,-9.477,8.907,10.815,307.046,5.64,-4011,,5,2.164,-280.254,2,26.176
2026-02-22T21:51:52.000Z,1771797112.000,32.640126222,-117.20951798,5.252,274.357,295.026,-5.936,-6.722,12.11,10.813,307.136,5.133,-4012,,5,2.496,-282.264,2,26.576
2026-02-22T21:51:53.000Z,1771797113.000,32.640124239,-117.209547644,5.569,265.192,290.446,-18.995,-4.63,16.995,10.812,307.441,5.326,-4013,,5,1.81,-284.616,2,26.496
2026-02-22T21:51:54.000Z,1771797114.000,32.640122521,-117.20957987,5.9,263.105,293.243,-22.576,-5.632,14.346,10.81,307.589,5.715,-4014,,5,1.691,-286.539,2,26.398
2026-02-22T21:51:55.000Z,1771797115.000,32.640121875,-117.209610964,5.9,272.314,295.365,-23.016,-4.824,12.294,10.808,307.658,5.764,-4015,,5,2.554,-288.351,2,26.951
2026-02-22T21:51:56.000Z,1771797116.000,32.64012314,-117.209641411,5.407,271.853,298.536,-13.261,-4.635,9.564,10.807,308.1,5.327,-4016,,5,2.284,-289.879,2,26.504
2026-02-22T21:51:57.000Z,1771797117.000,32.640122675,-117.209672779,5.77,268.824,295.429,-19.561,-4.594,12.914,10.805,308.343,5.624,-4017,,5,2.134,-292.102,2,26.547
2026-02-22T21:51:58.000Z,1771797118.000,32.640122511,-117.209705802,5.911,266.78,294.569,-14.302,1.423,13.847,10.803,308.415,5.736,-4018,,5,1.965,-294.225,2,26.793
2026-02-22T21:51:59.000Z,1771797119.000,32.640121963,-117.209737194,5.9,269.461,290.384,-20.346,-7.186,18.029,10.802,308.414,5.607,-4019,,5,2.195,-296.533,2,26.723
2026-02-22T21:52:00.000Z,1771797120.000,32.640121813,-117.209768158,5.34,270.987,291.073,-15.11,-5.03,17.333,10.8,308.406,5.096,-4020,,5,2.098,-298.409,2,26.677
2026-02-22T21:52:01.000Z,1771797121.000,32.640120138,-117.209798645,5.669,265.04,293.535,-14.979,-7.387,14.718,10.798,308.253,5.483,-4021,,5,1.655,-300.245,2,27.613
2026-02-22T21:52:02.000Z,1771797122.000,32.640118946,-117.209830255,5.832,266.991,294.679,-14.746,3.265,13.372,10.797,308.051,5.67,-4022,,5,1.869,-302.21,2,27.709
2026-02-22T21:52:03.000Z,1771797123.000,32.640116457,-117.20986328,6.048,266.406,288.289,-21.191,-9.499,19.741,10.795,308.03,5.688,-4023,,5,1.851,-304.947,2,27.211
2026-02-22T21:52:04.000Z,1771797124.000,32.640115084,-117.209895544,5.934,264.431,296.377,-21.32,-3.101,11.457,10.793,307.834,5.816,-4024,,5,1.599,-306.439,2,27.92
2026-02-22T21:52:05.000Z,1771797125.000,32.640114808,-117.209928749,5.746,273.069,295.114,-15.585,-3.13,12.657,10.792,307.772,5.599,-4025,,5,2.338,-308.613,2,27.5
2026-02-22T21:52:06.000Z,1771797126.000,32.640116545,-117.20996197,5.866,270.719,291.212,-6.395,-3.104,16.374,10.79,307.585,5.628,-4026,,5,2.14,-310.824,2,27.126
2026-02-22T21:52:07.000Z,1771797127.000,32.640115311,-117.2099936,5.875,267.054,288.1,-11.037,-6.772,19.513,10.788,307.613,5.535,-4027,,5,1.764,-313.117,2,27.615
2026-02-22T21:52:08.000Z,1771797128.000,32.640112627,-117.210025434,5.873,262.021,291.172,-11.102,-0.294,16.32,10.787,307.492,5.635,-4028,,5,1.242,-315.079,2,27.676
2026-02-22T21:52:09.000Z,1771797129.000,32.640109438,-117.210056557,5.427,264.73,285.679,-14.075,-3.92,21.49,10.785,307.169,5.05,-4029,,5,1.372,-317.681,2,27.871
2026-02-22T21:52:10.000Z,1771797130.000,32.64010666,-117.210088309,5.677,261.674,286.973,-14.83,-8.299,19.893,10.783,306.867,5.332,-4030,,5,1.116,-319.779,2,28.409
2026-02-22T21:52:11.000Z,1771797131.000,32.640103935,-117.210119357,5.712,264.326,285.7,-9.946,-5.323,20.858,10.782,306.559,5.337,-4031,,5,1.357,-322.022,2,28.495
2026-02-22T21:52:12.000Z,1771797132.000,32.640099233,-117.21015085,5.914,260.12,285.428,-13.053,-5.488,21.242,10.78,306.671,5.512,-4032,,5,0.953,-324.382,2,28.85
2026-02-22T21:52:13.000Z,1771797133.000,32.640095086,-117.210182794,6.115,260.23,287.281,-18.105,-6.666,19.639,10.778,306.92,5.759,-4033,,5,0.971,-326.568,2,29.501
2026-02-22T21:52:14.000Z,1771797134.000,32.64009259,-117.210216115,5.522,272.104,289.389,-18.455,-2.833,17.165,10.777,306.554,5.276,-4034,,5,1.957,-328.68,2,29.509
2026-02-22T21:52:15.000Z,1771797135.000,32.640091937,-117.210248561,5.961,269.702,290.751,-20.766,-5.081,15.31,10.775,306.061,5.748,-4035,,5,1.852,-330.638,2,29.468
2026-02-22T21:52:16.000Z,1771797136.000,32.640091973,-117.210279562,6.133,267.333,293.877,-15.593,-4.465,11.794,10.773,305.671,6.004,-4036,,5,1.64,-332.312,2,29.811
2026-02-22T21:52:17.000Z,1771797137.000,32.64009062,-117.210311483,5.86,266.25,292.337,-14.147,-4.62,13.171,10.772,305.508,5.705,-4037,,5,1.434,-334.518,2,29.17
2026-02-22T21:52:18.000Z,1771797138.000,32.6400878,-117.210346,6.035,263.682,287.327,-12.116,-2.007,18.061,10.77,305.389,5.738,-4038,,5,1.182,-337.266,2,29.795
2026-02-22T21:52:19.000Z,1771797139.000,32.640082751,-117.210380445,6.637,258.887,285.573,-20.861,-9.668,19.623,10.768,305.196,6.249,-4039,,5,0.718,-339.947,2,30.556
2026-02-22T21:52:20.000Z,1771797140.000,32.64007736,-117.210412535,5.453,259.506,296.149,-19.842,8.571,8.861,10.767,305.011,5.368,-4040,,5,0.628,-341.575,2,31.083
2026-02-22T21:52:21.000Z,1771797141.000,32.6400744,-117.210445526,6.13,268.343,292.568,-25.382,-6.485,12.235,10.765,304.803,5.99,-4041,,5,1.603,-344.144,2,31.094
2026-02-22T21:52:22.000Z,1771797142.000,32.640074866,-117.210479408,5.922,269.745,292.789,-12.773,-3.275,11.761,10.763,304.55,5.797,-4042,,5,1.662,-346.183,2,31.325
2026-02-22T21:52:23.000Z,1771797143.000,32.640073136,-117.210511567,5.7,269.167,285.88,-14.664,-7.463,18.706,10.762,304.586,5.397,-4043,,5,1.517,-348.836,2,30.322
2026-02-22T21:52:24.000Z,1771797144.000,32.64007015,-117.210542896,5.974,258.689,290.859,-11.379,1.656,13.722,10.76,304.581,5.803,-4044,,5,0.491,-350.651,2,31.176
2026-02-22T21:52:25.000Z,1771797145.000,32.640064949,-117.210574987,6.246,258.797,283.971,-18.141,-4.512,20.611,10.758,304.582,5.846,-4045,,5,0.493,-353.581,2,32.053
2026-02-22T21:52:26.000Z,1771797146.000,32.64006033,-117.210608376,6.243,259.605,286.454,-21.005,-8.445,18.122,10.757,304.576,5.919,-4046,,5,0.552,-355.846,2,32.009
2026-02-22T21:52:27.000Z,1771797147.000,32.640056908,-117.21063974,6.051,263.639,288.22,-15.516,-3.257,16.212,10.755,304.432,5.81,-4047,,5,0.931,-357.945,2,31.972
2026-02-22T21:52:28.000Z,1771797148.000,32.640051298,-117.210670856,5.465,256.763,278.709,-15.496,-4.86,25.708,10.753,304.418,4.926,-4048,,5,0.16,-361.018,2,33.22
2026-02-22T21:52:29.000Z,1771797149.000,32.640043414,-117.21070103,6.293,253.269,285.358,-22.199,-10.023,19.221,10.752,304.579,5.933,-4049,,5,-0.225,-363.071,2,33.434
2026-02-22T21:52:30.000Z,1771797150.000,32.640036293,-117.210731751,5.6,253.01,288.148,-18.713,2.047,16.659,10.75,304.807,5.356,-4050,,5,-0.25,-365.359,2,33.787
2026-02-22T21:52:31.000Z,1771797151.000,32.640028562,-117.210764867,6.137,259.443,279.816,-21.66,-8.783,25.52,10.748,305.336,5.54,-4051,,5,0.381,-368.655,2,34.12
2026-02-22T21:52:32.000Z,1771797152.000,32.640021921,-117.21079645,6.118,255.469,286.559,-25.49,-4.515,19.09,10.747,305.649,5.78,-4052,,5,-0.071,-370.681,2,34.782
2026-02-22T21:52:33.000Z,1771797153.000,32.640017265,-117.210830578,5.805,265.38,285.132,-22.259,-8.18,20.114,10.745,305.246,5.452,-4053,,5,0.904,-373.284,2,35.007
2026-02-22T21:52:34.000Z,1771797154.000,32.640014359,-117.210863318,5.953,261.37,297.108,-20.744,-2.276,8.877,10.743,305.985,5.878,-4054,,5,0.491,-374.641,2,34.358
2026-02-22T21:52:35.000Z,1771797155.000,32.640011949,-117.210897404,6.751,270.023,291.159,-17.069,-3.045,15.214,10.742,306.373,6.514,-4055,,5,1.527,-377.412,2,34.905
2026-02-22T21:52:36.000Z,1771797156.000,32.64000792,-117.210930162,6.68,263.547,288.426,-26.025,-9.748,18.27,10.74,306.696,6.335,-4056,,5,0.735,-379.979,2,35.287
2026-02-22T21:52:37.000Z,1771797157.000,32.640005202,-117.210961508,5.562,265.351,288.139,-19.346,-0.41,18.917,10.738,307.056,5.259,-4057,,5,0.76,-382.167,2,35.748
2026-02-22T21:52:38.000Z,1771797158.000,32.639999405,-117.210994263,6.365,260.704,292.31,-25.393,-8.874,15.152,10.737,307.462,6.138,-4058,,5,0.328,-384.36,2,34.949
2026-02-22T21:52:39.000Z,1771797159.000,32.639995891,-117.211023732,5.994,257.181,292.544,-16.507,-3.975,15.356,10.735,307.899,5.782,-4059,,5,-0.086,-386.458,2,36.124
2026-02-22T21:52:40.000Z,1771797160.000,32.63999148,-117.211053353,5.414,266.535,285.406,-18.435,-5.977,23.078,10.733,308.483,4.981,-4060,,5,0.778,-389.194,2,36.688
2026-02-22T21:52:41.000Z,1771797161.000,32.639986228,-117.211084621,6.476,255.314,285.058,-20.446,-7.96,23.929,10.732,308.988,5.913,-4061,,5,-0.364,-391.591,2,36.615
2026-02-22T21:52:42.000Z,1771797162.000,32.639981647,-117.211116327,5.823,259.205,288.309,-14.743,0.416,21.045,10.73,309.354,5.428,-4062,,5,0.042,-393.694,2,37.142
2026-02-22T21:52:43.000Z,1771797163.000,32.639976585,-117.211147253,6.05,262.879,282.113,-19.967,-8.481,27.675,10.728,309.788,5.356,-4063,,5,0.401,-396.482,2,38.418
2026-02-22T21:52:44.000Z,1771797164.000,32.639971476,-117.21117823,6.254,258.669,283.951,-19.992,-6.891,26.088,10.727,310.039,5.612,-4064,,5,-0.072,-398.692,2,37.999
2026-02-22T21:52:45.000Z,1771797165.000,32.63996656,-117.211210214,5.985,258.79,287.037,-18.54,-1.002,22.96,10.725,309.997,5.504,-4065,,5,-0.084,-400.853,2,38.953
2026-02-22T21:52:46.000Z,1771797166.000,32.63996162,-117.211243073,5.835,263.842,284.994,-17.105,-3.28,25.319,10.723,310.313,5.273,-4066,,5,0.404,-403.45,2,39.381
2026-02-22T21:52:47.000Z,1771797167.000,32.639957187,-117.211275592,6.188,262.45,284.357,-18.46,-11.063,26.076,10.722,310.433,5.553,-4067,,5,0.248,-405.876,2,39.424
2026-02-22T21:52:48.000Z,1771797168.000,32.63995393,-117.211305189,5.255,263.11,296.841,-22.196,6.288,13.78,10.72,310.621,5.086,-4068,,5,0.253,-407.03,2,39.688
2026-02-22T21:52:49.000Z,1771797169.000,32.639955004,-117.211334643,4.791,281.78,300.845,-22.088,-5.821,10.106,10.718,310.951,4.71,-4069,,5,1.733,-408.449,2,39.135
2026-02-22T21:52:50.000Z,1771797170.000,32.639964983,-117.211359979,4.988,304.021,310.28,-13.312,-7.275,0.932,10.717,311.212,4.987,-4070,,5,3.421,-408.422,2,38.789
2026-02-22T21:52:51.000Z,1771797171.000,32.639980815,-117.211375789,4.412,329.891,325.492,5.143,-6.782,-14.128,10.715,311.364,4.274,-4071,,5,4.124,-406.857,2,38.613
2026-02-22T21:52:52.000Z,1771797172.000,32.639997508,-117.211385168,3.97,344.235,336.66,4.396,-0.997,-25.104,10.713,311.555,3.593,-4072,,5,3.944,-405.191,2,40.092
2026-02-22T21:52:53.000Z,1771797173.000,32.640017277,-117.211385522,4.456,5.353,348.586,21.794,-8.42,-37.016,10.712,311.57,3.552,-4073,,5,4.309,-402.739,2,40.457
2026-02-22T21:52:54.000Z,1771797174.000,32.640035875,-117.211387103,4.252,359.622,348.321,17.01,3.36,-37.313,10.71,311.008,3.381,-4074,,5,4.199,-401.299,2,42.263
2026-02-22T21:52:55.000Z,1771797175.000,32.640056082,-117.211386461,4.5,357.969,355.339,29.922,-1.897,-44.193,10.708,311.146,3.226,-4075,,5,4.462,-399.14,2,43.039
2026-02-22T21:52:56.000Z,1771797176.000,32.640076131,-117.211393639,4.831,336.332,343.758,20.831,-0.686,-32.513,10.707,311.245,4.066,-4076,,5,4.682,-398.649,2,42.493
2026-02-22T21:52:57.000Z,1771797177.000,32.640097908,-117.211398905,4.533,342.866,342.232,19.669,-1.759,-31.02,10.705,311.212,3.884,-4077,,5,4.491,-397.259,2,43.314
2026-02-22T21:52:58.000Z,1771797178.000,32.64012003,-117.211401906,4.824,349.648,349.693,24.665,-3.752,-38.417,10.703,311.276,3.78,-4078,,5,4.824,-395.1,2,43.852
2026-02-22T21:52:59.000Z,1771797179.000,32.640142946,-117.211407865,5.308,347.382,350.08,24.223,-0.464,-38.959,10.702,311.121,4.126,-4079,,5,5.3,-393.531,2,44.08
2026-02-22T21:53:00.000Z,1771797180.000,32.640166845,-117.211414565,5.176,349.718,343.09,19.782,-0.634,-32.386,10.7,310.704,4.37,-4080,,5,5.175,-392.412,2,43.65
2026-02-22T21:53:01.000Z,1771797181.000,32.640192329,-117.21141695,5.478,350.103,351.864,24.436,-5.481,-41.275,10.698,310.589,4.117,-4081,,5,5.478,-389.858,2,44.077
2026-02-22T21:53:02.000Z,1771797182.000,32.640216884,-117.211421674,5.338,0.796,346.465,20.484,-2.874,-35.694,10.697,310.771,4.335,-4082,,5,5.253,-388.446,2,43.71
2026-02-22T21:53:03.000Z,1771797183.000,32.640242726,-117.211423705,5.648,353.8,354.46,28.426,-2.197,-43.582,10.695,310.878,4.09,-4083,,5,5.639,-385.911,2,44.538
2026-02-22T21:53:04.000Z,1771797184.000,32.640267565,-117.211430613,5.52,342.89,347.477,23.872,1.563,-36.724,10.693,310.753,4.423,-4084,,5,5.471,-384.701,2,44.389
2026-02-22T21:53:05.000Z,1771797185.000,32.6402935,-117.211436542,5.356,349.898,347.659,27.937,-2.056,-36.624,10.692,311.034,4.299,-4085,,5,5.356,-382.89,2,44.112
2026-02-22T21:53:06.000Z,1771797186.000,32.640318443,-117.211447536,5.724,336.33,342.19,19.791,-0.799,-31.394,10.69,310.796,4.881,-4086,,5,5.546,-381.859,2,43.658
2026-02-22T21:53:07.000Z,1771797187.000,32.640344258,-117.211453678,5.7,346.628,347.232,25.788,-4.538,-36.48,10.688,310.752,4.583,-4087,,5,5.686,-379.74,2,43.259
2026-02-22T21:53:08.000Z,1771797188.000,32.640370452,-117.211459192,5.831,351.507,347.147,24.237,-3.714,-36.176,10.687,310.971,4.707,-4088,,5,5.83,-377.9,2,43.918
2026-02-22T21:53:09.000Z,1771797189.000,32.640398201,-117.21146345,6.057,356.304,347.239,23.637,-2.403,-36.237,10.685,311.002,4.886,-4089,,5,6.027,-375.84,2,43.791
2026-02-22T21:53:10.000Z,1771797190.000,32.640425652,-117.211468285,5.888,349.702,346.675,22.192,-3.237,-35.504,10.683,311.171,4.792,-4090,,5,5.887,-373.885,2,43.822
2026-02-22T21:53:11.000Z,1771797191.000,32.640453203,-117.211471142,6.06,357.102,353.558,27.978,-4.894,-42.213,10.682,311.345,4.484,-4091,,5,6.021,-371.327,2,44.561
2026-02-22T21:53:12.000Z,1771797192.000,32.64048064,-117.211479208,6.26,341.111,344.948,18.42,3.711,-33.569,10.68,311.378,5.214,-4092,,5,6.174,-370.085,2,42.932
2026-02-22T21:53:13.000Z,1771797193.000,32.640509876,-117.211483367,5.922,352.586,350.085,23.618,-3.263,-38.383,10.678,311.701,4.642,-4093,,5,5.918,-367.564,2,43.218
2026-02-22T21:53:14.000Z,1771797194.000,32.640536967,-117.211489968,5.76,345.309,345.127,19.74,-0.588,-33.079,10.677,312.048,4.824,-4094,,5,5.736,-366.035,2,43.229
2026-02-22T21:53:15.000Z,1771797195.000,32.640563197,-117.211493488,5.713,346.218,351.209,21.952,-6.232,-39.028,10.675,312.181,4.435,-4095,,5,5.697,-363.669,2,43.557
2026-02-22T21:53:16.000Z,1771797196.000,32.640588581,-117.211498406,5.837,357.869,353.569,25.385,-1.316,-41.36,10.673,312.208,4.37,-4096,,5,5.79,-361.713,2,43.949
2026-02-22T21:53:17.000Z,1771797197.000,32.640615688,-117.211503142,5.778,349.01,348.893,23.331,2.306,-36.887,10.672,312.006,4.621,-4097,,5,5.776,-360.029,2,44.365
2026-02-22T21:53:18.000Z,1771797198.000,32.640642044,-117.211508917,5.396,346.244,350.682,26.358,-4.873,-38.433,10.67,312.249,4.219,-4098,,5,5.38,-358.073,2,44.061
2026-02-22T21:53:19.000Z,1771797199.000,32.640668313,-117.211520222,5.9,342.32,344.742,23.984,-0.794,-31.93,10.668,312.812,5.007,-4099,,5,5.837,-356.966,2,43.1
2026-02-22T21:53:20.000Z,1771797200.000,32.640694508,-117.211528087,6.084,343.036,347.907,25.323,-4.747,-34.818,10.667,313.089,4.994,-4100,,5,6.03,-355.055,2,43.305
2026-02-22T21:53:21.000Z,1771797201.000,32.640721866,-117.211536396,6.033,347.305,342.892,15.225,3.278,-29.413,10.665,313.479,5.255,-4101,,5,6.022,-353.621,2,41.922
2026-02-22T21:53:22.000Z,1771797202.000,32.640748688,-117.211537485,6.064,345.826,349.128,23.959,-4.219,-36.042,10.663,313.086,4.902,-4102,,5,6.042,-351.035,2,42.524
2026-02-22T21:53:23.000Z,1771797203.000,32.640774307,-117.211540274,5.674,357.992,352.654,27.411,-2.162,-39.547,10.662,313.107,4.372,-4103,,5,5.627,-348.847,2,41.604
2026-02-22T21:53:24.000Z,1771797204.000,32.640800263,-117.211545892,5.654,349.374,348.766,26.744,-4.548,-35.268,10.66,313.498,4.617,-4104,,5,5.653,-347.271,2,40.886
2026-02-22T21:53:25.000Z,1771797205.000,32.640827801,-117.211554007,6.335,348.701,344.707,23.491,0.504,-31.109,10.658,313.598,5.424,-4105,,5,6.331,-345.741,2,40.445
2026-02-22T21:53:26.000Z,1771797206.000,32.6408544,-117.211557161,5.924,343.856,350.617,28.22,1.386,-36.803,10.657,313.814,4.744,-4106,,5,5.883,-343.33,2,40.636
2026-02-22T21:53:27.000Z,1771797207.000,32.640881188,-117.211567102,5.941,337.608,343.245,22.346,-3.008,-29.114,10.655,314.131,5.184,-4107,,5,5.785,-342.196,2,39.886
2026-02-22T21:53:28.000Z,1771797208.000,32.640908052,-117.211571604,5.584,353.92,347.042,26.864,-3.42,-32.874,10.653,314.167,4.688,-4108,,5,5.576,-339.975,2,38.732
2026-02-22T21:53:29.000Z,1771797209.000,32.640936148,-117.211577895,5.978,347.622,345.802,22.101,-1.177,-31.75,10.652,314.051,5.083,-4109,,5,5.969,-338.1,2,38.662
2026-02-22T21:53:30.000Z,1771797210.000,32.640963464,-117.211581269,6.088,352.307,350.299,25.852,-2.673,-36.476,10.65,313.823,4.893,-4110,,5,6.086,-335.736,2,37.902
2026-02-22T21:53:31.000Z,1771797211.000,32.640990168,-117.211588736,6.435,337.179,347.311,22.655,-2.948,-33.876,10.648,313.436,5.343,-4111,,5,6.256,-334.16,2,37.979
2026-02-22T21:53:32.000Z,1771797212.000,32.641016552,-117.211594854,6.031,351.866,349.281,24.646,-2.838,-36.025,10.647,313.256,4.874,-4112,,5,6.03,-332.21,2,37.141
2026-02-22T21:53:33.000Z,1771797213.000,32.641043877,-117.211601215,5.889,342.256,345.712,20.616,-2.306,-32.557,10.645,313.155,4.964,-4113,,5,5.825,-330.553,2,37.031
2026-02-22T21:53:34.000Z,1771797214.000,32.641070472,-117.211606069,5.712,351.084,347.318,21.272,-2.607,-34.393,10.643,312.924,4.713,-4114,,5,5.712,-328.527,2,36.38
2026-02-22T21:53:35.000Z,1771797215.000,32.641096214,-117.211610497,5.6,349.208,345.767,19.232,-3.706,-32.922,10.642,312.845,4.701,-4115,,5,5.598,-326.754,2,36.26
2026-02-22T21:53:36.000Z,1771797216.000,32.641121953,-117.211615366,5.631,349.052,348.077,22.683,-4.849,-35.218,10.64,312.858,4.6,-4116,,5,5.629,-324.753,2,36.032
2026-02-22T21:53:37.000Z,1771797217.000,32.641148991,-117.21162128,5.6,351.096,345.83,23.93,0.755,-32.822,10.638,313.009,4.706,-4117,,5,5.6,-323.01,2,36.021
2026-02-22T21:53:38.000Z,1771797218.000,32.641175432,-117.211625553,5.776,347.822,347.229,25.95,-2.018,-34.259,10.637,312.97,4.774,-4118,,5,5.769,-320.974,2,35.464
2026-02-22T21:53:39.000Z,1771797219.000,32.641201991,-117.211631379,5.8,345.656,346.327,23.022,-1.149,-33.495,10.635,312.833,4.836,-4119,,5,5.777,-319.176,2,35.412
2026-02-22T21:53:40.000Z,1771797220.000,32.641228185,-117.211635317,5.761,353.832,344.841,20.637,-3.912,-31.942,10.633,312.899,4.887,-4120,,5,5.753,-317.333,2,35.491
2026-02-22T21:53:41.000Z,1771797221.000,32.641255617,-117.211638286,6.039,354.008,356.418,29.91,-4.721,-43.842,10.632,312.577,4.351,-4121,,5,6.028,-314.501,2,36.591
2026-02-22T21:53:42.000Z,1771797222.000,32.641284176,-117.211646276,6.059,347.249,347.049,23.849,0.049,-34.535,10.63,312.513,4.988,-4122,,5,6.048,-313.188,2,35.193
2026-02-22T21:53:43.000Z,1771797223.000,32.641311124,-117.211648561,5.838,350.253,352.486,31.112,-7.087,-40.18,10.628,312.305,4.461,-4123,,5,5.838,-310.734,2,35.725
2026-02-22T21:53:44.000Z,1771797224.000,32.641336383,-117.211656399,5.654,348.116,347.202,20.961,3.547,-35.15,10.627,312.052,4.622,-4124,,5,5.648,-309.445,2,34.437
2026-02-22T21:53:45.000Z,1771797225.000,32.641362705,-117.211660064,5.165,348.719,344.444,18.3,-3.657,-32.685,10.625,311.76,4.331,-4125,,5,5.162,-307.662,2,34.39
2026-02-22T21:53:46.000Z,1771797226.000,32.6413894,-117.211661582,5.753,357.735,354.305,24.163,-6.945,-42.741,10.623,311.565,4.216,-4126,,5,5.708,-304.898,2,35.354
2026-02-22T21:53:47.000Z,1771797227.000,32.64141589,-117.211664737,6.037,353.385,350.477,20.911,0.021,-38.881,10.622,311.596,4.693,-4127,,5,6.03,-303.114,2,35.222
2026-02-22T21:53:48.000Z,1771797228.000,32.641443063,-117.211665308,6,356.834,350.492,22.075,-4.878,-38.898,10.62,311.594,4.668,-4128,,5,5.964,-300.879,2,35.442
2026-02-22T21:53:49.000Z,1771797229.000,32.641471994,-117.211666505,6.355,352.498,354.941,25.812,-6.34,-43.192,10.618,311.749,4.634,-4129,,5,6.351,-298.266,2,35.746
2026-02-22T21:53:50.000Z,1771797230.000,32.64149998,-117.21166903,5.953,355.453,352.125,25.434,-0.275,-39.944,10.617,312.18,4.56,-4130,,5,5.93,-296.255,2,34.444
2026-02-22T21:53:51.000Z,1771797231.000,32.641527097,-117.211673518,5.949,343.014,347.804,22.47,1.739,-35.264,10.615,312.54,4.853,-4131,,5,5.899,-294.542,2,34.49
2026-02-22T21:53:52.000Z,1771797232.000,32.641552879,-117.211675547,5.631,349.995,349.835,25.245,-3.762,-37.148,10.613,312.687,4.488,-4132,,5,5.63,-292.384,2,34.34
2026-02-22T21:53:53.000Z,1771797233.000,32.641578523,-117.211679165,5.539,349.908,351.533,25.544,-3.666,-38.388,10.612,313.145,4.342,-4133,,5,5.539,-290.36,2,34.621
2026-02-22T21:53:54.000Z,1771797234.000,32.641605062,-117.211684123,5.7,351.922,351.181,28.835,-2.723,-37.872,10.61,313.309,4.498,-4134,,5,5.698,-288.473,2,34.331
2026-02-22T21:53:55.000Z,1771797235.000,32.641630728,-117.211688878,5.45,348.178,348.443,25.595,-0.936,-34.662,10.608,313.781,4.483,-4135,,5,5.445,-286.797,2,33.375
2026-02-22T21:53:56.000Z,1771797236.000,32.641656782,-117.211694575,6.024,347.985,350.738,26.444,-4.517,-36.587,10.607,314.152,4.833,-4136,,5,6.019,-284.829,2,33.175
2026-02-22T21:53:57.000Z,1771797237.000,32.641684537,-117.211703556,6.231,343.532,343.847,19.012,-0.759,-29.806,10.605,314.042,5.406,-4137,,5,6.184,-283.519,2,31.501
2026-02-22T21:53:58.000Z,1771797238.000,32.641713062,-117.211705908,6.035,354.054,352.371,28.794,-4.268,-38.266,10.603,314.105,4.737,-4138,,5,6.022,-280.731,2,31.162
2026-02-22T21:53:59.000Z,1771797239.000,32.641740373,-117.211710467,5.649,350.237,350.117,24.305,-3.36,-35.87,10.602,314.247,4.576,-4139,,5,5.649,-278.872,2,30.531
2026-02-22T21:54:00.000Z,1771797240.000,32.641767635,-117.211714833,5.84,2.252,347.498,22.359,-5.17,-32.902,10.6,314.596,4.903,-4140,,5,5.716,-277.034,2,29.817
2026-02-22T21:54:01.000Z,1771797241.000,32.641794174,-117.2117146,5.77,359.554,357.747,26.926,-0.021,-42.64,10.598,315.107,4.236,-4141,,5,5.693,-274.184,2,30.526
2026-02-22T21:54:02.000Z,1771797242.000,32.641822428,-117.211719282,6.34,347.437,352.243,22.725,0.327,-36.645,10.597,315.598,5.088,-4142,,5,6.332,-272.433,2,29.654
2026-02-22T21:54:03.000Z,1771797243.000,32.641850359,-117.211722515,5.761,357.984,352.011,26.628,-3.56,-36.084,10.595,315.927,4.656,-4143,,5,5.709,-270.315,2,28.952
2026-02-22T21:54:04.000Z,1771797244.000,32.641877387,-117.21172705,6.1,352.107,345.427,18.717,-3.074,-29.359,10.593,316.069,5.313,-4144,,5,6.097,-268.765,2,28.199
2026-02-22T21:54:05.000Z,1771797245.000,32.641905671,-117.211728085,6.285,355.606,352.354,22.745,-3.897,-35.748,10.592,316.606,5.101,-4145,,5,6.257,-266.02,2,27.931
2026-02-22T21:54:06.000Z,1771797246.000,32.641933986,-117.211730279,5.812,357.052,356.505,23.793,-4.4,-39.873,10.59,316.632,4.46,-4146,,5,5.769,-263.547,2,28.329
2026-02-22T21:54:07.000Z,1771797247.000,32.641960359,-117.211736469,5.851,347.562,347.245,14.068,3.349,-30.361,10.588,316.884,5.049,-4147,,5,5.845,-262.297,2,27.975
2026-02-22T21:54:08.000Z,1771797248.000,32.6419859,-117.211738864,5.559,350.523,351.307,19.206,-4.389,-34.141,10.587,317.166,4.601,-4148,,5,5.559,-260.053,2,28.261
2026-02-22T21:54:09.000Z,1771797249.000,32.642011086,-117.211740415,5.585,357.617,346.871,16.71,-1.156,-29.539,10.585,317.333,4.857,-4149,,5,5.537,-258.332,2,27.552
2026-02-22T21:54:10.000Z,1771797250.000,32.642038498,-117.211741037,6.154,354.083,355.928,22.066,-4.1,-38.589,10.583,317.34,4.811,-4150,,5,6.138,-255.519,2,27.521
2026-02-22T21:54:11.000Z,1771797251.000,32.642065486,-117.211744203,6.024,354.542,347.634,17.785,-3.768,-30.388,10.582,317.246,5.196,-4151,,5,6.006,-253.973,2,26.538
2026-02-22T21:54:12.000Z,1771797252.000,32.642091981,-117.211743195,5.7,359.592,358.371,28.627,-2.016,-40.795,10.58,317.576,4.309,-4152,,5,5.617,-251.054,2,27.79
2026-02-22T21:54:13.000Z,1771797253.000,32.642116869,-117.211749109,5.7,344.986,350.986,19.847,0.356,-33.494,10.578,317.492,4.752,-4153,,5,5.679,-249.773,2,26.808
2026-02-22T21:54:14.000Z,1771797254.000,32.642141362,-117.211756196,5.526,343.166,340.667,11.047,-0.474,-22.919,10.577,317.748,5.084,-4154,,5,5.486,-248.857,2,26.996
2026-02-22T21:54:15.000Z,1771797255.000,32.642166029,-117.211757328,5.571,355.034,354.005,23.544,-5.577,-36.309,10.575,317.696,4.488,-4155,,5,5.548,-245.992,2,26.222
2026-02-22T21:54:16.000Z,1771797256.000,32.642190982,-117.211762682,5.671,346.188,346.224,14.539,-3.355,-28.57,10.573,317.654,4.978,-4156,,5,5.659,-244.733,2,26.686
2026-02-22T21:54:17.000Z,1771797257.000,32.642217125,-117.211764517,5.633,358.003,349.134,15.561,-1.057,-31.444,10.572,317.69,4.806,-4157,,5,5.576,-242.472,2,26.327
2026-02-22T21:54:18.000Z,1771797258.000,32.642243148,-117.211764048,5.774,354.363,349.895,14.283,-2.336,-32.223,10.57,317.672,4.883,-4158,,5,5.755,-240.223,2,26.406
2026-02-22T21:54:19.000Z,1771797259.000,32.642269276,-117.211763586,5.7,356.056,356.308,17.764,-5.696,-38.776,10.568,317.532,4.443,-4159,,5,5.664,-237.624,2,26.859
2026-02-22T21:54:20.000Z,1771797260.000,32.64229573,-117.211763588,6.17,4.072,356.459,20.417,-4.528,-39.51,10.567,316.949,4.755,-4160,,5,5.972,-235.407,2,27.515
2026-02-22T21:54:21.000Z,1771797261.000,32.642320978,-117.211760075,5.551,5.869,358.336,26.007,-1.675,-41.895,10.565,316.441,4.125,-4161,,5,5.323,-232.979,2,27.948
2026-02-22T21:54:22.000Z,1771797262.000,32.642347132,-117.211760028,5.553,350.556,353.757,21.78,-1.101,-37.956,10.563,315.801,4.364,-4162,,5,5.552,-231.06,2,28.104
2026-02-22T21:54:23.000Z,1771797263.000,32.642373357,-117.211759638,5.859,3.413,353.629,24.976,-1.142,-37.898,10.562,315.731,4.621,-4163,,5,5.681,-228.847,2,28.475
2026-02-22T21:54:24.000Z,1771797264.000,32.642400108,-117.211759525,5.916,353.737,355.552,26.848,-2.25,-39.892,10.56,315.66,4.538,-4164,,5,5.897,-226.493,2,28.062
2026-02-22T21:54:25.000Z,1771797265.000,32.642428289,-117.211762847,6.285,351.569,352.348,27.065,-4.411,-36.705,10.558,315.643,5.038,-4165,,5,6.279,-224.537,2,26.869
2026-02-22T21:54:26.000Z,1771797266.000,32.642457165,-117.211769059,6.024,349.724,350.375,27.309,-3.491,-34.584,10.557,315.791,4.959,-4166,,5,6.023,-222.633,2,26.542
2026-02-22T21:54:27.000Z,1771797267.000,32.642482828,-117.211774603,5.525,349.227,347.393,23.493,-5.622,-31.275,10.555,316.118,4.722,-4167,,5,5.525,-221.025,2,25.933
2026-02-22T21:54:28.000Z,1771797268.000,32.642506787,-117.211780895,5.276,348.72,346.113,17.712,-0.706,-30.37,10.553,315.742,4.553,-4168,,5,5.276,-219.498,2,26.063
2026-02-22T21:54:29.000Z,1771797269.000,32.642531223,-117.211784457,5.769,348.321,347.177,18.454,-4.601,-31.522,10.552,315.655,4.916,-4169,,5,5.769,-217.609,2,26.202
2026-02-22T21:54:30.000Z,1771797270.000,32.642556579,-117.211786912,5.588,358.924,353.911,27.28,-3.297,-38.169,10.55,315.741,4.387,-4170,,5,5.505,-215.223,2,27.02
2026-02-22T21:54:31.000Z,1771797271.000,32.642581368,-117.211792243,5.914,344.416,353.104,27.794,-4.736,-37.626,10.548,315.478,4.685,-4171,,5,5.894,-213.528,2,27.444
2026-02-22T21:54:32.000Z,1771797272.000,32.642606035,-117.21180133,5.8,342.232,341.036,16.484,-0.641,-25.639,10.547,315.397,5.228,-4172,,5,5.756,-212.824,2,26.77
2026-02-22T21:54:33.000Z,1771797273.000,32.642632989,-117.21180399,6.115,353.865,351.966,22.323,-2.833,-36.521,10.545,315.445,4.912,-4173,,5,6.094,-210.015,2,27.198
2026-02-22T21:54:34.000Z,1771797274.000,32.642660136,-117.211810748,5.858,349.548,347.786,15.209,-2.122,-32.581,10.543,315.205,4.936,-4174,,5,5.858,-208.43,2,26.814
2026-02-22T21:54:35.000Z,1771797275.000,32.642686636,-117.211813778,6,356.658,347.291,13.58,-5.438,-32.267,10.542,315.024,5.072,-4175,,5,5.948,-206.439,2,26.289
2026-02-22T21:54:36.000Z,1771797276.000,32.642713067,-117.211813882,5.954,4.779,355.092,23.019,-2.369,-40.018,10.54,315.074,4.547,-4176,,5,5.727,-203.758,2,27.448
2026-02-22T21:54:37.000Z,1771797277.000,32.64273882,-117.211817219,5.33,348.471,350.146,18.331,-1.673,-35.277,10.538,314.869,4.343,-4177,,5,5.33,-202.114,2,27.06
2026-02-22T21:54:38.000Z,1771797278.000,32.642764694,-117.211821776,5.824,350.329,348.185,17.633,-3.925,-33.15,10.537,315.035,4.876,-4178,,5,5.822,-200.357,2,26.411
2026-02-22T21:54:39.000Z,1771797279.000,32.642791254,-117.211825814,5.837,355.477,351.49,22.705,-3.948,-36.471,10.535,315.019,4.694,-4179,,5,5.798,-198.179,2,26.423
2026-02-22T21:54:40.000Z,1771797280.000,32.642817843,-117.211828431,5.986,356.759,350.922,25.229,-3.105,-35.8,10.533,315.122,4.853,-4180,,5,5.928,-196.157,2,25.655
2026-02-22T21:54:41.000Z,1771797281.000,32.642843808,-117.211830372,5.6,353.719,350.759,22.041,-2.655,-35.444,10.532,315.315,4.561,-4181,,5,5.579,-194.12,2,26.004
2026-02-22T21:54:42.000Z,1771797282.000,32.642871036,-117.211831765,5.977,357.71,357.588,30.638,-3.161,-42.05,10.53,315.539,4.436,-4182,,5,5.9,-191.527,2,25.924
2026-02-22T21:54:43.000Z,1771797283.000,32.642896747,-117.211837744,5.7,346.26,349.73,25.421,-1.116,-33.964,10.528,315.766,4.724,-4183,,5,5.695,-190.222,2,24.427
2026-02-22T21:54:44.000Z,1771797284.000,32.642922656,-117.211841716,5.427,354.003,347.969,30.085,-6.272,-32.209,10.527,315.76,4.592,-4184,,5,5.403,-188.415,2,24.397
2026-02-22T21:54:45.000Z,1771797285.000,32.642947888,-117.211847836,6.054,346.285,345.607,24.656,-1.517,-30.038,10.525,315.569,5.241,-4185,,5,6.049,-186.844,2,24.252
2026-02-22T21:54:46.000Z,1771797286.000,32.642974882,-117.211854241,5.065,353.243,346.367,23.438,-1.383,-31.387,10.523,314.98,4.326,-4186,,5,5.048,-184.935,2,23.896
2026-02-22T21:54:47.000Z,1771797287.000,32.643001791,-117.211858963,6,344.028,347.913,19.334,-6.191,-33.163,10.522,314.749,5.021,-4187,,5,5.981,-182.88,2,23.936
2026-02-22T21:54:48.000Z,1771797288.000,32.643029404,-117.211862086,6.114,358.095,355.54,28.333,-2.658,-41.002,10.52,314.538,4.596,-4188,,5,6.027,-180.309,2,24.806
2026-02-22T21:54:49.000Z,1771797289.000,32.643057101,-117.211868518,6.085,342.49,345.609,17.356,-2.133,-31.225,10.518,314.384,5.189,-4189,,5,6.051,-179.012,2,23.114
2026-02-22T21:54:50.000Z,1771797290.000,32.643084518,-117.211871323,5.953,359.772,353.027,25.399,-1.814,-38.978,10.517,314.049,4.615,-4190,,5,5.836,-176.42,2,23.548
2026-02-22T21:54:51.000Z,1771797291.000,32.643110806,-117.211875248,5.6,345.851,350.235,19.806,-1.617,-36.644,10.515,313.591,4.487,-4191,,5,5.595,-174.639,2,22.972
2026-02-22T21:54:52.000Z,1771797292.000,32.643137188,-117.211879238,5.714,356.722,350.262,25.63,-4.292,-36.832,10.513,313.43,4.572,-4192,,5,5.653,-172.678,2,23.075
2026-02-22T21:54:53.000Z,1771797293.000,32.64316283,-117.211883877,5.668,350.936,344.329,20.648,-3.626,-31.249,10.512,313.08,4.846,-4193,,5,5.663,-171.213,2,22.763
2026-02-22T21:54:54.000Z,1771797294.000,32.643190074,-117.211884784,5.712,355.275,354.741,27.227,-0.832,-41.598,10.51,313.143,4.27,-4194,,5,5.667,-168.332,2,24.491
2026-02-22T21:54:55.000Z,1771797295.000,32.643216191,-117.211887407,5.887,353.499,354.001,28.742,0.267,-40.775,10.508,313.226,4.457,-4195,,5,5.861,-166.357,2,24.601
2026-02-22T21:54:56.000Z,1771797296.000,32.643242426,-117.211893958,5.814,342.676,345.739,23.381,-3.227,-32.631,10.507,313.108,4.89,-4196,,5,5.786,-165.098,2,23.984
2026-02-22T21:54:57.000Z,1771797297.000,32.643269166,-117.211897904,5.8,354.329,345.344,25.611,-4.742,-32.209,10.505,313.135,4.907,-4197,,5,5.766,-163.133,2,24.174
2026-02-22T21:54:58.000Z,1771797298.000,32.643296059,-117.211902706,5.788,339.852,353.813,23.504,-6.953,-40.162,10.503,313.65,4.423,-4198,,5,5.73,-160.646,2,24.554
2026-02-22T21:54:59.000Z,1771797299.000,32.643321101,-117.211909151,5.5,2.482,347.375,18.603,-0.66,-33.938,10.502,313.437,4.559,-4199,,5,5.327,-159.36,2,23.508
2026-02-22T21:55:00.000Z,1771797300.000,32.64334599,-117.211912438,5.413,342.601,349.858,19.787,-1.559,-36.147,10.5,313.711,4.369,-4200,,5,5.389,-157.324,2,24.801
2026-02-22T21:55:01.000Z,1771797301.000,32.643371269,-117.211920137,5.685,352.631,345.65,16.884,-2.54,-31.633,10.498,314.018,4.84,-4201,,5,5.667,-155.963,2,24.146
2026-02-22T21:55:02.000Z,1771797302.000,32.643397377,-117.211923743,5.4,352.358,352.929,20.563,-2.755,-38.76,10.497,314.169,4.21,-4202,,5,5.384,-153.542,2,24.546
2026-02-22T21:55:03.000Z,1771797303.000,32.643422684,-117.211930619,5.999,340.295,347.537,15.674,0.516,-33.239,10.495,314.298,5.02,-4203,,5,5.945,-152.195,2,24.493
2026-02-22T21:55:04.000Z,1771797304.000,32.643448254,-117.211934421,5.586,359.898,344.789,15.939,-0.544,-30.349,10.493,314.439,4.821,-4204,,5,5.466,-150.477,2,24.085
2026-02-22T21:55:05.000Z,1771797305.000,32.643473552,-117.211935085,5.454,357.981,355.072,21.096,-6.573,-40.546,10.492,314.526,4.145,-4205,,5,5.366,-147.755,2,25.295
2026-02-22T21:55:06.000Z,1771797306.000,32.64349941,-117.211941732,5.634,357.002,345.211,11.501,-0.791,-30.645,10.49,314.567,4.847,-4206,,5,5.562,-146.629,2,24.876
2026-02-22T21:55:07.000Z,1771797307.000,32.643524844,-117.211942553,5.312,354.989,348.181,15.124,-2.498,-33.506,10.488,314.675,4.428,-4207,,5,5.269,-144.361,2,24.681
2026-02-22T21:55:08.000Z,1771797308.000,32.643551236,-117.211946352,5.767,353.891,348.401,20.56,-5.176,-33.368,10.487,315.034,4.814,-4208,,5,5.733,-142.377,2,24.659
2026-02-22T21:55:09.000Z,1771797309.000,32.643577367,-117.211948772,5.8,353.546,349.707,21.467,-5.394,-34.799,10.485,314.908,4.762,-4209,,5,5.768,-140.262,2,25.194
2026-02-22T21:55:10.000Z,1771797310.000,32.643602997,-117.211951454,5.444,354.102,349.827,19.875,-2.935,-34.411,10.483,315.416,4.492,-4210,,5,5.407,-138.28,2,24.975
2026-02-22T21:55:11.000Z,1771797311.000,32.643628044,-117.211951197,5.676,6.985,353.565,28.825,-0.032,-38.111,10.482,315.454,4.462,-4211,,5,5.34,-135.943,2,25.879
2026-02-22T21:55:12.000Z,1771797312.000,32.643652796,-117.211951629,5.339,357.097,355.326,27.176,-2.145,-39.898,10.48,315.428,4.095,-4212,,5,5.257,-133.798,2,26.499
2026-02-22T21:55:13.000Z,1771797313.000,32.643676817,-117.211955511,5.469,346.49,350.407,21.624,-3.678,-35.085,10.478,315.322,4.473,-4213,,5,5.469,-132.333,2,25.951
2026-02-22T21:55:14.000Z,1771797314.000,32.643702588,-117.211955952,5.753,1.845,352.144,27.71,-1.36,-36.924,10.477,315.22,4.59,-4214,,5,5.557,-130.102,2,26.674
2026-02-22T21:55:15.000Z,1771797315.000,32.643727872,-117.211955003,5.462,352.923,359.096,27.119,-3.043,-43.875,10.475,315.221,3.932,-4215,,5,5.428,-127.526,2,27.925
2026-02-22T21:55:16.000Z,1771797316.000,32.643752207,-117.21195937,5.427,352.157,349.564,21.495,-2.477,-34.217,10.473,315.347,4.488,-4216,,5,5.402,-126.328,2,27.171
2026-02-22T21:55:17.000Z,1771797317.000,32.643776817,-117.211961224,5.485,357.813,350.669,20.097,0.196,-35.985,10.472,314.684,4.436,-4217,,5,5.378,-124.32,2,28.145
2026-02-22T21:55:18.000Z,1771797318.000,32.643802632,-117.211961623,5.246,0.903,357.145,29.525,-1.747,-42.69,10.47,314.454,3.857,-4218,,5,5.075,-121.803,2,28.079
2026-02-22T21:55:19.000Z,1771797319.000,32.64382883,-117.211964947,5.738,351.595,349.021,23.676,-2.634,-34.637,10.468,314.384,4.716,-4219,,5,5.713,-120.312,2,28.24
2026-02-22T21:55:20.000Z,1771797320.000,32.64385465,-117.211964135,5.527,7.211,354.145,28.565,-1.725,-39.961,10.467,314.184,4.236,-4220,,5,5.151,-117.789,2,28.704
2026-02-22T21:55:21.000Z,1771797321.000,32.643880449,-117.2119657,5.37,348.898,352.353,24.827,-3.157,-38.531,10.465,313.822,4.201,-4221,,5,5.362,-115.839,2,28.421
2026-02-22T21:55:22.000Z,1771797322.000,32.643906771,-117.21196873,5.665,0.39,350.567,26.032,-3.645,-37.128,10.463,313.439,4.514,-4222,,5,5.481,-113.94,2,28.889
2026-02-22T21:55:23.000Z,1771797323.000,32.643933321,-117.211971959,6.062,346.295,352.495,24.462,-3.639,-39.435,10.462,313.06,4.682,-4223,,5,6.062,-111.803,2,29.243
2026-02-22T21:55:24.000Z,1771797324.000,32.643959,-117.211975273,5.727,357.662,352.216,24.793,-0.575,-39.526,10.46,312.691,4.416,-4224,,5,5.598,-109.882,2,29.312
2026-02-22T21:55:25.000Z,1771797325.000,32.643984868,-117.211976835,5.73,353.602,349.396,22.165,-1.239,-37.16,10.458,312.236,4.564,-4225,,5,5.671,-107.995,2,29.77
2026-02-22T21:55:26.000Z,1771797326.000,32.644010655,-117.211978473,5.6,350.552,357.139,28.429,-1.445,-44.819,10.457,312.32,3.971,-4226,,5,5.574,-105.476,2,29.682
2026-02-22T21:55:27.000Z,1771797327.000,32.644035247,-117.211984293,5.875,344.291,346.856,23.528,-4.051,-34.638,10.455,312.218,4.831,-4227,,5,5.875,-104.416,2,29.981
2026-02-22T21:55:28.000Z,1771797328.000,32.644061632,-117.211987327,6.014,355.444,351.496,31.749,0.213,-39.546,10.453,311.95,4.635,-4228,,5,5.913,-102.103,2,30.71
2026-02-22T21:55:29.000Z,1771797329.000,32.644088841,-117.211990333,6.132,353.14,352.382,34.884,-1.006,-40.774,10.452,311.608,4.643,-4229,,5,6.066,-99.961,2,30.642
2026-02-22T21:55:30.000Z,1771797330.000,32.644115909,-117.211997865,5.777,348.578,349.046,25.893,-0.898,-37.626,10.45,311.421,4.576,-4230,,5,5.765,-98.376,2,30.172
2026-02-22T21:55:31.000Z,1771797331.000,32.644141253,-117.212004926,5.625,348.813,344.463,20.42,-1.877,-33.653,10.448,310.809,4.682,-4231,,5,5.612,-97,2,29.622
2026-02-22T21:55:32.000Z,1771797332.000,32.644166556,-117.212009481,5.914,345.054,348.119,25.174,-3.727,-37.591,10.447,310.528,4.685,-4232,,5,5.913,-94.926,2,29.109
2026-02-22T21:55:33.000Z,1771797333.000,32.644191945,-117.212015024,5.715,355.199,346.658,26.842,-1.21,-35.668,10.445,310.99,4.643,-4233,,5,5.618,-93.245,2,29.904
2026-02-22T21:55:34.000Z,1771797334.000,32.644217686,-117.212019412,5.557,346.288,348.976,24.967,-0.449,-38.103,10.443,310.873,4.372,-4234,,5,5.554,-91.215,2,30.79
2026-02-22T21:55:35.000Z,1771797335.000,32.644242855,-117.212024122,5.762,347.896,345.677,23.961,-5.287,-35.145,10.442,310.531,4.712,-4235,,5,5.752,-89.622,2,30.953
2026-02-22T21:55:36.000Z,1771797336.000,32.644269025,-117.21202769,6.061,354.542,354.164,28.014,-5.996,-43.903,10.44,310.26,4.363,-4236,,5,5.959,-87.121,2,31.69
2026-02-22T21:55:37.000Z,1771797337.000,32.644295482,-117.212034739,6.139,343.424,346.947,23.951,-2.914,-36.664,10.438,310.283,4.925,-4237,,5,6.139,-85.8,2,31.084
2026-02-22T21:55:38.000Z,1771797338.000,32.644323124,-117.212041418,5.988,351.549,348.78,26.897,-3.947,-38.089,10.437,310.691,4.712,-4238,,5,5.937,-83.786,2,30.702
2026-02-22T21:55:39.000Z,1771797339.000,32.644348797,-117.212051818,5.675,343.297,343.848,17.6,-0.526,-32.874,10.435,310.973,4.766,-4239,,5,5.674,-82.613,2,30.892
2026-02-22T21:55:40.000Z,1771797340.000,32.644374982,-117.2120585,5.627,344.631,346.158,21.02,-0.619,-35.111,10.433,311.048,4.603,-4240,,5,5.626,-80.684,2,29.684
2026-02-22T21:55:41.000Z,1771797341.000,32.644400742,-117.21206429,5.461,348.442,349.27,23.74,-0.428,-38.052,10.432,311.218,4.301,-4241,,5,5.444,-78.689,2,29.036
2026-02-22T21:55:42.000Z,1771797342.000,32.644427907,-117.212071086,5.667,352.326,344.485,20.393,-2.869,-33.239,10.43,311.246,4.736,-4242,,5,5.607,-77.157,2,29.075
2026-02-22T21:55:43.000Z,1771797343.000,32.644454684,-117.212072049,6.063,0.594,349.574,27.372,-3.78,-37.856,10.428,311.718,4.786,-4243,,5,5.795,-74.645,2,29.528
2026-02-22T21:55:44.000Z,1771797344.000,32.644481275,-117.212076239,5.753,349.601,352.356,26.901,-2.053,-39.972,10.427,312.384,4.409,-4244,,5,5.718,-72.51,2,30.092
2026-02-22T21:55:45.000Z,1771797345.000,32.644506758,-117.212083869,5.646,347.73,344.12,17.233,-0.987,-31.401,10.425,312.719,4.819,-4245,,5,5.63,-71.388,2,28.845
2026-02-22T21:55:46.000Z,1771797346.000,32.64453373,-117.212087732,5.611,350.046,351.033,16.138,-4.579,-37.944,10.423,313.089,4.425,-4246,,5,5.568,-68.923,2,28.73
2026-02-22T21:55:47.000Z,1771797347.000,32.644559952,-117.212092866,5.975,351.938,346.602,8.422,-3.579,-33.296,10.422,313.306,4.995,-4247,,5,5.902,-67.336,2,29.669
2026-02-22T21:55:48.000Z,1771797348.000,32.644586335,-117.212093066,5.76,0.947,354.264,21.584,-2.82,-40.544,10.42,313.72,4.37,-4248,,5,5.457,-64.667,2,30.91
2026-02-22T21:55:49.000Z,1771797349.000,32.644611873,-117.212094666,5.67,352.285,353.671,18.644,-0.831,-39.184,10.418,314.487,4.395,-4249,,5,5.578,-62.667,2,30.409
2026-02-22T21:55:50.000Z,1771797350.000,32.644637108,-117.212098054,5.378,352.299,349.012,16.703,-2.267,-33.887,10.417,315.125,4.463,-4250,,5,5.289,-61.058,2,28.871
2026-02-22T21:55:51.000Z,1771797351.000,32.644662701,-117.212100893,5.439,352.837,351.993,19.588,-3.642,-36.527,10.415,315.466,4.371,-4251,,5,5.331,-58.91,2,28.074
2026-02-22T21:55:52.000Z,1771797352.000,32.644688755,-117.21210612,5.74,353.014,349.848,19.098,-3.432,-33.239,10.413,316.609,4.801,-4252,,5,5.621,-57.192,2,26.769
2026-02-22T21:55:53.000Z,1771797353.000,32.64471482,-117.212107915,5.476,1.4,350.266,17.951,-1.447,-33.806,10.412,316.461,4.551,-4253,,5,5.129,-55.101,2,25.92
2026-02-22T21:55:54.000Z,1771797354.000,32.644741615,-117.212106356,5.855,356.887,359.436,27.678,-2.4,-42.849,10.41,316.588,4.287,-4254,,5,5.6,-52.229,2,26.366
2026-02-22T21:55:55.000Z,1771797355.000,32.644767592,-117.212109979,5.712,352.273,350.108,21.971,-1.468,-33.297,10.408,316.811,4.772,-4255,,5,5.581,-50.832,2,25.581
2026-02-22T21:55:56.000Z,1771797356.000,32.644793638,-117.212112073,5.673,358.36,350.385,26.774,-3.063,-33.628,10.407,316.757,4.722,-4256,,5,5.369,-48.769,2,25.235
2026-02-22T21:55:57.000Z,1771797357.000,32.644819312,-117.212114072,5.685,353.363,352.766,28.927,-3.686,-36.402,10.405,316.364,4.576,-4257,,5,5.505,-46.602,2,25.401
2026-02-22T21:55:58.000Z,1771797358.000,32.644845189,-117.21211741,5.4,358.995,346.665,23.172,-2.252,-30.843,10.403,315.821,4.636,-4258,,5,5.067,-45.035,2,24.329
2026-02-22T21:55:59.000Z,1771797359.000,32.644870968,-117.212119049,5.662,2.247,347.158,17.012,0.955,-31.904,10.402,315.254,4.806,-4259,,5,5.171,-42.952,2,24.326
2026-02-22T21:56:00.000Z,1771797360.000,32.644898916,-117.212118681,6.1,355.603,355.838,23.449,-2.365,-40.826,10.4,315.012,4.616,-4260,,5,5.783,-40.058,2,24.853
2026-02-22T21:56:01.000Z,1771797361.000,32.644927186,-117.212119262,5.931,358.812,349.867,19.659,-2.955,-34.992,10.398,314.875,4.857,-4261,,5,5.491,-38.097,2,24.779
2026-02-22T21:56:02.000Z,1771797362.000,32.6449553,-117.212114766,6.143,16.684,359.437,28.306,-4.231,-44.607,10.397,314.83,4.364,-4262,,5,4.59,-34.91,2,26.048
2026-02-22T21:56:03.000Z,1771797363.000,32.644982386,-117.212119122,6.321,344.484,353.137,22.554,-0.414,-38.309,10.395,314.828,4.962,-4263,,5,6.23,-33.277,2,25.873
2026-02-22T21:56:04.000Z,1771797364.000,32.645010025,-117.212124053,5.853,356.702,350.778,27.32,-2.311,-36.191,10.393,314.587,4.724,-4264,,5,5.409,-31.419,2,25.714
2026-02-22T21:56:05.000Z,1771797365.000,32.645036303,-117.21212696,5.831,354.198,349.06,33.431,-2.776,-34.494,10.392,314.566,4.806,-4265,,5,5.458,-29.513,2,25.909
2026-02-22T21:56:06.000Z,1771797366.000,32.645062794,-117.212135174,5.38,345.56,346.804,28.837,-3.879,-32.539,10.39,314.265,4.53,-4266,,5,5.256,-27.958,2,25.807
2026-02-22T21:56:07.000Z,1771797367.000,32.645088089,-117.212142982,6.139,345.407,342.63,25.088,-2.818,-28.545,10.388,314.085,5.391,-4267,,5,5.996,-26.61,2,25.222
2026-02-22T21:56:08.000Z,1771797368.000,32.645113656,-117.212150327,5.681,347.003,346.738,24.863,-4.012,-32.901,10.387,313.837,4.771,-4268,,5,5.492,-24.652,2,25.09
2026-02-22T21:56:09.000Z,1771797369.000,32.645138815,-117.212159044,6.01,344.419,338.744,15.019,-2.735,-25.544,10.385,313.201,5.423,-4269,,5,5.874,-23.643,2,24.442
2026-02-22T21:56:10.000Z,1771797370.000,32.645167176,-117.212162299,6.466,352.607,352.994,27.763,-8.055,-40.562,10.383,312.432,4.904,-4270,,5,5.976,-20.53,2,25.03
2026-02-22T21:56:11.000Z,1771797371.000,32.645193715,-117.21216986,6.389,346.975,345.479,15.566,-1.888,-33.507,10.382,311.972,5.33,-4271,,5,6.107,-19.26,2,24.468
2026-02-22T21:56:12.000Z,1771797372.000,32.645221125,-117.212173416,5.839,354.85,349.408,23.927,-2.912,-38.855,10.38,310.552,4.547,-4272,,5,5.226,-16.934,2,24.648
2026-02-22T21:56:13.000Z,1771797373.000,32.64524868,-117.212175594,5.915,358.65,350.384,28.064,-2.95,-40.893,10.378,309.491,4.469,-4273,,5,5.024,-14.707,2,24.615
2026-02-22T21:56:14.000Z,1771797374.000,32.645276623,-117.212179034,6.177,351.482,353.353,27.506,-4.811,-44.744,10.377,308.609,4.388,-4274,,5,5.528,-12.402,2,24.54
2026-02-22T21:56:15.000Z,1771797375.000,32.645304669,-117.212185139,6.262,357.205,348.8,23.839,-1.338,-40.695,10.375,308.106,4.749,-4275,,5,5.23,-10.722,2,24.006
2026-02-22T21:56:16.000Z,1771797376.000,32.645332372,-117.212189486,5.953,347.455,352.071,24.566,-2.044,-44.475,10.373,307.596,4.249,-4276,,5,5.364,-8.472,2,23.572
2026-02-22T21:56:17.000Z,1771797377.000,32.645358673,-117.212195797,5.7,344.472,344.077,19.757,-3.396,-36.762,10.372,307.315,4.563,-4277,,5,5.218,-7.187,2,22.831
2026-02-22T21:56:18.000Z,1771797378.000,32.645385307,-117.212200554,5.81,351.184,351.999,23.942,-5.634,-44.482,10.37,307.516,4.137,-4278,,5,4.855,-4.743,2,22.999
2026-02-22T21:56:19.000Z,1771797379.000,32.64541152,-117.212207565,5.913,350.395,346.438,20.945,-3.617,-38.87,10.368,307.568,4.603,-4279,,5,4.894,-3.342,2,22.279
2026-02-22T21:56:20.000Z,1771797380.000,32.645438158,-117.212214504,5.494,355.084,348.152,23.204,-3.424,-40.996,10.367,307.156,4.148,-4280,,5,4.115,-1.434,2,22.102
2026-02-22T21:56:21.000Z,1771797381.000,32.645464929,-117.212220985,6.31,343.45,350.52,20.347,-5.752,-43.861,10.365,306.659,4.55,-4281,,5,5.29,0.552,2,21.893
2026-02-22T21:56:22.000Z,1771797382.000,32.645492512,-117.212229648,6.167,342.978,345.856,13.678,0.721,-39.936,10.363,305.92,4.727,-4282,,5,5.031,2.016,2,20.508
2026-02-22T21:56:23.000Z,1771797383.000,32.645520146,-117.212227743,5.861,8.078,356.02,16.267,-3.496,-50.725,10.362,305.296,3.712,-4283,,5,2.349,5.074,2,20.91
2026-02-22T21:56:24.000Z,1771797384.000,32.645547773,-117.212217589,6.547,19.59,8.215,18.844,-3.242,-63.666,10.36,304.549,2.897,-4284,,5,0.612,8.632,2,22.237
2026-02-22T21:56:25.000Z,1771797385.000,32.645575659,-117.212204505,6.738,21.678,15.424,26.392,-5.483,-71.85,10.358,303.575,2.092,-4285,,5,-0.365,12.057,2,23.549
2026-02-22T21:56:26.000Z,1771797386.000,32.645604362,-117.212195046,6.465,9.216,15.423,25.489,-1.843,-72.623,10.357,302.8,1.931,-4286,,5,0.368,15.041,2,23.797
2026-02-22T21:56:27.000Z,1771797387.000,32.645631944,-117.212193225,5.888,358.283,3.759,21.613,-0.217,-61.378,10.355,302.381,2.82,-4287,,5,0.866,16.96,2,23.63
2026-02-22T21:56:28.000Z,1771797388.000,32.645657015,-117.212196607,5.427,349.144,355.549,24.298,-1.778,-53.717,10.353,301.832,3.211,-4288,,5,1.156,18.401,1,0
2026-02-22T21:56:29.000Z,1771797389.000,32.645679797,-117.212207218,5.261,334.633,339.744,14.447,-3.456,-38.577,10.352,301.167,4.104,-4289,,5,1.975,18.614,1,0
2026-02-22T21:56:30.000Z,1771797390.000,32.645702457,-117.212216385,5.122,335.193,342.046,25.527,-1.435,-41.268,10.35,300.778,3.85,-4290,,5,1.389,20.104,1,0
2026-02-22T21:56:31.000Z,1771797391.000,32.645719856,-117.212234271,5.125,309.469,326.023,14.091,-5.345,-25.597,10.348,300.428,4.589,-4291,,5,3.094,19.248,1,0
2026-02-22T21:56:32.000Z,1771797392.000,32.645728412,-117.212254375,4.853,285.224,311.678,4.917,-7.823,-11.491,10.347,300.187,4.756,-4292,,5,4.163,17.576,1,0
2026-02-22T21:56:33.000Z,1771797393.000,32.645730885,-117.212275294,4.04,271.3,291.37,5.846,-2.856,8.754,10.345,300.124,3.991,-4293,,5,3.884,14.874,1,0
2026-02-22T21:56:34.000Z,1771797394.000,32.645726702,-117.212297335,3.811,258.366,286.176,-9.011,0.94,13.935,10.343,300.111,3.699,-4294,,5,3.809,12.773,1,0
2026-02-22T21:56:35.000Z,1771797395.000,32.645723621,-117.212319257,3.811,256.548,280.119,-6.945,-2.113,19.907,10.342,300.026,3.584,-4295,,5,3.81,10.727,1,0
2026-02-22T21:56:36.000Z,1771797396.000,32.645718326,-117.212338708,3.74,246.351,278.55,-10.013,-5.981,21.274,10.34,299.824,3.485,-4296,,5,3.648,8.975,1,0
2026-02-22T21:56:37.000Z,1771797397.000,32.645712325,-117.212358776,4.07,250.782,282.192,-9.457,-3.223,17.415,10.338,299.607,3.883,-4297,,5,4.026,7.485,1,0
2026-02-22T21:56:38.000Z,1771797398.000,32.645704195,-117.212382221,4.729,245.454,278.326,-13.127,-2.358,20.582,10.337,298.907,4.427,-4298,,5,4.444,5.088,1,0
2026-02-22T21:56:39.000Z,1771797399.000,32.645695053,-117.212406626,5.088,247.214,280.051,-18.151,-5.126,18.3,10.335,298.35,4.83,-4299,,5,4.551,2.934,1,0
2026-02-22T21:56:40.000Z,1771797400.000,32.645688383,-117.212431907,5.245,254.176,284.847,-19.566,-4.115,13.204,10.333,298.051,5.106,-4300,,5,4.501,1.155,1,0
2026-02-22T21:56:41.000Z,1771797401.000,32.64568337,-117.212457642,5.054,255.058,286.797,-18.555,-6.272,10.981,10.332,297.778,4.962,-4301,,5,-0.606,-0.713,1,0
2026-02-22T21:56:42.000Z,1771797402.000,32.645676619,-117.212485086,4.602,256.304,286.666,-17.887,-3.192,10.836,10.33,297.502,4.518,-4302,,,,,,
2026-02-22T21:56:43.000Z,1771797403.000,32.645670101,-117.212512934,4.5,260.3,283.824,-13.904,-0.185,13.439,10.328,297.263,4.374,-4303,,,,,,
2026-02-22T21:56:44.000Z,1771797404.000,32.645662215,-117.212540595,5.759,255.365,277.244,-21.022,-8.505,19.784,10.327,297.028,5.415,-4304,,,,,,
2026-02-22T21:56:45.000Z,1771797405.000,32.645653105,-117.212569629,6.465,252.411,282.147,-20.485,-6.096,14.647,10.325,296.794,6.25,-4305,,,,,,
2026-02-22T21:56:46.000Z,1771797406.000,32.645643832,-117.212600012,5.788,253.007,282.962,-23.901,-4.51,13.523,10.323,296.485,5.625,-4306,,,,,,
2026-02-22T21:56:47.000Z,1771797407.000,32.64563651,-117.212629818,5.638,254.958,288.06,-21.812,-4.641,8.227,10.322,296.286,5.571,-4307,,,,,,
2026-02-22T21:56:48.000Z,1771797408.000,32.645629916,-117.212660693,6.086,258.017,284.316,-18.709,-1.502,11.755,10.32,296.071,5.957,-4308,,,,,,
2026-02-22T21:56:49.000Z,1771797409.000,32.64562373,-117.212693264,6.385,261.685,278.784,-10.823,-7.682,17.019,10.318,295.804,6.098,-4309,,,,,,
2026-02-22T21:56:50.000Z,1771797410.000,32.645615749,-117.212727148,6.5,256.236,283.118,-8.167,-3.704,12.399,10.317,295.518,6.348,-4310,,,,,,
2026-02-22T21:56:51.000Z,1771797411.000,32.645607529,-117.212758331,5.9,253.293,280.098,-13.206,-2.912,15.166,10.315,295.264,5.693,-4311,,,,,,
2026-02-22T21:56:52.000Z,1771797412.000,32.645598401,-117.212789711,6.213,253.92,283.243,-20.505,-8.868,11.796,10.313,295.04,6.077,-4312,,,,,,
2026-02-22T21:56:53.000Z,1771797413.000,32.645591659,-117.212821459,6.498,255.688,291.183,-23.405,-2.35,3.619,10.312,294.801,6.483,-4313,,,,,,
2026-02-22T21:56:54.000Z,1771797414.000,32.645586635,-117.212855319,5.923,263.133,287.71,-19.181,-3.316,6.955,10.31,294.664,5.876,-4314,,,,,,
2026-02-22T21:56:55.000Z,1771797415.000,32.645582195,-117.212888095,6.125,260.346,287.794,-11.487,-4.885,6.998,10.308,294.791,6.079,-4315,,,,,,
2026-02-22T21:56:56.000Z,1771797416.000,32.645577221,-117.212922013,6.34,259.921,287.015,-14.294,-7.597,8.08,10.307,295.095,6.277,-4316,,,,,,
2026-02-22T21:56:57.000Z,1771797417.000,32.645573388,-117.212956275,6.454,264.606,291.39,-14.984,-2.921,4.044,10.305,295.434,6.436,-4317,,,,,,
2026-02-22T21:56:58.000Z,1771797418.000,32.645570446,-117.212990007,5.978,266.842,291.799,-16.059,-5.578,4.322,10.303,296.121,5.958,-4318,,,,,,
2026-02-22T21:56:59.000Z,1771797419.000,32.645567066,-117.213023408,6.225,262.21,289.633,-13.322,-0.024,7.081,10.302,296.714,6.173,-4319,,,,,,
2026-02-22T21:57:00.000Z,1771797420.000,32.645562292,-117.213055578,5.795,257.786,282.653,-10.163,-2.41,14.413,10.3,297.066,5.612,-4320,,,,,,
2026-02-22T21:57:01.000Z,1771797421.000,32.645553786,-117.213087317,5.8,254.344,281.719,-16.481,-8.194,15.775,10.298,297.493,5.576,-4321,,,,,,
2026-02-22T21:57:02.000Z,1771797422.000,32.645546625,-117.213119767,6.333,254.08,287.814,-17.02,-4.119,10.182,10.297,297.996,6.233,-4322,,,,,,
2026-02-22T21:57:03.000Z,1771797423.000,32.645538484,-117.213151752,6.1,253.488,288.891,-19.789,-3.954,9.437,10.295,298.328,6.012,-4323,,,,,,
2026-02-22T21:57:04.000Z,1771797424.000,32.645531008,-117.213184405,5.832,258.097,289.411,-21.441,-2.391,9.067,10.293,298.478,5.754,-4324,,,,,,
2026-02-22T21:57:05.000Z,1771797425.000,32.645525835,-117.213217644,6.253,260.191,289.758,-29.406,-6.266,8.869,10.292,298.627,6.178,-4325,,,,,,
2026-02-22T21:57:06.000Z,1771797426.000,32.645522932,-117.213251882,5.899,264.064,290.395,-26.784,-2.304,8.54,10.29,298.935,5.833,-4326,,,,,,
2026-02-22T21:57:07.000Z,1771797427.000,32.645522012,-117.213284108,5.976,268.187,290.571,-21.699,-9.677,8.879,10.288,299.45,5.901,-4327,,,,,,
2026-02-22T21:57:08.000Z,1771797428.000,32.645521213,-117.213315466,5.721,272.361,293.972,-17.481,-5.16,6.089,10.287,300.061,5.689,-4328,,,,,,
2026-02-22T21:57:09.000Z,1771797429.000,32.645520661,-117.213347751,6.039,270.215,289.956,-13.497,-9.528,10.737,10.285,300.694,5.93,-4329,,,,,,
2026-02-22T21:57:10.000Z,1771797430.000,32.645519788,-117.213381927,6.156,265.086,292.118,-16.184,-3.537,9.513,10.283,301.631,6.071,-4330,,,,,,
2026-02-22T21:57:11.000Z,1771797431.000,32.645518797,-117.213413725,5.636,265.792,292.288,-17.739,-2.754,9.956,10.282,302.244,5.548,-4331,,,,,,
2026-02-22T21:57:12.000Z,1771797432.000,32.645516608,-117.213445468,5.874,263.86,288.411,-12.151,-6.488,14.678,10.28,303.089,5.682,-4332,,,,,,
2026-02-22T21:57:13.000Z,1771797433.000,32.645511882,-117.21347576,5.731,261.465,288.825,-17.104,-7.145,15.078,10.278,303.902,5.531,-4333,,,,,,
2026-02-22T21:57:14.000Z,1771797434.000,32.645505936,-117.213507185,5.616,257.642,288.923,-18.158,-0.521,15.581,10.277,304.504,5.402,-4334,,,,,,
2026-02-22T21:57:15.000Z,1771797435.000,32.645500421,-117.213538689,5.753,261.539,287.706,-21.077,-5.111,17.208,10.275,304.913,5.496,-4335,,,,,,
2026-02-22T21:57:16.000Z,1771797436.000,32.645496397,-117.213572625,5.842,263.636,286.977,-20.125,-8.361,18.243,10.273,305.219,5.547,-4336,,,,,,
2026-02-22T21:57:17.000Z,1771797437.000,32.645493703,-117.213604759,6.091,266.897,296.322,-18.625,-1.315,8.881,10.272,305.203,6.016,-4337,,,,,,
2026-02-22T21:57:18.000Z,1771797438.000,32.645490743,-117.213639619,6.2,264.04,290.25,-22.876,-7.411,14.665,10.27,304.915,5.998,-4338,,,,,,
2026-02-22T21:57:19.000Z,1771797439.000,32.645488038,-117.213671402,6.221,262.188,294.253,-18.417,-5.281,10.448,10.268,304.701,6.117,-4339,,,,,,
2026-02-22T21:57:20.000Z,1771797440.000,32.645484268,-117.213704013,6.344,266.264,294.615,-27.477,-4.112,9.953,10.267,304.568,6.246,-4340,,,,,,
2026-02-22T21:57:21.000Z,1771797441.000,32.645484089,-117.213737664,6.295,269.964,295.754,-23.902,-5.359,8.65,10.265,304.404,6.224,-4341,,,,,,
2026-02-22T21:57:22.000Z,1771797442.000,32.645483512,-117.213772363,6.424,272.332,296.84,-27.676,-8.253,7.623,10.263,304.463,6.363,-4342,,,,,,
2026-02-22T21:57:23.000Z,1771797443.000,32.645485729,-117.213805263,6.234,275.939,299.844,-19.29,-6.376,5.02,10.262,304.863,6.205,-4343,,,,,,
2026-02-22T21:57:24.000Z,1771797444.000,32.645487412,-117.213838143,5.971,272.673,300.609,-23.742,-3.841,4.779,10.26,305.387,5.949,-4344,,,,,,
2026-02-22T21:57:25.000Z,1771797445.000,32.645488969,-117.213871382,5.833,272.827,296.133,-16.797,-5.209,9.646,10.258,305.78,5.75,-4345,,,,,,
2026-02-22T21:57:26.000Z,1771797446.000,32.6454895,-117.213904976,6.066,272.071,293.955,-11.239,-7.043,11.936,10.257,305.891,5.922,-4346,,,,,,
2026-02-22T21:57:27.000Z,1771797447.000,32.645488712,-117.213938619,6.3,270.065,293.5,-14.19,-5.736,12.371,10.255,305.871,6.153,-4347,,,,,,
2026-02-22T21:57:28.000Z,1771797448.000,32.645487653,-117.213972512,6.234,266.8,291.515,-17.72,-7.736,14.007,10.253,305.522,6.04,-4348,,,,,,
2026-02-22T21:57:29.000Z,1771797449.000,32.645487553,-117.214006068,6.332,270.158,294.161,-14.502,-3.751,10.996,10.252,305.157,6.215,-4349,,,,,,
2026-02-22T21:57:30.000Z,1771797450.000,32.645487433,-117.214039477,5.8,267.664,292.529,-8.465,-6.123,12.425,10.25,304.954,5.664,-4350,,,,,,
2026-02-22T21:57:31.000Z,1771797451.000,32.645483559,-117.214073572,6.047,265.205,289.031,-18.663,-5.358,15.79,10.248,304.821,5.819,-4351,,,,,,
2026-02-22T21:57:32.000Z,1771797452.000,32.64548245,-117.214106584,5.95,267.713,296.68,-10.563,0.458,8.111,10.247,304.791,5.884,-4352,,,,,,
2026-02-22T21:57:33.000Z,1771797453.000,32.64548204,-117.214139558,5.79,274.229,291.285,-18.868,-6.883,13.461,10.245,304.745,5.631,-4353,,,,,,
2026-02-22T21:57:34.000Z,1771797454.000,32.645484069,-117.214171545,5.979,267.712,302.456,-3.657,0.04,2.235,10.243,304.691,5.968,-4354,,,,,,
2026-02-22T21:57:35.000Z,1771797455.000,32.64548174,-117.21420353,6.014,261.769,286.961,-4.428,2.699,17.699,10.242,304.66,5.729,-4355,,,,,,
2026-02-22T21:57:36.000Z,1771797456.000,32.645474647,-117.214234633,5.777,256.264,281.74,-17.27,-6.402,22.874,10.24,304.614,5.32,-4356,,,,,,
2026-02-22T21:57:37.000Z,1771797457.000,32.645468313,-117.214265114,5.746,257.948,284.362,-23.025,-5.46,20.357,10.238,304.718,5.387,-4357,,,,,,
2026-02-22T21:57:38.000Z,1771797458.000,32.645463739,-117.214297391,5.8,260.798,287.036,-18.999,-3.596,18.179,10.237,305.215,5.51,-4358,,,,,,
2026-02-22T21:57:39.000Z,1771797459.000,32.645459176,-117.214329474,6.441,267.123,284.692,-19.856,-8.327,20.493,10.235,305.185,6.033,-4359,,,,,,
2026-02-22T21:57:40.000Z,1771797460.000,32.645455028,-117.214361817,6.336,259.144,288.524,-19.706,-4.231,16.712,10.233,305.236,6.068,-4360,,,,,,
2026-02-22T21:57:41.000Z,1771797461.000,32.645451364,-117.214395128,6.422,265.489,290.158,-22.546,-5.336,15.247,10.232,305.405,6.195,-4361,,,,,,
2026-02-22T21:57:42.000Z,1771797462.000,32.645448974,-117.2144291,6.27,261.578,292.35,-25.771,-4.167,13.3,10.23,305.65,6.101,-4362,,,,,,
2026-02-22T21:57:43.000Z,1771797463.000,32.6454477,-117.214465261,6.059,268.994,292.6,-23.751,-4.622,13.032,10.228,305.632,5.902,-4363,,,,,,
2026-02-22T21:57:44.000Z,1771797464.000,32.645447587,-117.214499704,6.575,271.683,291.465,-24.743,-7.972,13.912,10.227,305.377,6.379,-4364,,,,,,
2026-02-22T21:57:45.000Z,1771797465.000,32.645450487,-117.214531967,5.815,276.937,295.292,-17.882,-6.279,9.827,10.225,305.12,5.729,-4365,,,,,,
2026-02-22T21:57:46.000Z,1771797466.000,32.645452236,-117.21456432,5.779,272.254,294.252,-12.11,-8.841,10.839,10.223,305.091,5.675,-4366,,,,,,
2026-02-22T21:57:47.000Z,1771797467.000,32.645452824,-117.214595589,5.875,271.989,298.401,-12.751,-8.646,6.772,10.222,305.173,5.833,-4367,,,,,,
2026-02-22T21:57:48.000Z,1771797468.000,32.6454532,-117.214627028,5.875,269.986,300.427,-8.557,4.097,4.989,10.22,305.416,5.84,-4368,,,,,,
2026-02-22T21:57:49.000Z,1771797469.000,32.645452648,-117.214658694,5.637,265.282,294.18,-11.356,-2.87,11.389,10.218,305.569,5.525,-4369,,,,,,
2026-02-22T21:57:50.000Z,1771797470.000,32.645451243,-117.21469223,5.843,267.815,289.83,-15.882,-6.02,15.632,10.217,305.463,5.627,-4370,,,,,,
2026-02-22T21:57:51.000Z,1771797471.000,32.645451123,-117.214723786,6.153,267.287,293.699,-13.86,-8.842,11.498,10.215,305.196,6.029,-4371,,,,,,
2026-02-22T21:57:52.000Z,1771797472.000,32.64545145,-117.214754871,5.837,272.774,295.767,-5.602,2.38,9.166,10.213,304.933,5.757,-4372,,,,,,
2026-02-22T21:57:53.000Z,1771797473.000,32.645450006,-117.214786218,5.721,266.954,288.79,-12.129,-6.978,15.775,10.212,304.565,5.503,-4373,,,,,,
2026-02-22T21:57:54.000Z,1771797474.000,32.645448396,-117.214818252,6.183,266.993,287.884,-9.61,-6.738,16.469,10.21,304.353,5.915,-4374,,,,,,
2026-02-22T21:57:55.000Z,1771797475.000,32.645444066,-117.214851136,6.528,261.234,287.718,-13.599,-7.799,16.271,10.208,303.989,6.263,-4375,,,,,,
2026-02-22T21:57:56.000Z,1771797476.000,32.645439285,-117.214885617,6.413,263.394,288.173,-14.064,-2.338,15.452,10.207,303.625,6.179,-4376,,,,,,
2026-02-22T21:57:57.000Z,1771797477.000,32.645435726,-117.214919953,6.37,266.219,285.48,-18.194,-7.801,17.818,10.205,303.298,6.063,-4377,,,,,,
2026-02-22T21:57:58.000Z,1771797478.000,32.645434022,-117.214953567,5.856,270.468,289.458,-18.049,-7.961,13.465,10.203,302.923,5.695,-4378,,,,,,
2026-02-22T21:57:59.000Z,1771797479.000,32.645433581,-117.214984229,5.312,265.911,292.054,-13.958,-3.485,10.451,10.202,302.506,5.223,-4379,,,,,,
2026-02-22T21:58:00.000Z,1771797480.000,32.645429207,-117.215017573,6.026,260.17,288.02,-18.45,-7.952,14.011,10.2,302.03,5.846,-4380,,,,,,
2026-02-22T21:58:01.000Z,1771797481.000,32.64542572,-117.215050325,6.109,261.65,291.673,-16.61,-3.344,9.633,10.198,301.306,6.022,-4381,,,,,,
2026-02-22T21:58:02.000Z,1771797482.000,32.645420682,-117.215085974,6.043,262.179,288.011,-18.667,-6.113,12.525,10.197,300.537,5.898,-4382,,,,,,
2026-02-22T21:58:03.000Z,1771797483.000,32.645417076,-117.215120096,5.759,263.858,287.84,-17.336,-5.723,11.94,10.195,299.78,5.634,-4383,,,,,,
2026-02-22T21:58:04.000Z,1771797484.000,32.645413189,-117.215154843,6.452,262.647,288.295,-18.416,-4.421,10.778,10.193,299.073,6.337,-4384,,,,,,
2026-02-22T21:58:05.000Z,1771797485.000,32.645408485,-117.215189051,6.192,261.223,287.738,-23.779,-5.582,10.668,10.192,298.406,6.085,-4385,,,,,,
2026-02-22T21:58:06.000Z,1771797486.000,32.645405728,-117.215224957,6.189,262.313,291.973,-21.347,-3.705,5.51,10.19,297.484,6.157,-4386,,,,,,
2026-02-22T21:58:07.000Z,1771797487.000,32.645402493,-117.215259999,6.324,264.707,286.125,-18.863,-6.333,10.603,10.188,296.728,6.216,-4387,,,,,,
2026-02-22T21:58:08.000Z,1771797488.000,32.645398298,-117.215295343,6.958,258.575,282.349,-10.773,-5.615,13.769,10.187,296.118,6.749,-4388,,,,,,
2026-02-22T21:58:09.000Z,1771797489.000,32.645392875,-117.215330469,6.685,258.082,280.814,-9.194,-7.486,14.787,10.185,295.601,6.457,-4389,,,,,,
2026-02-22T21:58:10.000Z,1771797490.000,32.645386023,-117.215367595,6.813,256.433,278.097,-9.585,-4.786,17.308,10.183,295.405,6.502,-4390,,,,,,
2026-02-22T21:58:11.000Z,1771797491.000,32.64537651,-117.215402922,7,251.272,278.502,-19.932,-6.565,17.052,10.182,295.554,6.692,-4391,,,,,,
2026-02-22T21:58:12.000Z,1771797492.000,32.645368253,-117.215438848,7.061,253.311,278.541,-14.276,-4.455,17.119,10.18,295.66,6.749,-4392,,,,,,
2026-02-22T21:58:13.000Z,1771797493.000,32.645359453,-117.215473764,6.854,254.039,275.1,-10.383,-6.197,20.451,10.178,295.551,6.419,-4393,,,,,,
2026-02-22T21:58:14.000Z,1771797494.000,32.645348415,-117.215509677,6.711,252.098,271.224,-5.587,-0.862,24.227,10.177,295.451,6.12,-4394,,,,,,
2026-02-22T21:58:15.000Z,1771797495.000,32.645334822,-117.215543439,6.659,244.3,267.317,-10.13,-3.946,28.115,10.175,295.431,5.873,-4395,,,,,,
2026-02-22T21:58:16.000Z,1771797496.000,32.645322118,-117.215577556,6.726,251.706,268.089,-10.94,-6.207,27.425,10.173,295.514,5.968,-4396,,,,,,
2026-02-22T21:58:17.000Z,1771797497.000,32.645309891,-117.215610072,6.977,245.661,275.796,-17.485,-8.696,19.733,10.172,295.529,6.568,-4397,,,,,,
2026-02-22T21:58:18.000Z,1771797498.000,32.645300468,-117.215644258,6.143,260.117,281.049,-17.368,-6.021,14.618,10.17,295.666,5.944,-4398,,,,,,
2026-02-22T21:58:19.000Z,1771797499.000,32.645295312,-117.215677421,6.076,257.776,286.196,-16.021,-5.843,9.632,10.168,295.828,5.989,-4399,,,,,,
2026-02-22T21:58:20.000Z,1771797500.000,32.645290372,-117.215710224,6.265,263.203,285.673,-18.709,-4.432,10.411,10.167,296.083,6.161,-4400,,,,,,
2026-02-22T21:58:21.000Z,1771797501.000,32.645287038,-117.215744158,6.396,265.096,285.169,-14.207,-8.594,11.273,10.165,296.442,6.265,-4401,,,,,,
2026-02-22T21:58:22.000Z,1771797502.000,32.645283713,-117.215778235,6.347,259.416,293.613,-13.857,-3.857,3.518,10.163,297.13,6.331,-4402,,,,,,
2026-02-22T21:58:23.000Z,1771797503.000,32.64527937,-117.21581245,6.425,259.735,288.037,-14.951,-1.561,9.881,10.162,297.918,6.327,-4403,,,,,,
2026-02-22T21:58:24.000Z,1771797504.000,32.645274398,-117.215847478,6.613,259.172,285.756,-18.599,-9.237,13.385,10.16,299.14,6.428,-4404,,,,,,
2026-02-22T21:58:25.000Z,1771797505.000,32.645271182,-117.215881746,6.33,264.542,292.328,-15.066,-2.076,8.275,10.158,300.603,6.261,-4405,,,,,,
2026-02-22T21:58:26.000Z,1771797506.000,32.645268018,-117.215916546,6.055,262.529,286.753,-16.105,-6.024,15.136,10.157,301.888,5.845,-4406,,,,,,
2026-02-22T21:58:27.000Z,1771797507.000,32.645264515,-117.215950726,6.16,264.633,288.299,-17.786,-5.573,14.299,10.155,302.598,5.968,-4407,,,,,,
2026-02-22T21:58:28.000Z,1771797508.000,32.645261608,-117.215984259,6.1,262.279,289.39,-15.9,-4.192,14.569,10.153,303.959,5.904,-4408,,,,,,
2026-02-22T21:58:29.000Z,1771797509.000,32.645259182,-117.216017376,6.161,266.268,287.355,-10.502,-3.463,17.221,10.152,304.576,5.885,-4409,,,,,,
2026-02-22T21:58:30.000Z,1771797510.000,32.64525391,-117.216051742,6.625,258.607,285.687,-18.215,-8.204,19.265,10.15,304.951,6.243,-4410,,,,,,
2026-02-22T21:58:31.000Z,1771797511.000,32.645249763,-117.21608595,6.816,264.415,292.618,-22.884,-3.379,12.665,10.148,305.284,6.651,-4411,,,,,,
2026-02-22T21:58:32.000Z,1771797512.000,32.645247605,-117.216120921,6.513,268.7,292.884,-25.7,-5.658,12.852,10.147,305.735,6.349,-4412,,,,,,
2026-02-22T21:58:33.000Z,1771797513.000,32.645248779,-117.216155604,6.37,273.33,294.155,-20.6,-7.103,12.203,10.145,306.357,6.224,-4413,,,,,,
2026-02-22T21:58:34.000Z,1771797514.000,32.645250613,-117.216190258,5.8,276.476,298.462,-18.413,-5.258,8.418,10.143,306.88,5.738,-4414,,,,,,
2026-02-22T21:58:35.000Z,1771797515.000,32.645252267,-117.216224216,5.721,274.592,293.843,-14.946,-4.017,13.234,10.142,307.077,5.569,-4415,,,,,,
2026-02-22T21:58:36.000Z,1771797516.000,32.645251665,-117.216257243,6.483,269.635,290.399,-19.098,-9.471,16.683,10.14,307.082,6.196,-4416,,,,,,
2026-02-22T21:58:37.000Z,1771797517.000,32.64525144,-117.216288549,5.74,274.017,304.407,-15.035,3.776,2.773,10.138,307.18,5.713,-4417,,,,,,
2026-02-22T21:58:38.000Z,1771797518.000,32.645252466,-117.21632079,5.356,272.856,297.045,-14.9,-0.454,10.296,10.137,307.341,5.267,-4418,,,,,,
2026-02-22T21:58:39.000Z,1771797519.000,32.645252025,-117.216353992,6.451,269.334,291.084,-16.849,-6.378,16.566,10.135,307.65,6.178,-4419,,,,,,
2026-02-22T21:58:40.000Z,1771797520.000,32.645250452,-117.216388208,6.526,268.195,291.589,-22.34,-5.975,16.84,10.133,308.428,6.241,-4420,,,,,,
2026-02-22T21:58:41.000Z,1771797521.000,32.645251679,-117.216421666,5.946,273.088,292.854,-19.961,-7.502,16.379,10.132,309.233,5.703,-4421,,,,,,
2026-02-22T21:58:42.000Z,1771797522.000,32.645251879,-117.216455678,6.179,272.857,291.755,-18.958,-6.927,17.931,10.13,309.686,5.873,-4422,,,,,,
2026-02-22T21:58:43.000Z,1771797523.000,32.645252839,-117.216488799,6.1,273.294,291.589,-16.814,-7.803,18.348,10.128,309.937,5.784,-4423,,,,,,
2026-02-22T21:58:44.000Z,1771797524.000,32.64525262,-117.216522071,6.1,267.607,292.473,-18.934,-6.639,17.527,10.127,310,5.814,-4424,,,,,,
2026-02-22T21:58:45.000Z,1771797525.000,32.64525051,-117.216555988,6.655,264.39,294.292,-21.332,-7.444,15.609,10.125,309.901,6.41,-4425,,,,,,
2026-02-22T21:58:46.000Z,1771797526.000,32.645248314,-117.21659006,6.034,265.757,298.994,-10.342,6.086,10.974,10.123,309.968,5.908,-4426,,,,,,
2026-02-22T21:58:47.000Z,1771797527.000,32.645245235,-117.216624309,5.898,267.382,292.068,-24.347,-4.353,17.903,10.122,309.971,5.613,-4427,,,,,,
2026-02-22T21:58:48.000Z,1771797528.000,32.64524363,-117.216657481,6,266.004,293.896,-26.375,-7.418,15.85,10.12,309.746,5.771,-4428,,,,,,
2026-02-22T21:58:49.000Z,1771797529.000,32.6452423,-117.216689816,6.239,268.913,296.899,-25.386,-4.39,13.314,10.118,310.213,6.071,-4429,,,,,,
2026-02-22T21:58:50.000Z,1771797530.000,32.645243067,-117.216723649,6.256,270.286,300.357,-20.398,-1.587,10.234,10.117,310.591,6.153,-4430,,,,,,
2026-02-22T21:58:51.000Z,1771797531.000,32.645244293,-117.216757505,6.124,271.272,295.447,-17.113,-3.374,15.304,10.115,310.751,5.905,-4431,,,,,,
2026-02-22T21:58:52.000Z,1771797532.000,32.64524414,-117.216791308,5.826,270.56,293.335,-19.039,-6.567,17.778,10.113,311.113,5.545,-4432,,,,,,
2026-02-22T21:58:53.000Z,1771797533.000,32.645245133,-117.216824746,6.315,275.734,293.727,-18.579,-6.231,17.939,10.112,311.665,6.006,-4433,,,,,,
2026-02-22T21:58:54.000Z,1771797534.000,32.645246935,-117.216859136,6.033,272.625,294.941,-19.543,-8.482,17.133,10.11,312.074,5.757,-4434,,,,,,
2026-02-22T21:58:55.000Z,1771797535.000,32.645247788,-117.216892547,6.376,266.795,296.075,-18.793,-4.432,16.355,10.108,312.43,6.118,-4435,,,,,,
2026-02-22T21:58:56.000Z,1771797536.000,32.645247987,-117.216926647,6.374,268.6,293.867,-19.466,-7.012,19.174,10.107,313.04,6.02,-4436,,,,,,
2026-02-22T21:58:57.000Z,1771797537.000,32.645247892,-117.216959959,6.2,265.901,297.081,-19.113,-3.181,16.554,10.105,313.634,5.938,-4437,,,,,,
2026-02-22T21:58:58.000Z,1771797538.000,32.645247832,-117.216994614,6.2,271.274,294.85,-18.626,-3.748,19.199,10.103,314.048,5.853,-4438,,,,,,
2026-02-22T21:58:59.000Z,1771797539.000,32.6452482,-117.217027863,6.012,268.492,297.709,-19.599,-1.445,16.227,10.102,313.937,5.768,-4439,,,,,,
2026-02-22T21:59:00.000Z,1771797540.000,32.645247466,-117.217061078,6.126,267.974,297.463,-21.363,-3.621,16.299,10.1,313.762,5.876,-4440,,,,,,
2026-02-22T21:59:01.000Z,1771797541.000,32.64524767,-117.217094071,6.2,270.515,295.947,-17.624,-3.897,17.611,10.098,313.559,5.908,-4441,,,,,,
2026-02-22T21:59:02.000Z,1771797542.000,32.645248232,-117.21712754,5.911,274.293,294.014,-21.606,-6.494,19.345,10.097,313.359,5.578,-4442,,,,,,
2026-02-22T21:59:03.000Z,1771797543.000,32.645251306,-117.217159345,5.8,277.291,296.443,-17.017,-2.992,16.728,10.095,313.171,5.554,-4443,,,,,,
2026-02-22T21:59:04.000Z,1771797544.000,32.64525421,-117.21718961,5.586,278.019,292.897,-11.928,-11.597,19.956,10.093,312.852,5.244,-4444,,,,,,
2026-02-22T21:59:05.000Z,1771797545.000,32.645255485,-117.217219283,6.018,267.773,301.606,-5.913,4.655,11.27,10.092,312.876,5.897,-4445,,,,,,
2026-02-22T21:59:06.000Z,1771797546.000,32.645254588,-117.21725207,5.855,263.763,286.874,-8.377,-5.418,26.248,10.09,313.122,5.252,-4446,,,,,,
2026-02-22T21:59:07.000Z,1771797547.000,32.645252146,-117.217282977,5.588,266.811,289.081,-15.552,-5.542,24.354,10.088,313.435,5.086,-4447,,,,,,
2026-02-22T21:59:08.000Z,1771797548.000,32.645252133,-117.217312965,5.553,270.874,289.796,-10.03,-4.638,24.018,10.087,313.814,5.072,-4448,,,,,,
2026-02-22T21:59:09.000Z,1771797549.000,32.64525098,-117.217341834,5.54,266.19,288.85,-9.926,-7.944,24.63,10.085,313.48,5.027,-4449,,,,,,
2026-02-22T21:59:10.000Z,1771797550.000,32.645248494,-117.217370989,5.354,261.908,293.069,-7.893,-1.625,20.312,10.083,313.382,5.021,-4450,,,,,,
2026-02-22T21:59:11.000Z,1771797551.000,32.64524434,-117.217400481,5.413,261.349,284.535,-14.425,-6.903,28.709,10.082,313.244,4.747,-4451,,,,,,
2026-02-22T21:59:12.000Z,1771797552.000,32.645241769,-117.217429828,5.413,266.428,287.429,-14.309,-4.452,25.534,10.08,312.963,4.884,-4452,,,,,,
2026-02-22T21:59:13.000Z,1771797553.000,32.645238375,-117.217458502,5.369,263.253,291.821,-19.345,-6.991,20.909,10.078,312.73,5.013,-4453,,,,,,
2026-02-22T21:59:14.000Z,1771797554.000,32.645234435,-117.217488279,5.422,264.942,288.997,-14.678,-2.18,23.696,10.077,312.693,4.961,-4454,,,,,,
2026-02-22T21:59:15.000Z,1771797555.000,32.645230145,-117.217519273,6.288,258.154,283.169,-18.338,-6.865,29.53,10.075,312.699,5.468,-4455,,,,,,
2026-02-22T21:59:16.000Z,1771797556.000,32.645228567,-117.217550569,5.933,268.347,286.607,-13.687,-4.531,25.934,10.073,312.541,5.334,-4456,,,,,,
2026-02-22T21:59:17.000Z,1771797557.000,32.645227525,-117.217581267,5.853,269.169,287.072,-12.268,-5.874,25.237,10.072,312.309,5.292,-4457,,,,,,
2026-02-22T21:59:18.000Z,1771797558.000,32.645224035,-117.217612575,5.655,260.912,283.233,-15.711,-7.978,28.964,10.07,312.197,4.942,-4458,,,,,,
2026-02-22T21:59:19.000Z,1771797559.000,32.645219345,-117.217643654,6.727,257.655,289.966,-15.734,-8.708,22.27,10.068,312.236,6.224,-4459,,,,,,
2026-02-22T21:59:20.000Z,1771797560.000,32.645214812,-117.217675715,5.827,260.48,288.502,-14.112,-2.059,23.955,10.067,312.458,5.321,-4460,,,,,,
2026-02-22T21:59:21.000Z,1771797561.000,32.645209788,-117.21770949,6.57,261.927,284.527,-18.346,-7.089,28.155,10.065,312.682,5.791,-4461,,,,,,
2026-02-22T21:59:22.000Z,1771797562.000,32.645206291,-117.217742067,6.121,263.509,289.865,-21.678,-5.604,22.686,10.063,312.551,5.647,-4462,,,,,,
2026-02-22T21:59:23.000Z,1771797563.000,32.645204452,-117.2177744,6.113,266.201,291.742,-15.729,-4.098,20.674,10.062,312.417,5.718,-4463,,,,,,
2026-02-22T21:59:24.000Z,1771797564.000,32.645202309,-117.217808077,6.427,266.413,288.035,-16.333,-3.981,24.261,10.06,312.295,5.86,-4464,,,,,,
2026-02-22T21:59:25.000Z,1771797565.000,32.645201408,-117.217840564,6.1,266.652,287.482,-11.961,-6.718,24.664,10.058,312.146,5.541,-4465,,,,,,
2026-02-22T21:59:26.000Z,1771797566.000,32.645198867,-117.217874,5.945,272.819,288.439,-9.302,-1.939,23.559,10.057,311.998,5.448,-4466,,,,,,
2026-02-22T21:59:27.000Z,1771797567.000,32.645195057,-117.217906703,5.825,260.161,287.689,-16.714,-3.725,23.981,10.055,311.671,5.321,-4467,,,,,,
2026-02-22T21:59:28.000Z,1771797568.000,32.645191884,-117.217940565,6.074,265.255,287.632,-13,-2.675,23.84,10.053,311.472,5.556,-4468,,,,,,
2026-02-22T21:59:29.000Z,1771797569.000,32.645187774,-117.217975009,6.47,264.226,286.748,-18.332,-6.014,24.573,10.052,311.322,5.882,-4469,,,,,,
2026-02-22T21:59:30.000Z,1771797570.000,32.645185688,-117.218008159,5.822,265.756,287.485,-17.294,-3.064,23.762,10.05,311.248,5.327,-4470,,,,,,
2026-02-22T21:59:31.000Z,1771797571.000,32.64518391,-117.218038926,5.525,266.425,286.889,-11.395,-5.093,24.099,10.048,310.988,5.043,-4471,,,,,,
2026-02-22T21:59:32.000Z,1771797572.000,32.645180907,-117.218070174,5.52,265.573,285.728,-14.775,-7.39,24.707,10.047,310.435,5.016,-4472,,,,,,
2026-02-22T21:59:33.000Z,1771797573.000,32.64517726,-117.218101389,5.945,259.5,287.028,-14.613,-4.316,22.853,10.045,309.882,5.478,-4473,,,,,,
2026-02-22T21:59:34.000Z,1771797574.000,32.645173513,-117.218133908,6.189,259.803,283.987,-11.653,-5.403,25.391,10.043,309.378,5.591,-4474,,,,,,
2026-02-22T21:59:35.000Z,1771797575.000,32.645168016,-117.218167448,6.599,261.391,285.805,-21.13,-8.118,23.038,10.042,308.843,6.066,-4475,,,,,,
2026-02-22T21:59:36.000Z,1771797576.000,32.645164767,-117.218200738,6.04,263.134,289.067,-16.521,2.201,19.342,10.04,308.409,5.691,-4476,,,,,,
2026-02-22T21:59:37.000Z,1771797577.000,32.645160885,-117.218232755,5.301,266.283,282.475,-13.202,-5.026,25.804,10.038,308.279,4.774,-4477,,,,,,
2026-02-22T21:59:38.000Z,1771797578.000,32.645155897,-117.218264475,5.823,260.344,283.333,-21.081,-7.205,24.93,10.037,308.264,5.279,-4478,,,,,,
2026-02-22T21:59:39.000Z,1771797579.000,32.64515306,-117.218294794,5.712,262.728,287.167,-18,-4.741,21.044,10.035,308.211,5.331,-4479,,,,,,
2026-02-22T21:59:40.000Z,1771797580.000,32.645149106,-117.218324415,5.773,258.365,287.595,-19.742,-5.703,20.502,10.033,308.098,5.408,-4480,,,,,,
2026-02-22T21:59:41.000Z,1771797581.000,32.645145676,-117.218354761,5.669,261.467,291.341,-19.223,-5.005,16.545,10.032,307.886,5.433,-4481,,,,,,
2026-02-22T21:59:42.000Z,1771797582.000,32.645141698,-117.218386158,5.055,262.502,286.429,-17.221,1.033,21.206,10.03,307.635,4.709,-4482,,,,,,
2026-02-22T21:59:43.000Z,1771797583.000,32.64513729,-117.218417929,6,262.274,285.436,-19.937,-9.455,22.228,10.028,307.663,5.551,-4483,,,,,,
2026-02-22T21:59:44.000Z,1771797584.000,32.64513466,-117.218449218,5.807,262.6,288.039,-14.402,-2.806,20.015,10.027,308.053,5.456,-4484,,,,,,
2026-02-22T21:59:45.000Z,1771797585.000,32.645129576,-117.218481523,6,255.255,282.644,-18.924,-9.409,25.819,10.025,308.463,5.396,-4485,,,,,,
2026-02-22T21:59:46.000Z,1771797586.000,32.645125041,-117.218512713,5.754,255.583,291.207,-22.243,-1.37,17.471,10.023,308.678,5.487,-4486,,,,,,
2026-02-22T21:59:47.000Z,1771797587.000,32.645121572,-117.21854302,5.551,261.502,289.841,-23.427,-4.653,18.774,10.022,308.615,5.254,-4487,,,,,,
2026-02-22T21:59:48.000Z,1771797588.000,32.645119117,-117.218574898,5.639,264.865,291.062,-19.269,-5.723,17.426,10.02,308.489,5.38,-4488,,,,,,
2026-02-22T21:59:49.000Z,1771797589.000,32.645117652,-117.218607526,6.124,266.449,290.479,-15.933,-3.321,18.139,10.018,308.618,5.82,-4489,,,,,,
2026-02-22T21:59:50.000Z,1771797590.000,32.645114076,-117.218641237,5.866,261.813,283.252,-14.364,-7.8,25.309,10.017,308.561,5.298,-4490,,,,,,
2026-02-22T21:59:51.000Z,1771797591.000,32.645109127,-117.218674603,6.376,259.106,287.452,-18.629,-5.128,21.196,10.015,308.648,5.943,-4491,,,,,,
2026-02-22T21:59:52.000Z,1771797592.000,32.645104626,-117.218709022,6.44,264.782,288.722,-18.759,-2.86,20.367,10.013,309.089,6.034,-4492,,,,,,
2026-02-22T21:59:53.000Z,1771797593.000,32.645102392,-117.2187432,6.523,267.294,291.903,-25.238,-8.313,17.878,10.012,309.781,6.209,-4493,,,,,,
2026-02-22T21:59:54.000Z,1771797594.000,32.645103602,-117.218777366,6.1,273.814,294.13,-18.048,-1.95,16.455,10.01,310.585,5.849,-4494,,,,,,
2026-02-22T21:59:55.000Z,1771797595.000,32.645105003,-117.218808406,5.285,274.336,293.015,-16.569,-4.642,18.378,10.008,311.393,5.015,-4495,,,,,,
2026-02-22T21:59:56.000Z,1771797596.000,32.645104613,-117.218839872,5.587,269.166,292.556,-21.112,-4.833,19.432,10.007,311.988,5.269,-4496,,,,,,
2026-02-22T21:59:57.000Z,1771797597.000,32.6451044,-117.21887057,5.811,268.789,294.833,-14.138,-3.969,17.416,10.005,312.249,5.545,-4497,,,,,,
2026-02-22T21:59:58.000Z,1771797598.000,32.645102163,-117.218903847,5.989,264.376,289.219,-17.802,-9.479,23.097,10.003,312.316,5.506,-4498,,,,,,
2026-02-22T21:59:59.000Z,1771797599.000,32.645100379,-117.218935193,5.8,263.86,291.492,-11.991,-3.029,20.781,10.002,312.273,5.423,-4499,,,,,,
2026-02-22T22:00:00.000Z,1771797600.000,32.645096904,-117.218967877,6.126,266.476,290.091,-22.706,-6.813,22.329,10,312.42,5.666,-4500,,,,,,
2026-02-22T22:00:01.000Z,1771797601.000,32.645095977,-117.219002195,6.685,267.049,296.497,-23.997,-2.476,16.164,10.001,312.661,6.419,-4501,,,,,,
2026-02-22T22:00:02.000Z,1771797602.000,32.645097197,-117.21903714,6.076,276.841,295.392,-27.859,-7.933,17.368,10.002,312.761,5.799,-4502,,,,,,
2026-02-22T22:00:03.000Z,1771797603.000,32.645102905,-117.219068514,6.029,279.441,299.011,-22.256,-7.417,13.594,10.003,312.606,5.853,-4503,,,,,,
2026-02-22T22:00:04.000Z,1771797604.000,32.645107774,-117.219097502,5.75,275.926,303.419,-15.385,-1.329,8.703,10.004,312.122,5.682,-4504,,,,,,
2026-02-22T22:00:05.000Z,1771797605.000,32.645109548,-117.219127304,5.315,273.426,297.57,-16.244,-3.801,14.049,10.006,311.619,5.155,-4505,,,,,,
2026-02-22T22:00:06.000Z,1771797606.000,32.645110908,-117.219157653,5.331,272.607,293.355,-15.291,-4.023,18.123,10.007,311.479,5.066,-4506,,,,,,
2026-02-22T22:00:07.000Z,1771797607.000,32.645109605,-117.219189427,5.753,266.126,293.23,-19.763,-6.02,18.246,10.008,311.476,5.462,-4507,,,,,,
2026-02-22T22:00:08.000Z,1771797608.000,32.645108462,-117.219221348,5.574,269.118,295.494,-20.087,-1.675,16.043,10.009,311.537,5.355,-4508,,,,,,
2026-02-22T22:00:09.000Z,1771797609.000,32.645107746,-117.219253924,6.432,268.231,292.29,-21.411,-6.193,19.259,10.01,311.549,6.071,-4509,,,,,,
2026-02-22T22:00:10.000Z,1771797610.000,32.645107915,-117.219286433,6.392,270.646,294.313,-26.685,-8.266,17.21,10.011,311.522,6.104,-4510,,,,,,
2026-02-22T22:00:11.000Z,1771797611.000,32.645108689,-117.219319992,6.52,269.024,299.152,-18.11,1.5,12.491,10.012,311.643,6.361,-4511,,,,,,
2026-02-22T22:00:12.000Z,1771797612.000,32.645109025,-117.219353734,6.163,268.92,292.632,-21.518,-7.579,18.915,10.013,311.547,5.83,-4512,,,,,,
2026-02-22T22:00:13.000Z,1771797613.000,32.645110141,-117.219386223,5.566,271.202,295.556,-19.479,-5.213,15.302,10.014,310.858,5.368,-4513,,,,,,
2026-02-22T22:00:14.000Z,1771797614.000,32.645111844,-117.219417972,5.509,273.593,295.441,-21.581,-4.348,15.01,10.016,310.451,5.316,-4514,,,,,,
2026-02-22T22:00:15.000Z,1771797615.000,32.645113815,-117.219449826,5.812,268.905,294.031,-21.069,-5.049,15.784,10.017,309.814,5.593,-4515,,,,,,
2026-02-22T22:00:16.000Z,1771797616.000,32.64511616,-117.219479977,5.4,274.982,293.865,-15.137,-7.318,15.498,10.018,309.363,5.203,-4516,,,,,,
2026-02-22T22:00:17.000Z,1771797617.000,32.645116714,-117.219508889,5.213,268.088,296.29,-14.989,-3.569,12.95,10.019,309.24,5.081,-4517,,,,,,
2026-02-22T22:00:18.000Z,1771797618.000,32.645116433,-117.219537833,5.4,268.062,292.114,-12.282,-3.474,17.082,10.02,309.196,5.161,-4518,,,,,,
2026-02-22T22:00:19.000Z,1771797619.000,32.645113751,-117.219568911,5.7,262.75,291.527,-21.624,-6.134,17.757,10.021,309.284,5.428,-4519,,,,,,
2026-02-22T22:00:20.000Z,1771797620.000,32.645112941,-117.219601079,5.986,269.294,293.74,-17.627,-2.718,15.419,10.022,309.159,5.768,-4520,,,,,,
2026-02-22T22:00:21.000Z,1771797621.000,32.645111198,-117.219634962,6.415,263.581,291.704,-18.898,-7.648,17.242,10.023,308.946,6.127,-4521,,,,,,
2026-02-22T22:00:22.000Z,1771797622.000,32.645108843,-117.219668074,5.83,262.178,294.446,-19.006,3.103,14.272,10.024,308.719,5.631,-4522,,,,,,
2026-02-22T22:00:23.000Z,1771797623.000,32.645107915,-117.219700943,5.197,275.482,288.528,-18.66,-5.49,20.222,10.026,308.749,4.877,-4523,,,,,,
2026-02-22T22:00:24.000Z,1771797624.000,32.645107495,-117.21973062,5.832,265.397,291.735,-22.824,-8.493,17.058,10.027,308.793,5.571,-4524,,,,,,
2026-02-22T22:00:25.000Z,1771797625.000,32.64510697,-117.219759469,5.37,271.371,297.174,-23.547,-7.057,11.752,10.028,308.926,5.257,-4525,,,,,,
2026-02-22T22:00:26.000Z,1771797626.000,32.645108168,-117.219787317,4.863,269.953,299.55,-18.942,-2.032,9.5,10.029,309.05,4.79,-4526,,,,,,
2026-02-22T22:00:27.000Z,1771797627.000,32.645107101,-117.219818653,5.623,266.117,291.456,-20.564,-4.216,17.603,10.03,309.059,5.359,-4527,,,,,,
2026-02-22T22:00:28.000Z,1771797628.000,32.645105788,-117.219850093,5.724,269.354,294.134,-23.178,-5.165,15.04,10.031,309.173,5.528,-4528,,,,,,
2026-02-22T22:00:29.000Z,1771797629.000,32.645106,-117.219882215,6.163,270.38,296.844,-22.784,-3.344,12.514,10.032,309.358,6.014,-4529,,,,,,
2026-02-22T22:00:30.000Z,1771797630.000,32.64510715,-117.219913693,6.04,274.615,297.875,-19.906,-0.728,11.597,10.033,309.472,5.915,-4530,,,,,,
2026-02-22T22:00:31.000Z,1771797631.000,32.645108323,-117.21994489,5.446,272.269,293.065,-21.483,-6.227,16.553,10.034,309.618,5.22,-4531,,,,,,
2026-02-22T22:00:32.000Z,1771797632.000,32.645108953,-117.219975576,4.994,269.518,293.772,-20.286,-9.23,15.702,10.036,309.474,4.8,-4532,,,,,,
2026-02-22T22:00:33.000Z,1771797633.000,32.645109276,-117.22000554,5.739,270.585,300.862,-19.372,0.186,8.562,10.037,309.424,5.672,-4533,,,,,,
2026-02-22T22:00:34.000Z,1771797634.000,32.645110054,-117.220034837,5.276,267.805,294.393,-17.097,-3.014,15.113,10.038,309.506,5.091,-4534,,,,,,
2026-02-22T22:00:35.000Z,1771797635.000,32.645109476,-117.220063584,5.206,265.664,290.417,-18.759,-8.736,19.209,10.039,309.626,4.91,-4535,,,,,,
2026-02-22T22:00:36.000Z,1771797636.000,32.645108508,-117.220092717,5.816,266.099,293.721,-20.332,-4.594,16.107,10.04,309.828,5.588,-4536,,,,,,
2026-02-22T22:00:37.000Z,1771797637.000,32.645106235,-117.22012487,6.39,266.721,291.881,-28.64,-5.148,17.968,10.041,309.849,6.079,-4537,,,,,,
2026-02-22T22:00:38.000Z,1771797638.000,32.645105572,-117.220159276,6.428,269.972,296.846,-28.604,-8.85,13.19,10.042,310.036,6.257,-4538,,,,,,
2026-02-22T22:00:39.000Z,1771797639.000,32.645106348,-117.220193442,5.837,272.754,298.032,-22.737,-1.309,12.119,10.043,310.152,5.698,-4539,,,,,,
2026-02-22T22:00:40.000Z,1771797640.000,32.645106545,-117.220227552,6.056,266.014,290.802,-22.154,-7.208,19.413,10.044,310.216,5.712,-4540,,,,,,
2026-02-22T22:00:41.000Z,1771797641.000,32.645106237,-117.2202583,5.75,269.612,295.595,-18.306,-4.505,14.777,10.046,310.372,5.56,-4541,,,,,,
2026-02-22T22:00:42.000Z,1771797642.000,32.64510381,-117.220289602,5.613,260.893,292.695,-21.557,-0.658,17.891,10.047,310.586,5.339,-4542,,,,,,
2026-02-22T22:00:43.000Z,1771797643.000,32.645100449,-117.220320456,6.169,262.38,287.304,-21.213,-8.203,23.405,10.048,310.71,5.659,-4543,,,,,,
2026-02-22T22:00:44.000Z,1771797644.000,32.645097032,-117.220351781,6.054,261.574,291.76,-24.766,-3.917,19.064,10.049,310.824,5.721,-4544,,,,,,
2026-02-22T22:00:45.000Z,1771797645.000,32.645093909,-117.220384428,6.124,266.244,288.107,-23.158,-9.101,22.836,10.05,310.943,5.644,-4545,,,,,,
2026-02-22T22:00:46.000Z,1771797646.000,32.645093213,-117.220418087,6.807,268.326,297.51,-23.906,-9.801,13.729,10.051,311.239,6.612,-4546,,,,,,
2026-02-22T22:00:47.000Z,1771797647.000,32.645093346,-117.220451718,6.877,266.435,298.527,-15.106,-2.045,12.807,10.052,311.334,6.695,-4547,,,,,,
2026-02-22T22:00:48.000Z,1771797648.000,32.645092722,-117.220486773,6.233,269.61,292.084,-19.575,-6.149,19.56,10.053,311.644,5.873,-4548,,,,,,
2026-02-22T22:00:49.000Z,1771797649.000,32.645091696,-117.220520025,5.96,266.343,287.644,-15.089,0.045,24.278,10.054,311.922,5.432,-4549,,,,,,
2026-02-22T22:00:50.000Z,1771797650.000,32.64508726,-117.220552298,5.913,259.887,285.522,-25.954,-10.447,26.536,10.056,312.057,5.286,-4550,,,,,,
2026-02-22T22:00:51.000Z,1771797651.000,32.645085105,-117.220584749,6.085,267.599,292.539,-21.367,-0.623,19.515,10.057,312.054,5.732,-4551,,,,,,
2026-02-22T22:00:52.000Z,1771797652.000,32.645084032,-117.220618152,6.211,264.821,289.996,-23.307,-9.076,22.189,10.058,312.185,5.749,-4552,,,,,,
2026-02-22T22:00:53.000Z,1771797653.000,32.645083712,-117.220648504,5.312,270.029,296.707,-19.151,-0.346,15.784,10.059,312.491,5.11,-4553,,,,,,
2026-02-22T22:00:54.000Z,1771797654.000,32.645084287,-117.220679733,5.9,268.253,295.128,-18.448,-3.27,17.546,10.06,312.674,5.624,-4554,,,,,,
2026-02-22T22:00:55.000Z,1771797655.000,32.645085224,-117.220709819,5.461,272.318,297.454,-17.855,-1.515,15.366,10.061,312.82,5.261,-4555,,,,,,
2026-02-22T22:00:56.000Z,1771797656.000,32.6450863,-117.220743741,5.789,274.445,296.39,-17.786,-4.368,16.487,10.062,312.877,5.549,-4556,,,,,,
2026-02-22T22:00:57.000Z,1771797657.000,32.645089795,-117.22077851,6.777,279.521,295.213,-21.651,-7.274,17.751,10.063,312.964,6.451,-4557,,,,,,
2026-02-22T22:00:58.000Z,1771797658.000,32.645095566,-117.220811496,6.601,280.531,298.045,-17.019,-7.455,14.98,10.064,313.025,6.372,-4558,,,,,,
2026-02-22T22:00:59.000Z,1771797659.000,32.645099688,-117.220843966,6.454,272.598,298.05,-12.092,-3.917,15.029,10.066,313.08,6.233,-4559,,,,,,
2026-02-22T22:01:00.000Z,1771797660.000,32.64510073,-117.220877373,6.115,268.966,291.454,-16.205,-6.118,21.629,10.067,313.084,5.684,-4560,,,,,,
2026-02-22T22:01:01.000Z,1771797661.000,32.645099523,-117.220910935,5.793,268.225,291.947,-22.961,-5.847,21.108,10.068,313.054,5.405,-4561,,,,,,
2026-02-22T22:01:02.000Z,1771797662.000,32.645099413,-117.220943113,6.125,269.998,291.916,-22.682,-8.361,21.217,10.069,313.133,5.709,-4562,,,,,,
2026-02-22T22:01:03.000Z,1771797663.000,32.645099153,-117.220973442,5.747,267.733,297.395,-21.041,-4.413,15.905,10.07,313.301,5.527,-4563,,,,,,
2026-02-22T22:01:04.000Z,1771797664.000,32.64509897,-117.221004159,5.815,268.59,295.53,-22.233,-4.126,17.928,10.071,313.458,5.529,-4564,,,,,,
2026-02-22T22:01:05.000Z,1771797665.000,32.645099153,-117.22103792,6.077,271.235,294.448,-23.516,-9,19.003,10.072,313.451,5.744,-4565,,,,,,
2026-02-22T22:01:06.000Z,1771797666.000,32.645100363,-117.221070771,6.238,269.683,305.242,-22.409,-0.376,8.088,10.073,313.33,6.164,-4566,,,,,,
2026-02-22T22:01:07.000Z,1771797667.000,32.645102039,-117.221105309,6.127,278.604,294.484,-21.759,-6.54,18.966,10.074,313.45,5.794,-4567,,,,,,
2026-02-22T22:01:08.000Z,1771797668.000,32.645105302,-117.221139463,6.509,272.986,297.722,-13.147,-8.188,15.699,10.076,313.421,6.258,-4568,,,,,,
2026-02-22T22:01:09.000Z,1771797669.000,32.645106623,-117.221174082,6.1,272.399,294.005,-12.033,-2.703,19.253,10.077,313.258,5.757,-4569,,,,,,
2026-02-22T22:01:10.000Z,1771797670.000,32.645105345,-117.221207272,6.34,266.333,289.575,-23.003,-7.098,23.677,10.078,313.252,5.797,-4570,,,,,,
2026-02-22T22:01:11.000Z,1771797671.000,32.64510384,-117.221240621,6.408,267.944,292.733,-20.584,-5.887,20.595,10.079,313.328,5.996,-4571,,,,,,
2026-02-22T22:01:12.000Z,1771797672.000,32.64510411,-117.221272404,5.675,274.661,293.319,-21.014,-3.227,19.932,10.08,313.251,5.334,-4572,,,,,,
2026-02-22T22:01:13.000Z,1771797673.000,32.645104967,-117.221303367,5.856,270.622,292.455,-17.079,-7.426,20.603,10.081,313.058,5.481,-4573,,,,,,
2026-02-22T22:01:14.000Z,1771797674.000,32.6451051,-117.221332524,5.2,271.622,295.726,-15.341,-1.276,17.306,10.082,313.032,4.963,-4574,,,,,,
2026-02-22T22:01:15.000Z,1771797675.000,32.645104167,-117.221364501,6.273,266.213,290.767,-17.885,-7.103,22.198,10.083,312.965,5.807,-4575,,,,,,
2026-02-22T22:01:16.000Z,1771797676.000,32.64510323,-117.22139728,6.479,268.425,293.306,-22.007,-6.409,19.866,10.084,313.172,6.091,-4576,,,,,,
2026-02-22T22:01:17.000Z,1771797677.000,32.645104223,-117.221431315,5.655,274.136,297.378,-20.171,-1.556,15.974,10.086,313.351,5.431,-4577,,,,,,
2026-02-22T22:01:18.000Z,1771797678.000,32.645107183,-117.221463553,6.048,274.909,293.218,-12.784,-4.067,20.289,10.087,313.507,5.673,-4578,,,,,,
2026-02-22T22:01:19.000Z,1771797679.000,32.64510724,-117.221496567,5.953,266.998,289.404,-17.993,-6.774,24.163,10.088,313.567,5.429,-4579,,,,,,
2026-02-22T22:01:20.000Z,1771797680.000,32.645106985,-117.221528159,6.038,272.915,294.316,-22.741,-9.093,19.307,10.089,313.623,5.698,-4580,,,,,,
2026-02-22T22:01:21.000Z,1771797681.000,32.645107511,-117.221560848,5.821,270.453,296.304,-23.567,-1.432,17.487,10.09,313.791,5.551,-4581,,,,,,
2026-02-22T22:01:22.000Z,1771797682.000,32.6451079,-117.221593396,6.251,268.47,292.716,-20.02,-6.518,21.066,10.091,313.781,5.833,-4582,,,,,,
2026-02-22T22:01:23.000Z,1771797683.000,32.645108706,-117.2216242,5.573,271.167,293.365,-18.219,-6.257,20.359,10.092,313.724,5.225,-4583,,,,,,
2026-02-22T22:01:24.000Z,1771797684.000,32.64510923,-117.221654479,5.51,265.971,295.231,-23.7,-6.928,18.452,10.093,313.683,5.224,-4584,,,,,,
2026-02-22T22:01:25.000Z,1771797685.000,32.645110913,-117.221687412,6.313,270.901,298.305,-24.536,-6.626,15.332,10.094,313.636,6.088,-4585,,,,,,
2026-02-22T22:01:26.000Z,1771797686.000,32.645114634,-117.221720044,6.064,280.822,300.31,-20.323,-5.547,13.273,10.096,313.584,5.902,-4586,,,,,,
2026-02-22T22:01:27.000Z,1771797687.000,32.645120319,-117.221750588,5.947,281.092,304.525,-12.738,-1.872,8.92,10.097,313.445,5.871,-4587,,,,,,
2026-02-22T22:01:28.000Z,1771797688.000,32.645124781,-117.221782448,5.937,277.924,297.912,-11.511,-5.245,15.287,10.098,313.199,5.727,-4588,,,,,,
2026-02-22T22:01:29.000Z,1771797689.000,32.6451258,-117.221816522,6.236,269.308,298.61,-20.303,-6.202,14.333,10.099,312.943,6.024,-4589,,,,,,
2026-02-22T22:01:30.000Z,1771797690.000,32.645127117,-117.221849145,5.536,271.938,296.259,-19.916,-3.764,16.746,10.1,313.005,5.301,-4590,,,,,,
2026-02-22T22:01:31.000Z,1771797691.000,32.645128286,-117.221881655,6.113,276.294,294.201,-22.562,-8.88,18.781,10.101,312.982,5.782,-4591,,,,,,
2026-02-22T22:01:32.000Z,1771797692.000,32.645129485,-117.221911722,5.755,271.142,298.264,-25.077,-5.518,14.568,10.102,312.832,5.567,-4592,,,,,,
2026-02-22T22:01:33.000Z,1771797693.000,32.645130637,-117.221942971,5.5,273.178,297.321,-21.26,-3.708,15.462,10.103,312.783,5.3,-4593,,,,,,
2026-02-22T22:01:34.000Z,1771797694.000,32.645132318,-117.221973418,5.918,272.218,297.333,-21.897,-6.865,15.523,10.104,312.856,5.701,-4594,,,,,,
2026-02-22T22:01:35.000Z,1771797695.000,32.645134086,-117.222003475,5.289,276.235,301.783,-19.862,2.575,11.149,10.106,312.932,5.18,-4595,,,,,,
2026-02-22T22:01:36.000Z,1771797696.000,32.645135263,-117.222034987,5.876,276.89,298.211,-23.274,-7.42,14.641,10.107,312.853,5.683,-4596,,,,,,
2026-02-22T22:01:37.000Z,1771797697.000,32.64513784,-117.222068231,5.989,276.095,297.653,-18.111,-4.352,15.159,10.108,312.812,5.781,-4597,,,,,,
2026-02-22T22:01:38.000Z,1771797698.000,32.645137606,-117.222102053,6.388,267.182,294.731,-24.959,-7.177,18.221,10.109,312.951,6.066,-4598,,,,,,
2026-02-22T22:01:39.000Z,1771797699.000,32.64513923,-117.222135994,6.1,276.535,297.827,-18.257,-2.459,15.199,10.11,313.026,5.886,-4599,,,,,,
2026-02-22T22:01:40.000Z,1771797700.000,32.645141265,-117.222168858,5.815,275.876,296.372,-15.55,-5.045,16.954,10.111,313.326,5.562,-4600,,,,,,
2026-02-22T22:01:41.000Z,1771797701.000,32.64514117,-117.222202735,6.379,268.751,292.524,-21.07,-7.795,20.669,10.112,313.193,5.951,-4601,,,,,,
2026-02-22T22:01:42.000Z,1771797702.000,32.645141335,-117.222235585,5.954,265.806,296.693,-19.767,-4.473,16.343,10.113,313.036,5.713,-4602,,,,,,
2026-02-22T22:01:43.000Z,1771797703.000,32.645141237,-117.222267973,5.812,271.221,292.817,-18.482,-3.435,20.133,10.114,312.95,5.455,-4603,,,,,,
2026-02-22T22:01:44.000Z,1771797704.000,32.645139955,-117.222298996,5.514,266.172,290.099,-20.169,-6.577,22.781,10.116,312.881,5.078,-4604,,,,,,
2026-02-22T22:01:45.000Z,1771797705.000,32.645138508,-117.222329995,6.077,266.1,293.549,-24.485,-9.713,19.169,10.117,312.719,5.732,-4605,,,,,,
2026-02-22T22:01:46.000Z,1771797706.000,32.645139188,-117.222362239,5.6,271.208,299.455,-17.025,-0.528,12.994,10.118,312.449,5.455,-4606,,,,,,
2026-02-22T22:01:47.000Z,1771797707.000,32.645138737,-117.222395186,5.925,269.461,291.962,-20.482,-6.017,20.386,10.119,312.347,5.554,-4607,,,,,,
2026-02-22T22:01:48.000Z,1771797708.000,32.6451394,-117.222427276,6.193,269.644,297.635,-17.721,-4.808,14.922,10.12,312.557,5.985,-4608,,,,,,
2026-02-22T22:01:49.000Z,1771797709.000,32.645139674,-117.222459215,5.916,272.708,298.698,-17.785,-1.823,13.805,10.121,312.503,5.733,-4609,,,,,,
2026-02-22T22:01:50.000Z,1771797710.000,32.645141431,-117.222492437,5.646,272.94,292.419,-16.088,-6.192,19.767,10.122,312.186,5.313,-4610,,,,,,
2026-02-22T22:01:51.000Z,1771797711.000,32.6451418,-117.222525087,5.975,269.387,289.808,-10.645,-6.407,22.186,10.123,311.995,5.525,-4611,,,,,,
2026-02-22T22:01:52.000Z,1771797712.000,32.645139354,-117.222555725,5.28,258.893,291.578,-14.222,2.893,20.31,10.124,311.887,4.945,-4612,,,,,,
2026-02-22T22:01:53.000Z,1771797713.000,32.645136454,-117.22258731,5.415,267.995,286.776,-17.268,-4.414,25.195,10.126,311.971,4.901,-4613,,,,,,
2026-02-22T22:01:54.000Z,1771797714.000,32.645132687,-117.222617814,5.834,262.619,289.037,-23.541,-9.046,22.826,10.127,311.863,5.37,-4614,,,,,,
2026-02-22T22:01:55.000Z,1771797715.000,32.645129675,-117.222646909,4.975,258.938,297.109,-22.565,-1.116,14.58,10.128,311.689,4.808,-4615,,,,,,
2026-02-22T22:01:56.000Z,1771797716.000,32.645127413,-117.222678523,5.893,272.99,295.899,-27.339,-6.226,15.777,10.129,311.676,5.67,-4616,,,,,,
2026-02-22T22:01:57.000Z,1771797717.000,32.64513047,-117.222708907,5.731,275.999,300.517,-22.064,-1.753,10.746,10.13,311.262,5.626,-4617,,,,,,
2026-02-22T22:01:58.000Z,1771797718.000,32.645134699,-117.222741223,5.734,278.824,298.857,-18.427,-5.479,12.052,10.131,310.909,5.607,-4618,,,,,,
2026-02-22T22:01:59.000Z,1771797719.000,32.645138238,-117.222773908,5.737,277.271,297.013,-14.848,-8.738,13.916,10.132,310.929,5.556,-4619,,,,,,
2026-02-22T22:02:00.000Z,1771797720.000,32.645139647,-117.222806291,5.995,271.115,299.5,-16.134,-4.236,11.15,10.133,310.65,5.882,-4620,,,,,,
2026-02-22T22:02:01.000Z,1771797721.000,32.645140524,-117.222837454,5.207,277.753,296.83,-17.014,-2.866,13.754,10.134,310.584,5.052,-4621,,,,,,
2026-02-22T22:02:02.000Z,1771797722.000,32.645140843,-117.222870571,5.634,273.917,297.256,-24.016,-2.715,13.634,10.136,310.89,5.474,-4622,,,,,,
2026-02-22T22:02:03.000Z,1771797723.000,32.645144522,-117.222902777,6.188,277.637,297.701,-23.854,-7.196,13.37,10.137,311.071,6.02,-4623,,,,,,
2026-02-22T22:02:04.000Z,1771797724.000,32.645148479,-117.222933876,5.961,276.328,300.708,-22.223,-5.871,10.461,10.138,311.169,5.861,-4624,,,,,,
2026-02-22T22:02:05.000Z,1771797725.000,32.645153153,-117.222962806,5.06,280.679,301.501,-17.59,-1.577,9.883,10.139,311.384,4.983,-4625,,,,,,
2026-02-22T22:02:06.000Z,1771797726.000,32.645156201,-117.222993681,5.4,275.487,299,-18.176,-8.329,12.489,10.14,311.489,5.257,-4626,,,,,,
2026-02-22T22:02:07.000Z,1771797727.000,32.64515899,-117.223023953,6.003,271.789,300.318,-19.557,-5.695,11.178,10.141,311.496,5.885,-4627,,,,,,
2026-02-22T22:02:08.000Z,1771797728.000,32.645161142,-117.223056175,6,274.032,300.338,-20.301,-5.905,11.19,10.142,311.528,5.886,-4628,,,,,,
2026-02-22T22:02:09.000Z,1771797729.000,32.64516385,-117.223088463,6.17,270.144,298.361,-20.479,-7.463,13.251,10.143,311.612,5.998,-4629,,,,,,
2026-02-22T22:02:10.000Z,1771797730.000,32.645165478,-117.223122703,6.613,268.368,297.653,-19.665,-4.329,13.883,10.144,311.536,6.419,-4630,,,,,,
2026-02-22T22:02:11.000Z,1771797731.000,32.645166388,-117.223156871,6.337,273.757,299.115,-19.551,-4.346,12.507,10.146,311.622,6.185,-4631,,,,,,
2026-02-22T22:02:12.000Z,1771797732.000,32.64516895,-117.22319037,5.992,278.286,297.371,-19.384,-3.983,14.364,10.147,311.735,5.804,-4632,,,,,,
2026-02-22T22:02:13.000Z,1771797733.000,32.645171854,-117.223221019,5.715,268.048,296.713,-16.27,-4.926,14.955,10.148,311.669,5.518,-4633,,,,,,
2026-02-22T22:02:14.000Z,1771797734.000,32.645173181,-117.223250853,4.93,276.997,295.742,-20.017,-5.745,15.623,10.149,311.366,4.748,-4634,,,,,,
2026-02-22T22:02:15.000Z,1771797735.000,32.645174417,-117.223280664,5.652,273.357,295.303,-23.255,-8.856,16.01,10.15,311.312,5.429,-4635,,,,,,
2026-02-22T22:02:16.000Z,1771797736.000,32.645177621,-117.223311665,5.751,275.256,299.722,-20.695,-3.425,11.382,10.151,311.104,5.638,-4636,,,,,,
2026-02-22T22:02:17.000Z,1771797737.000,32.645180955,-117.2233429,5.854,278.576,299.051,-22.891,-9.57,12.519,10.152,311.57,5.706,-4637,,,,,,
2026-02-22T22:02:18.000Z,1771797738.000,32.645185444,-117.223373602,5.636,281.156,300.563,-20.041,-5.086,11.184,10.153,311.746,5.529,-4638,,,,,,
2026-02-22T22:02:19.000Z,1771797739.000,32.645188894,-117.223404073,5.624,273.106,298.51,-21.011,-7.754,13.563,10.154,312.073,5.467,-4639,,,,,,
2026-02-22T22:02:20.000Z,1771797740.000,32.645191279,-117.223434924,5.774,277.636,302.28,-14.736,-0.202,10.334,10.156,312.613,5.679,-4640,,,,,,
2026-02-22T22:02:21.000Z,1771797741.000,32.645192978,-117.223465312,5.307,273.459,296.538,-20.767,-8.298,16.589,10.157,313.127,5.087,-4641,,,,,,
2026-02-22T22:02:22.000Z,1771797742.000,32.645195803,-117.223496113,5.643,274.694,299.756,-6.273,2.972,13.741,10.158,313.497,5.479,-4642,,,,,,
2026-02-22T22:02:23.000Z,1771797743.000,32.645195864,-117.223526598,5.26,272.591,290.76,-11.778,-7.931,22.825,10.159,313.585,4.846,-4643,,,,,,
2026-02-22T22:02:24.000Z,1771797744.000,32.645192672,-117.223555118,5.926,258.312,293.418,-25.854,-5.359,20.482,10.16,313.9,5.545,-4644,,,,,,
2026-02-22T22:02:25.000Z,1771797745.000,32.64519059,-117.223584599,5.915,267.57,296.553,-29.128,-4.536,17.725,10.161,314.277,5.631,-4645,,,,,,
2026-02-22T22:02:26.000Z,1771797746.000,32.645191304,-117.223617313,6.121,271.343,297.657,-32.093,-8.155,16.976,10.162,314.633,5.855,-4646,,,,,,
2026-02-22T22:02:27.000Z,1771797747.000,32.645194338,-117.223649704,6.012,276.304,298.092,-23.233,-6.372,16.784,10.163,314.875,5.755,-4647,,,,,,
2026-02-22T22:02:28.000Z,1771797748.000,32.64519725,-117.223681546,6.05,272.576,299.668,-23.356,-6.751,15.428,10.164,315.096,5.831,-4648,,,,,,
2026-02-22T22:02:29.000Z,1771797749.000,32.645200527,-117.223713002,5.87,279.815,301.295,-18.982,-3.075,14.35,10.166,315.645,5.683,-4649,,,,,,
2026-02-22T22:02:30.000Z,1771797750.000,32.645204644,-117.223745224,5.731,280.521,297.469,-18.496,-4.887,18.166,10.167,315.635,5.445,-4650,,,,,,
2026-02-22T22:02:31.000Z,1771797751.000,32.645207772,-117.223777227,5.677,275.565,299.305,-17.24,-8.455,16.625,10.168,315.93,5.438,-4651,,,,,,
2026-02-22T22:02:32.000Z,1771797752.000,32.645209639,-117.223806958,4.962,277.668,301.28,-11.478,0.649,14.887,10.169,316.168,4.789,-4652,,,,,,
2026-02-22T22:02:33.000Z,1771797753.000,32.64521044,-117.223836949,5.39,271.43,296.995,-22.192,-7.811,19.384,10.17,316.38,5.083,-4653,,,,,,
2026-02-22T22:02:34.000Z,1771797754.000,32.645212742,-117.223867333,5.854,278.108,299.854,-22.034,-5.144,16.972,10.171,316.826,5.598,-4654,,,,,,
2026-02-22T22:02:35.000Z,1771797755.000,32.645217006,-117.223898224,5.7,278.794,299.65,-20.735,-8.943,17.742,10.172,317.392,5.428,-4655,,,,,,
2026-02-22T22:02:36.000Z,1771797756.000,32.6452229,-117.223927825,5.463,281.662,302.558,-12.027,-3.241,15.034,10.173,317.592,5.275,-4656,,,,,,
2026-02-22T22:02:37.000Z,1771797757.000,32.64522641,-117.223957587,5.427,274.844,302.608,-11.51,-2.387,14.795,10.174,317.402,5.244,-4657,,,,,,
2026-02-22T22:02:38.000Z,1771797758.000,32.6452291,-117.223988863,5.9,277.041,297.45,-16.166,-8.255,19.754,10.176,317.204,5.552,-4658,,,,,,
2026-02-22T22:02:39.000Z,1771797759.000,32.645231409,-117.224021156,5.986,273.223,300.026,-19.46,-3.533,16.957,10.177,316.982,5.72,-4659,,,,,,
2026-02-22T22:02:40.000Z,1771797760.000,32.645233053,-117.224054291,6,273.767,296.237,-20.69,-6.238,20.517,10.178,316.754,5.619,-4660,,,,,,
2026-02-22T22:02:41.000Z,1771797761.000,32.645235218,-117.224085914,5.786,271.76,299.169,-15.64,-2.992,17.077,10.179,316.246,5.531,-4661,,,,,,
2026-02-22T22:02:42.000Z,1771797762.000,32.645235568,-117.224116325,5.463,272.763,295.909,-19.333,-4.005,19.896,10.18,315.806,5.134,-4662,,,,,,
2026-02-22T22:02:43.000Z,1771797763.000,32.645235324,-117.22414839,5.753,271.164,295.114,-24.041,-7.654,20.687,10.181,315.801,5.38,-4663,,,,,,
2026-02-22T22:02:44.000Z,1771797764.000,32.645235438,-117.224180517,6.238,272.138,300.202,-27.462,-3.922,15.401,10.182,315.603,6.014,-4664,,,,,,
2026-02-22T22:02:45.000Z,1771797765.000,32.645238416,-117.224213704,6.039,280.084,302.34,-25.74,-3.517,12.977,10.183,315.317,5.883,-4665,,,,,,
2026-02-22T22:02:46.000Z,1771797766.000,32.645243015,-117.224245814,5.715,276.285,306.037,-17.779,-2.718,9.272,10.184,315.309,5.635,-4666,,,,,,
2026-02-22T22:02:47.000Z,1771797767.000,32.645246797,-117.22427906,5.667,285.383,302.049,-16.874,-0.092,13.086,10.186,315.135,5.516,-4667,,,,,,
2026-02-22T22:02:48.000Z,1771797768.000,32.645250955,-117.224311187,6,277.905,303.6,-23.266,-10.162,11.271,10.187,314.872,5.867,-4668,,,,,,
2026-02-22T22:02:49.000Z,1771797769.000,32.645256944,-117.224340811,5.574,282.671,305.71,-14.904,-2.965,9.027,10.188,314.737,5.505,-4669,,,,,,
2026-02-22T22:02:50.000Z,1771797770.000,32.645259914,-117.224371074,5.415,279.374,299.542,-17.931,-7.348,15.201,10.189,314.743,5.225,-4670,,,,,,
2026-02-22T22:02:51.000Z,1771797771.000,32.645261333,-117.224402904,5.934,270.14,297.708,-24.223,-5.337,16.92,10.19,314.629,5.672,-4671,,,,,,
2026-02-22T22:02:52.000Z,1771797772.000,32.645263181,-117.22443393,5.764,276.363,297.923,-23.13,-6.585,16.578,10.191,314.501,5.524,-4672,,,,,,
2026-02-22T22:02:53.000Z,1771797773.000,32.645267646,-117.224463014,5.374,283.146,302.042,-19.701,-5.783,12.313,10.192,314.355,5.25,-4673,,,,,,
2026-02-22T22:02:54.000Z,1771797774.000,32.64527246,-117.224491299,5.185,277.118,306.433,-16.525,-1.728,7.764,10.193,314.197,5.134,-4674,,,,,,
2026-02-22T22:02:55.000Z,1771797775.000,32.645275886,-117.224521735,5.422,279.03,302.716,-18.019,-5.863,11.435,10.194,314.151,5.315,-4675,,,,,,
2026-02-22T22:02:56.000Z,1771797776.000,32.645280297,-117.224553776,5.876,282.098,301.766,-18.891,-8.41,12.317,10.196,314.083,5.734,-4676,,,,,,
2026-02-22T22:02:57.000Z,1771797777.000,32.645285132,-117.224586518,6.508,279.969,304.328,-16.102,-5.729,9.808,10.197,314.136,6.413,-4677,,,,,,
2026-02-22T22:02:58.000Z,1771797778.000,32.645290632,-117.224618646,5.607,279.942,303.267,-12.143,-1.982,10.863,10.198,314.131,5.502,-4678,,,,,,
2026-02-22T22:02:59.000Z,1771797779.000,32.645295298,-117.224651045,6.155,276.284,299.822,-14.83,-4.03,14.317,10.199,314.139,5.964,-4679,,,,,,
2026-02-22T22:03:00.000Z,1771797780.000,32.645297843,-117.224682213,5.524,278.542,298.285,-16.101,-3.55,15.712,10.2,313.997,5.318,-4680,,,,,,
2026-02-22T22:03:01.000Z,1771797781.000,32.645299853,-117.224713005,5.733,277.28,296.701,-24.091,-9.37,17.344,10.201,314.045,5.468,-4681,,,,,,
2026-02-22T22:03:02.000Z,1771797782.000,32.645303133,-117.224741526,5.47,272.281,305.648,-19.632,-0.002,8.516,10.202,314.163,5.403,-4682,,,,,,
2026-02-22T22:03:03.000Z,1771797783.000,32.645304093,-117.224772034,5.043,274.763,298.454,-22.969,-7.158,15.549,10.203,314.003,4.857,-4683,,,,,,
2026-02-22T22:03:04.000Z,1771797784.000,32.645306751,-117.224803408,5.562,280.324,299.574,-21.41,-6.803,14.226,10.204,313.8,5.392,-4684,,,,,,
2026-02-22T22:03:05.000Z,1771797785.000,32.645311228,-117.224835646,6.187,279.809,300.139,-17.989,-8.437,13.423,10.206,313.563,6.014,-4685,,,,,,
2026-02-22T22:03:06.000Z,1771797786.000,32.645314621,-117.224868449,6.238,275.814,301.043,-17.838,-6.327,11.823,10.207,312.866,6.105,-4686,,,,,,
2026-02-22T22:03:07.000Z,1771797787.000,32.6453179,-117.224901859,6.889,274.454,306.176,-23.317,-7.591,6.569,10.208,312.745,6.84,-4687,,,,,,
2026-02-22T22:03:08.000Z,1771797788.000,32.645319188,-117.224934261,6.515,270.833,306.704,-20.257,3.202,5.843,10.209,312.547,6.471,-4688,,,,,,
2026-02-22T22:03:09.000Z,1771797789.000,32.645321531,-117.224966912,6.015,277.534,302.131,-18.507,-1.089,10.405,10.21,312.536,5.907,-4689,,,,,,
2026-02-22T22:03:10.000Z,1771797790.000,32.645324482,-117.224999394,5.978,275.52,296.986,-19.824,-4.983,15.651,10.211,312.637,5.756,-4690,,,,,,
2026-02-22T22:03:11.000Z,1771797791.000,32.645327893,-117.225031391,5.656,277.339,296.383,-17.745,-8.775,16.56,10.212,312.943,5.416,-4691,,,,,,
2026-02-22T22:03:12.000Z,1771797792.000,32.645330933,-117.22506112,5.828,277.504,300.044,-17.875,-4.327,13.171,10.213,313.215,5.675,-4692,,,,,,
2026-02-22T22:03:13.000Z,1771797793.000,32.645333149,-117.225090627,5.438,271.226,301.696,-22.359,-1.553,11.654,10.214,313.35,5.325,-4693,,,,,,
2026-02-22T22:03:14.000Z,1771797794.000,32.645336283,-117.225119584,5.179,279.511,299.488,-21.192,-6.322,14.061,10.216,313.548,5.023,-4694,,,,,,
2026-02-22T22:03:15.000Z,1771797795.000,32.645340749,-117.225149919,5.71,279.159,300.086,-18.55,-8.969,13.158,10.217,313.244,5.554,-4695,,,,,,
2026-02-22T22:03:16.000Z,1771797796.000,32.645344047,-117.225180156,5.637,279.006,302.569,-17.706,-5.388,10.789,10.218,313.358,5.537,-4696,,,,,,
2026-02-22T22:03:17.000Z,1771797797.000,32.645346541,-117.225212714,6.086,274.245,298.571,-21.857,-5.913,14.898,10.219,313.469,5.881,-4697,,,,,,
2026-02-22T22:03:18.000Z,1771797798.000,32.645349771,-117.225245121,6.349,277.104,301.5,-21.949,-4.519,12.033,10.22,313.533,6.208,-4698,,,,,,
2026-02-22T22:03:19.000Z,1771797799.000,32.645354423,-117.225277636,5.831,281.562,299.884,-19.468,-7.214,13.659,10.221,313.543,5.666,-4699,,,,,,
2026-02-22T22:03:20.000Z,1771797800.000,32.64535914,-117.225308036,5.874,274.922,301.279,-13.664,-5.726,12.602,10.222,313.881,5.728,-4700,,,,,,
2026-02-22T22:03:21.000Z,1771797801.000,32.645362425,-117.22533772,5.21,281.266,298.463,-15.517,-6.402,15.7,10.223,314.164,5.016,-4701,,,,,,
2026-02-22T22:03:22.000Z,1771797802.000,32.645364116,-117.225365158,4.984,269.371,303.888,-20.818,-3.173,10.627,10.224,314.515,4.899,-4702,,,,,,
2026-02-22T22:03:23.000Z,1771797803.000,32.645365599,-117.225394024,5.2,277.149,303.531,-20.501,2.359,11.278,10.226,314.809,5.08,-4703,,,,,,
2026-02-22T22:03:24.000Z,1771797804.000,32.645368131,-117.225426001,5.739,277.21,296.937,-24.319,-10.097,17.943,10.227,314.88,5.451,-4704,,,,,,
2026-02-22T22:03:25.000Z,1771797805.000,32.645371252,-117.225456782,5.554,271.25,303.826,-23.949,-1.331,11.105,10.228,314.931,5.449,-4705,,,,,,
2026-02-22T22:03:26.000Z,1771797806.000,32.645374716,-117.225487674,5.484,278.602,298.292,-18.33,-2.986,17.084,10.229,315.376,5.239,-4706,,,,,,
2026-02-22T22:03:27.000Z,1771797807.000,32.645375584,-117.225518501,5.416,272.225,299.512,-24.534,-10.59,16.333,10.23,315.845,5.189,-4707,,,,,,
2026-02-22T22:03:28.000Z,1771797808.000,32.645377181,-117.225549629,5.652,275.608,306.931,-18.95,5.399,9.252,10.231,316.182,5.569,-4708,,,,,,
2026-02-22T22:03:29.000Z,1771797809.000,32.64537948,-117.225581508,5.912,276.717,300.997,-26.232,-6.962,15.009,10.232,316.006,5.71,-4709,,,,,,
2026-02-22T22:03:30.000Z,1771797810.000,32.645384348,-117.225611827,5.686,281.187,301.943,-20.153,-5.788,13.842,10.233,315.785,5.52,-4710,,,,,,
2026-02-22T22:03:31.000Z,1771797811.000,32.645389259,-117.225642004,5.609,286.009,302.27,-22.897,-5.106,13.322,10.234,315.592,5.457,-4711,,,,,,
2026-02-22T22:03:32.000Z,1771797812.000,32.64539724,-117.225672055,5.688,285.789,304.855,-20.722,-7.962,10.726,10.236,315.58,5.584,-4712,,,,,,
2026-02-22T22:03:33.000Z,1771797813.000,32.6454043,-117.225699377,5.539,283.275,307.487,-16.431,-8.238,8.282,10.237,315.769,5.476,-4713,,,,,,
2026-02-22T22:03:34.000Z,1771797814.000,32.64540922,-117.225727532,5.4,280.334,306.691,-15.876,-2.329,9.182,10.238,315.874,5.329,-4714,,,,,,
2026-02-22T22:03:35.000Z,1771797815.000,32.645411208,-117.225758451,5.838,274.861,299.263,-24.022,-7.575,17.013,10.239,316.276,5.579,-4715,,,,,,
2026-02-22T22:03:36.000Z,1771797816.000,32.645414269,-117.225790062,5.954,277.934,303.736,-21.846,-3.696,12.409,10.24,316.145,5.815,-4716,,,,,,
2026-02-22T22:03:37.000Z,1771797817.000,32.645419023,-117.225821276,5.624,285.987,301.495,-21.198,-4.994,14.678,10.241,316.173,5.44,-4717,,,,,,
2026-02-22T22:03:38.000Z,1771797818.000,32.645424258,-117.225850674,5.559,279.593,301.241,-17.163,-10.019,15.05,10.242,316.291,5.363,-4718,,,,,,
2026-02-22T22:03:39.000Z,1771797819.000,32.645426995,-117.225879679,5.355,273.498,306.56,-20.734,-1.922,9.845,10.243,316.406,5.273,-4719,,,,,,
2026-02-22T22:03:40.000Z,1771797820.000,32.645429732,-117.22591065,5.534,275.322,299.846,-21.762,-3.979,16.532,10.244,316.378,5.303,-4720,,,,,,
2026-02-22T22:03:41.000Z,1771797821.000,32.645433163,-117.225940958,5.963,275.876,301.644,-22.79,-7.165,14.672,10.246,316.315,5.767,-4721,,,,,,
2026-02-22T22:03:42.000Z,1771797822.000,32.645438392,-117.225971306,5.973,281.922,304.534,-18.761,-8.896,11.707,10.247,316.241,5.848,-4722,,,,,,
2026-02-22T22:03:43.000Z,1771797823.000,32.645444649,-117.226001703,5.907,284.991,305.196,-17.428,-4.02,10.979,10.248,316.174,5.798,-4723,,,,,,
2026-02-22T22:03:44.000Z,1771797824.000,32.645449615,-117.226032804,5.788,274.479,302.018,-18.621,-8.068,14.087,10.249,316.106,5.613,-4724,,,,,,
2026-02-22T22:03:45.000Z,1771797825.000,32.645452652,-117.226063118,5.3,276.884,305.79,-13.823,-1.369,10.626,10.25,316.416,5.205,-4725,,,,,,
2026-02-22T22:03:46.000Z,1771797826.000,32.645453353,-117.226094409,6.047,268.112,300.903,-20.615,-1.173,15.724,10.251,316.627,5.817,-4726,,,,,,
2026-02-22T22:03:47.000Z,1771797827.000,32.645454369,-117.226126372,5.985,272.392,297.242,-26.853,-6.877,19.417,10.252,316.659,5.643,-4727,,,,,,
2026-02-22T22:03:48.000Z,1771797828.000,32.645458287,-117.226157953,5.911,279.934,299.813,-23.847,-4.508,17.026,10.253,316.839,5.652,-4728,,,,,,
2026-02-22T22:03:49.000Z,1771797829.000,32.645462396,-117.226187211,5.903,280.377,301.175,-23.442,-9.235,16.253,10.254,317.428,5.661,-4729,,,,,,
2026-02-22T22:03:50.000Z,1771797830.000,32.645466724,-117.226218074,5.913,278.513,309.179,-25.524,-5.76,8.828,10.256,318.008,5.841,-4730,,,,,,
2026-02-22T22:03:51.000Z,1771797831.000,32.645471508,-117.226249119,5.731,279.494,308.206,-19.094,-0.78,10.03,10.257,318.236,5.636,-4731,,,,,,
2026-02-22T22:03:52.000Z,1771797832.000,32.645475176,-117.226282274,6.366,275.988,299.647,-23.477,-9.317,18.88,10.258,318.527,6.019,-4732,,,,,,
2026-02-22T22:03:53.000Z,1771797833.000,32.645477767,-117.22631418,6.203,277.055,306.048,-19.673,-2.604,12.521,10.259,318.569,6.056,-4733,,,,,,
2026-02-22T22:03:54.000Z,1771797834.000,32.645481389,-117.226346476,5.813,279.403,301.94,-20.651,-4.482,16.823,10.26,318.763,5.562,-4734,,,,,,
2026-02-22T22:03:55.000Z,1771797835.000,32.645486073,-117.226376903,5.231,281.24,301.347,-18.353,-6.083,17.836,10.261,319.182,4.974,-4735,,,,,,
2026-02-22T22:03:56.000Z,1771797836.000,32.645489223,-117.226408522,5.767,275.924,301.06,-20.814,-8.571,18.421,10.262,319.481,5.468,-4736,,,,,,
2026-02-22T22:03:57.000Z,1771797837.000,32.645493462,-117.226439041,5.588,281.315,303.569,-22.135,-1.572,16.008,10.263,319.577,5.371,-4737,,,,,,
2026-02-22T22:03:58.000Z,1771797838.000,32.645498865,-117.22646905,5.526,284.392,303.249,-25.59,-6.959,16.29,10.264,319.539,5.305,-4738,,,,,,
2026-02-22T22:03:59.000Z,1771797839.000,32.645505854,-117.226498848,6.024,284.858,304.713,-25.2,-7.569,14.777,10.266,319.49,5.817,-4739,,,,,,
2026-02-22T22:04:00.000Z,1771797840.000,32.645515791,-117.226528485,5.878,291.917,320.572,-16.367,-2.31,-1.003,10.267,319.569,5.871,-4740,,,,,,
2026-02-22T22:04:01.000Z,1771797841.000,32.645523684,-117.226559377,5.625,284.917,312.726,-16.83,0.635,6.88,10.268,319.605,5.578,-4741,,,,,,
2026-02-22T22:04:02.000Z,1771797842.000,32.645530725,-117.226591461,5.69,289.523,306.579,-17.636,-3.769,12.994,10.269,319.573,5.543,-4742,,,,,,
2026-02-22T22:04:03.000Z,1771797843.000,32.645537154,-117.226623002,6.03,285.749,303.426,-20.437,-6.477,16.322,10.27,319.749,5.782,-4743,,,,,,
2026-02-22T22:04:04.000Z,1771797844.000,32.645545338,-117.226653795,5.856,287.601,308.293,-20.817,-6.862,11.734,10.271,320.027,5.729,-4744,,,,,,
2026-02-22T22:04:05.000Z,1771797845.000,32.645554818,-117.226681276,5.124,292.567,313.441,-12.9,-0.674,6.665,10.272,320.106,5.085,-4745,,,,,,
2026-02-22T22:04:06.000Z,1771797846.000,32.645562454,-117.226710668,5.725,284.134,305.214,-16.567,-7.037,15.01,10.273,320.224,5.529,-4746,,,,,,
2026-02-22T22:04:07.000Z,1771797847.000,32.645569998,-117.226740486,5.646,284.745,305.7,-16.516,-6.025,14.682,10.274,320.382,5.459,-4747,,,,,,
2026-02-22T22:04:08.000Z,1771797848.000,32.645577361,-117.226769329,5.6,282.07,308.936,-14.559,-5.412,11.459,10.276,320.395,5.487,-4748,,,,,,
2026-02-22T22:04:09.000Z,1771797849.000,32.645582865,-117.226799477,5.554,281.699,304.662,-17.451,-5.996,15.604,10.277,320.266,5.349,-4749,,,,,,
2026-02-22T22:04:10.000Z,1771797850.000,32.645589228,-117.226828342,5.526,283.192,307.891,-19.113,-5.306,12.181,10.278,320.072,5.401,-4750,,,,,,
2026-02-22T22:04:11.000Z,1771797851.000,32.6455958,-117.226857899,5.586,286.225,307.565,-19.509,-5.292,12.355,10.279,319.92,5.456,-4751,,,,,,
2026-02-22T22:04:12.000Z,1771797852.000,32.645603268,-117.226887619,5.7,287.991,308.441,-18.542,-3.282,11.386,10.28,319.827,5.588,-4752,,,,,,
2026-02-22T22:04:13.000Z,1771797853.000,32.645611373,-117.226918494,5.789,285.415,308.102,-15.054,-5.197,11.626,10.281,319.728,5.669,-4753,,,,,,
2026-02-22T22:04:14.000Z,1771797854.000,32.64561753,-117.226949107,5.451,282.555,309.903,-20.99,1.909,9.724,10.282,319.627,5.369,-4754,,,,,,
2026-02-22T22:04:15.000Z,1771797855.000,32.645626075,-117.22698074,6.413,288.34,306.821,-20.113,-7.963,12.622,10.283,319.442,6.258,-4755,,,,,,
2026-02-22T22:04:16.000Z,1771797856.000,32.645635116,-117.227010095,5.785,289.066,311.361,-13.01,-2.33,7.906,10.284,319.267,5.73,-4756,,,,,,
2026-02-22T22:04:17.000Z,1771797857.000,32.645643047,-117.227039813,5.5,285.863,307.154,-15.867,-3.056,12.079,10.286,319.233,5.377,-4757,,,,,,
2026-02-22T22:04:18.000Z,1771797858.000,32.645648612,-117.227069545,5.476,282.645,304.344,-19.712,-7.638,14.921,10.287,319.265,5.287,-4758,,,,,,
2026-02-22T22:04:19.000Z,1771797859.000,32.645654671,-117.227099724,5.661,285.966,308.377,-19.38,-1.495,11.014,10.288,319.391,5.557,-4759,,,,,,
2026-02-22T22:04:20.000Z,1771797860.000,32.645661802,-117.227129645,5.492,286.693,304.775,-20.205,-7.164,14.253,10.289,319.028,5.321,-4760,,,,,,
2026-02-22T22:04:21.000Z,1771797861.000,32.64566877,-117.227160227,5.889,282.145,307.943,-18.959,-9.396,10.671,10.29,318.614,5.783,-4761,,,,,,
2026-02-22T22:04:22.000Z,1771797862.000,32.645673803,-117.227189555,5.6,280.6,307.603,-22.044,-1.971,10.878,10.291,318.481,5.498,-4762,,,,,,
2026-02-22T22:04:23.000Z,1771797863.000,32.645680072,-117.227220463,5.765,283.791,305.207,-23.015,-6.878,13.161,10.292,318.368,5.613,-4763,,,,,,
2026-02-22T22:04:24.000Z,1771797864.000,32.645685555,-117.227252193,5.96,282.035,305.371,-26.034,-6.91,12.951,10.293,318.322,5.807,-4764,,,,,,
2026-02-22T22:04:25.000Z,1771797865.000,32.645693653,-117.227283873,6.011,289.509,309.572,-17.801,-3.839,8.63,10.294,318.202,5.94,-4765,,,,,,
2026-02-22T22:04:26.000Z,1771797866.000,32.645700294,-117.22731378,5.079,288.799,303.735,-21.783,-1.621,14.162,10.296,317.897,4.923,-4766,,,,,,
2026-02-22T22:04:27.000Z,1771797867.000,32.645706434,-117.227344459,5.7,284.271,304.797,-19.928,-11.516,12.839,10.297,317.636,5.53,-4767,,,,,,
2026-02-22T22:04:28.000Z,1771797868.000,32.645712324,-117.227373584,5.754,282.307,311.49,-15.091,-0.662,5.905,10.298,317.395,5.72,-4768,,,,,,
2026-02-22T22:04:29.000Z,1771797869.000,32.64571748,-117.227403765,5.616,275.921,306.477,-13.218,-1.491,10.573,10.299,317.049,5.513,-4769,,,,,,
2026-02-22T22:04:30.000Z,1771797870.000,32.645721818,-117.227434182,5.582,286.569,299.9,-15.876,-7.807,17.158,10.3,317.058,5.329,-4770,,,,,,
2026-02-22T22:04:31.000Z,1771797871.000,32.6457231,-117.22746291,5.451,271.686,302.426,-26.965,-6.794,14.733,10.301,317.16,5.267,-4771,,,,,,
2026-02-22T22:04:32.000Z,1771797872.000,32.645725223,-117.227493246,5.627,275.778,302.703,-24.378,-2.568,14.505,10.302,317.208,5.442,-4772,,,,,,
2026-02-22T22:04:33.000Z,1771797873.000,32.645727467,-117.227525247,6.184,275.713,300.607,-25.179,-7.031,16.455,10.303,317.061,5.931,-4773,,,,,,
2026-02-22T22:04:34.000Z,1771797874.000,32.645732292,-117.227558509,5.957,277.832,300.972,-22.397,-5.429,15.908,10.304,316.88,5.729,-4774,,,,,,
2026-02-22T22:04:35.000Z,1771797875.000,32.645737907,-117.227589823,5.701,284.629,300.637,-18.619,-7.249,16.288,10.306,316.926,5.47,-4775,,,,,,
2026-02-22T22:04:36.000Z,1771797876.000,32.645742844,-117.227620819,6.306,280.646,300.905,-19.607,-8.493,15.717,10.307,316.622,6.062,-4776,,,,,,
2026-02-22T22:04:37.000Z,1771797877.000,32.64574748,-117.227652086,6.078,278.785,303.729,-21.111,-4.593,12.852,10.308,316.582,5.926,-4777,,,,,,
2026-02-22T22:04:38.000Z,1771797878.000,32.645752476,-117.227684567,6,281.522,305.928,-17.956,-1.991,10.753,10.309,316.681,5.887,-4778,,,,,,
2026-02-22T22:04:39.000Z,1771797879.000,32.645755331,-117.22771684,5.6,276.644,301.324,-20.011,-1.622,15.36,10.31,316.684,5.399,-4779,,,,,,
2026-02-22T22:04:40.000Z,1771797880.000,32.645759701,-117.227747415,5.578,279.805,300.962,-14.815,-0.124,15.748,10.311,316.711,5.363,-4780,,,,,,
2026-02-22T22:04:41.000Z,1771797881.000,32.645763167,-117.227777403,5.478,273.926,299.687,-20.835,-8.42,17.25,10.312,316.937,5.219,-4781,,,,,,
2026-02-22T22:04:42.000Z,1771797882.000,32.645766872,-117.227809679,6.581,278.905,302.68,-19.298,-5.774,14.456,10.313,317.136,6.368,-4782,,,,,,
2026-02-22T22:04:43.000Z,1771797883.000,32.645771689,-117.227841057,6.3,279.9,307.821,-16.015,0.562,9.215,10.314,317.036,6.213,-4783,,,,,,
2026-02-22T22:04:44.000Z,1771797884.000,32.645777197,-117.227874094,5.939,287.807,299.067,-15.442,-6.282,17.888,10.316,316.955,5.652,-4784,,,,,,
2026-02-22T22:04:45.000Z,1771797885.000,32.645782994,-117.227904739,5.915,278.941,301.424,-11.834,-5.907,15.294,10.317,316.718,5.699,-4785,,,,,,
2026-02-22T22:04:46.000Z,1771797886.000,32.645787986,-117.227936153,5.511,283.745,301.079,-9.945,-3.578,15.575,10.318,316.654,5.307,-4786,,,,,,
2026-02-22T22:04:47.000Z,1771797887.000,32.64579119,-117.22796762,5.976,271.566,296.455,-11.867,-6.301,20.089,10.319,316.545,5.602,-4787,,,,,,
2026-02-22T22:04:48.000Z,1771797888.000,32.645793085,-117.227999178,6.062,272.782,296.771,-13.878,-4.636,19.605,10.32,316.376,5.71,-4788,,,,,,
2026-02-22T22:04:49.000Z,1771797889.000,32.645794346,-117.228031123,5.915,276.745,297.49,-23.245,-6.75,18.85,10.321,316.34,5.596,-4789,,,,,,
2026-02-22T22:04:50.000Z,1771797890.000,32.645799289,-117.228064006,6.339,280.024,301.839,-17.457,-4.187,14.665,10.322,316.505,6.132,-4790,,,,,,
2026-02-22T22:04:51.000Z,1771797891.000,32.645805884,-117.228096508,5.746,287.08,297.776,-9.845,-6.578,18.639,10.323,316.415,5.445,-4791,,,,,,
2026-02-22T22:04:52.000Z,1771797892.000,32.645810679,-117.22812688,6.038,277.99,298.644,-11.062,-6.626,17.654,10.324,316.297,5.752,-4792,,,,,,
2026-02-22T22:04:53.000Z,1771797893.000,32.645813077,-117.228158055,6.045,272.682,297.194,-18.061,-5.032,19.319,10.326,316.513,5.705,-4793,,,,,,
2026-02-22T22:04:54.000Z,1771797894.000,32.645815825,-117.228187904,5.655,270.953,305.47,-16.623,-0.887,11.265,10.327,316.735,5.542,-4794,,,,,,
2026-02-22T22:04:55.000Z,1771797895.000,32.645817984,-117.228220689,5.581,273.36,298.018,-12.146,-1.535,18.798,10.328,316.816,5.281,-4795,,,,,,
2026-02-22T22:04:56.000Z,1771797896.000,32.645817503,-117.228252148,5.849,267,297.928,-14.916,-9.261,19.164,10.329,317.092,5.497,-4796,,,,,,
2026-02-22T22:04:57.000Z,1771797897.000,32.645818,-117.228280791,5.46,267.727,303.804,-14.981,0.735,13.399,10.33,317.203,5.304,-4797,,,,,,
2026-02-22T22:04:58.000Z,1771797898.000,32.645818325,-117.228311319,5.575,271.1,298.191,-22.523,-5.575,19.038,10.331,317.229,5.263,-4798,,,,,,
2026-02-22T22:04:59.000Z,1771797899.000,32.645821323,-117.228344389,6.256,278.011,303.503,-21.77,2.121,13.932,10.332,317.435,6.069,-4799,,,,,,
2026-02-22T22:05:00.000Z,1771797900.000,32.645826837,-117.228376877,6.036,285.608,298.536,-20.335,-5.875,19.05,10.333,317.586,5.705,-4800,,,,,,
2026-02-22T22:05:01.000Z,1771797901.000,32.645831427,-117.228409864,6.087,275.909,303.67,-20.413,-6.767,13.898,10.334,317.568,5.906,-4801,,,,,,
2026-02-22T22:05:02.000Z,1771797902.000,32.64583666,-117.228441787,5.97,281.472,302.52,-20.974,-4.59,15.026,10.336,317.547,5.765,-4802,,,,,,
2026-02-22T22:05:03.000Z,1771797903.000,32.645842638,-117.228473748,5.721,286.878,303.844,-21.673,-5.063,13.81,10.337,317.654,5.556,-4803,,,,,,
2026-02-22T22:05:04.000Z,1771797904.000,32.645849569,-117.228503753,5.4,289.899,304.514,-20.978,-7.459,13.522,10.338,318.037,5.249,-4804,,,,,,
2026-02-22T22:05:05.000Z,1771797905.000,32.645855205,-117.228534074,5.949,277.881,306.307,-15.734,-9.172,12.203,10.339,318.509,5.797,-4805,,,,,,
2026-02-22T22:05:06.000Z,1771797906.000,32.64586105,-117.228563974,5.725,284.26,307.288,-14.254,-2.684,11.668,10.34,318.956,5.606,-4806,,,,,,
2026-02-22T22:05:07.000Z,1771797907.000,32.645865454,-117.228596109,5.721,279.414,302.415,-17.611,-5.352,16.934,10.341,319.349,5.473,-4807,,,,,,
2026-02-22T22:05:08.000Z,1771797908.000,32.645870234,-117.228626968,5.915,278.495,304.418,-23.609,-4.945,15.149,10.342,319.568,5.71,-4808,,,,,,
2026-02-22T22:05:09.000Z,1771797909.000,32.645877186,-117.228658515,6.527,283.719,304.262,-21.234,-9,15.409,10.343,319.671,6.291,-4809,,,,,,
2026-02-22T22:05:10.000Z,1771797910.000,32.645883905,-117.228689204,5.93,284.685,312.197,-17.382,2.519,7.445,10.344,319.643,5.863,-4810,,,,,,
2026-02-22T22:05:11.000Z,1771797911.000,32.645889907,-117.228721212,5.676,280.3,301.308,-21.466,-5.663,18.412,10.346,319.72,5.385,-4811,,,,,,
2026-02-22T22:05:12.000Z,1771797912.000,32.645895307,-117.228753743,5.965,277.379,302.471,-22.646,-8.548,17.431,10.347,319.902,5.681,-4812,,,,,,
2026-02-22T22:05:13.000Z,1771797913.000,32.645900695,-117.228784875,5.876,280.668,308.493,-26.834,-6.844,11.53,10.348,320.023,5.755,-4813,,,,,,
2026-02-22T22:05:14.000Z,1771797914.000,32.64590708,-117.228814176,5.859,287.421,308.079,-20.483,-0.794,11.923,10.349,320.002,5.731,-4814,,,,,,
2026-02-22T22:05:15.000Z,1771797915.000,32.645913354,-117.22884253,5.076,285.154,306.997,-21.331,-5.646,12.975,10.35,319.972,4.943,-4815,,,,,,
2026-02-22T22:05:16.000Z,1771797916.000,32.645919959,-117.2288734,5.6,281.382,304.009,-17.372,-3.188,15.775,10.351,319.784,5.389,-4816,,,,,,
2026-02-22T22:05:17.000Z,1771797917.000,32.645924147,-117.228904442,6.05,278.209,300.579,-19.33,-9.225,19.064,10.352,319.644,5.702,-4817,,,,,,
2026-02-22T22:05:18.000Z,1771797918.000,32.645928187,-117.22893642,5.987,278.493,303.753,-20.26,-0.623,15.809,10.353,319.561,5.758,-4818,,,,,,
2026-02-22T22:05:19.000Z,1771797919.000,32.645931941,-117.228969702,6.454,276.85,302.107,-19.207,-4.836,17.342,10.354,319.449,6.159,-4819,,,,,,
2026-02-22T22:05:20.000Z,1771797920.000,32.645937325,-117.229004,6.099,284.505,302.962,-17.429,-4.618,16.397,10.356,319.359,5.849,-4820,,,,,,
2026-02-22T22:05:21.000Z,1771797921.000,32.645943654,-117.229036845,6.076,282.848,299.685,-15.424,-6.62,19.499,10.357,319.184,5.724,-4821,,,,,,
2026-02-22T22:05:22.000Z,1771797922.000,32.645949244,-117.229067454,5.774,281.822,299.032,-14.872,-5.085,19.975,10.358,319.007,5.422,-4822,,,,,,
2026-02-22T22:05:23.000Z,1771797923.000,32.645954093,-117.229096599,5.315,278.974,300.375,-15.486,-6.682,18.425,10.359,318.799,5.041,-4823,,,,,,
2026-02-22T22:05:24.000Z,1771797924.000,32.645958618,-117.229126963,5.667,282.394,300.466,-11.797,-8.784,17.919,10.36,318.385,5.391,-4824,,,,,,
2026-02-22T22:05:25.000Z,1771797925.000,32.645961768,-117.229156077,5.06,276.743,305.738,-13.455,-1.502,12.265,10.361,318.003,4.937,-4825,,,,,,
2026-02-22T22:05:26.000Z,1771797926.000,32.645963796,-117.229185606,5.313,269.896,299.902,-14.087,-2.159,17.516,10.362,317.418,5.063,-4826,,,,,,
2026-02-22T22:05:27.000Z,1771797927.000,32.645965888,-117.229216202,5.854,275.454,296.836,-17.29,-6.288,19.852,10.363,316.688,5.506,-4827,,,,,,
2026-02-22T22:05:28.000Z,1771797928.000,32.645968172,-117.229250028,6.4,273.452,298.618,-17.464,-5.102,17.944,10.364,316.562,6.088,-4828,,,,,,
2026-02-22T22:05:29.000Z,1771797929.000,32.645970782,-117.229283176,6.276,275.712,297.564,-17.006,-6.393,19.173,10.366,316.737,5.927,-4829,,,,,,
2026-02-22T22:05:30.000Z,1771797930.000,32.645973611,-117.229316513,5.925,278.874,295.189,-15.062,-5.31,21.824,10.367,317.014,5.5,-4830,,,,,,
2026-02-22T22:05:31.000Z,1771797931.000,32.645974955,-117.229349078,6.379,270.951,296.213,-23.526,-9.291,20.788,10.368,317.001,5.956,-4831,,,,,,
2026-02-22T22:05:32.000Z,1771797932.000,32.645978139,-117.229381341,5.9,278.254,300.776,-19.486,-3.055,15.947,10.369,316.724,5.672,-4832,,,,,,
2026-02-22T22:05:33.000Z,1771797933.000,32.645981957,-117.229414504,5.988,278.957,297.325,-18.745,-7.83,19.106,10.37,316.431,5.658,-4833,,,,,,
2026-02-22T22:05:34.000Z,1771797934.000,32.645985894,-117.229444832,5.424,277.563,301.168,-11.898,-2.09,15.045,10.371,316.212,5.238,-4834,,,,,,
2026-02-22T22:05:35.000Z,1771797935.000,32.645987667,-117.229476369,5.613,274.894,294.152,-16.294,-9.32,21.997,10.372,316.149,5.204,-4835,,,,,,
2026-02-22T22:05:36.000Z,1771797936.000,32.645988345,-117.229508423,5.8,268.775,300.295,-18.679,-1.305,16.039,10.373,316.334,5.573,-4836,,,,,,
2026-02-22T22:05:37.000Z,1771797937.000,32.6459879,-117.229543395,6.268,268.661,297.476,-26.878,-6.381,19.123,10.374,316.599,5.918,-4837,,,,,,
2026-02-22T22:05:38.000Z,1771797938.000,32.645989627,-117.229576917,6.112,277.739,303.366,-25.061,1.052,13.21,10.376,316.576,5.943,-4838,,,,,,
2026-02-22T22:05:39.000Z,1771797939.000,32.645993641,-117.229610025,6.348,277.853,300.416,-27.247,-7.762,15.895,10.377,316.311,6.106,-4839,,,,,,
2026-02-22T22:05:40.000Z,1771797940.000,32.646001498,-117.229640619,5.605,289.21,308.303,-11.935,0.914,7.666,10.378,315.969,5.545,-4840,,,,,,
2026-02-22T22:05:41.000Z,1771797941.000,32.646007527,-117.229672539,5.744,277.574,301.41,-11.574,-6.184,14.371,10.379,315.781,5.564,-4841,,,,,,
2026-02-22T22:05:42.000Z,1771797942.000,32.646009506,-117.229705204,6.036,275.735,298.745,-23.329,-5.218,16.969,10.38,315.714,5.771,-4842,,,,,,
2026-02-22T22:05:43.000Z,1771797943.000,32.646014405,-117.229736483,5.613,280.9,300.046,-21.544,-7.747,15.487,10.381,315.532,5.406,-4843,,,,,,
2026-02-22T22:05:44.000Z,1771797944.000,32.646018838,-117.229767304,5.87,279.331,309.352,-20.493,-3.437,5.817,10.382,315.169,5.835,-4844,,,,,,
2026-02-22T22:05:45.000Z,1771797945.000,32.646023297,-117.229800152,5.286,278.25,304.518,-17.238,6.682,10.498,10.383,315.016,5.193,-4845,,,,,,
2026-02-22T22:05:46.000Z,1771797946.000,32.646026913,-117.229832325,5.619,280.401,299.299,-18.52,-8.149,15.732,10.384,315.032,5.409,-4846,,,,,,
2026-02-22T22:05:47.000Z,1771797947.000,32.646029846,-117.229864709,6.249,274.315,301.829,-12.782,2.24,13.351,10.386,315.181,6.079,-4847,,,,,,
2026-02-22T22:05:48.000Z,1771797948.000,32.646031225,-117.229897054,5.59,271.756,294.105,-15.4,-4.02,21.011,10.387,315.116,5.217,-4848,,,,,,
2026-02-22T22:05:49.000Z,1771797949.000,32.646029179,-117.229931156,6.279,262.552,290.614,-21.848,-8.97,24.253,10.388,314.867,5.715,-4849,,,,,,
2026-02-22T22:05:50.000Z,1771797950.000,32.646029065,-117.229963939,6.288,270.975,298.358,-13.344,2.492,16.162,10.389,314.521,6.028,-4850,,,,,,
2026-02-22T22:05:51.000Z,1771797951.000,32.646027736,-117.229998601,6.561,269.949,291.132,-20.51,-7.083,23.297,10.39,314.429,6.024,-4851,,,,,,
2026-02-22T22:05:52.000Z,1771797952.000,32.646026965,-117.230032586,6.386,265.208,292.143,-19.824,-6.711,22.671,10.391,314.814,5.888,-4852,,,,,,
2026-02-22T22:05:53.000Z,1771797953.000,32.64602474,-117.230065758,6.269,261.956,291.089,-17.564,-7.638,24.019,10.392,315.107,5.726,-4853,,,,,,
2026-02-22T22:05:54.000Z,1771797954.000,32.646022323,-117.230098538,5.756,263.854,295.67,-18.056,1.525,19.485,10.393,315.155,5.414,-4854,,,,,,
2026-02-22T22:05:55.000Z,1771797955.000,32.646020838,-117.230132494,6.238,266.048,288.126,-15.739,-6.424,27.018,10.394,315.144,5.557,-4855,,,,,,
2026-02-22T22:05:56.000Z,1771797956.000,32.64601869,-117.230166698,6.546,263.966,289.577,-18.351,-7.171,25.513,10.396,315.09,5.897,-4856,,,,,,
2026-02-22T22:05:57.000Z,1771797957.000,32.646016838,-117.230200516,6.393,266.423,291.099,-19.332,-4.257,23.948,10.397,315.047,5.843,-4857,,,,,,
2026-02-22T22:05:58.000Z,1771797958.000,32.646014377,-117.230235434,6.311,263.887,289.938,-16.46,-3.718,25.273,10.398,315.211,5.706,-4858,,,,,,
2026-02-22T22:05:59.000Z,1771797959.000,32.646009064,-117.230269679,6.2,259.276,286.663,-21.675,-7.711,28.999,10.399,315.662,5.423,-4859,,,,,,