ISODateTimeUTC,SecondsSince1970,Lat,Lon,SOG,COG,Heading,Heel,Trim,TimeToGunCalc,BelowLineCalc,Leg,VMC,XTE,Rank,DistanceToLeader
2026-02-21T21:04:01.000Z,1771707841.000,32.627325591,-117.200385339,4.356,304.558,302.366,0.932,-1.892,419,-168.025,,,,,
2026-02-21T21:04:02.000Z,1771707842.000,32.627339139,-117.200400464,4.163,329.698,314.362,-1.042,0.39,418,-169.416,,,,,
2026-02-21T21:04:03.000Z,1771707843.000,32.627355025,-117.200408769,3.645,341.731,326.777,7,2.07,417,-170.06,,,,,
2026-02-21T21:04:04.000Z,1771707844.000,32.627372032,-117.200415941,3.9,340.738,335.554,13.566,-0.018,416,-170.71,,,,,
2026-02-21T21:04:05.000Z,1771707845.000,32.627389115,-117.200423488,3.851,346.48,339.815,12.95,-1.846,415,-171.627,,,,,
2026-02-21T21:04:06.000Z,1771707846.000,32.627407119,-117.200430668,4.611,340.919,342.153,17.753,-0.046,414,-172.653,,,,,
2026-02-21T21:04:07.000Z,1771707847.000,32.627425947,-117.200438658,4.454,338.282,341.089,18.227,3.085,413,-174.006,,,,,
2026-02-21T21:04:08.000Z,1771707848.000,32.6274462,-117.200451167,5.067,332.489,334.809,11.84,4.183,412,-176.144,,,,,
2026-02-21T21:04:09.000Z,1771707849.000,32.627466846,-117.200459843,4.574,349.906,334.929,12.278,6.081,411,-177.535,,,,,
2026-02-21T21:04:10.000Z,1771707850.000,32.627489812,-117.200463173,5.187,352.167,350.93,22.845,-1.311,410,-177.431,,,,,
2026-02-21T21:04:11.000Z,1771707851.000,32.6275146,-117.20046745,5.3,358.05,352.818,22.012,1.884,409,-178.413,,,,,
2026-02-21T21:04:12.000Z,1771707852.000,32.627540899,-117.200470767,5.512,351.319,353.446,16.655,3.392,408,-179.452,,,,,
2026-02-21T21:04:13.000Z,1771707853.000,32.62756737,-117.200473524,5.998,356.925,351.543,19.347,0.75,407,-180.632,,,,,
2026-02-21T21:04:14.000Z,1771707854.000,32.627594748,-117.200475232,5.885,353.273,0.097,14.824,0.905,406,-180.949,,,,,
2026-02-21T21:04:15.000Z,1771707855.000,32.627623659,-117.200477179,6.357,355.406,357.542,-0.575,1.659,405,-182.185,,,,,
2026-02-21T21:04:16.000Z,1771707856.000,32.627652747,-117.200472123,6.524,13.635,3.999,0.527,-1.195,404,-182.089,,,,,
2026-02-21T21:04:17.000Z,1771707857.000,32.627680208,-117.200460202,6.661,25.416,16.03,5.281,1.663,403,-180.864,,,,,
2026-02-21T21:04:18.000Z,1771707858.000,32.627709263,-117.200446906,6.555,23.56,11.084,-1.174,1.003,402,-180.931,,,,,
2026-02-21T21:04:19.000Z,1771707859.000,32.627735877,-117.200427041,6.656,33.644,28.567,2.251,1.372,401,-178.524,,,,,
2026-02-21T21:04:20.000Z,1771707860.000,32.627760252,-117.200407249,6.437,40.501,27.837,-6.126,1.194,400,-177.522,,,,,
2026-02-21T21:04:21.000Z,1771707861.000,32.627781412,-117.200385643,5.676,39.435,39.59,-0.043,0.693,399,-175.299,,,,,
2026-02-21T21:04:22.000Z,1771707862.000,32.627801086,-117.200364534,5.644,42.617,36.986,2.3,0.14,398,-174.176,,,,,
2026-02-21T21:04:23.000Z,1771707863.000,32.627821186,-117.200344314,5.9,37.98,36.682,2.264,1.289,397,-172.974,,,,,
2026-02-21T21:04:24.000Z,1771707864.000,32.627840557,-117.200323395,5.747,43.926,34.538,-3.307,-1.763,396,-171.827,,,,,
2026-02-21T21:04:25.000Z,1771707865.000,32.627856613,-117.200298547,5.747,54.513,45.82,2.439,2.416,395,-169.236,,,,,
2026-02-21T21:04:26.000Z,1771707866.000,32.627873706,-117.200271857,5.745,52.689,47.326,-3.131,-0.337,394,-167.231,,,,,
2026-02-21T21:04:27.000Z,1771707867.000,32.627889885,-117.200244245,6.137,59.005,50.457,3.787,-0.953,393,-165.01,,,,,
2026-02-21T21:04:28.000Z,1771707868.000,32.627908775,-117.200216484,6.585,49.1,47.093,0.669,0.303,392,-163.298,,,,,
2026-02-21T21:04:29.000Z,1771707869.000,32.627929202,-117.200188178,6.615,52.35,43.001,1.085,1.423,391,-161.64,,,,,
2026-02-21T21:04:30.000Z,1771707870.000,32.627948765,-117.20015916,6.119,51.273,49.832,2.856,-0.237,390,-159.13,,,,,
2026-02-21T21:04:31.000Z,1771707871.000,32.627967324,-117.200133264,6.3,49.806,46.117,-1.796,-1.017,389,-157.601,,,,,
2026-02-21T21:04:32.000Z,1771707872.000,32.62798385,-117.200107869,5.6,53.807,46.969,3.932,2.215,388,-155.744,,,,,
2026-02-21T21:04:33.000Z,1771707873.000,32.628002913,-117.200082819,6.067,47.555,47.195,2.059,-0.936,387,-154.037,,,,,
2026-02-21T21:04:34.000Z,1771707874.000,32.628021073,-117.200058503,5.825,52.374,46.268,2.969,-0.411,386,-152.45,,,,,
2026-02-21T21:04:35.000Z,1771707875.000,32.628039531,-117.20003206,6.23,51.254,46.337,4.048,0.747,385,-150.609,,,,,
2026-02-21T21:04:36.000Z,1771707876.000,32.628059189,-117.200004506,6.346,50.774,42.203,-2.163,0.546,384,-149.004,,,,,
2026-02-21T21:04:37.000Z,1771707877.000,32.628078902,-117.199975096,6.839,52.629,46.715,0.19,0.271,383,-146.616,,,,,
2026-02-21T21:04:38.000Z,1771707878.000,32.628097879,-117.199947412,6.574,52.493,47.332,0.655,0.569,382,-144.642,,,,,
2026-02-21T21:04:39.000Z,1771707879.000,32.62811628,-117.199920306,6.285,50.451,48.557,-0.949,0.372,381,-142.661,,,,,
2026-02-21T21:04:40.000Z,1771707880.000,32.628134706,-117.199891338,6.444,53.918,48.765,6.923,1.169,380,-140.583,,,,,
2026-02-21T21:04:41.000Z,1771707881.000,32.628154185,-117.199863291,6.562,50.838,45.722,2.006,0.756,379,-138.843,,,,,
2026-02-21T21:04:42.000Z,1771707882.000,32.628174585,-117.19983485,7.179,50.655,44.651,-4.403,0.246,378,-136.961,,,,,
2026-02-21T21:04:43.000Z,1771707883.000,32.62819293,-117.199801874,7.154,61.229,49.638,-0.649,1.024,377,-134.19,,,,,
2026-02-21T21:04:44.000Z,1771707884.000,32.628209206,-117.199768025,7.337,58.864,57.272,-2.395,-1.676,376,-131.131,,,,,
2026-02-21T21:04:45.000Z,1771707885.000,32.62822487,-117.19973295,7.313,64.663,56.649,-3.992,0.9,375,-128.471,,,,,
2026-02-21T21:04:46.000Z,1771707886.000,32.628238255,-117.199697845,6.7,68.579,61.57,-0.624,-0.305,374,-125.414,,,,,
2026-02-21T21:04:47.000Z,1771707887.000,32.628251843,-117.199662339,7.2,67.49,61.452,0.119,0.46,373,-122.622,,,,,
2026-02-21T21:04:48.000Z,1771707888.000,32.628264947,-117.199629113,6.662,62.918,61.977,1.228,0.286,372,-119.986,,,,,
2026-02-21T21:04:49.000Z,1771707889.000,32.628278802,-117.199597595,6.669,64.449,53.485,-1.158,0.772,371,-118.066,,,,,
2026-02-21T21:04:50.000Z,1771707890.000,32.628291738,-117.199566123,6.211,66.292,59.788,0.713,0.095,370,-115.227,,,,,
2026-02-21T21:04:51.000Z,1771707891.000,32.628305017,-117.199536718,6.048,61.835,54.759,-10.529,0.021,369,-113.275,,,,,
2026-02-21T21:04:52.000Z,1771707892.000,32.628317127,-117.199504756,6.76,63.866,59.126,-0.126,1.019,368,-110.486,,,,,
2026-02-21T21:04:53.000Z,1771707893.000,32.628332122,-117.199471936,6.955,59.96,57.686,3.675,-0.947,367,-108.058,,,,,
2026-02-21T21:04:54.000Z,1771707894.000,32.628349358,-117.199438343,7.077,58.652,54.604,2.18,1.372,366,-105.731,,,,,
2026-02-21T21:04:55.000Z,1771707895.000,32.628366506,-117.199406199,6.787,59.449,51.951,0.702,-0.239,365,-103.513,,,,,
2026-02-21T21:04:56.000Z,1771707896.000,32.628382638,-117.199376748,6.222,58.395,50.032,1.592,1.222,364,-101.463,,,,,
2026-02-21T21:04:57.000Z,1771707897.000,32.628397512,-117.199347978,5.755,59.85,55.136,-0.446,-0.113,363,-98.98,,,,,
2026-02-21T21:04:58.000Z,1771707898.000,32.628411385,-117.199322944,5.588,58.842,52.136,-3.661,-0.383,362,-97.327,,,,,
2026-02-21T21:04:59.000Z,1771707899.000,32.628423684,-117.199297122,5.3,61.528,52.396,0.848,1.561,361,-95.347,,,,,
2026-02-21T21:05:00.000Z,1771707900.000,32.628435193,-117.199268353,5.917,63.187,56.058,2.287,2.33,360,-92.864,,,,,
2026-02-21T21:05:01.000Z,1771707901.000,32.628446933,-117.199236317,6.034,66.254,63.889,3.294,1.614,359,-89.869,,,,,
2026-02-21T21:05:02.000Z,1771707902.000,32.628459892,-117.199205489,5.975,63.112,61.168,-1.249,-0.455,358,-87.625,,,,,
2026-02-21T21:05:03.000Z,1771707903.000,32.628471364,-117.199173819,6.285,64.534,63.083,6.521,0.957,357,-85.003,,,,,
2026-02-21T21:05:04.000Z,1771707904.000,32.628484143,-117.199139872,6.289,69.213,56.402,2.432,-0.141,356,-82.709,,,,,
2026-02-21T21:05:05.000Z,1771707905.000,32.628495258,-117.199105869,6.6,67.019,60.86,1.816,-0.189,355,-79.709,,,,,
2026-02-21T21:05:06.000Z,1771707906.000,32.628507615,-117.199071936,6.7,67.769,58.214,-4.997,1.7,354,-77.171,,,,,
2026-02-21T21:05:07.000Z,1771707907.000,32.628519272,-117.199037705,6.939,68.956,61.529,-2.389,2.944,353,-74.239,,,,,
2026-02-21T21:05:08.000Z,1771707908.000,32.628529602,-117.199003886,6.535,68.826,68.703,-3.82,0.051,352,-71.117,,,,,
2026-02-21T21:05:09.000Z,1771707909.000,32.628538224,-117.198971502,6.188,73.515,69.306,-0.338,0.009,351,-68.423,,,,,
2026-02-21T21:05:10.000Z,1771707910.000,32.628546898,-117.198938988,6.031,71.519,66.267,2.17,0.851,350,-65.9,,,,,
2026-02-21T21:05:11.000Z,1771707911.000,32.628556855,-117.198903865,6.344,71.691,66.653,2.797,0.934,349,-63.008,,,,,
2026-02-21T21:05:12.000Z,1771707912.000,32.62856721,-117.198869231,6.828,70.752,65.757,-1.069,1.177,348,-60.238,,,,,
2026-02-21T21:05:13.000Z,1771707913.000,32.628575409,-117.198834531,6.22,75.595,67.501,0.444,1.689,347,-57.263,,,,,
2026-02-21T21:05:14.000Z,1771707914.000,32.628582296,-117.198801219,5.937,75.979,70.242,4.146,0.944,346,-54.33,,,,,
2026-02-21T21:05:15.000Z,1771707915.000,32.628588963,-117.198769103,5.435,77.032,70.487,1.299,1.732,345,-51.62,,,,,
2026-02-21T21:05:16.000Z,1771707916.000,32.62859364,-117.198738497,5.525,82.167,76.175,-3.065,1.278,344,-48.752,,,,,
2026-02-21T21:05:17.000Z,1771707917.000,32.628593212,-117.19870769,5.515,98.517,91.427,-7.722,-0.908,343,-45.514,,,,,
2026-02-21T21:05:18.000Z,1771707918.000,32.628584155,-117.198677183,5.911,122.117,116.778,-6.423,-0.65,342,-42.44,,,,,
2026-02-21T21:05:19.000Z,1771707919.000,32.628569673,-117.198652534,5.512,131.906,140.391,-8.333,1.108,341,-40.523,,,,,
2026-02-21T21:05:20.000Z,1771707920.000,32.628550812,-117.198633887,5.153,149.204,155.352,-7.087,0.497,340,-39.091,,,,,
2026-02-21T21:05:21.000Z,1771707921.000,32.628527822,-117.198622572,5.47,162.508,171.156,-11.004,1.503,339,-38.464,,,,,
2026-02-21T21:05:22.000Z,1771707922.000,32.628500264,-117.198618669,5.646,178.328,186.852,-10.613,-2.164,338,-38.505,,,,,
2026-02-21T21:05:23.000Z,1771707923.000,32.628473691,-117.198620187,5.95,185.687,191.402,-2.697,2.214,337,-38.217,,,,,
2026-02-21T21:05:24.000Z,1771707924.000,32.628446937,-117.198623318,5.63,187.733,188.113,-0.177,0.099,336,-37.436,,,,,
2026-02-21T21:05:25.000Z,1771707925.000,32.628421387,-117.198624785,5.4,182.528,186.258,-6.052,2.869,335,-36.658,,,,,
2026-02-21T21:05:26.000Z,1771707926.000,32.628395894,-117.198626264,5.376,180.522,183.678,-3.408,0.94,334,-35.826,,,,,
2026-02-21T21:05:27.000Z,1771707927.000,32.628369864,-117.19862691,5.848,182.313,180.69,-3.232,0.459,333,-34.872,,,,,
2026-02-21T21:05:28.000Z,1771707928.000,32.628342129,-117.198623851,6.254,172.22,175.2,-6.153,-0.686,332,-33.345,,,,,
2026-02-21T21:05:29.000Z,1771707929.000,32.628311132,-117.19861934,6.689,171.563,177.136,-3.556,-2.092,331,-32.162,,,,,
2026-02-21T21:05:30.000Z,1771707930.000,32.628280522,-117.198615445,6.923,176.068,181.732,-4.041,-0.981,330,-31.256,,,,,
2026-02-21T21:05:31.000Z,1771707931.000,32.628250902,-117.198614243,6.243,177.802,184.427,-4.494,-0.539,329,-30.478,,,,,
2026-02-21T21:05:32.000Z,1771707932.000,32.628221795,-117.198615741,6.671,184.979,189.083,-6.077,0.481,328,-30.119,,,,,
2026-02-21T21:05:33.000Z,1771707933.000,32.62819182,-117.198619849,6.138,184.964,190.356,-7.369,2.426,327,-29.698,,,,,
2026-02-21T21:05:34.000Z,1771707934.000,32.628161461,-117.198622732,6.56,189.765,196.783,-12.304,0.069,326,-29.574,,,,,
2026-02-21T21:05:35.000Z,1771707935.000,32.628131034,-117.1986279,6.765,191.151,196.95,-7.551,-1.396,325,-29.147,,,,,
2026-02-21T21:05:36.000Z,1771707936.000,32.628100643,-117.198632468,6.454,188.416,194.632,-6.127,0.536,324,-28.465,,,,,
2026-02-21T21:05:37.000Z,1771707937.000,32.62807076,-117.198637762,6.587,190.047,193.244,-6.422,0.345,323,-27.939,,,,,
2026-02-21T21:05:38.000Z,1771707938.000,32.628040055,-117.198640201,6.614,182.89,191.787,-11.828,0.811,322,-27.126,,,,,
2026-02-21T21:05:39.000Z,1771707939.000,32.628008882,-117.198644857,6.951,188.068,187.911,-6.529,1.397,321,-26.304,,,,,
2026-02-21T21:05:40.000Z,1771707940.000,32.627975449,-117.198646005,7.136,186.323,188.884,-10.739,0.792,320,-25.489,,,,,
2026-02-21T21:05:41.000Z,1771707941.000,32.627943015,-117.198644916,6.914,175.463,183.118,-9.712,1.329,319,-23.963,,,,,
2026-02-21T21:05:42.000Z,1771707942.000,32.627910558,-117.198642861,6.976,180.114,183.55,-2.914,1.488,318,-22.844,,,,,
2026-02-21T21:05:43.000Z,1771707943.000,32.627875713,-117.198642485,7.585,181.349,186.542,-6.728,-1.397,317,-22.01,,,,,
2026-02-21T21:05:44.000Z,1771707944.000,32.62784,-117.198643414,7.527,182.019,188.177,-10.003,1.333,316,-21.16,,,,,
2026-02-21T21:05:45.000Z,1771707945.000,32.627804336,-117.198643639,7.587,182.022,185.492,-7.885,-1.276,315,-19.902,,,,,
2026-02-21T21:05:46.000Z,1771707946.000,32.627770054,-117.198642793,7.446,180.776,183.295,-6.93,0.619,314,-18.629,,,,,
2026-02-21T21:05:47.000Z,1771707947.000,32.627735414,-117.198642511,7.211,179.697,184.948,-7.526,2.139,313,-17.702,,,,,
2026-02-21T21:05:48.000Z,1771707948.000,32.627702224,-117.198641198,7.3,179.378,186.004,-8.616,-0.347,312,-16.678,,,,,
2026-02-21T21:05:49.000Z,1771707949.000,32.627668378,-117.198640754,7.533,178.236,186.875,-6.3,-0.32,311,-15.699,,,,,
2026-02-21T21:05:50.000Z,1771707950.000,32.627634697,-117.198639051,7.34,176.57,186.039,-7.803,1.068,310,-14.474,,,,,
2026-02-21T21:05:51.000Z,1771707951.000,32.627600278,-117.198638223,7.158,179.942,186.886,-6.607,3.145,309,-13.441,,,,,
2026-02-21T21:05:52.000Z,1771707952.000,32.627567063,-117.198640514,7.25,184.188,192.422,-7.039,1.696,308,-13.104,,,,,
2026-02-21T21:05:53.000Z,1771707953.000,32.627534097,-117.198643028,7.24,186.69,195.264,-11.038,0.647,307,-12.579,,,,,
2026-02-21T21:05:54.000Z,1771707954.000,32.627499019,-117.198649386,7.702,191.742,196.506,-4.949,1.867,306,-12.208,,,,,
2026-02-21T21:05:55.000Z,1771707955.000,32.627465247,-117.198656203,7.4,188.489,195.797,-5.865,2.381,305,-11.758,,,,,
2026-02-21T21:05:56.000Z,1771707956.000,32.627430923,-117.198662781,7.378,189.656,197.358,-8.612,1.471,304,-11.455,,,,,
2026-02-21T21:05:57.000Z,1771707957.000,32.627398316,-117.198670356,6.791,190.072,199.888,-5.759,1.399,303,-11.371,,,,,
2026-02-21T21:05:58.000Z,1771707958.000,32.627366236,-117.198679327,6.534,192.948,198.925,0.888,0.464,302,-11.146,,,,,
2026-02-21T21:05:59.000Z,1771707959.000,32.627336224,-117.198688034,6.026,194.649,204.84,-0.639,0.986,301,-11.514,,,,,
2026-02-21T21:06:00.000Z,1771707960.000,32.627307946,-117.198700404,6.341,204.166,208.447,1.097,2.928,300,-12.074,,,,,
2026-02-21T21:06:01.000Z,1771707961.000,32.627282096,-117.198714253,5.892,209.94,215.423,-3.412,0.15,299,-13.095,,,,,
2026-02-21T21:06:02.000Z,1771707962.000,32.627257647,-117.198730441,6,206.275,209.944,3.437,3.997,298,-13.402,,,,,
2026-02-21T21:06:03.000Z,1771707963.000,32.627232259,-117.198743283,5.725,206.296,209.564,-0.22,4.528,297,-13.774,,,,,
2026-02-21T21:06:04.000Z,1771707964.000,32.6272071,-117.198756165,5.831,202.337,208.523,-4.116,2.907,296,-14.104,,,,,
2026-02-21T21:06:05.000Z,1771707965.000,32.627179125,-117.198768987,6.766,205.099,212.967,-10.403,2.134,295,-14.775,,,,,
2026-02-21T21:06:06.000Z,1771707966.000,32.627151307,-117.198783134,6.663,205.181,214.206,-14.634,4.402,294,-15.318,,,,,
2026-02-21T21:06:07.000Z,1771707967.000,32.627122787,-117.198799987,6.94,209.53,219.388,-14.314,1.286,293,-16.38,,,,,
2026-02-21T21:06:08.000Z,1771707968.000,32.627095159,-117.198818041,6.994,212.417,222.277,-15.161,2.41,292,-17.396,,,,,
2026-02-21T21:06:09.000Z,1771707969.000,32.627068123,-117.198838648,6.411,214.581,225.892,-15.398,8.09,291,-18.707,,,,,
2026-02-21T21:06:10.000Z,1771707970.000,32.627045107,-117.198864327,6.738,233.073,242.705,-18.847,0.736,290,-21.398,,,,,
2026-02-21T21:06:11.000Z,1771707971.000,32.627028404,-117.198895048,7.176,240.122,242.786,-3.741,0.111,289,-23.675,,,,,
2026-02-21T21:06:12.000Z,1771707972.000,32.627009413,-117.198924522,6.77,230.748,238.266,-7.435,4.291,288,-25.51,,,,,
2026-02-21T21:06:13.000Z,1771707973.000,32.626986454,-117.198951697,6.524,221.266,230.199,-10.981,5.119,287,-26.766,,,,,
2026-02-21T21:06:14.000Z,1771707974.000,32.62696214,-117.198976603,6.613,222.365,236.757,-23.523,0.501,286,-28.708,,,,,
2026-02-21T21:06:15.000Z,1771707975.000,32.626941068,-117.199004139,6.605,228.879,237.278,-20.643,4.207,285,-30.596,,,,,
2026-02-21T21:06:16.000Z,1771707976.000,32.626919598,-117.199032303,6.667,226.144,237.095,-18.978,4.06,284,-32.486,,,,,
2026-02-21T21:06:17.000Z,1771707977.000,32.626898772,-117.199058707,6.651,224.296,237.979,-17.968,4.509,283,-34.301,,,,,
2026-02-21T21:06:18.000Z,1771707978.000,32.626879677,-117.199085275,6.24,232.079,246.35,-24.141,2.444,282,-36.594,,,,,
2026-02-21T21:06:19.000Z,1771707979.000,32.62686361,-117.199113707,6.3,239.795,250.769,-22.834,2.084,281,-38.896,,,,,
2026-02-21T21:06:20.000Z,1771707980.000,32.626850097,-117.199144834,6.588,243.927,253.441,-19.753,-0.718,280,-41.421,,,,,
2026-02-21T21:06:21.000Z,1771707981.000,32.626837292,-117.199176263,7.112,243.513,256.326,-21.451,2.152,279,-43.993,,,,,
2026-02-21T21:06:22.000Z,1771707982.000,32.626825516,-117.199209636,6.492,242.678,258.587,-24.242,2.849,278,-46.74,,,,,
2026-02-21T21:06:23.000Z,1771707983.000,32.626814544,-117.199245,6.444,251.156,261.899,-24.917,2.883,277,-49.718,,,,,
2026-02-21T21:06:24.000Z,1771707984.000,32.626806162,-117.199278768,6.049,251.989,262.812,-23.623,1.039,276,-52.545,,,,,
2026-02-21T21:06:25.000Z,1771707985.000,32.626799271,-117.199310581,5.961,254.914,263.894,-18.303,0.837,275,-55.242,,,,,
2026-02-21T21:06:26.000Z,1771707986.000,32.626793702,-117.19934156,5.985,260.065,266.656,-18.733,0.474,274,-57.949,,,,,
2026-02-21T21:06:27.000Z,1771707987.000,32.626789657,-117.199374259,5.955,263.02,268.95,-15.252,0.4,273,-60.835,,,,,
2026-02-21T21:06:28.000Z,1771707988.000,32.626785522,-117.199406227,5.639,262.752,267.121,-14.552,1.666,272,-63.552,,,,,
2026-02-21T21:06:29.000Z,1771707989.000,32.626780107,-117.199437605,5.631,254.853,264.053,-13.285,2.311,271,-66.136,,,,,
2026-02-21T21:06:30.000Z,1771707990.000,32.626772574,-117.199466856,5.36,250.208,263.178,-16.37,5.453,270,-68.522,,,,,
2026-02-21T21:06:31.000Z,1771707991.000,32.626764807,-117.199495743,5.788,250.849,261.589,-19.297,3.79,269,-70.848,,,,,
2026-02-21T21:06:32.000Z,1771707992.000,32.62675703,-117.199524292,5.613,251.819,264.683,-22.001,4.591,268,-73.287,,,,,
2026-02-21T21:06:33.000Z,1771707993.000,32.626750638,-117.19955493,5.93,255.56,266.595,-24.354,2.047,267,-75.914,,,,,
2026-02-21T21:06:34.000Z,1771707994.000,32.626744386,-117.199586444,5.566,256.788,264.821,-18.781,6.55,266,-78.522,,,,,
2026-02-21T21:06:35.000Z,1771707995.000,32.62673723,-117.199616241,5.286,256.932,257.285,-15.852,1.736,265,-80.742,,,,,
2026-02-21T21:06:36.000Z,1771707996.000,32.62672679,-117.199642901,5.5,244.005,250.877,-22.122,0.009,264,-82.565,,,,,
2026-02-21T21:06:37.000Z,1771707997.000,32.626713316,-117.199667988,5.847,235.279,245.01,-21.331,1.384,263,-84.136,,,,,
2026-02-21T21:06:38.000Z,1771707998.000,32.626696155,-117.199694053,6.352,224.262,237.7,-25.234,1.86,262,-85.564,,,,,
2026-02-21T21:06:39.000Z,1771707999.000,32.626676984,-117.199719938,6.539,225.781,229.919,-16.332,2.873,261,-86.832,,,,,
2026-02-21T21:06:40.000Z,1771708000.000,32.626654619,-117.19974083,6.255,211.625,217.347,-11.23,1.538,260,-87.152,,,,,
2026-02-21T21:06:41.000Z,1771708001.000,32.626628721,-117.199758715,6.333,206.318,204.201,4.512,2.33,259,-86.967,,,,,
2026-02-21T21:06:42.000Z,1771708002.000,32.626598463,-117.199767873,7.239,190.743,188.888,-3.107,-1.066,258,-85.653,,,,,
2026-02-21T21:06:43.000Z,1771708003.000,32.626567047,-117.199771708,6.773,186.557,183.711,-3.406,2.151,257,-84.648,,,,,
2026-02-21T21:06:44.000Z,1771708004.000,32.626535427,-117.1997728,6.985,180.158,178.853,1.455,0.884,256,-83.422,,,,,
2026-02-21T21:06:45.000Z,1771708005.000,32.626503876,-117.199771193,6.931,176.24,173.089,2.72,1.929,255,-81.897,,,,,
2026-02-21T21:06:46.000Z,1771708006.000,32.626471704,-117.199764601,6.925,167.688,171.206,-6.206,1.737,254,-80.202,,,,,
2026-02-21T21:06:47.000Z,1771708007.000,32.626438887,-117.19975617,7.213,166.333,169.97,-2.815,2.634,253,-78.372,,,,,
2026-02-21T21:06:48.000Z,1771708008.000,32.626405466,-117.199746727,7.26,163.371,163.309,4.752,1.656,252,-76.053,,,,,
2026-02-21T21:06:49.000Z,1771708009.000,32.626373283,-117.199732651,7.212,157.465,158.682,-0.677,1.59,251,-73.513,,,,,
2026-02-21T21:06:50.000Z,1771708010.000,32.626343835,-117.19971763,6.95,157.326,158.418,0.059,1.227,250,-71.263,,,,,
2026-02-21T21:06:51.000Z,1771708011.000,32.626315772,-117.19970314,6.515,159.624,159.516,-1.27,1.559,249,-69.191,,,,,
2026-02-21T21:06:52.000Z,1771708012.000,32.626287463,-117.199688969,6.321,155.084,156.417,0.002,1.498,248,-66.869,,,,,
2026-02-21T21:06:53.000Z,1771708013.000,32.626260073,-117.199674497,6.248,153.145,159.135,-3.591,1.277,247,-64.921,,,,,
2026-02-21T21:06:54.000Z,1771708014.000,32.626230858,-117.199660616,6.926,160.258,160.563,-2.575,1.727,246,-62.891,,,,,
2026-02-21T21:06:55.000Z,1771708015.000,32.626201604,-117.199646812,6.56,159.289,164.918,-1.307,3.016,245,-61.071,,,,,
2026-02-21T21:06:56.000Z,1771708016.000,32.626171786,-117.199633209,6.711,155.476,161.555,4.012,-1.044,244,-58.724,,,,,
2026-02-21T21:06:57.000Z,1771708017.000,32.626144958,-117.19961751,6.424,152.004,154.769,0.325,4.157,243,-56.071,,,,,
2026-02-21T21:06:58.000Z,1771708018.000,32.626118502,-117.199602601,6.56,158.334,153.117,5.059,0.935,242,-53.837,,,,,
2026-02-21T21:06:59.000Z,1771708019.000,32.62609237,-117.199588783,6.185,155.441,152.888,-3.117,2.811,241,-51.797,,,,,
2026-02-21T21:07:00.000Z,1771708020.000,32.626065224,-117.199574936,6.412,156.877,162.127,-10.168,2.083,240,-50.33,,,,,
2026-02-21T21:07:01.000Z,1771708021.000,32.626036652,-117.19956478,6.575,165.335,166.386,-1.48,1.431,239,-48.856,,,,,
2026-02-21T21:07:02.000Z,1771708022.000,32.626008081,-117.199553632,6.785,163.09,164.073,-0.526,0.864,238,-46.836,,,,,
2026-02-21T21:07:03.000Z,1771708023.000,32.62597989,-117.199541286,6.421,158.818,158.892,2.023,2.098,237,-44.534,,,,,
2026-02-21T21:07:04.000Z,1771708024.000,32.625953495,-117.199526951,6.248,154.364,159.182,-1.68,0.938,236,-42.473,,,,,
2026-02-21T21:07:05.000Z,1771708025.000,32.625927587,-117.199513115,6.026,154.227,158.23,-2.136,2.696,235,-40.39,,,,,
2026-02-21T21:07:06.000Z,1771708026.000,32.625901955,-117.199499832,6.2,156.535,160.017,-2.5,2.424,234,-38.544,,,,,
2026-02-21T21:07:07.000Z,1771708027.000,32.6258757,-117.199487689,6.011,158.389,159.566,-2.299,1.088,233,-36.636,,,,,
2026-02-21T21:07:08.000Z,1771708028.000,32.625849191,-117.199475652,6.325,162.324,159.605,-2.161,1.218,232,-34.762,,,,,
2026-02-21T21:07:09.000Z,1771708029.000,32.625822939,-117.199462709,6.274,157.49,159.201,-3.06,-0.162,231,-32.786,,,,,
2026-02-21T21:07:10.000Z,1771708030.000,32.625797832,-117.199449705,5.746,157.791,158.472,-2.309,1.826,230,-30.817,,,,,
2026-02-21T21:07:11.000Z,1771708031.000,32.625772633,-117.199436567,5.924,162.386,161.204,-4.849,1.85,229,-29.06,,,,,
2026-02-21T21:07:12.000Z,1771708032.000,32.625747265,-117.199424648,6.224,164.372,165.654,-7.835,4.142,228,-27.534,,,,,
2026-02-21T21:07:13.000Z,1771708033.000,32.625720372,-117.199415781,6.261,165.144,166.146,-6.354,4.35,227,-25.967,,,,,
2026-02-21T21:07:14.000Z,1771708034.000,32.625691974,-117.199405755,7.047,167.508,166.128,-5.661,0.737,226,-24.215,,,,,
2026-02-21T21:07:15.000Z,1771708035.000,32.625665037,-117.199396364,6.546,165.668,163.69,-3.381,1.982,225,-22.394,,,,,
2026-02-21T21:07:16.000Z,1771708036.000,32.625636714,-117.19938367,6.352,161.583,161.954,-3.024,1.193,224,-20.286,,,,,
2026-02-21T21:07:17.000Z,1771708037.000,32.625610873,-117.199368746,6.378,148.391,148.801,2.072,1.978,223,-17.36,,,,,
2026-02-21T21:07:18.000Z,1771708038.000,32.625585608,-117.199347386,6.967,143.266,140.001,3.126,-0.121,222,-14.228,,,,,
2026-02-21T21:07:19.000Z,1771708039.000,32.625562613,-117.199325751,6.4,144.277,136.472,1.22,3.202,221,-11.436,,,,,
2026-02-21T21:07:20.000Z,1771708040.000,32.625543106,-117.199301777,5.893,133.993,131.012,-4.036,0.788,220,-8.483,,,,,
2026-02-21T21:07:21.000Z,1771708041.000,32.625525891,-117.19927673,5.776,120.224,114.016,8.937,0.667,219,-5.315,,,,,
2026-02-21T21:07:22.000Z,1771708042.000,32.625516784,-117.199245826,6.012,102.388,99.291,5.795,0.502,218,-2.229,,,,,
2026-02-21T21:07:23.000Z,1771708043.000,32.625515,-117.199215689,5.488,93.425,85.492,3.338,2.696,217,0.286,,,,,
2026-02-21T21:07:24.000Z,1771708044.000,32.625516934,-117.199185765,5.33,83.492,80.562,10.94,2.908,216,2.781,,,,,
2026-02-21T21:07:25.000Z,1771708045.000,32.625523566,-117.199156877,5.122,70.488,72.882,9.684,4.287,215,4.888,,,,,
2026-02-21T21:07:26.000Z,1771708046.000,32.625533852,-117.199128751,5.688,66.552,60.808,3.344,3.182,214,6.508,,,,,
2026-02-21T21:07:27.000Z,1771708047.000,32.625545742,-117.199100589,5.873,61.854,58.496,2.808,1.662,213,8.561,,,,,
2026-02-21T21:07:28.000Z,1771708048.000,32.625558554,-117.1990724,5.716,62.941,59.348,2.605,2.318,212,10.771,,,,,
2026-02-21T21:07:29.000Z,1771708049.000,32.625572951,-117.199042841,6.077,58.77,56.67,-0.329,0.079,211,12.849,,,,,
2026-02-21T21:07:30.000Z,1771708050.000,32.625586308,-117.199013068,6.623,63.757,59.481,10.224,1.502,210,15.3,,,,,
2026-02-21T21:07:31.000Z,1771708051.000,32.625601297,-117.198985338,6.139,54.859,54.762,-3.959,1.629,209,17.072,,,,,
2026-02-21T21:07:32.000Z,1771708052.000,32.625616711,-117.198957344,5.967,59.578,49.657,-3.271,1.638,208,18.808,,,,,
2026-02-21T21:07:33.000Z,1771708053.000,32.625631072,-117.198930346,5.588,55.756,55.456,6.424,0.508,207,21.191,,,,,
2026-02-21T21:07:34.000Z,1771708054.000,32.625647256,-117.198905358,5.587,53.978,45.738,6.657,5.329,206,22.319,,,,,
2026-02-21T21:07:35.000Z,1771708055.000,32.625666451,-117.198882609,5.56,39.286,41.082,-0.103,1.948,205,23.462,,,,,
2026-02-21T21:07:36.000Z,1771708056.000,32.625686807,-117.198859025,6.2,43.176,40.602,-2.036,-0.321,204,24.95,,,,,
2026-02-21T21:07:37.000Z,1771708057.000,32.625705853,-117.198836289,5.887,47.229,42.647,0.625,1.997,203,26.583,,,,,
2026-02-21T21:07:38.000Z,1771708058.000,32.625725632,-117.198814313,5.422,43.712,42.889,11.039,5.841,202,27.992,,,,,
2026-02-21T21:07:39.000Z,1771708059.000,32.625747818,-117.198793985,6.115,35.439,34.169,6.832,0.742,201,28.515,,,,,
2026-02-21T21:07:40.000Z,1771708060.000,32.625771622,-117.198773966,6.428,34.112,33.223,5.449,-1.42,200,29.539,,,,,
2026-02-21T21:07:41.000Z,1771708061.000,32.625795258,-117.198755722,6.259,33.895,35.311,12.166,1.82,199,30.64,,,,,
2026-02-21T21:07:42.000Z,1771708062.000,32.625820679,-117.198741244,6.13,25.855,16.333,2.366,2.707,198,29.681,,,,,
2026-02-21T21:07:43.000Z,1771708063.000,32.625846421,-117.198725179,6.234,26.066,27.685,9.835,-1.347,197,31.277,,,,,
2026-02-21T21:07:44.000Z,1771708064.000,32.625873685,-117.198713443,6.812,19.9,14.706,3.917,3.829,196,30.477,,,,,
2026-02-21T21:07:45.000Z,1771708065.000,32.625900295,-117.198701132,6.42,25.054,14.905,9.289,4.874,195,30.811,,,,,
2026-02-21T21:07:46.000Z,1771708066.000,32.625927523,-117.198686456,6.409,26.72,20.665,8.997,1.449,194,31.79,,,,,
2026-02-21T21:07:47.000Z,1771708067.000,32.625954147,-117.198668887,6.4,31.897,28.175,11.782,3.041,193,33.182,,,,,
2026-02-21T21:07:48.000Z,1771708068.000,32.625981393,-117.198652479,6.6,26.083,25.043,11.478,4.914,192,33.601,,,,,
2026-02-21T21:07:49.000Z,1771708069.000,32.626010013,-117.198637871,6.646,22.654,25.441,15.563,4.234,191,34.098,,,,,
2026-02-21T21:07:50.000Z,1771708070.000,32.626040054,-117.1986243,6.889,23.531,14.715,8.858,3.706,190,33.56,,,,,
2026-02-21T21:07:51.000Z,1771708071.000,32.62606841,-117.19860665,6.925,25.981,25.01,9.542,1.517,189,35.139,,,,,
2026-02-21T21:07:52.000Z,1771708072.000,32.626097803,-117.198589066,7.273,27.479,21.365,6.27,1.522,188,35.556,,,,,
2026-02-21T21:07:53.000Z,1771708073.000,32.626127206,-117.198571076,7.269,27.739,24.149,9.444,0.857,187,36.527,,,,,
2026-02-21T21:07:54.000Z,1771708074.000,32.626155902,-117.198552184,6.736,31.709,24.504,6.649,1.797,186,37.404,,,,,
2026-02-21T21:07:55.000Z,1771708075.000,32.626182383,-117.198530481,7.074,37.085,29.944,6.219,1.691,185,39.005,,,,,
2026-02-21T21:07:56.000Z,1771708076.000,32.62620851,-117.19850734,7.284,38.657,29.954,7.897,0.968,184,40.315,,,,,
2026-02-21T21:07:57.000Z,1771708077.000,32.626235723,-117.198483751,7.178,32.956,39.674,15.396,3.303,183,42.375,,,,,
2026-02-21T21:07:58.000Z,1771708078.000,32.626266288,-117.1984672,7.15,26.438,20.451,8.071,1.547,182,41.454,,,,,
2026-02-21T21:07:59.000Z,1771708079.000,32.626294951,-117.198449793,6.84,28.553,25.684,13.37,0.958,181,42.591,,,,,
2026-02-21T21:08:00.000Z,1771708080.000,32.626322064,-117.198433399,6.661,24.075,20.798,7.036,0.561,180,42.868,,,,,
2026-02-21T21:08:01.000Z,1771708081.000,32.626349222,-117.198415551,6.653,30.692,30.096,10.605,1.095,179,44.409,,,,,
2026-02-21T21:08:02.000Z,1771708082.000,32.626375731,-117.19839864,6.734,29.52,22.737,3.152,0.987,178,44.561,,,,,
2026-02-21T21:08:03.000Z,1771708083.000,32.626401632,-117.198378864,7.094,31.52,29.388,3.736,1.011,177,46.103,,,,,
2026-02-21T21:08:04.000Z,1771708084.000,32.626427957,-117.198357262,7,36.423,31.663,4.418,0.59,176,47.446,,,,,
2026-02-21T21:08:05.000Z,1771708085.000,32.626453947,-117.198334923,7.187,36.352,30.155,5.987,1.247,175,48.568,,,,,
2026-02-21T21:08:06.000Z,1771708086.000,32.626480378,-117.198311515,7.127,39.954,33.778,9.909,0.266,174,50.173,,,,,
2026-02-21T21:08:07.000Z,1771708087.000,32.626507344,-117.198289863,7.031,31.872,32.443,2.323,1.889,173,51.221,,,,,
2026-02-21T21:08:08.000Z,1771708088.000,32.626534779,-117.198268173,6.937,35.228,26.055,-0.656,1.993,172,51.857,,,,,
2026-02-21T21:08:09.000Z,1771708089.000,32.626559285,-117.198244958,6.9,37.097,32.871,4.136,0.696,171,53.756,,,,,
2026-02-21T21:08:10.000Z,1771708090.000,32.626583673,-117.198222876,6.745,37.542,26.322,-0.445,0.372,170,54.507,,,,,
2026-02-21T21:08:11.000Z,1771708091.000,32.626607032,-117.198199091,6.145,38.294,37.827,8.913,3.011,169,56.847,,,,,
2026-02-21T21:08:12.000Z,1771708092.000,32.626631487,-117.198181621,6.037,26.743,25.375,-1.651,0.63,168,56.727,,,,,
2026-02-21T21:08:13.000Z,1771708093.000,32.626654356,-117.1981649,6.069,32.25,30.295,6.076,1.549,167,57.944,,,,,
2026-02-21T21:08:14.000Z,1771708094.000,32.626675811,-117.198149473,5.331,32.006,24.775,7.671,7.73,166,58.259,,,,,
2026-02-21T21:08:15.000Z,1771708095.000,32.626697906,-117.198135803,5.248,22.688,24.859,9.351,0.163,165,58.839,,,,,
2026-02-21T21:08:16.000Z,1771708096.000,32.626722365,-117.198124734,5.674,19.325,17.523,10.518,0.362,164,58.518,,,,,
2026-02-21T21:08:17.000Z,1771708097.000,32.626748786,-117.19811413,6.225,17.37,20.193,12.075,-0.326,163,58.903,,,,,
2026-02-21T21:08:18.000Z,1771708098.000,32.626778964,-117.198104385,6.5,14.324,6.852,5.065,1.332,162,57.804,,,,,
2026-02-21T21:08:19.000Z,1771708099.000,32.626809913,-117.198094291,6.862,20.386,11.697,7.569,0.389,161,58.182,,,,,
2026-02-21T21:08:20.000Z,1771708100.000,32.626841522,-117.198083348,7.485,16.622,12.757,9.247,-2.236,160,58.313,,,,,
2026-02-21T21:08:21.000Z,1771708101.000,32.626873309,-117.198073592,6.29,10.295,16.153,11.443,0.871,159,58.521,,,,,
2026-02-21T21:08:22.000Z,1771708102.000,32.626904846,-117.198065551,6.924,12.544,9.462,6.023,5.172,158,57.764,,,,,
2026-02-21T21:08:23.000Z,1771708103.000,32.626933832,-117.198056937,6.317,18.065,2.886,3.005,2.746,157,57.151,,,,,
2026-02-21T21:08:24.000Z,1771708104.000,32.626961494,-117.198046517,6.1,17.634,10.728,2.765,1.371,156,57.895,,,,,
2026-02-21T21:08:25.000Z,1771708105.000,32.626989539,-117.198036517,6.376,17.304,9.213,0.993,-0.248,155,57.838,,,,,
2026-02-21T21:08:26.000Z,1771708106.000,32.627017416,-117.19802587,6.562,19.314,10.117,3.703,1.962,154,58.041,,,,,
2026-02-21T21:08:27.000Z,1771708107.000,32.627044931,-117.198013431,6.485,21.708,17.153,6.287,2.585,153,58.913,,,,,
2026-02-21T21:08:28.000Z,1771708108.000,32.627073356,-117.198000142,6.84,20.655,17.99,8.326,1.847,152,59.332,,,,,
2026-02-21T21:08:29.000Z,1771708109.000,32.627101893,-117.197984627,6.688,25.3,20.601,10.084,3.786,151,60.092,,,,,
2026-02-21T21:08:30.000Z,1771708110.000,32.627129302,-117.197968003,6.686,29.081,21.896,3.926,3.4,150,60.88,,,,,
2026-02-21T21:08:31.000Z,1771708111.000,32.62715467,-117.197948192,6.313,34.274,32.89,8.947,2.773,149,62.782,,,,,
2026-02-21T21:08:32.000Z,1771708112.000,32.627181666,-117.197928022,6.725,32.2,27.1,9.378,2.686,148,63.343,,,,,
2026-02-21T21:08:33.000Z,1771708113.000,32.627208928,-117.197909,7.134,26.922,24.231,10.646,1.226,147,64.016,,,,,
2026-02-21T21:08:34.000Z,1771708114.000,32.627236933,-117.197890198,7.216,31.141,20.415,9.137,2.339,146,64.571,,,,,
2026-02-21T21:08:35.000Z,1771708115.000,32.62726496,-117.197871668,7.053,28.86,21.864,4.103,1.075,145,65.523,,,,,
2026-02-21T21:08:36.000Z,1771708116.000,32.627290234,-117.197854328,6.326,27.503,26.655,2.349,1.632,144,66.719,,,,,
2026-02-21T21:08:37.000Z,1771708117.000,32.627313368,-117.197838123,5.656,33.208,26.667,5.377,1.938,143,67.492,,,,,
2026-02-21T21:08:38.000Z,1771708118.000,32.627334311,-117.197819659,5.916,37.81,28.416,5.285,1.333,142,68.672,,,,,
2026-02-21T21:08:39.000Z,1771708119.000,32.627353953,-117.197797835,5.838,39.887,41.572,7.012,-0.952,141,71.06,,,,,
2026-02-21T21:08:40.000Z,1771708120.000,32.627373713,-117.19777523,6.106,43.123,35.802,0.041,-3.01,140,72.08,,,,,
2026-02-21T21:08:41.000Z,1771708121.000,32.627394417,-117.197749507,6.465,47.716,43.311,8.706,1.082,139,74.34,,,,,
2026-02-21T21:08:42.000Z,1771708122.000,32.627417611,-117.197724366,6.469,46.269,36.639,4.252,5.739,138,75.424,,,,,
2026-02-21T21:08:43.000Z,1771708123.000,32.627439531,-117.19770082,5.914,42.261,38.008,-0.186,1.638,137,76.995,,,,,
2026-02-21T21:08:44.000Z,1771708124.000,32.627459591,-117.197677973,5.927,45.278,43.496,4.977,-2.413,136,78.863,,,,,
2026-02-21T21:08:45.000Z,1771708125.000,32.627479405,-117.197657255,5.7,41.323,39.113,6.785,1.86,135,79.822,,,,,
2026-02-21T21:08:46.000Z,1771708126.000,32.627499737,-117.19763694,5.877,42.188,35.623,6.054,2.698,134,80.786,,,,,
2026-02-21T21:08:47.000Z,1771708127.000,32.627520069,-117.197617305,5.839,40.556,31.4,4.822,2.388,133,81.625,,,,,
2026-02-21T21:08:48.000Z,1771708128.000,32.627540336,-117.197597501,5.916,36.292,33.544,8.845,1.036,132,82.973,,,,,
2026-02-21T21:08:49.000Z,1771708129.000,32.627562067,-117.197577679,5.711,39.186,33.389,8.472,3.133,131,84.103,,,,,
2026-02-21T21:08:50.000Z,1771708130.000,32.627583015,-117.197559122,5.363,34.978,35.752,11.922,5.25,130,85.333,,,,,
2026-02-21T21:08:51.000Z,1771708131.000,32.627605034,-117.197541808,5.914,35.537,26.574,8.142,-0.284,129,85.522,,,,,
2026-02-21T21:08:52.000Z,1771708132.000,32.627627722,-117.197525507,6.137,24.737,28.944,7.176,-1.898,128,86.501,,,,,
2026-02-21T21:08:53.000Z,1771708133.000,32.627653799,-117.197511061,6.277,25.795,30.036,12.941,0.134,127,87.112,,,,,
2026-02-21T21:08:54.000Z,1771708134.000,32.627681877,-117.197501253,6.5,12.915,15.215,5.667,3.275,126,85.974,,,,,
2026-02-21T21:08:55.000Z,1771708135.000,32.627710274,-117.197488848,6.685,18.215,17.62,16.346,8.721,125,86.441,,,,,
2026-02-21T21:08:56.000Z,1771708136.000,32.627740602,-117.197478589,6.432,8.668,10.958,10.69,3.41,124,85.924,,,,,
2026-02-21T21:08:57.000Z,1771708137.000,32.627771141,-117.1974762,6.976,357.478,12.996,13.166,0.589,123,85.394,,,,,
2026-02-21T21:08:58.000Z,1771708138.000,32.627801745,-117.197478855,7.295,358.306,356.276,8.896,-1.507,122,82.914,,,,,
2026-02-21T21:08:59.000Z,1771708139.000,32.627830656,-117.197479346,6.215,5.08,353.396,11.086,-0.802,121,81.79,,,,,
2026-02-21T21:09:00.000Z,1771708140.000,32.627857084,-117.197477679,5.867,2.092,0.328,6.805,7.138,120,81.685,,,,,
2026-02-21T21:09:01.000Z,1771708141.000,32.62788476,-117.197474536,5.737,6.066,5.202,9.905,3.277,119,81.529,,,,,
2026-02-21T21:09:02.000Z,1771708142.000,32.627913276,-117.197472151,6.4,2.889,359.025,7.388,2.387,118,80.409,,,,,
2026-02-21T21:09:03.000Z,1771708143.000,32.627945122,-117.197463623,7.345,13.636,12.866,21.896,-0.077,117,81.331,,,,,
2026-02-21T21:09:04.000Z,1771708144.000,32.627976937,-117.19745214,7.475,20.86,13.376,21.194,5.349,116,81.46,,,,,
2026-02-21T21:09:05.000Z,1771708145.000,32.628009285,-117.197438619,7.513,15.65,15.826,15.564,3.588,115,81.913,,,,,
2026-02-21T21:09:06.000Z,1771708146.000,32.628041945,-117.197424152,7.391,20.733,20.414,9.371,2.983,114,82.617,,,,,
2026-02-21T21:09:07.000Z,1771708147.000,32.628073513,-117.197404714,7.688,33.92,22.481,3.461,-0.438,113,83.596,,,,,
2026-02-21T21:09:08.000Z,1771708148.000,32.628100091,-117.197378972,7.25,40.998,36.625,11.179,4.32,112,86.235,,,,,
2026-02-21T21:09:09.000Z,1771708149.000,32.628125273,-117.197351484,7.121,43.06,37.073,9.505,4.597,111,88,,,,,
2026-02-21T21:09:10.000Z,1771708150.000,32.62815165,-117.197323183,7.411,38.983,36.914,4.461,0.194,110,89.754,,,,,
2026-02-21T21:09:11.000Z,1771708151.000,32.628175949,-117.197296899,7.05,45.792,36.042,1.273,0.835,109,91.335,,,,,
2026-02-21T21:09:12.000Z,1771708152.000,32.628197779,-117.19727054,6.553,44.652,39.774,5.643,2.58,108,93.343,,,,,
2026-02-21T21:09:13.000Z,1771708153.000,32.628219236,-117.197245251,6.355,45.486,42.539,7.924,1.989,107,95.186,,,,,
2026-02-21T21:09:14.000Z,1771708154.000,32.62824223,-117.197222399,6.412,40.535,36.729,7.467,2.734,106,96.133,,,,,
2026-02-21T21:09:15.000Z,1771708155.000,32.628265524,-117.19720119,6.3,35.71,36.587,11.401,3.144,105,97.341,,,,,
2026-02-21T21:09:16.000Z,1771708156.000,32.628291732,-117.197183991,6.954,23.192,27.554,6.941,0.667,104,97.405,,,,,
2026-02-21T21:09:17.000Z,1771708157.000,32.628319114,-117.197167131,6.589,27.866,24.108,8.728,3.344,103,97.839,,,,,
2026-02-21T21:09:18.000Z,1771708158.000,32.628345402,-117.197150827,6.361,25.125,18.649,1.862,1.284,102,98.085,,,,,
2026-02-21T21:09:19.000Z,1771708159.000,32.628370967,-117.197132517,6.6,33.613,25.583,6.992,0.683,101,99.533,,,,,
2026-02-21T21:09:20.000Z,1771708160.000,32.628398174,-117.197115354,6.685,27.669,22.741,8.297,3.123,100,100.043,,,,,
2026-02-21T21:09:21.000Z,1771708161.000,32.628426618,-117.197099596,6.565,25.633,17.251,4.561,4.352,99,100.173,,,,,
2026-02-21T21:09:22.000Z,1771708162.000,32.62845394,-117.19708273,6.205,28.577,24.853,12.497,2.323,98,101.492,,,,,
2026-02-21T21:09:23.000Z,1771708163.000,32.628482795,-117.197069809,6.9,16.413,20.739,11.892,0.132,97,101.467,,,,,
2026-02-21T21:09:24.000Z,1771708164.000,32.628513194,-117.197061526,6.8,12.447,14.141,9.498,2.683,96,100.774,,,,,
2026-02-21T21:09:25.000Z,1771708165.000,32.628541811,-117.19705303,6.063,17.67,12.445,9.661,3.897,95,100.55,,,,,
2026-02-21T21:09:26.000Z,1771708166.000,32.628569018,-117.197041191,6.154,18.861,18.383,12.732,4.367,94,101.288,,,,,
2026-02-21T21:09:27.000Z,1771708167.000,32.628597041,-117.197030255,6.855,14.542,16.536,8.229,1.186,93,101.29,,,,,
2026-02-21T21:09:28.000Z,1771708168.000,32.628626278,-117.197017491,6.612,21.588,15.338,8.291,4.322,92,101.472,,,,,
2026-02-21T21:09:29.000Z,1771708169.000,32.628656833,-117.197003543,7.238,19.734,7.08,4.466,2.244,91,101.156,,,,,
2026-02-21T21:09:30.000Z,1771708170.000,32.628686342,-117.196988657,7.012,22.667,25.051,19.466,3.039,90,103.063,,,,,
2026-02-21T21:09:31.000Z,1771708171.000,32.628718352,-117.196981922,6.6,3.323,6.401,7.728,-0.111,89,101.216,,,,,
2026-02-21T21:09:32.000Z,1771708172.000,32.628747359,-117.196980175,6.25,4.9,357.266,5.652,1.634,88,99.788,,,,,
2026-02-21T21:09:33.000Z,1771708173.000,32.628773159,-117.196973452,5.335,15.926,1.078,3.076,4.409,87,99.922,,,,,
2026-02-21T21:09:34.000Z,1771708174.000,32.628797091,-117.196959929,5.846,26.528,23.624,9.794,4.564,86,102.242,,,,,
2026-02-21T21:09:35.000Z,1771708175.000,32.628822023,-117.196944781,5.771,25.833,18.162,4.17,0.919,85,102.425,,,,,
2026-02-21T21:09:36.000Z,1771708176.000,32.628846795,-117.196928874,6.46,26.364,23.517,9.759,0.24,84,103.554,,,,,
2026-02-21T21:09:37.000Z,1771708177.000,32.62887357,-117.196914134,6.454,21.622,19.955,7.82,-1.876,83,103.798,,,,,
2026-02-21T21:09:38.000Z,1771708178.000,32.628902303,-117.196898587,6.7,27.717,23.135,9.114,3.871,82,104.6,,,,,
2026-02-21T21:09:39.000Z,1771708179.000,32.628929721,-117.19687712,7.337,35.243,26.445,-2.514,-0.07,81,105.985,,,,,
2026-02-21T21:09:40.000Z,1771708180.000,32.62895259,-117.196847802,7.533,52.122,38.175,-2.723,0.039,80,108.855,,,,,
2026-02-21T21:09:41.000Z,1771708181.000,32.628972957,-117.196813772,7.555,55.294,50.174,7.083,1.705,79,112.174,,,,,
2026-02-21T21:09:42.000Z,1771708182.000,32.628995894,-117.196781825,7.5,45.778,45.518,11.586,1.699,78,114.053,,,,,
2026-02-21T21:09:43.000Z,1771708183.000,32.629021326,-117.196755435,7.092,38.235,34.862,9.147,2.928,77,114.891,,,,,
2026-02-21T21:09:44.000Z,1771708184.000,32.629048141,-117.196731094,7.285,36.38,34.122,3.676,4.481,76,116.229,,,,,
2026-02-21T21:09:45.000Z,1771708185.000,32.629075345,-117.196706131,7.125,36.91,30.666,4.453,-0.126,75,117.403,,,,,
2026-02-21T21:09:46.000Z,1771708186.000,32.62910324,-117.196683185,7.362,31.423,30.464,12.345,0.09,74,118.626,,,,,
2026-02-21T21:09:47.000Z,1771708187.000,32.629131221,-117.196665522,6.481,26.689,27.707,5.093,0.53,73,119.168,,,,,
2026-02-21T21:09:48.000Z,1771708188.000,32.629156758,-117.196648559,6.245,33.446,27.693,-2.2,1.239,72,119.933,,,,,
2026-02-21T21:09:49.000Z,1771708189.000,32.629180327,-117.196630975,5.56,28.205,24.521,4.132,4.384,71,120.566,,,,,
2026-02-21T21:09:50.000Z,1771708190.000,32.629203831,-117.196618367,5.265,19.262,23.99,12.112,3.016,70,120.96,,,,,
2026-02-21T21:09:51.000Z,1771708191.000,32.629228715,-117.196615291,5.73,5.342,6.704,13.849,-0.533,69,119.1,,,,,
2026-02-21T21:09:52.000Z,1771708192.000,32.62925085,-117.196623401,5.323,331.108,350.76,15.182,-2.258,68,116.474,,,,,
2026-02-21T21:09:53.000Z,1771708193.000,32.629266158,-117.196641735,4.688,312.997,316.172,2.028,2.592,67,112.314,,,,,
2026-02-21T21:09:54.000Z,1771708194.000,32.629280355,-117.196660925,4.538,310.584,302.447,-3.129,0.759,66,109.722,,,,,
2026-02-21T21:09:55.000Z,1771708195.000,32.629295127,-117.196676074,4.508,309.042,314.426,4.165,-0.723,65,108.281,,,,,
2026-02-21T21:09:56.000Z,1771708196.000,32.629308188,-117.196691768,4.088,317.423,312.444,1.796,-0.774,64,106.4,,,,,
2026-02-21T21:09:57.000Z,1771708197.000,32.629320303,-117.196708572,3.576,317.093,310.629,1.064,7.987,63,104.459,,,,,
2026-02-21T21:09:58.000Z,1771708198.000,32.629328947,-117.196728071,3.884,289.648,298.015,1.213,2.035,62,102.119,,,,,
2026-02-21T21:09:59.000Z,1771708199.000,32.629333926,-117.196747557,3.733,289.588,280.477,3.453,-0.776,61,100.129,,,,,
2026-02-21T21:10:00.000Z,1771708200.000,32.629331457,-117.196764128,2.937,248.756,257.688,-1.562,1.941,60,99.222,,,,,
2026-02-21T21:10:01.000Z,1771708201.000,32.62932317,-117.196775917,3,221.282,239.073,-7.63,-1.644,59,99.311,,,,,
2026-02-21T21:10:02.000Z,1771708202.000,32.629311643,-117.196782244,3.239,204.474,233.323,-17.63,4.461,58,99.432,,,,,
2026-02-21T21:10:03.000Z,1771708203.000,32.629298532,-117.196791609,3.488,216.511,238.13,-20.656,3.65,57,98.681,,,,,
2026-02-21T21:10:04.000Z,1771708204.000,32.629284896,-117.19680248,3.799,215.635,238.12,-21.633,2.769,56,98.107,,,,,
2026-02-21T21:10:05.000Z,1771708205.000,32.629270683,-117.196814768,3.885,215.611,239.509,-18.85,4.032,55,97.34,,,,,
2026-02-21T21:10:06.000Z,1771708206.000,32.629255082,-117.196829131,4.624,219.879,244.929,-22.893,0.167,54,96.208,,,,,
2026-02-21T21:10:07.000Z,1771708207.000,32.629239826,-117.196847351,5.063,224.508,245.153,-24.431,2.268,53,95.007,,,,,
2026-02-21T21:10:08.000Z,1771708208.000,32.629224467,-117.196868849,5.413,232.179,251.103,-28.338,4.285,52,93.233,,,,,
2026-02-21T21:10:09.000Z,1771708209.000,32.629210438,-117.196893992,5.315,240.909,253.444,-30.254,-0.598,51,91.278,,,,,
2026-02-21T21:10:10.000Z,1771708210.000,32.629198486,-117.196921149,5.6,243.05,249.903,-16.485,3.025,50,89.345,,,,,
2026-02-21T21:10:11.000Z,1771708211.000,32.629184143,-117.196945929,5.387,231.389,245.114,-12.02,4.936,49,87.776,,,,,
2026-02-21T21:10:12.000Z,1771708212.000,32.629167368,-117.196969588,5.491,231.898,244.236,-19.551,3.559,48,86.188,,,,,
2026-02-21T21:10:13.000Z,1771708213.000,32.629150817,-117.196995964,5.8,232.439,246.2,-25.412,1.456,47,84.199,,,,,
2026-02-21T21:10:14.000Z,1771708214.000,32.629135121,-117.197022384,6,235.962,251.505,-27.733,-2.328,46,82.026,,,,,
2026-02-21T21:10:15.000Z,1771708215.000,32.62912092,-117.197048308,5.873,236.105,248.008,-24.37,2.97,45,80.276,,,,,
2026-02-21T21:10:16.000Z,1771708216.000,32.629105036,-117.197073607,5.7,233.486,246.28,-24.219,0.953,44,78.555,,,,,
2026-02-21T21:10:17.000Z,1771708217.000,32.629088709,-117.197099374,5.911,232.224,250.103,-25.568,7.375,43,76.53,,,,,
2026-02-21T21:10:18.000Z,1771708218.000,32.629074198,-117.197128204,5.837,241.574,251.573,-25.449,5.803,42,74.292,,,,,
2026-02-21T21:10:19.000Z,1771708219.000,32.62905928,-117.19715764,6.1,241.796,255.341,-30.03,0.809,41,71.919,,,,,
2026-02-21T21:10:20.000Z,1771708220.000,32.629048088,-117.197187835,5.931,247.002,257.692,-24.761,1.113,40,69.436,,,,,
2026-02-21T21:10:21.000Z,1771708221.000,32.629039579,-117.197219906,5.571,255.891,264.305,-20.642,0.979,39,66.574,,,,,
2026-02-21T21:10:22.000Z,1771708222.000,32.629034041,-117.197250219,5.525,259.001,265.862,-12.279,4.943,38,63.96,,,,,
2026-02-21T21:10:23.000Z,1771708223.000,32.629028255,-117.197277361,4.904,255.657,263.687,-10.564,4.366,37,61.746,,,,,
2026-02-21T21:10:24.000Z,1771708224.000,32.629021521,-117.197305825,5.355,248.998,260.581,-14.588,2.2,36,59.479,,,,,
2026-02-21T21:10:25.000Z,1771708225.000,32.629015109,-117.197332852,5.413,254.208,262.099,-13.66,-1.076,35,57.183,,,,,
2026-02-21T21:10:26.000Z,1771708226.000,32.62900735,-117.197359601,5.26,249.69,264.268,-19.837,5.079,34,54.934,,,,,
2026-02-21T21:10:27.000Z,1771708227.000,32.629001406,-117.197387628,5.6,261.24,268.68,-17.294,2.192,33,52.465,,,,,
2026-02-21T21:10:28.000Z,1771708228.000,32.629000441,-117.197416705,4.889,272.958,272.467,-2.25,4.688,32,49.79,,,,,
2026-02-21T21:10:29.000Z,1771708229.000,32.628998786,-117.197443513,4.925,262.81,262.614,5.457,0.623,31,47.675,,,,,
2026-02-21T21:10:30.000Z,1771708230.000,32.628990703,-117.197466063,4.585,241.424,248.572,-0.643,2.958,30,46.447,,,,,
2026-02-21T21:10:31.000Z,1771708231.000,32.628974771,-117.197486186,5.078,219.391,241.572,-19.725,-0.036,29,45.47,,,,,
2026-02-21T21:10:32.000Z,1771708232.000,32.628958847,-117.197507073,5.2,228.708,244.241,-25.763,3.116,28,43.914,,,,,
2026-02-21T21:10:33.000Z,1771708233.000,32.628943125,-117.197530646,5.6,235.462,254.367,-27.405,3.28,27,41.772,,,,,
2026-02-21T21:10:34.000Z,1771708234.000,32.628932049,-117.197556404,5.016,249.71,257.865,-22.355,6.92,26,39.639,,,,,
2026-02-21T21:10:35.000Z,1771708235.000,32.628923959,-117.197584485,5.369,250.396,256.321,-13.027,2.233,25,37.406,,,,,
2026-02-21T21:10:36.000Z,1771708236.000,32.628914826,-117.197610997,5.438,250.687,259.579,-16.478,1.407,24,35.163,,,,,
2026-02-21T21:10:37.000Z,1771708237.000,32.628906666,-117.197639152,5.861,248.618,257.427,-7.945,3.652,23,32.947,,,,,
2026-02-21T21:10:38.000Z,1771708238.000,32.628900484,-117.197666748,5.369,266.425,269.584,-11.535,0.056,22,30.275,,,,,
2026-02-21T21:10:39.000Z,1771708239.000,32.628902572,-117.197694441,4.988,279.976,281.207,1.752,3.067,21,27.547,,,,,
2026-02-21T21:10:40.000Z,1771708240.000,32.628907929,-117.197717602,4.236,294.536,286.088,11.154,3.153,20,25.282,,,,,
2026-02-21T21:10:41.000Z,1771708241.000,32.628911679,-117.197739554,3.945,272.071,276.764,9.911,-1.477,19,23.25,,,,,
2026-02-21T21:10:42.000Z,1771708242.000,32.628907572,-117.197758486,3.666,246.622,257.57,5.548,-0.352,18,22.153,,,,,
2026-02-21T21:10:43.000Z,1771708243.000,32.628897729,-117.197772922,3.563,221.967,235.403,-0.845,2.256,17,22.269,,,,,
2026-02-21T21:10:44.000Z,1771708244.000,32.628882765,-117.197782698,3.939,214.272,231.218,-17.066,0.625,16,22.098,,,,,
2026-02-21T21:10:45.000Z,1771708245.000,32.628867013,-117.197795284,4.285,216.594,234.495,-15.603,4.029,15,21.221,,,,,
2026-02-21T21:10:46.000Z,1771708246.000,32.628852405,-117.19781257,4.54,232.301,249.777,-15.09,1.205,14,19.251,,,,,
2026-02-21T21:10:47.000Z,1771708247.000,32.628842474,-117.197834311,4.725,246.585,255.734,-9.475,5.249,13,17.32,,,,,
2026-02-21T21:10:48.000Z,1771708248.000,32.628832485,-117.197857349,5.085,244.654,253.647,-10.707,0.642,12,15.626,,,,,
2026-02-21T21:10:49.000Z,1771708249.000,32.628825199,-117.197881081,4.578,244.34,256.557,-1.593,2.295,11,13.582,,,,,
2026-02-21T21:10:50.000Z,1771708250.000,32.62881659,-117.197902928,4.387,242.126,252.081,0.994,6.214,10,12.056,,,,,
2026-02-21T21:10:51.000Z,1771708251.000,32.628806079,-117.19792468,4.7,236.4,250.846,-8.713,-1.507,9,10.464,,,,,
2026-02-21T21:10:52.000Z,1771708252.000,32.628795106,-117.197947975,5.078,237.784,253.698,-9.75,4.257,8,8.562,,,,,
2026-02-21T21:10:53.000Z,1771708253.000,32.628783538,-117.197969766,4.628,242.279,259.153,-21.617,3.684,7,6.73,,,,,
2026-02-21T21:10:54.000Z,1771708254.000,32.628775997,-117.197992796,4.437,248.312,262.415,-14.147,2.387,6,4.761,,,,,
2026-02-21T21:10:55.000Z,1771708255.000,32.628770389,-117.19801643,4.553,254.672,262.008,-8.868,2.555,5,2.811,,,,,
2026-02-21T21:10:56.000Z,1771708256.000,32.628763675,-117.198040045,5.252,252,261.644,-10.366,-0.152,4,0.893,,,,,
2026-02-21T21:10:57.000Z,1771708257.000,32.62875446,-117.198061941,4.349,238.962,246.185,-6.492,1.065,3,-0.149,1,2.627,41.957,1,0
2026-02-21T21:10:58.000Z,1771708258.000,32.628739211,-117.198078121,4.566,216.402,231.224,-20.433,-0.092,2,-0.276,1,1.145,39.093,2,0.463
2026-02-21T21:10:59.000Z,1771708259.000,32.628721689,-117.198090631,4.313,211.538,218.639,-24.907,1.248,1,0.009,1,0.719,36.468,2,0.934
2026-02-21T21:11:00.000Z,1771708260.000,32.628699783,-117.198099619,4.889,198.975,207.018,-25.844,4.251,0,0.747,1,-0.26,33.729,2,2.025
2026-02-21T21:11:01.000Z,1771708261.000,32.62867541,-117.198108496,5.687,199.175,206.17,-21.298,2.049,-1,0.74,1,-0.29,30.903,2,2.027
2026-02-21T21:11:02.000Z,1771708262.000,32.628648536,-117.198114864,6.1,190.176,197.316,-16.049,-1.312,-2,1.68,1,-1.269,27.935,2,2.167
2026-02-21T21:11:03.000Z,1771708263.000,32.628620834,-117.198115021,6.149,178.368,183.933,-17.575,4.983,-3,3.571,1,-2.49,25.324,2,2.787
2026-02-21T21:11:04.000Z,1771708264.000,32.628590554,-117.198117276,6.4,189.844,203.392,-16.562,0.962,-4,2.702,1,-1.386,21.897,2,0.852
2026-02-21T21:11:05.000Z,1771708265.000,32.628563851,-117.19812827,5.866,206.55,225.397,-22.538,1.736,-5,0.829,1,0.422,19.111,1,0
2026-02-21T21:11:06.000Z,1771708266.000,32.628543638,-117.198146351,5.575,227.077,243.899,-23.58,-0.067,-6,-1.361,1,2.321,17.161,1,0
2026-02-21T21:11:07.000Z,1771708267.000,32.6285289,-117.198167546,5.077,237.865,256.99,-26.853,2.469,-7,-3.441,1,2.937,15.66,1,0
2026-02-21T21:11:08.000Z,1771708268.000,32.628520689,-117.198194055,5.075,256.912,262.236,-16.838,-0.152,-8,-5.779,1,4.124,14.204,1,0
2026-02-21T21:11:09.000Z,1771708269.000,32.628513804,-117.198222345,5.673,252.843,261.307,-11.08,7.618,-9,-8.095,1,4.361,12.401,1,0
2026-02-21T21:11:10.000Z,1771708270.000,32.628505122,-117.198249987,5.008,245.137,255.122,-10.953,4.15,-10,-10.1,1,3.381,10.091,1,0
2026-02-21T21:11:11.000Z,1771708271.000,32.6284946,-117.198276912,5.588,244.159,256.618,-18.048,-0.544,-11,-12.275,1,3.698,8.127,2,3.836
2026-02-21T21:11:12.000Z,1771708272.000,32.628486158,-117.198303126,5.475,248.14,258.975,-15.494,2.65,-12,-14.477,1,3.896,6.462,2,2.708
2026-02-21T21:11:13.000Z,1771708273.000,32.62847842,-117.198329582,5.255,251.788,257.078,-13.296,-0.257,-13,-16.562,1,3.964,4.577,2,1.061
2026-02-21T21:11:14.000Z,1771708274.000,32.628469088,-117.198356459,5.834,246.532,258.606,-16.369,-0.957,-14,-18.767,1,4.027,2.741,2,0.619
2026-02-21T21:11:15.000Z,1771708275.000,32.628459915,-117.198383118,5.1,248.827,258.465,-16.278,8.63,-15,-20.892,1,3.662,0.82,2,0.431
2026-02-21T21:11:16.000Z,1771708276.000,32.628449911,-117.198410101,5.419,240.316,256.148,-19.786,3.393,-16,-22.94,1,3.286,-1.343,2,0.328
2026-02-21T21:11:17.000Z,1771708277.000,32.628440912,-117.198437259,5.346,250.032,258.252,-17.307,0.296,-17,-25.201,1,3.909,-3.117,2,0.499
2026-02-21T21:11:18.000Z,1771708278.000,32.628431136,-117.198465835,5.589,247.861,261.241,-17.276,2.387,-18,-27.596,1,3.936,-4.96,2,0.312
2026-02-21T21:11:19.000Z,1771708279.000,32.628422461,-117.198493417,5.264,249.233,258.535,-9.472,8.577,-19,-29.73,1,3.792,-7.039,2,0.502
2026-02-21T21:11:20.000Z,1771708280.000,32.628412826,-117.198520385,5.083,246.409,255.532,-12.465,3.825,-20,-31.759,1,3.48,-9.208,2,1.268
2026-02-21T21:11:21.000Z,1771708281.000,32.628402012,-117.198547028,5.289,244.667,257.145,-20.529,-1.753,-21,-33.905,1,3.498,-11.183,2,1.005
2026-02-21T21:11:22.000Z,1771708282.000,32.628391897,-117.198573914,5.766,244.94,260.244,-23.094,2.046,-22,-36.141,1,3.83,-12.992,1,0
2026-02-21T21:11:23.000Z,1771708283.000,32.628383798,-117.198603269,5.887,253.433,263.056,-19.734,1.084,-23,-38.642,1,4.514,-14.699,1,0
2026-02-21T21:11:24.000Z,1771708284.000,32.628376953,-117.198632572,5.384,257.512,267.893,-14.418,3.996,-24,-41.213,1,4.362,-16.121,1,0
2026-02-21T21:11:25.000Z,1771708285.000,32.628371228,-117.198662719,5.423,257.571,265.733,-12.48,4.85,-25,-43.708,1,4.393,-17.966,1,0
2026-02-21T21:11:26.000Z,1771708286.000,32.628364896,-117.198691192,5.212,252.419,261.194,-10.414,4.263,-26,-45.95,1,3.928,-19.975,1,0
2026-02-21T21:11:27.000Z,1771708287.000,32.62835709,-117.198717664,4.927,251.699,258.041,-11.15,-0.728,-27,-47.992,1,3.669,-21.953,1,0
2026-02-21T21:11:28.000Z,1771708288.000,32.628347409,-117.198741977,5.563,243.346,259.59,-17.381,-0.621,-28,-49.954,1,3.555,-23.729,1,0
2026-02-21T21:11:29.000Z,1771708289.000,32.628338088,-117.198767906,5.418,247.494,258.125,-16.456,11.115,-29,-51.963,1,3.751,-25.729,1,0
2026-02-21T21:11:30.000Z,1771708290.000,32.628328894,-117.198794485,5.191,251.942,260.433,-15.285,4.409,-30,-54.17,1,3.871,-27.486,1,0
2026-02-21T21:11:31.000Z,1771708291.000,32.628321388,-117.19882301,5.7,254.948,262.595,-12.529,1.364,-31,-56.592,1,4.441,-29.146,1,0
2026-02-21T21:11:32.000Z,1771708292.000,32.628313217,-117.198852451,5.462,250.174,259.551,-9.446,5.338,-32,-58.902,1,3.951,-31.268,1,0
2026-02-21T21:11:33.000Z,1771708293.000,32.628303081,-117.198880664,5.666,247.893,256.4,-13.723,2.79,-33,-61.026,1,3.935,-33.546,1,0
2026-02-21T21:11:34.000Z,1771708294.000,32.628294442,-117.198907676,5.585,250.921,257.461,-15.293,1.904,-34,-63.247,1,4.082,-35.347,1,0
2026-02-21T21:11:35.000Z,1771708295.000,32.628286001,-117.198934598,5.416,249.516,259.313,-13.727,2.992,-35,-65.493,1,3.864,-37.071,1,0
2026-02-21T21:11:36.000Z,1771708296.000,32.62827805,-117.198962013,5.225,253.95,259.873,-12.958,2.723,-36,-67.749,1,3.997,-38.848,1,0
2026-02-21T21:11:37.000Z,1771708297.000,32.628271029,-117.198988902,5.086,253.773,260.227,-14.38,1.262,-37,-69.977,1,3.878,-40.524,1,0
2026-02-21T21:11:38.000Z,1771708298.000,32.628263809,-117.199016818,5.524,253.896,263.375,-14.026,-0.943,-38,-72.384,1,4.216,-42.065,1,0
2026-02-21T21:11:39.000Z,1771708299.000,32.628256877,-117.19904715,5.905,253.853,267.152,-15.616,4.328,-39,-75.018,1,4.501,-43.61,1,0
2026-02-21T21:11:40.000Z,1771708300.000,32.628250337,-117.199076139,5.439,250.011,260.97,-10.399,4.476,-40,-77.257,1,3.896,-45.778,1,0
2026-02-21T21:11:41.000Z,1771708301.000,32.628242492,-117.19910347,5.385,246.879,257.961,-10.897,0.419,-41,-79.38,1,3.642,-47.782,1,0
2026-02-21T21:11:42.000Z,1771708302.000,32.628233605,-117.199128334,4.8,249.18,259.888,-15.481,1.621,-42,-81.43,1,3.383,-49.471,1,0
2026-02-21T21:11:43.000Z,1771708303.000,32.628225368,-117.199154715,5.3,248.728,261.828,-18.689,3.452,-43,-83.63,1,3.703,-51.145,1,0
2026-02-21T21:11:44.000Z,1771708304.000,32.628217474,-117.199182866,5.526,253.166,261.999,-16.965,-0.127,-44,-85.938,1,4.152,-52.968,1,0
2026-02-21T21:11:45.000Z,1771708305.000,32.628209251,-117.199210563,5.893,247.249,263.992,-19.851,2.535,-45,-88.255,1,3.999,-54.682,1,0
2026-02-21T21:11:46.000Z,1771708306.000,32.628201011,-117.199239446,5.469,252.276,263.607,-15.649,5.236,-46,-90.604,1,4.045,-56.608,1,0
2026-02-21T21:11:47.000Z,1771708307.000,32.628192453,-117.199270413,5.563,252.309,262.439,-17.999,-0.871,-47,-93.106,1,4.113,-58.697,1,0
2026-02-21T21:11:48.000Z,1771708308.000,32.628184725,-117.199298343,5.181,250.871,269.267,-18.718,7.586,-48,-95.578,1,3.739,-60.014,1,0
2026-02-21T21:11:49.000Z,1771708309.000,32.628179016,-117.199325062,5.232,254.04,262.021,-11.503,8.939,-49,-97.623,1,3.967,-62.098,1,0
2026-02-21T21:11:50.000Z,1771708310.000,32.628169917,-117.199353267,5.212,251.032,261.463,-19.711,0.142,-50,-99.876,1,3.764,-64.097,1,0
2026-02-21T21:11:51.000Z,1771708311.000,32.628161789,-117.199382392,6.1,251.176,263.422,-18.156,1.519,-51,-102.325,1,4.412,-65.857,1,0
2026-02-21T21:11:52.000Z,1771708312.000,32.628153616,-117.199411744,5.672,252.226,264.412,-21.35,0.529,-52,-104.76,1,4.17,-67.696,1,0
2026-02-21T21:11:53.000Z,1771708313.000,32.628146073,-117.199441499,5.769,250.316,262.723,-19.825,4.429,-53,-107.168,1,4.104,-69.674,1,0
2026-02-21T21:11:54.000Z,1771708314.000,32.628137859,-117.199471977,5.212,257.246,264.181,-18.718,4.341,-54,-109.717,1,4.119,-71.525,1,0
2026-02-21T21:11:55.000Z,1771708315.000,32.628131935,-117.199502665,5.513,258.713,266.191,-15.216,1.144,-55,-112.366,1,4.44,-73.108,1,0
2026-02-21T21:11:56.000Z,1771708316.000,32.628127576,-117.199531646,4.794,262.294,262.813,-4.413,4.038,-56,-114.751,1,4.028,-74.853,1,0
2026-02-21T21:11:57.000Z,1771708317.000,32.62811943,-117.199560659,5.211,251.315,262.562,-15.541,0.533,-57,-117.119,1,3.757,-76.765,1,0
2026-02-21T21:11:58.000Z,1771708318.000,32.628112634,-117.199589473,5.674,252.026,261.641,-12.253,6.509,-58,-119.487,1,4.136,-78.577,1,0
2026-02-21T21:11:59.000Z,1771708319.000,32.628103979,-117.199617943,5.135,248.894,260.139,-18.201,3.151,-59,-121.746,1,3.541,-80.606,1,0
2026-02-21T21:12:00.000Z,1771708320.000,32.62809637,-117.199645946,5.163,256.881,264.269,-20.49,0.744,-60,-124.178,1,4.043,-82.12,1,0
2026-02-21T21:12:01.000Z,1771708321.000,32.628090517,-117.199675088,5.477,257.436,267.68,-17.162,2.86,-61,-126.726,1,4.319,-83.537,1,0
2026-02-21T21:12:02.000Z,1771708322.000,32.628086549,-117.199702514,4.787,262.602,268.93,-11.815,8.265,-62,-129.111,1,4.023,-84.852,1,0
2026-02-21T21:12:03.000Z,1771708323.000,32.628081596,-117.199730833,5.227,255.564,264.974,-11.532,3.279,-63,-131.416,1,4.009,-86.682,1,0
2026-02-21T21:12:04.000Z,1771708324.000,32.628074951,-117.19976068,5.877,256.827,266.096,-14.738,-1.153,-64,-133.942,1,4.586,-88.372,1,0
2026-02-21T21:12:05.000Z,1771708325.000,32.628069278,-117.19978819,5.635,255.329,266.229,-14.315,3.071,-65,-136.259,1,4.301,-89.948,1,0
2026-02-21T21:12:06.000Z,1771708326.000,32.628062886,-117.199815144,4.987,254.913,264.51,-16.317,3.688,-66,-138.452,1,3.779,-91.71,1,0
2026-02-21T21:12:07.000Z,1771708327.000,32.628057628,-117.199842802,5.116,258.715,266.346,-15.991,1.219,-67,-140.842,1,4.087,-93.126,1,0
2026-02-21T21:12:08.000Z,1771708328.000,32.628052911,-117.199870756,5.188,255.585,266.659,-12.116,5.548,-68,-143.232,1,3.966,-94.608,1,0
2026-02-21T21:12:09.000Z,1771708329.000,32.62804704,-117.199898686,4.801,259.636,263.387,-9.467,4.55,-69,-145.483,1,3.877,-96.463,1,0
2026-02-21T21:12:10.000Z,1771708330.000,32.628040691,-117.19992666,5.072,257.165,263.857,-11.143,-0.546,-70,-147.827,1,3.96,-98.099,1,0
2026-02-21T21:12:11.000Z,1771708331.000,32.628034622,-117.199953101,5.258,254.295,261.916,-8.71,-0.721,-71,-149.975,1,3.932,-99.824,1,0
2026-02-21T21:12:12.000Z,1771708332.000,32.628025457,-117.199978537,5.238,243.244,260.728,-13.781,9.327,-72,-151.956,1,3.174,-101.773,1,0
2026-02-21T21:12:13.000Z,1771708333.000,32.628015613,-117.200004524,4.955,243.393,256.312,-12.433,5.603,-73,-153.846,1,3.007,-104.026,1,0
2026-02-21T21:12:14.000Z,1771708334.000,32.628004983,-117.200031108,5.163,247.955,259.641,-19.788,0.543,-74,-156.053,1,3.446,-105.864,1,0
2026-02-21T21:12:15.000Z,1771708335.000,32.627995906,-117.200059521,5.554,253.755,260.616,-17.188,0.989,-75,-158.38,1,4.103,-107.765,1,0
2026-02-21T21:12:16.000Z,1771708336.000,32.627986824,-117.200085987,5.24,246.612,260.816,-17.28,6.296,-76,-160.503,1,3.397,-109.647,1,0
2026-02-21T21:12:17.000Z,1771708337.000,32.627979631,-117.200113909,4.866,260.653,263.473,-16.738,1.947,-77,-162.894,1,3.957,-111.219,1,0
2026-02-21T21:12:18.000Z,1771708338.000,32.62797409,-117.200142109,5.685,252.886,263.782,-12.61,1.227,-78,-165.282,1,4.13,-112.793,1,0
2026-02-21T21:12:19.000Z,1771708339.000,32.627967915,-117.200169311,4.912,250.66,264.214,-10.162,4.698,-79,-167.565,1,3.432,-114.388,1,0
2026-02-21T21:12:20.000Z,1771708340.000,32.627961667,-117.200197751,5.218,256.484,264.119,-10.504,1.668,-80,-169.942,1,4.002,-116.074,1,0
2026-02-21T21:12:21.000Z,1771708341.000,32.627955417,-117.200226314,5.516,255.425,262.168,-5.658,4.765,-81,-172.272,1,4.161,-117.894,1,0
2026-02-21T21:12:22.000Z,1771708342.000,32.627946302,-117.20025485,5.546,244.174,254.194,-7.249,3.434,-82,-174.277,1,3.387,-120.4,1,0
2026-02-21T21:12:23.000Z,1771708343.000,32.627935207,-117.200281521,5.338,243.412,247.573,-8.138,1.855,-83,-176.044,1,3.198,-122.905,1,0
2026-02-21T21:12:24.000Z,1771708344.000,32.627920747,-117.200305704,5.82,234.66,248.027,-18.607,0.169,-84,-177.821,1,2.73,-125.247,1,0
2026-02-21T21:12:25.000Z,1771708345.000,32.627906446,-117.200330064,5.838,234.369,252.699,-21.514,5.446,-85,-179.808,1,2.707,-127.32,1,0
2026-02-21T21:12:26.000Z,1771708346.000,32.627892924,-117.200358279,5.569,242.453,253.289,-13.679,3.353,-86,-181.979,1,3.244,-129.7,1,0
2026-02-21T21:12:27.000Z,1771708347.000,32.627881328,-117.200386943,5.7,242.214,252.004,-8.851,7.467,-87,-184.163,1,3.295,-132.014,1,0
2026-02-21T21:12:28.000Z,1771708348.000,32.62786908,-117.200413898,5.658,240.428,247.092,-9.505,1.915,-88,-185.995,1,3.119,-134.541,1,0
2026-02-21T21:12:29.000Z,1771708349.000,32.627855784,-117.200438664,5.654,237.63,248.881,-12.274,1.36,-89,-187.922,1,2.877,-136.704,1,0
2026-02-21T21:12:30.000Z,1771708350.000,32.627841441,-117.200463244,5.575,231.802,246.677,-12.88,9.45,-90,-189.602,1,2.328,-139.196,1,0
2026-02-21T21:12:31.000Z,1771708351.000,32.627827095,-117.200489363,5.553,237.113,247.532,-13.937,1.387,-91,-191.574,1,2.77,-141.571,1,0
2026-02-21T21:12:32.000Z,1771708352.000,32.627813686,-117.200517452,5.947,243.28,251.784,-14.314,2.747,-92,-193.911,1,3.497,-143.719,1,0
2026-02-21T21:12:33.000Z,1771708353.000,32.627800636,-117.200547775,6.277,245.952,254.423,-15.784,0.538,-93,-196.372,1,3.917,-145.998,1,0
2026-02-21T21:12:34.000Z,1771708354.000,32.627790146,-117.200577399,5.778,246.99,255.327,-9.587,3.089,-94,-198.77,1,3.682,-148.096,1,0
2026-02-21T21:12:35.000Z,1771708355.000,32.627779874,-117.200605219,5.628,242.429,252.501,-5.648,0.803,-95,-200.853,1,3.224,-150.342,1,0
2026-02-21T21:12:36.000Z,1771708356.000,32.627768018,-117.200632744,5.785,242.538,252.762,-9.137,2.065,-96,-202.995,1,3.317,-152.545,1,0
2026-02-21T21:12:37.000Z,1771708357.000,32.627755535,-117.20066288,6.1,242.48,254.353,-15.513,2.857,-97,-205.41,1,3.487,-154.824,1,0
2026-02-21T21:12:38.000Z,1771708358.000,32.62774478,-117.200691891,5.935,247.235,256.407,-16.163,1.977,-98,-207.79,1,3.779,-156.852,1,0
2026-02-21T21:12:39.000Z,1771708359.000,32.627734813,-117.200719069,5.269,243.684,254.228,-12.706,4.724,-99,-209.856,1,3.092,-159.005,1,0
2026-02-21T21:12:40.000Z,1771708360.000,32.627724703,-117.200746459,5.347,250.752,254.666,-13.629,-0.732,-100,-212.043,1,3.642,-161.012,1,0
2026-02-21T21:12:41.000Z,1771708361.000,32.62771444,-117.200772468,5.525,239.789,255.868,-20.709,1.265,-101,-214.132,1,2.92,-162.935,1,0
2026-02-21T21:12:42.000Z,1771708362.000,32.627702955,-117.200799251,5.373,243.812,256.353,-19.117,3.43,-102,-216.226,1,3.148,-165.058,1,0
2026-02-21T21:12:43.000Z,1771708363.000,32.627691977,-117.200827561,5.869,245.59,256.827,-16.34,2.574,-103,-218.473,1,3.578,-167.186,1,0
2026-02-21T21:12:44.000Z,1771708364.000,32.627680641,-117.200857663,6.053,246.595,257.501,-15.373,2.223,-104,-220.877,1,3.768,-169.401,1,0
2026-02-21T21:12:45.000Z,1771708365.000,32.627669191,-117.200886389,6,240.861,255.777,-18.343,2.026,-105,-223.059,1,3.241,-171.735,1,0
2026-02-21T21:12:46.000Z,1771708366.000,32.627658261,-117.200916048,5.869,248.138,259.856,-20.676,2.82,-106,-225.563,1,3.765,-173.667,1,0
2026-02-21T21:12:47.000Z,1771708367.000,32.627652748,-117.200946684,6.2,260.486,268.65,-14.662,1.383,-107,-228.421,1,4.9,-174.725,1,0
2026-02-21T21:12:48.000Z,1771708368.000,32.627654584,-117.20097563,4.66,282.233,278.767,-5.661,1.716,-108,-231.253,1,4.478,-174.819,1,0
2026-02-21T21:12:49.000Z,1771708369.000,32.627661833,-117.201000348,4.65,290.711,291.677,0.431,4.558,-109,-233.702,1,4.61,-173.944,1,0
2026-02-21T21:12:50.000Z,1771708370.000,32.627671733,-117.201021496,4.105,299.989,305.802,-4.885,3.572,-110,-235.649,1,4.103,-172.566,1,0
2026-02-21T21:12:51.000Z,1771708371.000,32.627687097,-117.201035669,4.366,334.499,317.955,2.321,-0.995,-111,-236.948,1,3.518,-170.58,1,0
2026-02-21T21:12:52.000Z,1771708372.000,32.627704852,-117.201042917,4.074,345.805,333.295,13.232,6.167,-112,-237.329,1,2.742,-167.987,1,0
2026-02-21T21:12:53.000Z,1771708373.000,32.627724642,-117.20105049,4.228,338.224,334.441,16.885,0.381,-113,-238.537,1,3.23,-166.164,1,0
2026-02-21T21:12:54.000Z,1771708374.000,32.627744542,-117.20105845,4.57,338.533,340.474,20.687,6.075,-114,-239.461,1,3.472,-164.071,1,0
2026-02-21T21:12:55.000Z,1771708375.000,32.627764611,-117.201069813,4.536,330.614,332.397,15.626,8.277,-115,-241.597,1,3.818,-162.901,1,0
2026-02-21T21:12:56.000Z,1771708376.000,32.627784177,-117.201084414,4.975,328.162,328.882,16.419,1.725,-116,-243.698,1,4.298,-161.657,1,0
2026-02-21T21:12:57.000Z,1771708377.000,32.62780265,-117.201100434,5,328.185,327.417,14.455,4.837,-117,-245.775,1,4.317,-160.447,1,0
2026-02-21T21:12:58.000Z,1771708378.000,32.62782264,-117.201116669,5.111,326.398,322.698,10.005,4.088,-118,-248.08,1,4.49,-159.317,1,0
2026-02-21T21:12:59.000Z,1771708379.000,32.627843303,-117.201130815,5.3,326.778,325.768,9.348,0.838,-119,-249.816,1,4.637,-157.505,1,0
2026-02-21T21:13:00.000Z,1771708380.000,32.627865225,-117.201145482,5.748,332.439,331.294,15.679,2.018,-120,-251.486,1,4.726,-155.432,1,0
2026-02-21T21:13:01.000Z,1771708381.000,32.627887541,-117.201160791,5.8,338.094,332.437,20.679,8.623,-121,-253.464,1,4.418,-153.636,1,0
2026-02-21T21:13:02.000Z,1771708382.000,32.627911287,-117.20117471,5.434,336.43,330.399,22.724,5.674,-122,-255.549,1,4.236,-151.839,1,0
2026-02-21T21:13:03.000Z,1771708383.000,32.627934309,-117.201191032,6,317.313,329.48,26.097,3.259,-123,-257.757,1,5.649,-150.14,1,0
2026-02-21T21:13:04.000Z,1771708384.000,32.627956445,-117.201208226,6.085,322.576,325.523,25.456,1.758,-124,-260.185,1,5.515,-148.764,1,0
2026-02-21T21:13:05.000Z,1771708385.000,32.627977788,-117.201228534,5.815,319.1,320.228,20.947,0.902,-125,-262.913,1,5.409,-147.692,1,0
2026-02-21T21:13:06.000Z,1771708386.000,32.627998653,-117.201250357,6.176,314.511,319.303,15.188,2.102,-126,-265.548,1,5.906,-146.419,1,0
2026-02-21T21:13:07.000Z,1771708387.000,32.628018364,-117.201271212,5.874,315.346,317.729,11.026,4.072,-127,-268.086,1,5.591,-145.278,1,0
2026-02-21T21:13:08.000Z,1771708388.000,32.628039619,-117.201289844,6.31,328.25,323.729,20.422,-1.372,-128,-270.119,1,5.419,-143.352,1,0
2026-02-21T21:13:09.000Z,1771708389.000,32.62805956,-117.201311529,5.589,316.975,322.166,17.146,4.612,-129,-272.747,1,5.266,-142.212,1,0
2026-02-21T21:13:10.000Z,1771708390.000,32.628078411,-117.201334309,5.76,316.592,317.473,18.175,4.82,-130,-275.58,1,5.44,-141.452,1,0
2026-02-21T21:13:11.000Z,1771708391.000,32.628096219,-117.20135723,5.7,314.906,314.7,17.7,2.04,-131,-278.293,1,5.435,-140.673,1,0
2026-02-21T21:13:12.000Z,1771708392.000,32.628113634,-117.201377474,4.945,321.161,315.127,12.984,3.864,-132,-280.62,1,4.524,-139.597,1,0
2026-02-21T21:13:13.000Z,1771708393.000,32.628132463,-117.201396528,5.135,325.179,319.881,13.03,6.537,-133,-282.697,1,4.539,-138.014,1,0
2026-02-21T21:13:14.000Z,1771708394.000,32.62815308,-117.201415106,5.45,325.213,320.073,17.079,3.937,-134,-284.978,1,4.814,-136.568,1,0
2026-02-21T21:13:15.000Z,1771708395.000,32.628172745,-117.201434316,5.685,318.229,321.159,18.105,0.103,-135,-287.246,1,5.307,-135.178,1,0
2026-02-21T21:13:16.000Z,1771708396.000,32.628191388,-117.201454633,5.567,318.117,319.554,14.637,-0.03,-136,-289.711,1,5.2,-134.126,1,0
2026-02-21T21:13:17.000Z,1771708397.000,32.628211131,-117.20147274,5.563,323.754,322.362,17.71,4.228,-137,-291.796,1,4.974,-132.568,1,0
2026-02-21T21:13:18.000Z,1771708398.000,32.628231089,-117.201490983,5.5,321.395,318.17,13.81,3.797,-138,-294.236,1,5.014,-131.489,1,0
2026-02-21T21:13:19.000Z,1771708399.000,32.62825106,-117.201509581,5.315,323.621,315.703,10.085,1.321,-139,-296.605,1,4.755,-130.309,1,0
2026-02-21T21:13:20.000Z,1771708400.000,32.628273153,-117.201525625,6.084,323.357,331.698,21.187,-1.831,-140,-297.918,1,5.452,-127.52,1,0
2026-02-21T21:13:21.000Z,1771708401.000,32.628292209,-117.201544597,5.55,326.973,325.669,18.766,4.461,-141,-300.534,1,4.807,-126.656,1,0
2026-02-21T21:13:22.000Z,1771708402.000,32.628311529,-117.201563925,5.075,316.119,318.095,17.72,3.322,-142,-303.217,1,4.794,-125.922,1,0
2026-02-21T21:13:23.000Z,1771708403.000,32.628332009,-117.201584344,5.979,313.719,321.63,19.509,-1.262,-143,-305.508,1,5.723,-124.315,1,0
2026-02-21T21:13:24.000Z,1771708404.000,32.628351057,-117.201605427,5.876,315.829,321.73,16.615,5.312,-144,-307.972,1,5.558,-123.128,1,0
2026-02-21T21:13:25.000Z,1771708405.000,32.628369973,-117.20162693,5.726,312.978,316.511,12.674,5.232,-145,-310.712,1,5.501,-122.355,1,0
2026-02-21T21:13:26.000Z,1771708406.000,32.628389677,-117.201644836,5.346,322.559,317.493,15.813,4.704,-146,-312.873,1,4.816,-120.918,1,0
2026-02-21T21:13:27.000Z,1771708407.000,32.628409256,-117.201662523,4.956,322.814,317.593,21.02,2.447,-147,-315.048,1,4.454,-119.552,1,0
2026-02-21T21:13:28.000Z,1771708408.000,32.628426567,-117.201683554,5.413,313.861,315.422,14.997,1.991,-148,-317.55,1,5.174,-118.71,1,0
2026-02-21T21:13:29.000Z,1771708409.000,32.628444062,-117.201705886,5.7,311.016,313.377,10.634,1.985,-149,-320.163,1,5.524,-117.89,1,0
2026-02-21T21:13:30.000Z,1771708410.000,32.628463363,-117.201726595,5.8,322.187,316.081,15.326,0.308,-150,-322.504,1,5.236,-116.464,1,0
2026-02-21T21:13:31.000Z,1771708411.000,32.628482695,-117.201745995,5.751,319.373,319.865,16.21,-0.551,-151,-324.667,1,5.305,-114.914,1,0
2026-02-21T21:13:32.000Z,1771708412.000,32.628501093,-117.201767241,5.749,317.653,317.832,12.351,2.556,-152,-327.223,1,5.367,-113.955,1,0
2026-02-21T21:13:33.000Z,1771708413.000,32.628519826,-117.201786952,5.43,323.282,317.19,11.407,3.041,-153,-329.587,1,4.852,-112.804,1,0
2026-02-21T21:13:34.000Z,1771708414.000,32.628539336,-117.201804888,5.1,323.211,320.261,11.918,3.572,-154,-331.649,1,4.558,-111.237,1,0
2026-02-21T21:13:35.000Z,1771708415.000,32.628559202,-117.201818533,5.076,337.031,326.06,19.194,7.174,-155,-333.182,1,3.858,-109.298,1,0
2026-02-21T21:13:36.000Z,1771708416.000,32.628578076,-117.201834325,4.759,320.059,322.455,17.397,4.521,-156,-335.356,1,4.362,-108.189,1,0
2026-02-21T21:13:37.000Z,1771708417.000,32.628597083,-117.201853161,5.346,316.81,321.243,21.927,0.158,-157,-337.678,1,5.011,-107.018,1,0
2026-02-21T21:13:38.000Z,1771708418.000,32.628614892,-117.201874661,5.451,314.719,318.885,17.851,1.784,-158,-340.26,1,5.175,-106.148,1,0
2026-02-21T21:13:39.000Z,1771708419.000,32.628631697,-117.201897952,5.625,313.454,312.012,10.767,5.169,-159,-343.14,1,5.378,-105.793,1,0
2026-02-21T21:13:40.000Z,1771708420.000,32.628650294,-117.201917801,5.408,326.241,315.009,14.004,2.311,-160,-345.371,1,4.689,-104.386,1,0
2026-02-21T21:13:41.000Z,1771708421.000,32.628670702,-117.201934258,4.933,327.034,324.021,21.975,1.849,-161,-347.056,1,4.24,-102.243,1,0
2026-02-21T21:13:42.000Z,1771708422.000,32.628688795,-117.201952483,5.212,320.9,320.753,17.712,3.688,-162,-349.399,1,4.738,-101.287,1,0
2026-02-21T21:13:43.000Z,1771708423.000,32.628708016,-117.201969823,5.2,319.615,319.692,18.076,1.561,-163,-351.585,1,4.773,-100.029,1,0
2026-02-21T21:13:44.000Z,1771708424.000,32.628727425,-117.201988455,5.785,328.536,320.025,15.717,1.501,-164,-353.829,1,4.888,-98.698,1,0
2026-02-21T21:13:45.000Z,1771708425.000,32.628748005,-117.202008285,6.02,320.366,321.048,16.095,1.235,-165,-356.184,1,5.491,-97.241,1,0
2026-02-21T21:13:46.000Z,1771708426.000,32.628769239,-117.202026311,5.763,325.563,322.731,17.736,2.334,-166,-358.362,1,5.018,-95.606,1,0
2026-02-21T21:13:47.000Z,1771708427.000,32.628789998,-117.202044913,5.6,318.999,322.531,17.203,1.825,-167,-360.669,1,5.157,-94.173,1,0
2026-02-21T21:13:48.000Z,1771708428.000,32.628810511,-117.202066247,6.025,317.887,322.414,15.705,2.703,-168,-363.211,1,5.592,-92.86,1,0
2026-02-21T21:13:49.000Z,1771708429.000,32.628831159,-117.202086932,5.737,322.48,319.66,11.064,6.314,-169,-365.823,1,5.134,-91.698,1,0
2026-02-21T21:13:50.000Z,1771708430.000,32.628853286,-117.202104569,5.887,327.324,322.424,15.406,0.241,-170,-367.942,1,5.026,-89.88,1,0
2026-02-21T21:13:51.000Z,1771708431.000,32.628875972,-117.202120236,5.993,330.137,327.62,18.814,0.387,-171,-369.765,1,4.953,-87.771,1,0
2026-02-21T21:13:52.000Z,1771708432.000,32.628898673,-117.202137244,5.933,329.244,327.766,19.181,2.062,-172,-371.968,1,4.951,-86.058,1,0
2026-02-21T21:13:53.000Z,1771708433.000,32.628920729,-117.202154099,5.951,325.337,327.284,16.782,5.506,-173,-374.171,1,5.176,-84.448,1,0
2026-02-21T21:13:54.000Z,1771708434.000,32.628942588,-117.202171999,5.66,324.143,321.731,12.903,2.38,-174,-376.721,1,4.979,-83.247,1,0
2026-02-21T21:13:55.000Z,1771708435.000,32.62896487,-117.202189653,5.8,327.582,328.398,17.496,-1.735,-175,-378.632,1,4.923,-81.154,1,0
2026-02-21T21:13:56.000Z,1771708436.000,32.628985417,-117.202206725,5.488,328.346,328.455,10.658,13.323,-176,-380.779,1,4.617,-79.671,1,0
2026-02-21T21:13:57.000Z,1771708437.000,32.629006758,-117.202222745,5.813,327.61,326.12,14.56,7.966,-177,-382.992,1,4.928,-78.223,1,0
2026-02-21T21:13:58.000Z,1771708438.000,32.629028184,-117.202238413,5.615,326.031,331.227,23.45,1.43,-178,-384.761,1,4.837,-76.266,1,0
2026-02-21T21:13:59.000Z,1771708439.000,32.629048973,-117.202256825,5.567,323.237,326.863,19.643,4.526,-179,-387.286,1,4.927,-75.095,1,0
2026-02-21T21:14:00.000Z,1771708440.000,32.62906993,-117.20227466,5.436,322.035,325.74,18.997,5.31,-180,-389.579,1,4.861,-73.677,1,0
2026-02-21T21:14:01.000Z,1771708441.000,32.629091811,-117.202293564,5.866,318.361,322.62,26.435,3.382,-181,-392.093,1,5.401,-72.344,1,0
2026-02-21T21:14:02.000Z,1771708442.000,32.629105947,-117.202319406,5.451,291.31,306.583,15.098,0.397,-182,-395.457,1,5.437,-73.049,1,0
2026-02-21T21:14:03.000Z,1771708443.000,32.629109896,-117.202349286,4.739,270.961,281.896,-7.232,0.507,-183,-398.579,1,4.311,-75.716,1,0
2026-02-21T21:14:04.000Z,1771708444.000,32.629110024,-117.202372959,4.312,264.955,263.407,0.217,1.681,-184,-400.391,1,3.71,-77.967,1,0
2026-02-21T21:14:05.000Z,1771708445.000,32.629104048,-117.202395085,4.2,246.524,252.559,-2.864,-0.43,-185,-401.808,1,2.748,-80.109,1,0
2026-02-21T21:14:06.000Z,1771708446.000,32.629093978,-117.202417391,4.847,239.711,253.518,-14.089,3.149,-186,-403.563,1,2.709,-81.896,1,0
2026-02-21T21:14:07.000Z,1771708447.000,32.629082502,-117.202439645,4.8,239.024,258.199,-22.923,2.71,-187,-405.414,1,2.631,-83.579,1,0
2026-02-21T21:14:08.000Z,1771708448.000,32.62907251,-117.202464083,4.939,243.618,257.812,-18.767,8.652,-188,-407.309,1,3.025,-85.522,1,0
2026-02-21T21:14:09.000Z,1771708449.000,32.629062526,-117.202490007,5.645,247.942,259.982,-25.186,1.575,-189,-409.429,1,3.778,-87.345,1,0
2026-02-21T21:14:10.000Z,1771708450.000,32.629053474,-117.202517504,5.6,248.676,265.486,-27.652,-0.278,-190,-411.813,1,3.797,-88.89,1,0
2026-02-21T21:14:11.000Z,1771708451.000,32.629046997,-117.202547177,5.812,254.952,266.904,-15.735,8.272,-191,-414.334,1,4.381,-90.534,1,0
2026-02-21T21:14:12.000Z,1771708452.000,32.629040336,-117.202576924,5.455,254.432,262.149,-12.777,5.058,-192,-416.682,1,4.074,-92.642,1,0
2026-02-21T21:14:13.000Z,1771708453.000,32.629031209,-117.202607062,5.878,248.744,260.976,-17.67,0.956,-193,-419.09,1,3.975,-94.758,1,0
2026-02-21T21:14:14.000Z,1771708454.000,32.629022247,-117.202637054,6.503,248.47,263.083,-21.518,2.391,-194,-421.597,1,4.369,-96.624,1,0
2026-02-21T21:14:15.000Z,1771708455.000,32.629014034,-117.202667981,5.826,253.335,261.73,-17.364,3.956,-195,-424.099,1,4.261,-98.689,1,0
2026-02-21T21:14:16.000Z,1771708456.000,32.629005763,-117.202698155,6.223,249.925,259.027,-16.04,1.459,-196,-426.481,1,4.284,-100.822,1,0
2026-02-21T21:14:17.000Z,1771708457.000,32.628996044,-117.202729265,6.377,246.949,258.944,-20.262,-0.199,-197,-428.996,1,4.138,-102.959,1,0
2026-02-21T21:14:18.000Z,1771708458.000,32.628985411,-117.202759831,6.2,246.568,259.327,-21.886,3.194,-198,-431.45,1,3.985,-105.138,1,0
2026-02-21T21:14:19.000Z,1771708459.000,32.628975196,-117.202791664,6.455,250.456,261.865,-26.268,0.1,-199,-434.104,1,4.468,-107.172,1,0
2026-02-21T21:14:20.000Z,1771708460.000,32.628966163,-117.202825069,6.67,253.338,263.495,-24.744,2.366,-200,-436.9,1,4.847,-109.203,1,0
2026-02-21T21:14:21.000Z,1771708461.000,32.628958873,-117.202859353,6.323,255.965,262.854,-20.575,2.684,-201,-439.756,1,4.784,-111.247,1,0
2026-02-21T21:14:22.000Z,1771708462.000,32.628951928,-117.202890778,6.61,250.008,260.438,-18.123,-1.701,-202,-442.305,1,4.519,-113.273,1,0
2026-02-21T21:14:23.000Z,1771708463.000,32.628942368,-117.202919855,6.295,246.826,262.262,-23.028,2.363,-203,-444.701,1,4.036,-115.185,1,0
2026-02-21T21:14:24.000Z,1771708464.000,32.628932543,-117.202952604,6.067,251.923,260.142,-18.56,0.861,-204,-447.295,1,4.282,-117.535,1,0
2026-02-21T21:14:25.000Z,1771708465.000,32.628920995,-117.202984149,7.001,245.274,259.501,-24.099,1.66,-205,-449.774,1,4.325,-119.913,1,0
2026-02-21T21:14:26.000Z,1771708466.000,32.628910092,-117.203015564,6.4,247.006,261.807,-30.182,0.83,-206,-452.361,1,4.097,-122.018,1,0
2026-02-21T21:14:27.000Z,1771708467.000,32.628900615,-117.203049392,6.485,250.017,264.718,-29.002,1.963,-207,-455.22,1,4.401,-124.018,1,0
2026-02-21T21:14:28.000Z,1771708468.000,32.628892176,-117.203083208,6.323,252.423,265.339,-25.614,2.478,-208,-458.038,1,4.477,-126.073,1,0
2026-02-21T21:14:29.000Z,1771708469.000,32.628885083,-117.203116649,6.989,255.972,266.662,-24.417,1.973,-209,-460.879,1,5.238,-127.925,1,0
2026-02-21T21:14:30.000Z,1771708470.000,32.628880232,-117.203150248,6.415,259.438,266.458,-20.608,2.061,-210,-463.761,1,5.051,-129.663,1,0
2026-02-21T21:14:31.000Z,1771708471.000,32.628874276,-117.203184217,6.457,255.622,266.721,-19.37,1.497,-211,-466.655,1,4.803,-131.494,1,0
2026-02-21T21:14:32.000Z,1771708472.000,32.628868059,-117.203217966,6.724,257.928,266.743,-17.938,2.489,-212,-469.514,1,5.173,-133.362,1,0
2026-02-21T21:14:33.000Z,1771708473.000,32.628862117,-117.203253255,6.996,258.051,266.601,-17.896,2.391,-213,-472.518,1,5.386,-135.269,1,0
2026-02-21T21:14:34.000Z,1771708474.000,32.628856049,-117.203287792,6.248,259.758,265.425,-18.698,2.606,-214,-475.421,1,4.922,-137.236,1,0
2026-02-21T21:14:35.000Z,1771708475.000,32.628850431,-117.203321704,6.049,257.841,264.815,-18.485,2.868,-215,-478.295,1,4.632,-139.094,1,0
2026-02-21T21:14:36.000Z,1771708476.000,32.628845942,-117.203354234,6.187,260.611,267.865,-19.015,2.105,-216,-481.178,1,4.921,-140.52,1,0
2026-02-21T21:14:37.000Z,1771708477.000,32.628842422,-117.203385627,5.7,263.252,270.389,-15.252,2.837,-217,-483.963,1,4.685,-141.839,1,0
2026-02-21T21:14:38.000Z,1771708478.000,32.628839422,-117.203418459,5.695,265.617,269.653,-11.018,1.447,-218,-486.82,1,4.808,-143.4,1,0
2026-02-21T21:14:39.000Z,1771708479.000,32.628834243,-117.203452271,6.225,255.62,265.235,-7.609,6.872,-219,-489.605,1,4.589,-145.489,1,0
2026-02-21T21:14:40.000Z,1771708480.000,32.628826832,-117.203484002,6.486,252.06,257.637,-8.11,1.204,-220,-491.992,1,4.493,-147.929,1,0
2026-02-21T21:14:41.000Z,1771708481.000,32.628817229,-117.203513368,6.219,249.612,258.099,-14.873,0.18,-221,-494.375,1,4.106,-149.956,1,0
2026-02-21T21:14:42.000Z,1771708482.000,32.628807282,-117.203542619,6.029,242.456,259.924,-21.618,1.785,-222,-496.783,1,3.379,-151.92,1,0
2026-02-21T21:14:43.000Z,1771708483.000,32.628797463,-117.203572426,6.074,248.626,262.431,-18.667,8.163,-223,-499.264,1,3.919,-153.84,1,0
2026-02-21T21:14:44.000Z,1771708484.000,32.628789289,-117.203603653,5.922,257.316,264.733,-22.205,0.949,-224,-501.908,1,4.456,-155.655,1,0
2026-02-21T21:14:45.000Z,1771708485.000,32.628782258,-117.203636314,6.425,255.325,266.701,-18.013,4.126,-225,-504.699,1,4.678,-157.426,1,0
2026-02-21T21:14:46.000Z,1771708486.000,32.62877492,-117.203669357,6.048,255.925,267.64,-19.784,3.196,-226,-507.485,1,4.442,-159.315,1,0
2026-02-21T21:14:47.000Z,1771708487.000,32.628768904,-117.203702403,6.3,257.06,266.712,-16.056,5.082,-227,-510.264,1,4.705,-161.206,1,0
2026-02-21T21:14:48.000Z,1771708488.000,32.628763857,-117.203735694,6.245,261.653,267.502,-11.419,2.235,-228,-513.137,1,4.977,-162.88,1,0
2026-02-21T21:14:49.000Z,1771708489.000,32.628759455,-117.203769163,6.4,256.121,266.244,-11.929,3.649,-229,-515.993,1,4.699,-164.645,1,0
2026-02-21T21:14:50.000Z,1771708490.000,32.628754132,-117.203800343,5.925,254.927,263.618,-9.325,4.577,-230,-518.572,1,4.259,-166.516,1,0
2026-02-21T21:14:51.000Z,1771708491.000,32.628747335,-117.203829784,5.8,252.816,262.312,-11.287,0.911,-231,-520.985,1,4.013,-168.379,1,0
2026-02-21T21:14:52.000Z,1771708492.000,32.62873821,-117.203858881,5.7,250.181,263.133,-17.705,2.712,-232,-523.363,1,3.745,-170.318,1,0
2026-02-21T21:14:53.000Z,1771708493.000,32.62873016,-117.203890396,5.947,254.106,262.12,-18.051,5.476,-233,-525.935,1,4.199,-172.364,1,0
2026-02-21T21:14:54.000Z,1771708494.000,32.628721218,-117.203922704,7.037,250.063,260.422,-20.194,0.063,-234,-528.525,1,4.596,-174.576,1,0
2026-02-21T21:14:55.000Z,1771708495.000,32.628711856,-117.203954486,6.47,249.832,261.443,-22.441,-0.469,-235,-531.15,1,4.199,-176.626,1,0
2026-02-21T21:14:56.000Z,1771708496.000,32.62870375,-117.203984847,5.379,251.001,263.206,-23.966,4.419,-236,-533.702,1,3.568,-178.441,1,0
2026-02-21T21:14:57.000Z,1771708497.000,32.628695344,-117.204012879,6.003,247.514,260.706,-21.673,4.682,-237,-535.901,1,3.695,-180.499,1,0
2026-02-21T21:14:58.000Z,1771708498.000,32.628686329,-117.204041848,6.087,248.021,260.885,-18.615,3.811,-238,-538.252,1,3.782,-182.468,1,0
2026-02-21T21:14:59.000Z,1771708499.000,32.628676296,-117.204074083,6.221,253.373,261.13,-21.135,2.025,-239,-540.868,1,4.296,-184.655,1,0
2026-02-21T21:15:00.000Z,1771708500.000,32.628666658,-117.204108111,6.442,254.174,262.951,-23.081,-0.325,-240,-543.711,1,4.507,-186.758,1,0
2026-02-21T21:15:01.000Z,1771708501.000,32.628658502,-117.20414095,6.148,254.375,265.886,-20.242,1.885,-241,-546.515,1,4.311,-188.582,1,0
2026-02-21T21:15:02.000Z,1771708502.000,32.628651303,-117.204172364,6.055,252.793,265.24,-18.08,4.765,-242,-549.117,1,4.118,-190.513,1,0
2026-02-21T21:15:03.000Z,1771708503.000,32.628643492,-117.204205715,6.567,254.294,264.268,-17.012,3.53,-243,-551.866,1,4.584,-192.601,1,0
2026-02-21T21:15:04.000Z,1771708504.000,32.628636444,-117.204237928,6.125,254.931,263.284,-15.406,4.246,-244,-554.532,1,4.317,-194.568,1,0
2026-02-21T21:15:05.000Z,1771708505.000,32.628627868,-117.204270162,6.574,252.013,263.976,-21.135,3.187,-245,-557.206,1,4.383,-196.575,1,0
2026-02-21T21:15:06.000Z,1771708506.000,32.628620622,-117.204302331,6.115,254.094,263.792,-22.133,3.597,-246,-559.887,1,4.234,-198.504,1,0
2026-02-21T21:15:07.000Z,1771708507.000,32.628613361,-117.20433447,5.658,259.406,265.313,-23.602,0.706,-247,-562.614,1,4.274,-200.312,1,0
2026-02-21T21:15:08.000Z,1771708508.000,32.62860744,-117.204366509,6.237,260.486,267.452,-19.875,-0.694,-248,-565.384,1,4.782,-201.933,1,0
2026-02-21T21:15:09.000Z,1771708509.000,32.628601221,-117.204399101,6.626,256.345,267.041,-20.078,0.65,-249,-568.13,1,4.753,-203.79,1,0
2026-02-21T21:15:10.000Z,1771708510.000,32.628593076,-117.20443263,6.3,252.689,265.974,-21.568,6.025,-250,-570.882,1,4.223,-205.925,1,0
2026-02-21T21:15:11.000Z,1771708511.000,32.628585337,-117.204466208,6.576,254.706,266.003,-20.477,4.091,-251,-573.683,1,4.57,-207.942,1,0
2026-02-21T21:15:12.000Z,1771708512.000,32.628578776,-117.20450073,6.6,258.528,266.042,-18.771,1.123,-252,-576.603,1,4.886,-209.872,1,0
2026-02-21T21:15:13.000Z,1771708513.000,32.628573153,-117.204535358,6.785,257.264,265.127,-16.626,0.933,-253,-579.534,1,4.914,-211.778,1,0
2026-02-21T21:15:14.000Z,1771708514.000,32.628566635,-117.204568618,6.012,254.741,262.376,-13.949,0.036,-254,-582.258,1,4.161,-213.854,1,0
2026-02-21T21:15:15.000Z,1771708515.000,32.628558167,-117.20459916,6.062,252.11,261.807,-13.195,-0.136,-255,-584.743,1,3.984,-215.876,1,0
2026-02-21T21:15:16.000Z,1771708516.000,32.628548825,-117.204629745,6.364,249.05,262.604,-16.783,1.728,-256,-587.248,1,3.913,-217.894,1,0
2026-02-21T21:15:17.000Z,1771708517.000,32.628539252,-117.204660043,5.6,246.172,260.773,-15.237,11.187,-257,-589.636,1,3.209,-220.107,1,0
2026-02-21T21:15:18.000Z,1771708518.000,32.628529972,-117.204689758,5.333,254.394,262.788,-22.011,1.244,-258,-592.108,1,3.644,-222.003,1,0
2026-02-21T21:15:19.000Z,1771708519.000,32.628523549,-117.204720014,5.874,257.413,266.441,-18.18,2.5,-259,-594.752,1,4.229,-223.505,1,0
2026-02-21T21:15:20.000Z,1771708520.000,32.628518276,-117.204751724,6.225,256.586,263.712,-13.829,2.239,-260,-597.377,1,4.413,-225.398,1,0
2026-02-21T21:15:21.000Z,1771708521.000,32.628510514,-117.20478366,6.443,251.251,261.86,-18.738,0.199,-261,-599.97,1,4.117,-227.489,1,0
2026-02-21T21:15:22.000Z,1771708522.000,32.628502508,-117.204815016,6.25,254.677,263.916,-20.503,1.451,-262,-602.624,1,4.268,-229.309,1,0
2026-02-21T21:15:23.000Z,1771708523.000,32.628494626,-117.204846731,5.745,252.768,261.368,-17.452,4.862,-263,-605.17,1,3.774,-231.453,1,0
2026-02-21T21:15:24.000Z,1771708524.000,32.628484111,-117.204879584,5.864,251.091,260.649,-19.292,1.016,-264,-607.797,1,3.713,-233.779,1,0
2026-02-21T21:15:25.000Z,1771708525.000,32.628474884,-117.204911053,5.851,252.08,262.688,-19.685,2.192,-265,-610.428,1,3.776,-235.731,1,0
2026-02-21T21:15:26.000Z,1771708526.000,32.628466576,-117.204942084,5.451,253.657,259.123,-15.219,7.821,-266,-612.859,1,3.624,-237.96,1,0
2026-02-21T21:15:27.000Z,1771708527.000,32.62845604,-117.204972296,5.775,246.634,257.168,-17.218,3.396,-267,-615.196,1,3.275,-240.271,1,0
2026-02-21T21:15:28.000Z,1771708528.000,32.62844413,-117.205002333,5.988,247.329,261.44,-25.917,-0.453,-268,-617.706,1,3.448,-242.3,1,0
2026-02-21T21:15:29.000Z,1771708529.000,32.628434588,-117.205033891,6.263,250.055,261.534,-23.223,3.476,-269,-620.272,1,3.837,-244.423,1,0
2026-02-21T21:15:30.000Z,1771708530.000,32.628424463,-117.205066264,6.671,246.979,262.257,-25.344,0.064,-270,-622.914,1,3.789,-246.591,1,0
2026-02-21T21:15:31.000Z,1771708531.000,32.628415139,-117.205099607,6.258,253.428,264.627,-23.162,5.227,-271,-625.717,1,4.103,-248.596,1,0
2026-02-21T21:15:32.000Z,1771708532.000,32.628407141,-117.205133586,6.419,255.69,262.451,-22.211,2.888,-272,-628.478,1,4.389,-250.809,1,0
2026-02-21T21:15:33.000Z,1771708533.000,32.628398499,-117.205166222,6.675,250.2,263.33,-26.904,2.42,-273,-631.192,1,4.068,-252.824,1,0
2026-02-21T21:15:34.000Z,1771708534.000,32.628391774,-117.205198756,6.3,258.059,265.129,-20.872,1.437,-274,-633.98,1,4.48,-254.573,1,0
2026-02-21T21:15:35.000Z,1771708535.000,32.628385919,-117.205231845,6.068,258.657,265.511,-16.427,2.939,-275,-636.802,1,4.353,-256.353,1,0
2026-02-21T21:15:36.000Z,1771708536.000,32.628379029,-117.205264342,5.925,256.335,266.481,-16.54,1.359,-276,-639.554,1,4.074,-258.175,1,0
2026-02-21T21:15:37.000Z,1771708537.000,32.628373417,-117.205297141,6.115,260.56,267.456,-12.856,1.178,-277,-642.372,1,4.514,-259.876,1,0
2026-02-21T21:15:38.000Z,1771708538.000,32.628367249,-117.20533139,6.678,254.803,264.049,-9.51,3.063,-278,-645.184,1,4.444,-262.004,1,0
2026-02-21T21:15:39.000Z,1771708539.000,32.628359848,-117.205363377,5.924,255.155,262.276,-13.354,0.849,-279,-647.794,1,3.963,-264.055,1,0
2026-02-21T21:15:40.000Z,1771708540.000,32.628352434,-117.205393611,5.713,253.54,258.071,-9.795,2.35,-280,-650.155,1,3.693,-266.204,1,0
2026-02-21T21:15:41.000Z,1771708541.000,32.62834152,-117.20542288,5.945,244.515,253.471,-13.273,1.032,-281,-652.284,1,3.074,-268.688,1,0
2026-02-21T21:15:42.000Z,1771708542.000,32.628328261,-117.205452628,6.455,242.118,258,-23.126,-2.891,-282,-654.756,1,3.094,-270.839,1,0
2026-02-21T21:15:43.000Z,1771708543.000,32.628317636,-117.205483517,6.388,248.675,264.055,-26.129,1.143,-283,-657.427,1,3.674,-272.637,1,0
2026-02-21T21:15:44.000Z,1771708544.000,32.628309423,-117.205513418,5.378,249.177,262.749,-19.561,6.039,-284,-659.842,1,3.125,-274.663,2,0.045
2026-02-21T21:15:45.000Z,1771708545.000,32.628300201,-117.205543498,5.721,246.579,256.749,-17.833,2.599,-285,-662.07,1,3.101,-277.113,2,0.489
2026-02-21T21:15:46.000Z,1771708546.000,32.628291274,-117.20557229,5.336,255.793,259.428,-17.121,0.537,-286,-664.502,1,3.567,-278.9,2,0.528
2026-02-21T21:15:47.000Z,1771708547.000,32.628282371,-117.205601241,5.795,246.493,257.32,-18.541,-1.052,-287,-666.771,1,3.118,-281.01,2,1.066
2026-02-21T21:15:48.000Z,1771708548.000,32.628270354,-117.205628066,5.441,242.164,256.256,-23.8,1.01,-288,-668.789,1,2.565,-283.288,2,1.687
2026-02-21T21:15:49.000Z,1771708549.000,32.62825732,-117.205658729,6.034,243.872,257.413,-22.172,2.807,-289,-671.214,1,2.992,-285.667,2,1.776
2026-02-21T21:15:50.000Z,1771708550.000,32.628245346,-117.205690305,6.7,242.443,253.764,-19.76,3.772,-290,-673.558,1,3.164,-288.282,2,2.207
2026-02-21T21:15:51.000Z,1771708551.000,32.628233015,-117.205720712,6.03,246.483,254.944,-21.311,2.172,-291,-675.984,1,3.206,-290.58,2,2.441
2026-02-21T21:15:52.000Z,1771708552.000,32.628220572,-117.205751507,6.178,241.239,251.927,-15.265,8.884,-292,-678.261,1,2.782,-293.167,2,2.621
2026-02-21T21:15:53.000Z,1771708553.000,32.628207238,-117.205780194,5.473,241.094,250.268,-17.382,1.36,-293,-680.374,1,2.442,-295.679,2,3.183
2026-02-21T21:15:54.000Z,1771708554.000,32.628194463,-117.205808352,6.111,242.452,251.163,-20.878,0.049,-294,-682.576,1,2.846,-297.962,2,3.868
2026-02-21T21:15:55.000Z,1771708555.000,32.628180539,-117.205837033,5.915,246.089,253.071,-22.698,0.399,-295,-684.834,1,3.072,-300.318,2,4.074
2026-02-21T21:15:56.000Z,1771708556.000,32.628166636,-117.205865144,5.823,235.645,252.941,-25.76,3.755,-296,-686.95,1,2.062,-302.776,2,4.551
2026-02-21T21:15:57.000Z,1771708557.000,32.62815458,-117.20589406,6.062,245.634,257.062,-24.569,0.913,-297,-689.37,1,3.089,-304.803,2,4.518
2026-02-21T21:15:58.000Z,1771708558.000,32.628142871,-117.205924587,6.215,249.975,259.763,-26.627,1.965,-298,-691.875,1,3.553,-306.936,2,4.305
2026-02-21T21:15:59.000Z,1771708559.000,32.628132143,-117.205957295,6.589,245.764,259.767,-18.829,5.212,-299,-694.507,1,3.349,-309.229,2,4.103
2026-02-21T21:16:00.000Z,1771708560.000,32.628121042,-117.205989985,6.424,248.2,258.284,-22.085,2.087,-300,-697.071,1,3.487,-311.659,2,4.292
2026-02-21T21:16:01.000Z,1771708561.000,32.628111,-117.206022975,6.153,247.154,256.877,-15.042,4.042,-301,-699.694,1,3.235,-313.984,2,4.377
2026-02-21T21:16:02.000Z,1771708562.000,32.628098633,-117.206052967,5.915,244.54,252.864,-15.337,6.637,-302,-701.866,1,2.867,-316.602,2,4.874
2026-02-21T21:16:03.000Z,1771708563.000,32.628085083,-117.206084136,6.411,242.965,254.967,-20.752,0.366,-303,-704.364,1,2.941,-318.995,2,4.71
2026-02-21T21:16:04.000Z,1771708564.000,32.628072732,-117.206114829,6.723,242.418,255.292,-22.774,3.229,-304,-706.778,1,3.015,-321.36,2,4.785
2026-02-21T21:16:05.000Z,1771708565.000,32.628059424,-117.206143933,6.285,238.471,256.638,-27.339,2.258,-305,-709.06,1,2.414,-323.697,2,4.558
2026-02-21T21:16:06.000Z,1771708566.000,32.628048368,-117.206175016,5.543,251.128,259.399,-20.863,6.327,-306,-711.639,1,3.191,-325.781,2,4.165
2026-02-21T21:16:07.000Z,1771708567.000,32.628038626,-117.206207329,6.612,253.232,258.2,-19.595,-0.54,-307,-714.22,1,3.992,-328.039,2,3.935
2026-02-21T21:16:08.000Z,1771708568.000,32.628028538,-117.206238241,6.296,244.847,257.028,-18.515,-0.552,-308,-716.664,1,3.019,-330.278,2,4.056
2026-02-21T21:16:09.000Z,1771708569.000,32.628017035,-117.206268329,6.455,243.608,256.629,-22.574,1.462,-309,-719.019,1,2.961,-332.58,2,4.576
2026-02-21T21:16:10.000Z,1771708570.000,32.628005925,-117.206301248,6.234,247.718,257.206,-19.536,3.852,-310,-721.682,1,3.239,-334.883,2,4.672
2026-02-21T21:16:11.000Z,1771708571.000,32.627994145,-117.206333642,6.263,246.562,254.699,-16.95,2.385,-311,-724.152,1,3.134,-337.433,2,5.149
2026-02-21T21:16:12.000Z,1771708572.000,32.627981109,-117.206365025,6.43,242.752,252.412,-19.558,1.126,-312,-726.497,1,2.828,-340.058,2,5.481
2026-02-21T21:16:13.000Z,1771708573.000,32.627967907,-117.2063956,5.978,241.335,253.725,-22.557,2.497,-313,-728.92,1,2.485,-342.445,2,5.268
2026-02-21T21:16:14.000Z,1771708574.000,32.627956002,-117.206425398,6.012,247.622,256.079,-24.591,3.294,-314,-731.35,1,3.074,-344.601,2,5.089
2026-02-21T21:16:15.000Z,1771708575.000,32.627944621,-117.206455626,6.16,249.805,259.402,-23.104,2.256,-315,-733.864,1,3.34,-346.65,2,4.918
2026-02-21T21:16:16.000Z,1771708576.000,32.627934732,-117.206488498,6.485,249.081,258.681,-20.645,2.796,-316,-736.509,1,3.436,-348.911,2,5.056
2026-02-21T21:16:17.000Z,1771708577.000,32.627923913,-117.206522192,6.743,249.138,258.833,-21.835,0.962,-317,-739.232,1,3.567,-351.239,2,5.272
2026-02-21T21:16:18.000Z,1771708578.000,32.627913196,-117.206553859,6.376,246.859,258.951,-24.988,2.266,-318,-741.773,1,3.144,-353.485,2,5.641
2026-02-21T21:16:19.000Z,1771708579.000,32.627902648,-117.206584654,5.845,246.439,257.309,-22.648,6.222,-319,-744.176,1,2.835,-355.798,2,6.026
2026-02-21T21:16:20.000Z,1771708580.000,32.627891322,-117.206616102,5.364,249.283,257.252,-22.538,3.079,-320,-746.674,1,2.822,-358.11,2,6.391
2026-02-21T21:16:21.000Z,1771708581.000,32.62788093,-117.206646892,6.452,245.137,255.036,-17.168,3.503,-321,-749.053,1,2.978,-360.442,2,6.392
2026-02-21T21:16:22.000Z,1771708582.000,32.627867989,-117.206677946,6.633,244.165,257.598,-26.028,-1.029,-322,-751.572,1,2.95,-362.735,2,6.136
2026-02-21T21:16:23.000Z,1771708583.000,32.627855819,-117.206710156,6.781,247.696,259.817,-23.869,1.275,-323,-754.196,1,3.373,-365.008,2,5.955
2026-02-21T21:16:24.000Z,1771708584.000,32.627843728,-117.206742408,5.958,246.073,257.659,-23.574,3.058,-324,-756.666,1,2.804,-367.568,2,6.278
2026-02-21T21:16:25.000Z,1771708585.000,32.627832573,-117.20677413,6.287,248.678,259.231,-23.754,0.577,-325,-759.254,1,3.198,-369.764,2,6.494
2026-02-21T21:16:26.000Z,1771708586.000,32.627821576,-117.206806806,6.385,246.912,257.601,-22.065,1.575,-326,-761.814,1,3.065,-372.192,2,6.504
2026-02-21T21:16:27.000Z,1771708587.000,32.627809071,-117.206839706,6.243,245.132,256.558,-23.181,4.404,-327,-764.369,1,2.813,-374.742,2,6.853
2026-02-21T21:16:28.000Z,1771708588.000,32.627795926,-117.20687122,6.751,244.166,256.369,-27.332,0.379,-328,-766.813,1,2.928,-377.251,2,6.827
2026-02-21T21:16:29.000Z,1771708589.000,32.627784361,-117.206904096,6.908,247.189,257.883,-19.976,3.484,-329,-769.493,1,3.307,-379.536,2,6.633
2026-02-21T21:16:30.000Z,1771708590.000,32.627772479,-117.206936342,6.559,245.846,256.437,-23.331,-0.385,-330,-771.993,1,2.992,-382.025,2,6.525
2026-02-21T21:16:31.000Z,1771708591.000,32.627760153,-117.206968527,6.43,241.044,255.919,-21.492,7.565,-331,-774.508,1,2.431,-384.496,2,6.616
2026-02-21T21:16:32.000Z,1771708592.000,32.627746944,-117.206998673,5.813,243.226,253.653,-22.744,2.832,-332,-776.74,1,2.39,-387.094,2,7.255
2026-02-21T21:16:33.000Z,1771708593.000,32.627734095,-117.20702954,6.355,244.193,256.677,-24.88,2.044,-333,-779.267,1,2.699,-389.343,2,7.462
2026-02-21T21:16:34.000Z,1771708594.000,32.627722054,-117.207062952,6.589,248.401,257.597,-20.842,4.129,-334,-781.958,1,3.216,-391.735,2,7.489
2026-02-21T21:16:35.000Z,1771708595.000,32.627709438,-117.207095565,6.512,244.889,257.33,-22.157,4.995,-335,-784.514,1,2.812,-394.235,2,7.292
2026-02-21T21:16:36.000Z,1771708596.000,32.62769776,-117.207129273,6.674,250.34,259.344,-24.742,1.536,-336,-787.282,1,3.429,-396.527,2,7.028
2026-02-21T21:16:37.000Z,1771708597.000,32.627687791,-117.207162392,6.46,249.388,261.406,-25.505,2.226,-337,-790.044,1,3.215,-398.616,2,6.69
2026-02-21T21:16:38.000Z,1771708598.000,32.627678465,-117.207194369,5.988,249.3,260.173,-20.376,6.853,-338,-792.608,1,2.962,-400.823,2,6.617
2026-02-21T21:16:39.000Z,1771708599.000,32.627669004,-117.207226459,6.575,251.41,262.716,-22.426,2.516,-339,-795.306,1,3.45,-402.788,2,6.421
2026-02-21T21:16:40.000Z,1771708600.000,32.627661479,-117.20725908,6.215,255.056,263.345,-23.341,3.316,-340,-798.045,1,3.581,-404.705,2,6.081
2026-02-21T21:16:41.000Z,1771708601.000,32.627652377,-117.207293401,6.2,254.813,263.501,-25.537,3.061,-341,-800.874,1,3.541,-406.879,2,5.865
2026-02-21T21:16:42.000Z,1771708602.000,32.627644631,-117.207325329,6.076,250.758,261.177,-14.781,6.766,-342,-803.45,1,3.099,-409.001,2,6.31
2026-02-21T21:16:43.000Z,1771708603.000,32.627634407,-117.207356654,6.179,249.793,261.915,-22.98,1.598,-343,-805.996,1,3.051,-411.14,2,6.866
2026-02-21T21:16:44.000Z,1771708604.000,32.627626041,-117.207389711,6.345,254.085,263.177,-16.924,3.648,-344,-808.769,1,3.527,-413.116,2,7.081
2026-02-21T21:16:45.000Z,1771708605.000,32.6276169,-117.207425369,6.434,251.473,259.609,-14.392,3.551,-345,-811.595,1,3.316,-415.6,2,7.204
2026-02-21T21:16:46.000Z,1771708606.000,32.627607109,-117.207458813,6.412,249.122,256.022,-13.76,1.686,-346,-814.184,1,3.065,-418.061,2,7.059
2026-02-21T21:16:47.000Z,1771708607.000,32.627595794,-117.207489013,6.145,243.515,256.247,-21.061,3.125,-347,-816.582,1,2.384,-420.308,2,6.578
2026-02-21T21:16:48.000Z,1771708608.000,32.627584801,-117.207521127,6.3,249.347,257.714,-20.982,2.249,-348,-819.208,1,3.01,-422.51,2,6.448
2026-02-21T21:16:49.000Z,1771708609.000,32.627574698,-117.207553401,6.452,249.825,259.262,-18.918,0.537,-349,-821.876,1,3.119,-424.619,2,6.198
2026-02-21T21:16:50.000Z,1771708610.000,32.627564601,-117.207583989,5.713,249.615,259.966,-21.594,0.791,-350,-824.36,1,2.733,-426.722,2,6.729
2026-02-21T21:16:51.000Z,1771708611.000,32.627554091,-117.207613903,6.185,246.488,258.802,-21.669,3.657,-351,-826.704,1,2.647,-428.969,2,7.339
2026-02-21T21:16:52.000Z,1771708612.000,32.627542991,-117.207646494,6.211,251.443,257.407,-18.151,2.796,-352,-829.261,1,3.122,-431.389,2,7.783
2026-02-21T21:16:53.000Z,1771708613.000,32.627530622,-117.207678413,6.775,244.763,259.847,-24.423,0.056,-353,-831.862,1,2.687,-433.657,2,7.751
2026-02-21T21:16:54.000Z,1771708614.000,32.627520012,-117.207711613,6.355,249.776,261.588,-22.632,1.443,-354,-834.601,1,3.009,-435.836,2,7.622
2026-02-21T21:16:55.000Z,1771708615.000,32.627509953,-117.207746123,6.143,252.176,259.101,-14.823,7.835,-355,-837.329,1,3.121,-438.297,2,7.735
2026-02-21T21:16:56.000Z,1771708616.000,32.627498487,-117.207778071,5.874,247.291,252.189,-15.429,4.409,-356,-839.588,1,2.53,-441.081,2,7.968
2026-02-21T21:16:57.000Z,1771708617.000,32.627484743,-117.207807841,5.965,245.729,255.509,-27.416,0.832,-357,-842.008,1,2.41,-443.368,2,8.662
2026-02-21T21:16:58.000Z,1771708618.000,32.627473072,-117.207837794,6.07,248.194,260.336,-26.623,0.222,-358,-844.544,1,2.678,-445.336,2,8.867
2026-02-21T21:16:59.000Z,1771708619.000,32.627462643,-117.207870781,6.727,250.716,263.987,-27.893,2.33,-359,-847.326,1,3.219,-447.354,2,8.601
2026-02-21T21:17:00.000Z,1771708620.000,32.62745427,-117.20790443,6.438,251.747,263.69,-21.588,4.802,-360,-850.104,1,3.171,-449.461,2,8.879
2026-02-21T21:17:01.000Z,1771708621.000,32.627445888,-117.207937114,6.515,252.2,264.184,-22.916,1.49,-361,-852.818,1,3.242,-451.478,2,9.092
2026-02-21T21:17:02.000Z,1771708622.000,32.627438538,-117.20797077,6.022,254.615,263.599,-17.818,4.348,-362,-855.618,1,3.204,-453.501,2,8.861
2026-02-21T21:17:03.000Z,1771708623.000,32.627429895,-117.208004236,6.36,252.174,263.011,-19.822,2.112,-363,-858.361,1,3.14,-455.649,2,8.977
2026-02-21T21:17:04.000Z,1771708624.000,32.627420735,-117.208037773,6.44,252.495,263.847,-24.063,1.176,-364,-861.14,1,3.199,-457.752,2,9.168
2026-02-21T21:17:05.000Z,1771708625.000,32.627412802,-117.20807212,6.7,252.204,263.443,-18.077,4.406,-365,-863.989,1,3.286,-459.847,2,9.231
2026-02-21T21:17:06.000Z,1771708626.000,32.627405927,-117.208105235,6.269,248.895,259.058,-6.442,5.825,-366,-866.626,1,2.742,-462.063,2,9.291
2026-02-21T21:17:07.000Z,1771708627.000,32.627397204,-117.208135659,5.949,247.708,254.885,-8.721,2.656,-367,-868.949,1,2.479,-464.341,2,9.817
2026-02-21T21:17:08.000Z,1771708628.000,32.627386266,-117.20816534,5.944,246.886,254.487,-13.368,-1.187,-368,-871.284,1,2.388,-466.569,2,9.824
2026-02-21T21:17:09.000Z,1771708629.000,32.627374172,-117.208196053,6.033,246.823,254.881,-17.906,4.262,-369,-873.711,1,2.405,-468.904,2,10.388
2026-02-21T21:17:10.000Z,1771708630.000,32.627362309,-117.20822522,5.788,239.771,253.559,-15.739,5.662,-370,-875.934,1,1.627,-471.268,2,11.002
2026-02-21T21:17:11.000Z,1771708631.000,32.627350341,-117.208254164,6.27,242.825,254.384,-15.913,-0.09,-371,-878.223,1,2.068,-473.498,2,11.435
2026-02-21T21:17:12.000Z,1771708632.000,32.627338102,-117.208284629,6.39,242.615,255.084,-19.005,0.326,-372,-880.636,1,2.072,-475.819,2,11.746
2026-02-21T21:17:13.000Z,1771708633.000,32.627325375,-117.208313996,6.352,243.757,255.019,-21.008,2.902,-373,-882.903,1,2.167,-478.198,2,12.041
2026-02-21T21:17:14.000Z,1771708634.000,32.627313482,-117.208343766,6.051,240.528,250.164,-13.217,7.16,-374,-885.021,1,1.727,-480.803,2,12.483
2026-02-21T21:17:15.000Z,1771708635.000,32.627298828,-117.208371354,5.989,241.559,254.216,-24.492,-0.565,-375,-887.254,1,1.8,-483.061,2,13.062
2026-02-21T21:17:16.000Z,1771708636.000,32.627286463,-117.208401238,6.323,239.4,253.24,-20.604,5.013,-376,-889.54,1,1.659,-485.481,2,13.48
2026-02-21T21:17:17.000Z,1771708637.000,32.627273112,-117.208430716,6.175,240.425,249.884,-19.001,5.41,-377,-891.649,1,1.712,-488.128,2,14.723
2026-02-21T21:17:18.000Z,1771708638.000,32.627258376,-117.208458908,5.774,239.446,252.796,-26.354,-0.079,-378,-893.887,1,1.494,-490.49,2,15.317
2026-02-21T21:17:19.000Z,1771708639.000,32.62724641,-117.208489052,6.2,249.57,258.542,-26.038,-0.484,-379,-896.482,1,2.621,-492.445,2,15.55
2026-02-21T21:17:20.000Z,1771708640.000,32.627235741,-117.20852054,6.552,248,261.567,-23.046,1.429,-380,-899.109,1,2.593,-494.48,2,15.952
2026-02-21T21:17:21.000Z,1771708641.000,32.627225802,-117.208553133,6.113,248.072,257.223,-17.841,5.542,-381,-901.6,1,2.413,-496.982,2,16.467
2026-02-21T21:17:22.000Z,1771708642.000,32.627214731,-117.208583363,6.145,243.342,253.047,-16.503,6.026,-382,-903.826,1,1.939,-499.487,2,17.151
2026-02-21T21:17:23.000Z,1771708643.000,32.62720284,-117.208613367,5.735,247.065,252.465,-17.763,0.148,-383,-906.152,1,2.147,-501.835,2,17.811
2026-02-21T21:17:24.000Z,1771708644.000,32.627189685,-117.208642002,6.1,242.562,256.928,-25.793,2.313,-384,-908.529,1,1.821,-503.944,2,18.391
2026-02-21T21:17:25.000Z,1771708645.000,32.627177474,-117.208672579,5.805,248.027,258.306,-22.366,5.393,-385,-910.977,1,2.241,-506.22,2,18.763
2026-02-21T21:17:26.000Z,1771708646.000,32.627166086,-117.208706408,6.454,249.683,256.39,-20.056,1.301,-386,-913.615,1,2.648,-508.747,2,18.674
2026-02-21T21:17:27.000Z,1771708647.000,32.627154438,-117.208738697,6.576,247.409,254.672,-19.196,1.373,-387,-916.112,1,2.444,-511.229,2,19.088
2026-02-21T21:17:28.000Z,1771708648.000,32.627142781,-117.208769652,6.071,247.447,258.139,-23.832,1.635,-388,-918.695,1,2.247,-513.328,2,19.63
2026-02-21T21:17:29.000Z,1771708649.000,32.627132216,-117.20880087,6.155,248.044,258.26,-22.256,-0.404,-389,-921.201,1,2.326,-515.541,2,20.111
2026-02-21T21:17:30.000Z,1771708650.000,32.627120781,-117.208832304,6.471,247.116,258.885,-23.363,5.218,-390,-923.719,1,2.334,-517.818,2,20.317
2026-02-21T21:17:31.000Z,1771708651.000,32.62710916,-117.208864727,6.164,246.822,254.551,-19.894,6.164,-391,-926.129,1,2.18,-520.475,2,20.951
2026-02-21T21:17:32.000Z,1771708652.000,32.627095864,-117.208896789,6.84,242.686,254.825,-25.024,0.499,-392,-928.637,1,1.935,-522.99,2,21.425
2026-02-21T21:17:33.000Z,1771708653.000,32.627084018,-117.208928753,5.833,250.586,256.188,-21.847,4.005,-393,-931.223,1,2.391,-525.282,2,21.674
2026-02-21T21:17:34.000Z,1771708654.000,32.627073659,-117.20895944,5.797,253.605,257.654,-18.416,3.414,-394,-933.74,1,2.641,-527.367,2,21.867
2026-02-21T21:17:35.000Z,1771708655.000,32.627064962,-117.208989897,5.832,257.558,268.676,-22.092,2.625,-395,-936.563,1,3,-528.592,2,21.923
2026-02-21T21:17:36.000Z,1771708656.000,32.627064653,-117.209022454,5.545,280.017,278.241,-10.046,0.228,-396,-939.658,1,4.449,-529.084,2,21.586
2026-02-21T21:17:37.000Z,1771708657.000,32.627072483,-117.209049332,5.413,291.859,290.869,1.639,1.698,-397,-942.33,1,4.913,-528.252,2,21.26
2026-02-21T21:17:38.000Z,1771708658.000,32.627083118,-117.209071217,4.442,303.979,305.939,-2.934,1.049,-398,-944.35,1,4.333,-526.75,2,21.482
2026-02-21T21:17:39.000Z,1771708659.000,32.627098928,-117.209086714,4.769,328.959,323.126,1.842,0.951,-399,-945.542,1,4.658,-524.41,2,22.452
2026-02-21T21:17:40.000Z,1771708660.000,32.627118927,-117.209098145,4.713,339.66,330.245,11.543,4.097,-400,-946.799,1,4.334,-522.294,2,22.953
2026-02-21T21:17:41.000Z,1771708661.000,32.627139647,-117.209106909,4.887,337.12,335.1,20.276,4.364,-401,-947.918,1,4.573,-520.189,2,23.872
2026-02-21T21:17:42.000Z,1771708662.000,32.627159527,-117.209117198,4.547,333.089,328.058,18.615,3.862,-402,-949.849,1,4.357,-518.976,2,24.048
2026-02-21T21:17:43.000Z,1771708663.000,32.627179507,-117.20913,5.14,326.189,326.416,15.372,-0.352,-403,-951.687,1,5.066,-517.508,2,24.374
2026-02-21T21:17:44.000Z,1771708664.000,32.627198468,-117.209145004,5.113,328.236,324.815,8.913,6.029,-404,-953.692,1,5.005,-516.222,2,24.288
2026-02-21T21:17:45.000Z,1771708665.000,32.627218137,-117.209159468,5.268,330.716,327.049,12.021,1.864,-405,-955.465,1,5.105,-514.584,2,24.163
2026-02-21T21:17:46.000Z,1771708666.000,32.627239279,-117.209176389,5.658,321.683,331.226,16.899,0.39,-406,-957.388,1,5.634,-512.763,2,24.295
2026-02-21T21:17:47.000Z,1771708667.000,32.627260727,-117.20919221,5.218,334.091,327.493,13.263,7.144,-407,-959.665,1,4.97,-511.389,2,24.54
2026-02-21T21:17:48.000Z,1771708668.000,32.627283508,-117.209205879,5.661,330.728,332.263,17.967,-0.811,-408,-961.306,1,5.483,-509.246,2,25.355
2026-02-21T21:17:49.000Z,1771708669.000,32.627304938,-117.209222791,5.656,323.2,330.167,14.657,3.112,-409,-963.593,1,5.615,-507.802,2,25.703
2026-02-21T21:17:50.000Z,1771708670.000,32.627328112,-117.209239137,5.978,332.798,329.985,18.844,1.142,-410,-965.768,1,5.73,-506.038,2,25.646
2026-02-21T21:17:51.000Z,1771708671.000,32.627351013,-117.209253299,5.388,332.61,332.044,19.241,3.84,-411,-967.609,1,5.169,-504.079,2,25.827
2026-02-21T21:17:52.000Z,1771708672.000,32.627373509,-117.209268679,5.685,325.648,332.812,21.187,3.623,-412,-969.622,1,5.608,-502.289,2,25.81
2026-02-21T21:17:53.000Z,1771708673.000,32.627396285,-117.209287909,6.3,327.981,327.391,17.583,2.104,-413,-972.343,1,6.167,-501.009,2,25.479
2026-02-21T21:17:54.000Z,1771708674.000,32.627419336,-117.209305387,6.088,327.315,327.316,16.304,2.034,-414,-974.612,1,5.973,-499.292,2,25.345
2026-02-21T21:17:55.000Z,1771708675.000,32.627442436,-117.2093226,5.627,326.101,326.978,16.365,2.392,-415,-976.872,1,5.541,-497.577,2,25.186
2026-02-21T21:17:56.000Z,1771708676.000,32.627465952,-117.209339496,5.985,328.163,326.848,14.883,2.816,-416,-979.104,1,5.853,-495.795,2,25.344
2026-02-21T21:17:57.000Z,1771708677.000,32.627490123,-117.20935671,6.366,329.813,324.479,11.453,0.204,-417,-981.499,1,6.184,-494.111,2,25.225
2026-02-21T21:17:58.000Z,1771708678.000,32.627514828,-117.209369807,5.8,338.849,334.95,18.706,-0.168,-418,-982.825,1,5.344,-491.382,2,25.862
2026-02-21T21:17:59.000Z,1771708679.000,32.627538297,-117.209383017,5.627,333.583,338.458,24.288,6.959,-419,-984.491,1,5.362,-489.26,2,26.677
2026-02-21T21:18:00.000Z,1771708680.000,32.627561924,-117.209399537,5.756,325.337,332.463,21.427,7.074,-420,-987.064,1,5.678,-487.795,2,26.63
2026-02-21T21:18:01.000Z,1771708681.000,32.627584369,-117.209419306,6.164,321.213,328.755,21.086,2.487,-421,-989.728,1,6.137,-486.457,2,25.923
2026-02-21T21:18:02.000Z,1771708682.000,32.627606534,-117.209438634,6.255,326.856,326.458,21.416,2.138,-422,-992.259,1,6.142,-485.046,2,25.448
2026-02-21T21:18:03.000Z,1771708683.000,32.62762893,-117.209458577,6.197,322.032,325.321,21.235,-0.455,-423,-994.785,1,6.162,-483.558,2,25.192
2026-02-21T21:18:04.000Z,1771708684.000,32.62765135,-117.209478673,6.177,326.018,326.827,19.319,1.437,-424,,1,6.08,-481.894,2,25.221
2026-02-21T21:18:05.000Z,1771708685.000,32.627674561,-117.209495903,6.173,329.899,326.203,19.875,2.191,-425,,1,5.988,-480.189,2,25.401
2026-02-21T21:18:06.000Z,1771708686.000,32.62769913,-117.209513834,6.185,326.696,325.671,22.594,1.035,-426,,1,6.074,-478.364,2,25.424
2026-02-21T21:18:07.000Z,1771708687.000,32.627722878,-117.209531648,6.1,326.887,328.85,27.136,0.04,-427,,1,5.985,-476.37,2,25.536
2026-02-21T21:18:08.000Z,1771708688.000,32.62774529,-117.20954884,5.888,327.85,328.321,22.921,3.379,-428,,1,5.757,-474.737,2,25.373
2026-02-21T21:18:09.000Z,1771708689.000,32.627767438,-117.209565976,5.941,327.124,328.513,22.909,3.578,-429,,1,5.824,-473.082,2,25.494
2026-02-21T21:18:10.000Z,1771708690.000,32.627790294,-117.209584501,5.989,322.217,326.205,23.36,1.615,-430,,1,5.95,-471.572,2,25.34
2026-02-21T21:18:11.000Z,1771708691.000,32.627812565,-117.209603156,6,322.291,324.583,21.176,1.994,-431,,1,5.96,-470.084,2,25.041
2026-02-21T21:18:12.000Z,1771708692.000,32.627834669,-117.209622584,6.1,326.383,323.263,20.077,0.198,-432,,1,5.994,-468.622,2,24.862
2026-02-21T21:18:13.000Z,1771708693.000,32.627857459,-117.209642554,6.385,322.92,324.712,19.541,1.703,-433,,1,6.334,-466.916,2,25.05
2026-02-21T21:18:14.000Z,1771708694.000,32.627881029,-117.20966334,6.082,323.949,324.156,21.402,6.717,-434,,1,6.018,-465.3,2,24.983
2026-02-21T21:18:15.000Z,1771708695.000,32.627904436,-117.209683436,6.603,319.239,324.371,24.531,1.792,-435,,1,6.589,-463.622,2,25.1
2026-02-21T21:18:16.000Z,1771708696.000,32.627925559,-117.209706126,6.2,314.404,319.515,19.204,3.035,-436,,1,6.199,-462.632,2,24.875
2026-02-21T21:18:17.000Z,1771708697.000,32.627948088,-117.209726431,6.211,319.13,321.229,20.818,-0.36,-437,,1,6.199,-460.943,2,25.028
2026-02-21T21:18:18.000Z,1771708698.000,32.627969172,-117.209747133,5.963,321.945,320.23,19.349,1.367,-438,,1,5.926,-459.612,2,25.008
2026-02-21T21:18:19.000Z,1771708699.000,32.627989783,-117.209765726,5.787,324.457,321.598,17.24,6.51,-439,,1,5.717,-458.083,2,25.222
2026-02-21T21:18:20.000Z,1771708700.000,32.628009079,-117.20978479,4.919,314.63,319.188,14.985,7.145,-440,,1,4.918,-456.975,2,25.426
2026-02-21T21:18:21.000Z,1771708701.000,32.628029795,-117.209804853,5.57,320.968,319.999,16.839,2.765,-441,,1,5.545,-455.528,2,25.369
2026-02-21T21:18:22.000Z,1771708702.000,32.628048949,-117.209826434,5.725,313.278,315.719,13.749,4.775,-442,,1,5.721,-454.67,2,25.146
2026-02-21T21:18:23.000Z,1771708703.000,32.628069291,-117.209847861,5.985,318.107,318.596,20.831,-0.748,-443,,1,5.979,-453.157,2,25.331
2026-02-21T21:18:24.000Z,1771708704.000,32.628089973,-117.209869373,6.102,321.841,320.181,20.348,0.39,-444,,1,6.065,-451.708,2,25.069
2026-02-21T21:18:25.000Z,1771708705.000,32.628110148,-117.209891613,6.212,314.08,317.423,20.038,1.525,-445,,1,6.21,-450.656,2,24.599
2026-02-21T21:18:26.000Z,1771708706.000,32.628130712,-117.209912301,5.745,324.307,316.79,17.841,1.024,-446,,1,5.677,-449.352,2,24.764
2026-02-21T21:18:27.000Z,1771708707.000,32.628151135,-117.20993014,5.315,327.834,320.44,17.9,4.973,-447,,1,5.192,-447.647,2,25.342
2026-02-21T21:18:28.000Z,1771708708.000,32.628171338,-117.209948632,5.523,321.065,322.301,19.286,4.149,-448,,1,5.497,-446.119,2,25.568
2026-02-21T21:18:29.000Z,1771708709.000,32.628190966,-117.209969338,5.364,320.522,320.912,21.243,6.079,-449,,1,5.343,-444.964,2,25.187
2026-02-21T21:18:30.000Z,1771708710.000,32.628211032,-117.209991427,5.915,314.784,320.085,24.728,2.541,-450,,1,5.914,-443.776,2,24.798
2026-02-21T21:18:31.000Z,1771708711.000,32.628231369,-117.2100159,6.244,313.466,317.125,21.778,-0.489,-451,,1,6.24,-442.803,2,24.232
2026-02-21T21:18:32.000Z,1771708712.000,32.628251535,-117.210038635,5.875,319.187,320.305,23.391,1.409,-452,,1,5.862,-441.337,2,24.293
2026-02-21T21:18:33.000Z,1771708713.000,32.628272214,-117.210061565,6,318.14,320.159,21.562,3.484,-453,,1,5.993,-440.066,2,24.198
2026-02-21T21:18:34.000Z,1771708714.000,32.628293792,-117.210084685,5.968,315.805,319.563,19.705,2.277,-454,,1,5.968,-438.743,2,24.094
2026-02-21T21:18:35.000Z,1771708715.000,32.628314066,-117.210106518,5.9,317.243,317.748,16.397,4.533,-455,,1,5.897,-437.597,2,24.085
2026-02-21T21:18:36.000Z,1771708716.000,32.628335586,-117.210126642,5.887,325.542,319.973,18.414,3.468,-456,,1,5.795,-435.966,2,23.77
2026-02-21T21:18:37.000Z,1771708717.000,32.628356641,-117.210147285,5.788,324.319,319.436,18.762,4.667,-457,,1,5.718,-434.603,2,23.422
2026-02-21T21:18:38.000Z,1771708718.000,32.628378816,-117.210168073,5.634,323.768,317.977,19.151,4.564,-458,,1,5.574,-433.198,2,22.899
2026-02-21T21:18:39.000Z,1771708719.000,32.628398741,-117.21018937,5.937,316.968,315.119,16.641,1.803,-459,,1,5.934,-432.148,2,22.625
2026-02-21T21:18:40.000Z,1771708720.000,32.628417559,-117.210211279,5.575,314.64,315.95,16.691,1.595,-460,,1,5.575,-430.958,2,22.489
2026-02-21T21:18:41.000Z,1771708721.000,32.628437391,-117.210234278,5.855,321.196,317.321,21.321,1.022,-461,,1,5.825,-429.665,2,22.375
2026-02-21T21:18:42.000Z,1771708722.000,32.628456302,-117.210258456,6.338,309.005,315.797,22.405,0.926,-462,,1,6.299,-428.725,2,21.801
2026-02-21T21:18:43.000Z,1771708723.000,32.628474526,-117.210282578,5.56,308.818,313.393,19.875,1.781,-463,,1,5.523,-427.92,2,21.095
2026-02-21T21:18:44.000Z,1771708724.000,32.628493075,-117.210305738,5.941,316.918,314.643,20.745,2.152,-464,,1,5.939,-426.772,2,21.194
2026-02-21T21:18:45.000Z,1771708725.000,32.628511773,-117.210329992,5.888,306.975,313.089,16.512,1.65,-465,,1,5.824,-425.861,2,20.665
2026-02-21T21:18:46.000Z,1771708726.000,32.628531566,-117.210351864,6.162,319.987,315.668,16.762,0.258,-466,,1,6.142,-424.438,2,20.563
2026-02-21T21:18:47.000Z,1771708727.000,32.628553214,-117.210368929,5.71,328.585,324.077,23.874,-0.489,-467,,1,5.559,-422.239,2,20.909
2026-02-21T21:18:48.000Z,1771708728.000,32.62857541,-117.21038603,5.511,325.968,325.963,22.239,6.148,-468,,1,5.416,-420.459,2,21.289
2026-02-21T21:18:49.000Z,1771708729.000,32.62859695,-117.21040589,5.964,318.342,322.285,20.318,3.626,-469,,1,5.955,-419.233,2,21.154
2026-02-21T21:18:50.000Z,1771708730.000,32.628617206,-117.210428345,5.959,315.568,316.581,14.461,1.779,-470,,1,5.959,-418.393,2,20.855
2026-02-21T21:18:51.000Z,1771708731.000,32.628639806,-117.210449732,6,323.575,319.748,19.561,1.76,-471,,1,5.938,-416.627,2,20.504
2026-02-21T21:18:52.000Z,1771708732.000,32.628660965,-117.21047159,6.275,315.788,320.822,21.49,2.137,-472,,1,6.275,-415.181,2,19.994
2026-02-21T21:18:53.000Z,1771708733.000,32.628681593,-117.210493511,5.682,319.809,317.147,17.283,3.506,-473,,1,5.664,-414.137,2,19.904
2026-02-21T21:18:54.000Z,1771708734.000,32.628703071,-117.210512238,5.644,323.636,321.238,20.125,3.205,-474,,1,5.584,-412.324,2,20.605
2026-02-21T21:18:55.000Z,1771708735.000,32.628725189,-117.210532034,5.911,317.889,322.528,22.771,2.989,-475,,1,5.905,-410.69,2,20.736
2026-02-21T21:18:56.000Z,1771708736.000,32.628746788,-117.210552976,5.774,317.928,317.971,20.879,4.126,-476,,1,5.768,-409.571,2,20.201
2026-02-21T21:18:57.000Z,1771708737.000,32.628766779,-117.210575839,6.073,311.244,315.763,21.126,-0.335,-477,,1,6.059,-408.524,2,19.653
2026-02-21T21:18:58.000Z,1771708738.000,32.628785296,-117.210600308,5.879,315.292,311.673,12.462,2.824,-478,,1,5.879,-407.83,2,19.005
2026-02-21T21:18:59.000Z,1771708739.000,32.628805025,-117.21062196,5.6,305.499,316.51,20.729,-0.803,-479,,1,5.519,-406.234,2,19.073
2026-02-21T21:19:00.000Z,1771708740.000,32.628825064,-117.210643973,6.087,315.989,318.979,19.716,4.062,-480,,1,6.086,-404.805,2,18.769
2026-02-21T21:19:01.000Z,1771708741.000,32.62884633,-117.210665941,6.044,312.98,315.725,20.874,1.879,-481,,1,6.039,-403.669,2,18.322
2026-02-21T21:19:02.000Z,1771708742.000,32.628866304,-117.210689746,6.277,309.25,316.034,22.285,0.468,-482,,1,6.243,-402.47,2,18.014
2026-02-21T21:19:03.000Z,1771708743.000,32.628884004,-117.210712467,5.587,311.774,310.85,13.437,4.543,-483,,1,5.577,-401.881,2,17.781
2026-02-21T21:19:04.000Z,1771708744.000,32.628903749,-117.210732227,5.63,315.878,315.134,18.857,-0.125,-484,,1,5.629,-400.254,2,18.039
2026-02-21T21:19:05.000Z,1771708745.000,32.628924374,-117.210750973,6.023,326.934,318.815,17.969,0.198,-485,,1,5.897,-398.553,2,18.511
2026-02-21T21:19:06.000Z,1771708746.000,32.62894475,-117.210768916,5.741,323.27,322.05,18.775,2.864,-486,,1,5.684,-396.89,2,18.844
2026-02-21T21:19:07.000Z,1771708747.000,32.628965047,-117.210788667,5.785,321.016,320.712,15.034,4.215,-487,,1,5.755,-395.628,2,18.471
2026-02-21T21:19:08.000Z,1771708748.000,32.628986851,-117.210809983,5.732,319.058,320.762,14.251,2.424,-488,,1,5.718,-394.169,2,18.128
2026-02-21T21:19:09.000Z,1771708749.000,32.62900915,-117.210830491,6.088,323.853,324.897,16.885,2.171,-489,,1,6.017,-392.344,2,18.319
2026-02-21T21:19:10.000Z,1771708750.000,32.629031688,-117.210851012,6.226,326.281,325.421,17.951,5.161,-490,,1,6.107,-390.749,2,18.677
2026-02-21T21:19:11.000Z,1771708751.000,32.629054508,-117.210871286,6.03,321.188,324.281,18.717,3.821,-491,,1,5.995,-389.232,2,18.609
2026-02-21T21:19:12.000Z,1771708752.000,32.629077657,-117.210892979,5.867,317.246,322.441,21.021,2.838,-492,,1,5.863,-387.782,2,18.376
2026-02-21T21:19:13.000Z,1771708753.000,32.629099867,-117.210912947,5.76,324.16,319.657,18.867,1.676,-493,,1,5.687,-386.437,2,18.514
2026-02-21T21:19:14.000Z,1771708754.000,32.629122208,-117.210929083,5.659,329.337,322.27,19.257,1.426,-494,,1,5.482,-384.55,2,19.033
2026-02-21T21:19:15.000Z,1771708755.000,32.629145075,-117.21094459,5.579,326.988,327.775,18.36,-1.688,-495,,1,5.455,-382.396,2,19.806
2026-02-21T21:19:16.000Z,1771708756.000,32.629167265,-117.210962456,5.976,325.605,327.067,16.254,2.492,-496,,1,5.872,-380.824,2,19.8
2026-02-21T21:19:17.000Z,1771708757.000,32.629190382,-117.210981703,6.574,322.955,324.96,19.521,0.548,-497,,1,6.508,-379.302,2,19.16
2026-02-21T21:19:18.000Z,1771708758.000,32.629213041,-117.211003526,5.974,317.192,323.013,18.116,3.895,-498,,1,5.969,-377.914,2,18.815
2026-02-21T21:19:19.000Z,1771708759.000,32.629237046,-117.211025205,6.134,324.572,322.292,19.632,2.307,-499,,1,6.045,-376.298,2,18.66
2026-02-21T21:19:20.000Z,1771708760.000,32.629259666,-117.211046692,6.313,323.039,321.195,14.763,2.556,-500,,1,6.248,-374.846,2,18.798
2026-02-21T21:19:21.000Z,1771708761.000,32.629282771,-117.211065894,5.788,331.039,324.272,17.05,1.293,-501,,1,5.556,-372.963,2,19.189
2026-02-21T21:19:22.000Z,1771708762.000,32.629306064,-117.211084881,5.989,327.022,325.545,19.46,2.511,-502,,1,5.852,-371.183,2,19.371
2026-02-21T21:19:23.000Z,1771708763.000,32.629328755,-117.211103201,6.063,326.032,326.365,19.291,4.043,-503,,1,5.944,-369.473,2,19.801
2026-02-21T21:19:24.000Z,1771708764.000,32.629350974,-117.211121426,6,327.374,323.771,15.477,5.838,-504,,1,5.853,-368.041,2,20.278
2026-02-21T21:19:25.000Z,1771708765.000,32.629373835,-117.211137936,5.644,331.246,323.532,15.512,4.611,-505,,1,5.408,-366.32,2,20.754
2026-02-21T21:19:26.000Z,1771708766.000,32.629397128,-117.21115569,5.846,319.855,327.044,19.245,0.638,-506,,1,5.821,-364.343,2,20.435
2026-02-21T21:19:27.000Z,1771708767.000,32.629418979,-117.21117592,5.764,321.674,322.725,18.811,3.447,-507,,1,5.72,-363.141,2,18.595
2026-02-21T21:19:28.000Z,1771708768.000,32.629440309,-117.211195839,6.115,321.285,322.345,22.465,2.687,-508,,1,6.073,-361.711,2,16.88
2026-02-21T21:19:29.000Z,1771708769.000,32.629460446,-117.21121901,6.188,308.783,319.156,20.323,4.256,-509,,1,6.157,-360.723,2,14.848
2026-02-21T21:19:30.000Z,1771708770.000,32.6294797,-117.211243805,6.412,312.891,312.681,14.727,2.427,-510,,1,6.409,-360.141,2,13.479
2026-02-21T21:19:31.000Z,1771708771.000,32.629498113,-117.211266675,6.155,315.077,312.513,15.2,-0.108,-511,,1,6.155,-359.103,2,12.447
2026-02-21T21:19:32.000Z,1771708772.000,32.629518405,-117.211286981,5.611,323.018,317.333,12.355,5.852,-512,,1,5.55,-357.404,2,11.672
2026-02-21T21:19:33.000Z,1771708773.000,32.629539543,-117.211303955,5.524,326.838,319.416,14.428,5.86,-513,,1,5.397,-355.706,2,10.84
2026-02-21T21:19:34.000Z,1771708774.000,32.629561099,-117.211320797,5.687,326.383,322.172,18.153,2.808,-514,,1,5.564,-353.916,2,9.501
2026-02-21T21:19:35.000Z,1771708775.000,32.629582444,-117.211338479,5.685,320.584,323.634,19.994,3.103,-515,,1,5.652,-352.273,2,8.276
2026-02-21T21:19:36.000Z,1771708776.000,32.629604504,-117.211359237,6.111,320.023,322.018,20.517,1.935,-516,,1,6.082,-350.886,2,7.014
2026-02-21T21:19:37.000Z,1771708777.000,32.629626609,-117.211380845,6.351,318.978,321.732,24.424,0.544,-517,,1,6.331,-349.431,2,5.603
2026-02-21T21:19:38.000Z,1771708778.000,32.629647847,-117.211402907,6.147,317.884,319.541,20.432,1.417,-518,,1,6.135,-348.22,2,4.244
2026-02-21T21:19:39.000Z,1771708779.000,32.62966879,-117.211425925,6.167,314.407,320.261,19.34,1.482,-519,,1,6.167,-346.864,2,3.105
2026-02-21T21:19:40.000Z,1771708780.000,32.6296895,-117.211446313,5.825,320.813,321.14,19.42,2.858,-520,,1,5.788,-345.424,2,2.338
2026-02-21T21:19:41.000Z,1771708781.000,32.629710291,-117.211467036,5.945,323.144,322.039,19.984,2.239,-521,,1,5.875,-343.988,2,1.829
2026-02-21T21:19:42.000Z,1771708782.000,32.629731476,-117.211487456,5.915,321.505,322.665,17.365,5.681,-522,,1,5.868,-342.52,2,1.121
2026-02-21T21:19:43.000Z,1771708783.000,32.629753493,-117.211507309,5.593,326.047,317.523,11.191,2.37,-523,,1,5.476,-341.361,1,0
2026-02-21T21:19:44.000Z,1771708784.000,32.629776574,-117.211521902,5.8,333.487,325.197,15.329,1.687,-524,,1,5.475,-338.983,1,0
2026-02-21T21:19:45.000Z,1771708785.000,32.629799556,-117.211537694,5.744,324.25,327.877,15.677,1.137,-525,,1,5.655,-337.026,1,0
2026-02-21T21:19:46.000Z,1771708786.000,32.629822594,-117.211556379,6.167,324.517,331.422,21.043,-0.231,-526,,1,6.066,-335.118,1,0
2026-02-21T21:19:47.000Z,1771708787.000,32.62984343,-117.211576739,5.912,325.854,325.601,17.465,5.974,-527,,1,5.788,-334.112,1,0
2026-02-21T21:19:48.000Z,1771708788.000,32.629864454,-117.211596964,5.845,313.482,323.555,20.278,1.257,-528,,1,5.845,-332.838,1,0
2026-02-21T21:19:49.000Z,1771708789.000,32.629886456,-117.211619256,6.279,321.201,322.8,19.533,1.353,-529,,1,6.23,-331.452,1,0
2026-02-21T21:19:50.000Z,1771708790.000,32.629909106,-117.211639724,6.412,323.335,322.595,17.4,6.315,-530,,1,6.328,-329.895,1,0
2026-02-21T21:19:51.000Z,1771708791.000,32.629930625,-117.211659669,5.764,322.254,319.015,13.524,6.011,-531,,1,5.705,-328.676,1,0
2026-02-21T21:19:52.000Z,1771708792.000,32.629951047,-117.211677338,5.359,318.557,319.856,13.512,3.824,-532,,1,5.342,-327.169,1,0
2026-02-21T21:19:53.000Z,1771708793.000,32.629971116,-117.211695862,5.711,313.57,317.386,10.699,1.474,-533,,1,5.711,-325.971,1,0
2026-02-21T21:19:54.000Z,1771708794.000,32.629989392,-117.21171517,5.5,316.136,319.972,16.129,0.412,-534,,1,5.496,-324.615,1,0
2026-02-21T21:19:55.000Z,1771708795.000,32.630007041,-117.211736645,5.669,312.573,319.429,14.949,1.251,-535,,1,5.668,-323.631,1,0
2026-02-21T21:19:56.000Z,1771708796.000,32.630024871,-117.211760972,5.564,310.12,313.031,7.486,5.025,-536,,1,5.551,-323.17,1,0
2026-02-21T21:19:57.000Z,1771708797.000,32.630044063,-117.211780527,5.185,316.654,312.722,11.096,1.741,-537,,1,5.179,-321.942,1,0
2026-02-21T21:19:58.000Z,1771708798.000,32.630064148,-117.211797744,5.274,323.883,320.891,15.166,1.222,-538,,1,5.195,-319.909,1,0
2026-02-21T21:19:59.000Z,1771708799.000,32.630084459,-117.211813459,5.115,323.304,324.734,17.504,5.553,-539,,1,5.045,-318.133,1,0
2026-02-21T21:20:00.000Z,1771708800.000,32.63010515,-117.211832285,5.566,321.575,321.815,16.912,0.273,-540,,1,5.515,-316.906,1,0
2026-02-21T21:20:01.000Z,1771708801.000,32.630124114,-117.211852277,5.827,319.505,318.612,13.198,2.378,-541,,1,5.798,-315.924,1,0
2026-02-21T21:20:02.000Z,1771708802.000,32.630144019,-117.211870039,5.145,321.483,319.927,14.155,1.769,-542,,1,5.099,-314.439,1,0
2026-02-21T21:20:03.000Z,1771708803.000,32.630165494,-117.211887746,5.433,327.376,320.101,12.052,2.513,-543,,1,5.28,-312.873,1,0
2026-02-21T21:20:04.000Z,1771708804.000,32.630187168,-117.211903792,5.463,327.662,324.147,14.762,2.665,-544,,1,5.301,-310.953,1,0
2026-02-21T21:20:05.000Z,1771708805.000,32.630208912,-117.211920249,5.685,323.17,327.753,19.193,0.608,-545,,1,5.607,-309.083,1,0
2026-02-21T21:20:06.000Z,1771708806.000,32.630230824,-117.211937438,5.7,327.365,329.172,22.532,0.986,-546,,1,5.536,-307.373,1,0
2026-02-21T21:20:07.000Z,1771708807.000,32.630252906,-117.211954824,5.565,328.024,326.815,19.925,2.77,-547,,1,5.388,-305.902,1,0
2026-02-21T21:20:08.000Z,1771708808.000,32.630274776,-117.211972059,6.123,326.382,327.004,21.431,0.322,-548,,1,5.969,-304.279,1,0
2026-02-21T21:20:09.000Z,1771708809.000,32.630296579,-117.211991753,6.041,319.186,324.968,17.372,3.235,-549,,1,6.011,-302.904,1,0
2026-02-21T21:20:10.000Z,1771708810.000,32.630319177,-117.212009229,5.422,326.62,326.073,17.019,6.802,-550,,1,5.279,-301.154,1,0
2026-02-21T21:20:11.000Z,1771708811.000,32.630341638,-117.212027648,5.925,325.591,325.873,18.265,2.365,-551,,1,5.791,-299.54,1,0
2026-02-21T21:20:12.000Z,1771708812.000,32.630364497,-117.212046567,5.873,326.137,324.828,16.882,1.397,-552,,1,5.728,-297.96,1,0
2026-02-21T21:20:13.000Z,1771708813.000,32.630388878,-117.212063511,6.346,329.943,328.856,21.281,0.578,-553,,1,6.079,-295.811,1,0
2026-02-21T21:20:14.000Z,1771708814.000,32.630411542,-117.212080002,5.635,332.151,327.64,17.595,3.605,-554,,1,5.331,-294.173,1,0
2026-02-21T21:20:15.000Z,1771708815.000,32.630434158,-117.212095221,5.726,329.564,328.385,17,4.78,-555,,1,5.493,-292.363,1,0
2026-02-21T21:20:16.000Z,1771708816.000,32.630456482,-117.212111438,5.615,328.419,327.477,17.521,4.427,-556,,1,5.416,-290.73,1,0
2026-02-21T21:20:17.000Z,1771708817.000,32.630479998,-117.212128723,6.034,325.412,326.976,19.059,1.686,-557,,1,5.894,-288.986,1,0
2026-02-21T21:20:18.000Z,1771708818.000,32.630502363,-117.212146745,6.2,323.525,323.99,15.672,3.766,-558,,1,6.097,-287.559,1,0
2026-02-21T21:20:19.000Z,1771708819.000,32.630524097,-117.212165019,5.846,325.352,327.541,19.672,1.59,-559,,1,5.71,-285.758,1,0
2026-02-21T21:20:20.000Z,1771708820.000,32.630547097,-117.212183979,5.743,330.113,328.213,17.579,6.671,-560,,1,5.487,-284.05,1,0
2026-02-21T21:20:21.000Z,1771708821.000,32.630569929,-117.212201387,5.924,330.352,328.541,19.194,4.527,-561,,1,5.651,-282.326,1,0
2026-02-21T21:20:22.000Z,1771708822.000,32.630592682,-117.212219248,5.827,327.827,328.035,19.018,4.503,-562,,1,5.628,-280.682,1,0
2026-02-21T21:20:23.000Z,1771708823.000,32.630615423,-117.212236409,6,330.985,326.254,21.318,2.726,-563,,1,5.7,-279.099,1,0
2026-02-21T21:20:24.000Z,1771708824.000,32.630637871,-117.212255196,6.2,326.304,324.146,19.305,2.731,-564,,1,6.028,-277.631,1,0
2026-02-21T21:20:25.000Z,1771708825.000,32.630658749,-117.212273551,5.638,321.063,320.224,14.299,1.529,-565,,1,5.579,-276.441,1,0
2026-02-21T21:20:26.000Z,1771708826.000,32.630680179,-117.212289621,5.855,329.678,322.544,15.559,0.836,-566,,1,5.6,-274.668,1,0
2026-02-21T21:20:27.000Z,1771708827.000,32.630702704,-117.21230636,5.857,325.238,327.074,18.743,1.601,-567,,1,5.715,-272.66,1,0
2026-02-21T21:20:28.000Z,1771708828.000,32.630723981,-117.21232549,5.864,322.114,325.625,20.7,-0.61,-568,,1,5.783,-271.278,1,0
2026-02-21T21:20:29.000Z,1771708829.000,32.630744345,-117.212346864,5.9,315.166,324.869,16.988,2.884,-569,,1,5.894,-270.025,1,0
2026-02-21T21:20:30.000Z,1771708830.000,32.630764759,-117.212370268,5.874,316.132,317.289,16.108,2.617,-570,,1,5.862,-269.331,1,0
2026-02-21T21:20:31.000Z,1771708831.000,32.630786072,-117.212389288,5.777,322.29,321.808,18.125,-0.456,-571,,1,5.693,-267.515,1,0
2026-02-21T21:20:32.000Z,1771708832.000,32.630806292,-117.212405625,5.2,326.693,322.102,10.467,6.515,-572,,1,5.041,-266.02,1,0
2026-02-21T21:20:33.000Z,1771708833.000,32.630828341,-117.212419146,5.4,331.396,326.211,14.598,4.162,-573,,1,5.105,-263.971,1,0
2026-02-21T21:20:34.000Z,1771708834.000,32.630853167,-117.212432696,5.555,332.921,330.691,19.043,3.589,-574,,1,5.198,-261.628,1,0
2026-02-21T21:20:35.000Z,1771708835.000,32.630877084,-117.212448303,6.214,328.882,329.927,20.53,3.02,-575,,1,5.952,-259.798,1,0
2026-02-21T21:20:36.000Z,1771708836.000,32.630900328,-117.212466559,6.537,326.08,329.049,22.979,-0.427,-576,,1,6.345,-258.141,1,0
2026-02-21T21:20:37.000Z,1771708837.000,32.630922847,-117.21248767,6.498,318.272,328.446,22.02,0.442,-577,,1,6.46,-256.646,1,0
2026-02-21T21:20:38.000Z,1771708838.000,32.630943666,-117.212507292,5.661,322.312,328.839,21.127,3.328,-578,,1,5.571,-255.206,1,0
2026-02-21T21:20:39.000Z,1771708839.000,32.630964885,-117.212526129,5.641,327.718,324.841,15.527,4.864,-579,,1,5.432,-253.988,1,0
2026-02-21T21:20:40.000Z,1771708840.000,32.630988125,-117.212539263,5.631,336.822,330.054,23.549,1.834,-580,,1,5.109,-251.741,1,0
2026-02-21T21:20:41.000Z,1771708841.000,32.631011469,-117.212555866,5.9,324.357,329.23,22.83,1.99,-581,,1,5.761,-250.009,1,0
2026-02-21T21:20:42.000Z,1771708842.000,32.631032385,-117.212576946,6.038,321.957,320.25,16.095,3.829,-582,,1,5.946,-249.256,1,0
2026-02-21T21:20:43.000Z,1771708843.000,32.631053941,-117.212594913,6.1,318.947,321.47,20.534,0.156,-583,,1,6.053,-247.616,1,0
2026-02-21T21:20:44.000Z,1771708844.000,32.631075359,-117.212614694,5.841,322.768,321.425,17.689,1.436,-584,,1,5.735,-246.149,1,0
2026-02-21T21:20:45.000Z,1771708845.000,32.631096372,-117.212633798,6,322.25,322.584,16.976,0.385,-585,,1,5.9,-244.612,1,0
2026-02-21T21:20:46.000Z,1771708846.000,32.63111776,-117.212651587,5.954,329.266,323.469,18.999,2.357,-586,,1,5.677,-243.009,1,0
2026-02-21T21:20:47.000Z,1771708847.000,32.631139408,-117.212669278,5.7,325.021,322.713,20.283,2.928,-587,,1,5.546,-241.492,1,0
2026-02-21T21:20:48.000Z,1771708848.000,32.631160603,-117.212688428,5.851,319.832,323.732,23.581,-1.376,-588,,1,5.79,-239.949,1,0
2026-02-21T21:20:49.000Z,1771708849.000,32.6311801,-117.212707486,5.3,320.768,322.259,20.66,3.901,-589,,1,5.232,-238.752,1,0
2026-02-21T21:20:50.000Z,1771708850.000,32.631198917,-117.212728213,5.43,316.335,318.87,21.43,1.112,-590,,1,5.411,-237.825,1,0
2026-02-21T21:20:51.000Z,1771708851.000,32.631217395,-117.212751619,5.967,313.359,318.071,17.821,3.098,-591,,1,5.964,-236.846,1,0
2026-02-21T21:20:52.000Z,1771708852.000,32.631235192,-117.212776026,5.924,310.91,312.72,13.321,3.514,-592,,1,5.924,-236.315,1,0
2026-02-21T21:20:53.000Z,1771708853.000,32.631254526,-117.212799291,6.06,315.184,314.026,14.568,3.19,-593,,1,6.048,-235.085,1,0
2026-02-21T21:20:54.000Z,1771708854.000,32.631275233,-117.212820479,5.744,313.226,313.934,12.555,2.396,-594,,1,5.741,-233.746,1,0
2026-02-21T21:20:55.000Z,1771708855.000,32.631296003,-117.212838965,5.388,322.688,318.498,16.56,1.143,-595,,1,5.285,-231.954,1,0
2026-02-21T21:20:56.000Z,1771708856.000,32.631315298,-117.212857605,5.4,320.93,317.257,13.041,3.641,-596,,1,5.326,-230.75,1,0
2026-02-21T21:20:57.000Z,1771708857.000,32.63133551,-117.212875514,5.285,322.815,318.189,14.589,0.702,-597,,1,5.181,-229.265,1,0
2026-02-21T21:20:58.000Z,1771708858.000,32.631356553,-117.212893388,5.365,323.459,320.279,14.296,2.942,-598,,1,5.245,-227.611,1,0
2026-02-21T21:20:59.000Z,1771708859.000,32.631376756,-117.212912066,5.474,314.581,323.287,17.296,1.047,-599,,1,5.465,-226.011,1,0
2026-02-21T21:21:00.000Z,1771708860.000,32.631396796,-117.212932127,5.763,314.907,322.596,19.581,2.229,-600,,1,5.751,-224.74,1,0
2026-02-21T21:21:01.000Z,1771708861.000,32.631417697,-117.21295172,5.733,322.841,323.036,23.793,-0.601,-601,,1,5.615,-223.283,1,0
2026-02-21T21:21:02.000Z,1771708862.000,32.631437789,-117.212970478,5.849,323.587,324.016,22.59,1.518,-602,,1,5.712,-221.842,1,0
2026-02-21T21:21:03.000Z,1771708863.000,32.631458403,-117.212989747,5.8,322.204,323.587,21.16,3.597,-603,,1,5.692,-220.465,1,0
2026-02-21T21:21:04.000Z,1771708864.000,32.631480177,-117.213009662,5.564,321.332,322.103,22.137,1.869,-604,,1,5.475,-219.066,1,0
2026-02-21T21:21:05.000Z,1771708865.000,32.631500937,-117.213028568,5.6,322.326,323.252,22.914,3.279,-605,,1,5.491,-217.55,1,0
2026-02-21T21:21:06.000Z,1771708866.000,32.63152139,-117.213047967,5.613,319.469,320.538,20.02,2.909,-606,,1,5.552,-216.357,1,0
2026-02-21T21:21:07.000Z,1771708867.000,32.631541969,-117.213066159,5.7,321.06,322.778,22.31,0.233,-607,,1,5.611,-214.754,1,0
2026-02-21T21:21:08.000Z,1771708868.000,32.631563157,-117.213085894,5.889,321.006,324.869,21.906,-0.728,-608,,1,5.797,-213.159,1,0
2026-02-21T21:21:09.000Z,1771708869.000,32.631583299,-117.213104983,5.94,320.404,322.619,18.942,3.796,-609,,1,5.857,-211.951,1,0
2026-02-21T21:21:10.000Z,1771708870.000,32.631602734,-117.213124827,5.545,315.723,319.784,17.11,4.152,-610,,1,5.524,-210.887,1,0
2026-02-21T21:21:11.000Z,1771708871.000,32.631621828,-117.213147347,5.475,311.932,315.548,16.661,2.716,-611,,1,5.474,-210.066,1,0
2026-02-21T21:21:12.000Z,1771708872.000,32.631641884,-117.213168237,5.788,320.393,320.135,19.721,3.612,-612,,1,5.707,-208.437,1,0
2026-02-21T21:21:13.000Z,1771708873.000,32.631661251,-117.213189533,5.761,319.981,319.085,16.786,7.985,-613,,1,5.686,-207.308,1,0
2026-02-21T21:21:14.000Z,1771708874.000,32.631680845,-117.213207938,5.415,321.815,319.249,20.606,4.742,-614,,1,5.313,-205.961,1,0
2026-02-21T21:21:15.000Z,1771708875.000,32.631701432,-117.213226632,5.7,320.717,321.492,22.677,0.324,-615,,1,5.612,-204.375,1,0
2026-02-21T21:21:16.000Z,1771708876.000,32.631721425,-117.213247062,6.137,319.953,320.463,20.757,0.6,-616,,1,6.055,-203.147,1,0
2026-02-21T21:21:17.000Z,1771708877.000,32.631740901,-117.213267416,5.955,317.377,319.507,18.402,2.666,-617,,1,5.914,-201.964,1,0
2026-02-21T21:21:18.000Z,1771708878.000,32.631761083,-117.213285596,4.921,325.434,322.012,18.243,2.806,-618,,1,4.755,-200.383,1,0
2026-02-21T21:21:19.000Z,1771708879.000,32.631780594,-117.213304475,5.3,320.188,322.123,16.801,2.568,-619,,1,5.224,-199.065,1,0
2026-02-21T21:21:20.000Z,1771708880.000,32.631801333,-117.213323108,6,320.922,323.263,20.501,0.285,-620,,1,5.899,-197.541,1,0
2026-02-21T21:21:21.000Z,1771708881.000,32.631822133,-117.213342236,6.013,321.68,326.927,25.534,2.662,-621,,1,5.895,-195.859,1,0
2026-02-21T21:21:22.000Z,1771708882.000,32.631843221,-117.213363486,5.812,321.673,323.064,22.944,5.354,-622,,1,5.698,-194.74,1,0
2026-02-21T21:21:23.000Z,1771708883.000,32.631863612,-117.213384337,5.551,312.844,319.714,20,2.863,-623,,1,5.545,-193.652,1,0
2026-02-21T21:21:24.000Z,1771708884.000,32.631884662,-117.213402751,5.671,325.282,322.291,23.859,1.099,-624,,1,5.476,-191.984,1,0
2026-02-21T21:21:25.000Z,1771708885.000,32.63190589,-117.213419704,5.578,329.451,328.19,23.299,3.293,-625,,1,5.263,-190.027,1,0
2026-02-21T21:21:26.000Z,1771708886.000,32.631926398,-117.213438316,5.359,326.482,326.108,19.922,7.131,-626,,1,5.14,-188.744,1,0
2026-02-21T21:21:27.000Z,1771708887.000,32.631949327,-117.213457047,5.903,324.888,324.576,24.837,1.836,-627,,1,5.705,-187.185,1,0
2026-02-21T21:21:28.000Z,1771708888.000,32.631972375,-117.213478281,6.289,320.502,324.176,25.855,2.845,-628,,1,6.183,-185.628,1,0
2026-02-21T21:21:29.000Z,1771708889.000,32.631993746,-117.213500523,6.112,323.604,319.431,18.795,3.71,-629,,1,5.939,-184.588,1,0
2026-02-21T21:21:30.000Z,1771708890.000,32.632015632,-117.213522593,6.623,318.235,319.611,19.27,-1.386,-630,,1,6.552,-183.14,1,0
2026-02-21T21:21:31.000Z,1771708891.000,32.632036797,-117.213543447,6.141,322.053,322.603,18.298,3.219,-631,,1,6.002,-181.522,1,0
2026-02-21T21:21:32.000Z,1771708892.000,32.632059262,-117.213564907,6.034,321.589,319.782,15.174,3.718,-632,,1,5.906,-180.204,1,0
2026-02-21T21:21:33.000Z,1771708893.000,32.632082021,-117.213584395,5.775,325.011,321.027,18.087,1.698,-633,,1,5.569,-178.496,1,0
2026-02-21T21:21:34.000Z,1771708894.000,32.632104178,-117.213602282,5.8,322.995,324.565,21.616,0.906,-634,,1,5.642,-176.631,1,0
2026-02-21T21:21:35.000Z,1771708895.000,32.632126407,-117.213620337,5.7,331.245,326.552,25.009,3.103,-635,,1,5.294,-174.879,1,0
2026-02-21T21:21:36.000Z,1771708896.000,32.632146632,-117.213641129,6.017,314.303,324.429,24.579,4.399,-636,,1,5.995,-173.712,1,0
2026-02-21T21:21:37.000Z,1771708897.000,32.632166632,-117.213664383,5.744,315.284,319.1,25.199,1.549,-637,,1,5.715,-172.891,1,0
2026-02-21T21:21:38.000Z,1771708898.000,32.632185194,-117.213689236,6,309,313.978,19.333,2.02,-638,,1,6,-172.279,1,0
2026-02-21T21:21:39.000Z,1771708899.000,32.632206086,-117.213711894,6.023,316.143,316.371,22.746,-0.226,-639,,1,5.982,-170.786,1,0
2026-02-21T21:21:40.000Z,1771708900.000,32.632226163,-117.213733025,5.713,318.245,317.647,24.291,0.559,-640,,1,5.645,-169.407,1,0
2026-02-21T21:21:41.000Z,1771708901.000,32.632245917,-117.213754837,6,314.604,315.775,22.466,-0.222,-641,,1,5.975,-168.32,1,0
2026-02-21T21:21:42.000Z,1771708902.000,32.632266276,-117.213777066,6.179,316.755,313.761,14.987,1.392,-642,,1,6.127,-167.198,1,0
2026-02-21T21:21:43.000Z,1771708903.000,32.632287294,-117.213795233,5.3,324.484,323.29,21.732,-1.476,-643,,1,5.112,-165.014,1,0
2026-02-21T21:21:44.000Z,1771708904.000,32.632308159,-117.213814844,6.127,318.773,323.467,20.008,2.268,-644,,1,6.04,-163.579,1,0
2026-02-21T21:21:45.000Z,1771708905.000,32.6323295,-117.213834457,5.658,323.392,323.552,22.704,5.045,-645,,1,5.482,-162.105,1,0
2026-02-21T21:21:46.000Z,1771708906.000,32.632349538,-117.213854567,5.435,316.263,322.808,25.261,3.756,-646,,1,5.392,-160.838,1,0
2026-02-21T21:21:47.000Z,1771708907.000,32.632367661,-117.213878662,6.062,313.818,316.952,20.678,2.861,-647,,1,6.041,-160.286,1,0
2026-02-21T21:21:48.000Z,1771708908.000,32.632386382,-117.213903263,6.171,317.103,313.74,19.21,3.501,-648,,1,6.11,-159.508,1,0
2026-02-21T21:21:49.000Z,1771708909.000,32.632406582,-117.21392568,5.557,313.733,312.722,18.799,-0.033,-649,,1,5.538,-158.335,1,0
2026-02-21T21:21:50.000Z,1771708910.000,32.632426414,-117.21394559,6.049,318.733,317.794,16.757,-2.04,-650,,1,5.96,-156.651,1,0
2026-02-21T21:21:51.000Z,1771708911.000,32.63244693,-117.213962923,5.953,324.635,322.055,13.415,5.08,-651,,1,5.728,-154.875,1,0
2026-02-21T21:21:52.000Z,1771708912.000,32.632468773,-117.213981192,5.422,323.728,324.504,21.256,2.384,-652,,1,5.236,-153.133,1,0
2026-02-21T21:21:53.000Z,1771708913.000,32.632488288,-117.214001227,5.6,319.1,321.274,17.272,1.653,-653,,1,5.508,-152.093,1,0
2026-02-21T21:21:54.000Z,1771708914.000,32.632508436,-117.214021681,5.671,324.301,322.57,20.836,0.936,-654,,1,5.46,-150.685,1,0
2026-02-21T21:21:55.000Z,1771708915.000,32.632530082,-117.214043203,5.99,321.209,321.586,14.154,4.438,-655,,1,5.844,-149.324,1,0
2026-02-21T21:21:56.000Z,1771708916.000,32.632551897,-117.214062708,5.9,328.261,323.207,15.4,6.554,-656,,1,5.551,-147.688,1,0
2026-02-21T21:21:57.000Z,1771708917.000,32.632574615,-117.214080161,6.074,328.315,326.072,23.415,2.342,-657,,1,5.709,-145.8,1,0
2026-02-21T21:21:58.000Z,1771708918.000,32.632596059,-117.214100215,5.871,317.702,325.082,23.016,3.09,-658,,1,5.792,-144.404,1,0
2026-02-21T21:21:59.000Z,1771708919.000,32.632618082,-117.214120873,6.123,324.407,324.471,23.755,0.793,-659,,1,5.88,-142.945,1,0
2026-02-21T21:22:00.000Z,1771708920.000,32.632639579,-117.214139867,5.748,324.21,326.351,20.797,4.418,-660,,1,5.523,-141.31,1,0
2026-02-21T21:22:01.000Z,1771708921.000,32.632661774,-117.214158408,5.859,322.254,323.369,16.449,1.451,-661,,1,5.679,-139.918,1,0
2026-02-21T21:22:02.000Z,1771708922.000,32.632685262,-117.214176823,5.833,328.663,324.443,14.587,2.332,-662,,1,5.455,-138.11,1,0
2026-02-21T21:22:03.000Z,1771708923.000,32.632707977,-117.214194139,5.748,324.081,325.043,16.003,2.427,-663,,1,5.518,-136.375,1,0
2026-02-21T21:22:04.000Z,1771708924.000,32.632729522,-117.214211997,5.685,326.877,323.885,14.116,2.704,-664,,1,5.37,-134.901,1,0
2026-02-21T21:22:05.000Z,1771708925.000,32.63275318,-117.214229117,5.947,328.541,326.969,18.516,1.926,-665,,1,5.554,-132.892,1,0
2026-02-21T21:22:06.000Z,1771708926.000,32.632775837,-117.214247173,5.989,319.737,329.192,17.433,0.467,-666,,1,5.852,-131.084,1,0
2026-02-21T21:22:07.000Z,1771708927.000,32.632798713,-117.214266903,6.05,325.42,331.749,20.521,2.929,-667,,1,5.752,-129.301,1,0
2026-02-21T21:22:08.000Z,1771708928.000,32.632820808,-117.21428673,5.9,319.474,327.528,19.743,4.875,-668,,1,5.767,-128.033,1,0
2026-02-21T21:22:09.000Z,1771708929.000,32.632843391,-117.214308869,6.122,318.677,320.877,17.986,1.731,-669,,1,6.001,-126.991,1,0
2026-02-21T21:22:10.000Z,1771708930.000,32.63286523,-117.214328538,6,319.703,319.657,14.962,3.087,-670,,1,5.857,-125.56,1,0
2026-02-21T21:22:11.000Z,1771708931.000,32.6328869,-117.214345979,5.785,326.961,319.488,13.381,-0.641,-671,,1,5.44,-123.99,1,0
2026-02-21T21:22:12.000Z,1771708932.000,32.63290924,-117.214362485,5.579,327.879,327.689,14.373,2.729,-672,,1,5.209,-121.734,1,0
2026-02-21T21:22:13.000Z,1771708933.000,32.632929624,-117.214379518,5.275,324.336,324.764,10.729,9.097,-673,,1,5.031,-120.466,1,0
2026-02-21T21:22:14.000Z,1771708934.000,32.632951847,-117.21439544,5.417,324.075,327.007,15.587,2.015,-674,,1,5.169,-118.619,1,0
2026-02-21T21:22:15.000Z,1771708935.000,32.632973437,-117.214414147,6,325.144,329.099,18.718,2.528,-675,,1,5.687,-116.951,1,0
2026-02-21T21:22:16.000Z,1771708936.000,32.632995374,-117.214435821,5.781,320.899,324.465,16.303,5.373,-676,,1,5.599,-115.808,1,0
2026-02-21T21:22:17.000Z,1771708937.000,32.633017884,-117.214455244,6.088,324.063,321.113,15.359,0.982,-677,,1,5.801,-114.449,1,0
2026-02-21T21:22:18.000Z,1771708938.000,32.633040671,-117.214472396,6.112,323.986,325.478,20.043,0.413,-678,,1,5.822,-112.436,1,0
2026-02-21T21:22:19.000Z,1771708939.000,32.633064745,-117.214489314,5.944,328.901,327.182,21.58,1.46,-679,,1,5.479,-110.472,1,0
2026-02-21T21:22:20.000Z,1771708940.000,32.633087072,-117.214505758,5.5,327.507,324.931,18.424,3.135,-680,,1,5.116,-108.939,1,0
2026-02-21T21:22:21.000Z,1771708941.000,32.633107466,-117.214522937,5.385,325.174,322.771,13.211,3.506,-681,,1,5.083,-107.628,1,0
2026-02-21T21:22:22.000Z,1771708942.000,32.633129568,-117.214539135,5.679,326.327,325.279,15.956,0.617,-682,,1,5.316,-105.782,1,0
2026-02-21T21:22:23.000Z,1771708943.000,32.633150965,-117.214556199,5.576,329.557,327.115,18.751,2.899,-683,,1,5.096,-104.09,1,0
2026-02-21T21:22:24.000Z,1771708944.000,32.633171977,-117.21457411,5.956,323.362,327.452,23.138,3.28,-684,,1,5.668,-102.57,1,0
2026-02-21T21:22:25.000Z,1771708945.000,32.633193604,-117.214594016,6.324,322.5,324.643,22.03,3.292,-685,,1,6.045,-101.272,1,0
2026-02-21T21:22:26.000Z,1771708946.000,32.633215665,-117.214615,5.812,319.958,323.532,21.702,2.27,-686,,1,5.623,-99.856,1,0
2026-02-21T21:22:27.000Z,1771708947.000,32.633236818,-117.214635197,5.577,325.36,319.628,15.351,5.178,-687,,1,5.237,-98.705,1,0
2026-02-21T21:22:28.000Z,1771708948.000,32.633259535,-117.214651698,5.713,330.729,324.536,20.594,-0.986,-688,,1,5.149,-96.634,1,0
2026-02-21T21:22:29.000Z,1771708949.000,32.633282249,-117.214669934,5.6,326.438,326.48,17.56,5.423,-689,,1,5.209,-94.841,1,0
2026-02-21T21:22:30.000Z,1771708950.000,32.633304596,-117.214686992,5.547,326.466,324.981,19.217,5.619,-690,,1,5.155,-93.277,1,0
2026-02-21T21:22:31.000Z,1771708951.000,32.633326136,-117.214705153,5.714,325.029,325.908,18.221,5.088,-691,,1,5.356,-91.671,1,0
2026-02-21T21:22:32.000Z,1771708952.000,32.633348869,-117.214722769,5.711,326.219,326.904,17.406,7.582,-692,,1,5.305,-89.919,1,0
2026-02-21T21:22:33.000Z,1771708953.000,32.633372889,-117.214739817,5.923,326.105,328.433,19.783,5.402,-693,,1,5.499,-87.98,1,0
2026-02-21T21:22:34.000Z,1771708954.000,32.633396648,-117.214754714,5.886,331.96,329.509,22.225,4.16,-694,,1,5.204,-86.02,1,0
2026-02-21T21:22:35.000Z,1771708955.000,32.63342055,-117.214772707,5.852,325.267,327.413,23.79,5.889,-695,,1,5.453,-84.368,1,0
2026-02-21T21:22:36.000Z,1771708956.000,32.633442933,-117.214794487,6.742,318.576,321.771,21.402,3.382,-696,,1,6.523,-83.261,1,0
2026-02-21T21:22:37.000Z,1771708957.000,32.633464233,-117.21481275,5.438,322.808,323.81,24.61,-0.371,-697,,1,5.14,-81.603,1,0
2026-02-21T21:22:38.000Z,1771708958.000,32.633485507,-117.21482974,5.842,323.623,327.027,25.17,0.471,-698,,1,5.488,-79.824,1,0
2026-02-21T21:22:39.000Z,1771708959.000,32.633507062,-117.214847185,5.778,326.51,327.868,20.522,5.741,-699,,1,5.315,-78.198,1,0
2026-02-21T21:22:40.000Z,1771708960.000,32.633529371,-117.214862593,5.65,330.804,328.494,19.232,4.377,-700,,1,5.009,-76.435,1,0
2026-02-21T21:22:41.000Z,1771708961.000,32.633552007,-117.214879655,5.787,325.724,327.35,17.965,6.664,-701,,1,5.341,-74.815,1,0
2026-02-21T21:22:42.000Z,1771708962.000,32.633576972,-117.214895922,6.133,329.79,327.917,22.196,0.029,-702,,1,5.469,-72.815,1,0
2026-02-21T21:22:43.000Z,1771708963.000,32.633600122,-117.214913085,5.912,328.764,328.815,21.42,1.725,-703,,1,5.311,-71.011,1,0
2026-02-21T21:22:44.000Z,1771708964.000,32.633622831,-117.214928697,5.985,325.76,330.243,22.717,2.051,-704,,1,5.499,-69.163,1,0
2026-02-21T21:22:45.000Z,1771708965.000,32.633647235,-117.214942121,5.869,335.772,332.89,22.856,1.947,-705,,1,4.892,-66.986,1,0
2026-02-21T21:22:46.000Z,1771708966.000,32.633671096,-117.21495626,5.724,331.95,335.513,22.792,1.428,-706,,1,4.96,-64.899,1,0
2026-02-21T21:22:47.000Z,1771708967.000,32.633695275,-117.214971899,5.928,333.629,336.225,21.976,4.153,-707,,1,5.036,-62.952,1,0
2026-02-21T21:22:48.000Z,1771708968.000,32.633722899,-117.214985075,6.4,338.901,336.637,24.549,2.007,-708,,1,5.085,-60.579,1,0
2026-02-21T21:22:49.000Z,1771708969.000,32.63375135,-117.214994585,6.423,347.17,338.443,25.395,3.398,-709,,1,4.463,-57.909,1,0
2026-02-21T21:22:50.000Z,1771708970.000,32.633780813,-117.215000418,6.662,345.799,348.852,26.024,4.26,-710,,1,4.705,-54.572,1,0
2026-02-21T21:22:51.000Z,1771708971.000,32.633810548,-117.215010134,6.301,340.891,343.536,21.614,7.605,-711,,1,4.795,-52.14,1,0
2026-02-21T21:22:52.000Z,1771708972.000,32.633840708,-117.215021175,6.391,342.268,340.408,26.806,0.388,-712,,1,4.738,-49.621,1,0
2026-02-21T21:22:53.000Z,1771708973.000,32.633868839,-117.215034295,6.4,329.369,339.062,30.928,2.235,-713,,1,5.568,-47.294,1,0
2026-02-21T21:22:54.000Z,1771708974.000,32.633893795,-117.215053355,6.229,319.225,330.475,25.033,2.582,-714,,1,5.87,-45.952,1,0
2026-02-21T21:22:55.000Z,1771708975.000,32.633916854,-117.2150744,6.189,320.957,326.056,23.316,1.473,-715,,1,5.762,-44.651,1,0
2026-02-21T21:22:56.000Z,1771708976.000,32.633938135,-117.215096187,5.948,320.669,321.653,19.043,0.974,-716,,1,5.544,-43.574,1,0
2026-02-21T21:22:57.000Z,1771708977.000,32.633959174,-117.215117418,6.256,321.576,320,19.095,-0.662,-717,,1,5.789,-42.313,1,0
2026-02-21T21:22:58.000Z,1771708978.000,32.63398096,-117.215137366,5.779,316.639,321.821,17.932,4.646,-718,,1,5.51,-40.68,1,0
2026-02-21T21:22:59.000Z,1771708979.000,32.634001848,-117.215155563,5.36,324.09,320.603,16.836,3.089,-719,,1,4.851,-39.292,1,0
2026-02-21T21:23:00.000Z,1771708980.000,32.634022954,-117.215172571,5.4,328.92,323.819,17.113,3.654,-720,,1,4.666,-37.524,1,0
2026-02-21T21:23:01.000Z,1771708981.000,32.634045891,-117.215189358,5.372,326.487,324.773,19.25,2.162,-721,,1,4.742,-35.722,1,0
2026-02-21T21:23:02.000Z,1771708982.000,32.634069484,-117.215205167,5.965,330.042,329.955,25.702,0.421,-722,,1,5.065,-33.536,1,0
2026-02-21T21:23:03.000Z,1771708983.000,32.634092529,-117.215224568,6.387,324.374,325.816,19.442,6.781,-723,,1,5.722,-32.16,1,0
2026-02-21T21:23:04.000Z,1771708984.000,32.634116635,-117.215241456,5.972,333.548,326.425,22.704,2.976,-724,,1,4.842,-30.267,1,0
2026-02-21T21:23:05.000Z,1771708985.000,32.634140387,-117.215257944,5.458,331.573,326.468,22.01,2.325,-725,,1,4.518,-28.433,1,0
2026-02-21T21:23:06.000Z,1771708986.000,32.634161374,-117.215274953,5.749,318.288,323.79,19.596,0.225,-726,,1,5.367,-27.09,1,0
2026-02-21T21:23:07.000Z,1771708987.000,32.634181415,-117.215293741,5.741,317.815,325.989,20.776,0.244,-727,,1,5.369,-25.573,1,0
2026-02-21T21:23:08.000Z,1771708988.000,32.634203268,-117.215313132,5.622,321.314,327.306,26.29,1.971,-728,,1,5.116,-23.953,1,0
2026-02-21T21:23:09.000Z,1771708989.000,32.634224553,-117.215332524,5.824,320.129,325.884,22.97,4.485,-729,,1,5.341,-22.577,1,0
2026-02-21T21:23:10.000Z,1771708990.000,32.634245951,-117.215351397,5.416,328.428,323.18,18.746,3.955,-730,,1,4.594,-21.261,1,0
2026-02-21T21:23:11.000Z,1771708991.000,32.634268911,-117.215369261,6.079,330.018,325.858,17.936,-0.263,-731,,1,5.048,-19.379,1,0
2026-02-21T21:23:12.000Z,1771708992.000,32.634292294,-117.215386269,5.977,331.194,331.699,19.825,-1.197,-732,,1,4.873,-17.22,1,0
2026-02-21T21:23:13.000Z,1771708993.000,32.634316514,-117.215401386,5.985,341.139,333.017,18.537,6.392,-733,,1,4.185,-15.213,1,0
2026-02-21T21:23:14.000Z,1771708994.000,32.634343989,-117.215412136,5.731,340.774,336.759,23.72,3.777,-734,,1,4.002,-12.562,1,0
2026-02-21T21:23:15.000Z,1771708995.000,32.634370883,-117.215423523,6.223,337.51,336.131,23.962,1.241,-735,,1,4.565,-10.261,1,0
2026-02-21T21:23:16.000Z,1771708996.000,32.634397586,-117.215433895,6.175,344.499,340.571,31.015,0.074,-736,,1,3.949,-7.654,1,0
2026-02-21T21:23:17.000Z,1771708997.000,32.634422972,-117.215448097,5.773,326.825,334.125,26.821,0.707,-737,,1,4.849,-5.946,1,0
2026-02-21T21:23:18.000Z,1771708998.000,32.634448221,-117.215464027,6.418,330.625,333.561,28.252,0.784,-738,,1,5.127,-3.975,1,0
2026-02-21T21:23:19.000Z,1771708999.000,32.634472521,-117.215483546,6.575,320.51,330.372,23.87,2.664,-739,,1,5.851,-2.4,1,0
2026-02-21T21:23:20.000Z,1771709000.000,32.63449559,-117.215503472,6.33,323.684,325.326,18.912,4.977,-740,,1,5.451,-1.101,1,0
2026-02-21T21:23:21.000Z,1771709001.000,32.634520759,-117.215520502,6.189,328.441,329.748,28.17,-0.519,-741,,1,5.026,1.15,1,0
2026-02-21T21:23:22.000Z,1771709002.000,32.634544,-117.215537235,5.653,332.091,329.152,27.751,2.501,-742,,1,4.351,2.88,1,0
2026-02-21T21:23:23.000Z,1771709003.000,32.634566911,-117.215554296,5.915,325.989,326.163,29.005,0.551,-743,,1,4.913,4.404,1,0
2026-02-21T21:23:24.000Z,1771709004.000,32.634588711,-117.215574632,5.731,314.835,323.07,25.589,3.389,-744,,1,5.278,5.681,1,0
2026-02-21T21:23:25.000Z,1771709005.000,32.634609925,-117.21559352,5.876,320.814,322.466,27.033,0.592,-745,,1,5.13,7.121,1,0
2026-02-21T21:23:26.000Z,1771709006.000,32.634628724,-117.215615693,5.9,315.209,317.99,21.819,2.105,-746,,1,5.401,7.914,1,0
2026-02-21T21:23:27.000Z,1771709007.000,32.63464791,-117.215638335,6.1,315.341,315.12,16.451,3.193,-747,,1,5.57,8.839,1,0
2026-02-21T21:23:28.000Z,1771709008.000,32.634666973,-117.215662669,5.9,308.862,315.175,17.384,2.721,-748,,1,5.618,9.907,1,0
2026-02-21T21:23:29.000Z,1771709009.000,32.634685412,-117.215686718,6.113,313.598,312.045,16.718,3.028,-749,,1,5.639,10.679,1,0
2026-02-21T21:23:30.000Z,1771709010.000,32.634704167,-117.215707694,5.615,322.551,313.195,16.354,1.329,-750,,1,4.766,11.922,1,0
2026-02-21T21:23:31.000Z,1771709011.000,32.634724016,-117.215727216,5.611,315.376,318.451,16.01,5.174,-751,,1,5.082,13.635,1,0
2026-02-21T21:23:32.000Z,1771709012.000,32.634744152,-117.215744536,5.451,326.365,318.367,11.617,10.376,-752,,1,4.388,15.058,1,0
2026-02-21T21:23:33.000Z,1771709013.000,32.634765418,-117.215760382,5.317,323.848,322.15,16.661,2.041,-753,,1,4.395,16.93,1,0
2026-02-21T21:23:34.000Z,1771709014.000,32.634786194,-117.215778414,5.935,323.993,325.601,17.285,2.43,-754,,1,4.876,18.64,1,0
2026-02-21T21:23:35.000Z,1771709015.000,32.634806148,-117.215798511,6.075,316.71,323.461,18.845,1.913,-755,,1,5.377,19.801,1,0
2026-02-21T21:23:36.000Z,1771709016.000,32.634826259,-117.215819515,5.9,320.657,322.626,23.368,0.391,-756,,1,5.004,21.036,1,0
2026-02-21T21:23:37.000Z,1771709017.000,32.634846155,-117.215838521,5.567,319.781,322.219,24.174,6.379,-757,,1,4.751,22.35,1,0
2026-02-21T21:23:38.000Z,1771709018.000,32.63486427,-117.215857008,5.025,317.913,319.998,21.1,2.236,-758,,1,4.361,23.371,1,0
2026-02-21T21:23:39.000Z,1771709019.000,32.634883804,-117.215874972,5.394,326.363,318.993,16.295,3.677,-759,,1,4.218,24.643,1,0
2026-02-21T21:23:40.000Z,1771709020.000,32.63490463,-117.215891279,5.415,323.183,323.338,21.381,0.466,-760,,1,4.392,26.491,1,0
2026-02-21T21:23:41.000Z,1771709021.000,32.634923742,-117.215909442,5.125,318.194,322.093,17.943,3.765,-761,,1,4.388,27.698,1,0
2026-02-21T21:23:42.000Z,1771709022.000,32.634942958,-117.215927772,5.4,318.474,320.54,19.324,1.687,-762,,1,4.594,28.885,1,0
2026-02-21T21:23:43.000Z,1771709023.000,32.634962007,-117.215946929,5.584,318.882,321.103,20.507,1.093,-763,,1,4.713,30.177,1,0
2026-02-21T21:23:44.000Z,1771709024.000,32.634981087,-117.215968286,5.578,316.901,319.966,19.218,1.701,-764,,1,4.793,31.269,1,0
2026-02-21T21:23:45.000Z,1771709025.000,32.635000882,-117.215987438,5.513,327.228,321.129,22.088,3.936,-765,,1,4.131,32.681,1,0
2026-02-21T21:23:46.000Z,1771709026.000,32.635020469,-117.216005029,5.315,322.627,319.941,20.423,1.383,-766,,1,4.233,33.959,1,0
2026-02-21T21:23:47.000Z,1771709027.000,32.635040348,-117.216020393,5.285,329.777,322.748,20.224,1.194,-767,,1,3.75,35.634,1,0
2026-02-21T21:23:48.000Z,1771709028.000,32.635060847,-117.216036147,5.124,326.759,325.066,21.022,2.133,-768,,1,3.795,37.32,1,0
2026-02-21T21:23:49.000Z,1771709029.000,32.635080337,-117.216052552,4.738,317.782,325.681,24.183,5.141,-769,,1,3.945,38.758,1,0
2026-02-21T21:23:50.000Z,1771709030.000,32.635099493,-117.216070052,5.4,325.641,322.404,24.065,3.931,-770,,1,4.024,39.854,1,0
2026-02-21T21:23:51.000Z,1771709031.000,32.635118258,-117.21609099,5.678,315.23,319.469,24.397,0.563,-771,,1,4.829,40.8,1,0
2026-02-21T21:23:52.000Z,1771709032.000,32.635136488,-117.216112925,5.904,315.519,318.709,24.439,-0.947,-772,,1,4.988,41.812,1,0
2026-02-21T21:23:53.000Z,1771709033.000,32.635153352,-117.216135127,5.771,313.959,317.474,18.79,2.66,-773,,1,4.942,42.637,1,0
2026-02-21T21:23:54.000Z,1771709034.000,32.635170864,-117.216155528,5.232,326.253,316.299,14.846,7.438,-774,,1,3.782,43.598,1,0
2026-02-21T21:23:55.000Z,1771709035.000,32.635190051,-117.216170477,4.773,330.315,321.422,15.19,3.896,-775,,1,3.176,45.391,1,0
2026-02-21T21:23:56.000Z,1771709036.000,32.635210249,-117.216183942,4.739,328.482,328.069,22.324,1.144,-776,,1,3.232,47.426,1,0
2026-02-21T21:23:57.000Z,1771709037.000,32.635229381,-117.216202844,5.385,316.255,321.126,17.079,1.326,-777,,1,4.406,48.213,1,0
2026-02-21T21:23:58.000Z,1771709038.000,32.635250825,-117.216219544,5.854,327.323,326.94,21.931,-0.339,-778,,1,4.011,50.206,1,0
2026-02-21T21:23:59.000Z,1771709039.000,32.635272014,-117.216235605,5.712,325.052,327.436,25.141,1.715,-779,,1,4.039,51.823,1,0
2026-02-21T21:24:00.000Z,1771709040.000,32.635293901,-117.21625265,5.629,327.233,326.247,25.744,2.61,-780,,1,3.79,53.362,1,0
2026-02-21T21:24:01.000Z,1771709041.000,32.635315451,-117.216270311,5.889,327.37,322.994,23.574,3.709,-781,,1,3.918,54.7,1,0
2026-02-21T21:24:02.000Z,1771709042.000,32.635338146,-117.21628785,6.036,321.914,325.971,26.804,-0.25,-782,,1,4.382,56.589,1,0
2026-02-21T21:24:03.000Z,1771709043.000,32.635358318,-117.216308477,6.071,319.947,321.86,20.822,2.36,-783,,1,4.517,57.616,1,0
2026-02-21T21:24:04.000Z,1771709044.000,32.635380952,-117.2163279,5.811,320.657,321.055,22.264,0.743,-784,,1,4.236,59.167,1,0
2026-02-21T21:24:05.000Z,1771709045.000,32.635402748,-117.216345426,5.988,326.455,322.787,23.026,-0.001,-785,,1,3.882,60.883,1,0
2026-02-21T21:24:06.000Z,1771709046.000,32.635424172,-117.216364198,5.8,322.25,322.87,22.419,2.333,-786,,1,4.033,62.397,1,0
2026-02-21T21:24:07.000Z,1771709047.000,32.635444149,-117.216384876,5.815,318.282,320.628,18.735,0.303,-787,,1,4.288,63.528,1,0
2026-02-21T21:24:08.000Z,1771709048.000,32.635465639,-117.216406041,6.22,320.407,320.416,17.399,-0.602,-788,,1,4.384,64.941,1,0
2026-02-21T21:24:09.000Z,1771709049.000,32.635487804,-117.216426326,6.088,322.945,323.913,20.327,0.756,-789,,1,4.042,66.718,1,0
2026-02-21T21:24:10.000Z,1771709050.000,32.635509989,-117.216445151,5.829,327.373,322.237,19.995,2.244,-790,,1,3.473,68.185,1,0
2026-02-21T21:24:11.000Z,1771709051.000,32.63553251,-117.216462702,5.511,322.549,323.573,20.425,3.526,-791,,1,3.595,69.944,1,0
2026-02-21T21:24:12.000Z,1771709052.000,32.635554074,-117.216480913,5.677,326.15,322.036,16.347,3.154,-792,,1,3.376,71.379,1,0
2026-02-21T21:24:13.000Z,1771709053.000,32.635576064,-117.216498439,6.113,324.921,323.649,19.641,0.458,-793,,1,3.682,73.105,1,0
2026-02-21T21:24:14.000Z,1771709054.000,32.635597632,-117.216518384,5.91,321.774,322.206,15.032,3.284,-794,,1,3.763,74.484,1,0
2026-02-21T21:24:15.000Z,1771709055.000,32.635618409,-117.216538367,5.746,320.116,317.573,11.16,2.461,-795,,1,3.741,75.547,1,0
2026-02-21T21:24:16.000Z,1771709056.000,32.635640569,-117.216554704,5.464,325.938,322.319,14.758,-0.102,-796,,1,3.057,77.563,1,0
2026-02-21T21:24:17.000Z,1771709057.000,32.635663966,-117.216569402,5.913,330.549,329.33,18.692,1.363,-797,,1,2.828,79.9,1,0
2026-02-21T21:24:18.000Z,1771709058.000,32.635688647,-117.216584839,6.166,328.781,334.281,23.102,-0.894,-798,,1,3.034,82.177,1,0
2026-02-21T21:24:19.000Z,1771709059.000,32.63571181,-117.216602138,6.25,323.641,334.346,26.557,2.373,-799,,1,3.481,83.92,1,0
2026-02-21T21:24:20.000Z,1771709060.000,32.635734192,-117.216621596,6.058,324.956,330.583,20.171,7.333,-800,,1,3.193,85.267,1,0
2026-02-21T21:24:21.000Z,1771709061.000,32.635758783,-117.216638736,6,327.939,328.385,22.886,3.195,-801,,1,2.817,87.016,1,0
2026-02-21T21:24:22.000Z,1771709062.000,32.635783527,-117.216653522,6.312,334.511,328.258,21.889,5.986,-802,,1,2.219,89.002,1,0
2026-02-21T21:24:23.000Z,1771709063.000,32.635807512,-117.216668022,6.142,329.336,327.772,20.972,0.423,-803,,1,2.588,90.895,1,0
2026-02-21T21:24:24.000Z,1771709064.000,32.635831319,-117.21668452,5.541,327.636,329.827,20.443,-0.421,-804,,1,2.407,92.868,1,0
2026-02-21T21:24:25.000Z,1771709065.000,32.635853262,-117.216700284,5.677,325.216,331.19,23.985,0.171,-805,,1,2.609,94.625,1,0
2026-02-21T21:24:26.000Z,1771709066.000,32.635875023,-117.2167195,5.987,318.911,326.02,20.397,3.661,-806,,1,3.253,95.813,1,0
2026-02-21T21:24:27.000Z,1771709067.000,32.635897706,-117.216737468,6.084,328.186,326.483,23.262,0.823,-807,,1,2.355,97.511,1,0
2026-02-21T21:24:28.000Z,1771709068.000,32.635920528,-117.216757153,6.089,320.707,325.855,22.062,1.7,-808,,1,2.988,99.087,1,0
2026-02-21T21:24:29.000Z,1771709069.000,32.635942662,-117.216778348,6.237,318.907,323.476,18.985,0.531,-809,,1,3.15,100.415,1,0
2026-02-21T21:24:30.000Z,1771709070.000,32.635964895,-117.216795358,5.857,328.164,326.031,16.848,0.37,-810,,1,2.021,102.247,1,0
2026-02-21T21:24:31.000Z,1771709071.000,32.635987756,-117.216810543,5.176,334.824,333.133,23.064,2.531,-811,,1,1.127,104.493,1,0
2026-02-21T21:24:32.000Z,1771709072.000,32.636010403,-117.216828139,5.624,324.435,327.932,19.437,5.738,-812,,1,2.116,105.839,1,0
2026-02-21T21:24:33.000Z,1771709073.000,32.636033554,-117.21684534,6.2,326.158,324.527,20.796,0.94,-813,,1,2.068,107.35,1,0
2026-02-21T21:24:34.000Z,1771709074.000,32.636057756,-117.216861601,6.237,326.293,329.261,18.887,3.212,-814,,1,1.962,109.554,1,0
2026-02-21T21:24:35.000Z,1771709075.000,32.636081117,-117.216878316,5.823,325.905,328.935,21.619,0.387,-815,,1,1.778,111.315,1,0
2026-02-21T21:24:36.000Z,1771709076.000,32.636102811,-117.216896114,5.7,324.82,325.338,14.097,4.412,-816,,1,1.759,112.645,1,0
2026-02-21T21:24:37.000Z,1771709077.000,32.63612658,-117.216910843,6.029,336.12,329.847,22.66,3.024,-817,,1,0.597,114.842,1,0
2026-02-21T21:24:38.000Z,1771709078.000,32.636150962,-117.216926236,6.355,325.509,331.316,25.585,0.848,-818,,1,1.676,116.871,1,0
2026-02-21T21:24:39.000Z,1771709079.000,32.636172928,-117.21694381,5.888,324.6,327.706,25.874,2.176,-819,,1,1.551,118.244,1,0
2026-02-21T21:24:40.000Z,1771709080.000,32.636194239,-117.216961599,5.743,321.755,324.972,21.639,1.004,-820,,1,1.699,119.592,1,0
2026-02-21T21:24:41.000Z,1771709081.000,32.636216605,-117.216979655,5.622,321.285,326.98,21.914,2.552,-821,,1,1.614,121.36,1,0
2026-02-21T21:24:42.000Z,1771709082.000,32.636238241,-117.216999729,5.988,319.199,324.075,16.463,2.595,-822,,1,1.831,122.644,1,0
2026-02-21T21:24:43.000Z,1771709083.000,32.636259752,-117.217020245,6.074,323.025,320.309,12.489,2.329,-823,,1,1.367,123.832,1,0
2026-02-21T21:24:44.000Z,1771709084.000,32.636282442,-117.217038561,6.058,325.925,322.927,14.352,-1.1,-824,,1,0.955,125.673,1,0
2026-02-21T21:24:45.000Z,1771709085.000,32.636304438,-117.217054554,6.573,331.477,330.107,23.542,-1.331,-825,,1,0.29,127.824,1,0
2026-02-21T21:24:46.000Z,1771709086.000,32.636325705,-117.21707175,5.5,328.235,327.308,18.6,6.742,-826,,1,0.462,129.192,1,0
2026-02-21T21:24:47.000Z,1771709087.000,32.636348218,-117.217088467,5.585,327.05,325.424,19.443,6.742,-827,,1,0.488,130.76,1,0
2026-02-21T21:24:48.000Z,1771709088.000,32.636369764,-117.217106987,5.511,315.628,322.509,24.055,2.565,-828,,1,1.468,132.087,1,0
2026-02-21T21:24:49.000Z,1771709089.000,32.636383878,-117.217130306,4.725,305.61,302.47,15.22,0.919,-829,,1,1.982,131.154,1,0
2026-02-21T21:24:50.000Z,1771709090.000,32.636389297,-117.21715586,5.386,272.101,285.583,-0.912,-1.762,-830,,1,4.567,129.417,1,0
2026-02-21T21:24:51.000Z,1771709091.000,32.636389488,-117.217182581,4.978,265.291,268.77,-1.013,2.178,-831,,1,4.502,127.153,1,0
2026-02-21T21:24:52.000Z,1771709092.000,32.636382538,-117.21720736,4.664,244.462,247.343,5.788,7.066,-832,,1,4.653,124.121,1,0
2026-02-21T21:24:53.000Z,1771709093.000,32.636369558,-117.217226383,4.316,223.114,235.068,-8.437,4.443,-833,,1,4.108,121.479,1,0
2026-02-21T21:24:54.000Z,1771709094.000,32.636355125,-117.217243405,4.511,227.776,241.931,-19.191,-1.291,-834,,1,4.391,119.703,1,0
2026-02-21T21:24:55.000Z,1771709095.000,32.636342121,-117.21726252,4.752,232.474,254.841,-28.329,2.584,-835,,1,4.702,118.422,1,0
2026-02-21T21:24:56.000Z,1771709096.000,32.636331206,-117.217284403,4.656,238.555,254.238,-18.529,7.614,-836,,1,4.653,116.463,1,0
2026-02-21T21:24:57.000Z,1771709097.000,32.636320693,-117.217308468,4.89,245.369,257.163,-15.448,0.518,-837,,1,4.873,114.697,1,0
2026-02-21T21:24:58.000Z,1771709098.000,32.636312408,-117.217333204,4.788,246.96,255.623,-8.149,3.707,-838,,1,4.759,112.845,1,0
2026-02-21T21:24:59.000Z,1771709099.000,32.636302813,-117.217357642,4.913,247.085,255.2,-7.858,1.164,-839,,1,4.88,110.944,1,0
2026-02-21T21:25:00.000Z,1771709100.000,32.636292911,-117.217381119,5.428,245.26,257.509,-15.438,-2.642,-840,,1,5.408,109.223,1,0
2026-02-21T21:25:01.000Z,1771709101.000,32.636282794,-117.217405667,4.778,239.316,254.051,-7.384,7.299,-841,,1,4.777,107.068,1,0
2026-02-21T21:25:02.000Z,1771709102.000,32.636271579,-117.217430144,5,243.727,254.829,-10.877,1.575,-842,,1,4.991,105.075,1,0
2026-02-21T21:25:03.000Z,1771709103.000,32.636261257,-117.21745547,5.4,249.3,260.633,-17.259,0.82,-843,,1,5.331,103.479,1,0
2026-02-21T21:25:04.000Z,1771709104.000,32.636253377,-117.217480697,4.946,254.814,259.795,-7.818,4.661,-844,,1,4.781,101.694,1,0
2026-02-21T21:25:05.000Z,1771709105.000,32.636245483,-117.217503103,4.576,244.248,256.908,-15.668,2.494,-845,,1,4.563,99.875,1,0
2026-02-21T21:25:06.000Z,1771709106.000,32.636238052,-117.217523988,4.442,246.654,259.663,-12.079,5.202,-846,,1,4.409,98.535,1,0
2026-02-21T21:25:07.000Z,1771709107.000,32.636230429,-117.217547778,5.249,248.177,261.168,-12.438,2.473,-847,,1,5.188,96.989,1,0
2026-02-21T21:25:08.000Z,1771709108.000,32.636225554,-117.217571224,4.135,257.527,259.242,-4.5,1.966,-848,,1,3.925,95.504,1,0
2026-02-21T21:25:09.000Z,1771709109.000,32.636218953,-117.217592054,4.337,244.216,251.672,-5.683,-1.015,-849,,1,4.321,93.58,1,0
2026-02-21T21:25:10.000Z,1771709110.000,32.636209475,-117.217611792,4.839,242.775,252.646,-14.095,-1.652,-850,,1,4.83,91.949,1,0
2026-02-21T21:25:11.000Z,1771709111.000,32.636200638,-117.217633224,4.811,236.694,251.081,-15.953,5.147,-851,,1,4.806,90.166,1,0
2026-02-21T21:25:12.000Z,1771709112.000,32.636191914,-117.217652885,4.313,241,251.852,-15.443,1.328,-852,,1,4.31,88.601,1,0
2026-02-21T21:25:13.000Z,1771709113.000,32.636182676,-117.217672821,5.027,236.675,250.646,-14.483,0.737,-853,,1,5.022,86.855,1,0
2026-02-21T21:25:14.000Z,1771709114.000,32.636173438,-117.217692775,4.243,242.575,253.748,-13.357,1.124,-854,,1,4.234,85.371,1,0
2026-02-21T21:25:15.000Z,1771709115.000,32.636164548,-117.217710475,4.288,230.265,251.668,-16.064,1.505,-855,,1,4.238,83.686,1,0
2026-02-21T21:25:16.000Z,1771709116.000,32.636155224,-117.217727726,3.886,236.154,248.32,-13.488,1.663,-856,,1,3.88,81.903,1,0
2026-02-21T21:25:17.000Z,1771709117.000,32.636142329,-117.217745348,4.887,224.005,244.923,-19.268,1.291,-857,,1,4.706,79.749,1,0
2026-02-21T21:25:18.000Z,1771709118.000,32.636130069,-117.217764234,4.7,229.97,246.613,-15.241,7.183,-858,,1,4.632,77.897,1,0
2026-02-21T21:25:19.000Z,1771709119.000,32.636119168,-117.21778325,4.125,243.918,251.836,-13.644,5.696,-859,,1,4.113,76.394,1,0
2026-02-21T21:25:20.000Z,1771709120.000,32.636109608,-117.217804411,4.287,238.125,249.377,-12.913,0.766,-860,,1,4.285,74.496,1,0
2026-02-21T21:25:21.000Z,1771709121.000,32.636099238,-117.217825368,4.589,242.034,249.11,-13.266,-0.32,-861,,1,4.585,72.652,1,0
2026-02-21T21:25:22.000Z,1771709122.000,32.636090023,-117.217844204,4.212,238.248,247.91,-10.694,5.361,-862,,1,4.211,70.951,1,0
2026-02-21T21:25:23.000Z,1771709123.000,32.636081221,-117.217862214,3.687,238.505,244.551,-5.531,2.133,-863,,1,3.686,69.207,1,0
2026-02-21T21:25:24.000Z,1771709124.000,32.636070353,-117.217879785,3.932,235.419,243.434,-3.498,0.873,-864,,1,3.919,67.392,1,0
2026-02-21T21:25:25.000Z,1771709125.000,32.636057774,-117.217895002,4.175,223.621,233.288,-5.917,4.889,-865,,1,3.985,65.073,1,0
2026-02-21T21:25:26.000Z,1771709126.000,32.636043351,-117.217909192,4.258,218.761,232.6,-7.884,3.345,-866,,1,3.925,63.049,1,0
2026-02-21T21:25:27.000Z,1771709127.000,32.636027491,-117.217924258,4.559,223.725,239.984,-13.141,0.228,-867,,1,4.334,61.205,1,0
2026-02-21T21:25:28.000Z,1771709128.000,32.636013798,-117.217942485,4.5,230.155,242.043,-12.21,3.176,-868,,1,4.403,59.24,1,0
2026-02-21T21:25:29.000Z,1771709129.000,32.636001364,-117.217962179,4.165,244.937,251.329,-20.813,0.424,-869,,1,4.158,57.772,1,0
2026-02-21T21:25:30.000Z,1771709130.000,32.635992003,-117.217983091,4.129,238.44,252.568,-12.429,6.518,-870,,1,4.123,56.122,1,0
2026-02-21T21:25:31.000Z,1771709131.000,32.635983377,-117.2180047,4.223,252.361,251.84,-4.333,2.693,-871,,1,4.149,54.406,1,0
2026-02-21T21:25:32.000Z,1771709132.000,32.63597429,-117.21802234,3.751,234.274,243.058,-7.282,-0.798,-872,,1,3.714,52.333,1,0
2026-02-21T21:25:33.000Z,1771709133.000,32.635962983,-117.218035433,3.813,216.363,240.406,-13.066,2.153,-873,,1,3.41,50.562,1,0
2026-02-21T21:25:34.000Z,1771709134.000,32.635951205,-117.2180514,3.21,235.372,246.51,-10.206,5.328,-874,,1,3.182,49.095,1,0
2026-02-21T21:25:35.000Z,1771709135.000,32.635940721,-117.218070059,4.328,239.683,247.852,-9.801,0.728,-875,,1,4.321,47.416,1,0
2026-02-21T21:25:36.000Z,1771709136.000,32.635930316,-117.218089826,4.286,239.989,246.422,-6.838,1.248,-876,,1,4.278,45.548,1,0
2026-02-21T21:25:37.000Z,1771709137.000,32.635919636,-117.218110469,4.321,235.015,247.781,-7.733,1.156,-877,,1,4.274,43.778,1,0
2026-02-21T21:25:38.000Z,1771709138.000,32.635909356,-117.218128727,4.052,231.993,246.405,-6.163,3.765,-878,,1,3.966,41.981,1,0
2026-02-21T21:25:39.000Z,1771709139.000,32.63589957,-117.218146167,4.015,237.975,243.873,-9.924,2.12,-879,,1,3.99,40.204,1,0
2026-02-21T21:25:40.000Z,1771709140.000,32.635891269,-117.218164179,3.915,247.891,259.78,-15.581,2.004,-880,,1,3.901,39.671,1,0
2026-02-21T21:25:41.000Z,1771709141.000,32.635891185,-117.218182554,3.123,279.234,273.832,-1.771,2.548,-881,,1,2.453,40.009,1,0
2026-02-21T21:25:42.000Z,1771709142.000,32.635894483,-117.218196744,2.726,275.234,286.06,-3.003,3.062,-882,,1,2.199,40.792,1,0
2026-02-21T21:25:43.000Z,1771709143.000,32.635903005,-117.218206919,2.7,314.853,302.27,4.728,-0.626,-883,,1,0.556,42.604,1,0
2026-02-21T21:25:44.000Z,1771709144.000,32.635911793,-117.218217401,2.612,320.495,311.741,2.499,4.774,-884,,1,0.203,43.865,1,0
2026-02-21T21:25:45.000Z,1771709145.000,32.635922441,-117.218228177,3.012,328.584,317.451,9.886,2.248,-885,,1,-0.285,44.993,1,0
2026-02-21T21:25:46.000Z,1771709146.000,32.635933606,-117.218239906,3.627,321.966,319.021,15.413,1.061,-886,,1,-0.041,45.824,1,0
2026-02-21T21:25:47.000Z,1771709147.000,32.63594364,-117.218254164,3.579,301.4,318.774,11.962,3.405,-887,,1,1.108,46.313,1,0
2026-02-21T21:25:48.000Z,1771709148.000,32.635953212,-117.218269084,3.236,307.764,315.404,11.391,6.374,-888,,1,0.548,46.498,1,0
2026-02-21T21:25:49.000Z,1771709149.000,32.635964929,-117.218282913,3.785,316.634,316.033,9.039,-2.455,-889,,1,-0.077,47.241,1,0
2026-02-21T21:25:50.000Z,1771709150.000,32.635977343,-117.218294284,3.556,332.328,329.19,4.587,6.502,-890,,1,-1.135,49.02,1,0
2026-02-21T21:25:51.000Z,1771709151.000,32.635994215,-117.218299785,4.064,347.965,343.058,14.981,0.48,-891,,1,-2.363,51.368,1,0
2026-02-21T21:25:52.000Z,1771709152.000,32.636011999,-117.218305091,4.398,343.956,347.427,17.417,-0.454,-892,,1,-2.401,53.212,1,0
2026-02-21T21:25:53.000Z,1771709153.000,32.636029211,-117.218314763,3.9,331.008,338.204,9.361,8.969,-893,,1,-1.494,54.139,2,0.474
2026-02-21T21:25:54.000Z,1771709154.000,32.636046583,-117.218328173,4.234,325.478,326.488,11.059,2.953,-894,,1,-1.421,54.696,2,0.215
2026-02-21T21:25:55.000Z,1771709155.000,32.636059514,-117.218347621,4.524,296.353,305.942,11.33,0.427,-895,,1,0.535,53.781,1,0
2026-02-21T21:25:56.000Z,1771709156.000,32.636063241,-117.218370079,4.285,270.037,277.811,7.106,0.097,-896,,1,2.231,51.095,1,0
2026-02-21T21:25:57.000Z,1771709157.000,32.636058577,-117.218390626,3.779,240.722,253.774,-0.807,2.428,-897,,1,3.286,48.143,1,0
2026-02-21T21:25:58.000Z,1771709158.000,32.636046897,-117.2184044,4.088,215.051,237.874,-9.909,2.95,-898,,1,4.082,45.567,1,0
2026-02-21T21:25:59.000Z,1771709159.000,32.636034606,-117.218414426,3.173,211.644,232.093,-11.649,6.268,-899,,1,3.173,43.693,1,0
2026-02-21T21:26:00.000Z,1771709160.000,32.636021898,-117.218424404,3.343,217.447,237.579,-17.839,0.483,-900,,1,3.327,42.263,1,0
2026-02-21T21:26:01.000Z,1771709161.000,32.636008134,-117.218435574,3.777,212.305,237.139,-15.783,3.861,-901,,1,3.777,40.426,1,0
2026-02-21T21:26:02.000Z,1771709162.000,32.635992832,-117.218447394,3.853,217.356,242.081,-18.31,0.35,-902,,1,3.83,38.667,1,0
2026-02-21T21:26:03.000Z,1771709163.000,32.635979796,-117.218462228,4.012,224.205,242.654,-16.615,3.829,-903,,1,3.895,36.82,1,0
2026-02-21T21:26:04.000Z,1771709164.000,32.635965998,-117.21848109,4.788,229.389,242.414,-15.959,1.112,-904,,1,4.493,34.706,1,0
2026-02-21T21:26:05.000Z,1771709165.000,32.635950686,-117.218499378,4.575,230.309,239.841,-18.615,5.815,-905,,1,4.241,32.341,1,0
2026-02-21T21:26:06.000Z,1771709166.000,32.635935428,-117.218517199,4.317,222.395,238.394,-17.372,4.516,-906,,1,4.166,30.059,1,0
2026-02-21T21:26:07.000Z,1771709167.000,32.635919556,-117.218534256,4.51,224.929,241.964,-23.207,2.307,-907,,1,4.252,27.987,1,0
2026-02-21T21:26:08.000Z,1771709168.000,32.635904461,-117.218552492,4.953,219.909,234.405,-14.73,5.528,-908,,1,4.781,25.425,1,0
2026-02-21T21:26:09.000Z,1771709169.000,32.635883838,-117.218566329,5.487,209.592,229.949,-25.031,0.041,-909,,1,5.47,22.628,2,0.087
2026-02-21T21:26:10.000Z,1771709170.000,32.635862555,-117.218580831,6.039,202.093,222.747,-25.009,-0.57,-910,,1,6.025,19.69,2,0.758
2026-02-21T21:26:11.000Z,1771709171.000,32.635839318,-117.218593191,5.795,201.524,215.147,-29.916,2.36,-911,,1,5.754,16.687,2,1.691
2026-02-21T21:26:12.000Z,1771709172.000,32.635814338,-117.218609111,6.112,211.254,216.011,-20.113,3.045,-912,,1,6.103,13.564,2,1.724
2026-02-21T21:26:13.000Z,1771709173.000,32.635786811,-117.218623514,6.659,201.459,213.774,-17.781,1.196,-913,,1,6.577,10.181,2,2.672
2026-02-21T21:26:14.000Z,1771709174.000,32.63575652,-117.218639864,6.958,203.834,220.442,-20.43,-0.493,-914,,1,6.928,6.616,2,2.984
2026-02-21T21:26:15.000Z,1771709175.000,32.635728267,-117.218657602,6.912,208.149,218.896,-16.419,2.837,-915,,1,6.888,3.038,2,3.669
2026-02-21T21:26:16.000Z,1771709176.000,32.635699981,-117.218675271,7.274,206.952,217.882,-16.495,1.387,-916,,1,-5.966,-0.525,2,3.923
2026-02-21T21:26:17.000Z,1771709177.000,32.635672025,-117.218693579,7.171,208.432,214.182,-6.603,2.505,-917,,1,-7.086,-4.12,2,4.362
2026-02-21T21:26:18.000Z,1771709178.000,32.635642755,-117.218708925,6.253,200.993,209.767,-8.44,1.854,-918,,1,-6.249,-7.738,2,4.052
2026-02-21T21:26:19.000Z,1771709179.000,32.635614724,-117.218720906,6.287,197.074,211.236,-13.563,0.576,-919,,1,-6.28,-11.029,1,0
2026-02-21T21:26:20.000Z,1771709180.000,32.63558787,-117.218732041,6.3,198.959,213.154,-14.299,0.464,-920,,1,-6.298,-14.161,2,1.759
2026-02-21T21:26:21.000Z,1771709181.000,32.635560775,-117.218742535,5.911,198.161,214.262,-14.298,5.15,-921,,1,-5.907,-17.301,2,5.301
2026-02-21T21:26:22.000Z,1771709182.000,32.635533257,-117.218755002,6.524,202.146,215.829,-13.379,3.078,-922,,1,-6.522,-20.548,2,8.784
2026-02-21T21:26:23.000Z,1771709183.000,32.635503761,-117.218768007,7.115,205.949,217.568,-21.67,-0.31,-923,,1,-7.088,-24.009,2,12.744
2026-02-21T21:26:24.000Z,1771709184.000,32.635474276,-117.218782112,7.37,202.392,214.391,-18.048,1.436,-924,,1,-7.366,-27.601,2,17.072
2026-02-21T21:26:25.000Z,1771709185.000,32.635442363,-117.218798185,7.512,205.17,219.778,-21.395,1.943,-925,,1,-7.497,-31.349,2,20.751
2026-02-21T21:26:26.000Z,1771709186.000,32.63541147,-117.218816826,7.438,205.563,220.488,-21.486,2.097,-926,,1,-7.426,-35.176,2,24.484
2026-02-21T21:26:27.000Z,1771709187.000,32.635380861,-117.218834732,7.4,206.732,220.478,-21.434,2.439,-927,,1,-7.381,-38.964,2,28.178
2026-02-21T21:26:28.000Z,1771709188.000,32.635349893,-117.218855508,7.322,211.197,222.443,-16.252,0.193,-928,,1,-7.255,-42.843,2,31.173
2026-02-21T21:26:29.000Z,1771709189.000,32.635319455,-117.21887443,7.839,205.488,217.43,-16.904,0.664,-929,,1,-7.833,-46.769,2,34.805
2026-02-21T21:26:30.000Z,1771709190.000,32.635288726,-117.21889103,7.156,204.496,209.467,-8.487,5.341,-930,,1,-7.152,-50.636,2,38.98
2026-02-21T21:26:31.000Z,1771709191.000,32.635257116,-117.218903398,6.589,194.471,196.033,-4.318,-0.116,-931,,1,-6.543,-54.318,2,43.729
2026-02-21T21:26:32.000Z,1771709192.000,32.635224514,-117.218908159,7.3,183.776,176.796,-0.428,-3.143,-932,,1,-7.048,-57.39,2,49.364
2026-02-21T21:26:33.000Z,1771709193.000,32.635193803,-117.21889962,6.9,159.38,145.975,8.265,1.124,-933,,1,-5.596,-58.577,2,56.601
2026-02-21T21:26:34.000Z,1771709194.000,32.635167731,-117.218878885,6.915,142.51,127.409,14.152,1.522,-934,,1,-4.5,-59.129,2,63.164
2026-02-21T21:26:35.000Z,1771709195.000,32.635147991,-117.21885202,6.065,127.883,124.716,5.672,2.197,-935,,1,-2.918,-59.957,2,68.841
2026-02-21T21:26:36.000Z,1771709196.000,32.635132582,-117.218825652,5.773,127.849,129.579,-7.648,1.916,-936,,1,-2.974,-60.955,3,73.954
2026-02-21T21:26:37.000Z,1771709197.000,32.635113834,-117.21880202,6.41,132.569,129.233,0.783,0.381,-937,,1,-3.936,-61.986,3,79.547
2026-02-21T21:26:38.000Z,1771709198.000,32.635094713,-117.218775252,6.653,129.786,128.256,-2.916,1.192,-938,,1,-4.043,-62.89,3,77.455
2026-02-21T21:26:39.000Z,1771709199.000,32.635075361,-117.218747425,6.061,135.397,129.943,1.526,3.072,-939,,1,-4.3,-63.988,3,82.428
2026-02-21T21:26:40.000Z,1771709200.000,32.635057638,-117.218721494,6.087,130.575,130.254,-1.395,-0.379,-940,,1,-4.097,-64.88,3,87.611
2026-02-21T21:26:41.000Z,1771709201.000,32.635040442,-117.218696598,5.915,122.723,127.707,-1.731,-1.356,-941,,1,-3.505,-65.534,3,93.081
2026-02-21T21:26:42.000Z,1771709202.000,32.635023128,-117.218669492,6.443,126.808,124.33,-1.475,-2.124,-942,,1,-4.344,-66.051,3,98.353
2026-02-21T21:26:43.000Z,1771709203.000,32.635007339,-117.218640608,6.648,120.614,120.589,-0.041,-0.92,-943,,1,-4.113,-66.314,3,103.885
2026-02-21T21:26:44.000Z,1771709204.000,32.634990983,-117.21861085,6.669,121.603,120.542,4.145,-1.676,-944,,1,-4.378,-66.899,3,109.693
2026-02-21T21:26:45.000Z,1771709205.000,32.634974881,-117.218579707,6.411,122.888,122.287,-2.065,-2.928,-945,,1,-4.459,-67.551,3,115.707
2026-02-21T21:26:46.000Z,1771709206.000,32.634959056,-117.218550206,6.561,124.388,120.201,-1.738,-1.807,-946,,1,-4.819,-67.927,3,121.633
2026-02-21T21:26:47.000Z,1771709207.000,32.634942409,-117.21852058,6.66,123.872,120.981,-1.406,-2.574,-947,,1,-4.968,-68.613,3,127.88
2026-02-21T21:26:48.000Z,1771709208.000,32.634926385,-117.218490625,6.754,123.429,122.926,0.335,-2.255,-948,,1,-5.112,-69.317,3,134.066
2026-02-21T21:26:49.000Z,1771709209.000,32.634910274,-117.218458817,6.646,123.269,123.023,1.393,0.214,-949,,1,-5.13,-69.813,3,140.661
2026-02-21T21:26:50.000Z,1771709210.000,32.634894936,-117.218428685,6.238,122.432,124.106,4.847,-2.21,-950,,1,-4.846,-70.37,3,146.925
2026-02-21T21:26:51.000Z,1771709211.000,32.634880785,-117.218400579,6,123.942,126.164,-1.534,-2.328,-951,,1,-4.829,-70.957,3,152.956
2026-02-21T21:26:52.000Z,1771709212.000,32.634866348,-117.218373201,5.879,122.458,127.742,-4.856,-2.613,-952,,1,-4.703,-71.56,3,159.027
2026-02-21T21:26:53.000Z,1771709213.000,32.634852447,-117.218346488,5.776,123.476,128.286,-2.818,-2.284,-953,,1,-4.74,-72.051,3,164.965
2026-02-21T21:26:54.000Z,1771709214.000,32.634836947,-117.218319042,6.025,123.079,126.246,0.297,-2.314,-954,,1,-4.983,-72.476,3,170.968
2026-02-21T21:26:55.000Z,1771709215.000,32.634822696,-117.218291682,5.845,121.364,123.807,-0.902,-1.208,-955,,1,-4.794,-72.743,3,176.914
2026-02-21T21:26:56.000Z,1771709216.000,32.634809238,-117.218263299,5.811,120.578,124.242,-0.74,-2.567,-956,,1,-4.776,-73.12,3,182.918
2026-02-21T21:26:57.000Z,1771709217.000,32.634795798,-117.218237074,5.612,122.461,129.186,-1.688,-0.155,-957,,1,-4.75,-73.929,3,188.252
2026-02-21T21:26:58.000Z,1771709218.000,32.634780926,-117.218211151,5.985,122.645,129.525,-2.265,-1.534,-958,,1,-5.116,-74.532,3,193.901
2026-02-21T21:26:59.000Z,1771709219.000,32.634765449,-117.218183796,6,123.728,124.917,1.722,-2.453,-959,,1,-5.235,-74.756,3,199.908
2026-02-21T21:27:00.000Z,1771709220.000,32.634751057,-117.218155003,6.454,119.894,123.72,2.247,-2.556,-960,,1,-5.458,-75.083,3,205.861
2026-02-21T21:27:01.000Z,1771709221.000,32.634737159,-117.218125624,6.362,118.01,126.649,-4.047,-2.105,-961,,1,-5.31,-75.666,3,211.988
2026-02-21T21:27:02.000Z,1771709222.000,32.634722313,-117.218098278,6.1,120.286,125.879,-3.368,-4.526,-962,,1,-5.259,-76.128,3,217.809
2026-02-21T21:27:03.000Z,1771709223.000,32.634705439,-117.218070387,6.366,124.614,121.639,4.589,-3.987,-963,,1,-5.753,-76.5,3,223.838
2026-02-21T21:27:04.000Z,1771709224.000,32.634690085,-117.218041663,6.4,124.927,119.991,-0.392,-2.372,-964,,1,-5.831,-76.891,3,229.712
2026-02-21T21:27:05.000Z,1771709225.000,32.63467436,-117.218013371,6.441,119.954,116.899,0.035,0.42,-965,,1,-5.653,-77.219,3,235.642
2026-02-21T21:27:06.000Z,1771709226.000,32.634657048,-117.217985535,6.21,126.681,122.793,-1.874,-1.029,-966,,1,-5.776,-78.45,3,241.586
2026-02-21T21:27:07.000Z,1771709227.000,32.634641541,-117.217958224,6.112,122.971,126.649,-8.173,-2.194,-967,,1,-5.545,-79.347,3,247.419
2026-02-21T21:27:08.000Z,1771709228.000,32.634623494,-117.217932374,6.139,131.924,126.228,1.147,-3.091,-968,,1,-5.915,-80.219,3,253.497
2026-02-21T21:27:09.000Z,1771709229.000,32.634607263,-117.217903766,6.385,122.013,124.143,-3.792,-1.379,-969,,1,-5.794,-80.672,3,259.93
2026-02-21T21:27:10.000Z,1771709230.000,32.634590207,-117.217874002,6.478,122.381,126.031,-0.277,-2.092,-970,,1,-5.916,-81.481,3,266.143
2026-02-21T21:27:11.000Z,1771709231.000,32.634572368,-117.217846462,6.476,127.218,127.526,0.954,-1.236,-971,,1,-6.129,-82.421,3,272.187
2026-02-21T21:27:12.000Z,1771709232.000,32.634554136,-117.217818611,6.373,130.184,127.805,0.744,-1.631,-972,,1,-6.142,-83.293,3,278.096
2026-02-21T21:27:13.000Z,1771709233.000,32.634536229,-117.217788959,6.443,123.135,122.186,2.959,-4.015,-973,,1,-5.975,-83.599,3,284.466
2026-02-21T21:27:14.000Z,1771709234.000,32.634520242,-117.217758559,6.84,122.428,118.182,2.106,-4.304,-974,,1,-6.338,-83.804,3,290.887
2026-02-21T21:27:15.000Z,1771709235.000,32.634504896,-117.217729588,6.113,122.496,121.69,2.045,0.732,-975,,1,-5.68,-84.6,3,297.291
2026-02-21T21:27:16.000Z,1771709236.000,32.634489297,-117.217703002,5.523,128.949,126.08,1.501,-1.561,-976,,1,-5.334,-85.577,3,303.382
2026-02-21T21:27:17.000Z,1771709237.000,32.634473758,-117.217678321,5.434,126.687,122.873,5.129,-2.917,-977,,1,-5.199,-86.012,3,309.461
2026-02-21T21:27:18.000Z,1771709238.000,32.634459885,-117.217654347,5.476,125.864,122.153,-1.604,-3.729,-978,,1,-5.225,-86.5,3,315.467
2026-02-21T21:27:19.000Z,1771709239.000,32.634447348,-117.217630433,5.385,119.665,119.864,-10.019,-0.72,-979,,1,-4.949,-86.727,3,321.409
2026-02-21T21:27:20.000Z,1771709240.000,32.634432823,-117.217604014,6.069,119.078,119.89,-2.739,-1.122,-980,,1,-5.566,-87.253,3,327.688
2026-02-21T21:27:21.000Z,1771709241.000,32.634418039,-117.217575679,6.565,122.707,120.739,2.036,-1.849,-981,,1,-6.187,-87.8,3,334.107
2026-02-21T21:27:22.000Z,1771709242.000,32.634402737,-117.21754471,6.713,123.705,122.232,1.416,-1.894,-982,,1,-6.378,-88.357,3,340.796
2026-02-21T21:27:23.000Z,1771709243.000,32.634386221,-117.217513382,6.759,123.241,124.738,-1.259,-2.666,-983,,1,-6.416,-89.104,3,347.362
2026-02-21T21:27:24.000Z,1771709244.000,32.63436839,-117.21748283,6.889,125.887,127.104,-3.676,-3.583,-984,,1,-6.64,-90.002,3,353.787
2026-02-21T21:27:25.000Z,1771709245.000,32.634350811,-117.217455499,6.3,130.432,127.427,0.675,-2.257,-985,,1,-6.191,-90.83,3,359.875
2026-02-21T21:27:26.000Z,1771709246.000,32.634334417,-117.217429019,6.255,123.416,123.69,-3.396,-1.698,-986,,1,-5.97,-91.246,3,365.685
2026-02-21T21:27:27.000Z,1771709247.000,32.634317278,-117.217401521,6.31,125.326,118.73,2.37,-1.005,-987,,1,-6.092,-91.6,3,371.627
2026-02-21T21:27:28.000Z,1771709248.000,32.634300842,-117.217373221,6.276,125.242,119.866,2.87,-0.551,-988,,1,-6.062,-92.341,3,377.649
2026-02-21T21:27:29.000Z,1771709249.000,32.63428425,-117.217343482,6.351,124.157,120.755,-0.59,-1.007,-989,,1,-6.111,-93.026,3,383.83
2026-02-21T21:27:30.000Z,1771709250.000,32.634268518,-117.217315003,5.988,125.929,119.74,1.938,-2.421,-990,,1,-5.816,-93.516,3,389.852
2026-02-21T21:27:31.000Z,1771709251.000,32.634252169,-117.217286408,6.277,128.482,119.824,1.922,-3.121,-991,,1,-6.162,-94.153,3,395.78
2026-02-21T21:27:32.000Z,1771709252.000,32.634237314,-117.217258366,6.251,123.575,118.582,-3.816,-1.438,-992,,1,-6.02,-94.551,3,401.851
2026-02-21T21:27:33.000Z,1771709253.000,32.63422318,-117.217230878,5.83,120.37,117.924,-2.537,-1.687,-993,,1,-5.526,-94.942,3,407.724
2026-02-21T21:27:34.000Z,1771709254.000,32.634209135,-117.217201745,6.157,118.694,117.328,-0.839,-1.456,-994,,1,-5.787,-95.268,3,413.739
2026-02-21T21:27:35.000Z,1771709255.000,32.634196552,-117.21717248,5.924,119.912,116.579,-2.703,-1.854,-995,,1,-5.62,-95.428,3,419.669
2026-02-21T21:27:36.000Z,1771709256.000,32.634183295,-117.217143098,6.348,116.343,113.754,0.359,-3.593,-996,,1,-5.899,-95.484,3,425.757
2026-02-21T21:27:37.000Z,1771709257.000,32.634169982,-117.217111484,6.711,113.162,112.791,0.25,-1.49,-997,,1,-6.105,-95.615,3,431.891
2026-02-21T21:27:38.000Z,1771709258.000,32.634157319,-117.217077393,6.789,116.169,114.718,-2.884,-1.717,-998,,1,-6.328,-95.824,3,438.218
2026-02-21T21:27:39.000Z,1771709259.000,32.634144227,-117.21704557,6.336,117.984,115.621,1.339,-2.053,-999,,1,-5.986,-96.076,3,444.585
2026-02-21T21:27:40.000Z,1771709260.000,32.634132651,-117.217015416,5.929,116.261,114.692,-0.397,-2.257,-1000,,1,-5.552,-96.085,3,450.836
2026-02-21T21:27:41.000Z,1771709261.000,32.634120612,-117.216986145,5.879,121.036,116.126,-1.639,-1.335,-1001,,1,-5.664,-96.366,3,457.1
2026-02-21T21:27:42.000Z,1771709262.000,32.634105751,-117.216959736,5.471,118.943,117.114,3.169,-1.643,-1002,,1,-5.218,-97.004,3,463.112
2026-02-21T21:27:43.000Z,1771709263.000,32.634091583,-117.216932466,5.726,121.848,119.008,-4.405,-0.867,-1003,,1,-5.545,-97.612,3,469.177
2026-02-21T21:27:44.000Z,1771709264.000,32.63407619,-117.216906419,5.73,129.116,117.471,1.05,-2.174,-1004,,1,-5.687,-98.114,3,475.178
2026-02-21T21:27:45.000Z,1771709265.000,32.634060076,-117.21687845,6.254,124.511,115.639,1.081,-1.455,-1005,,1,-6.13,-98.594,3,481.535
2026-02-21T21:27:46.000Z,1771709266.000,32.634044914,-117.216848,6.712,122.592,117.298,-3.329,-1.979,-1006,,1,-6.535,-99.17,3,488.268
2026-02-21T21:27:47.000Z,1771709267.000,32.634028554,-117.216817274,6.84,121.625,117.687,-0.851,-2.461,-1007,,1,-6.637,-99.755,3,495.121
2026-02-21T21:27:48.000Z,1771709268.000,32.63401241,-117.216783167,7.079,116.999,115.873,1.919,-0.496,-1008,,1,-6.719,-100.017,3,502.24
2026-02-21T21:27:49.000Z,1771709269.000,32.633998715,-117.216748642,7.088,110.489,115.83,2.759,-2.977,-1009,,1,-6.444,-100.155,3,509.17
2026-02-21T21:27:50.000Z,1771709270.000,32.633986477,-117.216713905,6.752,111.15,114.264,-0.799,-2.785,-1010,,1,-6.186,-100.013,3,515.962
2026-02-21T21:27:51.000Z,1771709271.000,32.633972398,-117.216682245,6.47,116.471,116.057,4.261,-3.409,-1011,,1,-6.149,-100.445,3,522.404
2026-02-21T21:27:52.000Z,1771709272.000,32.633959427,-117.216650709,5.933,120.491,117.444,-3.705,-1.733,-1012,,1,-5.759,-100.734,3,528.631
2026-02-21T21:27:53.000Z,1771709273.000,32.633946025,-117.216620482,6.4,116.782,115.682,-2.354,-1.089,-1013,,1,-6.107,-100.861,3,534.736
2026-02-21T21:27:54.000Z,1771709274.000,32.633932185,-117.216589974,6.5,118.033,115.661,-2.889,-2.853,-1014,,1,-6.249,-101.162,3,540.867
2026-02-21T21:27:55.000Z,1771709275.000,32.633916961,-117.216558236,6.7,121.897,115.768,-4.496,-1.216,-1015,,1,-6.555,-101.572,3,547.231
2026-02-21T21:27:56.000Z,1771709276.000,32.633900255,-117.216528694,6.424,123.951,118.051,-0.809,-2.146,-1016,,1,-6.33,-102.389,3,553.765
2026-02-21T21:27:57.000Z,1771709277.000,32.633883029,-117.216499507,6.774,126.037,118.529,-1.563,-1.487,-1017,,1,-6.714,-103.126,3,560.198
2026-02-21T21:27:58.000Z,1771709278.000,32.633867531,-117.216469051,6.515,126.1,116.705,-1.89,-1.787,-1018,,1,-6.461,-103.454,3,566.6
2026-02-21T21:27:59.000Z,1771709279.000,32.633851126,-117.216436752,6.811,124.055,116.233,2.564,-1.006,-1019,,1,-6.722,-103.916,3,573.332
2026-02-21T21:28:00.000Z,1771709280.000,32.633836071,-117.216403456,6.912,117.154,117.916,-3.301,-0.929,-1020,,1,-6.643,-104.379,3,580.041
2026-02-21T21:28:01.000Z,1771709281.000,32.633821801,-117.216371743,7.126,117.504,118.107,-3.035,-4.757,-1021,,1,-6.865,-104.698,3,586.475
2026-02-21T21:28:02.000Z,1771709282.000,32.633807521,-117.216341341,6.78,115.344,114.072,2.977,-1.089,-1022,,1,-6.467,-104.724,3,592.892
2026-02-21T21:28:03.000Z,1771709283.000,32.63379525,-117.216310399,6.465,114.029,114.802,-0.54,-1.068,-1023,,1,-6.126,-104.91,3,599.454
2026-02-21T21:28:04.000Z,1771709284.000,32.63378332,-117.216281755,5.813,116.664,118.592,-4.207,-0.113,-1024,,1,-5.59,-105.393,3,605.625
2026-02-21T21:28:05.000Z,1771709285.000,32.633769895,-117.216255315,5.515,122.897,120.798,-6.241,-1.292,-1025,,1,-5.438,-105.98,3,611.504
2026-02-21T21:28:06.000Z,1771709286.000,32.633755287,-117.21622924,5.532,126.164,118.892,-0.44,-2.044,-1026,,1,-5.499,-106.371,3,617.237
2026-02-21T21:28:07.000Z,1771709287.000,32.63374064,-117.216202858,5.888,126.478,118.076,1.132,-1.888,-1027,,1,-5.857,-106.842,3,623.107
2026-02-21T21:28:08.000Z,1771709288.000,32.63372522,-117.216175538,6.115,127.143,119.726,-4.419,-0.795,-1028,,1,-6.091,-107.557,3,629.125
2026-02-21T21:28:09.000Z,1771709289.000,32.633709175,-117.216147042,6.1,122.441,118.725,-3.434,-1.403,-1029,,1,-6.013,-108.079,3,635.415
2026-02-21T21:28:10.000Z,1771709290.000,32.633694692,-117.216115808,6.777,123.323,117.169,-1.517,-2.933,-1030,,1,-6.699,-108.296,3,642.035
2026-02-21T21:28:11.000Z,1771709291.000,32.633680633,-117.216086306,6.162,120.016,115.583,0.362,-1.522,-1031,,1,-6.031,-108.53,3,648.371
2026-02-21T21:28:12.000Z,1771709292.000,32.633668331,-117.216058093,5.43,114.73,116.43,-3.682,0.107,-1032,,1,-5.192,-108.829,3,654.526
2026-02-21T21:28:13.000Z,1771709293.000,32.633656296,-117.216029947,5.544,120.125,115.349,-1.761,-2.207,-1033,,1,-5.434,-108.946,3,660.731
2026-02-21T21:28:14.000Z,1771709294.000,32.633644035,-117.216002781,5.437,117.56,115.78,0.743,-2.005,-1034,,1,-5.278,-109.245,3,666.919
2026-02-21T21:28:15.000Z,1771709295.000,32.633633013,-117.215975859,5.473,114.922,118.094,-4.606,-2.623,-1035,,1,-5.248,-109.578,3,672.99
2026-02-21T21:28:16.000Z,1771709296.000,32.633621271,-117.215950424,5.571,123.048,120.902,-1.865,-3.909,-1036,,1,-5.513,-110.078,3,678.724
2026-02-21T21:28:17.000Z,1771709297.000,32.63360783,-117.215925969,5.389,123.848,120.135,-5.002,-0.215,-1037,,1,-5.344,-110.5,3,684.62
2026-02-21T21:28:18.000Z,1771709298.000,32.633594397,-117.215902306,5.375,124.7,121.356,-4.216,-1.749,-1038,,1,-5.34,-111.11,3,690.431
2026-02-21T21:28:19.000Z,1771709299.000,32.63358049,-117.215879592,5.625,127.193,117.504,-1.244,-1.736,-1039,,1,-5.612,-111.395,3,696.365
2026-02-21T21:28:20.000Z,1771709300.000,32.633564847,-117.215852551,6.501,122.589,111.031,3.346,-1.438,-1040,,1,-6.431,-111.485,3,702.784
2026-02-21T21:28:21.000Z,1771709301.000,32.633550769,-117.215819589,7.164,115.215,111.119,-0.172,-2.53,-1041,,1,-6.898,-111.73,3,709.658
2026-02-21T21:28:22.000Z,1771709302.000,32.633535747,-117.21578305,7.641,118.727,113.489,-2.257,0.201,-1042,,1,-7.474,-112.127,3,716.662
2026-02-21T21:28:23.000Z,1771709303.000,32.633521118,-117.215746286,7.554,115.376,114.579,1.517,-2.5,-1043,,1,-7.289,-112.372,3,723.444
2026-02-21T21:28:24.000Z,1771709304.000,32.633507902,-117.215709565,6.385,108.989,110.139,4.811,-3.494,-1044,,1,-5.945,-112.024,3,730.016
2026-02-21T21:28:25.000Z,1771709305.000,32.633498167,-117.215675302,6.352,107.16,103.386,2.317,-2.433,-1045,,1,-5.849,-111.226,3,736.106
2026-02-21T21:28:26.000Z,1771709306.000,32.633490694,-117.21564356,6.441,104.063,98.344,6.196,-2.514,-1046,,1,-5.799,-110.434,3,742.131
2026-02-21T21:28:27.000Z,1771709307.000,32.633485345,-117.215611073,5.832,101.944,93.02,4.785,-0.711,-1047,,1,-5.167,-109.383,3,748.361
2026-02-21T21:28:28.000Z,1771709308.000,32.633482833,-117.215579423,5.7,93.221,89.123,8,-3.673,-1048,,1,-4.607,-108.191,3,754.803
2026-02-21T21:28:29.000Z,1771709309.000,32.633482373,-117.215548871,5.729,91.234,87.773,1.961,-0.889,-1049,,1,-4.528,-107.024,3,760.985
2026-02-21T21:28:30.000Z,1771709310.000,32.633479066,-117.2155166,5.929,101.26,94.434,-2.406,-2.013,-1050,,1,-5.255,-106.685,3,767.381
2026-02-21T21:28:31.000Z,1771709311.000,32.633474182,-117.215482788,6.165,99.541,95.456,-8.724,-2.037,-1051,,1,-5.388,-106.03,3,773.63
2026-02-21T21:28:32.000Z,1771709312.000,32.633468905,-117.215448772,6.549,98.065,93.755,-4.139,-0.155,-1052,,1,-5.653,-105.198,3,779.643
2026-02-21T21:28:33.000Z,1771709313.000,32.633462875,-117.215413883,6.785,98.448,98.454,-2.277,-1.512,-1053,,1,-5.89,-104.906,3,785.958
2026-02-21T21:28:34.000Z,1771709314.000,32.63345659,-117.215377129,7.078,104.123,100.395,-6.321,-1.247,-1054,,1,-6.472,-104.361,3,792.507
2026-02-21T21:28:35.000Z,1771709315.000,32.633449512,-117.215340795,6.825,102.099,100.186,-5.659,-1.275,-1055,,1,-6.15,-103.743,3,799.248
2026-02-21T21:28:36.000Z,1771709316.000,32.63344242,-117.215303991,7.17,101.316,96.677,-2.705,-2.5,-1056,,1,-6.432,-102.851,3,805.997
2026-02-21T21:28:37.000Z,1771709317.000,32.633436998,-117.215265691,6.931,98.368,95.042,-4.526,0.461,-1057,,1,-6.066,-101.881,3,812.855
2026-02-21T21:28:38.000Z,1771709318.000,32.633431165,-117.215227181,6.635,98.022,97.967,-2.656,-2.646,-1058,,1,-5.799,-101.3,3,819.673
2026-02-21T21:28:39.000Z,1771709319.000,32.633425773,-117.215190386,6.812,101.23,97.735,-5.619,-2.27,-1059,,1,-6.141,-100.491,3,825.989
2026-02-21T21:28:40.000Z,1771709320.000,32.633419027,-117.215154581,6.9,102.254,99.046,-6.979,-2.438,-1060,,1,-6.282,-99.978,3,832.043
2026-02-21T21:28:41.000Z,1771709321.000,32.633410629,-117.215118625,6.711,105.577,100.38,-2.779,-1.646,-1061,,1,-6.267,-99.63,3,838.155
2026-02-21T21:28:42.000Z,1771709322.000,32.633402331,-117.215083764,6.7,103.997,105.012,-5.131,-1.463,-1062,,1,-6.193,-99.577,3,844.373
2026-02-21T21:28:43.000Z,1771709323.000,32.633392862,-117.215051538,6.029,108.361,105.055,-5.775,-1.001,-1063,,1,-5.736,-99.374,3,850.676
2026-02-21T21:28:44.000Z,1771709324.000,32.633383668,-117.215020627,5.9,109.441,105.529,-6.305,-1.438,-1064,,1,-5.65,-99.225,3,857.103
2026-02-21T21:28:45.000Z,1771709325.000,32.633374966,-117.214990747,5.445,108.232,102.782,-3.927,-2.341,-1065,,1,-5.184,-98.805,3,863.654
2026-02-21T21:28:46.000Z,1771709326.000,32.633368265,-117.21496179,5.438,100.155,97.184,-5.479,-2.914,-1066,,1,-4.9,-97.992,3,869.706
2026-02-21T21:28:47.000Z,1771709327.000,32.633362796,-117.214931627,5.715,99.425,93.563,-3.795,-0.128,-1067,,1,-5.125,-97.172,3,875.665
2026-02-21T21:28:48.000Z,1771709328.000,32.633357692,-117.214898385,6.178,99.092,93.93,-4.347,-2.301,-1068,,1,-5.533,-96.508,3,881.887
2026-02-21T21:28:49.000Z,1771709329.000,32.633353078,-117.21486255,6.864,97.012,93.901,-6.991,-2.264,-1069,,1,-6.044,-95.671,3,888.117
2026-02-21T21:28:50.000Z,1771709330.000,32.63334724,-117.214824833,7.185,99.708,96.534,-1.413,-1.163,-1070,,1,-6.489,-95.095,3,894.692
2026-02-21T21:28:51.000Z,1771709331.000,32.633341012,-117.214786392,7.185,103.882,101.418,-2.982,-1.827,-1071,,1,-6.703,-94.714,3,901.442
2026-02-21T21:28:52.000Z,1771709332.000,32.633333852,-117.214749167,6.723,101.173,100.552,-4.144,-2.369,-1072,,1,-6.158,-94.02,3,908.177
2026-02-21T21:28:53.000Z,1771709333.000,32.633326941,-117.21471418,6.475,102.025,101.538,-2.925,-0.669,-1073,,1,-5.976,-93.528,3,914.679
2026-02-21T21:28:54.000Z,1771709334.000,32.633321591,-117.214681004,6.072,101.553,98.595,-6.58,-2.31,-1074,,1,-5.592,-92.633,3,920.734
2026-02-21T21:28:55.000Z,1771709335.000,32.633315636,-117.214647256,5.876,101.776,95.08,0.314,1.149,-1075,,1,-5.428,-91.737,3,926.85
2026-02-21T21:28:56.000Z,1771709336.000,32.633311738,-117.21461381,6.1,98.372,90.898,1.74,-2.46,-1076,,1,-5.496,-90.596,3,932.808
2026-02-21T21:28:57.000Z,1771709337.000,32.633309873,-117.21458003,6.385,92.895,87.146,-4.254,-1.709,-1077,,1,-5.475,-89.276,3,938.863
2026-02-21T21:28:58.000Z,1771709338.000,32.633306305,-117.214544783,6.515,97.597,88.988,-5.358,-1.411,-1078,,1,-5.85,-88.49,3,945.29
2026-02-21T21:28:59.000Z,1771709339.000,32.633301712,-117.2145078,6.888,99.354,93.537,-4.204,-2.893,-1079,,1,-6.283,-87.953,3,951.92
2026-02-21T21:29:00.000Z,1771709340.000,32.63329674,-117.214472967,6.487,101.61,96.119,-7.138,-0.693,-1080,,1,-6.023,-87.39,3,958.228
2026-02-21T21:29:01.000Z,1771709341.000,32.633291682,-117.214438771,6.359,98.659,99.014,-7.298,-1.384,-1081,,1,-5.78,-86.886,3,964.446
2026-02-21T21:29:02.000Z,1771709342.000,32.633286414,-117.214404952,6.022,102.254,99.122,-1.893,-2.499,-1082,,1,-5.626,-86.199,3,970.643
2026-02-21T21:29:03.000Z,1771709343.000,32.633283294,-117.214373029,5.976,92.447,93.509,-8.003,-1.024,-1083,,1,-5.15,-84.917,3,976.299
2026-02-21T21:29:04.000Z,1771709344.000,32.633278511,-117.214340963,5.744,102.772,93.257,-0.114,-2.532,-1084,,1,-5.397,-84.217,3,982.092
2026-02-21T21:29:05.000Z,1771709345.000,32.633274517,-117.214306786,6.646,96.848,90.277,-9.281,-3.338,-1085,,1,-5.985,-83.153,3,988.087
2026-02-21T21:29:06.000Z,1771709346.000,32.633268946,-117.21427171,6.628,102.169,91.018,-3.775,-0.345,-1086,,1,-6.216,-82.499,3,994.346
2026-02-21T21:29:07.000Z,1771709347.000,32.63326339,-117.214234405,6.926,100.157,96.104,-5.47,-2.209,-1087,,1,-6.412,-82.095,3,1001.148
2026-02-21T21:29:08.000Z,1771709348.000,32.633258112,-117.214198372,6.715,96.897,95.194,-9.891,-2.193,-1088,,1,-6.07,-81.25,3,1007.713
2026-02-21T21:29:09.000Z,1771709349.000,32.633252382,-117.214162253,6.434,101.608,93.448,0.863,-0.514,-1089,,1,-6.028,-80.384,3,1014.316
2026-02-21T21:29:10.000Z,1771709350.000,32.633248746,-117.214127044,6.612,92.181,94.35,-5.343,-1.731,-1090,,1,-5.742,-79.54,3,1020.615
2026-02-21T21:29:11.000Z,1771709351.000,32.63324483,-117.214092372,6.445,97.255,94.876,-3.568,-3.741,-1091,,1,-5.865,-78.716,3,1026.713
2026-02-21T21:29:12.000Z,1771709352.000,32.633241698,-117.214056095,6.656,97.325,91.378,-4.114,-1.926,-1092,,1,-6.069,-77.445,3,1032.844
2026-02-21T21:29:13.000Z,1771709353.000,32.633239219,-117.214018665,6.788,93.722,90.788,-3.017,-1.58,-1093,,1,-6.012,-76.289,3,1039.223
2026-02-21T21:29:14.000Z,1771709354.000,32.633237242,-117.213980686,7.261,90.959,89.439,-4.849,-1.788,-1094,,1,-6.273,-75.004,3,1045.823
2026-02-21T21:29:15.000Z,1771709355.000,32.633234432,-117.213941891,7.3,92.001,89.427,-2.476,-2.633,-1095,,1,-6.384,-73.874,3,1052.751
2026-02-21T21:29:16.000Z,1771709356.000,32.633231939,-117.213900467,7.854,93.661,87.585,-2.508,-1.765,-1096,,1,-6.989,-72.482,3,1060.05
2026-02-21T21:29:17.000Z,1771709357.000,32.633228011,-117.213859905,7.337,96.302,91.917,-5.921,-1.35,-1097,,1,-6.683,-71.726,3,1067.342
2026-02-21T21:29:18.000Z,1771709358.000,32.63322336,-117.213820565,7.145,101.714,96.62,-12.249,-1.067,-1098,,1,-6.762,-71.128,3,1074.263
2026-02-21T21:29:19.000Z,1771709359.000,32.633214799,-117.21378212,6.763,103.42,99.538,-1.84,-1.688,-1099,,1,-6.466,-70.83,3,1081.27
2026-02-21T21:29:20.000Z,1771709360.000,32.633208612,-117.213747996,6.112,102.138,98.237,-4.207,-1.539,-1100,,1,-5.806,-70.115,3,1087.631
2026-02-21T21:29:21.000Z,1771709361.000,32.633202745,-117.213715918,5.838,98.641,96.034,-0.986,-0.441,-1101,,1,-5.428,-69.373,3,1093.76
2026-02-21T21:29:22.000Z,1771709362.000,32.633197845,-117.213685041,5.63,103.953,93.036,-3.537,-1.04,-1102,,1,-5.407,-68.517,3,1099.858
2026-02-21T21:29:23.000Z,1771709363.000,32.633193925,-117.213652101,6.089,93.953,89.925,-1.803,-2.042,-1103,,1,-5.472,-67.481,3,1106.207
2026-02-21T21:29:24.000Z,1771709364.000,32.633193236,-117.213616253,7.028,91.957,83.284,-5.618,-0.845,-1104,,1,-6.217,-65.761,3,1112.387
2026-02-21T21:29:25.000Z,1771709365.000,32.633191488,-117.213576088,7.712,91.205,86.177,2.532,-2.992,-1105,,1,-6.784,-64.68,3,1119.34
2026-02-21T21:29:26.000Z,1771709366.000,32.633191979,-117.213532346,8.169,89.2,85.023,-2.995,-0.763,-1106,,1,-7.061,-62.95,3,1126.298
2026-02-21T21:29:27.000Z,1771709367.000,32.633190173,-117.213489912,7.723,94.569,92.118,-0.432,-0.463,-1107,,1,-7.017,-62.11,3,1133.093
2026-02-21T21:29:28.000Z,1771709368.000,32.633188417,-117.213449817,7.252,91.656,95.386,-6.549,-0.706,-1108,,1,-6.435,-61.076,3,1139.429
2026-02-21T21:29:29.000Z,1771709369.000,32.633184327,-117.213414283,6.359,97.537,96.945,-1.469,-3.074,-1109,,1,-5.918,-60.319,3,1145.451
2026-02-21T21:29:30.000Z,1771709370.000,32.633180216,-117.213381517,5.811,97.782,94.55,-1.445,-2.368,-1110,,1,-5.422,-59.358,3,1151.573
2026-02-21T21:29:31.000Z,1771709371.000,32.633176247,-117.21335006,5.737,97.557,89.993,-1.444,-2.217,-1111,,1,-5.349,-58.27,3,1157.914
2026-02-21T21:29:32.000Z,1771709372.000,32.633172825,-117.213317777,6.27,95.765,87.567,0.196,-2.145,-1112,,1,-5.778,-57.263,3,1164.638
2026-02-21T21:29:33.000Z,1771709373.000,32.633171284,-117.213281499,6.579,94.964,85.578,-3.589,-1.283,-1113,,1,-6.034,-55.952,3,1171.547
2026-02-21T21:29:34.000Z,1771709374.000,32.633170048,-117.213243312,6.924,94.348,86.707,-0.217,-3.17,-1114,,1,-6.327,-54.766,3,1178.184
2026-02-21T21:29:35.000Z,1771709375.000,32.633169426,-117.213204877,7.161,89.507,86.894,-2.351,-2.99,-1115,,1,-6.285,-53.44,3,1184.457
2026-02-21T21:29:36.000Z,1771709376.000,32.633168473,-117.213167545,6.844,92.736,89.003,-3.579,-1.34,-1116,,1,-6.189,-52.33,3,1190.456
2026-02-21T21:29:37.000Z,1771709377.000,32.633166967,-117.213131731,6.234,91.966,90.943,-10.381,0.135,-1117,,1,-5.607,-51.322,3,1196.592
2026-02-21T21:29:38.000Z,1771709378.000,32.633162353,-117.213099033,5.949,103.863,95.223,-1.28,-1.77,-1118,,1,-5.773,-50.927,3,1203.135
2026-02-21T21:29:39.000Z,1771709379.000,32.633159925,-117.213067383,6.037,93.673,92.415,-10.301,-2.499,-1119,,1,-5.515,-49.805,3,1209.468
2026-02-21T21:29:40.000Z,1771709380.000,32.633156719,-117.213032532,6.554,95.223,90.196,-0.085,-2.426,-1120,,1,-6.062,-48.694,3,1216.246
2026-02-21T21:29:41.000Z,1771709381.000,32.633154566,-117.212996129,7.234,92.836,89.101,-3.65,-2.117,-1121,,1,-6.578,-47.504,3,1222.792
2026-02-21T21:29:42.000Z,1771709382.000,32.633152587,-117.212957108,7.2,95.192,90.167,-6.224,-0.04,-1122,,1,-6.671,-46.362,3,1229.166
2026-02-21T21:29:43.000Z,1771709383.000,32.633148565,-117.212917597,7.179,96.721,94.082,-3.842,-1.544,-1123,,1,-6.726,-45.628,3,1235.545
2026-02-21T21:29:44.000Z,1771709384.000,32.633144074,-117.212879291,7.025,94.897,96.345,-5.511,-2.585,-1124,,1,-6.504,-44.864,3,1241.626
2026-02-21T21:29:45.000Z,1771709385.000,32.633141011,-117.212844612,6.175,96.8,94.268,-7.914,-0.92,-1125,,1,-5.796,-43.751,3,1247.382
2026-02-21T21:29:46.000Z,1771709386.000,32.633137401,-117.212812415,6.147,95.99,91.54,-2.582,-0.214,-1126,,1,-5.744,-42.738,3,1253.316
2026-02-21T21:29:47.000Z,1771709387.000,32.633134104,-117.212780458,5.634,97.985,90.077,-3.534,-1.323,-1127,,1,-5.334,-41.799,3,1259.864
2026-02-21T21:29:48.000Z,1771709388.000,32.633132309,-117.212748004,6.251,93.439,89.116,-8.679,-0.434,-1128,,1,-5.745,-40.727,3,1266.448
2026-02-21T21:29:49.000Z,1771709389.000,32.633129124,-117.212713636,6.274,95.662,88.933,-2.034,-2.291,-1129,,1,-5.861,-39.784,3,1273.182
2026-02-21T21:29:50.000Z,1771709390.000,32.633126196,-117.212678527,6.6,94.926,86.738,-0.758,-3.732,-1130,,1,-6.141,-38.641,3,1279.806
2026-02-21T21:29:51.000Z,1771709391.000,32.63312259,-117.212639394,7.188,97.121,89.006,-6.753,-2.218,-1131,,1,-6.788,-37.749,3,1286.314
2026-02-21T21:29:52.000Z,1771709392.000,32.633115048,-117.212598851,7.862,102.629,98.135,-7.94,-2.953,-1132,,1,-7.639,-37.739,3,1292.911
2026-02-21T21:29:53.000Z,1771709393.000,32.63310661,-117.212558617,7.731,104.422,100.622,-2.462,-1.68,-1133,,1,-7.567,-37.33,3,1299.225
2026-02-21T21:29:54.000Z,1771709394.000,32.633098972,-117.212520079,6.846,101.889,101.209,0.66,-2.293,-1134,,1,-6.634,-36.752,3,1305.545
2026-02-21T21:29:55.000Z,1771709395.000,32.6330948,-117.212483053,6.929,96.588,100.253,-6.51,-1.936,-1135,,1,-6.532,-35.752,3,1311.821
2026-02-21T21:29:56.000Z,1771709396.000,32.633087905,-117.212448934,6.086,107.324,97.486,2.5,-1.882,-1136,,1,-6.017,-34.995,3,1318.172
2026-02-21T21:29:57.000Z,1771709397.000,32.633082129,-117.212415269,6.139,99.729,97.294,-5.47,-0.427,-1137,,1,-5.896,-34.342,3,1324.617
2026-02-21T21:29:58.000Z,1771709398.000,32.633074137,-117.212382074,6.43,105.779,98.59,-4.056,-0.335,-1138,,1,-6.331,-34.05,3,1330.856
2026-02-21T21:29:59.000Z,1771709399.000,32.633064814,-117.212347223,6.5,106.345,99.584,0.405,-1.471,-1139,,1,-6.411,-33.811,3,1336.975
2026-02-21T21:30:00.000Z,1771709400.000,32.633056231,-117.212311967,6.912,105.999,101.553,-1.973,-2.651,-1140,,1,-6.811,-33.559,3,1343.079
2026-02-21T21:30:01.000Z,1771709401.000,32.633047172,-117.212277736,6.726,105.507,101.994,0.646,-3.217,-1141,,1,-6.618,-33.272,3,1349.43
2026-02-21T21:30:02.000Z,1771709402.000,32.633040485,-117.212244137,6.6,103.53,98.722,1.371,-2.002,-1142,,1,-6.452,-32.471,3,1355.883
2026-02-21T21:30:03.000Z,1771709403.000,32.633034293,-117.212210588,6.235,99.517,96.332,1.166,-2.378,-1143,,1,-5.99,-31.694,3,1362.575
2026-02-21T21:30:04.000Z,1771709404.000,32.633029529,-117.212176681,6.488,99.654,92.769,0.991,-1.99,-1144,,1,-6.241,-30.67,3,1369.041
2026-02-21T21:30:05.000Z,1771709405.000,32.633024276,-117.212141393,6.5,100.297,91.214,0.93,-1.893,-1145,,1,-6.274,-29.801,3,1375.473
2026-02-21T21:30:06.000Z,1771709406.000,32.633020401,-117.212103563,7.34,96.945,89.583,-0.934,-1.862,-1146,,1,-6.965,-28.695,3,1381.535
2026-02-21T21:30:07.000Z,1771709407.000,32.633016839,-117.212063693,7.379,93.591,90.838,0.467,-1.727,-1147,,1,-6.858,-27.698,3,1387.661
2026-02-21T21:30:08.000Z,1771709408.000,32.633013515,-117.212024496,7.252,97.297,91.267,1.391,-1.134,-1148,,1,-6.904,-26.64,3,1393.707
2026-02-21T21:30:09.000Z,1771709409.000,32.633010805,-117.211986506,7.113,96.106,91.611,1.801,-1.572,-1149,,1,-6.728,-25.556,3,1400.148
2026-02-21T21:30:10.000Z,1771709410.000,32.633008353,-117.211950646,6.431,93.253,91.739,1.2,-1.159,-1150,,1,-5.975,-24.508,3,1406.729
2026-02-21T21:30:11.000Z,1771709411.000,32.633007207,-117.211914854,6.121,94.868,89.319,-0.172,-1.775,-1151,,1,-5.754,-23.137,3,1413.379
2026-02-21T21:30:12.000Z,1771709412.000,32.633005323,-117.211881208,6.477,90.32,90.629,0.917,-2.748,-1152,,1,-5.897,-22.2,3,1419.937
2026-02-21T21:30:13.000Z,1771709413.000,32.633003904,-117.211847797,6.1,91.913,90.189,-6.206,-3.173,-1153,,1,-5.626,-21.093,3,1426.1
2026-02-21T21:30:14.000Z,1771709414.000,32.633000403,-117.211813696,6.539,98.091,90.895,0.479,-3.2,-1154,,1,-6.271,-20.259,3,1431.946
2026-02-21T21:30:15.000Z,1771709415.000,32.632999279,-117.211777018,6.826,90.016,86.767,1.764,-2.326,-1155,,1,-6.215,-18.73,3,1437.563
2026-02-21T21:30:16.000Z,1771709416.000,32.632999876,-117.211740145,6.652,89.357,84.669,4.778,-1.545,-1156,,1,-6.031,-17.171,3,1443.515
2026-02-21T21:30:17.000Z,1771709417.000,32.63300071,-117.211702919,6.787,88.877,84.106,3.641,-2.447,-1157,,1,-6.136,-15.687,3,1450.051
2026-02-21T21:30:18.000Z,1771709418.000,32.633002455,-117.211663283,7.54,86.914,84.229,2.856,-2.581,-1158,,1,-6.71,-14.07,3,1457.072
2026-02-21T21:30:19.000Z,1771709419.000,32.633003337,-117.211620335,7.5,88.19,85.192,-0.639,-2.496,-1159,,1,-6.756,-12.48,3,1464.519
2026-02-21T21:30:20.000Z,1771709420.000,32.633002471,-117.211578771,7.6,93.171,88.996,2.64,-2.698,-1160,,1,-7.111,-11.33,3,1471.759
2026-02-21T21:30:21.000Z,1771709421.000,32.633001313,-117.21153777,7.413,94.21,90.493,-2.561,-1.661,-1161,,1,-6.987,-10.063,3,1478.603
2026-02-21T21:30:22.000Z,1771709422.000,32.632998323,-117.211498885,7.115,94.446,93.314,0.842,-2.212,-1162,,1,-6.719,-9.163,3,1484.946
2026-02-21T21:30:23.000Z,1771709423.000,32.632995078,-117.211459954,6.752,99.193,94.761,-2.139,-2.55,-1163,,1,-6.541,-8.185,3,1491.112
2026-02-21T21:30:24.000Z,1771709424.000,32.632990477,-117.211424789,6.335,100.065,95.294,-2.696,-1.95,-1164,,1,-6.161,-7.414,3,1497.024
2026-02-21T21:30:25.000Z,1771709425.000,32.632986681,-117.211389264,6.776,98.719,96.376,-3.221,-2.521,-1165,,1,-6.553,-6.589,3,1503.169
2026-02-21T21:30:26.000Z,1771709426.000,32.6329805,-117.21135314,6.984,103.25,97.623,1.71,-2.562,-1166,,1,-6.875,-6.001,3,1509.782
2026-02-21T21:30:27.000Z,1771709427.000,32.632974626,-117.211315943,6.846,99.672,97.591,0.107,-1.984,-1167,,1,-6.652,-5.242,3,1516.818
2026-02-21T21:30:28.000Z,1771709428.000,32.632966911,-117.211278603,6.777,106.409,100.679,1.165,-2.194,-1168,,1,-6.728,-4.912,3,1523.877
2026-02-21T21:30:29.000Z,1771709429.000,32.632960007,-117.211242932,6.775,102.686,100.762,-2.773,-1.884,-1169,,1,-6.66,-4.323,3,1530.689
2026-02-21T21:30:30.000Z,1771709430.000,32.632952768,-117.211208054,6.513,105.333,97.559,4.35,-2.152,-1170,,1,-6.452,-3.539,3,1537.228
2026-02-21T21:30:31.000Z,1771709431.000,32.632947049,-117.211173103,6.57,101.595,94.006,4.516,-1.854,-1171,,1,-6.437,-2.573,3,1543.72
2026-02-21T21:30:32.000Z,1771709432.000,32.632942258,-117.211137627,6.156,100.154,94.987,-0.899,-1.394,-1172,,1,-6,-1.844,3,1550.32
2026-02-21T21:30:33.000Z,1771709433.000,32.63293688,-117.211102082,6.837,100.73,97.251,-2.483,-3.026,-1173,,1,-6.679,-1.273,3,1557.161
2026-02-21T21:30:34.000Z,1771709434.000,32.632929954,-117.211065961,6.974,102.954,97.024,2.864,-1.525,-1174,,1,-6.867,-0.646,3,1563.925
2026-02-21T21:30:35.000Z,1771709435.000,32.632923919,-117.211029201,6.575,102.736,96.107,0.858,-2.418,-1175,,1,-6.471,0.149,3,1570.519
2026-02-21T21:30:36.000Z,1771709436.000,32.632918903,-117.210989881,7.167,99.352,94.645,0.786,-2.125,-1176,,1,-6.969,1.184,3,1577.074
2026-02-21T21:30:37.000Z,1771709437.000,32.632913987,-117.210950065,7.576,97.994,92.533,1.597,-1.656,-1177,,1,-7.325,2.296,3,1583.639
2026-02-21T21:30:38.000Z,1771709438.000,32.632908968,-117.210909729,7.526,99.661,94.884,4.897,-1.594,-1178,,1,-7.332,3.075,3,1590.367
2026-02-21T21:30:39.000Z,1771709439.000,32.63290561,-117.210869711,7.015,96.865,94.995,-1.502,-2.171,-1179,,1,-6.751,4.183,3,1596.998
2026-02-21T21:30:40.000Z,1771709440.000,32.632901528,-117.210830738,6.854,98.299,93.23,3.729,-2.22,-1180,,1,-6.643,5.323,3,1603.699
2026-02-21T21:30:41.000Z,1771709441.000,32.632899009,-117.210794023,6.6,93.473,93.465,2.854,-1.642,-1181,,1,-6.24,6.388,3,1610.35
2026-02-21T21:30:42.000Z,1771709442.000,32.632897143,-117.210759188,6.213,96.606,93.37,-3.444,-2.002,-1182,,1,-5.978,7.476,3,1616.879
2026-02-21T21:30:43.000Z,1771709443.000,32.632893487,-117.210726166,5.961,96.297,94.773,-1.67,-1.546,-1183,,1,-5.728,8.199,3,1623.341
2026-02-21T21:30:44.000Z,1771709444.000,32.632888136,-117.21069261,6.367,103.302,95.126,-0.041,-1.385,-1184,,1,-6.289,8.849,3,1629.87
2026-02-21T21:30:45.000Z,1771709445.000,32.63288353,-117.210659681,6.54,97.378,93.66,-1.852,-1.73,-1185,,1,-6.32,9.692,3,1636.038
2026-02-21T21:30:46.000Z,1771709446.000,32.63287949,-117.210624373,6.65,97.927,92.865,1.753,-1.998,-1186,,1,-6.444,10.628,3,1642.367
2026-02-21T21:30:47.000Z,1771709447.000,32.63287628,-117.210587167,7.17,94.92,92.434,1.156,-1.835,-1187,,1,-6.849,11.691,3,1648.607
2026-02-21T21:30:48.000Z,1771709448.000,32.632874247,-117.210548053,7.337,97.066,91.685,-1.478,-0.934,-1188,,1,-7.088,12.967,3,1654.896
2026-02-21T21:30:49.000Z,1771709449.000,32.632870574,-117.210509359,7.288,95.355,94.054,-1.241,-0.924,-1189,,1,-6.983,13.823,3,1661.492
2026-02-21T21:30:50.000Z,1771709450.000,32.632868315,-117.210471561,6.838,93.835,92.472,-6.121,-1.355,-1190,,1,-6.5,15.093,3,1668.099
2026-02-21T21:30:51.000Z,1771709451.000,32.632863686,-117.210435427,6.9,99.513,92.515,1.45,-1.29,-1191,,1,-6.74,15.934,3,1674.776
2026-02-21T21:30:52.000Z,1771709452.000,32.632859089,-117.210398833,6.542,94.484,92.968,-1.869,-2.13,-1192,,1,-6.245,16.765,3,1681.491
2026-02-21T21:30:53.000Z,1771709453.000,32.632852046,-117.210363832,7.054,113.02,96.537,-1.941,-2.604,-1193,,1,-7.052,17.047,3,1688.308
2026-02-21T21:30:54.000Z,1771709454.000,32.632845146,-117.210329249,6.588,101.524,98.199,-10.021,-2.127,-1194,,1,-6.483,17.473,3,1695.141
2026-02-21T21:30:55.000Z,1771709455.000,32.632836715,-117.210295754,6.6,108.724,100.889,1.863,-2.613,-1195,,1,-6.591,17.62,3,1701.83
2026-02-21T21:30:56.000Z,1771709456.000,32.63282987,-117.210261795,6.5,101.975,101.902,-4.06,-2.12,-1196,,1,-6.406,18.078,3,1708.377
2026-02-21T21:30:57.000Z,1771709457.000,32.632822393,-117.210227454,5.946,103.804,101.127,-2.329,-1.368,-1197,,1,-5.89,18.628,3,1714.963
2026-02-21T21:30:58.000Z,1771709458.000,32.63281623,-117.210193928,6.551,102.598,99.399,-1.048,-1.57,-1198,,1,-6.469,19.358,3,1721.533
2026-02-21T21:30:59.000Z,1771709459.000,32.632811424,-117.210160414,6.274,96.853,96.36,-3.73,-2.308,-1199,,1,-6.067,20.327,3,1728.081
2026-02-21T21:31:00.000Z,1771709460.000,32.63280665,-117.210126106,6.4,98.75,93.584,0.904,-2.74,-1200,,1,-6.241,21.305,3,1734.758
2026-02-21T21:31:01.000Z,1771709461.000,32.632803269,-117.210088878,6.855,95.323,91.358,0.764,-2.222,-1201,,1,-6.584,22.487,3,1741.689
2026-02-21T21:31:02.000Z,1771709462.000,32.632799712,-117.210051465,7.1,94.974,92.69,-2.413,-1.434,-1202,,1,-6.81,23.388,3,1748.772
2026-02-21T21:31:03.000Z,1771709463.000,32.632795799,-117.210013444,6.878,97.349,94.623,-5.414,-1.578,-1203,,1,-6.673,24.227,3,1755.703
2026-02-21T21:31:04.000Z,1771709464.000,32.632791606,-117.209977038,6.746,96.934,94.748,-1.609,-2.158,-1204,,1,-6.535,25.117,3,1762.412
2026-02-21T21:31:05.000Z,1771709465.000,32.632786203,-117.209941608,6.067,100.602,94.781,-1.471,-2.297,-1205,,1,-5.962,25.855,3,1768.93
2026-02-21T21:31:06.000Z,1771709466.000,32.632781758,-117.209908852,5.886,98.069,94.735,-5.131,-1.684,-1206,,1,-5.731,26.599,3,1775.342
2026-02-21T21:31:07.000Z,1771709467.000,32.632776672,-117.209875768,6.636,103.323,94.138,-1.326,-2.161,-1207,,1,-6.573,27.332,3,1781.866
2026-02-21T21:31:08.000Z,1771709468.000,32.632771663,-117.209840399,7.024,98.078,92.027,-3.674,-2.26,-1208,,1,-6.843,28.271,3,1788.726
2026-02-21T21:31:09.000Z,1771709469.000,32.632764847,-117.209801519,7.289,102.205,93.117,1.523,-1.335,-1209,,1,-7.202,28.91,3,1796.083
2026-02-21T21:31:10.000Z,1771709470.000,32.632761276,-117.209763888,6.647,95.406,93.726,-4.359,-1.569,-1210,,1,-6.401,29.872,3,1803.326
2026-02-21T21:31:11.000Z,1771709471.000,32.632756098,-117.209727673,6.736,96.785,96.827,2.94,-1.581,-1211,,1,-6.529,30.424,3,1810.365
2026-02-21T21:31:12.000Z,1771709472.000,32.632751969,-117.209692533,6.5,95.491,97.078,-4.787,-0.6,-1212,,1,-6.264,31.264,3,1817.142
2026-02-21T21:31:13.000Z,1771709473.000,32.632747821,-117.209657481,6.033,97.32,96.678,-2.33,-2.062,-1213,,1,-5.864,32.15,3,1823.813
2026-02-21T21:31:14.000Z,1771709474.000,32.632744291,-117.209624183,5.912,97.669,93.567,-1.595,-1.037,-1214,,1,-5.756,33.245,3,1830.376
2026-02-21T21:31:15.000Z,1771709475.000,32.632740427,-117.209591702,5.827,96.04,93.074,-0.653,-1.801,-1215,,1,-5.634,34.073,3,1836.766
2026-02-21T21:31:16.000Z,1771709476.000,32.632738098,-117.209559563,5.8,96.124,89.519,0.938,-1.861,-1216,,1,-5.612,35.276,3,1842.944
2026-02-21T21:31:17.000Z,1771709477.000,32.632736652,-117.209524254,6.31,90.598,86.484,0.405,-1.996,-1217,,1,-5.927,36.64,3,1849.203
2026-02-21T21:31:18.000Z,1771709478.000,32.632733964,-117.209488925,6.453,97.647,88.436,1.851,-1.69,-1218,,1,-6.288,37.511,3,1855.6
2026-02-21T21:31:19.000Z,1771709479.000,32.632730099,-117.209452403,6.775,99.328,91.204,-3.38,-1.473,-1219,,1,-6.645,38.242,3,1862.189
2026-02-21T21:31:20.000Z,1771709480.000,32.632724353,-117.209415608,6.76,100.858,95.61,1.067,-1.557,-1220,,1,-6.663,38.66,3,1868.752
2026-02-21T21:31:21.000Z,1771709481.000,32.632720568,-117.209378096,6.8,97.373,95.396,-4.785,-2.78,-1221,,1,-6.622,39.659,3,1875.057
2026-02-21T21:31:22.000Z,1771709482.000,32.632715222,-117.209339669,7.052,100.157,94.113,5.565,-1.25,-1222,,1,-6.938,40.613,3,1881.636
2026-02-21T21:31:23.000Z,1771709483.000,32.632713109,-117.209301598,6.836,93.227,93.157,0.108,-2.548,-1223,,1,-6.531,41.86,3,1888.225
2026-02-21T21:31:24.000Z,1771709484.000,32.632709369,-117.209265267,6.546,99.593,94.248,3.306,-0.867,-1224,,1,-6.431,42.72,3,1894.958
2026-02-21T21:31:25.000Z,1771709485.000,32.63270569,-117.209230464,6.076,100.255,96.792,1.033,-0.855,-1225,,1,-5.983,43.417,3,1901.672
2026-02-21T21:31:26.000Z,1771709486.000,32.632701806,-117.209197717,5.9,96.983,96.255,-2.828,-1.05,-1226,,1,-5.742,44.256,3,1908.096
2026-02-21T21:31:27.000Z,1771709487.000,32.632697762,-117.209167046,5.775,97.637,96.367,-6.299,-2.261,-1227,,1,-5.636,44.953,3,1914.415
2026-02-21T21:31:28.000Z,1771709488.000,32.63269154,-117.209136182,5.887,102.06,95.271,1.135,-2.183,-1228,,1,-5.827,45.528,3,1920.67
2026-02-21T21:31:29.000Z,1771709489.000,32.632686936,-117.209104324,6.085,97.168,93.412,-2.534,-1.825,-1229,,1,-5.928,46.363,3,1926.864
2026-02-21T21:31:30.000Z,1771709490.000,32.63268147,-117.209070745,5.966,98.039,94.251,-0.229,-1.611,-1230,,1,-5.833,46.965,3,1933.254
2026-02-21T21:31:31.000Z,1771709491.000,32.632675618,-117.209037992,6.2,106.337,95.445,-2.746,-1.335,-1231,,1,-6.186,47.469,3,1939.681
2026-02-21T21:31:32.000Z,1771709492.000,32.632669316,-117.209005213,6.1,102.245,95.927,-2.762,-2.612,-1232,,1,-6.043,47.983,3,1946.111
2026-02-21T21:31:33.000Z,1771709493.000,32.632663742,-117.208971012,6.639,102.609,93.079,-0.538,-2.262,-1233,,1,-6.583,48.88,3,1952.542
2026-02-21T21:31:34.000Z,1771709494.000,32.632658587,-117.20893375,6.889,98.975,94.463,3.183,-2.567,-1234,,1,-6.761,49.606,3,1959.411
2026-02-21T21:31:35.000Z,1771709495.000,32.632654833,-117.208895695,7.276,93.932,93.543,-2.004,-1.706,-1235,,1,-6.992,50.682,3,1966.444
2026-02-21T21:31:36.000Z,1771709496.000,32.632650821,-117.208855678,7.587,96.356,95.085,-1.581,-2.579,-1236,,1,-7.375,51.614,3,1973.647
2026-02-21T21:31:37.000Z,1771709497.000,32.632645226,-117.208815247,7.615,98.313,97.147,0.498,-1.891,-1237,,1,-7.46,52.357,3,1980.988
2026-02-21T21:31:38.000Z,1771709498.000,32.63263908,-117.208773026,7.689,101.512,98.16,-1.494,-2.092,-1238,,1,-7.607,53.189,3,1988.514
2026-02-21T21:31:39.000Z,1771709499.000,32.632631742,-117.208734017,7.376,101.467,99.752,-0.321,-1.021,-1239,,1,-7.297,53.737,3,1995.833
2026-02-21T21:31:40.000Z,1771709500.000,32.632623827,-117.208698049,6.651,106.027,101.544,-3.783,-1.081,-1240,,1,-6.637,54.097,3,2002.634
2026-02-21T21:31:41.000Z,1771709501.000,32.63261543,-117.208665105,6.231,107.031,100.212,-1.244,-1.361,-1241,,1,-6.223,54.546,3,2009.089
2026-02-21T21:31:42.000Z,1771709502.000,32.632608731,-117.208632576,5.911,101.796,97.115,-1.808,-2.518,-1242,,1,-5.853,55.291,3,2015.391
2026-02-21T21:31:43.000Z,1771709503.000,32.632603218,-117.208600441,6.329,102.482,95.651,-0.187,-2.129,-1243,,1,-6.278,56.014,3,2021.769
2026-02-21T21:31:44.000Z,1771709504.000,32.632598772,-117.208566178,6.638,98.426,96.307,-4.114,-1.682,-1244,,1,-6.509,56.759,3,2028.392
2026-02-21T21:31:45.000Z,1771709505.000,32.63259259,-117.208530587,6.8,100.863,98.003,-0.129,-1.401,-1245,,1,-6.719,57.292,3,2035.287
2026-02-21T21:31:46.000Z,1771709506.000,32.632587064,-117.208494277,6.6,98.567,96.518,2.545,-1.581,-1246,,1,-6.476,58.168,3,2042.028
2026-02-21T21:31:47.000Z,1771709507.000,32.632582728,-117.20845726,6.457,95.375,94.664,1.467,-2.011,-1247,,1,-6.258,59.219,3,2048.7
2026-02-21T21:31:48.000Z,1771709508.000,32.632578405,-117.20842176,6.625,99.918,95.093,0.726,-1.624,-1248,,1,-6.531,60.04,3,2054.936
2026-02-21T21:31:49.000Z,1771709509.000,32.632572687,-117.208387009,6.587,99.74,97.193,-3.313,-1.685,-1249,,1,-6.49,60.56,3,2061.071
2026-02-21T21:31:50.000Z,1771709510.000,32.632566477,-117.208353118,6.5,102.2,96.671,-1.809,-1.425,-1250,,1,-6.447,61.202,3,2067.166
2026-02-21T21:31:51.000Z,1771709511.000,32.63256023,-117.208317115,6.777,100.771,96.301,0.156,-1.907,-1251,,1,-6.698,61.905,3,2073.76
2026-02-21T21:31:52.000Z,1771709512.000,32.632554464,-117.208280909,6.95,99.313,96.373,0.359,-1.979,-1252,,1,-6.84,62.631,3,2080.416
2026-02-21T21:31:53.000Z,1771709513.000,32.63254806,-117.208243355,7.1,101.311,99.01,-0.571,-2.463,-1253,,1,-7.028,63.14,3,2087.369
2026-02-21T21:31:54.000Z,1771709514.000,32.632541513,-117.208205383,7.184,101.484,98.845,-3.849,-2.18,-1254,,1,-7.115,63.869,3,2094.215
2026-02-21T21:31:55.000Z,1771709515.000,32.632533538,-117.208166244,7.122,107.287,98.714,1.269,-2.299,-1255,,1,-7.117,64.492,3,2101.183
2026-02-21T21:31:56.000Z,1771709516.000,32.632527081,-117.208128987,6.8,102.337,97.534,1.11,-1.387,-1256,,1,-6.748,65.283,3,2107.883
2026-02-21T21:31:57.000Z,1771709517.000,32.632520862,-117.208091934,6.738,104.608,97.699,0.611,-1.383,-1257,,1,-6.715,65.986,3,2114.451
2026-02-21T21:31:58.000Z,1771709518.000,32.632514012,-117.208055657,6.83,100.996,100.206,-2.183,-1.674,-1258,,1,-6.757,66.412,3,2120.932
2026-02-21T21:31:59.000Z,1771709519.000,32.6325066,-117.208018733,7,103.1,99.978,-2.544,-2.789,-1259,,1,-6.959,67.019,3,2127.55
2026-02-21T21:32:00.000Z,1771709520.000,32.632498897,-117.20798317,6.612,105.615,100.849,-1.792,-2.066,-1260,,1,-6.598,67.46,3,2133.909
2026-02-21T21:32:01.000Z,1771709521.000,32.632490083,-117.207948653,6.513,108.481,103.171,-1.794,-1.29,-1261,-995.217,1,-6.513,67.632,3,2140.26
2026-02-21T21:32:02.000Z,1771709522.000,32.63248141,-117.207914723,6.431,108.676,104.363,-3.378,-2.362,-1262,-991.894,1,-6.43,67.888,3,2146.472
2026-02-21T21:32:03.000Z,1771709523.000,32.632472516,-117.207880305,6.657,103.565,101.103,1.629,-2.399,-1263,-988.537,1,-6.624,68.494,3,2152.719
2026-02-21T21:32:04.000Z,1771709524.000,32.632465518,-117.207846078,6.676,105.073,98.887,0.633,-2.083,-1264,-985.258,1,-6.658,69.202,3,2158.791
2026-02-21T21:32:05.000Z,1771709525.000,32.632459124,-117.207810613,6.774,99.647,98.048,-2.875,-1.968,-1265,-981.877,1,-6.679,69.908,3,2164.887
2026-02-21T21:32:06.000Z,1771709526.000,32.632450692,-117.207775062,6.645,106.67,101.766,1.157,-1.694,-1266,-978.389,1,-6.638,70.049,3,2171.122
2026-02-21T21:32:07.000Z,1771709527.000,32.632441425,-117.207739631,6.8,106.707,104.315,-3.147,-2.149,-1267,-974.907,1,-6.793,70.19,3,2177.527
2026-02-21T21:32:08.000Z,1771709528.000,32.632431682,-117.207704754,6.5,108.784,106.472,-3.685,-2.065,-1268,-971.469,1,-6.5,70.292,3,2184.115
2026-02-21T21:32:09.000Z,1771709529.000,32.632421961,-117.207671889,6.137,110.359,106.825,-1.237,-1.74,-1269,-968.215,1,-6.136,70.468,3,2190.474
2026-02-21T21:32:10.000Z,1771709530.000,32.632413208,-117.207641055,5.814,111.073,104.387,2.851,-1.299,-1270,-965.173,1,-5.811,70.893,3,2196.411
2026-02-21T21:32:11.000Z,1771709531.000,32.632405231,-117.207609764,6.254,106.515,101.555,0.854,-2.634,-1271,-962.122,1,-6.247,71.445,3,2202.307
2026-02-21T21:32:12.000Z,1771709532.000,32.632397075,-117.2075772,6.365,105.466,100.498,1.054,-1.966,-1272,-958.948,1,-6.352,71.883,3,2208.303
2026-02-21T21:32:13.000Z,1771709533.000,32.632388949,-117.207543708,6.288,106.775,101.13,-4.029,-1.416,-1273,-955.68,1,-6.282,72.224,3,2214.284
2026-02-21T21:32:14.000Z,1771709534.000,32.632378886,-117.207509757,6.613,109.128,102.279,2.086,-2.313,-1274,-952.311,1,-6.613,72.341,3,2220.367
2026-02-21T21:32:15.000Z,1771709535.000,32.632369701,-117.207476129,6.5,106.346,103.158,-3.453,-2.051,-1275,-949,1,-6.492,72.558,3,2226.46
2026-02-21T21:32:16.000Z,1771709536.000,32.632359353,-117.207442115,6.333,108.434,105.87,-1.991,-2.402,-1276,-945.619,1,-6.333,72.523,3,2232.806
2026-02-21T21:32:17.000Z,1771709537.000,32.632350322,-117.20740948,6.212,109.024,105.76,-2.584,-2.327,-1277,-942.405,1,-6.212,72.799,3,2239.057
2026-02-21T21:32:18.000Z,1771709538.000,32.632341633,-117.207377406,6.1,105.449,102.483,5.009,-2.426,-1278,-939.26,1,-6.087,73.342,3,2245.627
2026-02-21T21:32:19.000Z,1771709539.000,32.632335795,-117.207345009,5.876,100.909,99.469,1.268,-1.589,-1279,-936.183,1,-5.815,74.167,3,2252.455
2026-02-21T21:32:20.000Z,1771709540.000,32.632330676,-117.207310655,6.2,98.388,98.925,-0.033,-1.894,-1280,-932.935,1,-6.091,74.94,3,2259.592
2026-02-21T21:32:21.000Z,1771709541.000,32.632325164,-117.207277161,6.112,104.013,98.578,-0.333,-2.034,-1281,-929.753,1,-6.088,75.625,3,2266.581
2026-02-21T21:32:22.000Z,1771709542.000,32.632318977,-117.207244432,6.1,103.192,99.141,0.257,-1.003,-1282,-926.61,1,-6.067,76.142,3,2273.362
2026-02-21T21:32:23.000Z,1771709543.000,32.632313756,-117.207212448,5.846,102.007,98.019,-0.861,-2.328,-1283,-923.58,1,-5.801,76.864,3,2279.615
2026-02-21T21:32:24.000Z,1771709544.000,32.632309382,-117.20717953,5.832,100.833,94.02,1.481,-2.634,-1284,-920.534,1,-5.772,77.928,3,2285.646
2026-02-21T21:32:25.000Z,1771709545.000,32.632306068,-117.207147179,6.1,97.684,92.253,0.873,-1.572,-1285,-917.547,1,-5.981,78.905,3,2291.522
2026-02-21T21:32:26.000Z,1771709546.000,32.632303005,-117.207114042,5.913,97.631,93.465,1.465,-2.231,-1286,-914.445,1,-5.797,79.709,3,2297.547
2026-02-21T21:32:27.000Z,1771709547.000,32.632299323,-117.20708169,5.931,99.032,94.043,-0.498,-1.088,-1287,-911.407,1,-5.842,80.468,3,2303.535
2026-02-21T21:32:28.000Z,1771709548.000,32.632294914,-117.207047883,6.189,98.467,94.511,-0.783,-1.934,-1288,-908.218,1,-6.086,81.215,3,2309.918
2026-02-21T21:32:29.000Z,1771709549.000,32.632289949,-117.207014347,6.452,102.859,93.737,1.131,-1.487,-1289,-905.057,1,-6.416,81.991,3,2316.367
2026-02-21T21:32:30.000Z,1771709550.000,32.632285567,-117.206979353,6.562,97.978,93.999,-0.84,-1.59,-1290,-901.765,1,-6.444,82.8,3,2323.05
2026-02-21T21:32:31.000Z,1771709551.000,32.632280696,-117.206944212,6.615,99.013,96.232,1.539,-2.317,-1291,-898.417,1,-6.518,83.411,3,2329.773
2026-02-21T21:32:32.000Z,1771709552.000,32.632275299,-117.206909115,6.211,103.154,98.522,-0.51,-0.906,-1292,-895.063,1,-6.18,83.961,3,2336.566
2026-02-21T21:32:33.000Z,1771709553.000,32.632269548,-117.206877396,5.623,103.843,101.617,-3.542,-1.641,-1293,-892.006,1,-5.602,84.285,3,2342.998
2026-02-21T21:32:34.000Z,1771709554.000,32.632263347,-117.206847548,5.6,104.023,96.745,1.971,-1.997,-1294,-889.173,1,-5.581,85.124,3,2349.21
2026-02-21T21:32:35.000Z,1771709555.000,32.632260067,-117.206816733,5.839,96.047,88.948,3.81,-0.926,-1295,-886.436,1,-5.696,86.506,3,2355.193
2026-02-21T21:32:36.000Z,1771709556.000,32.632257935,-117.206783896,6.07,94.695,89.497,1.104,-2.005,-1296,-883.395,1,-5.889,87.447,3,2361.571
2026-02-21T21:32:37.000Z,1771709557.000,32.632255263,-117.206748912,6.477,93.484,90.633,1.343,-1.813,-1297,-880.135,1,-6.25,88.365,3,2368.067
2026-02-21T21:32:38.000Z,1771709558.000,32.63225175,-117.206714262,6.413,96.8,93.316,-4.207,-2.007,-1298,-876.853,1,-6.276,89.067,3,2374.584
2026-02-21T21:32:39.000Z,1771709559.000,32.632245917,-117.206680724,6.13,103.935,97.905,-2.76,-2.108,-1299,-873.59,1,-6.11,89.339,3,2381.034
2026-02-21T21:32:40.000Z,1771709560.000,32.632239151,-117.206648259,6,104.216,97.94,3.273,-1.996,-1300,-870.458,1,-5.982,89.829,3,2387.359
2026-02-21T21:32:41.000Z,1771709561.000,32.632233624,-117.206615942,5.737,101.862,97.31,0.356,-1.908,-1301,-867.385,1,-5.697,90.492,3,2393.548
2026-02-21T21:32:42.000Z,1771709562.000,32.632228832,-117.206584056,5.887,101.094,95.244,-0.004,-1.201,-1302,-864.393,1,-5.837,91.326,3,2399.695
2026-02-21T21:32:43.000Z,1771709563.000,32.632224313,-117.206551819,6.014,99.342,95.188,1.09,-2.006,-1303,-861.351,1,-5.936,92.045,3,2406.013
2026-02-21T21:32:44.000Z,1771709564.000,32.632220738,-117.206518579,6.032,94.681,90.412,2.535,-1.207,-1304,-858.332,1,-5.857,93.256,3,2412.426
2026-02-21T21:32:45.000Z,1771709565.000,32.63221707,-117.206483415,6.212,99.33,91.392,4.014,-2.347,-1305,-855.029,1,-6.133,94.091,3,2419.078
2026-02-21T21:32:46.000Z,1771709566.000,32.632213728,-117.206448677,6.66,97.449,92.81,-0.369,-1.553,-1306,-851.769,1,-6.537,94.91,3,2425.65
2026-02-21T21:32:47.000Z,1771709567.000,32.63220931,-117.206414299,6.214,100.944,95.857,-3.327,-1.583,-1307,-848.488,1,-6.161,95.478,3,2432.046
2026-02-21T21:32:48.000Z,1771709568.000,32.632204175,-117.206381453,6.116,100.236,97.847,-0.056,-1.604,-1308,-845.347,1,-6.054,95.996,3,2438.35
2026-02-21T21:32:49.000Z,1771709569.000,32.63219919,-117.206349914,5.612,97.223,96.256,3.644,-1.902,-1309,-842.372,1,-5.505,96.762,3,2444.318
2026-02-21T21:32:50.000Z,1771709570.000,32.632196076,-117.206319684,5.6,95.079,92.202,2.679,-1.892,-1310,-839.617,1,-5.45,97.858,3,2450.051
2026-02-21T21:32:51.000Z,1771709571.000,32.632194184,-117.206287352,6.072,92.416,88.451,2.932,-2.044,-1311,-836.723,1,-5.839,99.125,3,2455.987
2026-02-21T21:32:52.000Z,1771709572.000,32.632192458,-117.206252795,6.584,92.689,89.488,3.082,-1.937,-1312,-833.53,1,-6.342,100.133,3,2462.36
2026-02-21T21:32:53.000Z,1771709573.000,32.632189849,-117.206215889,6.611,94.411,93.098,-0.368,-1.441,-1313,-830.051,1,-6.419,100.942,3,2469.115
2026-02-21T21:32:54.000Z,1771709574.000,32.632186132,-117.206181649,6.149,97.195,94.998,-2.015,-1.892,-1314,-826.82,1,-6.035,101.665,3,2475.614
2026-02-21T21:32:55.000Z,1771709575.000,32.632181369,-117.206149942,5.64,103.655,96.464,-0.035,-1.745,-1315,-823.797,1,-5.622,102.222,3,2481.904
2026-02-21T21:32:56.000Z,1771709576.000,32.63217555,-117.206120066,5.6,101.5,97.844,-4.641,-1.683,-1316,-820.912,1,-5.561,102.609,3,2488.146
2026-02-21T21:32:57.000Z,1771709577.000,32.632167544,-117.206088887,5.966,107.228,100.945,-6.201,-2.192,-1317,-817.834,1,-5.965,102.683,3,2494.738
2026-02-21T21:32:58.000Z,1771709578.000,32.632158729,-117.206056829,6.112,108.621,102.343,-2.951,-2.146,-1318,-814.671,1,-6.112,102.839,3,2501.276
2026-02-21T21:32:59.000Z,1771709579.000,32.632150606,-117.206022632,6.613,104.613,101.508,2.431,-1.469,-1319,-811.348,1,-6.6,103.323,3,2507.84
2026-02-21T21:33:00.000Z,1771709580.000,32.632143846,-117.205988544,6.669,101.976,98.869,4.255,-1.447,-1320,-808.092,1,-6.63,104.084,3,2514.271
2026-02-21T21:33:01.000Z,1771709581.000,32.632139228,-117.205953157,6.511,98.165,96.756,0.425,-1.912,-1321,-804.784,1,-6.412,105.069,3,2520.808
2026-02-21T21:33:02.000Z,1771709582.000,32.632134374,-117.205919126,6.312,98.212,95.232,1.918,-1.359,-1322,-801.59,1,-6.217,105.932,3,2527.317
2026-02-21T21:33:03.000Z,1771709583.000,32.632131369,-117.20588551,6.374,93.699,94.711,-4.471,-1.71,-1323,-798.476,1,-6.173,106.892,3,2533.817
2026-02-21T21:33:04.000Z,1771709584.000,32.632127793,-117.205852456,6.231,97.946,93.191,0.453,-1.45,-1324,-795.412,1,-6.134,107.849,3,2540.085
2026-02-21T21:33:05.000Z,1771709585.000,32.632124739,-117.205818005,6.368,93.584,92.566,2.105,-1.485,-1325,-792.224,1,-6.166,108.842,3,2546.504
2026-02-21T21:33:06.000Z,1771709586.000,32.632122609,-117.205784836,6.212,91.955,89.953,1.221,-0.776,-1326,-789.221,1,-5.97,110.032,3,2552.424
2026-02-21T21:33:07.000Z,1771709587.000,32.632120567,-117.20575078,6.326,93.915,89.652,1.062,-1.683,-1327,-786.094,1,-6.136,111.089,3,2558.304
2026-02-21T21:33:08.000Z,1771709588.000,32.632118335,-117.205716532,6.385,92.371,89.822,0.131,-1.606,-1328,-782.934,1,-6.151,112.098,3,2564.034
2026-02-21T21:33:09.000Z,1771709589.000,32.63211612,-117.205680467,6.756,94.755,88.55,0.597,-1.437,-1329,-779.643,1,-6.579,113.283,3,2569.866
2026-02-21T21:33:10.000Z,1771709590.000,32.632115212,-117.205644447,6.839,89.519,88.246,-2.279,-1.846,-1330,-776.374,1,-6.492,114.527,3,2575.688
2026-02-21T21:33:11.000Z,1771709591.000,32.632113356,-117.205606396,7.174,95.084,89.951,-1.22,-1.59,-1331,-772.846,1,-6.997,115.6,3,2581.806
2026-02-21T21:33:12.000Z,1771709592.000,32.632110256,-117.205567833,7.115,94.944,92.554,-0.538,-1.842,-1332,-769.223,1,-6.937,116.494,3,2588.133
2026-02-21T21:33:13.000Z,1771709593.000,32.632106702,-117.205528644,7.266,95.854,93.436,0.008,-1.717,-1333,-765.566,1,-7.11,117.494,3,2594.791
2026-02-21T21:33:14.000Z,1771709594.000,32.632103318,-117.205491442,6.924,96.515,93.764,-1.078,-2.174,-1334,-762.103,1,-6.792,118.481,3,2601.346
2026-02-21T21:33:15.000Z,1771709595.000,32.632099261,-117.205454971,6.813,98.87,94.351,-2.397,-2.087,-1335,-758.683,1,-6.732,119.352,3,2607.897
2026-02-21T21:33:16.000Z,1771709596.000,32.632094498,-117.205419068,6.769,98.224,94.758,-1.722,-1.804,-1336,-755.295,1,-6.677,120.143,3,2614.344
2026-02-21T21:33:17.000Z,1771709597.000,32.632089188,-117.205381207,7.068,100.168,95.358,0.935,-2.287,-1337,-751.713,1,-7.007,120.936,3,2620.912
2026-02-21T21:33:18.000Z,1771709598.000,32.632083365,-117.205344469,6.965,100.746,95.835,0.037,-1.903,-1338,-748.218,1,-6.914,121.644,3,2627.445
2026-02-21T21:33:19.000Z,1771709599.000,32.632077306,-117.20530872,6.439,99.705,97.832,0.887,-1.888,-1339,-744.788,1,-6.378,122.173,3,2634.029
2026-02-21T21:33:20.000Z,1771709600.000,32.632072535,-117.205275763,5.946,101.494,98.705,-2.243,-2.08,-1340,-741.663,1,-5.912,122.819,3,2640.295
2026-02-21T21:33:21.000Z,1771709601.000,32.63206795,-117.205243527,5.967,99.569,95.767,0.418,-2.126,-1341,-738.653,1,-5.909,123.756,3,2646.574
2026-02-21T21:33:22.000Z,1771709602.000,32.632064943,-117.205210495,5.988,96.587,92.543,-1.427,-1.438,-1342,-735.635,1,-5.879,124.902,3,2652.72
2026-02-21T21:33:23.000Z,1771709603.000,32.632061472,-117.205175103,6.588,98.929,94.426,-2.903,-2.215,-1343,-732.307,1,-6.513,125.695,3,2659.07
2026-02-21T21:33:24.000Z,1771709604.000,32.632056107,-117.205138803,6.985,99.321,94.562,-0.603,-1.684,-1344,-728.87,1,-6.914,126.46,3,2665.309
2026-02-21T21:33:25.000Z,1771709605.000,32.632050856,-117.205100607,7.1,96.949,94.491,2.443,-1.146,-1345,-725.268,1,-6.98,127.323,3,2671.671
2026-02-21T21:33:26.000Z,1771709606.000,32.632046721,-117.205064478,6.435,96.886,95.02,0.552,-1.188,-1346,-721.878,1,-6.325,128.178,3,2677.738
2026-02-21T21:33:27.000Z,1771709607.000,32.632043683,-117.205030354,6.137,96.131,93.383,-0.608,-1.525,-1347,-718.735,1,-6.017,129.238,3,2683.643
2026-02-21T21:33:28.000Z,1771709608.000,32.632040517,-117.204998617,6.169,96.502,91.191,-0.263,-1.612,-1348,-715.818,1,-6.057,130.239,3,2689.468
2026-02-21T21:33:29.000Z,1771709609.000,32.632037498,-117.20496547,6.309,95.847,89.982,-0.681,-1.493,-1349,-712.763,1,-6.181,131.231,3,2695.768
2026-02-21T21:33:30.000Z,1771709610.000,32.632034185,-117.204929404,6.677,94.273,89.524,-2.679,-1.843,-1350,-709.42,1,-6.504,132.243,3,2702.287
2026-02-21T21:33:31.000Z,1771709611.000,32.632029809,-117.204891058,7.463,96.541,90.463,-2.309,-2.38,-1351,-705.81,1,-7.331,133.125,3,2708.974
2026-02-21T21:33:32.000Z,1771709612.000,32.632025095,-117.204850293,7.87,97.381,92.725,-2.611,-2.204,-1352,-701.948,1,-7.752,133.96,3,2715.808
2026-02-21T21:33:33.000Z,1771709613.000,32.632019631,-117.204807198,8.07,97.911,95.406,0.727,-2.163,-1353,-697.854,1,-7.962,134.768,3,2722.768
2026-02-21T21:33:34.000Z,1771709614.000,32.632014206,-117.204764159,7.647,98.741,96.761,2.367,-1.884,-1354,-693.791,1,-7.562,135.679,3,2729.606
2026-02-21T21:33:35.000Z,1771709615.000,32.63200958,-117.204724939,7.049,98.329,98.505,-0.782,-1.695,-1355,-690.096,1,-6.963,136.5,3,2736.142
2026-02-21T21:33:36.000Z,1771709616.000,32.632004816,-117.204689092,6.253,100.358,99.628,-2.306,-1.48,-1356,-686.709,1,-6.208,137.233,3,2742.434
2026-02-21T21:33:37.000Z,1771709617.000,32.631999511,-117.204657642,5.576,102.219,98.65,-2.367,-1.415,-1357,-683.723,1,-5.555,137.915,3,2748.507
2026-02-21T21:33:38.000Z,1771709618.000,32.631994301,-117.204627657,5.312,102.397,95.287,0.034,-1.75,-1358,-680.903,1,-5.293,138.739,3,2754.431
2026-02-21T21:33:39.000Z,1771709619.000,32.631990062,-117.204595358,6.175,96.836,92.257,-1.504,-2.349,-1359,-677.913,1,-6.075,139.716,3,2760.372
2026-02-21T21:33:40.000Z,1771709620.000,32.631985234,-117.204559409,7.12,99.867,89.769,-0.395,-2.06,-1360,-674.577,1,-7.063,140.722,3,2766.408
2026-02-21T21:33:41.000Z,1771709621.000,32.631980164,-117.204518617,7.854,96.44,91.653,1.409,-2.586,-1361,-670.707,1,-7.718,141.55,3,2772.869
2026-02-21T21:33:42.000Z,1771709622.000,32.631975913,-117.204473798,7.922,97.4,92.556,-2.311,-2.199,-1362,-666.519,1,-7.809,142.683,3,2779.631
2026-02-21T21:33:43.000Z,1771709623.000,32.631970281,-117.204428492,8.475,98.084,95.001,0.981,-2.151,-1363,-662.223,1,-8.371,143.573,3,2786.73
2026-02-21T21:33:44.000Z,1771709624.000,32.631964859,-117.204384221,8.127,97.62,97.742,1.173,-2.028,-1364,-658.032,1,-8.016,144.421,3,2794.01
2026-02-21T21:33:45.000Z,1771709625.000,32.631959765,-117.204342971,7.53,98.209,97.777,0.038,-2.015,-1365,-654.159,1,-7.441,145.403,3,2800.982
2026-02-21T21:33:46.000Z,1771709626.000,32.631955791,-117.20430371,6.822,97.067,96.371,-0.1,-1.815,-1366,-650.515,1,-6.72,146.539,3,2807.735
2026-02-21T21:33:47.000Z,1771709627.000,32.631953165,-117.204267944,6.513,95.811,93.911,-1.595,-1.714,-1367,-647.246,1,-6.39,147.766,3,2813.969
2026-02-21T21:33:48.000Z,1771709628.000,32.631950022,-117.204233063,6.413,98.621,93.823,-1.114,-2.185,-1368,-644.007,1,-6.346,148.725,3,2820.264
2026-02-21T21:33:49.000Z,1771709629.000,32.631945126,-117.204198676,6.57,102.392,94.844,-2.128,-2.537,-1369,-640.743,1,-6.549,149.401,3,2826.614
2026-02-21T21:33:50.000Z,1771709630.000,32.631938569,-117.204161694,6.867,101.905,96.572,-3.336,-2.378,-1370,-637.187,1,-6.841,149.946,3,2833.567
2026-02-21T21:33:51.000Z,1771709631.000,32.63193081,-117.204123165,7.575,102.587,98.772,-3.079,-1.934,-1371,-633.455,1,-7.553,150.386,3,2840.715
2026-02-21T21:33:52.000Z,1771709632.000,32.631922281,-117.204082793,7.787,103.587,101.378,-3.585,-2.341,-1372,-629.539,1,-7.774,150.78,3,2848.05
2026-02-21T21:33:53.000Z,1771709633.000,32.631913484,-117.204043126,7.4,104.443,103.143,-1.191,-1.916,-1373,-625.69,1,-7.393,151.187,3,2855.4
2026-02-21T21:33:54.000Z,1771709634.000,32.631904656,-117.204004031,7.022,105.378,102.979,-1.115,-1.581,-1374,-621.9,1,-7.019,151.724,3,2862.863
2026-02-21T21:33:55.000Z,1771709635.000,32.631896994,-117.20396953,6.451,105.272,102.498,-0.174,-1.698,-1375,-618.561,1,-6.448,152.238,3,2869.679
2026-02-21T21:33:56.000Z,1771709636.000,32.631890777,-117.203937815,5.726,103.178,100.875,-1.13,-2.09,-1376,-615.524,1,-5.714,152.888,3,2876.074
2026-02-21T21:33:57.000Z,1771709637.000,32.631885477,-117.203907351,5.67,101.071,96.578,-1.237,-1.347,-1377,-612.659,1,-5.641,153.795,3,2882.258
2026-02-21T21:33:58.000Z,1771709638.000,32.631880082,-117.203874749,5.9,100.058,94.793,-0.695,-1.806,-1378,-609.581,1,-5.859,154.572,3,2888.791
2026-02-21T21:33:59.000Z,1771709639.000,32.631874839,-117.203841373,6.352,100.242,95.088,-1.895,-1.836,-1379,-606.41,1,-6.309,155.231,3,2895.368
2026-02-21T21:34:00.000Z,1771709640.000,32.631869429,-117.203806427,6.425,102.6,95.048,-2.577,-1.823,-1380,-603.096,1,-6.408,155.956,3,2902.107
2026-02-21T21:34:01.000Z,1771709641.000,32.631864381,-117.203770688,6.815,98.663,95.301,1.093,-1.834,-1381,-599.718,1,-6.746,156.724,3,2908.963
2026-02-21T21:34:02.000Z,1771709642.000,32.631860737,-117.203733624,6.711,94.857,93.011,-1.723,-1.87,-1382,-596.302,1,-6.566,157.88,3,2916.029
2026-02-21T21:34:03.000Z,1771709643.000,32.631857851,-117.20369732,6.812,93.213,90.184,1.497,-1.458,-1383,-592.996,1,-6.622,159.124,3,2922.815
2026-02-21T21:34:04.000Z,1771709644.000,32.631856578,-117.203660879,6.787,93.288,89.675,0.318,-1.627,-1384,-589.682,1,-6.602,160.362,3,2929.565
2026-02-21T21:34:05.000Z,1771709645.000,32.631855138,-117.203624999,6.6,93.807,91.412,-4.326,-1.741,-1385,-586.366,1,-6.434,161.395,3,2936.086
2026-02-21T21:34:06.000Z,1771709646.000,32.631852099,-117.203588368,6.579,97.137,94.119,-6.46,-1.461,-1386,-582.922,1,-6.488,162.215,3,2942.626
2026-02-21T21:34:07.000Z,1771709647.000,32.631846019,-117.203554234,6.136,103.637,97.891,-3.959,-1.765,-1387,-579.61,1,-6.127,162.546,3,2948.93
2026-02-21T21:34:08.000Z,1771709648.000,32.631838959,-117.20351927,6.588,104.413,98.665,-1.903,-2.574,-1388,-576.238,1,-6.583,163.039,3,2955.286
2026-02-21T21:34:09.000Z,1771709649.000,32.631832469,-117.203483583,6.87,100.572,96.463,-1.301,-1.439,-1389,-572.849,1,-6.831,163.85,3,2961.661
2026-02-21T21:34:10.000Z,1771709650.000,32.631826571,-117.203446313,6.954,102.633,97.526,1.28,-2.318,-1390,-569.298,1,-6.937,164.524,3,2968.426
2026-02-21T21:34:11.000Z,1771709651.000,32.631821666,-117.203408532,6.812,97.685,95.854,-1.53,-1.761,-1391,-565.765,1,-6.729,165.531,3,2975.153
2026-02-21T21:34:12.000Z,1771709652.000,32.631817072,-117.203372599,6.4,99.185,95.173,-1.96,-1.518,-1392,-562.396,1,-6.347,166.425,3,2981.895
2026-02-21T21:34:13.000Z,1771709653.000,32.631813189,-117.203338505,6.354,97.489,94.964,-1.357,-1.57,-1393,-559.207,1,-6.275,167.289,3,2988.535
2026-02-21T21:34:14.000Z,1771709654.000,32.631810386,-117.203305166,6.1,94.44,93.84,-1.877,-2.005,-1394,-556.134,1,-5.964,168.306,3,2995.214
2026-02-21T21:34:15.000Z,1771709655.000,32.63180716,-117.203271805,6.077,95.388,89.844,1.848,-1.564,-1395,-553.105,1,-5.963,169.496,3,3001.748
2026-02-21T21:34:16.000Z,1771709656.000,32.63180427,-117.203237064,6.388,96.146,87.889,1.388,-2.627,-1396,-549.93,1,-6.284,170.613,3,3008.418
2026-02-21T21:34:17.000Z,1771709657.000,32.631801067,-117.203199649,7,96.147,87.54,-1.166,-2.357,-1397,-546.467,1,-6.887,171.677,3,3015.274
2026-02-21T21:34:18.000Z,1771709658.000,32.631796738,-117.203159128,7.823,96.031,89.902,0.271,-2.306,-1398,-542.627,1,-7.694,172.539,3,3022.58
2026-02-21T21:34:19.000Z,1771709659.000,32.631792621,-117.203116348,7.623,97.207,92.883,1.133,-1.954,-1399,-538.586,1,-7.525,173.454,3,3029.787
2026-02-21T21:34:20.000Z,1771709660.000,32.631788935,-117.203076075,7.162,97.24,94.227,2.153,-1.712,-1400,-534.82,1,-7.07,174.444,3,3036.723
2026-02-21T21:34:21.000Z,1771709661.000,32.631786347,-117.203038469,6.813,94.427,94.135,-1.67,-1.675,-1401,-531.352,1,-6.666,175.56,3,3043.302
2026-02-21T21:34:22.000Z,1771709662.000,32.631783896,-117.203003037,6.375,94.925,93.891,-0.388,-1.527,-1402,-528.086,1,-6.249,176.621,3,3049.814
2026-02-21T21:34:23.000Z,1771709663.000,32.631781162,-117.202967551,6.554,93.894,91.757,-1.761,-2.172,-1403,-524.841,1,-6.4,177.799,3,3056.227
2026-02-21T21:34:24.000Z,1771709664.000,32.6317769,-117.2029324,6.613,99.875,91.174,2.05,-1.301,-1404,-521.555,1,-6.571,178.69,3,3062.809
2026-02-21T21:34:25.000Z,1771709665.000,32.631772184,-117.20289612,6.986,97.895,91.106,0.569,-2.15,-1405,-518.142,1,-6.912,179.538,3,3069.54
2026-02-21T21:34:26.000Z,1771709666.000,32.631768104,-117.20285815,7.185,96.234,91.687,-2.267,-2.38,-1406,-514.584,1,-7.075,180.462,3,3076.64
2026-02-21T21:34:27.000Z,1771709667.000,32.631764221,-117.202818098,7.467,97.212,90.717,-1.831,-2.191,-1407,-510.874,1,-7.374,181.6,3,3083.904
2026-02-21T21:34:28.000Z,1771709668.000,32.631761373,-117.202778265,7.4,95.237,91.191,0.127,-1.794,-1408,-507.186,1,-7.265,182.727,3,3091.113
2026-02-21T21:34:29.000Z,1771709669.000,32.63175778,-117.202739463,6.94,96.393,92.5,2.018,-1.738,-1409,-503.553,1,-6.839,183.677,3,3098.141
2026-02-21T21:34:30.000Z,1771709670.000,32.631754461,-117.202702443,6.731,96.839,92.385,-0.082,-1.957,-1410,-500.117,1,-6.642,184.698,3,3104.931
2026-02-21T21:34:31.000Z,1771709671.000,32.631751349,-117.202666677,6.589,93.26,92.474,-1.222,-1.387,-1411,-496.796,1,-6.423,185.678,3,3111.629
2026-02-21T21:34:32.000Z,1771709672.000,32.631749703,-117.202632868,6.3,93.419,90.364,-1.61,-1.713,-1412,-493.739,1,-6.146,186.903,3,3118.025
2026-02-21T21:34:33.000Z,1771709673.000,32.63174844,-117.202598436,6.374,91.304,86.458,4.128,-2.462,-1413,-490.688,1,-6.163,188.32,3,3124.471
2026-02-21T21:34:34.000Z,1771709674.000,32.631747731,-117.202561988,6.822,89.54,85.033,5.114,-2.187,-1414,-487.418,1,-6.541,189.681,3,3131.353
2026-02-21T21:34:35.000Z,1771709675.000,32.631747233,-117.202520879,7.478,90.177,86.87,-1.142,-2.195,-1415,-483.644,1,-7.194,190.998,3,3138.67
2026-02-21T21:34:36.000Z,1771709676.000,32.631745346,-117.202478687,7.976,92.439,91.041,-1.181,-2.062,-1416,-479.685,1,-7.754,192.036,3,3146.329
2026-02-21T21:34:37.000Z,1771709677.000,32.631742151,-117.202437566,7.513,96.602,95.286,-0.396,-2.104,-1417,-475.806,1,-7.413,192.886,3,3153.891
2026-02-21T21:34:38.000Z,1771709678.000,32.631737445,-117.202399892,6.76,98.94,96.911,2.556,-1.926,-1418,-472.245,1,-6.709,193.654,3,3160.967
2026-02-21T21:34:39.000Z,1771709679.000,32.631733492,-117.202364147,6.489,97.057,95.211,1.568,-2.289,-1419,-468.925,1,-6.411,194.687,3,3167.733
2026-02-21T21:34:40.000Z,1771709680.000,32.631729542,-117.202330972,5.948,96.818,93.334,3.692,-1.268,-1420,-465.844,1,-5.873,195.638,3,3174.102
2026-02-21T21:34:41.000Z,1771709681.000,32.631726192,-117.202298465,5.851,94.482,93.747,-0.367,-1.424,-1421,-462.805,1,-5.735,196.45,3,3180.452
2026-02-21T21:34:42.000Z,1771709682.000,32.63172218,-117.202266333,5.83,101.022,94.779,-3.353,-1.987,-1422,-459.77,1,-5.809,197.133,3,3186.903
2026-02-21T21:34:43.000Z,1771709683.000,32.631716977,-117.202233852,5.8,101.389,94.373,0.75,-2.042,-1423,-456.691,1,-5.782,197.818,3,3193.752
2026-02-21T21:34:44.000Z,1771709684.000,32.631712713,-117.202202462,5.612,95.927,92.851,2.533,-1.893,-1424,-453.758,1,-5.528,198.644,3,3200.44
2026-02-21T21:34:45.000Z,1771709685.000,32.631709467,-117.202169468,6.1,99.687,90.36,3.39,-1.998,-1425,-450.733,1,-6.065,199.704,3,3207.131
2026-02-21T21:34:46.000Z,1771709686.000,32.631707752,-117.202134816,6.8,93.9,87.396,1.224,-2.435,-1426,-447.625,1,-6.654,201.014,3,3213.744
2026-02-21T21:34:47.000Z,1771709687.000,32.631704782,-117.202095382,7.068,95.722,90.096,1.395,-1.532,-1427,-443.915,1,-6.959,201.95,3,3220.994
2026-02-21T21:34:48.000Z,1771709688.000,32.631701865,-117.202056018,7.312,94.694,94.522,-2.89,-1.622,-1428,-440.195,1,-7.175,202.752,3,3228.024
2026-02-21T21:34:49.000Z,1771709689.000,32.631697977,-117.202018414,6.738,98.287,97.886,-3.993,-1.728,-1429,-436.642,1,-6.68,203.466,3,3234.823
2026-02-21T21:34:50.000Z,1771709690.000,32.631693504,-117.201984334,6.23,100.088,97.974,-0.699,-1.694,-1430,-433.434,1,-6.2,204.245,3,3241.219
2026-02-21T21:34:51.000Z,1771709691.000,32.631690337,-117.201950914,5.979,96.331,93.988,1.026,-2.137,-1431,-430.378,1,-5.899,205.451,3,3247.406
2026-02-21T21:34:52.000Z,1771709692.000,32.631688484,-117.201918471,6.076,94.524,88.345,3.408,-1.843,-1432,-427.51,1,-5.961,206.87,3,3253.205
2026-02-21T21:34:53.000Z,1771709693.000,32.631687826,-117.201884178,6.487,90.996,86.101,1.823,-1.819,-1433,-424.453,1,-6.276,208.219,3,3259.156
2026-02-21T21:34:54.000Z,1771709694.000,32.631688439,-117.201847374,6.9,88.213,86.081,1.813,-1.874,-1434,-421.152,1,-6.584,209.628,3,3265.438
2026-02-21T21:34:55.000Z,1771709695.000,32.63168901,-117.201809493,7,86.527,86.237,2.572,-2.156,-1435,-417.747,1,-6.616,211.058,3,3272.107
2026-02-21T21:34:56.000Z,1771709696.000,32.631689412,-117.201770794,6.735,91.2,86.642,5.448,-1.75,-1436,-414.257,1,-6.525,212.483,3,3279.136
2026-02-21T21:34:57.000Z,1771709697.000,32.631689963,-117.201733353,6.637,89.949,87.789,2.507,-1.441,-1437,-410.866,1,-6.393,213.822,3,3286.39
2026-02-21T21:34:58.000Z,1771709698.000,32.6316881,-117.201698396,6.193,97.047,94.235,-1.807,-1.309,-1438,-407.527,1,-6.126,214.423,3,3293.59
2026-02-21T21:34:59.000Z,1771709699.000,32.631683811,-117.201665678,6.224,102.811,98.122,-2.292,-2.34,-1439,-404.395,1,-6.217,214.877,3,3300.71
2026-02-21T21:35:00.000Z,1771709700.000,32.631676445,-117.201633291,5.966,106.32,98.498,3.996,-2.282,-1440,-401.25,1,-5.965,215.276,3,3307.546
2026-02-21T21:35:01.000Z,1771709701.000,32.631668774,-117.201602071,6.075,106.338,97.328,5.725,-1.74,-1441,-398.217,1,-6.074,215.722,3,3314.187
2026-02-21T21:35:02.000Z,1771709702.000,32.631662608,-117.201570147,5.687,101.863,97.215,1.351,-1.802,-1442,-395.155,1,-5.675,216.265,3,3320.718
2026-02-21T21:35:03.000Z,1771709703.000,32.631657031,-117.201536828,6.215,102.501,97.936,-2.149,-2.358,-1443,-391.974,1,-6.206,216.854,3,3327.324
2026-02-21T21:35:04.000Z,1771709704.000,32.631651276,-117.201501332,6.5,99.921,98.869,4.29,-2.08,-1444,-388.591,1,-6.469,217.488,3,3333.978
2026-02-21T21:35:05.000Z,1771709705.000,32.63164666,-117.201467479,6.149,100.247,99.72,3.376,-1.701,-1445,-385.392,1,-6.124,218.184,3,3340.543
2026-02-21T21:35:06.000Z,1771709706.000,32.63164295,-117.201435568,6,98.145,98.178,0.871,-1.697,-1446,-382.417,1,-5.951,219.091,3,3346.936
2026-02-21T21:35:07.000Z,1771709707.000,32.631638635,-117.201404472,5.615,103.324,96.556,2.649,-1.501,-1447,-379.502,1,-5.611,219.911,3,3353.313
2026-02-21T21:35:08.000Z,1771709708.000,32.631634507,-117.201372987,5.5,99.224,94.398,2.982,-1.685,-1448,-376.569,1,-5.468,220.805,3,3359.585
2026-02-21T21:35:09.000Z,1771709709.000,32.631631996,-117.201341411,5.824,94.377,90.581,2.477,-2.047,-1449,-373.715,1,-5.716,221.991,3,3365.739
2026-02-21T21:35:10.000Z,1771709710.000,32.631630878,-117.201309193,5.752,92.336,87.658,4.612,-1.398,-1450,-370.842,1,-5.604,223.27,3,3372.062
2026-02-21T21:35:11.000Z,1771709711.000,32.631630715,-117.201276181,6.03,92.43,88.001,1.768,-1.529,-1451,-367.851,1,-5.878,224.434,3,3378.736
2026-02-21T21:35:12.000Z,1771709712.000,32.631629395,-117.201243221,6.089,94.157,87.894,-0.474,-1.957,-1452,-364.841,1,-5.974,225.51,3,3385.367
2026-02-21T21:35:13.000Z,1771709713.000,32.631628036,-117.201211099,5.76,90.837,88.043,-1.265,-0.965,-1453,-361.898,1,-5.577,226.533,3,3391.791
2026-02-21T21:35:14.000Z,1771709714.000,32.63162578,-117.201179992,5.626,95.557,90.293,0.409,-1.132,-1454,-358.973,1,-5.545,227.271,3,3398.001
2026-02-21T21:35:15.000Z,1771709715.000,32.631623967,-117.201149726,5.685,92.637,91.003,0.682,-1.985,-1455,-356.174,1,-5.547,228.137,3,3404.15
2026-02-21T21:35:16.000Z,1771709716.000,32.631622087,-117.201117816,5.778,95.581,89.545,0.207,-2.293,-1456,-353.27,1,-5.696,229.219,3,3410.365
2026-02-21T21:35:17.000Z,1771709717.000,32.63161973,-117.201086029,5.976,95.188,90.516,0.064,-1.582,-1457,-350.311,1,-5.885,230.065,3,3416.632
2026-02-21T21:35:18.000Z,1771709718.000,32.631617324,-117.201052837,6.438,94.66,93.698,-1.118,-1.914,-1458,-347.186,1,-6.329,230.79,3,3423.057
2026-02-21T21:35:19.000Z,1771709719.000,32.631614546,-117.201020151,6.015,97.477,94.039,0.837,-1.769,-1459,-344.148,1,-5.961,231.673,3,3429.337
2026-02-21T21:35:20.000Z,1771709720.000,32.631611867,-117.200986924,6.154,96.8,92.653,5.255,-2.045,-1460,-341.094,1,-6.088,232.718,3,3435.432
2026-02-21T21:35:21.000Z,1771709721.000,32.631610171,-117.20095381,5.976,91.788,92.156,3.216,-1.451,-1461,-338.066,1,-5.814,233.791,3,3441.326
2026-02-21T21:35:22.000Z,1771709722.000,32.631609162,-117.200923539,5.362,92.549,92.94,-0.956,-1.341,-1462,-335.29,1,-5.233,234.733,3,3446.882
2026-02-21T21:35:23.000Z,1771709723.000,32.631607978,-117.200895813,4.762,92.502,92.967,0.194,-1.397,-1463,-332.753,1,-4.647,235.622,3,3452.302
2026-02-21T21:35:24.000Z,1771709724.000,32.63160572,-117.200870125,4.6,93.211,92.247,-0,-1.805,-1464,-330.381,1,-4.501,236.384,3,3457.55
2026-02-21T21:35:25.000Z,1771709725.000,32.631603166,-117.200843498,4.912,97.55,89.924,-1.268,-2.403,-1465,-327.95,1,-4.869,237.27,3,3462.919
2026-02-21T21:35:26.000Z,1771709726.000,32.631600295,-117.20081378,5.488,97.844,89.411,-2.07,-2.383,-1466,-325.195,1,-5.444,238.099,3,3468.694
2026-02-21T21:35:27.000Z,1771709727.000,32.631596067,-117.200781216,5.987,100.247,93.024,1.866,-1.916,-1467,-322.059,1,-5.965,238.583,3,3475.073
2026-02-21T21:35:28.000Z,1771709728.000,32.631591977,-117.200747997,6.215,96.038,95.405,-2.364,-1.722,-1468,-318.902,1,-6.138,239.194,3,3481.388
2026-02-21T21:35:29.000Z,1771709729.000,32.631587306,-117.200715147,5.847,101.571,96.339,0.224,-1.623,-1469,-315.786,1,-5.836,239.843,3,3487.647
2026-02-21T21:35:30.000Z,1771709730.000,32.631583022,-117.200685362,5.425,98.608,93.045,5.116,-1.097,-1470,-313.022,1,-5.39,240.746,3,3493.517
2026-02-21T21:35:31.000Z,1771709731.000,32.631580867,-117.200657282,5.327,91.234,90.698,2.07,-2.252,-1471,-310.47,1,-5.173,241.728,3,3499.199
2026-02-21T21:35:32.000Z,1771709732.000,32.631579591,-117.200628531,5.385,90.528,87.573,3.478,-0.448,-1472,-307.91,1,-5.214,242.879,3,3504.79
2026-02-21T21:35:33.000Z,1771709733.000,32.631579666,-117.200596444,5.977,87.849,83.939,4.986,-2.385,-1473,-305.117,1,-5.712,244.321,3,3510.504
2026-02-21T21:35:34.000Z,1771709734.000,32.631580788,-117.200563129,6.275,87.21,83.103,8.173,-0.916,-1474,-302.17,1,-5.977,245.711,3,3516.325
2026-02-21T21:35:35.000Z,1771709735.000,32.63158308,-117.200529347,6.04,84.986,83.713,0.598,-1.666,-1475,-299.172,1,-5.679,247.137,3,3522.314
2026-02-21T21:35:36.000Z,1771709736.000,32.63158353,-117.200496551,5.83,91.814,87.524,-2.936,-1.187,-1476,-296.122,1,-5.679,248.105,3,3528.476
2026-02-21T21:35:37.000Z,1771709737.000,32.631582112,-117.200463888,5.911,96.204,90.119,-0.369,-1.358,-1477,-293.072,1,-5.844,248.961,3,3534.511
2026-02-21T21:35:38.000Z,1771709738.000,32.631580811,-117.200433757,5.551,93.859,88.831,1.359,-1.449,-1478,-290.344,1,-5.449,250.024,3,3540.022
2026-02-21T21:35:39.000Z,1771709739.000,32.631579404,-117.200402489,5.922,93.7,87.117,3.684,-1.116,-1479,-287.523,1,-5.811,251.148,3,3545.533
2026-02-21T21:35:40.000Z,1771709740.000,32.631578845,-117.200369402,6.21,89.32,86.42,0.904,-2.108,-1480,-284.539,1,-5.984,252.349,3,3551.195
2026-02-21T21:35:41.000Z,1771709741.000,32.631578688,-117.200333343,6.588,89.178,87.931,-1.066,-1.333,-1481,-281.243,1,-6.345,253.539,3,3557.106
2026-02-21T21:35:42.000Z,1771709742.000,32.631577158,-117.200297213,6.874,92.456,91.59,-0.733,-1.542,-1482,-277.857,1,-6.716,254.429,3,3563.267
2026-02-21T21:35:43.000Z,1771709743.000,32.631575192,-117.200261849,6.486,94.479,91.902,-1.019,-1.323,-1483,-274.602,1,-6.382,255.496,3,3569.436
2026-02-21T21:35:44.000Z,1771709744.000,32.631571946,-117.200227767,5.999,99.335,93.04,0.24,-1.818,-1484,-271.41,1,-5.972,256.321,3,3575.639
2026-02-21T21:35:45.000Z,1771709745.000,32.631568027,-117.200192929,6.2,95.379,93.581,-0.656,-2.211,-1485,-268.141,1,-6.118,257.151,3,3581.786
2026-02-21T21:35:46.000Z,1771709746.000,32.631563199,-117.200160729,5.987,100.778,93.31,-0.68,-1.166,-1486,-265.096,1,-5.973,257.853,3,3587.536
2026-02-21T21:35:47.000Z,1771709747.000,32.631558966,-117.200127608,6.058,98.932,93.905,-0.668,-2.155,-1487,-261.972,1,-6.027,258.584,3,3593.229
2026-02-21T21:35:48.000Z,1771709748.000,32.631555839,-117.200093269,6.264,96.889,93.627,-1.311,-1.855,-1488,-258.786,1,-6.206,259.539,3,3598.87
2026-02-21T21:35:49.000Z,1771709749.000,32.631553089,-117.200057383,6.764,94.717,92.747,-1.883,-1.516,-1489,-255.481,1,-6.663,260.635,3,3604.626
2026-02-21T21:35:50.000Z,1771709750.000,32.631550005,-117.20002262,6.526,96.428,92.604,-1.361,-1.454,-1490,-252.256,1,-6.458,261.599,3,3610.437
2026-02-21T21:35:51.000Z,1771709751.000,32.631546673,-117.199989071,6.314,97.984,94.623,-1.387,-1.245,-1491,-249.096,1,-6.272,262.328,3,3616.392
2026-02-21T21:35:52.000Z,1771709752.000,32.631542579,-117.199956997,5.867,97.256,95.5,-5.749,-0.106,-1492,-246.067,1,-5.818,263.013,3,3622.49
2026-02-21T21:35:53.000Z,1771709753.000,32.631538842,-117.199923932,6.288,97.454,93.11,-0.739,0.183,-1493,-243.011,1,-6.239,264.021,3,3628.488
2026-02-21T21:35:54.000Z,1771709754.000,32.631534273,-117.199891966,5.848,97.791,92.477,1.622,0.132,-1494,-240.002,1,-5.806,264.769,3,3634.289
2026-02-21T21:35:55.000Z,1771709755.000,32.631529023,-117.199858432,6.561,96.145,93.97,-2.351,0.489,-1495,-236.795,1,-6.49,265.342,3,3640.453
2026-02-21T21:35:56.000Z,1771709756.000,32.631523125,-117.199822708,6.885,101.453,96.916,-3.31,-0.81,-1496,-233.355,1,-6.874,265.814,3,3646.895
2026-02-21T21:35:57.000Z,1771709757.000,32.631516757,-117.199784657,7.237,98.962,97.129,-2.115,0.874,-1497,-229.729,1,-7.202,266.535,3,3653.344
2026-02-21T21:35:58.000Z,1771709758.000,32.631512048,-117.199745985,6.771,99.117,94.643,0.043,0.329,-1498,-226.133,1,-6.74,267.658,3,3659.576
2026-02-21T21:35:59.000Z,1771709759.000,32.631508834,-117.199708941,6.888,93.738,90.79,3.417,0.713,-1499,-222.765,1,-6.765,268.975,3,3665.393
2026-02-21T21:36:00.000Z,1771709760.000,32.631507827,-117.199673276,6.5,89.4,88.862,-0.855,0.801,-1500,-219.56,1,-6.275,270.318,3,3671.149
2026-02-21T21:36:01.000Z,1771709761.000,32.631507776,-117.199637791,6.53,90.077,87.114,-3.628,0.378,-1501,-216.4,1,-6.325,271.737,3,3676.984
2026-02-21T21:36:02.000Z,1771709762.000,32.63150594,-117.199602032,6.323,94.09,89.15,-1.74,0.602,-1502,-213.07,1,-6.22,272.705,3,3683.038
2026-02-21T21:36:03.000Z,1771709763.000,32.631503144,-117.199567837,6.012,95.572,90.153,2.403,0.89,-1503,-209.879,1,-5.94,273.593,3,3688.999
2026-02-21T21:36:04.000Z,1771709764.000,32.63150015,-117.19953416,5.879,97.802,88.899,3.381,0.984,-1504,-206.78,1,-5.839,274.609,3,3694.896
2026-02-21T21:36:05.000Z,1771709765.000,32.631497928,-117.19950023,6.339,95.79,90.602,-2.179,0.325,-1505,-203.615,1,-6.267,275.494,3,3700.862
2026-02-21T21:36:06.000Z,1771709766.000,32.631494502,-117.19946476,6.633,97.659,93.672,0.345,0.975,-1506,-200.255,1,-6.586,276.205,3,3707.123
2026-02-21T21:36:07.000Z,1771709767.000,32.631490237,-117.199429645,6.75,97.898,91.85,7.83,0.265,-1507,-196.993,1,-6.706,277.19,3,3713.124
2026-02-21T21:36:08.000Z,1771709768.000,32.63148946,-117.199393174,6.887,87.688,87.569,9.722,1.105,-1508,-193.774,1,-6.596,278.761,3,3719.027
2026-02-21T21:36:09.000Z,1771709769.000,32.631490324,-117.199356499,6.707,87.343,86.756,2.795,1.473,-1509,-190.512,1,-6.414,280.248,3,3724.92
2026-02-21T21:36:10.000Z,1771709770.000,32.631489246,-117.199319676,6.722,92.81,90.787,3.579,1.154,-1510,-187.064,1,-6.587,281.184,3,3731.129
2026-02-21T21:36:11.000Z,1771709771.000,32.631486825,-117.199285425,6.25,94.338,94.528,-0.917,0.763,-1511,-183.834,1,-6.155,281.902,3,3737.266
2026-02-21T21:36:12.000Z,1771709772.000,32.631482769,-117.199252747,6.247,100.824,95.469,1.117,0.043,-1512,-180.751,1,-6.236,282.608,3,3743.499
2026-02-21T21:36:13.000Z,1771709773.000,32.631475033,-117.199223609,5.33,105.476,99.263,8.637,1.993,-1513,-177.848,1,-5.329,282.583,3,3749.551
2026-02-21T21:36:14.000Z,1771709774.000,32.631471563,-117.199191259,6.089,98.553,97.038,-4.238,0.017,-1514,-174.849,1,-6.058,283.584,3,3755.43
2026-02-21T21:36:15.000Z,1771709775.000,32.631463997,-117.199160979,5.912,107.064,99.666,12.947,1.62,-1515,-171.865,1,-5.905,283.708,3,3761.142
2026-02-21T21:36:16.000Z,1771709776.000,32.631457776,-117.199129966,5.987,105.845,102.793,-0.386,2.125,-1516,-168.863,1,-5.985,283.955,3,3766.72
2026-02-21T21:36:17.000Z,1771709777.000,32.631447275,-117.199101674,5.715,110.217,103.64,6.154,1.712,-1517,-165.995,1,-5.685,283.846,3,3772.283
2026-02-21T21:36:18.000Z,1771709778.000,32.631439937,-117.199073058,5.111,105.516,97.775,8.093,3.903,-1518,-163.236,1,-5.11,284.604,3,3777.916
2026-02-21T21:36:19.000Z,1771709779.000,32.631436709,-117.199046024,4.873,93.664,92.704,8.799,0.472,-1519,-160.773,1,-4.789,285.653,3,3783.324
2026-02-21T21:36:20.000Z,1771709780.000,32.631436348,-117.19902029,4.974,86.638,83.266,5.556,1.876,-1520,-158.672,1,-4.74,287.248,3,3788.223
2026-02-21T21:36:21.000Z,1771709781.000,32.631435831,-117.198992244,5.269,89.53,81.761,8.482,1.698,-1521,-156.173,1,-5.096,288.325,3,3793.312
2026-02-21T21:36:22.000Z,1771709782.000,32.631436436,-117.19895954,5.789,87.8,81.731,4.916,-0.096,-1522,-153.242,1,-5.553,289.583,3,3798.764
2026-02-21T21:36:23.000Z,1771709783.000,32.631436891,-117.198926924,6.188,87.485,84.982,2.152,-0.143,-1523,-150.214,1,-5.926,290.591,3,3804.065
2026-02-21T21:36:24.000Z,1771709784.000,32.631434335,-117.198896198,5.65,102.263,100.073,-1.404,1.605,-1524,-147.097,1,-5.646,290.306,3,3810.354
2026-02-21T21:36:25.000Z,1771709785.000,32.631425006,-117.198871927,4.552,123.884,124.609,-4.002,2.744,-1525,-144.866,1,-4.289,288.266,3,3816.127
2026-02-21T21:36:26.000Z,1771709786.000,32.631410258,-117.198855481,4.569,143.474,146.421,-3.424,-0.561,-1526,-143.817,1,-3.547,285.734,3,3820.544
2026-02-21T21:36:27.000Z,1771709787.000,32.631392477,-117.198844045,4.188,154.64,158.757,-3.051,0.547,-1527,-142.981,1,-2.683,283.559,3,3824.494
2026-02-21T21:36:28.000Z,1771709788.000,32.631374182,-117.198831727,4.388,146.191,165.498,-12.178,5.135,-1528,-141.78,1,-3.278,281.777,3,3828.38
2026-02-21T21:36:29.000Z,1771709789.000,32.631354528,-117.198821827,4.569,163.312,185.864,-12.876,0.487,-1529,-141.848,1,-2.373,279.383,3,3830.976
2026-02-21T21:36:30.000Z,1771709790.000,32.631335044,-117.198822154,4.315,193.754,208.625,-10.249,-0.271,-1530,-143.128,1,-0.068,277.189,3,3832.297
2026-02-21T21:36:31.000Z,1771709791.000,32.631317496,-117.198826468,3.688,194.27,218.835,-18.17,3.724,-1531,-143.779,1,-0.029,275.388,3,3834.228
2026-02-21T21:36:32.000Z,1771709792.000,32.631301989,-117.198834991,3.549,215.612,234.386,-19.73,1.329,-1532,-145.163,1,1.264,273.993,3,3835.539
2026-02-21T21:36:33.000Z,1771709793.000,32.631290076,-117.198849795,3.665,238.083,249.598,-16.359,-0.278,-1533,-146.992,1,2.514,273.005,3,3836.338
2026-02-21T21:36:34.000Z,1771709794.000,32.631281285,-117.19886543,3.369,244.477,255.64,-6.575,2.842,-1534,-148.405,1,2.569,271.909,3,3838.07
2026-02-21T21:36:35.000Z,1771709795.000,32.631273475,-117.198880571,3.011,228.127,253.839,-6.568,4.721,-1535,-149.467,1,1.653,270.439,3,3840.185
2026-02-21T21:36:36.000Z,1771709796.000,32.631265701,-117.198895992,3.3,244.867,261.997,-12.888,-0.247,-1536,-150.933,1,2.528,269.621,3,3841.736
2026-02-21T21:36:37.000Z,1771709797.000,32.63126039,-117.198912862,3.708,256.731,266.143,-8.694,1.3,-1537,-152.42,1,3.269,268.756,3,3842.905
2026-02-21T21:36:38.000Z,1771709798.000,32.631255435,-117.198929544,3.061,251.987,267.435,-2.557,4.242,-1538,-153.81,1,2.57,267.734,3,3844.044
2026-02-21T21:36:39.000Z,1771709799.000,32.63124992,-117.198946058,3.021,242.537,263.234,-2.758,2.422,-1539,-155.018,1,2.231,266.264,3,3845.802
2026-02-21T21:36:40.000Z,1771709800.000,32.631243512,-117.198961191,3.012,239.828,260.037,-5.82,-0.1,-1540,-156.086,1,2.124,264.835,3,3847.635
2026-02-21T21:36:41.000Z,1771709801.000,32.631237548,-117.198976965,3.758,251.527,260.636,0.599,1.57,-1541,-157.353,1,3.134,263.688,3,3849.147
2026-02-21T21:36:42.000Z,1771709802.000,32.631228938,-117.198992325,3.524,225.512,245.373,0.033,8.547,-1542,-157.814,1,1.785,261.302,3,3851.431
2026-02-21T21:36:43.000Z,1771709803.000,32.631215662,-117.199006829,3.533,222.17,240.627,-12.455,-0.181,-1543,-158.469,1,1.605,259.164,3,3853.171
2026-02-21T21:36:44.000Z,1771709804.000,32.631203052,-117.199020709,4.281,232.052,248.471,-18.236,-0.676,-1544,-159.763,1,2.569,257.787,3,3854.171
2026-02-21T21:36:45.000Z,1771709805.000,32.631192597,-117.199036387,3.662,226.676,247.516,-11.152,8.821,-1545,-160.819,1,1.911,256.089,3,3855.508
2026-02-21T21:36:46.000Z,1771709806.000,32.631182478,-117.199053729,4.03,244.697,252.786,-8.773,-1.169,-1546,-162.33,1,3.062,254.733,3,3856.464
2026-02-21T21:36:47.000Z,1771709807.000,32.631172657,-117.199071377,4.41,230.834,247.551,-6.735,5.47,-1547,-163.383,1,2.562,252.771,3,3857.22
2026-02-21T21:36:48.000Z,1771709808.000,32.631160672,-117.199089169,3.935,236.865,249.042,-10.183,3.729,-1548,-164.704,1,2.607,250.98,3,3853.84
2026-02-21T21:36:49.000Z,1771709809.000,32.631149335,-117.199108004,4.2,238.746,253.568,-10.477,1.945,-1549,-166.272,1,2.883,249.406,3,3850.474
2026-02-21T21:36:50.000Z,1771709810.000,32.631139107,-117.199127665,4.46,240.533,254.526,-15.883,3.771,-1550,-167.78,1,3.158,247.702,3,3846.301
2026-02-21T21:36:51.000Z,1771709811.000,32.63113029,-117.199149569,4.345,240.798,250.754,-4.766,7.258,-1551,-169.328,1,3.088,245.766,3,3842.473
2026-02-21T21:36:52.000Z,1771709812.000,32.631119356,-117.199172079,4.281,242.74,252.349,-6.501,0.353,-1552,-171.106,1,3.141,243.921,3,3838.794
2026-02-21T21:36:53.000Z,1771709813.000,32.631108873,-117.199193853,4.9,235.035,244.492,-0.489,0.468,-1553,-172.371,1,3.111,241.6,3,3836.313
2026-02-21T21:36:54.000Z,1771709814.000,32.63109525,-117.199212512,4.76,226.849,241.077,-7.017,3.312,-1554,-173.462,1,2.464,239.345,3,3835.053
2026-02-21T21:36:55.000Z,1771709815.000,32.631081925,-117.199230993,4.292,227.078,239.592,-7.554,8.875,-1555,-174.647,1,2.232,237.232,3,3834.201
2026-02-21T21:36:56.000Z,1771709816.000,32.631067807,-117.199250685,4.477,231.379,242.761,-9.155,0.712,-1556,-176.182,1,2.605,235.226,3,3833.987
2026-02-21T21:36:57.000Z,1771709817.000,32.631054561,-117.199270177,4.863,232.639,240.779,-6.505,2.427,-1557,-177.435,1,2.911,233.058,3,3834.25
2026-02-21T21:36:58.000Z,1771709818.000,32.631038728,-117.199288635,5,227.071,243.788,-16.277,1.041,-1558,-178.794,1,2.586,230.918,3,3833.826
2026-02-21T21:36:59.000Z,1771709819.000,32.631025499,-117.199307994,4.639,233.247,247.452,-14.559,1.569,-1559,-180.337,1,2.809,229.058,3,3832.872
2026-02-21T21:37:00.000Z,1771709820.000,32.631012676,-117.19932878,4.833,235.379,251.306,-11.724,9.044,-1560,-182.014,1,3.065,227.213,3,3831.393
2026-02-21T21:37:01.000Z,1771709821.000,32.631000627,-117.199351269,4.674,237.288,245.239,-8.83,3.259,-1561,-183.385,1,3.078,224.809,3,3830.998
2026-02-21T21:37:02.000Z,1771709822.000,32.630987325,-117.199372441,4.948,232.653,240.781,-8.978,2.525,-1562,-184.654,1,2.943,222.441,3,3830.912
2026-02-21T21:37:03.000Z,1771709823.000,32.630970384,-117.199390826,5.835,222.465,240.46,-23.979,-0.388,-1563,-185.789,1,2.579,220.019,3,3831.918
2026-02-21T21:37:04.000Z,1771709824.000,32.630954719,-117.19941295,5,232.879,245.653,-23.526,2.965,-1564,-187.604,1,2.98,217.877,3,3831.792
2026-02-21T21:37:05.000Z,1771709825.000,32.630941088,-117.199437697,5.361,237.988,246.981,-18.904,2.121,-1565,-189.498,1,3.562,215.652,3,3831.477
2026-02-21T21:37:06.000Z,1771709826.000,32.630927599,-117.199461698,4.961,235.252,248.497,-19.454,1.04,-1566,-191.337,1,3.111,213.48,3,3831.412
2026-02-21T21:37:07.000Z,1771709827.000,32.63091516,-117.199486335,5.085,237.497,248.666,-13.412,3.096,-1567,-193.197,1,3.338,211.317,3,3831.484
2026-02-21T21:37:08.000Z,1771709828.000,32.630901018,-117.199512699,5.782,237.328,251.939,-17.257,-0.202,-1568,-195.308,1,3.778,209.101,3,3830.702
2026-02-21T21:37:09.000Z,1771709829.000,32.630889435,-117.199538553,5.082,243.065,250.22,-9.231,9.385,-1569,-197.216,1,3.685,206.867,3,3830.092
2026-02-21T21:37:10.000Z,1771709830.000,32.630875518,-117.199564141,4.988,232.441,245.536,-17.736,-1.627,-1570,-198.876,1,2.916,204.241,3,3829.783
2026-02-21T21:37:11.000Z,1771709831.000,32.63086164,-117.199587915,5.663,233.19,249.126,-21.211,0.837,-1571,-200.788,1,3.366,202.154,3,3828.825
2026-02-21T21:37:12.000Z,1771709832.000,32.630846733,-117.199612583,5.736,226.333,245.878,-22.224,0.032,-1572,-202.407,1,2.827,199.542,3,3828.542
2026-02-21T21:37:13.000Z,1771709833.000,32.630832984,-117.199636704,5.288,243.03,245.101,-16.329,3.626,-1573,-204.133,1,3.814,197.211,3,3828.32
2026-02-21T21:37:14.000Z,1771709834.000,32.630817796,-117.199660474,5.5,235.553,246.792,-23.28,-0.497,-1574,-205.912,1,3.433,194.882,3,3828.354
2026-02-21T21:37:15.000Z,1771709835.000,32.630802658,-117.199684244,5.484,232.662,246.783,-24.629,7.024,-1575,-207.602,1,3.197,192.465,3,3828.415
2026-02-21T21:37:16.000Z,1771709836.000,32.630786721,-117.199709783,5.985,234.211,247.119,-24.191,4.398,-1576,-209.451,1,3.613,189.917,3,3828.364
2026-02-21T21:37:17.000Z,1771709837.000,32.630770196,-117.19973625,6.406,237.95,253.302,-30.946,-0.704,-1577,-211.635,1,4.186,187.627,3,3828.164
2026-02-21T21:37:18.000Z,1771709838.000,32.630757303,-117.199764447,5.863,238.854,255.493,-31.839,3.374,-1578,-213.886,1,3.896,185.417,3,3827.92
2026-02-21T21:37:19.000Z,1771709839.000,32.630746007,-117.199792366,5.6,243.6,256.478,-29.476,1.882,-1579,-216.109,1,4.051,183.304,3,3827.812
2026-02-21T21:37:20.000Z,1771709840.000,32.630735519,-117.199821136,5.361,246.66,258.087,-24.482,2.761,-1580,-218.453,1,4.067,181.286,3,3827.531
2026-02-21T21:37:21.000Z,1771709841.000,32.630725328,-117.199852927,5.945,252.021,254.939,-20.581,2.206,-1581,-220.891,1,4.848,178.877,3,3827.105
2026-02-21T21:37:22.000Z,1771709842.000,32.630714574,-117.199883141,6.213,251.041,255.759,-18.759,-0.445,-1582,-223.331,1,5,176.725,3,3826.606
2026-02-21T21:37:23.000Z,1771709843.000,32.630704185,-117.199911964,6.034,247.36,256.434,-19.298,0.11,-1583,-225.65,1,4.613,174.652,3,3826.217
2026-02-21T21:37:24.000Z,1771709844.000,32.630692719,-117.199941,6.179,241.103,254.925,-20.41,4.729,-1584,-227.867,1,4.256,172.32,3,3826.333
2026-02-21T21:37:25.000Z,1771709845.000,32.630679318,-117.199970151,5.679,245.199,252.043,-26.041,4.312,-1585,-229.973,1,4.19,169.703,3,3826.552
2026-02-21T21:37:26.000Z,1771709846.000,32.630667276,-117.199998554,5.698,243.942,254.718,-26.849,0.638,-1586,-232.291,1,4.115,167.601,3,3826.189
2026-02-21T21:37:27.000Z,1771709847.000,32.630657172,-117.200027959,6.022,255.903,257.232,-23.578,0.368,-1587,-234.744,1,5.115,165.654,3,3826.043
2026-02-21T21:37:28.000Z,1771709848.000,32.630646392,-117.20005701,5.839,242.239,256.866,-25.579,-0.22,-1588,-237.029,1,4.086,163.466,3,3825.946
2026-02-21T21:37:29.000Z,1771709849.000,32.630635076,-117.200086866,5.522,243.58,256.792,-18.716,13.624,-1589,-239.382,1,3.951,161.212,3,3825.771
2026-02-21T21:37:30.000Z,1771709850.000,32.630622552,-117.200115204,5.876,242.572,253.726,-24.498,0.471,-1590,-241.44,1,4.127,158.698,3,3825.713
2026-02-21T21:37:31.000Z,1771709851.000,32.630610618,-117.200144686,6.397,245.167,258.525,-25.999,1.436,-1591,-243.936,1,4.69,156.711,3,3825.171
2026-02-21T21:37:32.000Z,1771709852.000,32.630600217,-117.200174148,6.038,243.039,258.124,-28.137,4.72,-1592,-246.267,1,4.266,154.544,3,3824.94
2026-02-21T21:37:33.000Z,1771709853.000,32.630589669,-117.200205166,5.743,246.841,259.109,-26.535,6.681,-1593,-248.789,1,4.314,152.397,3,3824.833
2026-02-21T21:37:34.000Z,1771709854.000,32.630580363,-117.200237488,6.304,253.425,261.537,-21.595,1.499,-1594,-251.509,1,5.178,150.431,3,3824.049
2026-02-21T21:37:35.000Z,1771709855.000,32.630572107,-117.200269221,6.288,255.234,263.177,-22.61,-1.08,-1595,-254.18,1,5.272,148.54,3,3823.188
2026-02-21T21:37:36.000Z,1771709856.000,32.630565628,-117.20029907,6.107,254.697,262.583,-21.118,0.2,-1596,-256.661,1,5.086,146.745,3,3822.626
2026-02-21T21:37:37.000Z,1771709857.000,32.630559455,-117.200326748,5.315,249.509,263.165,-23.123,0.465,-1597,-258.992,1,4.14,145.143,3,3822.445
2026-02-21T21:37:38.000Z,1771709858.000,32.630552371,-117.20035494,4.835,253.804,260.817,-17.043,8.608,-1598,-261.249,1,3.98,143.225,3,3822.517
2026-02-21T21:37:39.000Z,1771709859.000,32.630542981,-117.200384473,5.788,247.3,257.928,-22.116,-0.267,-1599,-263.527,1,4.357,140.991,3,3822.608
2026-02-21T21:37:40.000Z,1771709860.000,32.630531249,-117.200415441,6.345,245.11,259.015,-24.575,2.25,-1600,-266.014,1,4.608,138.73,3,3822.414
2026-02-21T21:37:41.000Z,1771709861.000,32.630519698,-117.200447468,6.3,247.731,258.188,-22.72,2.935,-1601,-268.529,1,4.764,136.323,3,3822.024
2026-02-21T21:37:42.000Z,1771709862.000,32.630509721,-117.200478743,5.427,250.316,257.24,-17.975,7.499,-1602,-271.017,1,4.256,134.096,3,3821.907
2026-02-21T21:37:43.000Z,1771709863.000,32.630498402,-117.200508488,5.849,244.72,258.891,-24.265,-0.08,-1603,-273.425,1,4.207,131.961,3,3821.551
2026-02-21T21:37:44.000Z,1771709864.000,32.630489181,-117.20053882,5.692,252.221,258.601,-18.612,5.442,-1604,-275.876,1,4.572,129.89,3,3821.076
2026-02-21T21:37:45.000Z,1771709865.000,32.630479117,-117.200570299,5.765,254.056,257.059,-13.964,6.003,-1605,-278.357,1,4.734,127.608,3,3821.178
2026-02-21T21:37:46.000Z,1771709866.000,32.630467707,-117.200602777,5.644,246.271,255.653,-21.445,-1.319,-1606,-280.891,1,4.15,125.162,3,3821.063
2026-02-21T21:37:47.000Z,1771709867.000,32.630457483,-117.200632363,5.999,249.002,254.773,-15.557,0.766,-1607,-283.218,1,4.595,122.979,3,3820.914
2026-02-21T21:37:48.000Z,1771709868.000,32.630444574,-117.200660847,6.148,243.609,254.508,-22.272,0.205,-1608,-285.393,1,4.312,120.6,3,3821.028
2026-02-21T21:37:49.000Z,1771709869.000,32.630433258,-117.20068938,5.785,240.411,254.063,-18.039,1.789,-1609,-287.612,1,3.816,118.37,3,3821.062
2026-02-21T21:37:50.000Z,1771709870.000,32.630421488,-117.2007196,6.022,246.059,255.669,-18.183,2.734,-1610,-290.054,1,4.393,116.164,3,3820.884
2026-02-21T21:37:51.000Z,1771709871.000,32.630410193,-117.200748732,6.088,242.132,256.049,-20.631,0.431,-1611,-292.361,1,4.141,113.968,3,3820.943
2026-02-21T21:37:52.000Z,1771709872.000,32.630399389,-117.200777715,5.961,242.373,255.707,-14.76,4.873,-1612,-294.64,1,4.068,111.782,3,3821.035
2026-02-21T21:37:53.000Z,1771709873.000,32.630388139,-117.200806829,5.246,245.423,250.021,-8.979,8.627,-1613,-296.682,1,3.774,109.214,3,3821.425
2026-02-21T21:37:54.000Z,1771709874.000,32.630374684,-117.200836134,5.487,241.309,245.14,-8.344,2.646,-1614,-298.68,1,3.658,106.489,3,3821.757
2026-02-21T21:37:55.000Z,1771709875.000,32.630358997,-117.200860986,5.788,231.768,243.944,-15.956,0.632,-1615,-300.392,1,3.083,103.91,3,3822.44
2026-02-21T21:37:56.000Z,1771709876.000,32.63034275,-117.200886319,5.525,231.015,243.924,-17.348,2.744,-1616,-302.192,1,2.875,101.32,3,3823.398
2026-02-21T21:37:57.000Z,1771709877.000,32.630326558,-117.200913234,5.72,239.414,248.981,-25.297,0.321,-1617,-304.396,1,3.652,98.962,3,3824.148
2026-02-21T21:37:58.000Z,1771709878.000,32.630313064,-117.200941626,6.17,238.713,251.812,-22.857,-1.463,-1618,-306.687,1,3.875,96.713,3,3824.776
2026-02-21T21:37:59.000Z,1771709879.000,32.63030109,-117.200968861,5.588,242.175,254.949,-19.22,5.815,-1619,-308.921,1,3.761,94.69,3,3825.046
2026-02-21T21:38:00.000Z,1771709880.000,32.630290348,-117.200995061,5.639,246.592,256.39,-19.206,-1.042,-1620,-311.024,1,4.101,92.725,3,3824.889
2026-02-21T21:38:01.000Z,1771709881.000,32.630279926,-117.201022949,5.965,241.485,257.487,-17.372,0.707,-1621,-313.271,1,3.952,90.712,3,3824.144
2026-02-21T21:38:02.000Z,1771709882.000,32.630268643,-117.201050378,5.585,240.584,252.394,-13.784,5.324,-1622,-315.201,1,3.628,88.229,3,3823.928
2026-02-21T21:38:03.000Z,1771709883.000,32.630255785,-117.201079752,5.735,244.028,252.551,-13.344,2.781,-1623,-317.474,1,3.975,85.849,3,3822.497
2026-02-21T21:38:04.000Z,1771709884.000,32.630242828,-117.201107743,5.9,240.271,250,-17.528,4.021,-1624,-319.497,1,3.796,83.346,3,3822.538
2026-02-21T21:38:05.000Z,1771709885.000,32.630229845,-117.201134879,5.655,240.906,247.989,-16.625,4.256,-1625,-321.46,1,3.68,80.909,3,3822.632
2026-02-21T21:38:06.000Z,1771709886.000,32.630215931,-117.201160724,5.531,243.905,251.793,-19.724,-0.059,-1626,-323.557,1,3.81,78.765,3,3821.555
2026-02-21T21:38:07.000Z,1771709887.000,32.630202684,-117.201185875,5.456,234.698,253.835,-24.82,0.28,-1627,-325.52,1,3.072,76.618,3,3821.775
2026-02-21T21:38:08.000Z,1771709888.000,32.630192717,-117.201213066,5.137,251.55,258.382,-20.434,5.413,-1628,-327.858,1,3.996,74.899,3,3821.308
2026-02-21T21:38:09.000Z,1771709889.000,32.630186321,-117.201242463,5.291,261.112,269.466,-25.146,2.331,-1629,-330.649,1,4.609,73.956,3,3819.791
2026-02-21T21:38:10.000Z,1771709890.000,32.630189254,-117.20127007,4.605,282.134,280.043,-13.398,2.432,-1630,-333.387,1,4.556,74.062,3,3818.535
2026-02-21T21:38:11.000Z,1771709891.000,32.63019795,-117.201294265,4.179,298.1,295.628,2.287,-1.162,-1631,-335.781,1,4.142,75.324,3,3818.798
2026-02-21T21:38:12.000Z,1771709892.000,32.630208635,-117.201312331,4.076,317.421,312.14,0.623,0.848,-1632,-337.304,1,3.631,77.067,3,3819.276
2026-02-21T21:38:13.000Z,1771709893.000,32.630222223,-117.201325687,3.913,328.267,322.408,11.947,5.461,-1633,-338.475,1,3.087,78.727,3,3819.728
2026-02-21T21:38:14.000Z,1771709894.000,32.630239078,-117.201336447,4.2,335.309,326.308,18.925,3.245,-1634,-339.757,1,2.969,80.334,3,3820.163
2026-02-21T21:38:15.000Z,1771709895.000,32.630258133,-117.201346916,4.554,330.093,333.93,22.942,3.553,-1635,-340.836,1,3.495,82.395,3,3820.073
2026-02-21T21:38:16.000Z,1771709896.000,32.630274818,-117.201362582,4.576,316.616,324.149,13.045,7.616,-1636,-343.292,1,4.098,82.891,3,3819.357
2026-02-21T21:38:17.000Z,1771709897.000,32.630293575,-117.201377346,4.94,326.324,323.504,16.024,1.621,-1637,-345.215,1,3.987,84.227,3,3818.897
2026-02-21T21:38:18.000Z,1771709898.000,32.630312927,-117.201392626,4.894,325.672,326.819,14.423,0.597,-1638,-346.998,1,3.981,85.878,3,3819.626
2026-02-21T21:38:19.000Z,1771709899.000,32.630334932,-117.201405095,5.468,343.328,333.647,22.947,3.435,-1639,-348.383,1,3.267,88.11,3,3819.799
2026-02-21T21:38:20.000Z,1771709900.000,32.630357738,-117.201419214,5.618,330.345,332.899,21.137,6.415,-1640,-350.39,1,4.279,89.891,3,3819.262
2026-02-21T21:38:21.000Z,1771709901.000,32.63038102,-117.201433427,5.8,332.79,334.131,26.397,2.674,-1641,-352.291,1,4.248,91.831,3,3819.106
2026-02-21T21:38:22.000Z,1771709902.000,32.630403716,-117.201451936,6.015,326.765,331.582,21.961,6.906,-1642,-354.79,1,4.808,93.321,3,3817.6
2026-02-21T21:38:23.000Z,1771709903.000,32.630426981,-117.201469575,5.265,335.359,328.289,22.868,2.958,-1643,-357.259,1,3.685,94.843,3,3817.917
2026-02-21T21:38:24.000Z,1771709904.000,32.630450683,-117.201480971,5.981,334.037,335.541,27.949,-1.788,-1644,-358.571,1,4.277,97.313,3,3819.165
2026-02-21T21:38:25.000Z,1771709905.000,32.630474287,-117.201496633,6.15,329.612,335.678,25.643,3.933,-1645,-360.679,1,4.712,99.166,3,3819.122
2026-02-21T21:38:26.000Z,1771709906.000,32.630497667,-117.201514699,6.046,325.554,329.253,22.953,2.03,-1646,-363.386,1,4.893,100.499,3,3818.375
2026-02-21T21:38:27.000Z,1771709907.000,32.630520964,-117.20153412,6.255,327.234,328.969,21.795,3.655,-1647,-365.848,1,4.947,102.157,3,3817.214
2026-02-21T21:38:28.000Z,1771709908.000,32.630545298,-117.201552892,6,329.313,322.342,15.465,2.745,-1648,-368.612,1,4.606,103.51,3,3815.806
2026-02-21T21:38:29.000Z,1771709909.000,32.630571702,-117.201566644,6.562,333.216,333.966,26.103,-0.436,-1649,-370.004,1,4.732,106.481,3,3816.338
2026-02-21T21:38:30.000Z,1771709910.000,32.630595723,-117.20158428,6.055,328.367,332.477,19.824,5.217,-1650,-372.4,1,4.701,108.204,3,3815.761
2026-02-21T21:38:31.000Z,1771709911.000,32.630619638,-117.201604039,5.955,323.579,324.258,15.092,4.571,-1651,-375.346,1,4.917,109.387,3,3814.813
2026-02-21T21:38:32.000Z,1771709912.000,32.630645852,-117.201620724,6.156,331.391,331.426,23.316,0.004,-1652,-377.245,1,4.558,111.941,3,3814.935
2026-02-21T21:38:33.000Z,1771709913.000,32.63067154,-117.201638096,6.552,331.032,331.475,23.402,1.348,-1653,-379.574,1,4.873,113.939,3,3814.629
2026-02-21T21:38:34.000Z,1771709914.000,32.630696264,-117.201655551,5.781,330.249,329.576,18.049,7.948,-1654,-381.995,1,4.348,115.711,3,3814.29
2026-02-21T21:38:35.000Z,1771709915.000,32.63072066,-117.201671442,5.847,328.882,327.747,15.972,4.162,-1655,-384.257,1,4.484,117.509,3,3813.929
2026-02-21T21:38:36.000Z,1771709916.000,32.630746315,-117.201687695,6.122,333.053,331.787,19.789,-0.23,-1656,-386.259,1,4.39,119.804,3,3813.66
2026-02-21T21:38:37.000Z,1771709917.000,32.63077035,-117.20170245,6.263,336.115,332.968,19.783,1.433,-1657,-388.238,1,4.245,121.801,3,3813.87
2026-02-21T21:38:38.000Z,1771709918.000,32.630796252,-117.201716299,6.5,332.727,335.767,25.516,0.667,-1658,-390.088,1,4.674,124.117,3,3814.552
2026-02-21T21:38:39.000Z,1771709919.000,32.630821587,-117.201733384,6.484,329.757,331.681,22.802,0.708,-1659,-392.632,1,4.885,125.837,3,3814.58
2026-02-21T21:38:40.000Z,1771709920.000,32.630846661,-117.201749359,5.5,340.675,329.977,16.338,13.774,-1660,-394.916,1,3.378,127.71,3,3814.567
2026-02-21T21:38:41.000Z,1771709921.000,32.630872847,-117.201764089,5.899,331.663,333.075,19.888,2.48,-1661,-396.847,1,4.301,130.052,3,3815.087
2026-02-21T21:38:42.000Z,1771709922.000,32.630896271,-117.201781309,6.232,328.493,333.006,21.643,-1.036,-1662,-399.103,1,4.768,131.817,3,3814.79
2026-02-21T21:38:43.000Z,1771709923.000,32.630920286,-117.201797833,6.1,332.456,332.019,22.924,1.514,-1663,-401.368,1,4.38,133.611,3,3813.947
2026-02-21T21:38:44.000Z,1771709924.000,32.630945025,-117.201812993,5.911,333.139,331.483,20.936,6.983,-1664,-403.504,1,4.19,135.556,3,3813.613
2026-02-21T21:38:45.000Z,1771709925.000,32.630968832,-117.201829008,6.062,328.039,332.023,21.175,5.267,-1665,-405.628,1,4.655,137.444,3,3813.913
2026-02-21T21:38:46.000Z,1771709926.000,32.630992974,-117.201846103,6.258,329.78,330.52,19.88,1.958,-1666,-407.976,1,4.677,139.195,3,3813.615
2026-02-21T21:38:47.000Z,1771709927.000,32.631018389,-117.201860568,6.366,340.359,333.458,25.565,0.133,-1667,-409.866,1,3.892,141.454,3,3813.062
2026-02-21T21:38:48.000Z,1771709928.000,32.631044575,-117.201876298,6.316,331.425,332.324,18.107,3.77,-1668,-412.134,1,4.585,143.492,3,3813.083
2026-02-21T21:38:49.000Z,1771709929.000,32.631071015,-117.201890833,6.113,334.4,328.138,11.736,2.508,-1669,-414.471,1,4.208,145.397,3,3813.031
2026-02-21T21:38:50.000Z,1771709930.000,32.631098811,-117.201899599,6.819,342.83,342.275,24.171,-3.602,-1670,-415.214,1,3.906,148.762,3,3813.881
2026-02-21T21:38:51.000Z,1771709931.000,32.631125058,-117.201911593,6.386,332.84,345.099,24.218,0.293,-1671,-416.888,1,4.504,151.163,3,3814.065
2026-02-21T21:38:52.000Z,1771709932.000,32.63115045,-117.201925127,5.952,332.212,338.06,19.032,4.558,-1672,-419.341,1,4.239,152.894,3,3813.37
2026-02-21T21:38:53.000Z,1771709933.000,32.631177135,-117.201937288,6.418,334.692,338.195,22.518,1.813,-1673,-421.225,1,4.364,155.19,3,3813.603
2026-02-21T21:38:54.000Z,1771709934.000,32.631203476,-117.201949964,6.512,336.023,333.727,21.207,2.332,-1674,-423.433,1,4.31,157.159,3,3813.586
2026-02-21T21:38:55.000Z,1771709935.000,32.631230644,-117.201962395,6.353,337.834,332.814,19.554,4.57,-1675,-425.419,1,4.044,159.431,3,3813.47
2026-02-21T21:38:56.000Z,1771709936.000,32.631257416,-117.201976464,6.261,330.625,333.04,19.547,2.436,-1676,-427.47,1,4.554,161.67,3,3813.257
2026-02-21T21:38:57.000Z,1771709937.000,32.631283509,-117.201992305,6,332.389,330.76,19.21,2.304,-1677,-429.813,1,4.229,163.622,3,3812.65
2026-02-21T21:38:58.000Z,1771709938.000,32.631308159,-117.202005411,5.387,334.825,335.83,20.855,3.246,-1678,-431.427,1,3.626,165.981,3,3812.979
2026-02-21T21:38:59.000Z,1771709939.000,32.631332672,-117.202018359,5.62,336.393,333.465,16.875,3.372,-1679,-433.47,1,3.661,167.874,3,3813.116
2026-02-21T21:39:00.000Z,1771709940.000,32.631358718,-117.202029224,6.646,338.245,340.789,23.097,-1.512,-1680,-434.762,1,4.156,170.571,3,3814.01
2026-02-21T21:39:01.000Z,1771709941.000,32.631385806,-117.202045093,6.456,336.723,335.054,20.922,3.441,-1681,-437.369,1,4.162,172.436,3,3813.672
2026-02-21T21:39:02.000Z,1771709942.000,32.631411957,-117.202058835,5.988,338.591,332.855,19.854,6.331,-1682,-439.522,1,3.703,174.477,3,3813.507
2026-02-21T21:39:03.000Z,1771709943.000,32.63143741,-117.202073325,6.038,329.707,331.53,18.237,1.918,-1683,-441.664,1,4.417,176.469,3,3812.964
2026-02-21T21:39:04.000Z,1771709944.000,32.631462508,-117.202087796,6.254,333.922,333.539,24.034,0.636,-1684,-443.6,1,4.242,178.638,3,3813.292
2026-02-21T21:39:05.000Z,1771709945.000,32.631488186,-117.202103599,6.057,332.022,336.865,24.574,8.881,-1685,-445.586,1,4.246,180.89,3,3813.456
2026-02-21T21:39:06.000Z,1771709946.000,32.631512002,-117.202120392,5.77,329.84,330.485,23.884,4.689,-1686,-448.195,1,4.195,182.323,3,3812.595
2026-02-21T21:39:07.000Z,1771709947.000,32.631536253,-117.202138343,6.163,325.939,327.928,26.758,-0.37,-1687,-450.68,1,4.753,183.983,3,3812.101
2026-02-21T21:39:08.000Z,1771709948.000,32.631559571,-117.202158317,6.2,321.515,321.235,18.076,2.018,-1688,-453.518,1,5.069,185.179,3,3811.427
2026-02-21T21:39:09.000Z,1771709949.000,32.631584502,-117.202175117,6.339,333.618,327.624,23.715,1.083,-1689,-455.451,1,4.294,187.559,3,3811.363
2026-02-21T21:39:10.000Z,1771709950.000,32.631608945,-117.202192362,5.935,331.833,326.343,14.334,8.318,-1690,-457.807,1,4.149,189.348,3,3811.332
2026-02-21T21:39:11.000Z,1771709951.000,32.631633633,-117.202206549,5.611,333.048,325.373,18.406,4.713,-1691,-459.874,1,3.831,191.292,3,3811.1
2026-02-21T21:39:12.000Z,1771709952.000,32.631658324,-117.202220232,6.032,329.5,331.894,24.21,-0.529,-1692,-461.48,1,4.377,193.748,3,3810.978
2026-02-21T21:39:13.000Z,1771709953.000,32.631682983,-117.202235476,6.285,336.062,336.49,29.219,1.142,-1693,-463.31,1,4.028,195.995,3,3811.287
2026-02-21T21:39:14.000Z,1771709954.000,32.631707002,-117.202255172,6.4,321.639,329.26,19.485,12.122,-1694,-466.237,1,5.192,197.289,3,3810.468
2026-02-21T21:39:15.000Z,1771709955.000,32.631730573,-117.202274582,6.388,322.857,325.485,24.045,0.195,-1695,-468.895,1,5.098,198.742,3,3810.262
2026-02-21T21:39:16.000Z,1771709956.000,32.631753693,-117.202293467,6.36,327.461,328.254,24.673,2.103,-1696,-471.139,1,4.746,200.605,3,3809.75
2026-02-21T21:39:17.000Z,1771709957.000,32.631777577,-117.202310455,5.963,330.667,327.181,24.188,7.003,-1697,-473.443,1,4.215,202.359,3,3808.16
2026-02-21T21:39:18.000Z,1771709958.000,32.631802063,-117.202328996,5.966,325.698,325.338,25.733,0.522,-1698,-475.939,1,4.562,204.062,3,3807.509
2026-02-21T21:39:19.000Z,1771709959.000,32.63182364,-117.202350103,6.075,316.174,323.779,25.26,-0.613,-1699,-478.57,1,5.226,205.396,3,3807.495
2026-02-21T21:39:20.000Z,1771709960.000,32.631843423,-117.202374437,6.213,314.726,313.743,14.048,5.454,-1700,-481.801,1,5.421,205.801,3,3806.114
2026-02-21T21:39:21.000Z,1771709961.000,32.63186366,-117.202397385,5.96,317.57,313.087,12.89,4.308,-1701,-484.498,1,5.047,206.985,3,3804.995
2026-02-21T21:39:22.000Z,1771709962.000,32.631885725,-117.202417944,5.933,323.565,314.599,13.975,2.277,-1702,-486.952,1,4.662,208.608,3,3804.665
2026-02-21T21:39:23.000Z,1771709963.000,32.631908791,-117.202433092,5.812,331.787,327.108,27.029,0.028,-1703,-488.42,1,3.998,211.311,3,3806.219
2026-02-21T21:39:24.000Z,1771709964.000,32.631928322,-117.202455087,6.274,312.169,320.762,20.406,3.453,-1704,-491.307,1,5.592,212.067,3,3806.454
2026-02-21T21:39:25.000Z,1771709965.000,32.631947337,-117.202479537,5.792,314.069,314.227,14.412,4.689,-1705,-494.361,1,5.071,212.64,3,3805.701
2026-02-21T21:39:26.000Z,1771709966.000,32.631967975,-117.20250119,5.832,313.969,315.676,18.66,2.033,-1706,-496.871,1,5.108,214.071,3,3805.321
2026-02-21T21:39:27.000Z,1771709967.000,32.631989042,-117.202519109,5.815,325.467,323.575,27.652,-0.556,-1707,-498.758,1,4.425,216.147,3,3805.203
2026-02-21T21:39:28.000Z,1771709968.000,32.63200971,-117.202540899,6.088,314.998,320.183,25.167,3.893,-1708,-501.503,1,5.27,217.227,3,3804.422
2026-02-21T21:39:29.000Z,1771709969.000,32.632029695,-117.202563991,6.2,311.875,315.828,20.354,2.051,-1709,-504.37,1,5.526,218.109,3,3803.498
2026-02-21T21:39:30.000Z,1771709970.000,32.632050088,-117.202585872,5.89,320.25,312.877,20.975,1.445,-1710,-507.069,1,4.802,219.176,3,3802.529
2026-02-21T21:39:31.000Z,1771709971.000,32.632068739,-117.202604515,5.224,318.729,316.956,12.591,9.658,-1711,-509.143,1,4.334,220.711,3,3802.662
2026-02-21T21:39:32.000Z,1771709972.000,32.632087939,-117.202621525,5.1,321.912,315.692,14.568,4.846,-1712,-511.304,1,4.064,221.963,3,3802.363
2026-02-21T21:39:33.000Z,1771709973.000,32.632107892,-117.202640025,5.66,318.779,320.963,19.407,1.536,-1713,-513.335,1,4.686,223.716,3,3801.818
2026-02-21T21:39:34.000Z,1771709974.000,32.632128027,-117.202660395,6.039,320.514,319.996,19.985,2.598,-1714,-515.819,1,4.891,224.965,3,3801.349
2026-02-21T21:39:35.000Z,1771709975.000,32.632149353,-117.202680818,5.723,315.863,318.13,18.661,6.539,-1715,-518.38,1,4.889,226.267,3,3801.035
2026-02-21T21:39:36.000Z,1771709976.000,32.63216974,-117.202701278,5.888,314.148,317.049,19.029,-0.236,-1716,-520.879,1,5.116,227.527,3,3800.409
2026-02-21T21:39:37.000Z,1771709977.000,32.632188602,-117.202723353,5.668,314.219,315.526,13.075,6.052,-1717,-523.497,1,4.919,228.539,3,3800.32
2026-02-21T21:39:38.000Z,1771709978.000,32.632207983,-117.202744185,5.661,316.263,317.038,17.861,2.866,-1718,-525.892,1,4.806,229.876,3,3800.191
2026-02-21T21:39:39.000Z,1771709979.000,32.632226417,-117.20276703,5.711,314.957,313.135,10.776,1.548,-1719,-528.657,1,4.914,230.636,3,3799.245
2026-02-21T21:39:40.000Z,1771709980.000,32.632247335,-117.202785542,5.763,326.238,319.97,12.552,0.777,-1720,-530.665,1,4.282,232.609,3,3798.59
2026-02-21T21:39:41.000Z,1771709981.000,32.63226898,-117.202802632,5.339,330.447,322.053,5.796,9.311,-1721,-532.754,1,3.689,234.351,3,3798.113
2026-02-21T21:39:42.000Z,1771709982.000,32.632291521,-117.202817782,5.335,327.975,324.287,13.595,5.996,-1722,-534.683,1,3.844,236.262,3,3798.267
2026-02-21T21:39:43.000Z,1771709983.000,32.632312881,-117.20283442,5.354,323.911,322.963,14.517,4.331,-1723,-536.887,1,4.107,237.75,3,3798.243
2026-02-21T21:39:44.000Z,1771709984.000,32.632333156,-117.202851251,5.363,322.832,322.118,16.514,5.696,-1724,-539.051,1,4.174,239.152,3,3798.26
2026-02-21T21:39:45.000Z,1771709985.000,32.632352663,-117.202870919,5.6,315.79,319.293,13.063,1.758,-1725,-541.534,1,4.754,240.226,3,3797.724
2026-02-21T21:39:46.000Z,1771709986.000,32.632373339,-117.202890538,5.661,323.002,321.611,15.005,1.718,-1726,-543.818,1,4.387,241.796,3,3797.595
2026-02-21T21:39:47.000Z,1771709987.000,32.632393029,-117.202910985,5.422,314.508,320.766,12.794,1.944,-1727,-546.289,1,4.659,243.005,3,3797.206
2026-02-21T21:39:48.000Z,1771709988.000,32.632412847,-117.202929282,5.576,325.118,321.557,15.014,5.072,-1728,-548.493,1,4.181,244.423,3,3797.036
2026-02-21T21:39:49.000Z,1771709989.000,32.6324325,-117.202948084,5.526,318.979,321.788,19.974,4.259,-1729,-550.764,1,4.506,245.765,3,3796.879
2026-02-21T21:39:50.000Z,1771709990.000,32.632451209,-117.202966509,5.046,321.869,315.992,13.009,5.882,-1730,-553.243,1,3.96,246.585,3,3796.267
2026-02-21T21:39:51.000Z,1771709991.000,32.632471103,-117.202983919,4.942,324.577,314.913,10.194,0.292,-1731,-555.447,1,3.726,247.904,3,3796.142
2026-02-21T21:39:52.000Z,1771709992.000,32.632492733,-117.202997335,5.961,339.714,325.284,12.921,-2.612,-1732,-556.828,1,3.306,250.378,3,3797.111
2026-02-21T21:39:53.000Z,1771709993.000,32.632514364,-117.203008555,5.589,341.673,336.426,17.56,11.258,-1733,-557.831,1,2.931,252.881,3,3798.379
2026-02-21T21:39:54.000Z,1771709994.000,32.632535029,-117.203022019,5.37,329.384,330.667,16.517,10.93,-1734,-560.021,1,3.72,254.165,3,3798.749
2026-02-21T21:39:55.000Z,1771709995.000,32.632556219,-117.203035895,5.163,333.102,331.749,25.326,2.712,-1735,-561.842,1,3.323,255.897,3,3799.237
2026-02-21T21:39:56.000Z,1771709996.000,32.632576733,-117.203055198,5.876,317.716,326.786,20.826,3.874,-1736,-564.472,1,4.836,256.967,3,3799.147
2026-02-21T21:39:57.000Z,1771709997.000,32.632597254,-117.203075702,5.776,318.152,320.724,23.581,1.929,-1737,-567.238,1,4.725,257.899,3,3798.739
2026-02-21T21:39:58.000Z,1771709998.000,32.632617336,-117.203095776,5.673,318.826,321.373,19.122,1.76,-1738,-569.618,1,4.599,259.269,3,3798.265
2026-02-21T21:39:59.000Z,1771709999.000,32.632637017,-117.203113909,5.4,325.463,321.864,14.759,5.512,-1739,-571.815,1,3.978,260.656,3,3797.965
2026-02-21T21:40:00.000Z,1771710000.000,32.63266002,-117.203130524,5.8,329.275,326.188,21.49,3.473,-1740,-573.783,1,3.995,262.706,3,3797.769
2026-02-21T21:40:01.000Z,1771710001.000,32.632683028,-117.20314744,6.175,328.212,326.512,25.136,2.507,-1741,-575.978,1,4.33,264.466,3,3797.544
2026-02-21T21:40:02.000Z,1771710002.000,32.632705142,-117.203166849,5.727,319.868,319.906,18.378,2.722,-1742,-578.713,1,4.562,265.558,3,3797.303
2026-02-21T21:40:03.000Z,1771710003.000,32.63272845,-117.203181917,5.86,332.919,323.649,19.159,-0.146,-1743,-580.59,1,3.74,267.662,3,3797.346
2026-02-21T21:40:04.000Z,1771710004.000,32.63275235,-117.203194102,5.478,339.334,336.94,25.957,-0.207,-1744,-581.638,1,2.994,270.512,3,3798.608
2026-02-21T21:40:05.000Z,1771710005.000,32.632774635,-117.203208565,5.663,328.029,333.135,21.262,7.44,-1745,-583.848,1,3.959,272.044,3,3798.968
2026-02-21T21:40:06.000Z,1771710006.000,32.632795964,-117.20322749,5.8,320.428,326.976,21.614,3.685,-1746,-586.54,1,4.564,273.137,3,3798.222
2026-02-21T21:40:07.000Z,1771710007.000,32.632816946,-117.203246543,5.7,325.215,323.568,20.674,1.605,-1747,-589.062,1,4.172,274.358,3,3797.797
2026-02-21T21:40:08.000Z,1771710008.000,32.63283819,-117.203265299,5.6,323.231,325.082,23.512,3.881,-1748,-591.31,1,4.223,275.953,3,3797.847
2026-02-21T21:40:09.000Z,1771710009.000,32.632856685,-117.203287855,5.512,306.744,317.028,26.737,4.808,-1749,-594.276,1,5.011,276.447,3,3796.857
2026-02-21T21:40:10.000Z,1771710010.000,32.632867593,-117.203316054,5.404,288.973,295.49,15.118,3.444,-1750,-597.749,1,5.366,274.844,3,3795.634
2026-02-21T21:40:11.000Z,1771710011.000,32.632869693,-117.203344159,5.122,268.717,274.356,-0.167,-0.297,-1751,-600.329,1,4.98,272.348,3,3795.874
2026-02-21T21:40:12.000Z,1771710012.000,32.6328662,-117.203369652,4.275,253.433,258.923,2.641,3.767,-1752,-602.128,1,3.742,269.938,3,3796.602
2026-02-21T21:40:13.000Z,1771710013.000,32.632858597,-117.20339427,4.497,244.868,247.058,2.671,3.868,-1753,-603.603,1,3.565,267.527,3,3797.526
2026-02-21T21:40:14.000Z,1771710014.000,32.632844113,-117.203415028,5.338,227.462,241.954,-18.272,-0.498,-1754,-604.776,1,3.058,265.008,3,3799.078
2026-02-21T21:40:15.000Z,1771710015.000,32.632830598,-117.203433901,4.84,226.021,243.502,-17.244,7.735,-1755,-606.161,1,2.667,263.015,3,3800.657
2026-02-21T21:40:16.000Z,1771710016.000,32.632816453,-117.203455748,4.838,238.572,251.468,-23.411,-0.335,-1756,-608.109,1,3.477,261.222,3,3801.097
2026-02-21T21:40:17.000Z,1771710017.000,32.632804343,-117.203480579,5.454,244.424,253.958,-21.733,1.082,-1757,-610.098,1,4.281,259.229,3,3801.844
2026-02-21T21:40:18.000Z,1771710018.000,32.632791857,-117.203506928,5.915,244.366,252.929,-18.137,3.879,-1758,-612.058,1,4.634,256.924,3,3802.059
2026-02-21T21:40:19.000Z,1771710019.000,32.632778458,-117.203534341,5.906,240.656,252.816,-20.534,2.626,-1759,-614.127,1,4.375,254.545,3,3802.535
2026-02-21T21:40:20.000Z,1771710020.000,32.632766127,-117.203562311,5.7,241.698,251.995,-16.457,1.03,-1760,-616.246,1,4.286,252.21,3,3803.125
2026-02-21T21:40:21.000Z,1771710021.000,32.632752124,-117.203590044,5.358,235.155,250.152,-12.129,6.803,-1761,-618.246,1,3.594,249.652,3,3803.768
2026-02-21T21:40:22.000Z,1771710022.000,32.632736801,-117.203618622,5.561,237.059,249.115,-19.742,3.002,-1762,-620.318,1,3.859,246.979,3,3804.71
2026-02-21T21:40:23.000Z,1771710023.000,32.632721743,-117.203647297,6.186,237.674,250.231,-27.326,-0.004,-1763,-622.509,1,4.334,244.456,3,3805.682
2026-02-21T21:40:24.000Z,1771710024.000,32.632707066,-117.203677508,6.848,240.448,253.174,-28.632,1.053,-1764,-624.93,1,5.021,242.03,3,3806.05
2026-02-21T21:40:25.000Z,1771710025.000,32.632693297,-117.203706762,6.011,239.549,253.458,-30.039,4.156,-1765,-627.171,1,4.337,239.569,3,3806.712
2026-02-21T21:40:26.000Z,1771710026.000,32.632681375,-117.203736338,5.95,243.25,255.88,-27.641,1.245,-1766,-629.585,1,4.545,237.423,3,3807.207
2026-02-21T21:40:27.000Z,1771710027.000,32.632670425,-117.203766758,6.047,249.318,258.156,-21.448,3.929,-1767,-632.091,1,5.002,235.34,3,3807.434
2026-02-21T21:40:28.000Z,1771710028.000,32.632659746,-117.203798223,6.546,251.158,259.569,-20.6,5.477,-1768,-634.663,1,5.526,233.193,3,3807.743
2026-02-21T21:40:29.000Z,1771710029.000,32.632649695,-117.203830494,5.99,247.473,254.714,-16.599,7.241,-1769,-637.087,1,4.834,230.666,3,3808.032
2026-02-21T21:40:30.000Z,1771710030.000,32.632637701,-117.203860945,6.174,247.284,255.471,-25.766,-0.313,-1770,-639.508,1,4.966,228.375,3,3808.264
2026-02-21T21:40:31.000Z,1771710031.000,32.632626442,-117.203892725,6.809,244.983,257.059,-23.248,1.085,-1771,-642.102,1,5.304,226.165,3,3808.375
2026-02-21T21:40:32.000Z,1771710032.000,32.632616115,-117.203922918,6,246.377,256.495,-22.446,-0.386,-1772,-644.497,1,4.76,223.968,3,3808.372
2026-02-21T21:40:33.000Z,1771710033.000,32.632605487,-117.203953477,6.2,246.511,257.791,-21.707,2.533,-1773,-646.987,1,4.923,221.849,3,3808.249
2026-02-21T21:40:34.000Z,1771710034.000,32.632594478,-117.203983515,6.726,245.875,258.137,-20.488,2.674,-1774,-649.382,1,5.289,219.648,3,3808.454
2026-02-21T21:40:35.000Z,1771710035.000,32.632583776,-117.204014237,6.213,245.048,258.79,-24.561,3.488,-1775,-651.858,1,4.825,217.474,3,3808.038
2026-02-21T21:40:36.000Z,1771710036.000,32.632574169,-117.204045452,6.33,246.472,258.974,-22.199,2.387,-1776,-654.395,1,5.009,215.363,3,3808.401
2026-02-21T21:40:37.000Z,1771710037.000,32.632564506,-117.204077378,6.366,248.417,260.161,-22.316,3.4,-1777,-657.029,1,5.162,213.289,3,3808.226
2026-02-21T21:40:38.000Z,1771710038.000,32.632554929,-117.204108788,5.971,249.918,258.857,-23.484,6.367,-1778,-659.531,1,4.927,211.073,3,3808.209
2026-02-21T21:40:39.000Z,1771710039.000,32.632545406,-117.20414122,6.612,250.675,260.108,-27.943,0.097,-1779,-662.217,1,5.501,208.998,3,3807.925
2026-02-21T21:40:40.000Z,1771710040.000,32.63253727,-117.204172132,6.154,255.687,262.954,-25.815,0.969,-1780,-664.857,1,5.395,207.234,3,3807.967
2026-02-21T21:40:41.000Z,1771710041.000,32.632528993,-117.204204067,6.285,253.016,263.392,-24.866,3.23,-1781,-667.505,1,5.359,205.251,3,3807.652
2026-02-21T21:40:42.000Z,1771710042.000,32.632520665,-117.204236662,6.112,252.588,264.178,-26.374,1.926,-1782,-670.221,1,5.184,203.264,3,3807.227
2026-02-21T21:40:43.000Z,1771710043.000,32.632514164,-117.204268292,6.175,254.413,268.093,-24.245,3.402,-1783,-672.986,1,5.336,201.727,3,3806.615
2026-02-21T21:40:44.000Z,1771710044.000,32.63251056,-117.204301511,5.867,265.253,270.449,-20.325,-0.785,-1784,-675.93,1,5.533,200.32,3,3806.325
2026-02-21T21:40:45.000Z,1771710045.000,32.632507714,-117.204332445,5.831,261.184,263.485,-4.743,8.47,-1785,-678.454,1,5.346,198.392,3,3806.541
2026-02-21T21:40:46.000Z,1771710046.000,32.632498184,-117.204363628,5.19,244.447,257.204,-15.863,4.593,-1786,-680.768,1,3.954,195.848,3,3807.093
2026-02-21T21:40:47.000Z,1771710047.000,32.632487211,-117.204394141,6.3,249.394,259.482,-21.86,2.244,-1787,-683.278,1,5.129,193.762,3,3806.987
2026-02-21T21:40:48.000Z,1771710048.000,32.632475479,-117.204424794,6.126,246.736,261.402,-27.357,2.246,-1788,-685.759,1,4.812,191.573,3,3806.572
2026-02-21T21:40:49.000Z,1771710049.000,32.632467818,-117.204456632,5.746,256.654,264.86,-25.073,2.498,-1789,-688.511,1,5.056,189.87,3,3806.08
2026-02-21T21:40:50.000Z,1771710050.000,32.632462443,-117.204489767,6.1,262.43,267.308,-20.531,-0.373,-1790,-691.406,1,5.63,188.287,3,3805.989
2026-02-21T21:40:51.000Z,1771710051.000,32.632458742,-117.204520733,5.448,263.93,265.305,-13.431,2.909,-1791,-694.036,1,5.08,186.632,3,3806.071
2026-02-21T21:40:52.000Z,1771710052.000,32.63245203,-117.204551268,5.539,256.986,261.882,-16.923,-0.204,-1792,-696.487,1,4.881,184.588,3,3806.264
2026-02-21T21:40:53.000Z,1771710053.000,32.632444578,-117.204581698,5.8,254.516,260.451,-16.47,1.738,-1793,-698.962,1,4.984,182.615,3,3806.765
2026-02-21T21:40:54.000Z,1771710054.000,32.632434172,-117.204612849,6.011,248.216,262.192,-24.2,1.718,-1794,-701.52,1,4.793,180.532,3,3806.562
2026-02-21T21:40:55.000Z,1771710055.000,32.632426467,-117.204644857,5.774,254.749,263.675,-19.103,8.402,-1795,-704.224,1,4.967,178.679,3,3805.83
2026-02-21T21:40:56.000Z,1771710056.000,32.632417451,-117.204674589,5.448,246.682,260.876,-19.32,8.753,-1796,-706.548,1,4.246,176.475,3,3805.244
2026-02-21T21:40:57.000Z,1771710057.000,32.632408223,-117.204704428,5.691,252.519,263.119,-29.088,0.304,-1797,-709.038,1,4.771,174.596,3,3805.021
2026-02-21T21:40:58.000Z,1771710058.000,32.632400785,-117.204737881,6.1,256.619,265.003,-26.042,0.731,-1798,-711.889,1,5.335,172.748,3,3804.249
2026-02-21T21:40:59.000Z,1771710059.000,32.632393372,-117.20476969,6.188,251.982,266.961,-27.372,3.522,-1799,-714.591,1,5.149,170.969,3,3804.137
2026-02-21T21:41:00.000Z,1771710060.000,32.632387186,-117.204801662,5.549,255.852,267.72,-22.04,8.072,-1800,-717.31,1,4.811,169.223,3,3803.91
2026-02-21T21:41:01.000Z,1771710061.000,32.632382789,-117.204833422,5.73,260.89,266.366,-19.975,-0.351,-1801,-720.008,1,5.198,167.516,3,3803.906
2026-02-21T21:41:02.000Z,1771710062.000,32.632379036,-117.204862814,5.95,258.119,265.617,-17.765,0.537,-1802,-722.529,1,5.266,166.003,3,3803.393
2026-02-21T21:41:03.000Z,1771710063.000,32.632372382,-117.204893439,5.688,252.609,265.851,-19.41,3.246,-1803,-725.1,1,4.754,164.22,3,3803.237
2026-02-21T21:41:04.000Z,1771710064.000,32.632364794,-117.204925224,5.963,249.002,265.397,-21.17,5.786,-1804,-727.729,1,4.764,162.25,3,3803.107
2026-02-21T21:41:05.000Z,1771710065.000,32.632358531,-117.204957001,5.514,258.133,265.595,-19.184,5.245,-1805,-730.415,1,4.873,160.463,3,3802.972
2026-02-21T21:41:06.000Z,1771710066.000,32.632352607,-117.204987264,5.146,257.324,265.06,-20.655,1.383,-1806,-732.954,1,4.51,158.713,3,3802.294
2026-02-21T21:41:07.000Z,1771710067.000,32.632347627,-117.205018608,5.7,260.866,266.059,-15.839,2.26,-1807,-735.661,1,5.153,157.13,3,3802.099
2026-02-21T21:41:08.000Z,1771710068.000,32.63234167,-117.205050198,6.1,258.498,263.259,-11.972,3.455,-1808,-738.252,1,5.399,155.167,3,3801.972
2026-02-21T21:41:09.000Z,1771710069.000,32.632333369,-117.205081168,5.841,249.304,258.899,-11.985,6.935,-1809,-740.652,1,4.663,152.886,3,3802.192
2026-02-21T21:41:10.000Z,1771710070.000,32.632323775,-117.205110911,5.676,248.919,254.581,-11.919,3.216,-1810,-742.879,1,4.504,150.536,3,3802.531
2026-02-21T21:41:11.000Z,1771710071.000,32.632311329,-117.205139921,5.889,240.301,254.819,-20.479,0.197,-1811,-745.137,1,4.076,148.217,3,3802.967
2026-02-21T21:41:12.000Z,1771710072.000,32.632300491,-117.205168845,6.303,249.351,259.033,-21.055,0.059,-1812,-747.587,1,5.019,146.327,3,3802.643
2026-02-21T21:41:13.000Z,1771710073.000,32.632290601,-117.205197998,5.847,251.807,261.473,-17.914,1.131,-1813,-750.006,1,4.799,144.417,3,3802.48
2026-02-21T21:41:14.000Z,1771710074.000,32.632281616,-117.205226028,5.609,243.985,258.026,-13.977,9.466,-1814,-752.146,1,4.119,142.24,3,3803.139
2026-02-21T21:41:15.000Z,1771710075.000,32.632271467,-117.205255301,5.298,248.353,255.576,-17.075,1,-1815,-754.388,1,4.148,139.971,3,3803.045
2026-02-21T21:41:16.000Z,1771710076.000,32.632259424,-117.205285009,6.076,243.461,256.517,-20.406,-0.96,-1816,-756.748,1,4.411,137.714,3,3803.059
2026-02-21T21:41:17.000Z,1771710077.000,32.632246876,-117.205313574,5.906,238.231,255.862,-25.751,4.03,-1817,-758.924,1,3.893,135.344,3,3803.612
2026-02-21T21:41:18.000Z,1771710078.000,32.632234832,-117.205343163,5.862,243.207,255.41,-20.49,7.626,-1818,-761.217,1,4.225,133.001,3,3803.812
2026-02-21T21:41:19.000Z,1771710079.000,32.632222029,-117.205373266,5.966,244.203,256.569,-23.805,1.395,-1819,-763.597,1,4.364,130.666,3,3804.125
2026-02-21T21:41:20.000Z,1771710080.000,32.63221081,-117.205404161,5.96,246.397,261.411,-25.333,0.215,-1820,-766.226,1,4.507,128.715,3,3803.83
2026-02-21T21:41:21.000Z,1771710081.000,32.632201926,-117.205436033,6.609,252.682,261.034,-20.701,0.095,-1821,-768.824,1,5.436,126.616,3,3804.116
2026-02-21T21:41:22.000Z,1771710082.000,32.632193899,-117.205465404,6.178,250.59,259.142,-14.704,0.331,-1822,-771.168,1,4.945,124.592,3,3804.189
2026-02-21T21:41:23.000Z,1771710083.000,32.632183956,-117.205494139,5.745,245.431,255.236,-12.854,8.741,-1823,-773.314,1,4.264,122.268,3,3804.564
2026-02-21T21:41:24.000Z,1771710084.000,32.632172679,-117.205522136,5.658,247.467,256.474,-16.729,3.079,-1824,-775.553,1,4.325,120.171,3,3804.973
2026-02-21T21:41:25.000Z,1771710085.000,32.632161419,-117.205551744,6.038,249.098,260.011,-18.987,0.261,-1825,-778.021,1,4.72,118.173,3,3804.824
2026-02-21T21:41:26.000Z,1771710086.000,32.63215098,-117.205583023,6.518,248.286,260.726,-20.617,0.778,-1826,-780.555,1,5.03,116.011,3,3804.83
2026-02-21T21:41:27.000Z,1771710087.000,32.632140189,-117.205614289,6.185,246.492,256.832,-23.641,4.289,-1827,-782.912,1,4.641,113.503,3,3805.449
2026-02-21T21:41:28.000Z,1771710088.000,32.632128549,-117.205645109,5.693,244.204,256.261,-23.922,3.014,-1828,-785.324,1,4.111,111.149,3,3805.324
2026-02-21T21:41:29.000Z,1771710089.000,32.632116861,-117.205672925,6.324,244.886,261.354,-32.196,-0.631,-1829,-787.67,1,4.613,109.279,3,3805.521
2026-02-21T21:41:30.000Z,1771710090.000,32.632107447,-117.205702625,6.04,252.814,265.032,-29.188,5.491,-1830,-790.182,1,4.929,107.49,3,3805.735
2026-02-21T21:41:31.000Z,1771710091.000,32.632100128,-117.205733623,5.324,257.305,261.788,-26.045,3.132,-1831,-792.661,1,4.569,105.379,3,3805.901
2026-02-21T21:41:32.000Z,1771710092.000,32.632091164,-117.205765108,6.399,248.672,264.83,-28.14,-1.626,-1832,-795.329,1,4.93,103.526,3,3806.011
2026-02-21T21:41:33.000Z,1771710093.000,32.632084238,-117.20579698,6.454,256.507,265.698,-21.833,2.983,-1833,-798.022,1,5.483,101.715,3,3805.329
2026-02-21T21:41:34.000Z,1771710094.000,32.632075229,-117.205829607,6.313,252.914,259.364,-22.177,0.258,-1834,-800.496,1,5.137,99.159,3,3805.449
2026-02-21T21:41:35.000Z,1771710095.000,32.632063149,-117.205860443,6.524,242.586,255.892,-26.897,0.907,-1835,-802.786,1,4.534,96.566,3,3805.868
2026-02-21T21:41:36.000Z,1771710096.000,32.632050165,-117.205892844,6.678,244.542,257.13,-28.215,2.831,-1836,-805.371,1,4.794,94.134,3,3806.118
2026-02-21T21:41:37.000Z,1771710097.000,32.632038655,-117.205924636,6.488,247.167,258.432,-26.197,3.128,-1837,-807.946,1,4.852,91.881,3,3806.323
2026-02-21T21:41:38.000Z,1771710098.000,32.63202819,-117.205956255,5.939,248.503,260.341,-30.088,2.335,-1838,-810.554,1,4.526,89.785,3,3806.757
2026-02-21T21:41:39.000Z,1771710099.000,32.632018514,-117.20598755,6.57,248.199,263.308,-31.524,2.644,-1839,-813.185,1,4.979,87.858,3,3806.696
2026-02-21T21:41:40.000Z,1771710100.000,32.632011526,-117.206020519,6.424,257.846,264.162,-28.266,3.025,-1840,-815.978,1,5.497,85.998,3,3806.268
2026-02-21T21:41:41.000Z,1771710101.000,32.632005591,-117.206054135,6.164,257.915,263.215,-20.544,0.739,-1841,-818.803,1,5.274,84.097,3,3805.893
2026-02-21T21:41:42.000Z,1771710102.000,32.631997503,-117.206086071,6.187,250.323,262.024,-22.744,-1.472,-1842,-821.408,1,4.818,82.019,3,3806.019
2026-02-21T21:41:43.000Z,1771710103.000,32.631988136,-117.206117144,6.579,249.966,261.492,-25.178,3.497,-1843,-823.913,1,5.091,79.889,3,3806.571
2026-02-21T21:41:44.000Z,1771710104.000,32.631978237,-117.206150657,6.423,248.673,259.613,-18.502,6.804,-1844,-826.578,1,4.87,77.522,3,3806.532
2026-02-21T21:41:45.000Z,1771710105.000,32.631966656,-117.206183601,6.313,249.136,257.323,-16.301,0.349,-1845,-829.118,1,4.812,74.982,3,3806.764
2026-02-21T21:41:46.000Z,1771710106.000,32.631955389,-117.206214526,6.373,241.887,256.111,-21.391,0.962,-1846,-831.528,1,4.29,72.618,3,3807.126
2026-02-21T21:41:47.000Z,1771710107.000,32.631943827,-117.206244994,6.115,247.64,259.271,-21.782,7.3,-1847,-834.05,1,4.542,70.532,3,3807.419
2026-02-21T21:41:48.000Z,1771710108.000,32.631932714,-117.206275108,5.581,249.03,259.454,-20.627,8.414,-1848,-836.443,1,4.229,68.307,3,3807.792
2026-02-21T21:41:49.000Z,1771710109.000,32.6319232,-117.206305138,5.3,247.387,254.985,-20.388,0.856,-1849,-838.696,1,3.908,65.942,3,3808.419
2026-02-21T21:41:50.000Z,1771710110.000,32.631913134,-117.206334822,6.1,248.741,258.595,-19.459,1.929,-1850,-841.216,1,4.589,64.064,3,3808.639
2026-02-21T21:41:51.000Z,1771710111.000,32.631903738,-117.206365046,5.799,251.07,258.624,-14.346,3.296,-1851,-843.663,1,4.508,62,3,3809.007
2026-02-21T21:41:52.000Z,1771710112.000,32.631893428,-117.206395149,5.95,251.573,257.825,-21.233,1.268,-1852,-846.042,1,4.652,59.792,3,3809.26
2026-02-21T21:41:53.000Z,1771710113.000,32.631882386,-117.206427043,6.229,247.034,256.563,-21.52,1.344,-1853,-848.542,1,4.539,57.414,3,3809.425
2026-02-21T21:41:54.000Z,1771710114.000,32.631871898,-117.206457944,6.022,251.242,259.571,-23.661,-0.441,-1854,-851.13,1,4.674,55.412,3,3809.718
2026-02-21T21:41:55.000Z,1771710115.000,32.631862629,-117.206488592,6.23,250.307,261.615,-21.73,4.353,-1855,-853.688,1,4.764,53.484,3,3809.83
2026-02-21T21:41:56.000Z,1771710116.000,32.631853434,-117.206519121,5.554,247.764,258.769,-19.32,6.051,-1856,-856.07,1,4.078,51.233,3,3810.08
2026-02-21T21:41:57.000Z,1771710117.000,32.63184211,-117.206550448,6.011,246.856,258.033,-26.904,0.033,-1857,-858.531,1,4.34,48.881,3,3809.929
2026-02-21T21:41:58.000Z,1771710118.000,32.631831501,-117.206581294,6.112,246.697,258.888,-26.726,0.265,-1858,-861.03,1,4.394,46.725,3,3809.891
2026-02-21T21:41:59.000Z,1771710119.000,32.631821328,-117.20661186,6.122,249.665,262.389,-25.542,2.792,-1859,-863.603,1,4.609,44.808,3,3810.129
2026-02-21T21:42:00.000Z,1771710120.000,32.631812153,-117.206643749,6.27,244.598,260.51,-24.345,3.167,-1860,-866.145,1,4.33,42.574,3,3810.644
2026-02-21T21:42:01.000Z,1771710121.000,32.631801956,-117.206677112,6.958,252.735,257.041,-22.808,3.36,-1861,-868.724,1,5.461,40.079,3,3811.213
2026-02-21T21:42:02.000Z,1771710122.000,32.631789577,-117.206708693,6.512,245.061,256.095,-26.811,2.506,-1862,-871.167,1,4.516,37.597,3,3811.583
2026-02-21T21:42:03.000Z,1771710123.000,32.631779214,-117.206739791,6.1,253.774,259.32,-26.854,0.247,-1863,-873.785,1,4.841,35.614,3,3811.276
2026-02-21T21:42:04.000Z,1771710124.000,32.631771279,-117.206770863,6.324,251.2,263.331,-25.561,-1.238,-1864,-876.486,1,4.836,33.944,3,3811.077
2026-02-21T21:42:05.000Z,1771710125.000,32.631762922,-117.206802324,6.613,249.652,263.093,-26.173,2.23,-1865,-879.067,1,4.933,31.923,3,3811.357
2026-02-21T21:42:06.000Z,1771710126.000,32.631754906,-117.206833829,6.035,252.476,259.698,-20.409,1.572,-1866,-881.558,1,4.688,29.717,3,3811.683
2026-02-21T21:42:07.000Z,1771710127.000,32.631744454,-117.206866175,6.95,254.534,259.48,-23.999,1.531,-1867,-884.158,1,5.544,27.451,3,3811.847
2026-02-21T21:42:08.000Z,1771710128.000,32.631734323,-117.206898847,6.43,246.925,258.193,-22.102,1.587,-1868,-886.756,1,4.562,25.135,3,3811.792
2026-02-21T21:42:09.000Z,1771710129.000,32.631723223,-117.206929006,5.776,241.528,257.011,-20.496,5.946,-1869,-889.101,1,3.689,22.818,3,3812.029
2026-02-21T21:42:10.000Z,1771710130.000,32.631711415,-117.206959217,5.935,250.726,256.791,-23.339,1.802,-1870,-891.466,1,4.464,20.492,3,3812.628
2026-02-21T21:42:11.000Z,1771710131.000,32.631700782,-117.206989836,6.024,247.904,255.482,-21.289,1.113,-1871,-893.859,1,4.322,18.201,3,3813.145
2026-02-21T21:42:12.000Z,1771710132.000,32.631688838,-117.207019245,6.386,245.162,254.71,-22.141,-0.343,-1872,-896.125,1,4.354,15.854,3,3813.387
2026-02-21T21:42:13.000Z,1771710133.000,32.631676616,-117.20704871,6.161,245.979,258.059,-23.366,4.907,-1873,-898.55,1,4.257,13.746,3,3813.171
2026-02-21T21:42:14.000Z,1771710134.000,32.631664375,-117.207081123,6.4,245.343,258.777,-27.969,4.143,-1874,-901.137,1,4.361,11.357,3,3813.003
2026-02-21T21:42:15.000Z,1771710135.000,32.631653645,-117.207114153,6.062,246.559,258.324,-23.231,4.545,-1875,-903.781,1,4.215,9.021,3,3813.072
2026-02-21T21:42:16.000Z,1771710136.000,32.631643632,-117.20714519,5.645,248.813,253.525,-16.101,7.027,-1876,-906.089,1,4.073,6.553,3,3813.344
2026-02-21T21:42:17.000Z,1771710137.000,32.631631443,-117.20717495,6.046,241.743,249.52,-18.883,0.798,-1877,-908.227,1,3.804,3.977,3,3813.821
2026-02-21T21:42:18.000Z,1771710138.000,32.631616515,-117.207203136,6.178,239.568,252.473,-25.718,-0.557,-1878,-910.464,1,3.692,1.594,3,3813.756
2026-02-21T21:42:19.000Z,1771710139.000,32.631602685,-117.207231894,6.427,237.888,254.453,-26.912,3.839,-1879,-912.73,1,3.678,-0.747,3,3813.685
2026-02-21T21:42:20.000Z,1771710140.000,32.631589146,-117.207262316,6.113,240.8,255.909,-23.866,5.005,-1880,-915.132,1,3.738,-3.151,3,3813.863
2026-02-21T21:42:21.000Z,1771710141.000,32.631577342,-117.207293694,6.74,246.224,257.016,-25.295,2.231,-1881,-917.655,1,4.597,-5.433,3,3813.66
2026-02-21T21:42:22.000Z,1771710142.000,32.631567233,-117.207326637,6.591,247.089,256.611,-22.203,0.912,-1882,-920.308,1,4.559,-7.697,3,3813.337
2026-02-21T21:42:23.000Z,1771710143.000,32.631556642,-117.207357373,5.773,244.555,256.159,-17.282,1.229,-1883,-922.748,1,3.796,-9.933,3,3812.903
2026-02-21T21:42:24.000Z,1771710144.000,32.631543798,-117.207387412,6.772,244.903,254.797,-22.204,0.456,-1884,-925.021,1,4.473,-12.434,3,3812.946
2026-02-21T21:42:25.000Z,1771710145.000,32.631531567,-117.207417274,6.744,246.272,257.392,-25.251,1.424,-1885,-927.454,1,4.565,-14.608,3,3812.974
2026-02-21T21:42:26.000Z,1771710146.000,32.631519551,-117.207450181,6.589,245.369,256.477,-22.975,3.83,-1886,-930.029,1,4.372,-17.1,3,3812.915
2026-02-21T21:42:27.000Z,1771710147.000,32.631508413,-117.207481861,6.324,249.876,255.683,-21.112,1.478,-1887,-932.523,1,4.545,-19.448,3,3813.413
2026-02-21T21:42:28.000Z,1771710148.000,32.631498382,-117.207511565,5.688,243.646,252.613,-18.805,1.791,-1888,-934.771,1,3.626,-21.751,3,3814.096
2026-02-21T21:42:29.000Z,1771710149.000,32.631487368,-117.207539991,5.607,246.121,251.983,-20.648,1.176,-1889,-936.979,1,3.749,-23.955,3,3814.54
2026-02-21T21:42:30.000Z,1771710150.000,32.631473855,-117.207569179,6.495,242.917,258.933,-28.185,-3.872,-1890,-939.496,1,4.057,-25.96,3,3814.217
2026-02-21T21:42:31.000Z,1771710151.000,32.631462794,-117.207600497,6.504,247.6,264.336,-27.586,10.849,-1891,-942.165,1,4.456,-27.86,3,3813.548
2026-02-21T21:42:32.000Z,1771710152.000,32.631455234,-117.207631771,5.386,252.589,262.179,-10.808,11.279,-1892,-944.699,1,4.011,-29.93,3,3813.033
2026-02-21T21:42:33.000Z,1771710153.000,32.631445755,-117.2076621,6.081,255.157,260.818,-20.551,-1.99,-1893,-947.108,1,4.698,-32.102,3,3812.981
2026-02-21T21:42:34.000Z,1771710154.000,32.631437591,-117.207692389,6.039,249.811,260.301,-18.145,5.164,-1894,-949.579,1,4.28,-34.079,3,3812.762
2026-02-21T21:42:35.000Z,1771710155.000,32.631427956,-117.207722723,6.023,251.735,257.707,-16.662,0.565,-1895,-951.934,1,4.401,-36.348,3,3813.139
2026-02-21T21:42:36.000Z,1771710156.000,32.631418113,-117.207749766,5.952,242.37,255.845,-15.098,-0.015,-1896,-954.008,1,3.621,-38.465,3,3813.671
2026-02-21T21:42:37.000Z,1771710157.000,32.631408149,-117.207776364,5.167,254.299,255.94,-13.742,2.059,-1897,-956.115,1,3.917,-40.45,3,3814.031
2026-02-21T21:42:38.000Z,1771710158.000,32.631395903,-117.207803394,6.291,238.935,250.933,-17.563,1.597,-1898,-957.972,1,3.499,-43.004,3,3814.374
2026-02-21T21:42:39.000Z,1771710159.000,32.631380999,-117.207832681,6.345,245.576,256.562,-25.833,2.035,-1899,-960.411,1,4.105,-45.246,3,3814.327
2026-02-21T21:42:40.000Z,1771710160.000,32.631368959,-117.207864238,6.775,249.934,258.737,-27.63,-0.038,-1900,-962.982,1,4.753,-47.487,3,3814.123
2026-02-21T21:42:41.000Z,1771710161.000,32.63135879,-117.207894981,6.174,244.014,258.101,-25.652,-0.646,-1901,-965.429,1,3.845,-49.693,3,3814.052
2026-02-21T21:42:42.000Z,1771710162.000,32.631348591,-117.207923741,5.685,246.019,259.811,-27.669,1.48,-1902,-967.781,1,3.686,-51.672,3,3814.258
2026-02-21T21:42:43.000Z,1771710163.000,32.631338579,-117.207954086,5.345,250.656,259.471,-17.888,7.906,-1903,-970.209,1,3.775,-53.829,3,3814.617
2026-02-21T21:42:44.000Z,1771710164.000,32.631327516,-117.207984828,6.2,249.455,261.394,-23.592,1.365,-1904,-972.719,1,4.277,-55.952,3,3814.24
2026-02-21T21:42:45.000Z,1771710165.000,32.631317292,-117.208015446,5.994,247.178,258.338,-18.661,7.782,-1905,-975.069,1,3.95,-58.325,3,3814.65
2026-02-21T21:42:46.000Z,1771710166.000,32.631305715,-117.208046274,5.785,253.477,261.324,-25.455,3.202,-1906,,1,4.258,-60.433,3,3814.778
2026-02-21T21:42:47.000Z,1771710167.000,32.631297363,-117.208078056,5.964,256.609,262.932,-17.828,2.91,-1907,,1,4.597,-62.336,3,3814.074
2026-02-21T21:42:48.000Z,1771710168.000,32.631289835,-117.208107959,5.471,254.612,258.902,-15.834,1.321,-1908,,1,4.085,-64.475,3,3813.506
2026-02-21T21:42:49.000Z,1771710169.000,32.631278969,-117.208136723,5.912,245.661,259.318,-22.859,-1.573,-1909,,1,3.74,-66.611,3,3813.676
2026-02-21T21:42:50.000Z,1771710170.000,32.631267862,-117.20816611,6.447,242.717,258.252,-27.015,4.153,-1910,,1,3.805,-68.892,3,3813.467
2026-02-21T21:42:51.000Z,1771710171.000,32.631256556,-117.208197656,6.131,246.649,261.394,-28.171,0.205,-1911,,1,3.94,-70.989,3,3812.916
2026-02-21T21:42:52.000Z,1771710172.000,32.631248447,-117.208230241,6.112,252.212,261.737,-22.513,1.744,-1912,,1,4.355,-72.985,3,3812.286
2026-02-21T21:42:53.000Z,1771710173.000,32.631239684,-117.208260786,5.612,250.899,258.488,-23.199,5.151,-1913,,1,3.899,-75.219,3,3812.612
2026-02-21T21:42:54.000Z,1771710174.000,32.631229882,-117.20829101,5.947,253.35,260.171,-24.409,-0.55,-1914,,1,4.302,-77.212,3,3812.337
2026-02-21T21:42:55.000Z,1771710175.000,32.631220899,-117.208321152,6.409,253.025,258.836,-20.62,0.998,-1915,,1,4.602,-79.321,3,3811.951
2026-02-21T21:42:56.000Z,1771710176.000,32.631210459,-117.208352498,5.966,249.883,259.597,-24.654,0.658,-1916,,1,4.041,-81.485,3,3811.508
2026-02-21T21:42:57.000Z,1771710177.000,32.631200345,-117.20838285,5.863,248.376,259.369,-23.008,2.14,-1917,,1,3.847,-83.644,3,3811.267
2026-02-21T21:42:58.000Z,1771710178.000,32.631189598,-117.208413171,5.86,249.442,262.446,-28.302,-0.471,-1918,,1,3.918,-85.64,3,3811.186
2026-02-21T21:42:59.000Z,1771710179.000,32.631180252,-117.208443489,5.805,244.806,262.25,-25.12,5.912,-1919,,1,3.51,-87.717,3,3811.561
2026-02-21T21:43:00.000Z,1771710180.000,32.631170878,-117.208476095,5.867,251.971,259.496,-23.069,-0.882,-1920,,1,4.093,-90.057,3,3811.765
2026-02-21T21:43:01.000Z,1771710181.000,32.631160199,-117.208506917,6.625,247.837,260.024,-22.395,2.166,-1921,,1,4.256,-92.24,3,3811.887
2026-02-21T21:43:02.000Z,1771710182.000,32.631148849,-117.208536794,5.687,243.42,258.776,-30.471,0.656,-1922,,1,3.296,-94.577,3,3811.827
2026-02-21T21:43:03.000Z,1771710183.000,32.631138004,-117.208566855,6.079,243.028,258.023,-28.986,5.348,-1923,,1,3.478,-96.835,3,3811.981
2026-02-21T21:43:04.000Z,1771710184.000,32.631127309,-117.20859903,6.011,250.911,260.67,-28.337,0.537,-1924,,1,4.073,-98.927,3,3811.478
2026-02-21T21:43:05.000Z,1771710185.000,32.631118973,-117.2086305,6.5,255.194,264.685,-28.428,1.556,-1925,,1,4.741,-100.648,3,3811.255
2026-02-21T21:43:06.000Z,1771710186.000,32.631112785,-117.208661938,5.713,257.595,264.62,-18.808,4.524,-1926,,1,4.32,-102.434,3,3811.171
2026-02-21T21:43:07.000Z,1771710187.000,32.631104801,-117.20869273,5.822,253.361,260.212,-18.482,6.547,-1927,,1,4.1,-104.684,3,3811.335
2026-02-21T21:43:08.000Z,1771710188.000,32.63109478,-117.208725249,6.3,255.031,258.629,-20.055,0.722,-1928,,1,4.554,-107.003,3,3811.485
2026-02-21T21:43:09.000Z,1771710189.000,32.631083673,-117.20875755,6.435,246.386,257.03,-21.541,0.271,-1929,,1,3.918,-109.425,3,3811.24
2026-02-21T21:43:10.000Z,1771710190.000,32.631070981,-117.208788941,6.713,248.095,259.748,-27.459,-1.3,-1930,,1,4.232,-111.691,3,3811.19
2026-02-21T21:43:11.000Z,1771710191.000,32.631059571,-117.208819574,6.425,250.445,260.739,-28.686,3.03,-1931,,1,4.24,-113.909,3,3811.402
2026-02-21T21:43:12.000Z,1771710192.000,32.631050345,-117.208850859,5.9,251.535,260.656,-21.069,4.35,-1932,,1,3.968,-116.002,3,3811.469
2026-02-21T21:43:13.000Z,1771710193.000,32.631040653,-117.208882359,5.839,253.328,259.726,-21.155,2.651,-1933,,1,4.051,-118.208,3,3811.181
2026-02-21T21:43:14.000Z,1771710194.000,32.631031944,-117.208912773,6.012,252.099,260.007,-22.594,-0.44,-1934,,1,4.067,-120.191,3,3811.143
2026-02-21T21:43:15.000Z,1771710195.000,32.631022002,-117.208940695,5.795,241.314,258.122,-22.594,2.014,-1935,,1,3.041,-122.356,3,3811.671
2026-02-21T21:43:16.000Z,1771710196.000,32.631011462,-117.208970545,6.115,250.474,258.768,-22.724,3.998,-1936,,1,3.987,-124.482,3,3811.44
2026-02-21T21:43:17.000Z,1771710197.000,32.631000394,-117.209002357,6.048,244.041,255.769,-22.313,2.612,-1937,,1,3.391,-126.973,3,3811.762
2026-02-21T21:43:18.000Z,1771710198.000,32.630987552,-117.209033458,6.1,245.024,259.079,-28.279,0.322,-1938,,1,3.495,-129.206,3,3812.075
2026-02-21T21:43:19.000Z,1771710199.000,32.630978248,-117.20906532,5.973,256.079,261.222,-26.803,0.519,-1939,,1,4.288,-131.176,3,3811.945
2026-02-21T21:43:20.000Z,1771710200.000,32.630969492,-117.209095541,5.692,244.821,261.909,-25.987,4.116,-1940,,1,3.224,-133.128,3,3811.754
2026-02-21T21:43:21.000Z,1771710201.000,32.630960742,-117.209126755,5.889,250.179,263.165,-25.904,3.757,-1941,,1,3.764,-135.075,3,3811.556
2026-02-21T21:43:22.000Z,1771710202.000,32.630953769,-117.209157781,5.837,256.898,264.603,-20.735,5.827,-1942,,1,4.223,-136.82,3,3811.332
2026-02-21T21:43:23.000Z,1771710203.000,32.630945801,-117.209188411,6.174,252.071,263.296,-24.126,2.223,-1943,,1,4.082,-138.847,3,3811.582
2026-02-21T21:43:24.000Z,1771710204.000,32.630938655,-117.209219674,5.815,251.44,262.067,-20.36,4.279,-1944,,1,3.786,-140.806,3,3811.613
2026-02-21T21:43:25.000Z,1771710205.000,32.630928965,-117.209251271,5.776,244.583,260.191,-22.35,3.283,-1945,,1,3.199,-143.082,3,3811.786
2026-02-21T21:43:26.000Z,1771710206.000,32.630919282,-117.209282121,6.476,251.012,260.112,-19.837,5.156,-1946,,1,4.156,-145.205,3,3811.802
2026-02-21T21:43:27.000Z,1771710207.000,32.630908259,-117.20931304,5.727,245.334,254.489,-20.61,6.631,-1947,,1,3.209,-147.833,3,3812.313
2026-02-21T21:43:28.000Z,1771710208.000,32.630895138,-117.209342448,6.2,247.241,257.542,-28.499,-1.565,-1948,,1,3.631,-150.052,3,3812.53
2026-02-21T21:43:29.000Z,1771710209.000,32.630883842,-117.209374288,6.2,248.532,260.264,-26.354,-0.747,-1949,,1,3.732,-152.188,3,3813.007
2026-02-21T21:43:30.000Z,1771710210.000,32.630872021,-117.209406751,6.476,249.628,260.284,-27.949,-0.231,-1950,,1,3.983,-154.582,3,3812.876
2026-02-21T21:43:31.000Z,1771710211.000,32.630862517,-117.209438805,6.61,251.96,257.814,-20.312,4.001,-1951,,1,4.26,-156.892,3,3812.679
2026-02-21T21:43:32.000Z,1771710212.000,32.630851459,-117.209469495,6.355,247.325,256.022,-24.195,3.332,-1952,,1,3.676,-159.263,3,3813.094
2026-02-21T21:43:33.000Z,1771710213.000,32.630841133,-117.209501381,6.469,252.898,257.55,-23.972,1.402,-1953,,1,4.225,-161.384,3,3813.147
2026-02-21T21:43:34.000Z,1771710214.000,32.630832453,-117.209532118,5.824,250.4,260.981,-22.134,0.889,-1954,,1,3.598,-163.163,3,3812.747
2026-02-21T21:43:35.000Z,1771710215.000,32.630821881,-117.209564057,6.212,247.125,260.886,-26.115,3.272,-1955,,1,3.54,-165.418,3,3812.616
2026-02-21T21:43:36.000Z,1771710216.000,32.630812987,-117.2095971,6.5,255.147,261.409,-23.603,0.735,-1956,,1,4.401,-167.499,3,3812.067
2026-02-21T21:43:37.000Z,1771710217.000,32.630805541,-117.20962972,6.563,253.873,264.804,-26.932,-0.356,-1957,,1,4.325,-169.214,3,3811.401
2026-02-21T21:43:38.000Z,1771710218.000,32.630797964,-117.209661712,5.812,254.293,267.14,-23.403,4.846,-1958,,1,3.852,-170.988,3,3810.826
2026-02-21T21:43:39.000Z,1771710219.000,32.630790912,-117.209693054,5.675,256.238,263.876,-17.637,4.49,-1959,,1,3.894,-173.09,3,3810.89
2026-02-21T21:43:40.000Z,1771710220.000,32.630781969,-117.20972588,6.2,248.388,257.61,-17.427,3.412,-1960,,1,3.583,-175.633,3,3811.241
2026-02-21T21:43:41.000Z,1771710221.000,32.630770653,-117.209757008,5.915,246.485,257.994,-21.288,2.62,-1961,,1,3.244,-177.904,3,3811.775
2026-02-21T21:43:42.000Z,1771710222.000,32.630760847,-117.209788038,5.467,248.079,259.21,-22.089,2.07,-1962,,1,3.113,-179.959,3,3812
2026-02-21T21:43:43.000Z,1771710223.000,32.630752178,-117.209818626,6.237,248.859,260.229,-20.269,1.508,-1963,,1,3.609,-181.894,3,3811.955
2026-02-21T21:43:44.000Z,1771710224.000,32.630743407,-117.209849575,5.747,253.715,260.799,-21.996,-0.146,-1964,,1,3.7,-183.883,3,3811.63
2026-02-21T21:43:45.000Z,1771710225.000,32.630734678,-117.209880759,6.395,252.069,262.683,-22.915,-0.831,-1965,,1,3.963,-185.785,3,3811.318
2026-02-21T21:43:46.000Z,1771710226.000,32.630725586,-117.209912717,6.378,241.439,257,-17.51,8.931,-1966,,1,2.945,-188.269,3,3811.142
2026-02-21T21:43:47.000Z,1771710227.000,32.630713436,-117.209944304,6.412,246.199,255.805,-21.317,3.061,-1967,,1,3.407,-190.744,3,3811.08
2026-02-21T21:43:48.000Z,1771710228.000,32.630701898,-117.209976493,6.513,246.094,259.631,-22.825,0.469,-1968,,1,3.436,-192.847,3,3810.859
2026-02-21T21:43:49.000Z,1771710229.000,32.630692971,-117.210008058,6.253,254.641,262.472,-23.077,1.402,-1969,,1,4.041,-194.717,3,3810.895
2026-02-21T21:43:50.000Z,1771710230.000,32.630683225,-117.210040227,5.979,246.129,262.696,-22.057,3.812,-1970,,1,3.132,-196.874,3,3810.706
2026-02-21T21:43:51.000Z,1771710231.000,32.630675499,-117.210070515,6.053,254.524,261.133,-16.098,2.709,-1971,,1,3.878,-198.88,3,3810.835
2026-02-21T21:43:52.000Z,1771710232.000,32.630665771,-117.210100472,6.026,243.486,260.409,-20.613,1.559,-1972,,1,2.89,-201.02,3,3810.928
2026-02-21T21:43:53.000Z,1771710233.000,32.630656138,-117.210131325,5.831,251.785,259.031,-18.552,4.335,-1973,,1,3.493,-203.226,3,3810.753
2026-02-21T21:43:54.000Z,1771710234.000,32.630643785,-117.210163384,6.243,243.792,255.293,-20.938,4.624,-1974,,1,2.991,-205.907,3,3810.673
2026-02-21T21:43:55.000Z,1771710235.000,32.630631042,-117.210195063,5.948,250.581,256.45,-24.276,2.209,-1975,,1,3.433,-208.294,3,3810.646
2026-02-21T21:43:56.000Z,1771710236.000,32.630619781,-117.210225731,6.037,244.248,255.148,-23.023,2.838,-1976,,1,2.905,-210.65,3,3811.012
2026-02-21T21:43:57.000Z,1771710237.000,32.630606954,-117.210254825,5.92,245.973,256.91,-31.326,0.007,-1977,,1,2.989,-212.912,3,3811.356
2026-02-21T21:43:58.000Z,1771710238.000,32.630596923,-117.210286006,6.439,255.569,261.114,-30.343,1.124,-1978,,1,4.12,-214.795,3,3811.25
2026-02-21T21:43:59.000Z,1771710239.000,32.630588119,-117.21031849,6.682,252.87,263.283,-28.835,2.005,-1979,,1,4.016,-216.731,3,3810.681
2026-02-21T21:44:00.000Z,1771710240.000,32.630579402,-117.210351101,6.052,256.805,262.287,-23.176,3.776,-1980,,1,3.947,-218.884,3,3810.187
2026-02-21T21:44:01.000Z,1771710241.000,32.630571684,-117.210383494,6.227,257.901,262.611,-24.69,-0.631,-1981,,1,4.139,-220.833,3,3810.43
2026-02-21T21:44:02.000Z,1771710242.000,32.630564709,-117.210414684,6.121,251.366,268.062,-27.818,-2.111,-1982,,1,3.512,-222.295,3,3810.151
2026-02-21T21:44:03.000Z,1771710243.000,32.630558603,-117.210447071,5.567,259.906,273.118,-28.845,6.156,-1983,,1,3.827,-223.722,3,3809.598
2026-02-21T21:44:04.000Z,1771710244.000,32.630559333,-117.210478257,6.013,280.923,279.415,-18.629,0.595,-1984,,1,5.421,-224.298,3,3808.637
2026-02-21T21:44:05.000Z,1771710245.000,32.630565985,-117.210505398,5.186,288.137,289.101,-2.303,2.54,-1985,,1,4.921,-223.832,3,3808.14
2026-02-21T21:44:06.000Z,1771710246.000,32.630575116,-117.210529009,4.731,296.866,303.206,-2.234,2.976,-1986,,1,4.664,-222.62,3,3808.288
2026-02-21T21:44:07.000Z,1771710247.000,32.630587849,-117.210548672,4.333,317.264,314.391,-2.929,1.811,-1987,,1,4.256,-221.162,3,3808.607
2026-02-21T21:44:08.000Z,1771710248.000,32.630604497,-117.210560394,4.527,336.272,326.543,4.664,0.846,-1988,,1,3.924,-219.013,3,3809.636
2026-02-21T21:44:09.000Z,1771710249.000,32.630623151,-117.21056612,4.274,352.882,338.808,14.555,8.401,-1989,,1,2.934,-216.562,3,3811.551
2026-02-21T21:44:10.000Z,1771710250.000,32.630641929,-117.21057313,3.846,341.548,338.362,14.267,5.545,-1990,,1,3.135,-214.907,3,3812.478
2026-02-21T21:44:11.000Z,1771710251.000,32.630662457,-117.210584203,4.8,331.089,334.163,13.796,3.416,-1991,,1,4.35,-213.456,3,3812.816
2026-02-21T21:44:12.000Z,1771710252.000,32.630681944,-117.210596421,4.649,329.841,330.742,12.133,4.452,-1992,,1,4.253,-212.121,3,3812.79
2026-02-21T21:44:13.000Z,1771710253.000,32.630701701,-117.210608699,4.773,330.144,329.005,11.785,1.933,-1993,,1,4.355,-210.665,3,3812.894
2026-02-21T21:44:14.000Z,1771710254.000,32.630722352,-117.210620061,4.831,333.639,337.938,16.196,-1.594,-1994,,1,4.274,-208.408,3,3813.412
2026-02-21T21:44:15.000Z,1771710255.000,32.630743225,-117.210632312,5.056,339.411,333.838,16.449,3.239,-1995,,1,4.211,-206.962,3,3813.489
2026-02-21T21:44:16.000Z,1771710256.000,32.630764731,-117.210645867,5.352,330.198,329.928,16.394,3.168,-1996,,1,4.872,-205.502,3,3813.94
2026-02-21T21:44:17.000Z,1771710257.000,32.630786201,-117.210659936,5.487,331.43,328.877,17.746,3.854,-1997,,1,4.942,-203.885,3,3814.65
2026-02-21T21:44:18.000Z,1771710258.000,32.630806692,-117.210675866,5.554,326.272,327.246,16.509,0.909,-1998,,1,5.198,-202.477,3,3815.329
2026-02-21T21:44:19.000Z,1771710259.000,32.630828456,-117.210690565,5.59,333.628,331.196,19.642,0.348,-1999,,1,4.931,-200.527,3,3816.296
2026-02-21T21:44:20.000Z,1771710260.000,32.630849431,-117.21070495,5.312,333.117,333.61,18.037,7.618,-2000,,1,4.705,-198.755,3,3816.517
2026-02-21T21:44:21.000Z,1771710261.000,32.630870785,-117.210721833,5.525,326.112,326.194,13.239,6.72,-2001,,1,5.169,-197.663,3,3815.424
2026-02-21T21:44:22.000Z,1771710262.000,32.630893422,-117.210737564,5.9,328.821,331.487,18.054,0.766,-2002,,1,5.411,-195.572,3,3815.02
2026-02-21T21:44:23.000Z,1771710263.000,32.630916221,-117.210754253,5.954,325.639,331.848,19.611,2.503,-2003,,1,5.581,-193.823,3,3814.407
2026-02-21T21:44:24.000Z,1771710264.000,32.63093878,-117.210772285,5.346,325.426,328.931,16.202,6.009,-2004,,1,5.016,-192.359,3,3813.547
2026-02-21T21:44:25.000Z,1771710265.000,32.630961145,-117.210788548,5.576,331.502,326.197,15.782,3.683,-2005,,1,4.996,-190.845,3,3813.099
2026-02-21T21:44:26.000Z,1771710266.000,32.630983119,-117.210803226,5.527,330.907,327.234,16.221,4.526,-2006,,1,4.974,-189.061,3,3813.049
2026-02-21T21:44:27.000Z,1771710267.000,32.631004839,-117.21081862,5.6,328.213,329.13,17.231,2.338,-2007,,1,5.146,-187.275,3,3812.892
2026-02-21T21:44:28.000Z,1771710268.000,32.631027507,-117.210835389,5.878,331.454,330.202,18.239,2.069,-2008,,1,5.257,-185.495,3,3812.545
2026-02-21T21:44:29.000Z,1771710269.000,32.631050661,-117.210850002,5.875,333.463,332.386,20.398,2.436,-2009,,1,5.155,-183.52,3,3812.375
2026-02-21T21:44:30.000Z,1771710270.000,32.631073615,-117.210866441,5.835,326.169,330.75,18.813,2.707,-2010,,1,5.431,-181.872,3,3812.075
2026-02-21T21:44:31.000Z,1771710271.000,32.631096922,-117.210883379,6.015,332.107,330.537,19.974,3.287,-2011,,1,5.338,-180.118,3,3811.706
2026-02-21T21:44:32.000Z,1771710272.000,32.631120429,-117.210901376,6.1,328.085,327.31,16.786,4.232,-2012,,1,5.594,-178.579,3,3811.158
2026-02-21T21:44:33.000Z,1771710273.000,32.631143488,-117.210916775,5.812,330.441,331.256,19.492,3.61,-2013,,1,5.226,-176.522,3,3811.363
2026-02-21T21:44:34.000Z,1771710274.000,32.631166582,-117.210931997,5.553,330.112,327.387,13.542,6.591,-2014,,1,5.004,-174.966,3,3811.115
2026-02-21T21:44:35.000Z,1771710275.000,32.631190475,-117.210946205,5.83,332.222,332.104,16.406,1.299,-2015,,1,5.152,-172.732,3,3811.35
2026-02-21T21:44:36.000Z,1771710276.000,32.631214148,-117.210963331,5.9,324.465,328.175,11.485,2.869,-2016,,1,5.536,-171.188,3,3811.044
2026-02-21T21:44:37.000Z,1771710277.000,32.631238016,-117.210978838,6.064,336.608,333.322,22.382,1.225,-2017,,1,5.115,-168.982,3,3811.404
2026-02-21T21:44:38.000Z,1771710278.000,32.63126047,-117.210995734,5.178,333.114,332.896,19.882,9.46,-2018,,1,4.526,-167.323,3,3811.484
2026-02-21T21:44:39.000Z,1771710279.000,32.631282416,-117.211013429,5.361,324.876,326.859,18.332,4.553,-2019,,1,5.009,-166.114,3,3811.234
2026-02-21T21:44:40.000Z,1771710280.000,32.631304715,-117.211028321,5.411,333.958,326.092,17.075,0.736,-2020,,1,4.684,-164.426,3,3811.382
2026-02-21T21:44:41.000Z,1771710281.000,32.631326623,-117.211042302,5.639,329.935,331.995,15.025,1.386,-2021,,1,5.062,-162.305,3,3811.732
2026-02-21T21:44:42.000Z,1771710282.000,32.631348754,-117.211057145,5.325,332.209,331.898,10.536,6.209,-2022,,1,4.681,-160.588,3,3811.957
2026-02-21T21:44:43.000Z,1771710283.000,32.631371499,-117.211071289,5.646,330.193,333.341,12.752,7.029,-2023,,1,5.05,-158.685,3,3812.268
2026-02-21T21:44:44.000Z,1771710284.000,32.63139546,-117.21108542,5.854,333.347,334.047,21.012,1.519,-2024,,1,5.079,-156.704,3,3812.374
2026-02-21T21:44:45.000Z,1771710285.000,32.631419218,-117.211100716,5.874,328.836,333.462,18.206,3.299,-2025,,1,5.306,-154.865,3,3812.408
2026-02-21T21:44:46.000Z,1771710286.000,32.631442511,-117.211116118,5.873,329.937,333.27,16.712,2.906,-2026,,1,5.251,-153.054,3,3812.742
2026-02-21T21:44:47.000Z,1771710287.000,32.631465935,-117.211132291,5.957,328.528,331.077,12.074,3.119,-2027,,1,5.387,-151.384,3,3812.957
2026-02-21T21:44:48.000Z,1771710288.000,32.63148955,-117.211145773,5.768,340.871,328.804,10.185,4.512,-2028,,1,4.564,-149.605,3,3813.259
2026-02-21T21:44:49.000Z,1771710289.000,32.631514331,-117.21115597,5.274,343.266,334.337,14.949,-0.16,-2029,,1,4.026,-147.09,3,3814.208
2026-02-21T21:44:50.000Z,1771710290.000,32.6315384,-117.211166883,5.693,336.836,339.655,15.476,-0.234,-2030,,1,4.722,-144.713,3,3814.918
2026-02-21T21:44:51.000Z,1771710291.000,32.631563725,-117.211177027,6.1,349.205,340.996,20.383,2.588,-2031,,1,4.202,-142.423,3,3815.46
2026-02-21T21:44:52.000Z,1771710292.000,32.63158889,-117.211188721,5.665,336.807,339.902,20.038,4.341,-2032,,1,4.687,-140.327,3,3815.81
2026-02-21T21:44:53.000Z,1771710293.000,32.631613997,-117.211202269,5.912,335.673,338.798,19.258,7.686,-2033,,1,4.95,-138.313,3,3816.081
2026-02-21T21:44:54.000Z,1771710294.000,32.631637813,-117.211215625,5.475,337.138,334.057,16.15,6.402,-2034,,1,4.501,-136.64,3,3816.305
2026-02-21T21:44:55.000Z,1771710295.000,32.631662337,-117.211228446,5.832,334.057,337.048,18.525,3.711,-2035,,1,4.959,-134.419,3,3817.154
2026-02-21T21:44:56.000Z,1771710296.000,32.631686057,-117.211242065,5.764,334.213,335.163,17.4,4.023,-2036,,1,4.888,-132.598,3,3817.613
2026-02-21T21:44:57.000Z,1771710297.000,32.63171147,-117.211257829,6.167,327.147,334.225,18.109,2.055,-2037,,1,5.587,-130.63,3,3817.765
2026-02-21T21:44:58.000Z,1771710298.000,32.631735494,-117.211272762,6.127,336.799,334.222,19.718,2.333,-2038,,1,5.031,-128.714,3,3817.852
2026-02-21T21:44:59.000Z,1771710299.000,32.631758864,-117.211286082,5.414,334.195,332.318,15.329,3.555,-2039,,1,4.576,-126.924,3,3818.271
2026-02-21T21:45:00.000Z,1771710300.000,32.631783341,-117.211296577,5.8,341.837,339.106,21.204,-0.741,-2040,,1,4.437,-124.398,3,3819.233
2026-02-21T21:45:01.000Z,1771710301.000,32.63180788,-117.211309022,5.856,340.533,337.833,16.904,7.968,-2041,,1,4.557,-122.413,3,3819.435
2026-02-21T21:45:02.000Z,1771710302.000,32.631832541,-117.211319706,5.841,336.912,339.496,20.021,4.408,-2042,,1,4.76,-120.182,3,3820.106
2026-02-21T21:45:03.000Z,1771710303.000,32.631857902,-117.211332564,5.787,336.366,334.97,22.413,3.01,-2043,,1,4.741,-118.319,3,3820.197
2026-02-21T21:45:04.000Z,1771710304.000,32.631882696,-117.211346488,6.061,331.804,333.383,19.826,2.194,-2044,,1,5.22,-116.385,3,3820.247
2026-02-21T21:45:05.000Z,1771710305.000,32.631908199,-117.211360028,5.721,335.537,335.396,20.479,-0.299,-2045,,1,4.72,-114.144,3,3820.486
2026-02-21T21:45:06.000Z,1771710306.000,32.631931345,-117.21137575,6.054,326.851,334.228,16.506,-0.317,-2046,,1,5.45,-112.418,3,3820.608
2026-02-21T21:45:07.000Z,1771710307.000,32.631955093,-117.211388908,5.7,341.661,337.507,18.953,2.321,-2047,,1,4.318,-110.277,3,3821.189
2026-02-21T21:45:08.000Z,1771710308.000,32.631979299,-117.211399611,5.556,344.912,339.184,21.191,6.978,-2048,,1,3.987,-108.092,3,3821.709
2026-02-21T21:45:09.000Z,1771710309.000,32.632003814,-117.211410354,5.29,337.003,336.483,18.445,4.183,-2049,,1,4.26,-106.132,3,3822.077
2026-02-21T21:45:10.000Z,1771710310.000,32.632028155,-117.211421753,5.896,336.096,339.889,21.394,-0.52,-2050,,1,4.794,-103.855,3,3822.61
2026-02-21T21:45:11.000Z,1771710311.000,32.632052103,-117.211434989,5.863,332.397,335.533,15.956,3.744,-2051,,1,4.972,-102.137,3,3822.714
2026-02-21T21:45:12.000Z,1771710312.000,32.63207708,-117.211448317,5.766,336.647,333.142,14.809,3.074,-2052,,1,4.643,-100.212,3,3823.019
2026-02-21T21:45:13.000Z,1771710313.000,32.632101613,-117.211459624,6.14,333.651,340.476,21.167,-0.417,-2053,,1,5.118,-97.683,3,3824.04
2026-02-21T21:45:14.000Z,1771710314.000,32.632126345,-117.211472284,5.422,335.103,342.335,23.02,1.547,-2054,,1,4.435,-95.513,3,3824.727
2026-02-21T21:45:15.000Z,1771710315.000,32.632149949,-117.211486751,6.088,333.244,333.868,16.635,2.971,-2055,,1,5.085,-94.109,3,3824.43
2026-02-21T21:45:16.000Z,1771710316.000,32.632175227,-117.211497949,5.9,337.334,338.069,19.63,2.042,-2056,,1,4.675,-91.68,3,3824.996
2026-02-21T21:45:17.000Z,1771710317.000,32.632200045,-117.211509149,5.376,338.706,334.984,16.071,5.129,-2057,,1,4.172,-89.728,3,3825.389
2026-02-21T21:45:18.000Z,1771710318.000,32.632226342,-117.211519981,5.933,334.332,337.552,19.127,1.762,-2058,,1,4.867,-87.279,3,3825.999
2026-02-21T21:45:19.000Z,1771710319.000,32.632251727,-117.211532802,6.152,336.152,338.208,21.895,1.498,-2059,,1,4.923,-85.11,3,3826.306
2026-02-21T21:45:20.000Z,1771710320.000,32.63227664,-117.211547912,5.979,334.984,336.636,23.471,3.749,-2060,,1,4.849,-83.202,3,3826.71
2026-02-21T21:45:21.000Z,1771710321.000,32.632301975,-117.211563412,6.215,329.126,331.554,21.267,3.289,-2061,,1,5.38,-81.484,3,3826.868
2026-02-21T21:45:22.000Z,1771710322.000,32.632327795,-117.211578048,6.022,332.71,333.228,18.333,1.277,-2062,,1,5.005,-79.269,3,3827.287
2026-02-21T21:45:23.000Z,1771710323.000,32.632352673,-117.211591124,5.636,340.022,333.021,15.491,3.442,-2063,,1,4.239,-77.212,3,3827.922
2026-02-21T21:45:24.000Z,1771710324.000,32.632377913,-117.211603413,5.726,336.41,334.188,14.812,3.059,-2064,,1,4.526,-75.005,3,3828.485
2026-02-21T21:45:25.000Z,1771710325.000,32.632402739,-117.211613891,5.816,340.151,335.731,16.582,1.586,-2065,,1,4.344,-72.752,3,3829.102
2026-02-21T21:45:26.000Z,1771710326.000,32.632427816,-117.211622459,5.669,344.624,344.147,22.925,1.206,-2066,,1,3.914,-70.032,3,3830.501
2026-02-21T21:45:27.000Z,1771710327.000,32.632453383,-117.211635264,6.152,334.142,341.246,22.748,1.959,-2067,,1,4.978,-68.034,3,3830.843
2026-02-21T21:45:28.000Z,1771710328.000,32.632477694,-117.211649503,5.726,334.967,336.123,21.55,4.391,-2068,,1,4.578,-66.353,3,3831.143
2026-02-21T21:45:29.000Z,1771710329.000,32.632504026,-117.211661047,6.073,333.537,341.621,30.097,-0.727,-2069,,1,4.933,-63.768,3,3832.22
2026-02-21T21:45:30.000Z,1771710330.000,32.632529248,-117.211674955,5.846,334.508,339.178,25.978,4.273,-2070,,1,4.682,-61.828,3,3832.74
2026-02-21T21:45:31.000Z,1771710331.000,32.632555261,-117.211689076,5.958,331.567,333.506,21.653,4.15,-2071,,1,4.941,-60.014,3,3832.747
2026-02-21T21:45:32.000Z,1771710332.000,32.632580141,-117.211700939,5.612,336.235,332.891,17.981,3.564,-2072,,1,4.375,-57.937,3,3833.286
2026-02-21T21:45:33.000Z,1771710333.000,32.632605649,-117.211710089,5.8,343.181,338.85,21.532,1.457,-2073,,1,4.035,-55.305,3,3834.407
2026-02-21T21:45:34.000Z,1771710334.000,32.632630799,-117.211721775,6.454,333.512,340.681,19.344,-0.906,-2074,,1,5.194,-53.056,3,3834.967
2026-02-21T21:45:35.000Z,1771710335.000,32.632655274,-117.211737159,6.333,337.448,340.854,21.341,2.025,-2075,,1,4.816,-51.104,3,3835.227
2026-02-21T21:45:36.000Z,1771710336.000,32.632680036,-117.211751315,5.625,331.353,335.188,19.084,9.801,-2076,,1,4.635,-49.407,3,3835.209
2026-02-21T21:45:37.000Z,1771710337.000,32.632704658,-117.211763299,5.68,337.914,331.751,20.92,1.314,-2077,,1,4.273,-47.535,3,3835.665
2026-02-21T21:45:38.000Z,1771710338.000,32.63272901,-117.211774986,5.9,332.717,339.057,22.415,0.887,-2078,,1,4.761,-45.031,3,3836.72
2026-02-21T21:45:39.000Z,1771710339.000,32.632752738,-117.21179074,6.067,333.624,333.668,19.317,2.987,-2079,,1,4.832,-43.494,3,3836.806
2026-02-21T21:45:40.000Z,1771710340.000,32.632776691,-117.211803459,5.712,339.627,334.438,21.672,5.375,-2080,,1,4.152,-41.459,3,3837.203
2026-02-21T21:45:41.000Z,1771710341.000,32.632801114,-117.211812815,5.526,340.638,335.892,25.019,3.444,-2081,,1,3.938,-39.211,3,3838.005
2026-02-21T21:45:42.000Z,1771710342.000,32.63282526,-117.211824905,5.815,334.165,340.274,25.15,2.062,-2082,,1,4.566,-36.93,3,3838.67
2026-02-21T21:45:43.000Z,1771710343.000,32.632849297,-117.211841053,6.289,335.705,334.267,23.41,3.408,-2083,,1,4.824,-35.407,3,3838.42
2026-02-21T21:45:44.000Z,1771710344.000,32.632872982,-117.211857824,6.188,324.888,332.179,22.369,0.834,-2084,,1,5.401,-33.725,3,3838.424
2026-02-21T21:45:45.000Z,1771710345.000,32.632896494,-117.211872813,5.787,332.799,332.114,24.724,-0.355,-2085,,1,4.605,-31.868,3,3838.59
2026-02-21T21:45:46.000Z,1771710346.000,32.632919263,-117.211886593,5.654,331.429,336.417,24.291,4.614,-2086,,1,4.57,-29.779,3,3839.144
2026-02-21T21:45:47.000Z,1771710347.000,32.632941634,-117.211903412,5.5,328.1,328.977,19.162,5.899,-2087,,1,4.622,-28.563,3,3838.867
2026-02-21T21:45:48.000Z,1771710348.000,32.632964494,-117.211918312,5.524,328.006,332.291,23.99,0.328,-2088,,1,4.638,-26.553,3,3839.371
2026-02-21T21:45:49.000Z,1771710349.000,32.632986596,-117.211935694,6.175,330.289,327.423,19.023,2.426,-2089,,1,5.042,-25.241,3,3839.363
2026-02-21T21:45:50.000Z,1771710350.000,32.633010162,-117.211950436,5.745,335.412,326.911,18.471,2.979,-2090,,1,4.366,-23.4,3,3839.31
2026-02-21T21:45:51.000Z,1771710351.000,32.63303535,-117.211962947,5.93,336.321,334.701,24.915,1.529,-2091,,1,4.431,-20.779,3,3840.032
2026-02-21T21:45:52.000Z,1771710352.000,32.633058965,-117.211978087,5.623,332.365,329.177,15.888,9.823,-2092,,1,4.442,-19.261,3,3839.902
2026-02-21T21:45:53.000Z,1771710353.000,32.633082751,-117.211992591,5.509,322.964,332.783,20.673,3.503,-2093,,1,4.838,-17.127,3,3840.547
2026-02-21T21:45:54.000Z,1771710354.000,32.633106342,-117.212005698,6,336.545,333.786,24.957,-0.013,-2094,,1,4.435,-15.126,3,3841.239
2026-02-21T21:45:55.000Z,1771710355.000,32.633129602,-117.212017505,5.746,337.023,338.564,27.738,1.362,-2095,,1,4.202,-12.893,3,3842.124
2026-02-21T21:45:56.000Z,1771710356.000,32.633154331,-117.212029927,5.989,337.285,337.45,27.732,2.549,-2096,,1,4.349,-10.878,3,3842.369
2026-02-21T21:45:57.000Z,1771710357.000,32.633178675,-117.212044979,5.963,330.8,334.775,25.218,1.534,-2097,,1,4.757,-9.093,3,3842.231
2026-02-21T21:45:58.000Z,1771710358.000,32.63320288,-117.21206182,6.1,329.896,331.746,22.558,0.252,-2098,,1,4.915,-7.416,3,3842.116
2026-02-21T21:45:59.000Z,1771710359.000,32.633226421,-117.21207806,5.876,332.301,333.84,19.96,7.42,-2099,,1,4.574,-5.47,3,3842.429
2026-02-21T21:46:00.000Z,1771710360.000,32.633250463,-117.212092471,5.477,333.259,331.19,19.163,8.858,-2100,,1,4.196,-3.698,3,3842.628
2026-02-21T21:46:01.000Z,1771710361.000,32.633275375,-117.212104187,5.888,341.86,332.857,23.083,1.725,-2101,,1,3.879,-1.47,3,3843.412
2026-02-21T21:46:02.000Z,1771710362.000,32.63329981,-117.21211458,5.7,338.36,335.728,25.243,0.261,-2102,,1,3.996,0.828,3,3844.587
2026-02-21T21:46:03.000Z,1771710363.000,32.633324311,-117.212126779,6.348,334.342,339.715,27.319,0.334,-2103,,1,4.742,3.12,3,3845.626
2026-02-21T21:46:04.000Z,1771710364.000,32.633348683,-117.212141158,5.711,337.816,336.948,23.18,10.521,-2104,,1,4.017,4.932,3,3845.98
2026-02-21T21:46:05.000Z,1771710365.000,32.633372618,-117.212155618,5.936,329.018,333.532,22.14,5.809,-2105,,1,4.763,6.651,3,3845.87
2026-02-21T21:46:06.000Z,1771710366.000,32.633397071,-117.212169651,5.8,333.866,336.032,28.11,0.615,-2106,,1,4.331,8.795,3,3846.279
2026-02-21T21:46:07.000Z,1771710367.000,32.633420768,-117.212184755,5.715,332.369,331.991,24.702,2.471,-2107,,1,4.357,10.423,3,3846.435
2026-02-21T21:46:08.000Z,1771710368.000,32.633446173,-117.212198415,6.068,334.44,333.715,26.742,2.038,-2108,,1,4.466,12.633,3,3846.967
2026-02-21T21:46:09.000Z,1771710369.000,32.633471052,-117.212210882,6.065,336.004,333.648,26.939,3.504,-2109,,1,4.337,14.721,3,3847.592
2026-02-21T21:46:10.000Z,1771710370.000,32.633495541,-117.212222333,5.8,338.263,336.403,29.86,0.86,-2110,,1,3.969,16.976,3,3848.658
2026-02-21T21:46:11.000Z,1771710371.000,32.633518821,-117.21223706,5.715,331.05,330.964,20.782,5.302,-2111,,1,4.395,18.489,3,3848.76
2026-02-21T21:46:12.000Z,1771710372.000,32.63354338,-117.212252297,6.055,332.764,330.813,23.163,-0.904,-2112,,1,4.525,20.438,3,3849.091
2026-02-21T21:46:13.000Z,1771710373.000,32.63356683,-117.212267914,5.424,326.857,332.55,20.218,1.904,-2113,,1,4.393,22.378,3,3849.311
2026-02-21T21:46:14.000Z,1771710374.000,32.633590297,-117.212282548,5.962,331.7,335.839,25.615,1.02,-2114,,1,4.504,24.447,3,3849.698
2026-02-21T21:46:15.000Z,1771710375.000,32.633615053,-117.212297972,6.1,331.865,337.387,27.687,3.495,-2115,,1,4.583,26.51,3,3849.922
2026-02-21T21:46:16.000Z,1771710376.000,32.633639241,-117.212313418,5.885,335.557,332.929,24.108,7.102,-2116,,1,4.15,28.156,3,3849.814
2026-02-21T21:46:17.000Z,1771710377.000,32.633665105,-117.212325481,5.79,340.086,336.517,27.283,6.447,-2117,,1,3.729,30.58,3,3850.519
2026-02-21T21:46:18.000Z,1771710378.000,32.633689953,-117.212336876,5.512,337.938,337.353,24.94,6.127,-2118,,1,3.691,32.758,3,3851.228
2026-02-21T21:46:19.000Z,1771710379.000,32.633715971,-117.212348469,6.073,334.788,337.569,26.378,5.814,-2119,,1,4.292,35.012,3,3851.649
2026-02-21T21:46:20.000Z,1771710380.000,32.633742017,-117.212361547,6.354,334.13,336.549,27.608,2.895,-2120,,1,4.526,37.142,3,3851.669
2026-02-21T21:46:21.000Z,1771710381.000,32.633769117,-117.212378171,6.645,329.8,332.354,25.364,1.344,-2121,,1,5.058,39.055,3,3851.383
2026-02-21T21:46:22.000Z,1771710382.000,32.633794194,-117.212395855,6.136,330.654,329.697,21.698,4.23,-2122,,1,4.598,40.808,3,3851.177
2026-02-21T21:46:23.000Z,1771710383.000,32.633818606,-117.212411472,5.54,328.211,329.188,22.729,0.516,-2123,,1,4.292,42.704,3,3851.737
2026-02-21T21:46:24.000Z,1771710384.000,32.633842375,-117.212426829,5.87,332.761,330.184,21.109,3.494,-2124,,1,4.226,44.642,3,3852.106
2026-02-21T21:46:25.000Z,1771710385.000,32.633866905,-117.212441181,5.533,329.335,332.762,25.367,2.559,-2125,,1,4.192,46.794,3,3852.665
2026-02-21T21:46:26.000Z,1771710386.000,32.63389017,-117.212456679,5.836,332.218,332.685,27.563,2.65,-2126,,1,4.212,48.605,3,3853.069
2026-02-21T21:46:27.000Z,1771710387.000,32.633912999,-117.212473635,5.826,325.618,332.677,25.256,5.99,-2127,,1,4.629,50.323,3,3853.095
2026-02-21T21:46:28.000Z,1771710388.000,32.633935512,-117.212491901,5.791,322.405,327.009,22.685,6.682,-2128,,1,4.783,51.595,3,3852.657
2026-02-21T21:46:29.000Z,1771710389.000,32.633958525,-117.212511607,5.643,321.632,323.111,19.15,2.825,-2129,,1,4.695,52.963,3,3852.23
2026-02-21T21:46:30.000Z,1771710390.000,32.633981647,-117.212530282,5.824,319.965,327.498,24.102,0.32,-2130,,1,4.926,54.95,3,3852.215
2026-02-21T21:46:31.000Z,1771710391.000,32.634004054,-117.212548994,6.2,328.771,328.508,23.617,0.054,-2131,,1,4.663,56.628,3,3852.353
2026-02-21T21:46:32.000Z,1771710392.000,32.634025612,-117.212567577,5.7,329.905,327.451,22.07,7.123,-2132,,1,4.201,58.087,3,3852.464
2026-02-21T21:46:33.000Z,1771710393.000,32.634046441,-117.212586556,5.63,320.135,322.909,17.735,7.291,-2133,,1,4.728,59.216,3,3852.669
2026-02-21T21:46:34.000Z,1771710394.000,32.634067119,-117.21260536,5.559,319.501,320.644,11.723,3.752,-2134,,1,4.694,60.486,3,3852.7
2026-02-21T21:46:35.000Z,1771710395.000,32.634087452,-117.212622512,5.362,331.428,320.454,7.677,5.153,-2135,,1,3.825,61.928,3,3852.802
2026-02-21T21:46:36.000Z,1771710396.000,32.634109359,-117.212637619,5.567,330.333,326.929,13.06,0.828,-2136,,1,4.03,64.071,3,3853.393
2026-02-21T21:46:37.000Z,1771710397.000,32.634131004,-117.21265469,5.9,324.253,331.294,16.926,3.204,-2137,,1,4.666,65.95,3,3853.605
2026-02-21T21:46:38.000Z,1771710398.000,32.634153756,-117.212671089,5.623,330.579,324.386,12.674,3.321,-2138,,1,4.03,67.222,3,3853.402
2026-02-21T21:46:39.000Z,1771710399.000,32.634177358,-117.212683899,5.775,338.153,334.667,19.672,0.665,-2139,,1,3.55,69.84,3,3854.479
2026-02-21T21:46:40.000Z,1771710400.000,32.634201255,-117.212696238,5.787,343.95,334.496,20.374,2.274,-2140,,1,3.059,71.827,3,3855.086
2026-02-21T21:46:41.000Z,1771710401.000,32.634224148,-117.212707262,5.37,336.648,337.053,22.824,2.927,-2141,,1,3.379,73.919,3,3856.14
2026-02-21T21:46:42.000Z,1771710402.000,32.634247659,-117.212719904,5.389,335.593,335.437,22.764,4.331,-2142,,1,3.452,75.771,3,3856.661
2026-02-21T21:46:43.000Z,1771710403.000,32.634269363,-117.212736125,5.375,323.2,331.223,18.001,6.502,-2143,,1,4.239,77.141,3,3856.505
2026-02-21T21:46:44.000Z,1771710404.000,32.634291042,-117.21275392,5.74,327.27,326.402,17.05,2.767,-2144,,1,4.254,78.394,3,3856.38
2026-02-21T21:46:45.000Z,1771710405.000,32.634313793,-117.212769308,5.721,330.348,330.347,22.197,1.411,-2145,,1,4.011,80.423,3,3856.821
2026-02-21T21:46:46.000Z,1771710406.000,32.634337705,-117.212784238,5.756,335.437,331.14,24.802,2.897,-2146,,1,3.639,82.377,3,3857.132
2026-02-21T21:46:47.000Z,1771710407.000,32.634360542,-117.212798037,5.675,330.481,333.251,24.621,0.889,-2147,,1,3.938,84.344,3,3857.797
2026-02-21T21:46:48.000Z,1771710408.000,32.634382651,-117.212817056,5.926,319.266,327.082,19.818,0.844,-2148,,1,4.854,85.513,3,3857.757
2026-02-21T21:46:49.000Z,1771710409.000,32.634404964,-117.212833866,6.138,330.446,328.261,20.772,1.703,-2149,,1,4.233,87.265,3,3858.188
2026-02-21T21:46:50.000Z,1771710410.000,32.634428261,-117.212849256,5.511,328.347,329.855,23.172,-1.396,-2150,,1,3.929,89.194,3,3858.469
2026-02-21T21:46:51.000Z,1771710411.000,32.634450924,-117.2128643,5.735,334.002,329.556,19.815,5.586,-2151,,1,3.656,90.945,3,3858.622
2026-02-21T21:46:52.000Z,1771710412.000,32.634473815,-117.212879897,5.739,328.874,327.174,18.707,2.34,-2152,,1,4.024,92.563,3,3858.503
2026-02-21T21:46:53.000Z,1771710413.000,32.634496621,-117.212893427,5.57,333.422,332.255,22.071,2.399,-2153,,1,3.56,94.733,3,3858.99
2026-02-21T21:46:54.000Z,1771710414.000,32.634520491,-117.212908823,5.979,323.45,332.193,21.498,1.61,-2154,,1,4.544,96.613,3,3859.157
2026-02-21T21:46:55.000Z,1771710415.000,32.634543221,-117.212924569,5.853,325.001,330.509,21.32,3.128,-2155,,1,4.329,98.259,3,3859.267
2026-02-21T21:46:56.000Z,1771710416.000,32.634566486,-117.212938522,5.638,334.822,330.932,22.866,1.483,-2156,,1,3.444,100.159,3,3859.787
2026-02-21T21:46:57.000Z,1771710417.000,32.634589735,-117.212952284,5.613,329.008,335.992,23.985,0.625,-2157,,1,3.843,102.349,3,3860.489
2026-02-21T21:46:58.000Z,1771710418.000,32.634612721,-117.212964299,5.669,339.386,336.742,28.498,1.749,-2158,,1,3.053,104.307,3,3860.785
2026-02-21T21:46:59.000Z,1771710419.000,32.634636791,-117.212978943,5.723,329.279,333.137,24.447,5.963,-2159,,1,3.864,106.021,3,3860.677
2026-02-21T21:47:00.000Z,1771710420.000,32.634661025,-117.212991938,5.975,336.001,332.913,26.734,1.289,-2160,,1,3.469,108.014,3,3860.997
2026-02-21T21:47:01.000Z,1771710421.000,32.634684086,-117.213007424,5.714,326.799,333.602,23.192,3.24,-2161,,1,4.001,109.853,3,3861.164
2026-02-21T21:47:02.000Z,1771710422.000,32.634707421,-117.213025956,6.285,324.29,331.49,22.686,1.192,-2162,,1,4.577,111.434,3,3860.987
2026-02-21T21:47:03.000Z,1771710423.000,32.634732698,-117.213045506,5.988,331.116,329.951,21.174,1.684,-2163,,1,3.822,113.209,3,3860.706
2026-02-21T21:47:04.000Z,1771710424.000,32.634756746,-117.21306115,5.762,334.394,326.057,8.417,13.603,-2164,,1,3.399,114.843,3,3860.568
2026-02-21T21:47:05.000Z,1771710425.000,32.634782006,-117.213072844,5.453,333.209,331.91,15.071,2.273,-2165,,1,3.284,117.386,3,3861.348
2026-02-21T21:47:06.000Z,1771710426.000,32.634806448,-117.213083678,5.9,341.755,335.238,16.704,3.289,-2166,,1,2.788,119.698,3,3862.283
2026-02-21T21:47:07.000Z,1771710427.000,32.634832229,-117.213093032,5.511,342.363,338.1,19.876,5.249,-2167,,1,2.527,122.164,3,3863.164
2026-02-21T21:47:08.000Z,1771710428.000,32.6348559,-117.213105399,5.624,332.05,337.467,21.283,5.695,-2168,,1,3.412,124.1,3,3863.679
2026-02-21T21:47:09.000Z,1771710429.000,32.634878929,-117.213121284,5.713,326.073,331.79,22.174,1.666,-2169,,1,3.904,125.534,3,3863.855
2026-02-21T21:47:10.000Z,1771710430.000,32.63490136,-117.21313523,5.277,336.992,331.88,20.719,4.204,-2170,,1,2.792,127.328,3,3864.306
2026-02-21T21:47:11.000Z,1771710431.000,32.634925462,-117.213147972,5.254,333.141,335.061,24.042,3.875,-2171,,1,3.052,129.528,3,3864.994
2026-02-21T21:47:12.000Z,1771710432.000,32.634947886,-117.213163737,5.776,324.62,332.699,24.004,2.714,-2172,,1,3.997,131.102,3,3865.298
2026-02-21T21:47:13.000Z,1771710433.000,32.63496988,-117.213182197,5.961,321.736,329.739,26.735,2.57,-2173,,1,4.321,132.494,3,3865.413
2026-02-21T21:47:14.000Z,1771710434.000,32.634990431,-117.213202531,6.1,317.559,322.074,20.26,0.869,-2174,,1,4.704,133.334,3,3865.041
2026-02-21T21:47:15.000Z,1771710435.000,32.635011855,-117.213222084,5.847,319.777,323.994,15.506,3.245,-2175,,1,4.344,134.949,3,3865.006
2026-02-21T21:47:16.000Z,1771710436.000,32.635033868,-117.21323751,5.765,330.335,326.737,15.907,6.036,-2176,,1,3.483,136.825,3,3865.56
2026-02-21T21:47:17.000Z,1771710437.000,32.635056299,-117.213252519,5.712,338.814,323.459,11.543,3.223,-2177,,1,2.722,138.351,3,3866.138
2026-02-21T21:47:18.000Z,1771710438.000,32.635078706,-117.213266737,5.646,328.3,330.254,16.526,1.508,-2178,,1,3.528,140.583,3,3867.08
2026-02-21T21:47:19.000Z,1771710439.000,32.63510106,-117.213283068,5.446,327.838,327.746,16.742,3.744,-2179,,1,3.419,142.113,3,3867.263
2026-02-21T21:47:20.000Z,1771710440.000,32.635124419,-117.213297664,6.13,325.307,333.514,21.909,-2.452,-2180,,1,4.031,144.342,3,3867.911
2026-02-21T21:47:21.000Z,1771710441.000,32.635147253,-117.213311598,6.039,340.373,334.881,19.209,7.362,-2181,,1,2.626,146.252,3,3868.246
2026-02-21T21:47:22.000Z,1771710442.000,32.635170619,-117.213324432,5.4,339.98,334.241,19.009,14,-2182,,1,2.358,148.14,3,3868.814
2026-02-21T21:47:23.000Z,1771710443.000,32.635194063,-117.213337817,5.477,327.606,335.481,25.35,1.401,-2183,,1,3.37,150.127,3,3869.353
2026-02-21T21:47:24.000Z,1771710444.000,32.635216741,-117.213352493,5.689,337.106,332.04,20.662,3.858,-2184,,1,2.69,151.703,3,3869.77
2026-02-21T21:47:25.000Z,1771710445.000,32.635238727,-117.213368103,5.7,328.248,330.525,18.198,3.45,-2185,,1,3.417,153.287,3,3870.201
2026-02-21T21:47:26.000Z,1771710446.000,32.635260331,-117.21338466,5.526,325.973,328.908,17.069,2.133,-2186,,1,3.466,154.79,3,3870.537
2026-02-21T21:47:27.000Z,1771710447.000,32.635282744,-117.213399914,5.77,330.99,330.902,18.929,1.146,-2187,,1,3.189,156.658,3,3871.195
2026-02-21T21:47:28.000Z,1771710448.000,32.635306678,-117.213416489,5.711,327.067,331.097,17.976,1.374,-2188,,1,3.451,158.515,3,3871.375
2026-02-21T21:47:29.000Z,1771710449.000,32.635331297,-117.213430736,5.724,335.627,331.897,17.925,2.002,-2189,,1,2.715,160.567,3,3871.726
2026-02-21T21:47:30.000Z,1771710450.000,32.635356262,-117.21344058,5.9,346.96,337.164,18.484,0.52,-2190,,1,1.689,163.083,3,3872.575
2026-02-21T21:47:31.000Z,1771710451.000,32.635381489,-117.213448636,6.024,344.932,344.456,24.249,1.964,-2191,,1,1.893,165.766,3,3873.739
2026-02-21T21:47:32.000Z,1771710452.000,32.635406897,-117.213459838,5.889,338.026,339.815,21.803,7.386,-2192,,1,2.481,167.716,3,3874.044
2026-02-21T21:47:33.000Z,1771710453.000,32.635432285,-117.213471976,6.088,333.076,335.859,24.998,0.409,-2193,,1,3.003,169.645,3,3874.37
2026-02-21T21:47:34.000Z,1771710454.000,32.635456816,-117.21348458,6.049,341.171,337.545,26.351,-0.836,-2194,,1,2.182,171.795,3,3874.898
2026-02-21T21:47:35.000Z,1771710455.000,32.635480475,-117.213499105,5.6,333.174,335.71,27.121,2.962,-2195,,1,2.702,173.581,3,3874.899
2026-02-21T21:47:36.000Z,1771710456.000,32.635505051,-117.213515408,6,327.402,333.022,26.222,2.469,-2196,,1,3.382,175.339,3,3874.726
2026-02-21T21:47:37.000Z,1771710457.000,32.635527782,-117.213533218,5.812,326.576,330.91,22.988,1.772,-2197,,1,3.321,176.884,3,3874.622
2026-02-21T21:47:38.000Z,1771710458.000,32.635550421,-117.213548912,5.775,333.475,329.231,21.526,0.602,-2198,,1,2.682,178.52,3,3874.603
2026-02-21T21:47:39.000Z,1771710459.000,32.635573905,-117.2135632,6.059,334.697,334.581,23.965,0.808,-2199,,1,2.667,180.74,3,3875.062
2026-02-21T21:47:40.000Z,1771710460.000,32.635598026,-117.213577295,5.83,339.325,333.532,22.763,5.999,-2200,,1,2.106,182.632,3,3875.183
2026-02-21T21:47:41.000Z,1771710461.000,32.635624412,-117.213589161,5.976,339.542,336.366,28.537,-0.429,-2201,,1,2.101,185.072,3,3875.7
2026-02-21T21:47:42.000Z,1771710462.000,32.635649138,-117.21360515,6.338,329.375,332.724,24.699,3.85,-2202,,1,3.211,186.798,3,3875.638
2026-02-21T21:47:43.000Z,1771710463.000,32.635673479,-117.213621074,6.1,329.447,329.994,26.256,-1.51,-2203,,1,3.055,188.537,3,3875.583
2026-02-21T21:47:44.000Z,1771710464.000,32.635696048,-117.213637766,5.685,333.658,328.993,22.006,6.33,-2204,,1,2.451,190.172,3,3875.773
2026-02-21T21:47:45.000Z,1771710465.000,32.635719057,-117.213655752,5.659,320.326,325.346,22.027,-0.053,-2205,,1,3.529,191.627,3,3875.414
2026-02-21T21:47:46.000Z,1771710466.000,32.635740453,-117.213675492,6,322.116,324.861,21.38,1.843,-2206,,1,3.569,193.065,3,3875.044
2026-02-21T21:47:47.000Z,1771710467.000,32.635761199,-117.213698012,6.128,313.808,321.585,18.647,0.514,-2207,,1,4.298,194.138,3,3874.599
2026-02-21T21:47:48.000Z,1771710468.000,32.635781986,-117.213719266,6.068,319.796,322.176,20.615,2.256,-2208,,1,3.757,195.531,3,3874.306
2026-02-21T21:47:49.000Z,1771710469.000,32.635803921,-117.213740932,5.823,321.395,316.913,16.039,2.569,-2209,,1,3.453,196.606,3,3873.727
2026-02-21T21:47:50.000Z,1771710470.000,32.635826165,-117.213757624,5.8,331.123,324.227,18.941,5.039,-2210,,1,2.569,198.799,3,3874.236
2026-02-21T21:47:51.000Z,1771710471.000,32.635848673,-117.213775151,5.7,326.642,326.114,19.95,5.016,-2211,,1,2.887,200.595,3,3874.117
2026-02-21T21:47:52.000Z,1771710472.000,32.63587052,-117.213795809,6.163,321.518,321.749,17.121,2.624,-2212,,1,3.559,201.769,3,3873.426
2026-02-21T21:47:53.000Z,1771710473.000,32.635892637,-117.213815855,5.447,320.978,321.006,20.979,0.313,-2213,,1,3.162,203.253,3,3872.846
2026-02-21T21:47:54.000Z,1771710474.000,32.635914097,-117.213833165,5.636,324.893,324.712,23.037,2.303,-2214,,1,2.923,205.08,3,3872.697
2026-02-21T21:47:55.000Z,1771710475.000,32.63593322,-117.213852992,5.487,316.775,318.458,13.853,3.443,-2215,,1,3.461,205.869,3,3872.225
2026-02-21T21:47:56.000Z,1771710476.000,32.63595414,-117.213871582,5.918,327.03,322.462,15.884,2.432,-2216,,1,2.826,207.621,3,3872.091
2026-02-21T21:47:57.000Z,1771710477.000,32.635976706,-117.213889837,5.862,321.877,323.442,19.15,6.736,-2217,,1,3.221,209.334,3,3872.023
2026-02-21T21:47:58.000Z,1771710478.000,32.6360001,-117.213909351,6.3,322.421,325.417,27.487,0.225,-2218,,1,3.378,211.154,3,3871.712
2026-02-21T21:47:59.000Z,1771710479.000,32.6360207,-117.213929763,6.125,318.613,321.444,20.453,2.134,-2219,,1,3.595,212.241,3,3871.226
2026-02-21T21:48:00.000Z,1771710480.000,32.63604169,-117.213950677,6.308,315.045,325.862,21.922,0.403,-2220,,1,3.984,213.935,3,3871.067
2026-02-21T21:48:01.000Z,1771710481.000,32.6360622,-117.213971992,5.915,321.502,323.069,15.899,12.248,-2221,,1,3.17,215.063,3,3870.657
2026-02-21T21:48:02.000Z,1771710482.000,32.636086061,-117.21399286,6.211,322.287,323.734,20.708,2.741,-2222,,1,3.221,216.791,3,3870.502
2026-02-21T21:48:03.000Z,1771710483.000,32.636108742,-117.214013,5.885,322.115,321.785,14.634,5.401,-2223,,1,3.037,218.241,3,3870.543
2026-02-21T21:48:04.000Z,1771710484.000,32.636131483,-117.214033278,6.2,322.225,321.893,13.013,0.227,-2224,,1,3.157,219.835,3,3870.375
2026-02-21T21:48:05.000Z,1771710485.000,32.636152932,-117.214050431,5.7,331.663,321.977,5.914,2.827,-2225,,1,2.027,221.414,3,3870.561
2026-02-21T21:48:06.000Z,1771710486.000,32.636175238,-117.214063883,5.033,332.126,324.817,6.566,-0.476,-2226,,1,1.722,223.406,3,3871.078
2026-02-21T21:48:07.000Z,1771710487.000,32.636196977,-117.214074714,5.213,339.587,332.634,10.141,3.791,-2227,,1,1.1,225.751,3,3871.942
2026-02-21T21:48:08.000Z,1771710488.000,32.636219856,-117.214085427,5.447,339.645,338.468,20.025,2.123,-2228,,1,1.11,228.048,3,3872.791
2026-02-21T21:48:09.000Z,1771710489.000,32.636242138,-117.214098608,5.453,338.045,337.823,24.397,6.41,-2229,,1,1.228,229.814,3,3873.107
2026-02-21T21:48:10.000Z,1771710490.000,32.636265646,-117.214116364,6.167,323.367,332.159,24.754,-0.765,-2230,,1,2.831,231.23,3,3872.863
2026-02-21T21:48:11.000Z,1771710491.000,32.636288647,-117.21413481,5.825,326.337,330.828,22.884,3.714,-2231,,1,2.368,232.83,3,3872.998
2026-02-21T21:48:12.000Z,1771710492.000,32.636311361,-117.214152471,5.838,330.227,329.907,20.804,1.424,-2232,,1,1.972,234.451,3,3873.114
2026-02-21T21:48:13.000Z,1771710493.000,32.63633376,-117.214169833,5.884,326.205,326.853,15.93,6.352,-2233,,1,2.338,235.91,3,3873.279
2026-02-21T21:48:14.000Z,1771710494.000,32.636356967,-117.214186099,5.646,328.166,327.872,18.555,-1.071,-2234,,1,2.029,237.761,3,3873.68
2026-02-21T21:48:15.000Z,1771710495.000,32.636378481,-117.214201841,5.323,328.401,326.3,11.069,6.501,-2235,,1,1.863,239.283,3,3874.101
2026-02-21T21:48:16.000Z,1771710496.000,32.636401,-117.214216488,5.913,322.973,329.966,18.31,-1.492,-2236,,1,2.548,241.298,3,3874.746
2026-02-21T21:48:17.000Z,1771710497.000,32.636422956,-117.214231765,6.059,330.119,326.754,11.925,9.615,-2237,,1,1.876,242.775,3,3875.104
2026-02-21T21:48:18.000Z,1771710498.000,32.63644763,-117.214242749,5.676,339.742,330.708,21.423,-0.692,-2238,,1,0.791,245.162,3,3875.859
2026-02-21T21:48:19.000Z,1771710499.000,32.636471342,-117.214255538,5.766,337.463,334.932,21.958,3.267,-2239,,1,0.991,247.384,3,3876.644
2026-02-21T21:48:20.000Z,1771710500.000,32.636494795,-117.214270014,5.825,328.747,333.904,24.94,2.204,-2240,,1,1.822,249.197,3,3876.932
2026-02-21T21:48:21.000Z,1771710501.000,32.636518295,-117.21428623,5.887,329.999,332.031,24.935,3.288,-2241,,1,1.681,250.894,3,3877.414
2026-02-21T21:48:22.000Z,1771710502.000,32.636540867,-117.214304486,5.985,322.462,328.884,23.6,3.769,-2242,,1,2.411,252.337,3,3877.737
2026-02-21T21:48:23.000Z,1771710503.000,32.636563141,-117.214326196,6,316.908,323.007,19.318,2.16,-2243,,1,2.903,253.425,3,3877.621
2026-02-21T21:48:24.000Z,1771710504.000,32.636584715,-117.214345307,6.064,318.794,324.853,17.663,0.131,-2244,,1,2.721,255.065,3,3877.84
2026-02-21T21:48:25.000Z,1771710505.000,32.636604843,-117.214364616,5.294,313.774,317.839,4.085,7.157,-2245,,1,2.755,255.922,3,3877.787
2026-02-21T21:48:26.000Z,1771710506.000,32.636627172,-117.214381275,5.724,327.57,322.401,9.566,-1.863,-2246,,1,1.688,257.929,3,3878.184
2026-02-21T21:48:27.000Z,1771710507.000,32.63664912,-117.214396552,5.405,330.258,327.009,8.144,6.786,-2247,,1,1.314,259.936,3,3878.922
2026-02-21T21:48:28.000Z,1771710508.000,32.63667196,-117.214409386,5.248,333.383,330.416,18.186,1.542,-2248,,1,0.962,262.032,3,3879.575
2026-02-21T21:48:29.000Z,1771710509.000,32.636695909,-117.21442373,6.269,330.585,335.535,24.643,-1.687,-2249,,1,1.404,264.276,3,3880.386
2026-02-21T21:48:30.000Z,1771710510.000,32.636719453,-117.214438762,5.924,335.546,331.483,17.939,10.524,-2250,,1,0.782,265.89,3,3880.624
2026-02-21T21:48:31.000Z,1771710511.000,32.636743139,-117.214453451,5.707,328.592,329.834,20.629,3.28,-2251,,1,1.394,267.673,3,3880.924
2026-02-21T21:48:32.000Z,1771710512.000,32.636765207,-117.214467487,5.449,329.374,331.304,21.439,0.01,-2252,,1,1.224,269.515,3,3881.331
2026-02-21T21:48:33.000Z,1771710513.000,32.636786065,-117.214483273,5.4,317.225,325.721,10.332,7.806,-2253,,1,2.263,270.707,3,3881.496
2026-02-21T21:48:34.000Z,1771710514.000,32.636808564,-117.21449843,5.414,324.259,328.685,14.032,1.173,-2254,,1,1.613,272.657,3,3882.257
2026-02-21T21:48:35.000Z,1771710515.000,32.636831325,-117.214514012,5.591,331.752,328.595,14.95,2.261,-2255,,1,0.918,274.412,3,3882.897
2026-02-21T21:48:36.000Z,1771710516.000,32.636855942,-117.214527504,5.7,337.531,332.862,19.874,-1.835,-2256,,1,0.323,276.714,3,3883.718
2026-02-21T21:48:37.000Z,1771710517.000,32.636879706,-117.214540409,5.6,334.249,335.347,19.903,9.551,-2257,,1,0.597,278.827,3,3884.385
2026-02-21T21:48:38.000Z,1771710518.000,32.636903471,-117.214554487,5.886,333.278,334.772,23.659,2.082,-2258,,1,0.685,280.713,3,3885.01
2026-02-21T21:48:39.000Z,1771710519.000,32.636927721,-117.214569837,6.085,326.83,332.229,25.344,3.312,-2259,,1,1.339,282.479,3,3885.175
2026-02-21T21:48:40.000Z,1771710520.000,32.636953121,-117.214584651,6,338.001,331.357,27.801,-1.606,-2260,,1,0.116,284.485,3,3885.58
2026-02-21T21:48:41.000Z,1771710521.000,32.636975367,-117.214600291,5.548,328.296,331.2,16.281,4.321,-2261,,1,1.003,286.181,3,3886.097
2026-02-21T21:48:42.000Z,1771710522.000,32.636998727,-117.214615464,6.296,332.938,330.977,13.344,1.828,-2262,,1,0.589,288.006,3,3886.502
2026-02-21T21:48:43.000Z,1771710523.000,32.637023225,-117.214628416,6.031,337.861,334.399,17.009,7.105,-2263,,1,0.002,290.254,3,3887.322
2026-02-21T21:48:44.000Z,1771710524.000,32.637049165,-117.214640727,5.879,334.897,336.599,24.207,-0.349,-2264,,1,0.262,292.593,3,3887.937
2026-02-21T21:48:45.000Z,1771710525.000,32.637072697,-117.214655416,6.017,331.152,333.394,19.866,0.16,-2265,,1,0.617,294.273,3,3888.015
2026-02-21T21:48:46.000Z,1771710526.000,32.637097259,-117.21466873,6.025,337.35,338.774,25.869,2.988,-2266,,1,-0.077,296.616,3,3888.561
2026-02-21T21:48:47.000Z,1771710527.000,32.63712134,-117.214683686,5.531,339.097,332.763,21.402,6.718,-2267,,1,-0.28,298.184,3,3888.813
2026-02-21T21:48:48.000Z,1771710528.000,32.637147269,-117.214694873,5.954,336.22,337.612,25.152,1.417,-2268,,1,-0.047,300.722,3,3889.887
2026-02-21T21:48:49.000Z,1771710529.000,32.637172991,-117.214707238,5.788,340.594,336.712,25.895,1.477,-2269,,1,-0.53,302.851,3,3890.535
2026-02-21T21:48:50.000Z,1771710530.000,32.63719849,-117.21472016,5.561,337.781,336.883,24.648,2.847,-2270,,1,-0.279,305.001,3,3890.904
2026-02-21T21:48:51.000Z,1771710531.000,32.637223358,-117.214736339,6.2,328.526,333.792,25.056,3.026,-2271,,1,0.642,306.771,3,3891.217
2026-02-21T21:48:52.000Z,1771710532.000,32.637247802,-117.214754541,6.216,327.239,329.408,24.84,2.296,-2272,,1,0.734,308.333,3,3891.287
2026-02-21T21:48:53.000Z,1771710533.000,32.637271984,-117.214772133,6.1,330.121,327.559,19.964,5.607,-2273,,1,0.368,310.045,3,3891.516
2026-02-21T21:48:54.000Z,1771710534.000,32.637294838,-117.214789935,6.2,322.437,327.49,15.054,2.59,-2274,,1,1.154,311.73,3,3892.07
2026-02-21T21:48:55.000Z,1771710535.000,32.637318153,-117.214806807,5.853,328.847,323.766,9.078,5.502,-2275,,1,0.398,313.248,3,3892.534
2026-02-21T21:48:56.000Z,1771710536.000,32.637343504,-117.214818932,5.97,338.234,333.486,19.06,1.675,-2276,,1,-0.616,316.04,3,3893.548
2026-02-21T21:48:57.000Z,1771710537.000,32.637368628,-117.214834811,6.189,336.1,334.897,17.379,6.632,-2277,,1,-0.457,318.12,3,3894.024
2026-02-21T21:48:58.000Z,1771710538.000,32.637394206,-117.214850739,6.303,331.704,330.68,24.969,0.358,-2278,,1,-0.032,319.895,3,3894.2
2026-02-21T21:48:59.000Z,1771710539.000,32.637418468,-117.214865736,5.936,334.115,330.703,22.431,-1.137,-2279,,1,-0.324,321.834,3,3894.533
2026-02-21T21:49:00.000Z,1771710540.000,32.637442845,-117.214880499,6.239,328.491,331.942,19.835,6.408,-2280,,1,0.225,323.87,3,3894.855
2026-02-21T21:49:01.000Z,1771710541.000,32.637467753,-117.214895105,5.654,336.736,330.129,24.843,1.986,-2281,,1,-0.65,325.772,3,3895.017
2026-02-21T21:49:02.000Z,1771710542.000,32.637491147,-117.214908594,6.153,325.987,333.394,24.096,-0.276,-2282,,1,0.401,327.881,3,3895.481
2026-02-21T21:49:03.000Z,1771710543.000,32.637514115,-117.21492398,5.787,329.01,332.211,22.216,7.439,-2283,,1,0.031,329.598,3,3895.604
2026-02-21T21:49:04.000Z,1771710544.000,32.637536696,-117.214939987,5.585,325.382,325.339,20.971,2.746,-2284,,1,0.343,330.874,3,3895.519
2026-02-21T21:49:05.000Z,1771710545.000,32.637558848,-117.214955257,5.77,329.521,326.919,21.627,0.073,-2285,,1,-0.102,332.692,3,3895.663
2026-02-21T21:49:06.000Z,1771710546.000,32.637581811,-117.214972509,6.019,319.853,331.798,20.449,4.4,-2286,,1,0.862,334.733,3,3895.657
2026-02-21T21:49:07.000Z,1771710547.000,32.637603365,-117.21499224,5.837,322.374,327.412,20.014,1.744,-2287,,1,0.538,335.934,3,3895.197
2026-02-21T21:49:08.000Z,1771710548.000,32.637624792,-117.215009952,6.093,328.4,324.451,16.061,2.57,-2288,,1,-0.122,337.28,3,3895.123
2026-02-21T21:49:09.000Z,1771710549.000,32.637648257,-117.215025696,5.985,331.83,331.472,18.47,0.529,-2289,,1,-0.521,339.574,3,3895.397
2026-02-21T21:49:10.000Z,1771710550.000,32.63767356,-117.215041279,6.134,331.454,331.955,22.67,3.852,-2290,,1,-0.541,341.627,3,3895.22
2026-02-21T21:49:11.000Z,1771710551.000,32.637697573,-117.215055541,5.485,331.942,330.426,23.54,0.347,-2291,,1,-0.57,343.467,3,3895.042
2026-02-21T21:49:12.000Z,1771710552.000,32.637717128,-117.215072783,5.147,318.346,325.164,18.224,4.526,-2292,,1,0.65,344.49,3,3894.732
2026-02-21T21:49:13.000Z,1771710553.000,32.637729207,-117.21509589,5.285,289.354,301.76,11.776,-0.526,-2293,,1,3.104,343.116,3,3893.833
2026-02-21T21:49:14.000Z,1771710554.000,32.637731244,-117.215121297,4.455,265.765,279.507,-6.252,2.219,-2294,,1,3.838,340.608,3,3893.519
2026-02-21T21:49:15.000Z,1771710555.000,32.637727464,-117.215144228,4.364,248.872,258.126,-1.851,2.457,-2295,,1,4.242,337.813,3,3894.725
2026-02-21T21:49:16.000Z,1771710556.000,32.637716098,-117.215165706,4.6,232.109,247.415,-17.076,3.077,-2296,,1,4.592,335.198,3,3896.362
2026-02-21T21:49:17.000Z,1771710557.000,32.63770248,-117.21518876,5.57,238.876,253.59,-28.232,3.706,-2297,,1,5.559,333.332,3,3897.196
2026-02-21T21:49:18.000Z,1771710558.000,32.637691423,-117.215215037,5.433,246.447,258.826,-24.854,2.929,-2298,,1,5.329,331.58,3,3897.145
2026-02-21T21:49:19.000Z,1771710559.000,32.637683727,-117.215241632,5.34,249.503,260.823,-22.645,1.216,-2299,,1,5.173,329.957,3,3897.349
2026-02-21T21:49:20.000Z,1771710560.000,32.637677594,-117.215268327,4.961,255.949,262.624,-15.112,0.237,-2300,,1,4.632,328.48,3,3897.632
2026-02-21T21:49:21.000Z,1771710561.000,32.637669899,-117.215295211,5.463,249.778,261.664,-14.947,-0.837,-2301,,1,5.28,326.644,3,3897.958
2026-02-21T21:49:22.000Z,1771710562.000,32.637660388,-117.215324081,6.036,243.407,257.835,-10.848,7.207,-2302,,1,5.968,324.356,3,3898.041
2026-02-21T21:49:23.000Z,1771710563.000,32.637647729,-117.215353966,6.124,244.424,254.583,-15.971,2.695,-2303,,1,6.038,321.757,3,3898.647
2026-02-21T21:49:24.000Z,1771710564.000,32.637633226,-117.215385051,6.827,236.309,250.67,-22.647,1.677,-2304,,1,6.824,318.896,3,3899.161
2026-02-21T21:49:25.000Z,1771710565.000,32.637616208,-117.215414791,6.6,235.099,251.318,-29.546,1.826,-2305,,1,6.6,316.107,3,3899.823
2026-02-21T21:49:26.000Z,1771710566.000,32.637601436,-117.215446547,6.561,241.276,254.967,-30.774,3.608,-2306,,1,6.517,313.662,3,3899.746
2026-02-21T21:49:27.000Z,1771710567.000,32.637588342,-117.215480818,6.279,250.137,257.012,-30.393,1.258,-2307,,1,6.047,311.203,3,3899.141
2026-02-21T21:49:28.000Z,1771710568.000,32.63757681,-117.215514281,6.661,247.174,258.589,-28.435,3.095,-2308,,1,6.496,308.906,3,3898.955
2026-02-21T21:49:29.000Z,1771710569.000,32.637567739,-117.215547139,6.672,251.747,259.207,-27.743,-0.75,-2309,,1,6.363,306.819,3,3898.594
2026-02-21T21:49:30.000Z,1771710570.000,32.637558094,-117.215581352,7.063,249.427,259.083,-24.235,2.226,-2310,,1,6.81,304.574,3,3897.968
2026-02-21T21:49:31.000Z,1771710571.000,32.637546974,-117.215617069,6.823,249.476,258.274,-22.71,4.809,-2311,,1,6.573,302.078,3,3897.405
2026-02-21T21:49:32.000Z,1771710572.000,32.637535929,-117.215652664,7.049,250.548,252.859,-18.93,2.593,-2312,,1,6.751,299.299,3,3897.287
2026-02-21T21:49:33.000Z,1771710573.000,32.637523146,-117.215686044,6.574,244.707,252.26,-17.427,1.863,-2313,,1,6.453,296.734,3,3896.999
2026-02-21T21:49:34.000Z,1771710574.000,32.63750876,-117.215718251,6.869,240.39,253.288,-23.744,0.873,-2314,,1,6.822,294.149,3,3897.077
2026-02-21T21:49:35.000Z,1771710575.000,32.637495662,-117.215752397,6.711,246.03,252.077,-17.977,1.067,-2315,,1,6.551,291.488,3,3897.067
2026-02-21T21:49:36.000Z,1771710576.000,32.637481471,-117.215783918,6.612,241.047,251.766,-21.098,1.161,-2316,,1,6.554,288.864,3,3897.015
2026-02-21T21:49:37.000Z,1771710577.000,32.637467134,-117.215814778,6.636,244.84,253.995,-24.985,1.351,-2317,,1,6.503,286.408,3,3896.72
2026-02-21T21:49:38.000Z,1771710578.000,32.637454658,-117.215845674,6.261,245.217,253.902,-23.347,2.521,-2318,,1,6.124,283.996,3,3896.413
2026-02-21T21:49:39.000Z,1771710579.000,32.637442081,-117.215877639,6.7,246.068,254.512,-21.639,2.299,-2319,,1,6.529,281.58,3,3896.289
2026-02-21T21:49:40.000Z,1771710580.000,32.637429054,-117.215911678,6.394,244.707,250.419,-16.234,3.793,-2320,,1,6.262,278.752,3,3896.607
2026-02-21T21:49:41.000Z,1771710581.000,32.637415212,-117.215944162,6.865,243.883,249.69,-17.741,0.671,-2321,,1,6.74,276.105,3,3896.687
2026-02-21T21:49:42.000Z,1771710582.000,32.637400457,-117.215975641,6.754,238.977,247.514,-15.577,6.827,-2322,,1,6.716,273.319,3,3897.26
2026-02-21T21:49:43.000Z,1771710583.000,32.637383973,-117.216007654,6.846,240.029,251.299,-22.811,0.62,-2323,,1,6.791,270.685,3,3897.544
2026-02-21T21:49:44.000Z,1771710584.000,32.637368871,-117.216041903,7.177,242.975,254.233,-18.142,-0.264,-2324,,1,7.059,268.07,3,3897.721
2026-02-21T21:49:45.000Z,1771710585.000,32.637355264,-117.216073484,6.45,239.55,252.913,-17.909,6.604,-2325,,1,6.401,265.442,3,3897.965
2026-02-21T21:49:46.000Z,1771710586.000,32.63734078,-117.216103822,6.049,240.4,253.933,-23.624,3.344,-2326,,1,5.99,262.915,3,3898.262
2026-02-21T21:49:47.000Z,1771710587.000,32.637327473,-117.216135337,6.376,245.992,254.587,-24.758,2.082,-2327,,1,6.194,260.444,3,3898.54
2026-02-21T21:49:48.000Z,1771710588.000,32.637315741,-117.216169232,6.678,251.007,256.694,-24.055,-0.172,-2328,,1,6.317,258.141,3,3898.542
2026-02-21T21:49:49.000Z,1771710589.000,32.63730433,-117.216202019,6.576,248.427,260.523,-25.987,1.162,-2329,,1,6.302,256.032,3,3898.383
2026-02-21T21:49:50.000Z,1771710590.000,32.637295223,-117.216236543,6.986,252.755,257.515,-19.34,2.741,-2330,,1,6.518,253.637,3,3898.589
2026-02-21T21:49:51.000Z,1771710591.000,32.637284176,-117.216270503,6.925,247.343,253.046,-20.439,0.625,-2331,,1,6.662,250.981,3,3898.789
2026-02-21T21:49:52.000Z,1771710592.000,32.637270552,-117.216304607,6.978,244.366,251.975,-18.319,5.374,-2332,,1,6.799,248.273,3,3898.438
2026-02-21T21:49:53.000Z,1771710593.000,32.637255209,-117.216337212,7.276,240.936,254.364,-26.427,1.539,-2333,,1,7.171,245.661,3,3898.666
2026-02-21T21:49:54.000Z,1771710594.000,32.637242522,-117.216369131,6.674,243.862,256.491,-28.093,2.32,-2334,,1,6.507,243.334,3,3898.846
2026-02-21T21:49:55.000Z,1771710595.000,32.637231656,-117.216402477,6.546,248.945,261.641,-26.933,-0.399,-2335,,1,6.218,241.351,3,3898.634
2026-02-21T21:49:56.000Z,1771710596.000,32.637222547,-117.21643511,6.131,249.953,258.072,-20.093,5.659,-2336,,1,5.782,238.984,3,3898.718
2026-02-21T21:49:57.000Z,1771710597.000,32.63721086,-117.21646767,6.258,243.505,253.913,-19.531,2.884,-2337,,1,6.095,236.33,3,3899.291
2026-02-21T21:49:58.000Z,1771710598.000,32.637198491,-117.216498035,6.163,242.136,255.171,-22.983,0.376,-2338,,1,6.03,234.034,3,3900.269
2026-02-21T21:49:59.000Z,1771710599.000,32.637186801,-117.216529045,6.647,243.267,255.036,-21.888,4.574,-2339,,1,6.47,231.697,3,3901.278
2026-02-21T21:50:00.000Z,1771710600.000,32.637174573,-117.216560867,6.315,246.643,256.375,-21.439,1.701,-2340,,1,6.045,229.37,3,3901.012
2026-02-21T21:50:01.000Z,1771710601.000,32.637162209,-117.216592813,6.267,245.325,257.681,-18.502,4.805,-2341,,1,6.033,227.023,3,3900.302
2026-02-21T21:50:02.000Z,1771710602.000,32.637149889,-117.216624202,6.914,245.637,255.675,-21.225,4.206,-2342,,1,6.639,224.485,3,3899.756
2026-02-21T21:50:03.000Z,1771710603.000,32.637137704,-117.216655992,6.413,244.99,252.812,-18.471,3.253,-2343,,1,6.173,221.896,3,3899.063
2026-02-21T21:50:04.000Z,1771710604.000,32.637123949,-117.216687591,7.302,244.107,252.126,-20.131,-1.498,-2344,,1,7.053,219.292,3,3899.406
2026-02-21T21:50:05.000Z,1771710605.000,32.637108665,-117.216718128,6.51,232.874,249.531,-25.08,1.101,-2345,,1,6.495,216.456,3,3899.559
2026-02-21T21:50:06.000Z,1771710606.000,32.63709272,-117.216748279,6.576,238.029,247.59,-21.269,7.057,-2346,,1,6.493,213.61,3,3899.848
2026-02-21T21:50:07.000Z,1771710607.000,32.6370741,-117.216777229,6.352,233.706,246.957,-26.342,1.708,-2347,,1,6.329,210.61,3,3900.084
2026-02-21T21:50:08.000Z,1771710608.000,32.637056041,-117.2168066,6.5,237.508,248.989,-25.495,3.04,-2348,,1,6.424,207.806,3,3899.877
2026-02-21T21:50:09.000Z,1771710609.000,32.637040198,-117.216837284,6.615,240.261,250.864,-26.546,3.004,-2349,,1,6.478,205.175,3,3899.182
2026-02-21T21:50:10.000Z,1771710610.000,32.637026982,-117.216869341,6.047,247.701,255.827,-25.699,1.156,-2350,,1,5.702,202.962,3,3898.03
2026-02-21T21:50:11.000Z,1771710611.000,32.637016859,-117.216902121,6.336,248.928,259.653,-21.374,-0.405,-2351,,1,5.914,200.982,3,3897.541
2026-02-21T21:50:12.000Z,1771710612.000,32.637006547,-117.216935358,6.5,248.147,261.746,-24.122,-0.482,-2352,,1,6.083,198.857,3,3896.911
2026-02-21T21:50:13.000Z,1771710613.000,32.636995968,-117.216969849,6.915,249.383,259.023,-27.983,1.148,-2353,,1,6.404,196.329,3,3896.436
2026-02-21T21:50:14.000Z,1771710614.000,32.636984621,-117.217004093,6.244,244.532,256.665,-19.675,5.86,-2354,,1,5.952,193.76,3,3896.146
2026-02-21T21:50:15.000Z,1771710615.000,32.63697215,-117.2170352,6.15,244.687,254.849,-20.231,2.694,-2355,,1,5.849,191.23,3,3896.467
2026-02-21T21:50:16.000Z,1771710616.000,32.636959916,-117.217066587,6.52,247.067,255.284,-20.753,0.717,-2356,,1,6.1,188.86,3,3896.299
2026-02-21T21:50:17.000Z,1771710617.000,32.636948701,-117.217099113,6.669,249.184,256.743,-21.647,4.16,-2357,,1,6.132,186.619,3,3896.136
2026-02-21T21:50:18.000Z,1771710618.000,32.636937567,-117.217135006,6.711,251.008,257.189,-15.088,2.766,-2358,,1,6.062,184.198,3,3895.643
2026-02-21T21:50:19.000Z,1771710619.000,32.636924715,-117.217170221,7.276,244.817,255.307,-22.758,2.783,-2359,,1,6.857,181.474,3,3895.299
2026-02-21T21:50:20.000Z,1771710620.000,32.636911431,-117.217204667,6.837,242.588,255.061,-24.45,2.947,-2360,,1,6.514,178.841,3,3894.793
2026-02-21T21:50:21.000Z,1771710621.000,32.636897414,-117.217238398,6.94,240.653,250.519,-24.187,2.872,-2361,,1,6.672,175.893,3,3895.202
2026-02-21T21:50:22.000Z,1771710622.000,32.636880089,-117.217269762,7.146,238.523,250.886,-32.975,0.414,-2362,,1,6.931,172.996,3,3895.915
2026-02-21T21:50:23.000Z,1771710623.000,32.636863138,-117.217301693,6.888,241.749,251.357,-32.163,1.567,-2363,,1,6.567,170.123,3,3895.826
2026-02-21T21:50:24.000Z,1771710624.000,32.636845867,-117.217331706,6.827,234.661,249.85,-32.64,-0.261,-2364,,1,6.709,167.169,3,3896.052
2026-02-21T21:50:25.000Z,1771710625.000,32.636828477,-117.217362373,6.626,235.118,248.95,-30.492,2.268,-2365,,1,6.497,164.216,3,3896.294
2026-02-21T21:50:26.000Z,1771710626.000,32.636810368,-117.217394946,7.254,238.214,248.846,-28.909,0.458,-2366,,1,7.017,161.166,3,3896.131
2026-02-21T21:50:27.000Z,1771710627.000,32.636791421,-117.217427784,7.033,233.112,246.046,-27.689,0.854,-2367,,1,6.93,157.868,3,3896.579
2026-02-21T21:50:28.000Z,1771710628.000,32.636773558,-117.217459283,7.051,237.622,245.12,-25.044,-0.702,-2368,,1,6.824,154.839,3,3896.896
2026-02-21T21:50:29.000Z,1771710629.000,32.636754185,-117.217489534,7,232.443,244.742,-27.314,0.462,-2369,,1,6.902,151.73,3,3897.605
2026-02-21T21:50:30.000Z,1771710630.000,32.636734875,-117.217520856,7.169,233.431,245.846,-26.254,2.675,-2370,,1,7.041,148.67,3,3898.728
2026-02-21T21:50:31.000Z,1771710631.000,32.636714864,-117.217554272,7.221,236.352,245.093,-26.362,2.316,-2371,,1,7.005,145.36,3,3898.432
2026-02-21T21:50:32.000Z,1771710632.000,32.636696971,-117.217587029,7.035,236.212,243.141,-22.203,4.296,-2372,,1,6.82,142.228,3,3897.564
2026-02-21T21:50:33.000Z,1771710633.000,32.63667886,-117.217618249,6.497,234.149,242.954,-19.978,1.944,-2373,,1,6.344,139.224,3,3896.874
2026-02-21T21:50:34.000Z,1771710634.000,32.636661357,-117.217646548,6.4,233.911,239.669,-16.135,0.046,-2374,,1,6.251,136.233,3,3896.629
2026-02-21T21:50:35.000Z,1771710635.000,32.636643286,-117.217674437,6.315,232.022,239.969,-14.33,0.293,-2375,,1,6.204,133.38,3,3896.481
2026-02-21T21:50:36.000Z,1771710636.000,32.636622798,-117.217701872,6.589,226.934,239.978,-18.584,2.575,-2376,,1,6.554,130.28,3,3896.512
2026-02-21T21:50:37.000Z,1771710637.000,32.636601504,-117.217727329,6.203,220.454,236.318,-20.817,4.586,-2377,,1,6.203,127,3,3897.42
2026-02-21T21:50:38.000Z,1771710638.000,32.636580042,-117.217754437,6.665,231.527,240.661,-21.199,0.281,-2378,,1,6.548,124.017,3,3897.89
2026-02-21T21:50:39.000Z,1771710639.000,32.636560493,-117.217783884,7.085,233.411,247.669,-26.861,0.444,-2379,,1,6.899,121.317,3,3897.432
2026-02-21T21:50:40.000Z,1771710640.000,32.636541978,-117.217816556,6.922,233.91,246.467,-22.396,3.837,-2380,,1,6.714,118.159,3,3897.415
2026-02-21T21:50:41.000Z,1771710641.000,32.636524681,-117.217849137,6.66,238.591,244.711,-17.634,3.303,-2381,,1,6.288,115.102,3,3897.089
2026-02-21T21:50:42.000Z,1771710642.000,32.636507477,-117.21788252,7.126,238.723,243.373,-16.658,-0.638,-2382,,1,6.7,112.052,3,3896.853
2026-02-21T21:50:43.000Z,1771710643.000,32.636489378,-117.217912784,6.87,232.509,243.955,-22.829,-0.679,-2383,,1,6.66,109.123,3,3896.795
2026-02-21T21:50:44.000Z,1771710644.000,32.636471345,-117.217943171,6.778,235.276,246.254,-23.973,1.971,-2384,,1,6.462,106.293,3,3897.073
2026-02-21T21:50:45.000Z,1771710645.000,32.636453499,-117.217972711,6.771,233.178,242.065,-20.76,4.996,-2385,,1,6.514,103.163,3,3897.984
2026-02-21T21:50:46.000Z,1771710646.000,32.636433809,-117.218002583,7.3,228.656,242.268,-24.76,1.277,-2386,,1,7.145,100.068,3,3898.246
2026-02-21T21:50:47.000Z,1771710647.000,32.636413957,-117.218031971,6.9,234.63,245.562,-29.447,-0.69,-2387,,1,6.546,97.137,3,3898.113
2026-02-21T21:50:48.000Z,1771710648.000,32.636395492,-117.218061377,6.732,229.103,243.058,-28.848,3.152,-2388,,1,6.549,94.038,3,3898.642
2026-02-21T21:50:49.000Z,1771710649.000,32.636376958,-117.218092945,6.404,235.373,248.139,-26.095,2.384,-2389,,1,5.994,91.268,3,3898.686
2026-02-21T21:50:50.000Z,1771710650.000,32.636360265,-117.218122915,7.099,235.459,252.923,-26.433,0.853,-2390,,1,6.596,88.751,3,3898.204
2026-02-21T21:50:51.000Z,1771710651.000,32.63634448,-117.21815351,6.642,240.812,254.761,-24.286,-0.217,-2391,,1,5.862,86.134,3,3897.578
2026-02-21T21:50:52.000Z,1771710652.000,32.63632886,-117.218186434,7.107,240.769,250.456,-25.828,0.348,-2392,,1,6.219,83.066,3,3897.637
2026-02-21T21:50:53.000Z,1771710653.000,32.636312519,-117.21821743,6.975,232.998,248.01,-25.751,-2.672,-2393,,1,6.461,80.118,3,3897.032
2026-02-21T21:50:54.000Z,1771710654.000,32.636295499,-117.21824778,6.813,234.61,246.362,-22.302,13.322,-2394,,1,6.188,77.174,3,3896.748
2026-02-21T21:50:55.000Z,1771710655.000,32.63627799,-117.218278346,6.42,239.723,246.117,-21.025,2.87,-2395,,1,5.502,74.253,3,3896.063
2026-02-21T21:50:56.000Z,1771710656.000,32.636260513,-117.218308547,6.631,238.12,242.586,-22.135,1.969,-2396,,1,5.716,71.172,3,3895.737
2026-02-21T21:50:57.000Z,1771710657.000,32.636241012,-117.218338419,6.678,232.155,235.659,-19.841,-0.533,-2397,,1,6.036,67.753,3,3888.537
2026-02-21T21:50:58.000Z,1771710658.000,32.636217985,-117.218364918,7.088,221.073,228.024,-16.742,2.112,-2398,,1,6.856,64.13,3,3889.863
2026-02-21T21:50:59.000Z,1771710659.000,32.636192636,-117.218391716,7.361,224.442,228.743,-15.431,-1.101,-2399,,1,6.957,60.58,3,3892.258
2026-02-21T21:51:00.000Z,1771710660.000,32.636164574,-117.218415523,7.387,210.931,220.727,-19.898,1.568,-2400,,1,7.351,56.595,3,3895.658
2026-02-21T21:51:01.000Z,1771710661.000,32.636134944,-117.218438334,7.631,212.25,220.695,-13.728,2.349,-2401,,1,7.566,52.728,3,3898.58
2026-02-21T21:51:02.000Z,1771710662.000,32.636102477,-117.218460718,8,209.4,225.661,-18.708,0.48,-2402,,1,7.963,48.727,3,3901.337
2026-02-21T21:51:03.000Z,1771710663.000,32.636073446,-117.218488103,8.163,219.269,225.231,-14.847,-0.584,-2403,,1,7.818,44.74,3,3903.813
2026-02-21T21:51:04.000Z,1771710664.000,32.636044634,-117.218513251,7.669,214.665,218.797,-14.987,1.647,-2404,,1,7.48,40.702,3,3906.896
2026-02-21T21:51:05.000Z,1771710665.000,32.636015382,-117.218534925,7.261,215.68,226.889,-17.158,4.908,-2405,,1,6.99,37.142,3,3909.139
2026-02-21T21:51:06.000Z,1771710666.000,32.635988285,-117.218560015,7.076,221.367,230.087,-13.301,-0.146,-2406,,1,6.474,33.559,3,3911.487
2026-02-21T21:51:07.000Z,1771710667.000,32.635963373,-117.218583734,7.215,217.941,228.023,-15.609,4.755,-2407,,1,6.663,30.069,3,3914.315
2026-02-21T21:51:08.000Z,1771710668.000,32.635938405,-117.218610367,7.263,224.522,233.288,-13.691,2.742,-2408,,1,6.067,26.738,3,3916.333
2026-02-21T21:51:09.000Z,1771710669.000,32.63591351,-117.218638574,7.615,223.725,230.843,-12.916,2.025,-2409,,1,6.074,23.065,3,3918.713
2026-02-21T21:51:10.000Z,1771710670.000,32.635886522,-117.218664653,7.461,216.556,223.127,-16.71,1.289,-2410,,1,6.153,19.093,3,3921.702
2026-02-21T21:51:11.000Z,1771710671.000,32.635858576,-117.218688359,7.135,215.394,222.353,-14.039,1.395,-2411,,1,5.459,15.345,3,3924.657
2026-02-21T21:51:12.000Z,1771710672.000,32.635832093,-117.21871039,7,219.441,224.127,-12.447,-2.903,-2412,,1,4.173,11.879,3,3927.272
2026-02-21T21:51:13.000Z,1771710673.000,32.635806983,-117.21873401,6.8,219.187,220.703,-4.674,6.44,-2413,,2,5.808,8.366,3,3948.883
2026-02-21T21:51:14.000Z,1771710674.000,32.635781718,-117.218754727,6.364,215.113,218.427,-3.527,2.417,-2414,,2,5.592,9.343,3,3948.217
2026-02-21T21:51:15.000Z,1771710675.000,32.635755926,-117.218772013,6.3,208.248,218.526,-9.195,-0.884,-2415,,2,5.806,10.171,3,3947.294
2026-02-21T21:51:16.000Z,1771710676.000,32.635732978,-117.218789185,5.675,214.174,224.84,-10.859,2.646,-2416,,2,4.889,11.52,3,3942.514
2026-02-21T21:51:17.000Z,1771710677.000,32.635709447,-117.218807117,6.048,212.948,222.688,-11.303,0.975,-2417,,2,5.2,12.311,3,3941.451
2026-02-21T21:51:18.000Z,1771710678.000,32.635684607,-117.21882671,6.709,215.251,221.853,-12.107,1.389,-2418,,2,5.508,13.307,3,3941.213
2026-02-21T21:51:19.000Z,1771710679.000,32.635657258,-117.218846701,6.956,212.224,218.216,-12.694,2.178,-2419,,2,5.79,14.059,3,3940.665
2026-02-21T21:51:20.000Z,1771710680.000,32.635628537,-117.218864755,7.012,205.798,208.776,-8.24,4.165,-2420,,2,6.153,14.139,3,3939.621
2026-02-21T21:51:21.000Z,1771710681.000,32.635598232,-117.218880778,6.839,207.736,215.452,-9.506,1.42,-2421,,2,5.71,15.232,3,3938.845
2026-02-21T21:51:22.000Z,1771710682.000,32.635568995,-117.218897268,6.9,206.023,215.818,-9.903,0.642,-2422,,2,5.695,15.909,3,3938.398
2026-02-21T21:51:23.000Z,1771710683.000,32.63554021,-117.218913714,6.9,208.039,215.852,-10.902,-1.687,-2423,,2,5.327,16.569,3,3938.206
2026-02-21T21:51:24.000Z,1771710684.000,32.63551205,-117.218930513,6.788,207.3,215.96,-6.335,0.689,-2424,,2,5.019,17.285,3,3937.675
2026-02-21T21:51:25.000Z,1771710685.000,32.635483148,-117.21894467,6.687,204.416,211.26,-9.168,1.521,-2425,,2,4.905,17.372,3,3936.756
2026-02-21T21:51:26.000Z,1771710686.000,32.635452877,-117.218957369,7.173,198.043,203.926,-7.667,0.473,-2426,,2,5.492,17.067,3,3935.639
2026-02-21T21:51:27.000Z,1771710687.000,32.635420588,-117.218968454,7.254,197.366,205.06,-9.522,2.668,-2427,,2,5.158,17.23,3,3934.339
2026-02-21T21:51:28.000Z,1771710688.000,32.635386154,-117.218981857,7.723,197.294,205.278,-8.175,-0.694,-2428,,2,4.774,17.468,3,3933.242
2026-02-21T21:51:29.000Z,1771710689.000,32.635352075,-117.218993232,7.774,195.444,201.962,-6.427,0.716,-2429,,2,4.11,17.249,3,3931.927
2026-02-21T21:51:30.000Z,1771710690.000,32.635316901,-117.219002792,7.753,191.444,190.24,4.074,3.795,-2430,,2,3.484,16.151,3,3930.556
2026-02-21T21:51:31.000Z,1771710691.000,32.635281194,-117.219005838,7.578,181.538,178.97,-0.015,0.059,-2431,,2,3.29,14.499,3,3929.207
2026-02-21T21:51:32.000Z,1771710692.000,32.635245304,-117.219003709,7.678,178.211,180.412,-6.223,1.772,-2432,,2,1.842,13.385,3,3927.607
2026-02-21T21:51:33.000Z,1771710693.000,32.635210723,-117.219002572,7.336,177.447,176.642,1.996,2.255,-2433,,2,-0.267,11.993,3,3926.496
2026-02-21T21:51:34.000Z,1771710694.000,32.635177662,-117.218997991,7.187,170.72,172.759,-0.734,1.682,-2434,,2,-1.506,10.33,3,3925.583
2026-02-21T21:51:35.000Z,1771710695.000,32.635145142,-117.218994029,7.2,174.995,172.738,-1.143,1.164,-2435,,2,2.103,10.568,3,3945.232
2026-02-21T21:51:36.000Z,1771710696.000,32.635112692,-117.218988857,6.83,168.041,164.215,2.5,2.14,-2436,,2,2.761,13.709,3,3946.163
2026-02-21T21:51:37.000Z,1771710697.000,32.63508178,-117.218978484,6.888,161.312,158.085,1.805,0.359,-2437,,2,3.494,16.606,3,3946.777
2026-02-21T21:51:38.000Z,1771710698.000,32.635053129,-117.218967204,6.588,160.111,155.672,2.121,3.101,-2438,,2,3.452,19.381,3,3947.6
2026-02-21T21:51:39.000Z,1771710699.000,32.63502689,-117.218954632,6.1,153.249,151.459,-0.368,2.015,-2439,,2,3.788,21.767,3,3948.416
2026-02-21T21:51:40.000Z,1771710700.000,32.63500259,-117.218939953,6,150.3,145.98,1.675,1.478,-2440,,2,3.958,23.808,3,3949.305
2026-02-21T21:51:41.000Z,1771710701.000,32.634977086,-117.218922803,6.211,149.015,144.705,4.686,2.28,-2441,,2,4.196,26.162,3,3950.315
2026-02-21T21:51:42.000Z,1771710702.000,32.634953794,-117.2189035,6.324,145.679,143.43,2.104,2.737,-2442,,2,4.531,28.231,3,3951.105
2026-02-21T21:51:43.000Z,1771710703.000,32.634931324,-117.218883325,6.027,143.048,141.872,3.419,1.349,-2443,,2,4.502,30.173,3,3951.434
2026-02-21T21:51:44.000Z,1771710704.000,32.63490799,-117.218862894,6.6,143.34,136.496,6.343,1.75,-2444,,2,4.904,31.952,3,3951.595
2026-02-21T21:51:45.000Z,1771710705.000,32.634883506,-117.218838493,6.711,136.585,137.79,2.458,1.9,-2445,,2,5.475,34.212,3,3951.694
2026-02-21T21:51:46.000Z,1771710706.000,32.634859257,-117.218813606,6.812,136.394,138.068,-1.612,1.912,-2446,,2,5.567,36.369,3,3951.742
2026-02-21T21:51:47.000Z,1771710707.000,32.634835952,-117.218788355,6.864,137.9,135.758,0.077,3.864,-2447,,2,5.499,38.243,3,3951.778
2026-02-21T21:51:48.000Z,1771710708.000,32.634813897,-117.218763644,6.5,135.371,136.667,1.364,1.164,-2448,,2,5.37,40.208,3,3951.846
2026-02-21T21:51:49.000Z,1771710709.000,32.634793542,-117.218739886,6.139,137.312,136.988,-4.473,3.187,-2449,,2,4.948,41.967,3,3952.217
2026-02-21T21:51:50.000Z,1771710710.000,32.634772222,-117.218718973,5.475,143.727,136.29,4.378,-0.559,-2450,,2,4.019,43.82,3,3952.734
2026-02-21T21:51:51.000Z,1771710711.000,32.634752763,-117.218697399,6,133.279,129.796,0.458,1.282,-2451,,2,5.068,45.051,3,3952.896
2026-02-21T21:51:52.000Z,1771710712.000,32.634733482,-117.218674058,6.086,137.061,124.704,-0.235,1.166,-2452,,2,4.913,46.307,3,3952.787
2026-02-21T21:51:53.000Z,1771710713.000,32.634712669,-117.218649635,6.485,132.826,119.958,2.155,1.926,-2453,,2,5.5,47.719,3,3952.78
2026-02-21T21:51:54.000Z,1771710714.000,32.634692769,-117.218621975,6.7,131.044,126.727,-2.264,1.997,-2454,,2,5.786,49.842,3,3952.843
2026-02-21T21:51:55.000Z,1771710715.000,32.634672446,-117.218596845,6.337,136.825,136.55,-2.256,0.757,-2455,,2,5.118,52.242,3,3953.402
2026-02-21T21:51:56.000Z,1771710716.000,32.634652104,-117.218572693,5.866,130.387,132.946,-3.205,1.504,-2456,,2,5.094,53.725,3,3953.56
2026-02-21T21:51:57.000Z,1771710717.000,32.634634525,-117.218547943,6,129.739,130.944,0.041,-0.224,-2457,,2,5.241,55,3,3953.891
2026-02-21T21:51:58.000Z,1771710718.000,32.634618338,-117.218523906,5.422,127.87,128.201,2.121,2.882,-2458,,2,4.818,56.082,3,3954.556
2026-02-21T21:51:59.000Z,1771710719.000,32.634603976,-117.218499196,5.338,131.061,126.889,-2.985,0.629,-2459,,2,4.598,57.054,3,3955.059
2026-02-21T21:52:00.000Z,1771710720.000,32.634586598,-117.218476481,5.761,135.424,127.513,-0.735,0.52,-2460,,2,4.723,58.535,3,3955.422
2026-02-21T21:52:01.000Z,1771710721.000,32.634567268,-117.218454738,6.36,137.924,134.558,-6.827,-0.165,-2461,,2,5.046,60.702,3,3955.898
2026-02-21T21:52:02.000Z,1771710722.000,32.634546147,-117.218432769,6.268,139.307,138.361,-8.684,0.661,-2462,,2,4.874,62.814,3,3956.361
2026-02-21T21:52:03.000Z,1771710723.000,32.634525133,-117.218411473,5.661,137.609,137.001,-2.949,0.31,-2463,,2,4.502,64.583,3,3956.84
2026-02-21T21:52:04.000Z,1771710724.000,32.634503987,-117.218390324,6.212,136.869,133.186,1.536,-1.373,-2464,,2,4.986,66.199,3,3957.635
2026-02-21T21:52:05.000Z,1771710725.000,32.634483312,-117.218368593,6.1,137.491,132.195,3.041,-0.956,-2465,,2,4.852,67.942,3,3958.681
2026-02-21T21:52:06.000Z,1771710726.000,32.63446396,-117.218343746,6.185,131.585,133.972,-4.105,-2.347,-2466,,2,5.276,69.673,3,3959.47
2026-02-21T21:52:07.000Z,1771710727.000,32.63444418,-117.218318128,6.366,131.149,128.547,3.607,-2.907,-2467,,2,5.454,70.927,3,3959.589
2026-02-21T21:52:08.000Z,1771710728.000,32.634425787,-117.218293512,6.075,135.513,130.076,1.124,-3.125,-2468,,2,4.947,72.545,3,3959.899
2026-02-21T21:52:09.000Z,1771710729.000,32.634408259,-117.218270215,5.613,133.805,127.273,0.477,-1.33,-2469,,2,4.664,73.781,3,3960.238
2026-02-21T21:52:10.000Z,1771710730.000,32.634391095,-117.218246367,5.461,137.113,126.044,-0.008,-0.853,-2470,,2,4.352,75.08,3,3960.903
2026-02-21T21:52:11.000Z,1771710731.000,32.634373601,-117.218220512,5.743,125.761,129.528,-4.634,-1.688,-2471,,2,5.168,76.719,3,3961.728
2026-02-21T21:52:12.000Z,1771710732.000,32.634355685,-117.218196608,5.788,136.548,134.33,-5.576,-2.152,-2472,,2,4.64,78.528,3,3962.851
2026-02-21T21:52:13.000Z,1771710733.000,32.634336192,-117.218174111,5.842,133.835,130.314,0.679,-0.661,-2473,,2,4.84,79.916,3,3963.532
2026-02-21T21:52:14.000Z,1771710734.000,32.634318143,-117.218149539,5.946,130.81,129.5,-0.411,-1.626,-2474,,2,5.093,81.328,3,3963.873
2026-02-21T21:52:15.000Z,1771710735.000,32.634300474,-117.218123784,6.111,131.855,129.65,1.453,-0.841,-2475,,2,5.173,82.745,3,3963.997
2026-02-21T21:52:16.000Z,1771710736.000,32.6342838,-117.218099503,5.824,123.003,127.621,0.033,-1.504,-2476,,2,5.347,83.925,3,3964.001
2026-02-21T21:52:17.000Z,1771710737.000,32.634267681,-117.218075476,5.687,132.665,127.153,-0.44,-1.891,-2477,,2,4.767,85.163,3,3964.091
2026-02-21T21:52:18.000Z,1771710738.000,32.63425074,-117.218052679,5.341,136.235,128.358,1.621,-0.36,-2478,,2,4.283,86.638,3,3964.355
2026-02-21T21:52:19.000Z,1771710739.000,32.63423416,-117.2180285,5.885,125.749,128.138,-3.946,-2.264,-2479,,2,5.279,87.94,3,3964.578
2026-02-21T21:52:20.000Z,1771710740.000,32.634215103,-117.218003774,6.188,132.853,126.378,-1.199,-5.737,-2480,,2,5.167,89.389,3,3964.584
2026-02-21T21:52:21.000Z,1771710741.000,32.6341962,-117.217978947,6.275,131.324,123.154,8.846,-1.227,-2481,,2,5.327,90.705,3,3964.599
2026-02-21T21:52:22.000Z,1771710742.000,32.63417875,-117.217952838,5.987,129.045,126.333,3.588,-0.655,-2482,,2,5.201,92.32,3,3964.668
2026-02-21T21:52:23.000Z,1771710743.000,32.634161294,-117.217926902,6.031,127.439,124.925,5.263,-1.359,-2483,,2,5.319,93.594,3,3964.639
2026-02-21T21:52:24.000Z,1771710744.000,32.634144392,-117.217898958,6.2,126.969,122.876,4.198,-1.278,-2484,,2,5.49,94.719,3,3964.51
2026-02-21T21:52:25.000Z,1771710745.000,32.634127823,-117.217871649,6.2,120.291,122.517,2.568,-2.985,-2485,,2,5.786,95.947,3,3964.539
2026-02-21T21:52:26.000Z,1771710746.000,32.634111546,-117.217843785,6.461,125.013,122.082,2.661,-3.905,-2486,,2,5.816,97.127,3,3964.71
2026-02-21T21:52:27.000Z,1771710747.000,32.634094981,-117.217815979,6.23,124.338,121.234,1.284,-0.74,-2487,,2,5.638,98.307,3,3965.142
2026-02-21T21:52:28.000Z,1771710748.000,32.634077599,-117.217785316,6.589,124.836,124.899,-2.858,-1.461,-2488,,2,5.935,99.862,3,3965.211
2026-02-21T21:52:29.000Z,1771710749.000,32.634058882,-117.217756076,6.688,124.405,126.205,-1.358,-2.817,-2489,,2,6.043,101.411,3,3965.245
2026-02-21T21:52:30.000Z,1771710750.000,32.634040198,-117.217727717,6.525,127.699,126.335,4.209,-1.381,-2490,,2,5.722,102.885,3,3965.187
2026-02-21T21:52:31.000Z,1771710751.000,32.634023115,-117.217699818,6.082,124.167,124.922,4.7,-1.81,-2491,,2,5.502,104.079,3,3965.158
2026-02-21T21:52:32.000Z,1771710752.000,32.634007097,-117.217673169,5.976,127.998,126.04,3.814,-1.493,-2492,,2,5.222,105.372,3,3965.513
2026-02-21T21:52:33.000Z,1771710753.000,32.633989983,-117.217648914,5.866,131.109,125.207,5.116,-0.39,-2493,,2,4.96,106.685,3,3966.191
2026-02-21T21:52:34.000Z,1771710754.000,32.633972952,-117.217625353,5.625,130.4,124.862,3.68,-1.443,-2494,,2,4.791,108.04,3,3967.129
2026-02-21T21:52:35.000Z,1771710755.000,32.633956409,-117.217600008,6.408,128.247,122.477,1.007,-2.824,-2495,,2,5.577,109.152,3,3967.902
2026-02-21T21:52:36.000Z,1771710756.000,32.633939862,-117.217573535,6.494,125.636,120.215,3.21,-3.017,-2496,,2,5.79,110.249,3,3968.598
2026-02-21T21:52:37.000Z,1771710757.000,32.633921362,-117.217544282,6.745,129.847,122.456,3.137,-3.138,-2497,,2,5.77,111.847,3,3968.831
2026-02-21T21:52:38.000Z,1771710758.000,32.63390169,-117.217515249,6.761,128.386,128.549,-1.657,-0.809,-2498,,2,5.867,113.86,3,3969.053
2026-02-21T21:52:39.000Z,1771710759.000,32.633881729,-117.217486924,6.626,129.404,132.116,-2.753,-1.854,-2499,,2,5.687,115.719,3,3969.242
2026-02-21T21:52:40.000Z,1771710760.000,32.633862648,-117.21746041,6.685,131.808,129.163,5.487,-2.629,-2500,,2,5.585,117.053,3,3969.605
2026-02-21T21:52:41.000Z,1771710761.000,32.633844785,-117.217432772,6.111,129.568,127.176,4.507,-1.103,-2501,,2,5.23,118.298,3,3970.081
2026-02-21T21:52:42.000Z,1771710762.000,32.633827349,-117.217407338,5.671,132.076,126.404,4.528,-1.58,-2502,,2,4.718,119.628,3,3970.942
2026-02-21T21:52:43.000Z,1771710763.000,32.633810085,-117.217382447,5.912,129.601,124.012,4.894,-2.527,-2503,,2,5.053,120.829,3,3971.988
2026-02-21T21:52:44.000Z,1771710764.000,32.63379348,-117.21735677,6.1,126.906,126.298,1.24,-1.703,-2504,,2,5.354,122.292,3,3973.17
2026-02-21T21:52:45.000Z,1771710765.000,32.633776008,-117.21733141,5.87,128.035,127.71,-1.099,-0.943,-2505,,2,5.093,123.788,3,3974.009
2026-02-21T21:52:46.000Z,1771710766.000,32.633758006,-117.21730636,6.054,131.434,126.139,3.867,-2.072,-2506,,2,5.062,125.129,3,3974.529
2026-02-21T21:52:47.000Z,1771710767.000,32.633742263,-117.217282157,5.663,129.535,122.596,6.332,-0.376,-2507,,2,4.833,126.091,3,3974.797
2026-02-21T21:52:48.000Z,1771710768.000,32.633726801,-117.217257768,5.553,125.02,123.571,2.382,-1.722,-2508,,2,4.951,127.358,3,3975.323
2026-02-21T21:52:49.000Z,1771710769.000,32.633711657,-117.217232045,5.685,118.17,121.022,1.85,-3.115,-2509,,2,5.337,128.296,3,3975.715
2026-02-21T21:52:50.000Z,1771710770.000,32.633697297,-117.217203704,6.045,118.153,117.247,8.729,-1.826,-2510,,2,5.675,128.998,3,3976.166
2026-02-21T21:52:51.000Z,1771710771.000,32.633684515,-117.217174855,5.624,117.65,121.267,3.752,-0.042,-2511,,2,5.296,130.124,3,3976.938
2026-02-21T21:52:52.000Z,1771710772.000,32.633670786,-117.21714705,5.8,120.744,121.259,0.308,-1.952,-2512,,2,5.346,131.06,3,3977.902
2026-02-21T21:52:53.000Z,1771710773.000,32.63365577,-117.217121417,5.631,125.338,123.447,1.865,-1.655,-2513,,2,4.997,132.347,3,3978.993
2026-02-21T21:52:54.000Z,1771710774.000,32.633639197,-117.217095613,5.443,128.852,128.357,-2.803,-1.641,-2514,,2,4.664,133.998,3,3979.832
2026-02-21T21:52:55.000Z,1771710775.000,32.633620722,-117.217072588,5.776,134.157,131.986,-2.716,-0.736,-2515,,2,4.649,135.807,3,3980.566
2026-02-21T21:52:56.000Z,1771710776.000,32.63360003,-117.217049867,6.263,138.181,132.466,1.824,-1.451,-2516,,2,4.763,137.636,3,3981.014
2026-02-21T21:52:57.000Z,1771710777.000,32.633579061,-117.217026288,6.327,133.147,130.864,3.491,-1.476,-2517,,2,5.149,139.331,3,3981.292
2026-02-21T21:52:58.000Z,1771710778.000,32.63355843,-117.217001365,6.515,134.776,130.68,2.49,-2.742,-2518,,2,5.188,141.062,3,3981.51
2026-02-21T21:52:59.000Z,1771710779.000,32.633537157,-117.21697636,6.188,136.893,131.707,3.268,0.152,-2519,,2,4.781,142.948,3,3981.869
2026-02-21T21:53:00.000Z,1771710780.000,32.6335175,-117.216951062,6.213,131.525,134.528,-0.934,-1.677,-2520,,2,5.144,144.775,3,3982.403
2026-02-21T21:53:01.000Z,1771710781.000,32.633498189,-117.216928061,6.073,135.563,127.761,7.5,-2.534,-2521,,2,4.773,145.934,3,3983.031
2026-02-21T21:53:02.000Z,1771710782.000,32.633481962,-117.216904279,5.4,131.035,123.615,9.757,-1.386,-2522,,2,4.492,146.914,3,3983.78
2026-02-21T21:53:03.000Z,1771710783.000,32.633465816,-117.216878871,5.554,123.701,124.094,1.843,-1.616,-2523,,2,4.974,148.198,3,3984.522
2026-02-21T21:53:04.000Z,1771710784.000,32.633449461,-117.216852785,6,128.349,127.887,-2.207,-3.011,-2524,,2,5.136,149.737,3,3985.224
2026-02-21T21:53:05.000Z,1771710785.000,32.633430294,-117.216826729,6.66,132.132,129.725,1.947,-0.083,-2525,,2,5.457,151.433,3,3985.92
2026-02-21T21:53:06.000Z,1771710786.000,32.633411532,-117.216799387,6.554,128.656,128.456,1.786,-1.515,-2526,,2,5.585,152.835,3,3986.196
2026-02-21T21:53:07.000Z,1771710787.000,32.633393427,-117.216771818,6.076,129.947,126.446,4.927,-1.058,-2527,,2,5.102,154.105,3,3986.44
2026-02-21T21:53:08.000Z,1771710788.000,32.633378277,-117.216747178,5.388,126.996,126.036,2.15,-2.868,-2528,,2,4.666,155.229,3,3987.008
2026-02-21T21:53:09.000Z,1771710789.000,32.633364443,-117.216725052,4.988,126.638,127.281,-0.856,-1.259,-2529,,2,4.333,156.383,3,3987.955
2026-02-21T21:53:10.000Z,1771710790.000,32.633349237,-117.216705261,5.423,134.276,126.861,0.328,-1.347,-2530,,2,4.309,157.609,3,3989.108
2026-02-21T21:53:11.000Z,1771710791.000,32.633333247,-117.216682956,5.585,129.661,126.094,0.937,-1.341,-2531,,2,4.694,158.845,3,3990.015
2026-02-21T21:53:12.000Z,1771710792.000,32.633315368,-117.216657786,6.1,130.812,128.109,-0.231,-2.872,-2532,,2,5.056,160.434,3,3990.819
2026-02-21T21:53:13.000Z,1771710793.000,32.63329573,-117.216631786,6.387,130.425,131.245,-1.703,-0.836,-2533,,2,5.314,162.275,3,3991.621
2026-02-21T21:53:14.000Z,1771710794.000,32.633275175,-117.216605002,6.693,133.56,136.055,-5.071,-1.266,-2534,,2,5.351,164.308,3,3992.508
2026-02-21T21:53:15.000Z,1771710795.000,32.633253137,-117.216580982,6.646,139.258,135.786,3.882,-1.817,-2535,,2,4.885,166.205,3,3993.333
2026-02-21T21:53:16.000Z,1771710796.000,32.633231075,-117.21655533,6.489,131.721,132.586,-0.438,-1.82,-2536,,2,5.301,167.87,3,3993.757
2026-02-21T21:53:17.000Z,1771710797.000,32.633211659,-117.216529498,6.412,129.48,123.774,4.608,-3.136,-2537,,2,5.376,168.821,3,3993.877
2026-02-21T21:53:18.000Z,1771710798.000,32.633194828,-117.216501041,6.861,121.973,113.822,10.249,-2.419,-2538,,2,6.191,169.309,3,3993.873
2026-02-21T21:53:19.000Z,1771710799.000,32.633181839,-117.216470841,6.5,117.846,111.282,5.768,-0.594,-2539,,2,6.05,169.916,3,3993.877
2026-02-21T21:53:20.000Z,1771710800.000,32.633170077,-117.216439019,5.911,112.8,110.248,-2.648,-1.746,-2540,,2,5.67,170.477,3,3993.853
2026-02-21T21:53:21.000Z,1771710801.000,32.633158662,-117.216409436,5.835,114.289,107.442,4.169,-0.729,-2541,,2,5.551,170.901,3,3994.093
2026-02-21T21:53:22.000Z,1771710802.000,32.633149281,-117.216379943,5.825,109.911,104.879,5.376,-2.106,-2542,,2,5.662,171.125,3,3994.709
2026-02-21T21:53:23.000Z,1771710803.000,32.633142262,-117.216351133,5.223,105.108,102.761,-1.936,-1.4,-2543,,2,5.162,171.141,3,3995.344
2026-02-21T21:53:24.000Z,1771710804.000,32.633135703,-117.216322594,5.539,106.183,100.971,-2.655,-1.333,-2544,,2,5.457,171.139,3,3995.929
2026-02-21T21:53:25.000Z,1771710805.000,32.633129343,-117.216293413,5.665,100.637,99.737,0.936,-1.005,-2545,,2,5.648,171.149,3,3996.332
2026-02-21T21:53:26.000Z,1771710806.000,32.63312399,-117.216264866,5.476,104.32,98.297,0.884,-2.893,-2546,,2,5.422,171.044,3,3996.714
2026-02-21T21:53:27.000Z,1771710807.000,32.633118306,-117.216235691,5.5,102.086,98.281,-3.568,-1.801,-2547,,2,5.472,171.079,3,3996.912
2026-02-21T21:53:28.000Z,1771710808.000,32.633112147,-117.216205092,5.762,102.577,97.591,-3.574,-2.597,-2548,,2,5.727,171.082,3,3997.045
2026-02-21T21:53:29.000Z,1771710809.000,32.633106665,-117.216172067,6.267,100.133,92.601,1.835,0.496,-2549,,2,6.253,170.618,3,3997.195
2026-02-21T21:53:30.000Z,1771710810.000,32.633102985,-117.216139196,6.237,94.37,89.456,2.636,-1.105,-2550,,2,6.234,170.112,3,3997.546
2026-02-21T21:53:31.000Z,1771710811.000,32.633099724,-117.216105457,6.774,95.532,91.438,0.549,-0.797,-2551,,2,6.773,169.951,3,3997.868
2026-02-21T21:53:32.000Z,1771710812.000,32.6330969,-117.216072167,6.315,97.623,91.187,-3.97,-0.916,-2552,,2,6.314,169.574,3,3998.031
2026-02-21T21:53:33.000Z,1771710813.000,32.633093769,-117.216036391,6.533,95.819,89.438,7.2,-2.619,-2553,,2,6.532,169.062,3,3997.644
2026-02-21T21:53:34.000Z,1771710814.000,32.633092612,-117.216000127,6.751,88.895,89.152,3.466,-3.211,-2554,,2,6.695,168.442,3,3997.214
2026-02-21T21:53:35.000Z,1771710815.000,32.633091881,-117.21596453,6.719,95.792,88.16,0.883,0.134,-2555,,2,6.718,167.734,3,3996.795
2026-02-21T21:53:36.000Z,1771710816.000,32.633089444,-117.215930244,5.852,94.552,92.05,3.139,-0.851,-2556,,2,5.85,167.623,3,3996.386
2026-02-21T21:53:37.000Z,1771710817.000,32.633086831,-117.215897323,5.644,94.287,90.863,2.768,-1.01,-2557,,2,5.64,167.156,3,3996.368
2026-02-21T21:53:38.000Z,1771710818.000,32.633084885,-117.215866846,5.676,90.561,88.684,0.551,-0.21,-2558,,2,5.647,166.588,3,3996.814
2026-02-21T21:53:39.000Z,1771710819.000,32.633081848,-117.215836771,5.526,98.309,90.508,1.25,-1.52,-2559,,2,5.523,166.462,3,3997.602
2026-02-21T21:53:40.000Z,1771710820.000,32.633077341,-117.215805906,5.837,102.012,92.499,-0.369,0.791,-2560,,2,5.808,166.495,3,3998.247
2026-02-21T21:53:41.000Z,1771710821.000,32.633072436,-117.215770644,6.143,98.9,95.45,-3.39,-1.018,-2561,,2,6.136,166.562,3,3998.473
2026-02-21T21:53:42.000Z,1771710822.000,32.633066854,-117.215733874,6.824,98.542,94.804,5.061,-1.164,-2562,,2,6.818,166.383,3,3998.447
2026-02-21T21:53:43.000Z,1771710823.000,32.633063011,-117.215693285,7.512,96.425,93.095,4.242,-1.831,-2563,,2,7.512,165.854,3,3997.986
2026-02-21T21:53:44.000Z,1771710824.000,32.633058835,-117.215653062,7.022,97.778,94.828,4.837,-0.828,-2564,,2,7.019,165.645,3,3997.075
2026-02-21T21:53:45.000Z,1771710825.000,32.633054381,-117.215613525,7.091,94.435,97.765,-0.481,-1.56,-2565,,2,7.088,165.578,3,3996.161
2026-02-21T21:53:46.000Z,1771710826.000,32.63304783,-117.21557534,6.923,102.779,99.094,4.544,-2.86,-2566,,2,6.878,165.636,3,3995.368
2026-02-21T21:53:47.000Z,1771710827.000,32.633042366,-117.215540056,6.156,101.993,99.004,-0.721,0.48,-2567,,2,6.125,165.518,3,3995.192
2026-02-21T21:53:48.000Z,1771710828.000,32.633035692,-117.215506357,6.029,101.945,98.842,-1.234,-2.369,-2568,,2,5.999,165.559,3,3995.246
2026-02-21T21:53:49.000Z,1771710829.000,32.633028425,-117.215473445,6.167,105.906,94.914,5.453,-0.747,-2569,,2,6.079,165.375,3,3995.513
2026-02-21T21:53:50.000Z,1771710830.000,32.633022046,-117.21543714,6.588,100.712,93.587,3.106,-0.074,-2570,,2,6.568,165.237,3,3995.279
2026-02-21T21:53:51.000Z,1771710831.000,32.633014651,-117.215400105,6.566,103.673,97.515,-0.518,-1.68,-2571,,2,6.51,165.619,3,3994.806
2026-02-21T21:53:52.000Z,1771710832.000,32.633006642,-117.215361366,7.429,103.917,98.898,-4.91,-2.889,-2572,,2,7.36,165.828,3,3993.908
2026-02-21T21:53:53.000Z,1771710833.000,32.632997764,-117.21532141,7.722,104.822,97.983,3.114,-1.326,-2573,,2,7.633,165.922,3,3992.966
2026-02-21T21:53:54.000Z,1771710834.000,32.632989736,-117.215277423,8.047,103.629,98.078,1.861,-1.732,-2574,,2,7.978,165.925,3,3991.626
2026-02-21T21:53:55.000Z,1771710835.000,32.632982286,-117.215235171,7.514,101.35,100.843,1.484,-2.662,-2575,,2,7.482,166.116,3,3990.619
2026-02-21T21:53:56.000Z,1771710836.000,32.63297504,-117.215194612,7.957,102.446,100.66,-0.515,-1.707,-2576,,2,7.908,166.08,3,3989.83
2026-02-21T21:53:57.000Z,1771710837.000,32.632969011,-117.215156164,7.046,98.259,100.214,-2.244,-1.887,-2577,,2,7.041,165.932,3,3989.364
2026-02-21T21:53:58.000Z,1771710838.000,32.632963393,-117.215119444,6.822,99.767,98.785,0.253,-1.415,-2578,,2,6.807,165.694,3,3989.151
2026-02-21T21:53:59.000Z,1771710839.000,32.632958663,-117.215083398,6.864,99.111,92.753,3.348,-1.742,-2579,,2,6.855,165.004,3,3989.177
2026-02-21T21:54:00.000Z,1771710840.000,32.632956538,-117.21504583,6.8,89.488,86.735,7.973,-0.22,-2580,,2,6.755,164.009,3,3989.053
2026-02-21T21:54:01.000Z,1771710841.000,32.632958292,-117.215005594,7.462,87.506,81.943,0.425,-1.734,-2581,,2,7.377,162.647,3,3988.774
2026-02-21T21:54:02.000Z,1771710842.000,32.632958146,-117.214962434,7.8,91.292,88.613,4.028,-1.89,-2582,,2,7.772,162.319,3,3987.99
2026-02-21T21:54:03.000Z,1771710843.000,32.632955489,-117.214918029,8.241,94.241,92.655,-0.874,-3.859,-2583,,2,8.237,162.044,3,3987.115
2026-02-21T21:54:04.000Z,1771710844.000,32.632952486,-117.214875436,8.063,93.224,92.521,-0.282,-3.702,-2584,,2,8.053,161.51,3,3986.393
2026-02-21T21:54:05.000Z,1771710845.000,32.632949863,-117.214835109,7.454,92.593,91.437,2.38,-2.244,-2585,,2,7.44,160.904,3,3985.841
2026-02-21T21:54:06.000Z,1771710846.000,32.632947754,-117.214797828,6.477,92.176,91.125,1.363,-1.146,-2586,,2,6.461,160.365,3,3985.458
2026-02-21T21:54:07.000Z,1771710847.000,32.632945615,-117.214762051,6.334,92.133,91.18,0.214,-1.955,-2587,,2,6.319,159.888,3,3985.119
2026-02-21T21:54:08.000Z,1771710848.000,32.632943161,-117.214728224,6.438,94.751,91.599,-1.506,-2.605,-2588,,2,6.436,159.514,3,3984.848
2026-02-21T21:54:09.000Z,1771710849.000,32.632940138,-117.214694235,6.166,97.259,90.758,-3.443,-0.645,-2589,,2,6.165,159.098,3,3984.483
2026-02-21T21:54:10.000Z,1771710850.000,32.632935812,-117.214659903,6.338,99.334,92.382,-1.705,-1.584,-2590,,2,6.328,159.012,3,3984.123
2026-02-21T21:54:11.000Z,1771710851.000,32.632931799,-117.21462228,6.878,94.399,91.942,3.962,-2.377,-2591,,2,6.875,158.663,3,3983.782
2026-02-21T21:54:12.000Z,1771710852.000,32.632929873,-117.214584666,7.239,91.824,88.46,2.117,-2.545,-2592,,2,7.218,157.846,3,3983.863
2026-02-21T21:54:13.000Z,1771710853.000,32.632929759,-117.214546601,7.073,89.803,85.059,4.291,-1.498,-2593,,2,7.029,156.834,3,3984.018
2026-02-21T21:54:14.000Z,1771710854.000,32.632931815,-117.214508511,7.015,84.208,81.283,7.911,1.595,-2594,,2,6.862,155.562,3,3984.268
2026-02-21T21:54:15.000Z,1771710855.000,32.632935837,-117.214469257,7.044,86.461,79.663,2.33,-0.37,-2595,,2,6.941,154.22,3,3984.203
2026-02-21T21:54:16.000Z,1771710856.000,32.632938394,-117.214432335,6.9,85.654,82.541,3.31,-0.505,-2596,,2,6.782,153.424,3,3983.933
2026-02-21T21:54:17.000Z,1771710857.000,32.632941339,-117.214396358,6.809,81.868,84.785,-0.619,-3.217,-2597,,2,6.594,152.559,3,3983.418
2026-02-21T21:54:18.000Z,1771710858.000,32.632943463,-117.214361442,6.554,85.613,85.244,3.407,-4.694,-2598,,2,6.44,151.668,3,3982.932
2026-02-21T21:54:19.000Z,1771710859.000,32.632944766,-117.21432578,6.3,87.562,83.442,4.537,-1.284,-2599,,2,6.226,150.676,3,3982.59
2026-02-21T21:54:20.000Z,1771710860.000,32.632946691,-117.214290462,6.161,87.633,82.033,-2.552,-1.816,-2600,,2,6.089,149.655,3,3982.601
2026-02-21T21:54:21.000Z,1771710861.000,32.63294827,-117.214254484,6.487,86.76,79.542,4.28,-1.076,-2601,,2,6.396,148.578,3,3982.796
2026-02-21T21:54:22.000Z,1771710862.000,32.632950717,-117.214218378,6.461,85.563,78.545,5.334,0.87,-2602,,2,6.345,147.518,3,3983.156
2026-02-21T21:54:23.000Z,1771710863.000,32.632952891,-117.214179222,7.356,84.259,81.907,2.931,-2.718,-2603,,2,7.191,146.753,3,3983.254
2026-02-21T21:54:24.000Z,1771710864.000,32.632955485,-117.214140682,6.988,83.447,80.446,3.18,-4.504,-2604,,2,6.808,145.593,3,3983.664
2026-02-21T21:54:25.000Z,1771710865.000,32.632959254,-117.214101841,7.174,82.869,81.012,1.895,-3.228,-2605,,2,6.972,144.452,3,3983.847
2026-02-21T21:54:26.000Z,1771710866.000,32.632962771,-117.214062801,7.454,86.684,82.698,0.752,-2.674,-2606,,2,7.345,143.419,3,3983.946
2026-02-21T21:54:27.000Z,1771710867.000,32.632965132,-117.214023725,7.046,85.022,82.646,-0.768,-2.798,-2607,,2,6.903,142.379,3,3983.914
2026-02-21T21:54:28.000Z,1771710868.000,32.632965835,-117.213985104,6.635,90.988,82.673,4.552,0.691,-2608,,2,6.604,141.535,3,3983.815
2026-02-21T21:54:29.000Z,1771710869.000,32.632966275,-117.213948666,6.487,88.65,88.368,-3.033,-2.019,-2609,,2,6.425,141.203,3,3983.833
2026-02-21T21:54:30.000Z,1771710870.000,32.632965322,-117.213914885,6.2,91.215,91.719,-3.797,-2.141,-2610,,2,6.173,140.898,3,3984.041
2026-02-21T21:54:31.000Z,1771710871.000,32.632962371,-117.213882526,5.955,97.175,92.498,-2.86,-2.354,-2611,,2,5.954,140.636,3,3984.336
2026-02-21T21:54:32.000Z,1771710872.000,32.63295878,-117.213850583,5.724,95,92.161,-0.281,-3.153,-2612,,2,5.722,140.362,3,3984.736
2026-02-21T21:54:33.000Z,1771710873.000,32.632955423,-117.213818946,6.063,97.326,89.489,2.413,-1.89,-2613,,2,6.062,139.883,3,3985.269
2026-02-21T21:54:34.000Z,1771710874.000,32.6329528,-117.213786321,6.339,95.185,89.763,1.218,-1.641,-2614,,2,6.337,139.54,3,3985.538
2026-02-21T21:54:35.000Z,1771710875.000,32.632950837,-117.213752115,6.146,92.87,87.8,3.645,-2.474,-2615,,2,6.133,138.916,3,3985.595
2026-02-21T21:54:36.000Z,1771710876.000,32.632950477,-117.213716427,6.665,89.578,84.643,0.553,-0.479,-2616,,2,6.615,137.998,3,3985.561
2026-02-21T21:54:37.000Z,1771710877.000,32.632951776,-117.213680691,6.65,86.548,85.124,-0.851,-2.048,-2617,,2,6.547,137.181,3,3985.708
2026-02-21T21:54:38.000Z,1771710878.000,32.632952931,-117.213645286,6.328,89.222,84.963,-0.084,-1.823,-2618,,2,6.275,136.337,3,3985.982
2026-02-21T21:54:39.000Z,1771710879.000,32.632954516,-117.213608974,6.839,86.646,86.892,-1.637,-3.704,-2619,,2,6.734,135.592,3,3986.378
2026-02-21T21:54:40.000Z,1771710880.000,32.632955541,-117.213571616,6.988,89.041,84.92,0.624,-6.17,-2620,,2,6.926,134.582,3,3987.007
2026-02-21T21:54:41.000Z,1771710881.000,32.632957563,-117.213534762,7.363,83.55,78.464,4.022,-4.883,-2621,,2,7.168,133.137,3,3987.969
2026-02-21T21:54:42.000Z,1771710882.000,32.632961459,-117.213497587,6.74,84.959,76.155,7.368,-1.544,-2622,,2,6.597,131.803,3,3988.654
2026-02-21T21:54:43.000Z,1771710883.000,32.632967104,-117.213460234,6.97,81.811,75.869,3.99,0.222,-2623,,2,6.731,130.424,3,3989.109
2026-02-21T21:54:44.000Z,1771710884.000,32.632972389,-117.213420793,7.516,80.323,75.304,0.664,-1.702,-2624,,2,7.205,129.022,3,3989.164
2026-02-21T21:54:45.000Z,1771710885.000,32.632976747,-117.213380717,7.314,83.523,76.716,6.432,0.128,-2625,,2,7.115,127.852,3,3989.06
2026-02-21T21:54:46.000Z,1771710886.000,32.632981159,-117.213342141,7.573,83.56,79.585,-1.578,1.081,-2626,,2,7.368,126.816,3,3989.018
2026-02-21T21:54:47.000Z,1771710887.000,32.632983506,-117.213304544,6.341,85.719,85.862,-0.331,-0.959,-2627,,2,6.219,126.29,3,3988.809
2026-02-21T21:54:48.000Z,1771710888.000,32.632984854,-117.21326798,6.39,85.134,85.602,1.706,-3.01,-2628,,2,6.254,125.395,3,3988.866
2026-02-21T21:54:49.000Z,1771710889.000,32.632988272,-117.213233931,6.137,83.303,80.194,1.389,-3.006,-2629,,2,5.961,123.931,3,3989.394
2026-02-21T21:54:50.000Z,1771710890.000,32.632990851,-117.213200316,6.041,85.859,79.22,3.153,-1.008,-2630,,2,5.926,122.907,3,3990.099
2026-02-21T21:54:51.000Z,1771710891.000,32.632993371,-117.213165396,6.23,85.746,78.911,-1.36,-1.087,-2631,,2,6.109,121.914,3,3990.648
2026-02-21T21:54:52.000Z,1771710892.000,32.632994178,-117.213129002,6.811,86.835,81.529,2.699,-3.101,-2632,,2,6.702,121.298,3,3990.851
2026-02-21T21:54:53.000Z,1771710893.000,32.63299535,-117.213091858,7.225,85.874,81.238,3.635,-3.877,-2633,,2,7.086,120.407,3,3990.877
2026-02-21T21:54:54.000Z,1771710894.000,32.632997813,-117.213054847,6.553,84.88,77.626,1.552,-2.943,-2634,,2,6.403,119.134,3,3990.962
2026-02-21T21:54:55.000Z,1771710895.000,32.633000702,-117.213017739,6.785,84.154,78.632,3.099,-0.993,-2635,,2,6.61,118.153,3,3990.723
2026-02-21T21:54:56.000Z,1771710896.000,32.633002843,-117.212979249,6.989,87.434,84.878,1.632,-0.745,-2636,,2,6.887,117.627,3,3990.335
2026-02-21T21:54:57.000Z,1771710897.000,32.633002588,-117.212943801,6.625,93.721,87.669,-1.856,-2.693,-2637,,2,6.613,117.165,3,3990.574
2026-02-21T21:54:58.000Z,1771710898.000,32.633000608,-117.212910162,5.954,91.144,87.234,2.361,-0.936,-2638,,2,5.921,116.675,3,3991.282
2026-02-21T21:54:59.000Z,1771710899.000,32.6330003,-117.212876903,5.915,90.336,84.807,1.6,-1.026,-2639,,2,5.872,115.857,3,3992.156
2026-02-21T21:55:00.000Z,1771710900.000,32.633000955,-117.212842193,6.566,89.411,84.264,3.135,-2.541,-2640,,2,6.505,115.051,3,3992.794
2026-02-21T21:55:01.000Z,1771710901.000,32.633003533,-117.212806708,6.748,84.555,80.294,-0.63,-2.667,-2641,,2,6.582,113.761,3,3993.335
2026-02-21T21:55:02.000Z,1771710902.000,32.633005178,-117.21276936,7.132,85.417,83.383,1.208,-2.767,-2642,,2,6.979,113.073,3,3993.411
2026-02-21T21:55:03.000Z,1771710903.000,32.633007332,-117.212732624,6.785,83.544,82.676,3.379,-1.848,-2643,,2,6.588,112.052,3,3993.385
2026-02-21T21:55:04.000Z,1771710904.000,32.63300941,-117.212695232,6.722,87.497,81.874,2.145,-1.806,-2644,,2,6.622,111.019,3,3993.141
2026-02-21T21:55:05.000Z,1771710905.000,32.633009988,-117.212660257,6.425,89.641,85.121,-0.924,-1.479,-2645,,2,6.366,110.508,3,3993.003
2026-02-21T21:55:06.000Z,1771710906.000,32.633009639,-117.212627023,5.926,91.274,88.173,-6.546,-1.087,-2646,,2,5.892,110.122,3,3993.03
2026-02-21T21:55:07.000Z,1771710907.000,32.633008023,-117.212595187,5.846,93.346,88.663,-0.37,-0.63,-2647,,2,5.831,109.701,3,3993.222
2026-02-21T21:55:08.000Z,1771710908.000,32.633005952,-117.212562909,6.033,95.589,86.524,8.431,-0.78,-2648,,2,6.03,109.115,3,3993.294
2026-02-21T21:55:09.000Z,1771710909.000,32.633005449,-117.212529513,6.476,91.436,83.663,5.52,-1.099,-2649,,2,6.44,108.282,3,3993.272
2026-02-21T21:55:10.000Z,1771710910.000,32.633006022,-117.212494527,7,87.4,82.636,-2.589,-1.864,-2650,,2,6.892,107.443,3,3993.102
2026-02-21T21:55:11.000Z,1771710911.000,32.633005091,-117.212457574,6.946,92.506,88.033,-1.821,-2.274,-2651,,2,6.919,107.226,3,3992.609
2026-02-21T21:55:12.000Z,1771710912.000,32.633001388,-117.212420281,6.544,98.49,93.505,-2.462,-1.286,-2652,,2,6.543,107.32,3,3992.023
2026-02-21T21:55:13.000Z,1771710913.000,32.632995866,-117.212387439,5.749,103.246,99.33,-5.51,-1.163,-2653,,2,5.719,107.735,3,3992.033
2026-02-21T21:55:14.000Z,1771710914.000,32.632989257,-117.212357693,5.565,104.761,100.758,-1.84,-2.349,-2654,,2,5.52,107.975,3,3992.448
2026-02-21T21:55:15.000Z,1771710915.000,32.632981984,-117.212329398,5.685,107.831,99.049,4.881,-1.217,-2655,,2,5.591,108.063,3,3993.179
2026-02-21T21:55:16.000Z,1771710916.000,32.63297627,-117.212298449,5.915,98,95.624,2.038,-1.473,-2656,,2,5.915,107.79,3,3993.538
2026-02-21T21:55:17.000Z,1771710917.000,32.632971912,-117.212263875,6.5,96.371,94.484,2.294,-5.315,-2657,,2,6.499,107.482,3,3993.416
2026-02-21T21:55:18.000Z,1771710918.000,32.632967322,-117.212228645,6.65,98.574,92.224,4.06,-2.145,-2658,,2,6.649,107.097,3,3993.113
2026-02-21T21:55:19.000Z,1771710919.000,32.632963,-117.212191841,7.185,97.307,95.776,-2.383,0.489,-2659,,2,7.185,107.118,3,3992.682
2026-02-21T21:55:20.000Z,1771710920.000,32.632956573,-117.212155202,6.946,101.004,98.473,-5.687,-2.008,-2660,,2,6.932,107.303,3,3992.297
2026-02-21T21:55:21.000Z,1771710921.000,32.632948277,-117.212119966,6.247,105.947,101.27,-4.272,-2.113,-2661,,2,6.176,107.728,3,3992.164
2026-02-21T21:55:22.000Z,1771710922.000,32.632940845,-117.212086738,6.062,105.553,102.845,-7.057,-2.137,-2662,,2,5.999,108.001,3,3992.477
2026-02-21T21:55:23.000Z,1771710923.000,32.632932848,-117.212054886,5.867,107.726,101.749,-1.835,-1.849,-2663,,2,5.77,108.146,3,3993.152
2026-02-21T21:55:24.000Z,1771710924.000,32.632925424,-117.212023679,5.869,103.462,98.415,2.952,-2.264,-2664,,2,5.835,108.06,3,3993.758
2026-02-21T21:55:25.000Z,1771710925.000,32.632920115,-117.211990533,6.266,103.002,94.503,-2.848,-2.674,-2665,,2,6.235,107.66,3,3994.197
2026-02-21T21:55:26.000Z,1771710926.000,32.632914646,-117.211957733,6.137,98.965,91.648,0.066,-2.093,-2666,,2,6.134,107.372,3,3994.401
2026-02-21T21:55:27.000Z,1771710927.000,32.632911387,-117.211923787,6.187,96.534,89.474,-0.445,-1.708,-2667,,2,6.186,106.876,3,3994.452
2026-02-21T21:55:28.000Z,1771710928.000,32.632908768,-117.211889805,6.346,96.054,90.436,0.348,-1.407,-2668,,2,6.344,106.559,3,3994.475
2026-02-21T21:55:29.000Z,1771710929.000,32.632905983,-117.211855309,6.234,95.057,94.866,-4.539,-2.32,-2669,,2,6.23,106.528,3,3994.413
2026-02-21T21:55:30.000Z,1771710930.000,32.632901096,-117.211823184,6.263,101.863,97.203,-1.538,-1.621,-2670,,2,6.243,106.607,3,3994.639
2026-02-21T21:55:31.000Z,1771710931.000,32.632896912,-117.211792732,5.5,99.739,96.153,3.014,-1.005,-2671,,2,5.495,106.369,3,3995.127
2026-02-21T21:55:32.000Z,1771710932.000,32.63289382,-117.211763649,5.353,97.657,94.721,4.019,-2.276,-2672,,2,5.353,106.01,3,3995.873
2026-02-21T21:55:33.000Z,1771710933.000,32.632890978,-117.211734,5.478,95.367,93.414,3.235,-0.338,-2673,,2,5.475,105.622,3,3996.389
2026-02-21T21:55:34.000Z,1771710934.000,32.632887592,-117.211703714,5.725,103.037,92.942,1.851,-1.578,-2674,,2,5.697,105.349,3,3996.574
2026-02-21T21:55:35.000Z,1771710935.000,32.63288288,-117.211671862,6.073,99.62,96.335,-0.992,-1.818,-2675,,2,6.068,105.498,3,3996.364
2026-02-21T21:55:36.000Z,1771710936.000,32.632878242,-117.211639094,6.131,102.757,98.978,-2.66,-3.736,-2676,,2,6.103,105.562,3,3996.126
2026-02-21T21:55:37.000Z,1771710937.000,32.632872271,-117.211605065,6.713,104.977,98.722,1.262,-3.148,-2677,,2,6.652,105.512,3,3995.958
2026-02-21T21:55:38.000Z,1771710938.000,32.632866006,-117.211572041,6.476,100.635,100.696,1.359,-2.019,-2678,,2,6.465,105.694,3,3996.105
2026-02-21T21:55:39.000Z,1771710939.000,32.63285932,-117.211539593,6.396,106.418,101.174,4.899,-1.086,-2679,,2,6.313,105.812,3,3996.408
2026-02-21T21:55:40.000Z,1771710940.000,32.632851787,-117.211507977,6.207,101.504,100.39,1.273,-0.513,-2680,,2,6.189,105.936,3,3996.828
2026-02-21T21:55:41.000Z,1771710941.000,32.632844363,-117.211474498,6.075,106.025,101.1,0.477,-2.255,-2681,,2,6.002,106.133,3,3996.832
2026-02-21T21:55:42.000Z,1771710942.000,32.632835707,-117.211441304,6.3,106.336,100.23,2.002,-1.406,-2682,,2,6.219,106.341,3,3996.573
2026-02-21T21:55:43.000Z,1771710943.000,32.632827535,-117.211407428,6.413,106.776,99.799,0.716,-1.121,-2683,,2,6.322,106.518,3,3996.016
2026-02-21T21:55:44.000Z,1771710944.000,32.632818972,-117.211374388,6.5,107.978,101.703,1.253,-2.607,-2684,,2,6.383,106.944,3,3995.429
2026-02-21T21:55:45.000Z,1771710945.000,32.632810448,-117.211341208,6.315,107.123,101.131,1.312,-2.187,-2685,,2,6.218,107.162,3,3994.911
2026-02-21T21:55:46.000Z,1771710946.000,32.632801419,-117.211306969,6.312,107.229,100.114,5.118,-1.659,-2686,,2,6.212,107.378,3,3994.611
2026-02-21T21:55:47.000Z,1771710947.000,32.632794406,-117.211271469,6.687,102.099,100.149,-0.4,-2.027,-2687,,2,6.661,107.434,3,3994.514
2026-02-21T21:55:48.000Z,1771710948.000,32.632787908,-117.211235263,6.8,99.914,99.187,3.567,-2.704,-2688,,2,6.791,107.34,3,3994.672
2026-02-21T21:55:49.000Z,1771710949.000,32.63278335,-117.211200451,6.53,99.041,97.802,5.468,-1.658,-2689,,2,6.526,107.029,3,3994.986
2026-02-21T21:55:50.000Z,1771710950.000,32.632779691,-117.21116673,6.145,96.947,98.205,2.03,-1.356,-2690,,2,6.145,106.787,3,3995.303
2026-02-21T21:55:51.000Z,1771710951.000,32.632775909,-117.211136232,5.449,97.203,97.583,-1.725,-2.254,-2691,,2,5.449,106.539,3,3995.615
2026-02-21T21:55:52.000Z,1771710952.000,32.632770401,-117.211108145,5.327,105.386,97.54,4.128,-0.898,-2692,,2,5.269,106.574,3,3995.953
2026-02-21T21:55:53.000Z,1771710953.000,32.632765627,-117.211081026,5.1,103.754,97.05,-1.663,-1.472,-2693,,2,5.064,106.512,3,3996.124
2026-02-21T21:55:54.000Z,1771710954.000,32.632758549,-117.211052153,5.211,102.352,97.551,-0.202,-2.531,-2694,,2,5.188,106.746,3,3996.127
2026-02-21T21:55:55.000Z,1771710955.000,32.632752138,-117.211020579,6.062,103.562,95.206,2.501,-2.723,-2695,,2,6.022,106.624,3,3996.16
2026-02-21T21:55:56.000Z,1771710956.000,32.632745996,-117.21098565,6.487,101.574,95.289,2.711,-0.899,-2696,,2,6.465,106.601,3,3996.211
2026-02-21T21:55:57.000Z,1771710957.000,32.632740901,-117.210950097,6.29,96.243,96.279,2.153,-2.095,-2697,,2,6.29,106.525,3,3996.29
2026-02-21T21:55:58.000Z,1771710958.000,32.632736385,-117.210913749,6.856,99.934,96.327,5.965,-1.489,-2698,,2,6.847,106.295,3,3996.487
2026-02-21T21:55:59.000Z,1771710959.000,32.632732483,-117.210879478,6.337,100.649,95.564,3.468,-0.945,-2699,,2,6.323,105.974,3,3996.897
2026-02-21T21:56:00.000Z,1771710960.000,32.632727847,-117.21084584,6.261,100.2,96.71,-2.147,-1.484,-2700,,2,6.25,105.899,3,3997.359
2026-02-21T21:56:01.000Z,1771710961.000,32.632722796,-117.210811936,6.122,99.711,97.242,0.708,-1.266,-2701,,2,6.114,105.815,3,3997.569
2026-02-21T21:56:02.000Z,1771710962.000,32.632717537,-117.210777607,6.089,105.589,97.911,0.679,-1.661,-2702,,2,6.019,105.756,3,3997.728
2026-02-21T21:56:03.000Z,1771710963.000,32.632710665,-117.210744841,6.335,102.088,97.429,3.937,-1.295,-2703,,2,6.309,105.81,3,3997.943
2026-02-21T21:56:04.000Z,1771710964.000,32.632704942,-117.210712104,6.013,100.991,94.163,3.536,-1.968,-2704,,2,5.997,105.516,3,3998.197
2026-02-21T21:56:05.000Z,1771710965.000,32.632698936,-117.210676877,6.83,100.78,93.94,4.984,-1.603,-2705,,2,6.814,105.448,3,3998.191
2026-02-21T21:56:06.000Z,1771710966.000,32.632693591,-117.210638323,7.595,98.546,96.98,-3.206,-2.382,-2706,,2,7.591,105.504,3,3997.653
2026-02-21T21:56:07.000Z,1771710967.000,32.632686457,-117.210598643,7.312,104.612,98.9,-3.123,-2.339,-2707,,2,7.244,105.643,3,3996.996
2026-02-21T21:56:08.000Z,1771710968.000,32.632677894,-117.210559334,7.162,103.109,100.784,1.125,-2.224,-2708,,2,7.118,105.942,3,3996.572
2026-02-21T21:56:09.000Z,1771710969.000,32.632671275,-117.210521092,7.014,102.534,100.036,0.255,-2.52,-2709,,2,6.978,105.838,3,3996.403
2026-02-21T21:56:10.000Z,1771710970.000,32.632664388,-117.2104836,6.992,101.939,98.052,2.742,-2.118,-2710,,2,6.963,105.678,3,3996.281
2026-02-21T21:56:11.000Z,1771710971.000,32.632657788,-117.210446745,6.612,102.003,99.217,3.358,-1.692,-2711,,2,6.584,105.755,3,3996.082
2026-02-21T21:56:12.000Z,1771710972.000,32.632651087,-117.210413225,6.213,102.937,101.122,-1.474,-1.814,-2712,,2,6.176,105.968,3,3996.139
2026-02-21T21:56:13.000Z,1771710973.000,32.632644441,-117.210381773,6.053,100.941,100.976,-2.891,-2.238,-2713,,2,6.037,106.052,3,3996.411
2026-02-21T21:56:14.000Z,1771710974.000,32.632638722,-117.21035267,5.555,103.51,97.615,0.413,-1.913,-2714,,2,5.515,105.82,3,3996.806
2026-02-21T21:56:15.000Z,1771710975.000,32.632632909,-117.21032219,5.5,99.808,95.898,1.851,-1.674,-2715,,2,5.492,105.705,3,3996.989
2026-02-21T21:56:16.000Z,1771710976.000,32.632628191,-117.21029167,5.812,100.014,94.914,-1.847,-1.952,-2716,,2,5.802,105.53,3,3997.105
2026-02-21T21:56:17.000Z,1771710977.000,32.632622793,-117.210259316,6.219,100.455,93.894,1.233,-1.33,-2717,,2,6.205,105.389,3,3997.077
2026-02-21T21:56:18.000Z,1771710978.000,32.632617313,-117.2102264,6.015,101.115,93.63,2.462,-0.934,-2718,,2,5.997,105.307,3,3996.959
2026-02-21T21:56:19.000Z,1771710979.000,32.632612658,-117.210192948,6,95.909,93.863,0.397,-1.806,-2719,,2,6,105.164,3,3996.915
2026-02-21T21:56:20.000Z,1771710980.000,32.632609322,-117.210159795,6.2,96.777,94.915,-3.192,-1.355,-2720,,2,6.2,104.95,3,3996.979
2026-02-21T21:56:21.000Z,1771710981.000,32.632604695,-117.210126365,6.154,97.954,96.815,-2.636,-2.686,-2721,,2,6.152,104.939,3,3997.107
2026-02-21T21:56:22.000Z,1771710982.000,32.632598862,-117.210092149,6.446,101.008,95.161,5.839,-2.383,-2722,,2,6.427,104.757,3,3997.018
2026-02-21T21:56:23.000Z,1771710983.000,32.632593793,-117.210055362,6.656,100.106,94.696,3.114,-2.685,-2723,,2,6.644,104.537,3,3996.638
2026-02-21T21:56:24.000Z,1771710984.000,32.632588642,-117.210017515,7.112,98.318,94.186,0.967,-1.617,-2724,,2,7.109,104.301,3,3996.155
2026-02-21T21:56:25.000Z,1771710985.000,32.632583178,-117.209979227,7.2,100.913,95.751,4.047,-1.707,-2725,,2,7.179,104.257,3,3995.62
2026-02-21T21:56:26.000Z,1771710986.000,32.632577327,-117.209941015,7.485,100.973,96.282,0.186,-1.607,-2726,,2,7.462,104.173,3,3994.917
2026-02-21T21:56:27.000Z,1771710987.000,32.632570942,-117.209903243,6.943,100.595,98.962,-1.323,-2.356,-2727,,2,6.925,104.33,3,3994.275
2026-02-21T21:56:28.000Z,1771710988.000,32.632564088,-117.209869012,6.376,104.6,98.969,-0.699,-1.764,-2728,,2,6.313,104.393,3,3993.89
2026-02-21T21:56:29.000Z,1771710989.000,32.632557527,-117.209835133,6.487,104.023,99.522,0.665,-1.971,-2729,,2,6.431,104.475,3,3993.599
2026-02-21T21:56:30.000Z,1771710990.000,32.632551382,-117.209802194,6.278,102.743,98.244,0.137,-2.468,-2730,,2,6.24,104.382,3,3993.374
2026-02-21T21:56:31.000Z,1771710991.000,32.63254578,-117.209768439,6.4,97.484,95.714,1.307,-1.947,-2731,,2,6.399,104.113,3,3993.217
2026-02-21T21:56:32.000Z,1771710992.000,32.632541082,-117.209732771,6.335,98.465,94.836,3.27,-1.765,-2732,,2,6.331,103.841,3,3993.096
2026-02-21T21:56:33.000Z,1771710993.000,32.632537259,-117.209697136,6.625,97.734,94.231,-1.113,-2.203,-2733,,2,6.623,103.497,3,3993.275
2026-02-21T21:56:34.000Z,1771710994.000,32.632532288,-117.209662301,6.627,97.648,94.533,-2.525,-2.163,-2734,,2,6.626,103.367,3,3993.511
2026-02-21T21:56:35.000Z,1771710995.000,32.632526524,-117.209628672,6.115,101.708,96.917,1.196,-1.864,-2735,,2,6.089,103.515,3,3993.717
2026-02-21T21:56:36.000Z,1771710996.000,32.63252107,-117.209595122,6.045,101.32,98.119,-0.672,-1.732,-2736,,2,6.023,103.535,3,3993.787
2026-02-21T21:56:37.000Z,1771710997.000,32.632516779,-117.209563245,5.925,98.376,97.643,-2.069,-2.479,-2737,,2,5.922,103.327,3,3993.972
2026-02-21T21:56:38.000Z,1771710998.000,32.632511193,-117.209531322,6.273,100.366,96.817,4.601,-2.287,-2738,,2,6.258,103.231,3,3994.149
2026-02-21T21:56:39.000Z,1771710999.000,32.632506904,-117.209500442,5.924,98.413,95.887,3.236,-2.187,-2739,,2,5.92,103.006,3,3994.324
2026-02-21T21:56:40.000Z,1771711000.000,32.632503136,-117.209469565,5.534,98.486,95.796,0.304,-1.353,-2740,,2,5.53,102.792,3,3994.456
2026-02-21T21:56:41.000Z,1771711001.000,32.632499734,-117.209439261,5.662,100.286,94.54,-2.592,-2.237,-2741,,2,5.648,102.456,3,3994.694
2026-02-21T21:56:42.000Z,1771711002.000,32.632494009,-117.209409727,5.6,104.642,93.702,7.423,-1.737,-2742,,2,5.541,102.422,3,3995.052
2026-02-21T21:56:43.000Z,1771711003.000,32.632491323,-117.209380399,5.639,92.797,90.991,-1.569,-1.73,-2743,,2,5.628,101.912,3,3995.482
2026-02-21T21:56:44.000Z,1771711004.000,32.632488499,-117.209349671,5.578,98.858,90.729,-4.629,-1.953,-2744,,2,5.573,101.585,3,3995.668
2026-02-21T21:56:45.000Z,1771711005.000,32.632483158,-117.209318488,5.888,102.186,93.281,0.227,-2.397,-2745,,2,5.857,101.747,3,3995.606
2026-02-21T21:56:46.000Z,1771711006.000,32.632478838,-117.209286465,5.9,97.264,93.605,-2.59,-1.718,-2746,,2,5.899,101.604,3,3995.469
2026-02-21T21:56:47.000Z,1771711007.000,32.632474781,-117.209252775,6.485,99.95,94.611,-0.105,-2.12,-2747,,2,6.472,101.453,3,3995.015
2026-02-21T21:56:48.000Z,1771711008.000,32.632469855,-117.209217813,6.5,98.878,95.294,0.616,-2.277,-2748,,2,6.493,101.346,3,3994.666
2026-02-21T21:56:49.000Z,1771711009.000,32.632465751,-117.209182213,6.847,99.46,93.313,-0.573,-2.641,-2749,,2,6.837,100.923,3,3994.564
2026-02-21T21:56:50.000Z,1771711010.000,32.632461799,-117.209145638,6.743,98.215,92.113,1.74,-2.622,-2750,,2,6.739,100.527,3,3994.683
2026-02-21T21:56:51.000Z,1771711011.000,32.6324577,-117.20910994,6.468,94.861,93.481,2.542,-1.815,-2751,,2,6.466,100.37,3,3994.818
2026-02-21T21:56:52.000Z,1771711012.000,32.632455163,-117.209073908,6.435,96.29,92.001,-2.388,-2.29,-2752,,2,6.435,99.808,3,3994.896
2026-02-21T21:56:53.000Z,1771711013.000,32.632450038,-117.209041007,6.126,101.596,95.119,1.467,-1.612,-2753,,2,6.1,99.959,3,3995.109
2026-02-21T21:56:54.000Z,1771711014.000,32.632444303,-117.209010655,5.614,106.922,97.777,-3.222,-1.629,-2754,,2,5.517,100.191,3,3995.531
2026-02-21T21:56:55.000Z,1771711015.000,32.632439138,-117.2089814,5.768,100.462,97.711,-5.322,-1.97,-2755,,2,5.752,100.164,3,3996.104
2026-02-21T21:56:56.000Z,1771711016.000,32.632433036,-117.208951501,5.335,102.865,95.327,4.832,-1.453,-2756,,2,5.299,100.038,3,3996.606
2026-02-21T21:56:57.000Z,1771711017.000,32.632429667,-117.208919634,6.223,95.909,91.233,2.139,-2.191,-2757,,2,6.223,99.44,3,3997.2
2026-02-21T21:56:58.000Z,1771711018.000,32.632426881,-117.208884496,6.426,96.391,90.261,0.213,-1.99,-2758,,2,6.426,98.965,3,3997.671
2026-02-21T21:56:59.000Z,1771711019.000,32.63242385,-117.208848181,6.853,95.553,91.89,0.842,-1.862,-2759,,2,6.853,98.7,3,3998.012
2026-02-21T21:57:00.000Z,1771711020.000,32.632419862,-117.208810274,6.722,98.833,96.756,-2.118,-1.896,-2760,,2,6.715,98.768,3,3998.019
2026-02-21T21:57:01.000Z,1771711021.000,32.63241303,-117.208775897,6.6,103.884,99.42,-1.414,-1.697,-2761,,2,6.54,99.04,3,3998.157
2026-02-21T21:57:02.000Z,1771711022.000,32.632406102,-117.208743549,6.112,102.726,101.254,-0.653,-2.562,-2762,,2,6.072,99.296,3,3998.258
2026-02-21T21:57:03.000Z,1771711023.000,32.632399955,-117.208712773,5.847,105.785,97.979,0.608,-2.607,-2763,,2,5.764,99.085,3,3998.463
2026-02-21T21:57:04.000Z,1771711024.000,32.632393927,-117.208680714,6.285,101.383,95.498,2.3,-2.252,-2764,,2,6.258,98.9,3,3998.391
2026-02-21T21:57:05.000Z,1771711025.000,32.632388054,-117.208645028,6.224,104.117,95.047,-0.354,-2.15,-2765,,2,6.163,98.79,3,3997.99
2026-02-21T21:57:06.000Z,1771711026.000,32.632381801,-117.208609167,6.525,102.175,95.167,2.276,-1.997,-2766,,2,6.488,98.764,3,3997.751
2026-02-21T21:57:07.000Z,1771711027.000,32.632376899,-117.208572843,6.7,97.336,95.046,-0.575,-2.276,-2767,,2,6.698,98.562,3,3997.853
2026-02-21T21:57:08.000Z,1771711028.000,32.632371472,-117.208537868,6.653,103.304,98.128,-0.515,-2.072,-2768,,2,6.599,98.703,3,3998.07
2026-02-21T21:57:09.000Z,1771711029.000,32.632365454,-117.208503082,6.055,103.589,100.177,-1.713,-1.688,-2769,,2,6.002,98.829,3,3998.336
2026-02-21T21:57:10.000Z,1771711030.000,32.632358976,-117.208472841,5.675,103.551,103.016,-3.856,-2.179,-2770,,2,5.625,99.16,3,3998.897
2026-02-21T21:57:11.000Z,1771711031.000,32.632352528,-117.208444199,5.313,105.627,101.497,-2.501,-1.89,-2771,,2,5.238,99.166,3,3999.508
2026-02-21T21:57:12.000Z,1771711032.000,32.632345772,-117.208416024,5.654,104.35,98.606,1.901,-2.404,-2772,,2,5.593,99.104,3,3999.935
2026-02-21T21:57:13.000Z,1771711033.000,32.632340154,-117.208383059,6.256,100.979,93.595,1.842,-1.423,-2773,,2,6.232,98.653,3,3999.742
2026-02-21T21:57:14.000Z,1771711034.000,32.632334057,-117.208348828,6.312,101.472,93.912,7.941,-1.754,-2774,,2,6.283,98.658,3,3999.409
2026-02-21T21:57:15.000Z,1771711035.000,32.632330695,-117.208312671,6.613,94.274,92.166,-1.96,-1.923,-2775,,2,6.61,98.162,3,3998.92
2026-02-21T21:57:16.000Z,1771711036.000,32.632325261,-117.208275974,6.939,102.092,94.846,3.291,-2.892,-2776,,2,6.898,98.235,3,3998.359
2026-02-21T21:57:17.000Z,1771711037.000,32.632320366,-117.208237702,6.945,99.323,96.835,-1.534,-2.242,-2777,,2,6.932,98.164,3,3997.811
2026-02-21T21:57:18.000Z,1771711038.000,32.632313011,-117.208201091,6.912,104.774,101.042,1.386,-2.689,-2778,,2,6.828,98.574,3,3997.498
2026-02-21T21:57:19.000Z,1771711039.000,32.632305425,-117.208165357,6.648,101.728,100.952,-2.542,-2.094,-2779,,2,6.613,98.678,3,3997.297
2026-02-21T21:57:20.000Z,1771711040.000,32.632297762,-117.208129757,6.685,107.107,100.779,0.158,-2.791,-2780,,2,6.554,98.786,3,3997.166
2026-02-21T21:57:21.000Z,1771711041.000,32.632288621,-117.208093097,6.742,104.521,101.274,3.723,-2.455,-2781,,2,6.662,99.088,3,3996.689
2026-02-21T21:57:22.000Z,1771711042.000,32.632281519,-117.208056902,7.264,99.487,103.051,-2.926,-2.396,-2782,,2,7.248,99.282,3,3996.333
2026-02-21T21:57:23.000Z,1771711043.000,32.632273795,-117.208021291,6.888,102.173,103.593,2.262,-2.238,-2783,,2,6.843,99.455,3,3996.152
2026-02-21T21:57:24.000Z,1771711044.000,32.632267257,-117.207987175,6.415,100.011,101.629,3.425,-2.018,-2784,-992.058,2,6.396,99.326,3,3996.359
2026-02-21T21:57:25.000Z,1771711045.000,32.632262096,-117.207954807,5.746,101.639,100.249,0.163,-1.863,-2785,-988.993,2,5.714,99.129,3,3996.751
2026-02-21T21:57:26.000Z,1771711046.000,32.632256513,-117.207923849,5.512,103.703,96.633,2.632,-2.016,-2786,-986.071,2,5.457,98.825,3,3997.216
2026-02-21T21:57:27.000Z,1771711047.000,32.6322515,-117.20789425,5.5,99.962,94.761,1.44,-1.584,-2787,-983.277,2,5.484,98.629,3,3997.602
2026-02-21T21:57:28.000Z,1771711048.000,32.632246388,-117.207864906,5.44,106.479,95.501,-0.085,-2.642,-2788,-980.466,2,5.342,98.658,3,3997.94
2026-02-21T21:57:29.000Z,1771711049.000,32.632240403,-117.207834516,5.6,104.737,97.137,0.812,-1.83,-2789,-977.525,2,5.528,98.834,3,3997.957
2026-02-21T21:57:30.000Z,1771711050.000,32.632234175,-117.207803101,5.366,105.261,97.015,-0.435,-2.45,-2790,-974.506,2,5.289,98.874,3,3998.002
2026-02-21T21:57:31.000Z,1771711051.000,32.63222815,-117.20777215,5.975,99.825,97.641,3.146,-1.224,-2791,-971.527,2,5.958,98.962,3,3998.394
2026-02-21T21:57:32.000Z,1771711052.000,32.632223281,-117.207742552,5.44,99.448,97.259,0.077,-2.292,-2792,-968.716,2,5.427,98.87,3,3999.075
2026-02-21T21:57:33.000Z,1771711053.000,32.632218436,-117.207714406,5.131,102.459,94.212,3.703,-1.263,-2793,-966.076,2,5.092,98.59,3,4000.11
2026-02-21T21:57:34.000Z,1771711054.000,32.632215433,-117.207684616,5.478,95.954,90.103,2.064,-2.456,-2794,-963.375,2,5.478,97.994,3,4000.935
2026-02-21T21:57:35.000Z,1771711055.000,32.632212384,-117.207653743,5.8,96.952,89.661,4.073,-0.874,-2795,-960.509,2,5.798,97.674,3,4001.417
2026-02-21T21:57:36.000Z,1771711056.000,32.632210259,-117.207620735,6.474,93.936,91.712,-0.58,-2.055,-2796,-957.425,2,6.471,97.41,3,4001.414
2026-02-21T21:57:37.000Z,1771711057.000,32.63220682,-117.20758739,6.27,98.195,92.651,1.901,-1.992,-2797,-954.296,2,6.262,97.193,3,4001.174
2026-02-21T21:57:38.000Z,1771711058.000,32.632203255,-117.207552221,6.578,94.397,93.49,-0.338,-1.73,-2798,-951.003,2,6.577,96.946,3,4000.658
2026-02-21T21:57:39.000Z,1771711059.000,32.632198891,-117.207518173,6.4,99.43,95.606,0.401,-2.267,-2799,-947.768,2,6.384,96.911,3,4000.375
2026-02-21T21:57:40.000Z,1771711060.000,32.632192724,-117.207485469,5.851,105.281,97.338,1.255,-1.159,-2800,-944.612,2,5.764,97.069,3,4000.368
2026-02-21T21:57:41.000Z,1771711061.000,32.632186795,-117.20745292,6.146,104.045,97.329,-1.51,-2.078,-2801,-941.499,2,6.076,97.063,3,4000.672
2026-02-21T21:57:42.000Z,1771711062.000,32.632179072,-117.207420288,6,108.661,96.705,3.288,-1.974,-2802,-938.332,2,5.838,97.201,3,4000.96
2026-02-21T21:57:43.000Z,1771711063.000,32.632171995,-117.207387674,6.188,102.555,98.111,-2.765,-2.661,-2803,-935.163,2,6.138,97.433,3,4001.402
2026-02-21T21:57:44.000Z,1771711064.000,32.632165243,-117.207353476,6.425,102.51,100.349,-5.593,-2.951,-2804,-931.856,2,6.373,97.666,3,4001.785
2026-02-21T21:57:45.000Z,1771711065.000,32.632157386,-117.20731959,6.415,105.03,101.219,2.481,-2.198,-2805,-928.559,2,6.321,97.914,3,4002.089
2026-02-21T21:57:46.000Z,1771711066.000,32.632150161,-117.207285228,6.446,102.253,99.397,4.036,-2.31,-2806,-925.257,2,6.397,97.866,3,4002.362
2026-02-21T21:57:47.000Z,1771711067.000,32.632144377,-117.207251923,5.924,104.58,99.389,3.336,-1.94,-2807,-922.08,2,5.844,97.829,3,4002.629
2026-02-21T21:57:48.000Z,1771711068.000,32.632140024,-117.207221489,5.25,96.008,98.096,0.479,-2.021,-2808,-919.217,2,5.249,97.59,3,4003.003
2026-02-21T21:57:49.000Z,1771711069.000,32.632136175,-117.207191862,5.573,98.127,93.976,0.75,-2.472,-2809,-916.486,2,5.565,97.086,3,4003.461
2026-02-21T21:57:50.000Z,1771711070.000,32.63213128,-117.207161657,5.585,99.58,92.858,2.819,-2.724,-2810,-913.633,2,5.568,96.925,3,4004.01
2026-02-21T21:57:51.000Z,1771711071.000,32.632127094,-117.20712842,6.543,98.283,93.07,-0.572,-2.5,-2811,-910.506,2,6.533,96.734,3,4004.192
2026-02-21T21:57:52.000Z,1771711072.000,32.632122637,-117.207092545,6.65,100.538,93.71,-1.096,-2.094,-2812,-907.126,2,6.62,96.554,3,4004.127
2026-02-21T21:57:53.000Z,1771711073.000,32.632116706,-117.207055706,6.754,100.322,95.876,5.803,-2.271,-2813,-903.593,2,6.725,96.638,3,4003.841
2026-02-21T21:57:54.000Z,1771711074.000,32.632111923,-117.207019905,6.769,97.368,97.46,1.161,-1.532,-2814,-900.201,2,6.764,96.571,3,4003.85
2026-02-21T21:57:55.000Z,1771711075.000,32.63210637,-117.206985274,6.3,101.956,98.572,-1.855,-2.054,-2815,-896.899,2,6.253,96.574,3,4003.83
2026-02-21T21:57:56.000Z,1771711076.000,32.632100588,-117.206953754,5.987,102.737,97.011,2.374,-2.876,-2816,-893.9,2,5.932,96.447,3,4003.976
2026-02-21T21:57:57.000Z,1771711077.000,32.632094884,-117.206923301,5.453,101.86,96.965,0.791,-1.396,-2817,-890.983,2,5.413,96.455,3,4004.164
2026-02-21T21:57:58.000Z,1771711078.000,32.632089672,-117.206893209,5.661,103.353,98.308,-1.782,-1.995,-2818,-888.098,2,5.599,96.53,3,4004.475
2026-02-21T21:57:59.000Z,1771711079.000,32.632083237,-117.206862872,5.422,103.511,95.811,2.91,-2.417,-2819,-885.199,2,5.361,96.422,3,4004.831
2026-02-21T21:58:00.000Z,1771711080.000,32.632079182,-117.20683257,5.764,95.792,93.45,3.044,-2.59,-2820,-882.381,2,5.763,96.069,3,4005.601
2026-02-21T21:58:01.000Z,1771711081.000,32.632075622,-117.206800106,6.161,98.67,93.374,0.206,-2.195,-2821,-879.347,2,6.147,95.802,3,4006.228
2026-02-21T21:58:02.000Z,1771711082.000,32.632071665,-117.206765337,6.794,98.305,95.039,0.613,-2.119,-2822,-876.066,2,6.781,95.672,3,4006.692
2026-02-21T21:58:03.000Z,1771711083.000,32.632065348,-117.206729972,6.211,101.713,98.075,2.415,-1.865,-2823,-872.649,2,6.166,95.898,3,4006.701
2026-02-21T21:58:04.000Z,1771711084.000,32.632059452,-117.206697052,5.961,101.233,101.412,-0.028,-1.702,-2824,-869.476,2,5.922,96.152,3,4006.678
2026-02-21T21:58:05.000Z,1771711085.000,32.632052282,-117.206666354,5.652,107.479,103.13,-0.325,-2.101,-2825,-866.485,2,5.512,96.458,3,4006.625
2026-02-21T21:58:06.000Z,1771711086.000,32.632044778,-117.206637605,5.4,109.768,102.314,2.084,-2.136,-2826,-863.671,2,5.213,96.634,3,4006.792
2026-02-21T21:58:07.000Z,1771711087.000,32.63203727,-117.206608434,5.222,105.802,100.395,2.491,-1.899,-2827,-860.827,2,5.122,96.712,3,4006.926
2026-02-21T21:58:08.000Z,1771711088.000,32.632030877,-117.206580121,5.665,102.948,98.235,3.046,-2.122,-2828,-858.101,2,5.604,96.667,3,4007.328
2026-02-21T21:58:09.000Z,1771711089.000,32.632025147,-117.206550248,5.537,103.512,96.09,1.885,-2.012,-2829,-855.26,2,5.47,96.52,3,4007.85
2026-02-21T21:58:10.000Z,1771711090.000,32.632019641,-117.206518678,6.054,102.172,93.676,3.831,-2.62,-2830,-852.284,2,6.001,96.295,3,4008.317
2026-02-21T21:58:11.000Z,1771711091.000,32.632014754,-117.206485682,6.354,98.938,93.574,4.158,-1.923,-2831,-849.164,2,6.335,96.159,3,4008.685
2026-02-21T21:58:12.000Z,1771711092.000,32.632011185,-117.206452054,5.946,97.535,95.512,0.755,-1.521,-2832,-845.993,2,5.938,96.032,3,4008.852
2026-02-21T21:58:13.000Z,1771711093.000,32.632006885,-117.206421106,5.612,99.001,97.274,-1.471,-2.15,-2833,-843.051,2,5.595,96.024,3,4009.19
2026-02-21T21:58:14.000Z,1771711094.000,32.632001811,-117.206391068,5.573,100.689,96.733,-1.266,-2.132,-2834,-840.196,2,5.54,95.932,3,4009.655
2026-02-21T21:58:15.000Z,1771711095.000,32.631997489,-117.206360033,5.939,96.193,93.332,-0.479,-1.811,-2835,-837.318,2,5.936,95.509,3,4010.251
2026-02-21T21:58:16.000Z,1771711096.000,32.631993039,-117.206325018,6.464,96.743,91.45,3.095,-2.034,-2836,-834.061,2,6.459,95.144,3,4010.307
2026-02-21T21:58:17.000Z,1771711097.000,32.631989487,-117.20628965,6.5,96.062,90.169,4.066,-2.609,-2837,-830.79,2,6.497,94.722,3,4010.131
2026-02-21T21:58:18.000Z,1771711098.000,32.631987119,-117.206252947,6.713,91.316,91.457,1.866,-2.03,-2838,-827.382,2,6.703,94.35,3,4009.513
2026-02-21T21:58:19.000Z,1771711099.000,32.631984736,-117.206217189,6.432,96.164,94.197,0.024,-1.953,-2839,-824.036,2,6.428,94.115,3,4008.875
2026-02-21T21:58:20.000Z,1771711100.000,32.631981477,-117.206182469,6.2,95.424,95.118,-0.053,-1.676,-2840,-820.793,2,6.199,93.851,3,4008.302
2026-02-21T21:58:21.000Z,1771711101.000,32.631978138,-117.206150292,5.925,96.513,95.349,0.757,-1.503,-2841,-817.787,2,5.921,93.59,3,4008.184
2026-02-21T21:58:22.000Z,1771711102.000,32.631974071,-117.206119959,5.354,97.593,94.455,0.361,-2.039,-2842,-814.942,2,5.346,93.355,3,4008.525
2026-02-21T21:58:23.000Z,1771711103.000,32.631969492,-117.206089798,5.669,100.608,94.676,0.705,-2.251,-2843,-812.082,2,5.635,93.269,3,4009.26
2026-02-21T21:58:24.000Z,1771711104.000,32.631964587,-117.206057634,5.967,99.887,93.938,1.006,-1.982,-2844,-809.045,2,5.939,93.101,3,4009.839
2026-02-21T21:58:25.000Z,1771711105.000,32.631959796,-117.206024662,6.4,98.823,91.637,3.747,-2.159,-2845,-805.969,2,6.38,92.779,3,4010.331
2026-02-21T21:58:26.000Z,1771711106.000,32.631955681,-117.20599004,6.473,95.973,91.955,6.621,-2.625,-2846,-802.717,2,6.47,92.561,3,4010.412
2026-02-21T21:58:27.000Z,1771711107.000,32.631951871,-117.205955202,6.37,97.505,94.417,3.554,-1.163,-2847,-799.418,2,6.36,92.478,3,4010.279
2026-02-21T21:58:28.000Z,1771711108.000,32.631947647,-117.20592069,6.389,98.6,97.057,0.717,-2.143,-2848,-796.142,2,6.37,92.461,3,4009.915
2026-02-21T21:58:29.000Z,1771711109.000,32.631943647,-117.205887079,6.275,96.897,96.39,-1.912,-2.202,-2849,-792.999,2,6.268,92.171,3,4009.633
2026-02-21T21:58:30.000Z,1771711110.000,32.631939187,-117.205853027,6.474,98.96,92.295,3.444,-2.119,-2850,-789.859,2,6.452,91.648,3,4009.437
2026-02-21T21:58:31.000Z,1771711111.000,32.631936168,-117.205817134,6.685,94.279,89.621,5.348,-3.02,-2851,-786.584,2,6.685,91.047,3,4009.39
2026-02-21T21:58:32.000Z,1771711112.000,32.631932966,-117.205778702,7.067,95.633,90.768,2.867,-1.812,-2852,-782.997,2,7.065,90.719,3,4009.308
2026-02-21T21:58:33.000Z,1771711113.000,32.631930121,-117.205741012,7.025,95.856,94.15,-2.298,-2.733,-2853,-779.45,2,7.022,90.547,3,4009.273
2026-02-21T21:58:34.000Z,1771711114.000,32.631924983,-117.205703782,6.874,100.934,97.785,1.161,-2.275,-2854,-775.889,2,6.825,90.655,3,4009.205
2026-02-21T21:58:35.000Z,1771711115.000,32.631920405,-117.205668012,6.615,95.557,96.584,3.629,-2.453,-2855,-772.54,2,6.613,90.342,3,4009.255
2026-02-21T21:58:36.000Z,1771711116.000,32.631917546,-117.205633452,6.122,95.089,93.307,3.894,-2.149,-2856,-769.386,2,6.122,89.7,3,4009.602
2026-02-21T21:58:37.000Z,1771711117.000,32.63191496,-117.205602035,5.763,94.763,92.831,3.2,-2.255,-2857,-766.483,2,5.763,89.316,3,4010.141
2026-02-21T21:58:38.000Z,1771711118.000,32.631912682,-117.205571667,5.613,95.24,92.072,-0.427,-2.332,-2858,-763.689,2,5.612,88.897,3,4010.967
2026-02-21T21:58:39.000Z,1771711119.000,32.631909044,-117.205541296,5.669,96.676,91.944,1.527,-2.566,-2859,-760.843,2,5.664,88.676,3,4011.974
2026-02-21T21:58:40.000Z,1771711120.000,32.631906787,-117.205508285,5.889,95.729,91.069,0.248,-2.254,-2860,-757.815,2,5.887,88.193,3,4012.956
2026-02-21T21:58:41.000Z,1771711121.000,32.63190397,-117.205475153,6.2,96.785,91.506,1.011,-1.94,-2861,-754.733,2,6.193,87.873,3,4013.683
2026-02-21T21:58:42.000Z,1771711122.000,32.631900808,-117.205440862,6.4,96.778,91.444,3.909,-1.876,-2862,-751.546,2,6.393,87.528,3,4014.164
2026-02-21T21:58:43.000Z,1771711123.000,32.631898283,-117.20540682,6.146,94.75,92.741,2.199,-2.195,-2863,-748.376,2,6.145,87.226,3,4014.555
2026-02-21T21:58:44.000Z,1771711124.000,32.631894566,-117.205372648,6.278,98.591,95.158,1.218,-1.867,-2864,-745.143,2,6.258,87.143,3,4014.898
2026-02-21T21:58:45.000Z,1771711125.000,32.631890063,-117.205341251,5.636,100.952,96.503,0.172,-1.972,-2865,-742.157,2,5.594,87.114,3,4015.37
2026-02-21T21:58:46.000Z,1771711126.000,32.631884978,-117.205310045,5.674,102.535,96.442,0.165,-1.906,-2866,-739.191,2,5.61,87.039,3,4015.858
2026-02-21T21:58:47.000Z,1771711127.000,32.631879436,-117.205277968,6.069,100.925,95.661,2.429,-2.696,-2867,-736.143,2,6.024,86.938,3,4016.203
2026-02-21T21:58:48.000Z,1771711128.000,32.631874714,-117.205242301,6.479,98.396,93.156,3.078,-2.679,-2868,-732.823,2,6.459,86.539,3,4016.322
2026-02-21T21:58:49.000Z,1771711129.000,32.631871089,-117.205204956,6.876,95.231,92.51,2.75,-2.086,-2869,-729.358,2,6.875,86.136,3,4016.391
2026-02-21T21:58:50.000Z,1771711130.000,32.631867741,-117.205167225,6.9,98.159,92.493,5.152,-1.904,-2870,-725.854,2,6.881,85.745,3,4016.271
2026-02-21T21:58:51.000Z,1771711131.000,32.631864059,-117.205130264,6.785,96.83,94.805,2.541,-2.483,-2871,-722.372,2,6.776,85.594,3,4016.217
2026-02-21T21:58:52.000Z,1771711132.000,32.631858444,-117.205093391,6.6,104.203,97.801,1.989,-1.927,-2872,-718.839,2,6.491,85.71,3,4016.124
2026-02-21T21:58:53.000Z,1771711133.000,32.631852013,-117.205059004,6.588,103.788,99.487,-1.969,-2.482,-2873,-715.528,2,6.487,85.859,3,4016.199
2026-02-21T21:58:54.000Z,1771711134.000,32.631843721,-117.205026221,6.012,106.518,99.293,1.658,-2.363,-2874,-712.325,2,5.861,86.09,3,4016.2
2026-02-21T21:58:55.000Z,1771711135.000,32.631836174,-117.204992257,6.486,104.295,98.657,1.741,-2.265,-2875,-709.042,2,6.374,86.181,3,4016.075
2026-02-21T21:58:56.000Z,1771711136.000,32.631828632,-117.204956905,6.663,105.253,99.776,-1.295,-1.897,-2876,-705.618,2,6.524,86.386,3,4015.954
2026-02-21T21:58:57.000Z,1771711137.000,32.631820072,-117.204918826,6.944,105.36,102.934,-1.697,-2.251,-2877,-701.909,2,6.794,86.813,3,4015.782
2026-02-21T21:58:58.000Z,1771711138.000,32.631811981,-117.204881792,7.075,101.746,103.04,-0.178,-1.935,-2878,-698.326,2,6.999,86.962,3,4015.654
2026-02-21T21:58:59.000Z,1771711139.000,32.631803394,-117.204844989,6.926,105.949,100.817,7.661,-1.585,-2879,-694.761,2,6.758,86.98,3,4015.348
2026-02-21T21:59:00.000Z,1771711140.000,32.631796314,-117.204810108,6.631,103.7,97.894,4.315,-2.45,-2880,-691.429,2,6.521,86.817,3,4015.098
2026-02-21T21:59:01.000Z,1771711141.000,32.631790249,-117.204773902,6.678,102.285,97.519,-0.271,-2.224,-2881,-687.986,2,6.594,86.723,3,4014.654
2026-02-21T21:59:02.000Z,1771711142.000,32.63178367,-117.204738147,6.625,100.607,97.198,2.75,-2.057,-2882,-684.568,2,6.569,86.698,3,4013.995
2026-02-21T21:59:03.000Z,1771711143.000,32.631777677,-117.204701405,6.926,99.991,95.905,3.333,-2.345,-2883,-681.091,2,6.876,86.512,3,4013.296
2026-02-21T21:59:04.000Z,1771711144.000,32.631771853,-117.204664306,7.1,99.591,96.416,2.914,-2.515,-2884,-677.564,2,7.054,86.446,3,4012.703
2026-02-21T21:59:05.000Z,1771711145.000,32.631766377,-117.204626251,6.822,101.478,97.084,0.426,-2.98,-2885,-673.959,2,6.748,86.336,3,4012.421
2026-02-21T21:59:06.000Z,1771711146.000,32.631760553,-117.2045888,6.976,101.571,97.34,0.2,-2.023,-2886,-670.404,2,6.897,86.242,3,4012.523
2026-02-21T21:59:07.000Z,1771711147.000,32.6317544,-117.204553732,6.526,103.61,98.991,2.527,-1.733,-2887,-667.039,2,6.412,86.345,3,4012.719
2026-02-21T21:59:08.000Z,1771711148.000,32.631748136,-117.204520484,6.31,98.31,98.473,-0.104,-1.953,-2888,-663.858,2,6.281,86.32,3,4012.988
2026-02-21T21:59:09.000Z,1771711149.000,32.631741514,-117.204487468,6.384,102.138,98.911,-2.781,-3.554,-2889,-660.678,2,6.299,86.417,3,4013.163
2026-02-21T21:59:10.000Z,1771711150.000,32.631733594,-117.204453687,6.412,106.78,99.269,-0.216,-1.867,-2890,-657.391,2,6.219,86.632,3,4013.268
2026-02-21T21:59:11.000Z,1771711151.000,32.631725683,-117.204418654,6.637,103.525,101.092,-0.039,-2.419,-2891,-653.981,2,6.516,86.941,3,4013.119
2026-02-21T21:59:12.000Z,1771711152.000,32.631717281,-117.20438302,6.786,103.465,101.953,-0.873,-2.527,-2892,-650.511,2,6.662,87.212,3,4013.019
2026-02-21T21:59:13.000Z,1771711153.000,32.631709025,-117.204347327,6.461,104.937,102.805,-1.351,-1.935,-2893,-647.041,2,6.307,87.466,3,4013.04
2026-02-21T21:59:14.000Z,1771711154.000,32.631702071,-117.20431172,6.5,101.816,101.146,-1.493,-2.337,-2894,-643.629,2,6.411,87.377,3,4013.377
2026-02-21T21:59:15.000Z,1771711155.000,32.631696249,-117.204278633,5.85,105.538,98.08,2.4,-2.169,-2895,-640.497,2,5.695,87.101,3,4013.992
2026-02-21T21:59:16.000Z,1771711156.000,32.63169096,-117.204247295,5.54,103.893,97.911,-0.363,-1.769,-2896,-637.514,2,5.426,87.037,3,4014.724
2026-02-21T21:59:17.000Z,1771711157.000,32.631685151,-117.204216759,5.753,104.578,99.823,-6.101,-2.594,-2897,-634.568,2,5.619,87.214,3,4015.336
2026-02-21T21:59:18.000Z,1771711158.000,32.631677102,-117.204185356,5.8,109.249,99.974,-3.002,-2.003,-2898,-631.493,2,5.542,87.474,3,4015.901
2026-02-21T21:59:19.000Z,1771711159.000,32.631668758,-117.204154768,5.725,107.188,100.421,0.242,-1.472,-2899,-628.482,2,5.524,87.807,3,4016.356
2026-02-21T21:59:20.000Z,1771711160.000,32.631662683,-117.204123359,5.974,102.292,98.962,-4.409,-2.552,-2900,-625.479,2,5.876,87.722,3,4016.89
2026-02-21T21:59:21.000Z,1771711161.000,32.631657057,-117.204091822,5.97,103.772,98.025,-0.955,-1.84,-2901,-622.476,2,5.841,87.628,3,4017.371
2026-02-21T21:59:22.000Z,1771711162.000,32.631651177,-117.204059082,6.1,100.655,96.864,-0.18,-2.087,-2902,-619.36,2,6.028,87.52,3,4017.68
2026-02-21T21:59:23.000Z,1771711163.000,32.631646503,-117.2040262,6.176,99.064,96.749,-2.69,-2.299,-2903,-616.255,2,6.126,87.362,3,4018.143
2026-02-21T21:59:24.000Z,1771711164.000,32.631641725,-117.20399271,6.226,101.397,96.035,-5.006,-1.672,-2904,-613.101,2,6.137,87.156,3,4018.45
2026-02-21T21:59:25.000Z,1771711165.000,32.631636357,-117.20395899,6.339,102.415,95.077,-0.247,-1.982,-2905,-609.912,2,6.228,86.989,3,4018.667
2026-02-21T21:59:26.000Z,1771711166.000,32.631631446,-117.203924476,6.043,97.186,94.939,1.47,-1.922,-2906,-606.654,2,6.014,86.823,3,4018.606
2026-02-21T21:59:27.000Z,1771711167.000,32.631627442,-117.203891676,5.848,98.597,96.054,-4.203,-2.116,-2907,-603.56,2,5.804,86.693,3,4018.649
2026-02-21T21:59:28.000Z,1771711168.000,32.631622078,-117.203859958,5.726,102.786,97.182,-3.284,-1.745,-2908,-600.524,2,5.615,86.735,3,4018.493
2026-02-21T21:59:29.000Z,1771711169.000,32.631616966,-117.203829161,5.985,100.085,95.303,0.113,-2.124,-2909,-597.619,2,5.917,86.524,3,4018.361
2026-02-21T21:59:30.000Z,1771711170.000,32.63161346,-117.203796255,6.179,95.536,90.735,3.049,-2.459,-2910,-594.626,2,6.163,85.883,3,4018.244
2026-02-21T21:59:31.000Z,1771711171.000,32.631611118,-117.203760781,6.741,95.065,88.217,3.412,-2.567,-2911,-591.412,2,6.728,85.23,3,4018.263
2026-02-21T21:59:32.000Z,1771711172.000,32.631609664,-117.203721182,7.587,92.636,88.694,-1.503,-1.921,-2912,-587.785,2,7.586,84.636,3,4017.983
2026-02-21T21:59:33.000Z,1771711173.000,32.63160588,-117.203681895,7.161,97.89,94.05,0.478,-2.348,-2913,-584.022,2,7.114,84.69,3,4017.689
2026-02-21T21:59:34.000Z,1771711174.000,32.631600311,-117.203643918,6.846,98.559,97.306,2.198,-2.275,-2914,-580.384,2,6.79,84.8,3,4017.503
2026-02-21T21:59:35.000Z,1771711175.000,32.631594822,-117.20360873,6.312,101.966,100.199,-2.319,-2.377,-2915,-577.018,2,6.2,84.928,3,4017.674
2026-02-21T21:59:36.000Z,1771711176.000,32.631588139,-117.203577843,5.612,107.039,102.525,-1.009,-2.202,-2916,-574.018,2,5.394,85.227,3,4018.068
2026-02-21T21:59:37.000Z,1771711177.000,32.631580988,-117.203549669,5.327,107.558,103.213,-0.17,-1.897,-2917,-571.261,2,5.104,85.498,3,4018.628
2026-02-21T21:59:38.000Z,1771711178.000,32.631574128,-117.203522713,5.269,106.609,101.735,-1.379,-1.953,-2918,-568.631,2,5.071,85.585,3,4019.409
2026-02-21T21:59:39.000Z,1771711179.000,32.631567182,-117.203494068,5.554,103.515,97.721,0.867,-1.457,-2919,-565.873,2,5.417,85.443,3,4020.192
2026-02-21T21:59:40.000Z,1771711180.000,32.631561456,-117.20346332,6.075,102.836,96.947,0.359,-2.03,-2920,-562.937,2,5.939,85.389,3,4020.879
2026-02-21T21:59:41.000Z,1771711181.000,32.631554941,-117.203429714,6.533,104.72,98.613,-1.789,-2.395,-2921,-559.693,2,6.336,85.561,3,4021.126
2026-02-21T21:59:42.000Z,1771711182.000,32.631547763,-117.203395481,6.784,101.375,101.382,-3.031,-1.908,-2922,-556.369,2,6.662,85.883,3,4021.234
2026-02-21T21:59:43.000Z,1771711183.000,32.631539727,-117.203360135,6.411,104.356,104.041,-1.673,-1.807,-2923,-552.93,2,6.22,86.266,3,4021.122
2026-02-21T21:59:44.000Z,1771711184.000,32.631532734,-117.203327759,5.925,102.939,103.603,-1.645,-2.023,-2924,-549.802,2,5.779,86.345,3,4021.312
2026-02-21T21:59:45.000Z,1771711185.000,32.631526456,-117.203297967,5.5,102.509,100.312,-1.296,-1.791,-2925,-546.943,2,5.373,86.165,3,4021.612
2026-02-21T21:59:46.000Z,1771711186.000,32.631520447,-117.203269825,5.215,102.87,99.267,0.603,-1.34,-2926,-544.234,2,5.086,86.172,3,4021.937
2026-02-21T21:59:47.000Z,1771711187.000,32.631515087,-117.203242469,4.911,104.435,97.641,-2.377,-2.057,-2927,-541.622,2,4.756,86.077,3,4022.323
2026-02-21T21:59:48.000Z,1771711188.000,32.631508794,-117.203215396,5.076,106.752,94.654,-0.449,-1.855,-2928,-539.032,2,4.859,85.98,3,4022.848
2026-02-21T21:59:49.000Z,1771711189.000,32.631502906,-117.203185008,6.205,101.329,92.567,-1.729,-3.777,-2929,-536.15,2,6.082,85.846,3,4023.162
2026-02-21T21:59:50.000Z,1771711190.000,32.631496737,-117.203148741,7.219,101.121,91.907,-1.444,-2.747,-2930,-532.707,2,7.078,85.74,3,4022.939
2026-02-21T21:59:51.000Z,1771711191.000,32.631489006,-117.203106473,7.688,105.347,97.551,1.623,-1.451,-2931,-528.577,2,7.399,86.19,3,4021.928
2026-02-21T21:59:52.000Z,1771711192.000,32.631480674,-117.203065982,7.437,101.949,101.249,3.65,-1.442,-2932,-524.644,2,7.26,86.587,3,4021.021
2026-02-21T21:59:53.000Z,1771711193.000,32.631474063,-117.203028204,6.914,100.809,103.384,-0.757,-1.997,-2933,-521.029,2,6.774,86.725,3,4020.309
2026-02-21T21:59:54.000Z,1771711194.000,32.631467468,-117.202994815,5.665,105.272,102.26,-0.266,-2.244,-2934,-517.824,2,5.442,86.684,3,4020.074
2026-02-21T21:59:55.000Z,1771711195.000,32.631460702,-117.202963574,5.984,103.798,98.127,1.025,-2.186,-2935,-514.836,2,5.788,86.461,3,4020.155
2026-02-21T21:59:56.000Z,1771711196.000,32.631455034,-117.202931179,5.987,99.392,94.193,-1.845,-2.579,-2936,-511.796,2,5.89,86.114,3,4020.471
2026-02-21T21:59:57.000Z,1771711197.000,32.631450316,-117.202896856,6.734,97.703,91.548,-1.818,-2.153,-2937,-508.606,2,6.656,85.73,3,4020.631
2026-02-21T21:59:58.000Z,1771711198.000,32.631446291,-117.202859834,7.171,95.94,90.545,0.217,-1.742,-2938,-505.166,2,7.117,85.349,3,4020.682
2026-02-21T21:59:59.000Z,1771711199.000,32.631442045,-117.202821766,7.316,95.718,91.486,2.484,-2.08,-2939,-501.586,2,7.263,85.125,3,4020.405
2026-02-21T22:00:00.000Z,1771711200.000,32.631439145,-117.202781599,7.2,95.006,91.655,-1.84,-2.317,-2940,-497.873,2,7.157,84.652,3,4019.919
2026-02-21T22:00:01.000Z,1771711201.000,32.631436316,-117.202742861,6.914,94.954,92.592,-4.333,-1.693,-2941,-494.276,2,6.872,84.262,3,4019.312
2026-02-21T22:00:02.000Z,1771711202.000,32.631431863,-117.202705924,6.556,99.051,94.637,0.85,-2.16,-2942,-490.777,2,6.446,84.173,3,4018.602
2026-02-21T22:00:03.000Z,1771711203.000,32.631427225,-117.202671682,6.146,100.121,95.515,-2.894,-1.983,-2943,-487.536,2,6.019,84.064,3,4018.023
2026-02-21T22:00:04.000Z,1771711204.000,32.63142345,-117.202637461,6.024,98.503,96.783,-6.479,-1.786,-2944,-484.32,2,5.929,83.894,3,4017.573
2026-02-21T22:00:05.000Z,1771711205.000,32.631418013,-117.202605326,5.9,104.768,96.755,-0.513,-1.843,-2945,-481.259,2,5.656,83.841,3,4017.577
2026-02-21T22:00:06.000Z,1771711206.000,32.631412992,-117.202574257,5.7,99.183,93.752,1.573,-2.456,-2946,-478.35,2,5.595,83.525,3,4017.854
2026-02-21T22:00:07.000Z,1771711207.000,32.631409941,-117.202543016,5.716,94.421,88.795,3.741,-2.491,-2947,-475.54,2,5.682,82.839,3,4018.361
2026-02-21T22:00:08.000Z,1771711208.000,32.6314098,-117.202508805,6.277,90.27,85.187,2.247,-2.621,-2948,-472.542,2,6.273,81.889,3,4018.661
2026-02-21T22:00:09.000Z,1771711209.000,32.631409551,-117.202473418,6.513,90.985,84.612,2.364,-1.925,-2949,-469.359,2,6.505,81.166,3,4018.721
2026-02-21T22:00:10.000Z,1771711210.000,32.631409572,-117.202435772,7.217,87.113,84.32,-0.093,-2.286,-2950,-465.971,2,7.216,80.39,3,4018.32
2026-02-21T22:00:11.000Z,1771711211.000,32.631409816,-117.202395497,7.653,90.328,86.179,-2.304,-2.259,-2951,-462.293,2,7.648,79.704,3,4017.389
2026-02-21T22:00:12.000Z,1771711212.000,32.631407937,-117.202353182,7.611,94.628,90.595,-0.152,-1.607,-2952,-458.314,2,7.56,79.412,3,4016.181
2026-02-21T22:00:13.000Z,1771711213.000,32.631405478,-117.202313595,7.1,94.689,93.153,0.918,-2.055,-2953,-454.62,2,7.05,79.093,3,4015.465
2026-02-21T22:00:14.000Z,1771711214.000,32.6314042,-117.202275531,7.114,88.353,90.994,-0.641,-1.744,-2954,-451.189,2,7.114,78.3,3,4015.145
2026-02-21T22:00:15.000Z,1771711215.000,32.631403832,-117.202238222,6.8,89.692,89.485,3.292,-2.375,-2955,-447.844,2,6.796,77.476,3,4015.133
2026-02-21T22:00:16.000Z,1771711216.000,32.631403445,-117.202200744,6.6,91.569,88.784,0.646,-1.57,-2956,-444.468,2,6.586,76.715,3,4015.348
2026-02-21T22:00:17.000Z,1771711217.000,32.631401585,-117.202165728,6.4,95.483,91.674,-2.772,-1.977,-2957,-441.192,2,6.341,76.448,3,4015.937
2026-02-21T22:00:18.000Z,1771711218.000,32.63139724,-117.202131995,6.13,98.882,96.626,-4.848,-1.531,-2958,-437.94,2,6.01,76.645,3,4016.356
2026-02-21T22:00:19.000Z,1771711219.000,32.631392497,-117.202098988,6.015,102.331,97.378,-4.67,-2.298,-2959,-434.811,2,5.812,76.562,3,4016.675
2026-02-21T22:00:20.000Z,1771711220.000,32.631387522,-117.20206733,5.878,96.865,93.74,3.9,-2.466,-2960,-431.858,2,5.796,76.178,3,4017.05
2026-02-21T22:00:21.000Z,1771711221.000,32.631385484,-117.202035167,5.888,92.987,89.888,1.769,-1.376,-2961,-428.97,2,5.859,75.451,3,4017.629
2026-02-21T22:00:22.000Z,1771711222.000,32.63138494,-117.202001622,6.2,91.955,86.986,1.241,-1.595,-2962,-425.996,2,6.18,74.612,3,4018.049
2026-02-21T22:00:23.000Z,1771711223.000,32.631387323,-117.201966741,6.654,84.646,82.431,2.082,-2.394,-2963,-423.052,2,6.646,73.305,3,4018.547
2026-02-21T22:00:24.000Z,1771711224.000,32.631389993,-117.201929815,6.432,87.022,81.527,2.043,-2.15,-2964,-419.83,2,6.432,72.209,3,4018.85
2026-02-21T22:00:25.000Z,1771711225.000,32.631391476,-117.201893959,6.864,89.473,83.194,-0.437,-2.077,-2965,-416.586,2,6.86,71.46,3,4019.249
2026-02-21T22:00:26.000Z,1771711226.000,32.63139074,-117.201858089,6.734,90.577,87.429,-3.265,-2.193,-2966,-413.209,2,6.723,71.153,3,4019.418
2026-02-21T22:00:27.000Z,1771711227.000,32.63138981,-117.201822368,6.5,93.895,89.788,-7.149,-1.899,-2967,-409.903,2,6.456,70.727,3,4019.417
2026-02-21T22:00:28.000Z,1771711228.000,32.631386668,-117.201786589,6.6,95.757,92.446,0.83,-1.806,-2968,-406.528,2,6.524,70.566,3,4019.202
2026-02-21T22:00:29.000Z,1771711229.000,32.631384708,-117.201750787,6.224,93.596,89.764,-0.244,-2.124,-2969,-403.294,2,6.183,69.852,3,4018.959
2026-02-21T22:00:30.000Z,1771711230.000,32.631382826,-117.20171553,6.4,94.085,88.262,2.103,-2.063,-2970,-400.091,2,6.351,69.234,3,4018.846
2026-02-21T22:00:31.000Z,1771711231.000,32.631380962,-117.201680328,6.753,89.617,88.84,0.917,-2.195,-2971,-396.846,2,6.745,68.78,3,4018.763
2026-02-21T22:00:32.000Z,1771711232.000,32.631380746,-117.201643534,6.515,92.154,87.661,-3.541,-2.225,-2972,-393.549,2,6.487,67.976,3,4018.77
2026-02-21T22:00:33.000Z,1771711233.000,32.631378334,-117.201605759,6.724,89.485,87.571,0.923,-2.334,-2973,-390.071,2,6.717,67.478,3,4018.704
2026-02-21T22:00:34.000Z,1771711234.000,32.6313765,-117.201567722,7.025,92.951,86.93,0.789,-2.445,-2974,-386.601,2,6.983,66.868,3,4018.776
2026-02-21T22:00:35.000Z,1771711235.000,32.631375039,-117.201530211,6.8,90.708,87.49,0.918,-1.778,-2975,-383.159,2,6.782,66.322,3,4018.755
2026-02-21T22:00:36.000Z,1771711236.000,32.631373893,-117.201492416,6.831,91.493,89.574,-0.13,-2.253,-2976,-379.666,2,6.804,65.857,3,4018.512
2026-02-21T22:00:37.000Z,1771711237.000,32.631372183,-117.201455955,6.335,92.231,91.208,-0.071,-1.27,-2977,-376.291,2,6.302,65.445,3,4018.202
2026-02-21T22:00:38.000Z,1771711238.000,32.631373337,-117.201421417,6.325,86.55,87.018,-0.334,-1.749,-2978,-373.306,2,6.325,64.3,3,4018.094
2026-02-21T22:00:39.000Z,1771711239.000,32.631373169,-117.201388082,6.127,92.209,86.44,5.377,-2.425,-2979,-370.308,2,6.095,63.608,3,4017.801
2026-02-21T22:00:40.000Z,1771711240.000,32.631373069,-117.201352026,6.908,88.077,86.057,-0.41,-2.677,-2980,-367.063,2,6.904,62.869,3,4017.338
2026-02-21T22:00:41.000Z,1771711241.000,32.631373036,-117.201311889,7.376,90.279,87.77,0.154,-1.588,-2981,-363.397,2,7.357,62.206,3,4016.713
2026-02-21T22:00:42.000Z,1771711242.000,32.631372862,-117.201272635,7.262,89.365,88.57,0.841,-2.813,-2982,-359.831,2,7.25,61.505,3,4016.521
2026-02-21T22:00:43.000Z,1771711243.000,32.631373486,-117.201233533,6.956,89.617,87.654,-1.506,-2.767,-2983,-356.344,2,6.943,60.585,3,4016.526
2026-02-21T22:00:44.000Z,1771711244.000,32.6313719,-117.201194295,7.438,96.046,91.611,-1.477,-2.256,-2984,-352.669,2,7.321,60.287,3,4016.503
2026-02-21T22:00:45.000Z,1771711245.000,32.631368497,-117.201154564,7.188,96.228,96.846,-3.471,-2.445,-2985,-348.9,2,7.065,60.285,3,4016.375
2026-02-21T22:00:46.000Z,1771711246.000,32.631364812,-117.2011171,6.7,97.95,96.236,-1.972,-2.701,-2986,-345.418,2,6.54,59.888,3,4016.682
2026-02-21T22:00:47.000Z,1771711247.000,32.631360871,-117.201083135,6.127,99.141,95.706,4.267,-1.819,-2987,-342.243,2,5.947,59.596,3,4017.078
2026-02-21T22:00:48.000Z,1771711248.000,32.631356219,-117.201051387,5.885,100.757,95.61,1.139,-2.123,-2988,-339.242,2,5.664,59.46,3,4017.598
2026-02-21T22:00:49.000Z,1771711249.000,32.631351581,-117.201019655,5.866,99.408,91.787,-1.252,-1.749,-2989,-336.304,2,5.678,59.025,3,4018.152
2026-02-21T22:00:50.000Z,1771711250.000,32.631346862,-117.200987371,6.338,97.886,93.031,-2.64,-2.404,-2990,-333.228,2,6.168,58.993,3,4018.623
2026-02-21T22:00:51.000Z,1771711251.000,32.631341488,-117.200952307,6.687,102.626,96.189,-5.35,-2.355,-2991,-329.856,2,6.346,59.131,3,4018.426
2026-02-21T22:00:52.000Z,1771711252.000,32.631333301,-117.200917027,7.054,108.472,99.354,-1.442,-2.464,-2992,-326.395,2,6.41,59.572,3,4018.126
2026-02-21T22:00:53.000Z,1771711253.000,32.631325275,-117.200879899,7.067,102.005,101.527,-2.245,-1.555,-2993,-322.79,2,6.696,59.88,3,4017.633
2026-02-21T22:00:54.000Z,1771711254.000,32.631317078,-117.200844426,6.763,107.045,104.787,-2.488,-2.567,-2994,-319.335,2,6.17,60.327,3,4017.388
2026-02-21T22:00:55.000Z,1771711255.000,32.631309135,-117.200809545,6.76,100.698,102.511,0.188,-1.8,-2995,-315.957,2,6.423,60.309,3,4016.843
2026-02-21T22:00:56.000Z,1771711256.000,32.631301939,-117.200776041,6.115,103.362,100.925,3.324,-1.637,-2996,-312.728,2,5.701,60.294,3,4016.302
2026-02-21T22:00:57.000Z,1771711257.000,32.631296918,-117.200742774,6.089,99.605,99.601,-3.453,-2.205,-2997,-309.587,2,5.8,60.069,3,4015.671
2026-02-21T22:00:58.000Z,1771711258.000,32.631292,-117.200709903,6.2,100.032,97.216,-4.062,-2.338,-2998,-306.499,2,5.882,59.754,3,4015.505
2026-02-21T22:00:59.000Z,1771711259.000,32.631286113,-117.200676066,6.374,96.885,92.947,3.801,-2.132,-2999,-303.335,2,6.141,59.375,3,4015.272
2026-02-21T22:01:00.000Z,1771711260.000,32.631283852,-117.200639743,6.885,95.452,86.664,3.509,-2.758,-3000,-300.128,2,6.674,58.398,3,4015.648
2026-02-21T22:01:01.000Z,1771711261.000,32.631280164,-117.200600516,7.256,94.983,92.79,4.551,-2.459,-3001,-296.344,2,7.033,58.501,3,4015.36
2026-02-21T22:01:02.000Z,1771711262.000,32.631276272,-117.200561992,7.176,98.746,95.972,-6.931,-1.809,-3002,-292.702,2,6.806,58.411,3,4015.356
2026-02-21T22:01:03.000Z,1771711263.000,32.63127104,-117.200525093,6.738,100.95,95.178,2.149,-2.416,-3003,-289.229,2,6.286,58.179,3,4015.162
2026-02-21T22:01:04.000Z,1771711264.000,32.631268681,-117.200489419,6.665,91.922,91.72,1.794,-2.81,-3004,-285.999,2,6.512,57.447,3,4015.008
2026-02-21T22:01:05.000Z,1771711265.000,32.631267664,-117.200452608,6.579,93.218,90.92,-2.462,-2.013,-3005,-282.663,2,6.387,56.759,3,4014.432
2026-02-21T22:01:06.000Z,1771711266.000,32.631263679,-117.200418562,6.335,101.008,94.227,1.441,-1.52,-3006,-279.413,2,5.867,56.777,3,4013.991
2026-02-21T22:01:07.000Z,1771711267.000,32.631259501,-117.200386512,6.013,96.128,95.038,-1.223,-1.553,-3007,-276.384,2,5.727,56.657,3,4013.512
2026-02-21T22:01:08.000Z,1771711268.000,32.631257467,-117.200355418,5.885,93.161,92.653,-6.464,-2.695,-3008,-273.558,2,5.683,56.066,3,4013.43
2026-02-21T22:01:09.000Z,1771711269.000,32.631253469,-117.200323005,6,100.554,92.283,0.957,-3.167,-3009,-270.521,2,5.528,55.824,3,4013.222
2026-02-21T22:01:10.000Z,1771711270.000,32.631249712,-117.200287398,6.512,99.17,91.77,0.721,-1.954,-3010,-267.207,2,6.04,55.481,3,4012.854
2026-02-21T22:01:11.000Z,1771711271.000,32.631246035,-117.200251261,6.588,94.719,94.201,0.998,-1.583,-3011,-263.794,2,6.262,55.354,3,4012.713
2026-02-21T22:01:12.000Z,1771711272.000,32.63124303,-117.200215006,6.481,96.7,95.19,-4.192,-2.131,-3012,-260.419,2,6.065,55.037,3,4012.801
2026-02-21T22:01:13.000Z,1771711273.000,32.631237636,-117.200180677,6.516,100.884,99.012,1.089,-1.996,-3013,-257.116,2,5.876,55.247,3,4012.995
2026-02-21T22:01:14.000Z,1771711274.000,32.631233448,-117.20014701,6.024,98.899,98.291,-7.553,-1.363,-3014,-253.96,2,5.495,54.971,3,4013.034
2026-02-21T22:01:15.000Z,1771711275.000,32.631226538,-117.200116116,5.7,105.288,98.954,-0.165,-1.551,-3015,-250.96,2,4.868,55.159,3,4012.854
2026-02-21T22:01:16.000Z,1771711276.000,32.631221085,-117.200085477,5.609,99.273,98.559,-3.432,-1.896,-3016,-248.038,2,5.041,55.109,3,4012.685
2026-02-21T22:01:17.000Z,1771711277.000,32.631215698,-117.200053637,6.169,100.287,95.455,0.638,-2.744,-3017,-245.042,2,5.465,54.808,3,4012.624
2026-02-21T22:01:18.000Z,1771711278.000,32.63121118,-117.200018591,6.389,97.026,92.41,-0.847,-2.58,-3018,-241.795,2,5.789,54.355,3,4012.824
2026-02-21T22:01:19.000Z,1771711279.000,32.631206962,-117.199983145,6.588,98.375,92.258,2.618,-1.683,-3019,-238.475,2,5.86,54.094,3,4013.43
2026-02-21T22:01:20.000Z,1771711280.000,32.631202843,-117.199948466,6.226,98.116,94.76,-1.11,-1.773,-3020,-235.181,2,5.505,54.05,3,4014.1
2026-02-21T22:01:21.000Z,1771711281.000,32.63119838,-117.199914061,6.3,99.947,95.255,-2.91,-3.001,-3021,-231.937,2,5.422,53.888,3,4014.665
2026-02-21T22:01:22.000Z,1771711282.000,32.631195677,-117.199879377,6.211,93.887,91.007,3.594,-2.276,-3022,-228.801,2,5.619,53.15,3,4015.127
2026-02-21T22:01:23.000Z,1771711283.000,32.631196114,-117.199845766,6.275,88.684,88.127,2.84,-1.467,-3023,-225.847,2,5.876,52.204,3,4015.713
2026-02-21T22:01:24.000Z,1771711284.000,32.631198668,-117.199811484,6.487,88.117,84.162,0.228,-2.664,-3024,-222.936,2,6.08,50.933,3,4016.259
2026-02-21T22:01:25.000Z,1771711285.000,32.631198431,-117.199776512,6.669,90.893,87.483,0.755,-2.935,-3025,-219.684,2,6.084,50.52,3,4016.618
2026-02-21T22:01:26.000Z,1771711286.000,32.631197911,-117.199738153,6.811,92,86.942,-2.015,-1.435,-3026,-216.221,2,6.109,49.768,3,4016.67
2026-02-21T22:01:27.000Z,1771711287.000,32.631197025,-117.199699325,7.125,93.15,87.544,0.3,-1.923,-3027,-212.676,2,6.258,49.137,3,4016.654
2026-02-21T22:01:28.000Z,1771711288.000,32.631195369,-117.199661061,7,92.381,91.622,-0.102,-2.872,-3028,-209.084,2,6.106,48.876,3,4016.493
2026-02-21T22:01:29.000Z,1771711289.000,32.631191901,-117.199623301,6.915,99.66,94.588,-3.375,-1.012,-3029,-205.522,2,5.433,48.737,3,4016.338
2026-02-21T22:01:30.000Z,1771711290.000,32.631184823,-117.199587948,6.145,100.954,99.531,0.264,-1.003,-3030,-202.063,2,4.597,49.2,3,4016.364
2026-02-21T22:01:31.000Z,1771711291.000,32.631179742,-117.199556639,5.6,102.489,101.849,-7.121,-2.208,-3031,-199.071,2,3.971,49.315,3,4016.773
2026-02-21T22:01:32.000Z,1771711292.000,32.631173543,-117.199526541,5.613,109.482,97.432,3.765,-1.248,-3032,-196.208,2,3.349,49.03,3,4016.986
2026-02-21T22:01:33.000Z,1771711293.000,32.631169298,-117.199497085,5.854,93.735,92.239,1.538,-2.732,-3033,-193.503,2,4.548,48.486,3,4017.108
2026-02-21T22:01:34.000Z,1771711294.000,32.631167231,-117.199463928,6.256,94.754,89.69,1.415,-1.831,-3034,-190.501,2,4.672,47.846,3,4016.864
2026-02-21T22:01:35.000Z,1771711295.000,32.631164679,-117.199428862,6.488,96.378,90.284,-0.239,-1.886,-3035,-187.249,2,4.554,47.471,3,4016.818
2026-02-21T22:01:36.000Z,1771711296.000,32.631161741,-117.199393597,6.513,96.559,93.557,1.748,-0.689,-3036,-183.917,2,4.351,47.348,3,4016.959
2026-02-21T22:01:37.000Z,1771711297.000,32.63115859,-117.199360134,5.846,97.241,95.226,0.222,-2.235,-3037,-180.778,2,3.661,47.157,3,4017.33
2026-02-21T22:01:38.000Z,1771711298.000,32.631155709,-117.199328536,5.533,98.327,93.373,-2.688,-1.748,-3038,-177.871,2,3.205,46.69,3,4017.703
2026-02-21T22:01:39.000Z,1771711299.000,32.631153082,-117.199299494,5.312,91.442,93.06,-0.245,-1.435,-3039,-175.178,2,3.412,46.371,3,4018.279
2026-02-21T22:01:40.000Z,1771711300.000,32.631150789,-117.199271023,5.375,98.613,94.259,-1.718,-1.884,-3040,-172.521,2,2.714,46.148,3,4018.87
2026-02-21T22:01:41.000Z,1771711301.000,32.631148722,-117.199241081,5.954,93.564,89.681,-2.196,-2.542,-3041,-169.846,2,3.239,45.41,3,4019.605
2026-02-21T22:01:42.000Z,1771711302.000,32.631144871,-117.199208223,6.111,97.906,90.36,3.709,-0.671,-3042,-166.751,2,2.615,45.227,3,4020.038
2026-02-21T22:01:43.000Z,1771711303.000,32.631142832,-117.199174827,6.276,95.868,91.691,-6.157,-2.337,-3043,-163.65,2,2.55,44.888,3,4020.561
2026-02-21T22:01:44.000Z,1771711304.000,32.631139052,-117.199142341,6.025,100.848,93.442,0.14,-2.623,-3044,-160.575,2,1.597,44.79,3,4020.953
2026-02-21T22:01:45.000Z,1771711305.000,32.631136267,-117.199111711,5.746,94.08,91.12,2.691,-0.826,-3045,-157.773,2,1.851,44.296,3,4021.586
2026-02-21T22:01:46.000Z,1771711306.000,32.631135176,-117.199081965,5.4,94.642,88.745,2.733,-1.926,-3046,-155.108,2,1.391,43.633,3,4022.42
2026-02-21T22:01:47.000Z,1771711307.000,32.631136019,-117.199050538,5.9,87.63,80.759,3.512,-1.169,-3047,-152.53,2,1.881,42.298,3,4023.613
2026-02-21T22:01:48.000Z,1771711308.000,32.631140012,-117.199016329,6.675,82.312,74.349,0.941,-2.621,-3048,-149.805,2,2.294,40.709,3,4024.746
2026-02-21T22:01:49.000Z,1771711309.000,32.631142238,-117.198979784,7.069,87.916,80.355,6.116,-1.626,-3049,-146.345,2,1.17,40.18,3,4025.116
2026-02-21T22:01:50.000Z,1771711310.000,32.631143239,-117.198941954,6.946,89.676,87.499,-1.935,-1.323,-3050,-142.748,2,0.317,39.866,3,4025.31
2026-02-21T22:01:51.000Z,1771711311.000,32.631141772,-117.198906163,6.488,94.556,92.709,-6.731,-2.323,-3051,-139.363,2,-0.787,39.724,3,4025.58
2026-02-21T22:01:52.000Z,1771711312.000,32.631138464,-117.198873724,5.825,99.996,92.074,3.708,-2.597,-3052,-136.349,2,-1.662,39.385,2,3733.177
2026-02-21T22:01:53.000Z,1771711313.000,32.631137086,-117.198843251,5.458,87.618,87.206,4.415,-1.228,-3053,-133.668,2,-0.771,38.542,2,3734.321
2026-02-21T22:01:54.000Z,1771711314.000,32.631137584,-117.19881264,5.851,91.2,86.164,-1.654,-2.672,-3054,-130.947,2,-1.569,37.795,2,3735.326
2026-02-21T22:01:55.000Z,1771711315.000,32.631136183,-117.198779718,5.924,95.129,88.541,0.555,-1.679,-3055,-127.875,2,-2.345,37.477,2,3735.569
2026-02-21T22:01:56.000Z,1771711316.000,32.631135262,-117.198746963,6.088,93.916,90.736,-1.584,-1.983,-3056,-124.844,2,-2.642,37.097,2,3735.593
2026-02-21T22:01:57.000Z,1771711317.000,32.631134067,-117.198714593,5.873,92.981,87.782,3.307,-2.963,-3057,-121.955,2,-2.789,36.348,2,3735.526
2026-02-21T22:01:58.000Z,1771711318.000,32.631134115,-117.198682957,5.63,92.468,85.893,6.27,-1.606,-3058,-119.152,2,-2.914,35.563,2,3735.717
2026-02-21T22:01:59.000Z,1771711319.000,32.631134973,-117.198651649,5.158,89.543,85.758,-0.302,-1.332,-3059,-116.357,2,-2.683,34.835,2,3736.02
2026-02-21T22:02:00.000Z,1771711320.000,32.631134953,-117.198621402,5.674,93.321,86.852,-1.051,-1.347,-3060,-113.598,2,-3.479,34.319,2,3736.638
2026-02-21T22:02:01.000Z,1771711321.000,32.631134714,-117.198590971,5.314,92.694,86.69,-2.178,-1.8,-3061,-110.85,2,-3.4,33.725,2,3737.434
2026-02-21T22:02:02.000Z,1771711322.000,32.631133947,-117.198560592,5.616,90.781,87.51,-2.452,-2.036,-3062,-108.065,2,-3.624,33.266,2,3738.183
2026-02-21T22:02:03.000Z,1771711323.000,32.631131574,-117.198528523,5.788,97.539,90.238,0.242,-2.025,-3063,-105.038,2,-4.37,33.1,2,3738.295
2026-02-21T22:02:04.000Z,1771711324.000,32.631129875,-117.198496,6.05,93.212,88.028,0.136,-2.723,-3064,-102.104,2,-4.42,32.461,2,3738.345
2026-02-21T22:02:05.000Z,1771711325.000,32.631128334,-117.198462014,6.36,93.36,84.836,1.997,-0.19,-3065,-99.077,2,-4.823,31.701,2,3738.114
2026-02-21T22:02:06.000Z,1771711326.000,32.631126961,-117.198425025,6.854,91.966,87.03,-0.831,-2.355,-3066,-95.639,2,-5.243,31.283,2,3737.749
2026-02-21T22:02:07.000Z,1771711327.000,32.631126322,-117.198384217,7.744,89.859,85.784,-4.5,-2.766,-3067,-91.972,2,-5.935,30.441,2,3737.098
2026-02-21T22:02:08.000Z,1771711328.000,32.631125938,-117.1983421,7.975,91.265,87.154,0.525,-1.531,-3068,-88.124,2,-6.406,29.749,2,3736.311
2026-02-21T22:02:09.000Z,1771711329.000,32.631126694,-117.198300232,7.526,87.656,89.303,2.87,-2.374,-3069,-84.318,2,-5.906,29,2,3735.699
2026-02-21T22:02:10.000Z,1771711330.000,32.631126946,-117.198260924,7.085,92.246,90.902,0.7,-1.945,-3070,-80.745,2,-5.999,28.316,2,3735.239
2026-02-21T22:02:11.000Z,1771711331.000,32.631124935,-117.198222892,6.678,95.27,93.591,-4.221,-2.362,-3071,-77.203,2,-5.9,27.99,2,3734.721
2026-02-21T22:02:12.000Z,1771711332.000,32.631119857,-117.198186831,6.675,101.24,97.39,-5.888,-2.4,-3072,-73.745,2,-6.225,28.128,2,3734.321
2026-02-21T22:02:13.000Z,1771711333.000,32.631112268,-117.198150316,6.987,105.567,98.161,-2.643,-2.766,-3073,-70.216,2,-6.712,28.286,2,3734.101
2026-02-21T22:02:14.000Z,1771711334.000,32.631104725,-117.198113147,7.185,102.301,97.557,-1.332,-3.12,-3074,-66.644,2,-6.807,28.315,2,3734.113
2026-02-21T22:02:15.000Z,1771711335.000,32.631097032,-117.198073284,7.378,102.333,96.587,0.35,-1.756,-3075,-62.831,2,-7.023,28.277,2,3733.915
2026-02-21T22:02:16.000Z,1771711336.000,32.631090269,-117.198031837,7.687,102.482,100.33,-1.388,-3.813,-3076,-58.852,2,-7.348,28.488,2,3733.709
2026-02-21T22:02:17.000Z,1771711337.000,32.631082454,-117.197990346,7.987,103.208,102.709,-2.419,-3.521,-3077,-54.864,2,-7.685,28.702,2,3733.362
2026-02-21T22:02:18.000Z,1771711338.000,32.631073031,-117.197950093,7.33,107.754,104.409,-1.915,-3.276,-3078,-50.945,2,-7.2,29.06,2,3732.883
2026-02-21T22:02:19.000Z,1771711339.000,32.631061999,-117.197910712,7.032,110.314,106.368,-3.775,-1.012,-3079,-47.063,2,-6.964,29.632,2,3732.45
2026-02-21T22:02:20.000Z,1771711340.000,32.631049691,-117.197872818,7.184,111.736,110.252,-2.775,-2.565,-3080,-43.293,2,-7.138,30.526,2,3731.757
2026-02-21T22:02:21.000Z,1771711341.000,32.631038032,-117.197835407,7.125,111.927,109.08,-2.592,-3.818,-3081,-39.563,2,-7.086,30.952,2,3731.359
2026-02-21T22:02:22.000Z,1771711342.000,32.631026429,-117.197799373,7.1,110.489,110.109,-0.777,-2.907,-3082,-35.972,2,-7.043,31.576,2,3730.916
2026-02-21T22:02:23.000Z,1771711343.000,32.631014214,-117.197763866,7.1,112.595,111.311,-4.338,-1.243,-3083,-32.414,2,-7.073,32.291,2,3730.648
2026-02-21T22:02:24.000Z,1771711344.000,32.631001254,-117.197727918,6.924,114.188,111.728,-5.596,0.958,-3084,-28.789,2,-6.912,33.015,2,3730.293
2026-02-21T22:02:25.000Z,1771711345.000,32.630989203,-117.19769382,6.351,112.825,110.39,-0.062,1.01,-3085,-25.343,2,-6.331,33.537,2,3730.328
2026-02-21T22:02:26.000Z,1771711346.000,32.630980019,-117.197662217,5.33,111.367,109.411,2.557,1.051,-3086,-22.211,2,-5.304,33.825,2,3730.57
2026-02-21T22:02:27.000Z,1771711347.000,32.630972185,-117.197634539,4.878,111.774,106.94,4.925,-0.905,-3087,-19.471,2,-4.859,33.925,2,3730.858
2026-02-21T22:02:28.000Z,1771711348.000,32.630966193,-117.197609664,4.366,101.363,102.62,0.679,-3.551,-3088,-17.053,2,-4.215,33.729,2,3731.376
2026-02-21T22:02:29.000Z,1771711349.000,32.630961987,-117.197585875,4.825,102.8,94.911,-1.783,-3.316,-3089,-14.857,2,-4.697,33.088,2,3732.009
2026-02-21T22:02:30.000Z,1771711350.000,32.630957143,-117.19755775,5.595,103.008,90.09,1.156,-1.162,-3090,-12.264,2,-5.46,32.668,2,3732.334
2026-02-21T22:02:31.000Z,1771711351.000,32.630950903,-117.197524242,6.624,101.661,94.895,0.735,-2.052,-3091,-8.967,2,-6.433,33.061,2,3732.28
2026-02-21T22:02:32.000Z,1771711352.000,32.630942151,-117.197487447,7.266,107.495,101.232,-0.769,-4.181,-3092,-5.319,2,-7.197,33.79,2,3731.935
2026-02-21T22:02:33.000Z,1771711353.000,32.630932018,-117.19745083,7.476,105.367,104.314,-0.385,-1.246,-3093,-1.7,2,-7.363,34.41,2,3731.521
2026-02-21T22:02:34.000Z,1771711354.000,32.630922134,-117.197415284,6.526,110.438,107.101,-1.666,-0.897,-3094,1.801,2,-6.503,35.001,2,3731.253
2026-02-21T22:02:35.000Z,1771711355.000,32.630912519,-117.197381647,6.632,108.654,108.767,-2.732,-2.751,-3095,5.116,2,-6.589,35.508,2,3731.216
2026-02-21T22:02:36.000Z,1771711356.000,32.630902178,-117.197347767,6.4,115.275,109.493,-0.112,-2.418,-3096,8.478,2,-6.4,36.014,2,3730.907
2026-02-21T22:02:37.000Z,1771711357.000,32.630891005,-117.197315442,6.188,113.845,108.235,1.48,-2.846,-3097,11.733,2,-6.186,36.482,2,3730.665
2026-02-21T22:02:38.000Z,1771711358.000,32.630879555,-117.197283123,6.7,111.913,107.032,4.478,-2.405,-3098,14.993,2,-6.691,36.983,2,3730.404
2026-02-21T22:02:39.000Z,1771711359.000,32.630868753,-117.197248227,6.73,108.331,102.969,4.328,-1.869,-3099,18.46,2,-6.688,37.131,2,3730.165
2026-02-21T22:02:40.000Z,1771711360.000,32.630859878,-117.197210303,7.369,105.777,100.543,2.589,-3.341,-3100,22.133,2,-7.285,37.142,2,3729.541
2026-02-21T22:02:41.000Z,1771711361.000,32.630850519,-117.197169364,7.994,103.336,98.061,5.122,-3.586,-3101,26.084,2,-7.851,37.141,2,3728.317
2026-02-21T22:02:42.000Z,1771711362.000,32.630843008,-117.197127344,7.688,100.107,96.904,6.591,-2.578,-3102,30.085,2,-7.466,37.025,2,3726.933
2026-02-21T22:02:43.000Z,1771711363.000,32.630837172,-117.197086908,7.77,100.802,97.899,5.798,-1.699,-3103,33.919,2,-7.575,36.932,2,3725.807
2026-02-21T22:02:44.000Z,1771711364.000,32.630832285,-117.19704848,7.315,100.3,97.808,-1.789,-1.099,-3104,37.53,2,-7.126,36.689,2,3724.936
2026-02-21T22:02:45.000Z,1771711365.000,32.630826867,-117.197012208,6.358,97.711,95.855,2.687,-1.678,-3105,40.94,2,-6.131,36.396,2,3724.505
2026-02-21T22:02:46.000Z,1771711366.000,32.63082332,-117.196978618,6.037,95.976,94.163,3.379,-1.93,-3106,44.051,2,-5.779,35.975,2,3724.28
2026-02-21T22:02:47.000Z,1771711367.000,32.630819717,-117.196945221,6.186,97.657,93.814,-0.912,-2.541,-3107,47.166,2,-5.979,35.672,2,3723.971
2026-02-21T22:02:48.000Z,1771711368.000,32.630814457,-117.196910796,6.554,100.58,95.895,1.424,-3.319,-3108,50.459,2,-6.416,35.724,2,3723.549
2026-02-21T22:02:49.000Z,1771711369.000,32.630809363,-117.196872417,7.343,96.286,94.226,1.89,-2.083,-3109,54.049,2,-7.064,35.377,2,3722.671
2026-02-21T22:02:50.000Z,1771711370.000,32.630806528,-117.196831506,7.526,92.046,89.761,2.032,-2.74,-3110,57.739,2,-7.086,34.513,2,3721.516
2026-02-21T22:02:51.000Z,1771711371.000,32.630803641,-117.196787682,8.343,96.773,89.206,5.627,-1.934,-3111,61.767,2,-8.074,33.908,2,3719.84
2026-02-21T22:02:52.000Z,1771711372.000,32.630802732,-117.196743601,8.184,91.335,92.311,-1.676,-1.812,-3112,65.835,2,-7.703,33.374,2,3718.367
2026-02-21T22:02:53.000Z,1771711373.000,32.630800463,-117.196700531,7.458,92.547,93.434,1.034,-1.977,-3113,69.808,2,-7.084,32.851,2,3716.912
2026-02-21T22:02:54.000Z,1771711374.000,32.630797511,-117.196665015,6.045,97.368,94.891,3.629,-1.304,-3114,73.124,2,-5.885,32.58,2,3716.473
2026-02-21T22:02:55.000Z,1771711375.000,32.630794896,-117.196633786,5.412,95.731,97.385,-1.802,-1.849,-3115,76.052,2,-5.234,32.442,2,3716.437
2026-02-21T22:02:56.000Z,1771711376.000,32.630789782,-117.196606086,5.669,106.863,99.559,-4.35,-2.108,-3116,78.725,2,-5.658,32.621,2,3716.751
2026-02-21T22:02:57.000Z,1771711377.000,32.630781249,-117.196578277,5.212,115.359,100.391,-0.565,-2.312,-3117,81.495,2,-5.192,33.06,2,3716.811
2026-02-21T22:02:58.000Z,1771711378.000,32.630772012,-117.196549423,6.02,111.201,100.757,0.595,-3.07,-3118,84.376,2,-6.02,33.518,2,3716.771
2026-02-21T22:02:59.000Z,1771711379.000,32.630763655,-117.196517018,6.458,105.42,101.299,-0.371,-2.708,-3119,87.552,2,-6.434,33.823,2,3716.277
2026-02-21T22:03:00.000Z,1771711380.000,32.630755547,-117.196483061,6.487,104.373,101.451,1.303,-2.495,-3120,90.858,2,-6.452,34.038,2,3715.808
2026-02-21T22:03:01.000Z,1771711381.000,32.630748288,-117.196447586,6.359,101.759,100.116,3.209,-3.07,-3121,94.266,2,-6.29,34.011,2,3715.237
2026-02-21T22:03:02.000Z,1771711382.000,32.630743367,-117.196414975,5.9,101.022,96.87,3.906,-1.519,-3122,97.322,2,-5.827,33.632,2,3715.134
2026-02-21T22:03:03.000Z,1771711383.000,32.630739557,-117.196383205,5.526,99.427,98.091,-1.291,-1.713,-3123,100.316,2,-5.433,33.511,2,3715.205
2026-02-21T22:03:04.000Z,1771711384.000,32.630733577,-117.196353787,5.477,103.854,102.77,-4.039,-2.484,-3124,103.182,2,-5.446,33.952,2,3715.467
2026-02-21T22:03:05.000Z,1771711385.000,32.630725647,-117.196323903,5.845,108.56,104.087,1.191,-2.394,-3125,106.119,2,-5.844,34.324,2,3715.521
2026-02-21T22:03:06.000Z,1771711386.000,32.63071786,-117.196294151,6.017,105.589,102.869,5.332,-3.041,-3126,109.031,2,-6.001,34.478,2,3715.766
2026-02-21T22:03:07.000Z,1771711387.000,32.630710753,-117.196261425,6.35,103.378,99.018,6.434,-2.055,-3127,112.17,2,-6.311,34.285,2,3715.644
2026-02-21T22:03:08.000Z,1771711388.000,32.630705769,-117.196227505,6.515,98.399,94.326,4.462,-2.962,-3128,115.32,2,-6.393,33.771,2,3715.321
2026-02-21T22:03:09.000Z,1771711389.000,32.630701403,-117.19619129,6.2,94.98,93.457,5.05,-2.405,-3129,118.704,2,-6.005,33.452,2,3714.853
2026-02-21T22:03:10.000Z,1771711390.000,32.630698389,-117.196158674,5.647,93.511,95.798,1.75,-2.113,-3130,121.771,2,-5.435,33.317,2,3714.533
2026-02-21T22:03:11.000Z,1771711391.000,32.630693724,-117.196129873,5.113,98.884,99.992,0.148,-1.732,-3131,124.554,2,-5.029,33.589,2,3714.313
2026-02-21T22:03:12.000Z,1771711392.000,32.630688497,-117.196105077,4.731,105.069,100.902,-1.747,-3.225,-3132,126.954,2,-4.718,33.735,2,3714.638
2026-02-21T22:03:13.000Z,1771711393.000,32.630681768,-117.196080253,5.121,109.189,98.609,4.269,-2.282,-3133,129.375,2,-5.121,33.785,2,3715.392
2026-02-21T22:03:14.000Z,1771711394.000,32.630674844,-117.196051436,5.626,105.325,99.048,1.388,-2.135,-3134,132.186,2,-5.613,33.998,2,3715.828
2026-02-21T22:03:15.000Z,1771711395.000,32.630667718,-117.196020216,6.087,103.665,99.726,2.047,-1.511,-3135,135.221,2,-6.059,34.204,2,3716.222
2026-02-21T22:03:16.000Z,1771711396.000,32.630663474,-117.19598973,5.686,98.804,98.617,0,-1.749,-3136,138.087,2,-5.596,33.967,2,3716.433
2026-02-21T22:03:17.000Z,1771711397.000,32.63065968,-117.195961613,5.031,97.221,94.57,8.015,-1.608,-3137,140.686,2,-4.928,33.491,2,3716.642
2026-02-21T22:03:18.000Z,1771711398.000,32.63065729,-117.195934937,4.7,99.876,93.082,2.649,-1.412,-3138,143.139,2,-4.644,33.099,2,3716.822
2026-02-21T22:03:19.000Z,1771711399.000,32.630655262,-117.19590985,4.563,95.95,94.238,-7.952,-2.115,-3139,145.482,2,-4.451,32.912,2,3717.455
2026-02-21T22:03:20.000Z,1771711400.000,32.630650265,-117.195884198,5.173,102.513,96.252,1.569,-1.242,-3140,147.975,2,-5.144,33.105,2,3718.15
2026-02-21T22:03:21.000Z,1771711401.000,32.630645971,-117.1958559,5.26,99.698,91.93,6.853,-0.793,-3141,150.586,2,-5.198,32.66,2,3718.877
2026-02-21T22:03:22.000Z,1771711402.000,32.630645043,-117.195824425,5.632,86.261,87.724,5.882,-1.73,-3142,153.361,2,-5.221,31.799,2,3719.296
2026-02-21T22:03:23.000Z,1771711403.000,32.630646062,-117.195793852,5.687,88.524,85.052,1.07,-1.12,-3143,156.017,2,-5.36,30.87,2,3719.74
2026-02-21T22:03:24.000Z,1771711404.000,32.630646213,-117.195764638,4.953,90.155,87.321,0.82,-0.591,-3144,158.709,2,-4.717,30.447,2,3720.054
2026-02-21T22:03:25.000Z,1771711405.000,32.630645057,-117.195737792,4.531,100.548,90.859,0.331,-2.038,-3145,161.247,2,-4.495,30.317,2,3720.577
2026-02-21T22:03:26.000Z,1771711406.000,32.630641944,-117.19571115,4.8,92.498,90.002,2.938,-2.149,-3146,163.725,2,-4.631,30.055,1,0
2026-02-21T22:03:27.000Z,1771711407.000,32.630640962,-117.195684276,4.9,88.93,83.278,7.188,-2.131,-3147,166.002,2,-4.643,29.101,1,0
2026-02-21T22:03:28.000Z,1771711408.000,32.630642453,-117.195655986,5.053,83.848,81.932,3.97,-1.504,-3148,168.467,2,-4.634,28.271,1,0
2026-02-21T22:03:29.000Z,1771711409.000,32.630644648,-117.195628502,5.1,85.397,80.951,-2.249,-2.523,-3149,170.849,2,-4.736,27.41,1,0
2026-02-21T22:03:30.000Z,1771711410.000,32.630644734,-117.195600896,4.822,91.009,81.747,2.186,-1.296,-3150,173.363,2,-4.635,26.91,1,0
2026-02-21T22:03:31.000Z,1771711411.000,32.630644213,-117.195576028,4.325,90.713,82.948,2.265,-1.656,-3151,175.661,2,-4.152,26.562,1,0
2026-02-21T22:03:32.000Z,1771711412.000,32.63064486,-117.195549892,4.813,91.072,81.673,-2.004,-2.134,-3152,177.958,2,-4.633,25.873,1,0
2026-02-21T22:03:33.000Z,1771711413.000,32.630644685,-117.195522363,5.185,90.313,83.736,-0.442,-2.014,-3153,180.512,2,-4.974,25.5,1,0
2026-02-21T22:03:34.000Z,1771711414.000,32.630643957,-117.195493697,5.189,93.761,86.782,3.42,-1.961,-3154,183.206,2,-5.058,25.243,1,0
2026-02-21T22:03:35.000Z,1771711415.000,32.630644748,-117.195466742,4.926,88.335,84.767,4.525,-1.636,-3155,185.559,2,-4.682,24.463,1,0
2026-02-21T22:03:36.000Z,1771711416.000,32.630646094,-117.195439882,4.8,87.43,80.879,3.583,-2.087,-3156,187.82,2,-4.543,23.483,1,0
2026-02-21T22:03:37.000Z,1771711417.000,32.630648286,-117.195411213,5.331,81.832,78.602,4.463,-1.455,-3157,190.26,2,-4.861,22.502,1,0
2026-02-21T22:03:38.000Z,1771711418.000,32.630651076,-117.195381157,5.334,83.927,79.857,-1.258,-1.296,-3158,192.934,2,-4.946,21.693,1,0
2026-02-21T22:03:39.000Z,1771711419.000,32.630652388,-117.195352275,5.138,89.425,85.63,-1.494,-1.481,-3159,195.681,2,-4.928,21.416,1,0
2026-02-21T22:03:40.000Z,1771711420.000,32.630652272,-117.195324457,4.783,88.994,84.731,3.707,-2.554,-3160,198.169,2,-4.581,20.803,1,0
2026-02-21T22:03:41.000Z,1771711421.000,32.630653647,-117.195297141,5.1,84.096,79.111,6.768,-2.324,-3161,200.41,2,-4.748,19.682,1,0
2026-02-21T22:03:42.000Z,1771711422.000,32.63065539,-117.195268679,5.334,84.077,77.926,1.41,-1.419,-3162,202.882,2,-4.97,18.836,1,0
2026-02-21T22:03:43.000Z,1771711423.000,32.630657214,-117.195239966,5.388,88.825,78.597,-4.198,-2.082,-3163,205.443,2,-5.169,18.115,1,0
2026-02-21T22:03:44.000Z,1771711424.000,32.630656953,-117.195212388,4.74,93.7,85.63,2.31,-1.331,-3164,208.165,2,-4.645,18.128,1,0
2026-02-21T22:03:45.000Z,1771711425.000,32.630657385,-117.195187216,4.685,90.177,85.925,-0.374,-2.182,-3165,210.432,2,-4.527,17.601,1,0
2026-02-21T22:03:46.000Z,1771711426.000,32.630656568,-117.195161609,4.445,98.406,82.372,5.746,-1.135,-3166,212.661,2,-4.416,16.906,1,0
2026-02-21T22:03:47.000Z,1771711427.000,32.630656838,-117.195135797,4.7,87.911,82.456,4.286,-1.801,-3167,214.984,2,-4.496,16.367,1,0
2026-02-21T22:03:48.000Z,1771711428.000,32.630658202,-117.195109308,4.986,89.009,82.346,-2.641,-2.053,-3168,217.33,2,-4.799,15.682,1,0
2026-02-21T22:03:49.000Z,1771711429.000,32.6306588,-117.195081106,5.115,88.678,80.845,4.268,-1.934,-3169,219.807,2,-4.919,14.94,1,0
2026-02-21T22:03:50.000Z,1771711430.000,32.630660779,-117.195051968,5.122,81.421,81.347,4.22,-1.779,-3170,222.393,2,-4.713,14.182,1,0
2026-02-21T22:03:51.000Z,1771711431.000,32.630662914,-117.195024209,5.2,84.74,82.725,-0.508,-1.38,-3171,224.879,2,-4.898,13.501,1,0
2026-02-21T22:03:52.000Z,1771711432.000,32.630663586,-117.194997115,4.973,89.578,84.932,-1.476,-1.86,-3172,227.369,2,-4.81,13.057,1,0
2026-02-21T22:03:53.000Z,1771711433.000,32.630663146,-117.194970992,4.715,91.537,85.296,3.6,-2.363,-3173,229.749,2,-4.601,12.612,1,0
2026-02-21T22:03:54.000Z,1771711434.000,32.630662722,-117.194943515,5,90.656,85.409,3.312,-1.204,-3174,232.244,2,-4.863,12.118,1,0
2026-02-21T22:03:55.000Z,1771711435.000,32.6306635,-117.19491635,5.163,86.187,84.092,-0.094,-1.748,-3175,234.633,2,-4.915,11.39,1,0
2026-02-21T22:03:56.000Z,1771711436.000,32.630664274,-117.194888718,4.94,88.54,82.947,1.582,-2.05,-3176,237.068,2,-4.764,10.666,1,0
2026-02-21T22:03:57.000Z,1771711437.000,32.630663662,-117.19486201,4.962,92.392,85.553,3.415,-0.959,-3177,239.573,2,-4.863,10.401,1,0
2026-02-21T22:03:58.000Z,1771711438.000,32.630662613,-117.19483532,4.634,96.833,89.363,-0.58,0.001,-3178,242.108,2,-4.6,10.281,1,0
2026-02-21T22:03:59.000Z,1771711439.000,32.630660812,-117.19481065,4.613,97.125,88.497,1.853,-0.533,-3179,244.367,2,-4.582,9.916,1,0
2026-02-21T22:04:00.000Z,1771711440.000,32.630659394,-117.194785675,4.587,89.57,86.129,3.966,-0.946,-3180,246.603,2,-4.449,9.386,1,0
2026-02-21T22:04:01.000Z,1771711441.000,32.630659169,-117.194760556,4.785,86.754,86.612,-1.253,-0.719,-3181,248.888,2,-4.58,8.947,1,0
2026-02-21T22:04:02.000Z,1771711442.000,32.630657801,-117.194733685,5,94.496,87.881,-2.623,-0.913,-3182,251.386,2,-4.938,8.658,1,0
2026-02-21T22:04:03.000Z,1771711443.000,32.630655085,-117.19470585,5.275,93.148,87.007,6.792,-0.229,-3183,253.956,2,-5.19,8.329,1,0
2026-02-21T22:04:04.000Z,1771711444.000,32.630654473,-117.194676879,5.487,87.821,85.477,4.942,-1.674,-3184,256.546,2,-5.285,7.698,1,0
2026-02-21T22:04:05.000Z,1771711445.000,32.630655307,-117.194647092,5.684,86.158,83.223,-3.444,-1.302,-3185,259.143,2,-5.433,6.839,1,0
2026-02-21T22:04:06.000Z,1771711446.000,32.6306538,-117.194615974,5.6,92.789,88.575,-2.188,-0.951,-3186,262.14,2,-5.507,6.799,1,0
2026-02-21T22:04:07.000Z,1771711447.000,32.630650698,-117.194587257,5.125,99.701,94.151,-1.818,-0.571,-3187,264.935,2,-5.115,7.006,1,0
2026-02-21T22:04:08.000Z,1771711448.000,32.630647501,-117.194559845,5.013,99.994,94.007,0.268,-0.944,-3188,267.501,2,-5.005,6.795,1,0
2026-02-21T22:04:09.000Z,1771711449.000,32.630645976,-117.194532533,5.285,90.68,88.585,1.846,-0.932,-3189,269.901,2,-5.161,5.984,1,0
2026-02-21T22:04:10.000Z,1771711450.000,32.630643647,-117.194503896,5.389,94.913,87.655,0.82,-0.509,-3190,272.532,2,-5.334,5.592,1,0
2026-02-21T22:04:11.000Z,1771711451.000,32.630642401,-117.194474189,5.587,89.607,86.791,-0.554,-0.928,-3191,275.228,2,-5.436,5.067,1,0
2026-02-21T22:04:12.000Z,1771711452.000,32.630639214,-117.194443979,5.353,97.688,90.534,3.283,-0.216,-3192,278.136,2,-5.331,5.106,1,0
2026-02-21T22:04:13.000Z,1771711453.000,32.630636287,-117.194414777,5.7,95.731,90.778,-1.115,0.088,-3193,280.863,2,-5.655,4.86,1,0
2026-02-21T22:04:14.000Z,1771711454.000,32.630632909,-117.194386425,5.3,100.29,91.062,-0.079,-0.318,-3194,283.527,2,-5.294,4.684,1,0
2026-02-21T22:04:15.000Z,1771711455.000,32.63063036,-117.194358008,5.275,94.723,88.768,2.986,-0.877,-3195,286.117,2,-5.222,4.212,1,0
2026-02-21T22:04:16.000Z,1771711456.000,32.630628853,-117.194327759,5.613,91.583,83.928,4.013,-0.834,-3196,288.761,2,-5.507,3.395,1,0
2026-02-21T22:04:17.000Z,1771711457.000,32.63062833,-117.194295414,6.154,90.793,83.543,2.466,-0.582,-3197,291.683,2,-6.023,2.776,1,0
2026-02-21T22:04:18.000Z,1771711458.000,32.630628378,-117.194260946,6.011,88.543,86.764,-3.791,-0.378,-3198,294.883,2,-5.831,2.333,1,0
2026-02-21T22:04:19.000Z,1771711459.000,32.630627009,-117.194228731,5.8,93.318,88.839,-0.045,-0.252,-3199,297.881,2,-5.725,2.002,1,0
2026-02-21T22:04:20.000Z,1771711460.000,32.630626087,-117.194197976,5.366,84.535,87.627,3.779,0.061,-3200,300.654,2,-5.105,1.393,1,0
2026-02-21T22:04:21.000Z,1771711461.000,32.630626924,-117.194169656,5.115,87.32,83.605,4.832,-0.433,-3201,303.072,2,-4.94,0.424,1,0
2026-02-21T22:04:22.000Z,1771711462.000,32.630629065,-117.194141171,4.922,83.402,79.456,-1.546,-0.613,-3202,305.441,2,-4.659,-0.692,1,0
2026-02-21T22:04:23.000Z,1771711463.000,32.630630963,-117.194112409,5.488,84.037,75.734,5.66,0.176,-3203,307.838,2,-5.217,-1.746,1,0
2026-02-21T22:04:24.000Z,1771711464.000,32.630635075,-117.194082276,5.713,79.634,72.77,4.579,-0.383,-3204,310.309,2,-5.286,-3.006,1,0
2026-02-21T22:04:25.000Z,1771711465.000,32.630639941,-117.194052002,5.8,82.208,70.999,1.679,-0.248,-3205,312.815,2,-5.465,-4.263,1,0
2026-02-21T22:04:26.000Z,1771711466.000,32.630646863,-117.194019755,5.945,74.84,68.627,0.324,-0.099,-3206,315.406,2,-5.309,-5.821,1,0
2026-02-21T22:04:27.000Z,1771711467.000,32.630653651,-117.19398921,5.812,72.183,70.649,1.132,-1.032,-3207,318.055,2,-5.07,-7.03,1,0
2026-02-21T22:04:28.000Z,1771711468.000,32.63066194,-117.193958893,6.174,76.361,67.444,1.644,-0.875,-3208,320.388,2,-5.601,-8.753,1,0
2026-02-21T22:04:29.000Z,1771711469.000,32.63066943,-117.193928972,5.869,74.346,68.8,2.643,-1.138,-3209,322.931,2,-5.241,-10.073,1,0
2026-02-21T22:04:30.000Z,1771711470.000,32.630677568,-117.193898382,5.856,73,67.38,0.04,-0.884,-3210,325.378,2,-5.175,-11.663,1,0
2026-02-21T22:04:31.000Z,1771711471.000,32.630684585,-117.193868817,5.688,73.1,68.088,-1.602,0.195,-3211,327.871,2,-5.038,-12.968,1,0
2026-02-21T22:04:32.000Z,1771711472.000,32.630690583,-117.193839028,5.787,74.486,69.503,-0.25,-0.692,-3212,330.449,2,-5.195,-14.118,1,0
2026-02-21T22:04:33.000Z,1771711473.000,32.630696782,-117.193808931,5.8,75.644,70.467,3.49,-0.82,-3213,333.024,2,-5.263,-15.326,1,0
2026-02-21T22:04:34.000Z,1771711474.000,32.630705193,-117.193777964,5.822,69.984,68.611,1.489,-1.135,-3214,335.479,2,-5.025,-16.985,1,0
2026-02-21T22:04:35.000Z,1771711475.000,32.630714696,-117.193748612,5.912,69.549,65.096,2.277,0.123,-3215,337.665,2,-5.091,-18.835,1,0
2026-02-21T22:04:36.000Z,1771711476.000,32.630724705,-117.193719152,5.913,68.574,64.255,3.06,-0.615,-3216,339.98,2,-5.05,-20.565,1,0
2026-02-21T22:04:37.000Z,1771711477.000,32.630734183,-117.193690961,5.653,66.008,61.649,3.294,-1.307,-3217,342.097,2,-4.702,-22.32,1,0
2026-02-21T22:04:38.000Z,1771711478.000,32.63074381,-117.193662502,5.411,69.119,60.146,-0.982,-0.368,-3218,344.292,2,-4.666,-24.026,1,0
2026-02-21T22:04:39.000Z,1771711479.000,32.630751838,-117.193634588,5.4,73.478,64.349,-2.627,-0.236,-3219,346.805,2,-4.856,-25.194,1,0
2026-02-21T22:04:40.000Z,1771711480.000,32.630758343,-117.193606066,5.526,76.004,67.374,-1.041,-0.745,-3220,349.341,2,-5.075,-26.273,1,0
2026-02-21T22:04:41.000Z,1771711481.000,32.630764085,-117.193575982,5.9,76.677,67.505,6.442,-0.966,-3221,351.889,2,-5.45,-27.488,1,0
2026-02-21T22:04:42.000Z,1771711482.000,32.630771729,-117.193544158,6.011,73.142,68.293,0.908,-0.476,-3222,354.572,2,-5.406,-28.901,1,0
2026-02-21T22:04:43.000Z,1771711483.000,32.63078011,-117.193513175,6.2,71.848,67.489,-2.577,-0.466,-3223,357.078,2,-5.522,-30.484,1,0
2026-02-21T22:04:44.000Z,1771711484.000,32.630787623,-117.193482381,6.073,72.54,69.007,-1.883,-1.24,-3224,359.706,2,-5.448,-31.812,1,0
2026-02-21T22:04:45.000Z,1771711485.000,32.630794259,-117.193451187,5.846,79.364,70.305,3.313,-0.854,-3225,362.384,2,-5.518,-33.067,1,0
2026-02-21T22:04:46.000Z,1771711486.000,32.630799659,-117.193420965,5.515,73.963,72.283,2.618,-0.049,-3226,365.04,2,-5.015,-34.119,1,0
2026-02-21T22:04:47.000Z,1771711487.000,32.630806765,-117.193391671,5.235,72.335,68.39,-3.62,-0.782,-3227,367.288,2,-4.703,-35.744,1,0
2026-02-21T22:04:48.000Z,1771711488.000,32.630813467,-117.19336297,5.412,74.649,65.574,3.338,-0.121,-3228,369.536,2,-4.96,-37.231,1,0
2026-02-21T22:04:49.000Z,1771711489.000,32.630821761,-117.193335717,5.415,67.705,66.082,4.22,-0.858,-3229,371.773,2,-4.671,-38.643,1,0
2026-02-21T22:04:50.000Z,1771711490.000,32.630833191,-117.193309117,5.515,62.631,58.886,-1.388,-1.069,-3230,373.433,2,-4.504,-40.863,1,0
2026-02-21T22:04:51.000Z,1771711491.000,32.630844611,-117.193280991,5.6,62.425,54.051,2.278,-1.118,-3231,375.334,2,-4.573,-42.939,1,0
2026-02-21T22:04:52.000Z,1771711492.000,32.630856509,-117.193251891,6.175,63.784,58.389,8.665,-0.545,-3232,377.872,2,-5.135,-44.568,1,0
2026-02-21T22:04:53.000Z,1771711493.000,32.630870493,-117.193224975,5.831,58.308,53.841,-4.044,-0.389,-3233,379.603,2,-4.532,-46.88,1,0
2026-02-21T22:04:54.000Z,1771711494.000,32.630882949,-117.193197074,5.83,65.268,58.433,-2.374,-1.48,-3234,382.029,2,-4.951,-48.53,1,0
2026-02-21T22:04:55.000Z,1771711495.000,32.630894452,-117.193167357,6.088,66.271,59.192,5.784,-0.65,-3235,384.413,2,-5.234,-50.33,1,0
2026-02-21T22:04:56.000Z,1771711496.000,32.630906066,-117.193138061,5.737,62.777,60.234,7.318,0.485,-3236,386.771,2,-4.754,-52.115,1,0
2026-02-21T22:04:57.000Z,1771711497.000,32.630919419,-117.193110142,5.8,60.173,54.279,-2.536,-0.312,-3237,388.53,2,-4.667,-54.462,1,0
2026-02-21T22:04:58.000Z,1771711498.000,32.630931147,-117.193082518,5.73,65.402,60.319,5.462,-0.327,-3238,391.038,2,-4.909,-55.942,1,0
2026-02-21T22:04:59.000Z,1771711499.000,32.630944498,-117.193057138,5.312,56.048,52.141,2.678,-0.87,-3239,392.427,2,-4.058,-58.359,1,0
2026-02-21T22:05:00.000Z,1771711500.000,32.63095719,-117.193033316,5.013,54.547,54.114,6.623,-0.906,-3240,394.325,2,-3.753,-60.109,1,0
2026-02-21T22:05:01.000Z,1771711501.000,32.630969369,-117.193012204,4.614,56.527,54.908,-1.815,-0.261,-3241,395.917,2,-3.565,-61.811,1,0
2026-02-21T22:05:02.000Z,1771711502.000,32.63098083,-117.192991763,4.531,61.224,50.754,-4.474,-1.111,-3242,397.151,2,-3.733,-63.682,1,0
2026-02-21T22:05:03.000Z,1771711503.000,32.630990496,-117.192968447,4.954,61.776,59.057,9.534,-2.146,-3243,399.487,2,-4.112,-64.742,1,0
2026-02-21T22:05:04.000Z,1771711504.000,32.631003209,-117.192944481,5.614,60.561,52.442,3.015,-2.185,-3244,400.859,2,-4.604,-66.97,1,0
2026-02-21T22:05:05.000Z,1771711505.000,32.631015333,-117.192918861,5.486,60.414,53.476,-0.776,0.025,-3245,402.876,2,-4.5,-68.745,1,0
2026-02-21T22:05:06.000Z,1771711506.000,32.631027598,-117.192892815,5.415,61.759,54.184,0.33,-1.376,-3246,404.905,2,-4.521,-70.559,1,0
2026-02-21T22:05:07.000Z,1771711507.000,32.631039792,-117.192865056,5.535,58.299,55.412,5.399,-0.545,-3247,407.123,2,-4.438,-72.371,1,0
2026-02-21T22:05:08.000Z,1771711508.000,32.631052114,-117.192838861,5.5,59.553,56.065,-0.613,-0.757,-3248,409.16,2,-4.489,-74.196,1,0
2026-02-21T22:05:09.000Z,1771711509.000,32.631062758,-117.192812652,5.3,66.559,59.918,-0.544,-0.389,-3249,411.435,2,-4.672,-75.649,1,0
2026-02-21T22:05:10.000Z,1771711510.000,32.631072685,-117.192787607,5.439,67.22,55.995,-0.66,0.19,-3250,413.165,2,-4.831,-77.456,1,0
2026-02-21T22:05:11.000Z,1771711511.000,32.631082808,-117.192760232,5.665,67.139,60.74,6.684,1.387,-3251,415.616,2,-5.033,-78.826,1,0
2026-02-21T22:05:12.000Z,1771711512.000,32.631094013,-117.192734225,5.488,65.663,58.542,-3.237,0.598,-3252,417.5,2,-4.815,-80.693,1,0
2026-02-21T22:05:13.000Z,1771711513.000,32.631103123,-117.192707614,5.227,69.686,61.705,0.233,1.637,-3253,419.812,2,-4.756,-82.024,1,0
2026-02-21T22:05:14.000Z,1771711514.000,32.631111901,-117.192681931,5.1,65.556,62.767,1.726,0.052,-3254,421.926,2,-4.479,-83.424,1,0
2026-02-21T22:05:15.000Z,1771711515.000,32.631121553,-117.192657346,4.789,65.811,60.958,3.153,-0.057,-3255,423.755,2,-4.221,-85.076,1,0
2026-02-21T22:05:16.000Z,1771711516.000,32.631132263,-117.192634912,4.725,63.351,54.505,0.919,1.817,-3256,425.071,2,-4.073,-87.06,1,0
2026-02-21T22:05:17.000Z,1771711517.000,32.631142986,-117.192612181,4.873,57.505,55.718,-0.449,-0.587,-3257,426.878,2,-3.933,-88.611,1,0
2026-02-21T22:05:18.000Z,1771711518.000,32.631155422,-117.19258865,5.34,56.65,49.722,1.142,0.351,-3258,428.242,2,-4.273,-90.747,1,0
2026-02-21T22:05:19.000Z,1771711519.000,32.631167404,-117.192562721,5.476,61.529,54.83,4.175,0.448,-3259,430.556,2,-4.651,-92.3,1,0
2026-02-21T22:05:20.000Z,1771711520.000,32.631179316,-117.192538381,5.287,58.885,54.425,-3.147,0.335,-3260,432.372,2,-4.364,-94.103,1,0
2026-02-21T22:05:21.000Z,1771711521.000,32.631191186,-117.192514283,5.259,61.325,52.639,0.326,0.406,-3261,434.077,2,-4.471,-95.968,1,0
2026-02-21T22:05:22.000Z,1771711522.000,32.631203714,-117.192488902,5.515,59.938,52.35,6.984,0.653,-3262,435.975,2,-4.624,-97.851,1,0
2026-02-21T22:05:23.000Z,1771711523.000,32.631217867,-117.192463103,5.511,56.734,51.901,2.89,-0.043,-3263,437.851,2,-4.455,-99.927,1,0
2026-02-21T22:05:24.000Z,1771711524.000,32.631231265,-117.192438643,5.125,57.899,52.083,-1.15,0.297,-3264,439.669,2,-4.211,-101.86,1,0
2026-02-21T22:05:25.000Z,1771711525.000,32.631243181,-117.192415497,4.914,58.911,54.356,-1.435,-0.322,-3265,441.549,2,-4.092,-103.497,1,0
2026-02-21T22:05:26.000Z,1771711526.000,32.631254193,-117.192393206,4.854,57.038,55.283,6.786,0.247,-3266,443.29,2,-3.958,-105.088,1,0
2026-02-21T22:05:27.000Z,1771711527.000,32.631268248,-117.192371879,4.9,52.796,46.44,4.715,-0.474,-3267,444.21,2,-3.786,-107.487,1,0
2026-02-21T22:05:28.000Z,1771711528.000,32.631281189,-117.192351435,4.6,51.525,49.957,1.913,1.194,-3268,445.908,2,-3.495,-109.133,1,0
2026-02-21T22:05:29.000Z,1771711529.000,32.631293631,-117.192332517,4.4,50.611,51.761,-3.219,0.445,-3269,447.363,2,-3.303,-110.771,1,0
2026-02-21T22:05:30.000Z,1771711530.000,32.631305818,-117.192313257,4.809,55.818,40.547,0.883,-0.045,-3270,447.955,2,-3.893,-112.984,1,0
2026-02-21T22:05:31.000Z,1771711531.000,32.631316781,-117.192288097,5.476,60.58,53.589,19.06,-0.674,-3271,450.798,2,-4.687,-114.076,1,0
2026-02-21T22:05:32.000Z,1771711532.000,32.631332039,-117.192265985,5.312,51.838,43.242,-0.67,3.632,-3272,451.634,2,-4.09,-116.669,1,0
2026-02-21T22:05:33.000Z,1771711533.000,32.631346689,-117.192243401,5.154,52.525,43.594,-12.125,0.417,-3273,453.259,2,-4.015,-118.696,1,0
2026-02-21T22:05:34.000Z,1771711534.000,32.631356253,-117.192218287,5.031,68.015,51.876,7.729,1.517,-3274,455.807,2,-4.621,-119.846,1,0
2026-02-21T22:05:35.000Z,1771711535.000,32.631368599,-117.192195196,5,47.503,54.407,6.79,-0.294,-3275,457.685,2,-3.617,-121.515,1,0
2026-02-21T22:05:36.000Z,1771711536.000,32.631383002,-117.192176323,4.512,46.575,45.848,-8.947,-0.095,-3276,458.388,2,-3.224,-123.883,1,0
2026-02-21T22:05:37.000Z,1771711537.000,32.631393885,-117.192155531,4.66,60.873,48.855,0.214,1.098,-3277,460.146,2,-4.035,-125.34,1,0
2026-02-21T22:05:38.000Z,1771711538.000,32.631403784,-117.192133409,4.769,59.793,53.303,7.672,0.325,-3278,462.141,2,-4.087,-126.632,1,0
2026-02-21T22:05:39.000Z,1771711539.000,32.63141554,-117.192111109,4.888,60.837,54.429,-2.247,1.204,-3279,463.873,2,-4.24,-128.293,1,0
2026-02-21T22:05:40.000Z,1771711540.000,32.631425325,-117.192087612,4.888,67.925,57.134,-4.407,0.3,-3280,465.869,2,-4.509,-129.674,1,0
2026-02-21T22:05:41.000Z,1771711541.000,32.631433618,-117.192064098,4.686,65.337,60.917,4.76,1.184,-3281,467.966,2,-4.24,-130.821,1,0
2026-02-21T22:05:42.000Z,1771711542.000,32.631443362,-117.192041506,4.7,62.452,61.477,1.326,0.639,-3282,469.745,2,-4.15,-132.297,1,0
2026-02-21T22:05:43.000Z,1771711543.000,32.631454003,-117.192018293,5.041,66.904,56.385,-3.991,0.814,-3283,471.222,2,-4.626,-134.216,1,0
2026-02-21T22:05:44.000Z,1771711544.000,32.63146221,-117.191992429,5.1,71.926,62.585,5.627,1.215,-3284,473.672,2,-4.841,-135.254,1,0
2026-02-21T22:05:45.000Z,1771711545.000,32.631470625,-117.191966468,5.171,65.861,64.856,2.489,1.115,-3285,475.887,2,-4.712,-136.544,1,0
2026-02-21T22:05:46.000Z,1771711546.000,32.631480269,-117.191939918,5.37,69.406,60.99,-5.083,-0.151,-3286,477.782,2,-5.024,-138.363,1,0
2026-02-21T22:05:47.000Z,1771711547.000,32.631488538,-117.1919111,5.389,71.648,65.945,7.783,0.719,-3287,480.403,2,-5.114,-139.523,1,0
2026-02-21T22:05:48.000Z,1771711548.000,32.631498564,-117.191882409,5.863,66.863,61.873,3.657,1.365,-3288,482.474,2,-5.395,-141.445,1,0
2026-02-21T22:05:49.000Z,1771711549.000,32.631509626,-117.191853309,5.886,65.71,60.662,-1.271,0.409,-3289,484.701,2,-5.374,-143.302,1,0
2026-02-21T22:05:50.000Z,1771711550.000,32.631518901,-117.191823735,5.815,69.578,66.16,2.2,0.467,-3290,487.39,2,-5.459,-144.551,1,0
2026-02-21T22:05:51.000Z,1771711551.000,32.631528082,-117.191795765,5.212,68.118,66.305,-4.148,0.626,-3291,489.649,2,-4.848,-146.099,1,0
2026-02-21T22:05:52.000Z,1771711552.000,32.631535521,-117.191768518,5.361,73.783,65.146,5.152,1.704,-3292,491.825,2,-5.158,-147.526,1,0
2026-02-21T22:05:53.000Z,1771711553.000,32.631543435,-117.191741309,5.4,68.945,64.341,6.161,-0.635,-3293,494,2,-5.056,-148.98,1,0
2026-02-21T22:05:54.000Z,1771711554.000,32.631553578,-117.1917146,5.384,64.044,62.343,1.189,0.699,-3294,495.999,2,-4.865,-150.742,1,0
2026-02-21T22:05:55.000Z,1771711555.000,32.631565876,-117.191687146,5.675,63.476,57.403,-1.07,0.018,-3295,497.822,2,-5.11,-152.921,1,0
2026-02-21T22:05:56.000Z,1771711556.000,32.631577455,-117.191658443,5.927,64.126,59.583,6.317,0.089,-3296,500.195,2,-5.37,-154.624,1,0
2026-02-21T22:05:57.000Z,1771711557.000,32.631589337,-117.191629007,6.086,65.945,57.116,2.734,0.969,-3297,502.35,2,-5.598,-156.647,1,0
2026-02-21T22:05:58.000Z,1771711558.000,32.631601014,-117.191599953,6.064,64.417,59.633,-0.646,0.348,-3298,504.773,2,-5.517,-158.348,1,0
2026-02-21T22:05:59.000Z,1771711559.000,32.631610566,-117.191571225,5.4,69.781,65.293,-0.588,1.22,-3299,507.393,2,-5.102,-159.607,1,0
2026-02-21T22:06:00.000Z,1771711560.000,32.631618768,-117.191545685,4.825,67.631,67.668,-2.458,0.698,-3300,509.574,2,-4.498,-160.852,1,0
2026-02-21T22:06:01.000Z,1771711561.000,32.631626821,-117.191520535,5.058,70.813,63.193,4.046,1.171,-3301,511.368,2,-4.812,-162.518,1,0
2026-02-21T22:06:02.000Z,1771711562.000,32.631636822,-117.191492748,5.823,65,59.469,7.094,0.109,-3302,513.366,2,-5.335,-164.388,1,0
2026-02-21T22:06:03.000Z,1771711563.000,32.631650329,-117.191460916,6.567,62.63,54.174,3.876,0.033,-3303,515.513,2,-5.91,-166.792,1,0
2026-02-21T22:06:04.000Z,1771711564.000,32.631664553,-117.191428572,6.8,63.763,55.058,4.423,2.2,-3304,518.062,2,-6.182,-168.934,1,0
2026-02-21T22:06:05.000Z,1771711565.000,32.631678391,-117.191396984,6.313,62.546,57.861,3.876,-0.179,-3305,520.671,2,-5.687,-170.91,1,0
2026-02-21T22:06:06.000Z,1771711566.000,32.631691561,-117.191369509,5.8,56.672,56.223,3.892,0.814,-3306,522.657,2,-4.947,-172.983,1,0
2026-02-21T22:06:07.000Z,1771711567.000,32.631706073,-117.191343611,5.355,51.952,52.415,5.235,1.439,-3307,524.319,2,-4.33,-175.281,1,0
2026-02-21T22:06:08.000Z,1771711568.000,32.631722266,-117.1913204,5.5,49.27,46.567,5.256,-0.294,-3308,525.538,2,-4.301,-177.792,1,0
2026-02-21T22:06:09.000Z,1771711569.000,32.631738995,-117.191298214,5.374,48.642,43.859,1.536,-0.49,-3309,526.849,2,-4.175,-180.172,1,0
2026-02-21T22:06:10.000Z,1771711570.000,32.631756941,-117.191276491,5.715,44.306,42.524,0.567,1.231,-3310,528.178,2,-4.165,-182.61,1,0
2026-02-21T22:06:11.000Z,1771711571.000,32.631776234,-117.191252558,6.066,48.951,37.236,4.309,1.075,-3311,529.371,2,-4.755,-185.383,1,0
2026-02-21T22:06:12.000Z,1771711572.000,32.631797083,-117.191228173,6.574,41.916,39.771,14.045,0.421,-3312,531.138,2,-4.628,-188.044,1,0
2026-02-21T22:06:13.000Z,1771711573.000,32.63182108,-117.191206631,6.5,35.498,29.863,6.27,0.873,-3313,531.607,2,-4.053,-191.382,1,0
2026-02-21T22:06:14.000Z,1771711574.000,32.631844799,-117.191187056,6.2,34.455,33.222,3.474,0.01,-3314,532.929,2,-3.793,-194.265,1,0
2026-02-21T22:06:15.000Z,1771711575.000,32.631868596,-117.191168112,6.068,35.172,26.422,2.068,0.147,-3315,533.394,2,-3.791,-197.395,1,0
2026-02-21T22:06:16.000Z,1771711576.000,32.63188973,-117.191148049,5.812,36.392,33.965,5.875,0.372,-3316,535.165,2,-3.738,-199.902,1,0
2026-02-21T22:06:17.000Z,1771711577.000,32.631911499,-117.191129221,5.713,35.811,32.931,5.862,0.746,-3317,536.135,2,-3.644,-202.675,1,0
2026-02-21T22:06:18.000Z,1771711578.000,32.631934532,-117.19111246,6.07,28.863,26.225,5.543,-0.476,-3318,536.429,2,-3.297,-205.657,1,0
2026-02-21T22:06:19.000Z,1771711579.000,32.631960175,-117.191097295,6.267,21.502,23.348,9.631,-0.678,-3319,536.805,2,-2.724,-208.811,1,0
2026-02-21T22:06:20.000Z,1771711580.000,32.631986074,-117.191084363,5.848,22.277,20.915,7.598,1.835,-3320,537.004,2,-2.633,-211.918,1,0
2026-02-21T22:06:21.000Z,1771711581.000,32.632011974,-117.191074227,5.664,16.5,11.969,-5.04,-0.492,-3321,536.421,2,-2.051,-214.978,1,0
2026-02-21T22:06:22.000Z,1771711582.000,32.632035809,-117.191060444,6,29.373,22.823,8.842,-1.526,-3322,537.83,2,-3.378,-217.755,1,0
2026-02-21T22:06:23.000Z,1771711583.000,32.632060067,-117.191046283,5.778,22.222,22.074,7.64,0.181,-3323,538.326,2,-2.652,-220.701,1,0
2026-02-21T22:06:24.000Z,1771711584.000,32.632084726,-117.191034396,5.965,21.448,14.71,1.524,-1.248,-3324,538.067,2,-2.686,-223.679,1,0
2026-02-21T22:06:25.000Z,1771711585.000,32.632108558,-117.191021461,5.687,24.149,18.373,6.478,1.221,-3325,538.82,2,-2.814,-226.502,1,0
2026-02-21T22:06:26.000Z,1771711586.000,32.632131886,-117.191008947,5.585,21.511,20.865,6.923,1.074,-3326,539.455,2,-2.553,-229.263,1,0
2026-02-21T22:06:27.000Z,1771711587.000,32.632156719,-117.190999838,5.411,13.211,12.873,0.685,1.44,-3327,538.889,2,-1.773,-232.193,1,0
2026-02-21T22:06:28.000Z,1771711588.000,32.6321806,-117.1909902,5.776,17.253,10.143,4.167,-1.055,-3328,538.825,2,-2.292,-234.975,1,0
2026-02-21T22:06:29.000Z,1771711589.000,32.632203882,-117.190979101,5.387,21.022,29.063,10.607,0.743,-3329,540.654,2,-2.469,-237.526,1,0
2026-02-21T22:06:30.000Z,1771711590.000,32.632227884,-117.190970735,5.64,18.23,9.674,-1.569,-0.284,-3330,539.133,2,-2.36,-240.502,1,0
2026-02-21T22:06:31.000Z,1771711591.000,32.632252895,-117.190958253,5.732,18.167,19.73,10.771,-0.343,-3331,540.328,2,-2.409,-243.434,1,0
2026-02-21T22:06:32.000Z,1771711592.000,32.632278729,-117.19094948,5.876,15.011,14.652,4.627,2.01,-3332,539.938,2,-2.194,-246.452,1,0
2026-02-21T22:06:33.000Z,1771711593.000,32.632303626,-117.190941063,5.413,17.403,7.528,-5.468,1.292,-3333,539.379,2,-2.247,-249.311,1,0
2026-02-21T22:06:34.000Z,1771711594.000,32.632325088,-117.19092713,5.415,29.511,25.52,8.803,-0.924,-3334,541.444,2,-3.241,-251.786,1,0
2026-02-21T22:06:35.000Z,1771711595.000,32.632347347,-117.190915619,5.279,22.865,21.231,3.003,1.599,-3335,541.479,2,-2.664,-254.529,1,0
2026-02-21T22:06:36.000Z,1771711596.000,32.63236876,-117.190901994,5.224,31.002,22.327,6.285,0.293,-3336,542.157,2,-3.259,-257.11,1,0
2026-02-21T22:06:37.000Z,1771711597.000,32.632391469,-117.190890407,5.462,16.061,14.122,-2.458,-0.99,-3337,541.862,2,-2.21,-259.856,1,0
2026-02-21T22:06:38.000Z,1771711598.000,32.632413534,-117.190877101,5.525,32.921,26.078,5.379,-0.701,-3338,543.366,2,-3.614,-262.393,1,0
2026-02-21T22:06:39.000Z,1771711599.000,32.632435211,-117.190861964,5.1,30.579,29.558,6.227,4.594,-3339,544.363,2,-3.187,-264.988,1,0
2026-02-21T22:06:40.000Z,1771711600.000,32.632457181,-117.190849972,5.212,25.797,17.375,-5.041,1.081,-3340,543.813,2,-2.922,-267.796,1,0
2026-02-21T22:06:41.000Z,1771711601.000,32.632477835,-117.190835301,5.374,32.136,23.863,4.932,-2.988,-3341,545.045,2,-3.495,-270.27,1,0
2026-02-21T22:06:42.000Z,1771711602.000,32.632497053,-117.190820345,4.815,34.441,38.23,10.295,1.631,-3342,546.933,2,-3.282,-272.263,1,0
2026-02-21T22:06:43.000Z,1771711603.000,32.632519649,-117.190810864,4.9,23.361,15.144,-9.036,1.557,-3343,545.298,2,-2.607,-275.383,1,0
2026-02-21T22:06:44.000Z,1771711604.000,32.632538475,-117.190796486,4.912,31.055,29.266,12.724,0.121,-3344,547.168,2,-3.153,-277.521,1,0
2026-02-21T22:06:45.000Z,1771711605.000,32.632559473,-117.190785378,5.074,18.898,20.637,3.566,1.134,-3345,546.854,2,-2.379,-280.17,1,0
2026-02-21T22:06:46.000Z,1771711606.000,32.632580718,-117.190775074,4.945,25.392,14.529,-3.993,0.124,-3346,546.656,2,-2.811,-282.741,1,0
2026-02-21T22:06:47.000Z,1771711607.000,32.632600918,-117.190760622,4.921,37.673,23.353,10.19,3.55,-3347,548.069,2,-3.602,-285.126,1,0
2026-02-21T22:06:48.000Z,1771711608.000,32.632621715,-117.190751142,5,11.587,16.063,0.439,0.55,-3348,547.716,2,-1.803,-287.644,1,0
2026-02-21T22:06:49.000Z,1771711609.000,32.632642174,-117.190743641,4.674,18.138,16.706,0.962,-2.956,-3349,547.835,2,-2.183,-290.034,1,0
2026-02-21T22:06:50.000Z,1771711610.000,32.632661763,-117.190735568,4.569,25.863,13.564,7.606,2.374,-3350,547.725,2,-2.668,-292.33,1,0
2026-02-21T22:06:51.000Z,1771711611.000,32.632683041,-117.190727009,4.689,18.909,12.156,5.268,1.187,-3351,547.748,2,-2.269,-294.82,1,0
2026-02-21T22:06:52.000Z,1771711612.000,32.632704298,-117.190720687,4.8,10.011,11.56,-0.544,-1.075,-3352,547.636,2,-1.658,-297.253,1,0
2026-02-21T22:06:53.000Z,1771711613.000,32.632725389,-117.190715476,4.6,15.557,4.571,1.707,1.69,-3353,546.916,2,-2.011,-299.609,1,0
2026-02-21T22:06:54.000Z,1771711614.000,32.632745141,-117.190708436,4.33,12.626,15.897,7.448,-1.343,-3354,547.875,2,-1.7,-301.929,1,0
2026-02-21T22:06:55.000Z,1771711615.000,32.632764777,-117.190704283,4.211,12.977,6.606,-0.145,0.87,-3355,546.913,2,-1.689,-304.13,1,0
2026-02-21T22:06:56.000Z,1771711616.000,32.632783865,-117.190699615,4.312,8.382,8.87,2.245,2.554,-3356,546.947,2,-1.418,-306.313,1,0
2026-02-21T22:06:57.000Z,1771711617.000,32.632803062,-117.190696224,4.313,5.239,1.918,1.422,0.529,-3357,546.127,2,-1.204,-308.395,1,0
2026-02-21T22:06:58.000Z,1771711618.000,32.632822077,-117.190691759,3.985,11.45,10.741,4.467,-1.583,-3358,546.667,2,-1.528,-310.627,1,0
2026-02-21T22:06:59.000Z,1771711619.000,32.632841033,-117.190687148,3.911,14.909,6.319,2.713,1.926,-3359,546.162,2,-1.725,-312.754,1,0
2026-02-21T22:07:00.000Z,1771711620.000,32.632860042,-117.190682855,4.376,4.99,4.239,-2.282,-0.536,-3360,545.817,2,-1.235,-314.881,1,0
2026-02-21T22:07:01.000Z,1771711621.000,32.632878654,-117.190676455,4.486,19.08,13.154,7.412,1.079,-3361,546.557,2,-2.284,-317.07,1,0
2026-02-21T22:07:02.000Z,1771711622.000,32.632898721,-117.19067255,4.57,4.076,1.08,-1.845,1.221,-3362,545.347,2,-1.243,-319.235,1,0
2026-02-21T22:07:03.000Z,1771711623.000,32.632918105,-117.190663221,4.489,29.842,10.713,10.407,0.741,-3363,546.378,2,-2.985,-321.608,1,0
2026-02-21T22:07:04.000Z,1771711624.000,32.632936252,-117.190656862,3.988,8.315,11.664,4.976,3.512,-3364,546.486,2,-1.382,-323.721,1,0
2026-02-21T22:07:05.000Z,1771711625.000,32.632955312,-117.190655385,3.879,8.845,354.918,-6.192,1.327,-3365,544.729,2,-1.389,-325.613,1,0
2026-02-21T22:07:06.000Z,1771711626.000,32.632973152,-117.190649977,4.185,10.554,13.957,10.24,-1.067,-3366,546.192,2,-1.621,-327.874,1,0
2026-02-21T22:07:07.000Z,1771711627.000,32.632990391,-117.190648133,3.644,7.798,1.82,0.654,2.245,-3367,544.87,2,-1.258,-329.708,1,0
2026-02-21T22:07:08.000Z,1771711628.000,32.63300769,-117.190644612,4.175,7.4,358.643,-0.731,-0.754,-3368,544.424,2,-1.423,-331.601,1,0
2026-02-21T22:07:09.000Z,1771711629.000,32.633024654,-117.190639603,3.96,6.064,10.155,6.088,0.072,-3369,545.284,2,-1.27,-333.673,1,0
2026-02-21T22:07:10.000Z,1771711630.000,32.633042574,-117.190638366,4.055,6.502,3.692,-1.795,-0.966,-3370,544.343,2,-1.34,-335.598,1,0
2026-02-21T22:07:11.000Z,1771711631.000,32.633060053,-117.190634897,3.877,9.13,5.491,3.446,3.866,-3371,544.278,2,-1.455,-337.584,1,0
2026-02-21T22:07:12.000Z,1771711632.000,32.633077532,-117.190629393,3.825,20.41,1.546,4.106,1.183,-3372,543.941,2,-2.109,-339.545,1,0
2026-02-21T22:07:13.000Z,1771711633.000,32.633094119,-117.190622127,4.013,12.273,18.263,10.616,4.596,-3373,545.446,2,-1.722,-341.542,1,0
2026-02-21T22:07:14.000Z,1771711634.000,32.633111607,-117.190618331,3.79,12.545,358.469,-2.41,-2.103,-3374,543.682,2,-1.653,-343.413,1,0
2026-02-21T22:07:15.000Z,1771711635.000,32.633129144,-117.190610201,4.277,21.607,19.564,17.751,6.944,-3375,545.582,2,-2.453,-345.556,1,0
2026-02-21T22:07:16.000Z,1771711636.000,32.633147703,-117.190607974,3.988,1.754,6.418,1.664,2.268,-3376,544.168,2,-1.053,-347.65,1,0
2026-02-21T22:07:17.000Z,1771711637.000,32.633165132,-117.190605501,3.467,10.969,357.489,-1.714,0.752,-3377,543.168,2,-1.447,-349.465,1,0
2026-02-21T22:07:18.000Z,1771711638.000,32.633182404,-117.190600961,3.954,359.65,18.8,13.415,-0.679,-3378,544.766,2,-0.919,-351.552,1,0
2026-02-21T22:07:19.000Z,1771711639.000,32.633201421,-117.190600026,4.154,7.964,358.002,2.948,0.321,-3379,542.619,2,-1.552,-353.528,1,0
2026-02-21T22:07:20.000Z,1771711640.000,32.633219366,-117.190595433,4.063,14.464,10.843,9.606,4.867,-3380,543.519,2,-1.942,-355.699,1,0
2026-02-21T22:07:21.000Z,1771711641.000,32.633238014,-117.190595249,4.005,354.192,349.597,-6.961,2.449,-3381,541.347,2,-0.588,-357.338,1,0
2026-02-21T22:07:22.000Z,1771711642.000,32.633255732,-117.190589703,3.947,14.937,13.275,12.945,-0.344,-3382,543.149,2,-1.931,-359.751,1,0
2026-02-21T22:07:23.000Z,1771711643.000,32.633274267,-117.190589588,3.812,358.508,350.07,-4.933,1.226,-3383,540.796,2,-0.86,-361.435,1,0
2026-02-21T22:07:24.000Z,1771711644.000,32.633290887,-117.190582476,3.812,15.65,15.997,12.071,0.507,-3384,542.972,2,-1.92,-363.704,1,0
2026-02-21T22:07:25.000Z,1771711645.000,32.633307504,-117.1905808,3.485,1.148,4.609,0.989,-2.088,-3385,541.709,2,-0.955,-365.536,1,0
2026-02-21T22:07:26.000Z,1771711646.000,32.633325681,-117.190579207,3.91,12.592,1.089,7.722,2.345,-3386,541.035,2,-1.805,-367.486,1,0
2026-02-21T22:07:27.000Z,1771711647.000,32.633344488,-117.190577942,4.2,358.798,1.819,5.778,0.966,-3387,540.644,2,-1.004,-369.572,1,0
2026-02-21T22:07:28.000Z,1771711648.000,32.633363034,-117.190577203,4.175,5.399,356.797,5.872,3.109,-3388,539.771,2,-1.467,-371.5,1,0
2026-02-21T22:07:29.000Z,1771711649.000,32.633380662,-117.190575715,3.885,357.653,350.528,-1.174,0.953,-3389,538.905,2,-0.872,-373.293,1,0
2026-02-21T22:07:30.000Z,1771711650.000,32.633398182,-117.190574385,3.689,4.84,4.637,8.825,0.39,-3390,539.589,2,-1.278,-375.503,1,0
2026-02-21T22:07:31.000Z,1771711651.000,32.633413975,-117.190577584,3.136,351.064,349.628,-1.954,1.67,-3391,537.676,2,-0.363,-376.849,1,0
2026-02-21T22:07:32.000Z,1771711652.000,32.633430145,-117.190577517,3.787,4.425,352.217,9.143,0.264,-3392,537.39,2,-1.303,-378.685,1,0
2026-02-21T22:07:33.000Z,1771711653.000,32.633445927,-117.190579469,3.94,341.437,347.71,1.753,0.239,-3393,536.42,2,0.188,-380.21,1,0
2026-02-21T22:07:34.000Z,1771711654.000,32.633462106,-117.190581055,3.745,358.526,351.417,5.632,2.123,-3394,536.059,2,-0.936,-382.062,1,0
2026-02-21T22:07:35.000Z,1771711655.000,32.633477362,-117.190583661,3.448,339.557,344.457,0.417,3.498,-3395,534.868,2,0.263,-383.438,1,0
2026-02-21T22:07:36.000Z,1771711656.000,32.633492874,-117.190588079,3.626,343.708,342.696,2.997,-2.527,-3396,533.885,2,0.006,-384.966,1,0
2026-02-21T22:07:37.000Z,1771711657.000,32.633506355,-117.190593716,3.3,340.652,339.882,2.687,1.655,-3397,532.787,2,0.175,-386.2,1,0
2026-02-21T22:07:38.000Z,1771711658.000,32.633519829,-117.190599848,3.021,334.52,336.272,0.811,1.252,-3398,531.599,2,0.476,-387.378,1,0
2026-02-21T22:07:39.000Z,1771711659.000,32.63353246,-117.190604965,3.035,346.044,332.585,0.841,2.658,-3399,530.535,2,-0.136,-388.465,1,0
2026-02-21T22:07:40.000Z,1771711660.000,32.633544783,-117.190608837,2.826,346.906,331.648,1.312,-0.399,-3400,529.765,2,-0.174,-389.675,1,0
2026-02-21T22:07:41.000Z,1771711661.000,32.633556129,-117.190611805,2.645,346.34,335.174,3.355,2.097,-3401,529.37,2,-0.141,-391.029,1,0
2026-02-21T22:07:42.000Z,1771711662.000,32.633566846,-117.190617023,2.443,338.227,328.075,-2.637,-1.41,-3402,528.167,2,0.212,-391.712,1,0
2026-02-21T22:07:43.000Z,1771711663.000,32.633576427,-117.190621854,2.464,335.594,337.061,2.339,1.245,-3403,527.977,2,0.322,-393.123,1,0
2026-02-21T22:07:44.000Z,1771711664.000,32.633585025,-117.190628305,1.713,332.509,330.256,-0.996,4.709,-3404,526.727,2,0.313,-393.585,1,0
2026-02-21T22:07:45.000Z,1771711665.000,32.633593677,-117.190633992,2.515,322.829,334.659,-0.186,-0.537,-3405,526.218,2,0.865,-394.639,1,0
2026-02-21T22:07:46.000Z,1771711666.000,32.63360174,-117.190638593,2.079,343.355,334.71,2.705,1.651,-3406,525.564,2,-0.017,-395.427,1,0
2026-02-21T22:07:47.000Z,1771711667.000,32.633610182,-117.190640859,1.965,345.19,334.197,1.183,-0.036,-3407,525.076,2,-0.081,-396.274,1,0
2026-02-21T22:07:48.000Z,1771711668.000,32.633618473,-117.190642584,1.713,341.264,336.159,-3.489,2.625,-3408,524.794,2,0.044,-397.236,1,0
2026-02-21T22:07:49.000Z,1771711669.000,32.633627478,-117.19064176,1.93,8.021,340.844,4.53,-4.298,-3409,524.904,2,-0.826,-398.442,1,0
2026-02-21T22:07:50.000Z,1771711670.000,32.633635231,-117.190643035,1.7,345.852,341.067,-1.996,6.387,-3410,524.573,2,-0.096,-399.268,1,0
2026-02-21T22:07:51.000Z,1771711671.000,32.633643427,-117.190644779,2.124,341.088,339.212,1.281,-1.951,-3411,524.048,2,0.054,-400.044,1,0
2026-02-21T22:07:52.000Z,1771711672.000,32.6336506,-117.190645736,1.787,359.454,341.238,3.354,3.687,-3412,523.883,2,-0.521,-400.89,1,0
2026-02-21T22:07:53.000Z,1771711673.000,32.633658997,-117.19064644,1.845,352.173,340.245,2.069,0.712,-3413,523.502,2,-0.312,-401.748,1,0
2026-02-21T22:07:54.000Z,1771711674.000,32.633666669,-117.190648628,1.757,344.335,337.099,-0.873,0.217,-3414,522.874,2,-0.06,-402.392,1,0
2026-02-21T22:07:55.000Z,1771711675.000,32.63367343,-117.190649425,1.474,358.243,340.215,3.386,2.172,-3415,522.801,2,-0.404,-403.253,1,0
2026-02-21T22:07:56.000Z,1771711676.000,32.633680325,-117.190649985,2.085,335.515,345.017,5.044,-1.903,-3416,522.871,2,0.245,-404.186,1,0
2026-02-21T22:07:57.000Z,1771711677.000,32.633685798,-117.19065234,1.045,359.027,336.139,-1.678,3.324,-3417,521.906,2,-0.302,-404.355,1,0
2026-02-21T22:07:58.000Z,1771711678.000,32.633693883,-117.190651721,1.889,0.824,343.44,8.726,-0.906,-3418,522.201,2,-0.605,-405.563,1,0
2026-02-21T22:07:59.000Z,1771711679.000,32.633701207,-117.190653317,1.524,344.783,336.423,-0.844,4.339,-3419,521.376,2,-0.071,-406.023,1,0
2026-02-21T22:08:00.000Z,1771711680.000,32.633708825,-117.19065451,1.813,348.873,332.543,-1.695,-1.619,-3420,520.805,2,-0.215,-406.632,1,0
2026-02-21T22:08:01.000Z,1771711681.000,32.633715517,-117.190654585,1.621,353.987,339.392,3.09,0.99,-3421,521.025,2,-0.337,-407.688,1,0
2026-02-21T22:08:02.000Z,1771711682.000,32.633721291,-117.190657212,1.578,320.127,343.307,1.932,-0.721,-3422,520.879,2,0.586,-408.426,1,0
2026-02-21T22:08:03.000Z,1771711683.000,32.633727172,-117.19066243,1.234,349.475,331.024,-2.918,3.53,-3423,519.453,2,-0.163,-408.389,1,0
2026-02-21T22:08:04.000Z,1771711684.000,32.633734633,-117.190662513,1.639,358.915,344.324,8.472,-0.798,-3424,520.073,2,-0.481,-409.809,1,0
2026-02-21T22:08:05.000Z,1771711685.000,32.633742453,-117.1906631,1.985,359.788,339.595,-1.08,2.829,-3425,519.468,2,-0.614,-410.453,1,0
2026-02-21T22:08:06.000Z,1771711686.000,32.633750961,-117.190661107,1.9,0.899,342.439,-1.358,-0.421,-3426,519.584,2,-0.624,-411.537,1,0
2026-02-21T22:08:07.000Z,1771711687.000,32.633758397,-117.190659368,1.84,16.598,345.178,1.4,-0.893,-3427,519.708,2,-1.054,-412.486,1,0
2026-02-21T22:08:08.000Z,1771711688.000,32.633765565,-117.190658126,1.54,355.542,348.816,4.058,4.53,-3428,519.865,2,-0.371,-413.415,1,0
2026-02-21T22:08:09.000Z,1771711689.000,32.633772815,-117.19065868,1.645,354.086,343.829,-1.135,-0.912,-3429,519.248,2,-0.357,-414.011,1,0
2026-02-21T22:08:10.000Z,1771711690.000,32.633780159,-117.190658244,1.934,8.903,353.285,8.666,1.956,-3430,519.75,2,-0.89,-415.126,1,0
2026-02-21T22:08:11.000Z,1771711691.000,32.63378762,-117.190658074,1.851,12.092,353.806,9.26,2.976,-3431,519.582,2,-0.943,-415.954,1,0
2026-02-21T22:08:12.000Z,1771711692.000,32.633796489,-117.190658344,2.074,350.67,342.599,-0.892,0.062,-3432,518.493,2,-0.335,-416.534,1,0
2026-02-21T22:08:13.000Z,1771711693.000,32.633806378,-117.190655576,2.33,23.544,1.729,11.126,0.967,-3433,519.863,2,-1.565,-418.189,1,0
2026-02-21T22:08:14.000Z,1771711694.000,32.63381677,-117.190655589,2.289,356.792,346.11,-1.203,3.622,-3434,518.375,2,-0.614,-418.935,1,0
2026-02-21T22:08:15.000Z,1771711695.000,32.633827331,-117.190652683,2.715,10.757,0.039,12.733,-1.458,-3435,519.363,2,-1.34,-420.511,1,0
2026-02-21T22:08:16.000Z,1771711696.000,32.633836968,-117.190654529,2.247,349.64,348.307,2.156,3.593,-3436,518.024,2,-0.334,-421.228,1,0
2026-02-21T22:08:17.000Z,1771711697.000,32.633847858,-117.190656714,2.46,340.037,343.991,2.709,-0.997,-3437,517.204,2,0.041,-422.201,1,0
2026-02-21T22:08:18.000Z,1771711698.000,32.633859648,-117.190657344,2.689,6.633,349.93,9.632,-0.315,-3438,517.212,2,-1.167,-423.686,1,0
2026-02-21T22:08:19.000Z,1771711699.000,32.633870185,-117.190658063,2.212,353.998,347.3,0.629,4.773,-3439,516.642,2,-0.504,-424.733,1,0
2026-02-21T22:08:20.000Z,1771711700.000,32.633880867,-117.190658027,2.373,3.701,346.273,1.293,2.035,-3440,516.253,2,-0.925,-425.858,1,0
2026-02-21T22:08:21.000Z,1771711701.000,32.633892329,-117.190659025,2.305,1.598,342.314,-0.127,0.52,-3441,515.549,2,-0.823,-426.93,1,0
2026-02-21T22:08:22.000Z,1771711702.000,32.633902904,-117.190657312,2.189,14.945,1.492,11.009,2.84,-3442,516.808,2,-1.234,-428.643,1,0
2026-02-21T22:08:23.000Z,1771711703.000,32.63391426,-117.190659439,2.525,0.629,348.195,0.373,3.71,-3443,515.268,2,-0.869,-429.522,1,0
2026-02-21T22:08:24.000Z,1771711704.000,32.633926183,-117.190658292,2.7,4.621,0.636,9.338,-0.506,-3444,515.955,2,-1.106,-431.151,1,0
2026-02-21T22:08:25.000Z,1771711705.000,32.633938484,-117.190657085,2.845,25.65,355.125,8.484,3.123,-3445,515.273,2,-2.023,-432.396,1,0
2026-02-21T22:08:26.000Z,1771711706.000,32.633952024,-117.190652051,2.977,14.604,7.341,6.049,1.152,-3446,516.28,2,-1.679,-434.162,1,0
2026-02-21T22:08:27.000Z,1771711707.000,32.633965758,-117.190647647,2.912,22.585,3.611,2.941,5.124,-3447,515.971,2,-1.964,-435.702,1,0
2026-02-21T22:08:28.000Z,1771711708.000,32.633980372,-117.19064266,3.24,6.522,4.909,4.293,-0.464,-3448,516.091,2,-1.442,-437.388,1,0
2026-02-21T22:08:29.000Z,1771711709.000,32.633995157,-117.19063853,3.57,13.453,7.685,6.404,1.525,-3449,516.242,2,-1.968,-439.113,1,0
2026-02-21T22:08:30.000Z,1771711710.000,32.634011145,-117.190633842,3.477,17.871,2.262,2.167,2.349,-3450,515.755,2,-2.141,-440.894,1,0
2026-02-21T22:08:31.000Z,1771711711.000,32.634026587,-117.190626781,3.712,12.254,15.568,5.717,1.152,-3451,517.001,2,-1.991,-442.775,1,0
2026-02-21T22:08:32.000Z,1771711712.000,32.634043009,-117.190620585,3.94,21.185,9.022,2.992,0.732,-3452,516.541,2,-2.61,-444.683,1,0
2026-02-21T22:08:33.000Z,1771711713.000,32.634060189,-117.190610245,4.09,28.965,18.762,7.87,3.152,-3453,517.75,2,-3.102,-446.735,1,0
2026-02-21T22:08:34.000Z,1771711714.000,32.634078249,-117.190601526,3.924,27.165,6.879,-0.499,2.243,-3454,517.037,2,-2.902,-448.876,1,0
2026-02-21T22:08:35.000Z,1771711715.000,32.634095523,-117.190588705,4.337,36.736,25.991,11.582,0.235,-3455,519.221,2,-3.649,-450.901,1,0
2026-02-21T22:08:36.000Z,1771711716.000,32.634113487,-117.19058045,4.285,16.12,15.951,3.666,2.301,-3456,518.62,2,-2.568,-453.137,1,0
2026-02-21T22:08:37.000Z,1771711717.000,32.634133563,-117.190573567,4.515,12.788,13.75,8.138,2.205,-3457,518.464,2,-2.5,-455.461,1,0
2026-02-21T22:08:38.000Z,1771711718.000,32.634155424,-117.190566525,4.759,15.941,15.448,12.076,3.554,-3458,518.585,2,-2.858,-457.974,1,0
2026-02-21T22:08:39.000Z,1771711719.000,32.634177941,-117.190561049,4.865,9.913,2.281,2.226,0.916,-3459,517.351,2,-2.511,-460.462,1,0
2026-02-21T22:08:40.000Z,1771711720.000,32.634199183,-117.190551609,4.915,26.188,14.101,10.632,1.598,-3460,518.517,2,-3.621,-463.027,1,0
2026-02-21T22:08:41.000Z,1771711721.000,32.634221909,-117.190543727,4.821,13.627,3.148,2.79,1.325,-3461,517.67,2,-2.769,-465.6,1,0
2026-02-21T22:08:42.000Z,1771711722.000,32.634244064,-117.190537163,5.504,5.853,13.179,5.775,-0.618,-3462,518.407,2,-2.533,-468.197,1,0
2026-02-21T22:08:43.000Z,1771711723.000,32.634267271,-117.190533534,4.974,8.961,4.331,7.521,2.984,-3463,517.33,2,-2.538,-470.746,1,0
2026-02-21T22:08:44.000Z,1771711724.000,32.63429099,-117.190528708,5.438,3.627,10.776,11.216,-0.476,-3464,517.577,2,-2.34,-473.45,1,0
2026-02-21T22:08:45.000Z,1771711725.000,32.634316141,-117.190527407,5.479,3.79,353.177,0.117,0.24,-3465,515.561,2,-2.39,-475.967,1,0
2026-02-21T22:08:46.000Z,1771711726.000,32.634338872,-117.190521371,4.748,11.183,20.781,12.162,-1.018,-3466,517.619,2,-2.608,-478.751,1,0
2026-02-21T22:08:47.000Z,1771711727.000,32.634361925,-117.190521936,5.423,354.331,1.819,1.13,8.285,-3467,515.355,2,-1.558,-481.23,1,0
2026-02-21T22:08:48.000Z,1771711728.000,32.634383421,-117.190520005,4.335,6.474,359.803,4.847,3.114,-3468,514.73,2,-2.101,-483.571,1,0
2026-02-21T22:08:49.000Z,1771711729.000,32.634405234,-117.190519511,4.747,357.56,348.829,-4.927,-0.041,-3469,513.3,2,-1.642,-485.667,1,0
2026-02-21T22:08:50.000Z,1771711730.000,32.634425858,-117.190513026,4.764,21.553,7.598,6.792,-3.292,-3470,514.714,2,-3.329,-488.404,1,0
2026-02-21T22:08:51.000Z,1771711731.000,32.634446494,-117.190508594,4.6,6.688,1.077,-3.062,4.125,-3471,513.978,2,-2.273,-490.672,1,0
2026-02-21T22:08:52.000Z,1771711732.000,32.634466132,-117.190499791,4.566,27.376,13.058,6.71,1.304,-3472,515.147,2,-3.517,-493.054,1,0
2026-02-21T22:08:53.000Z,1771711733.000,32.634486101,-117.190491917,4.576,11.084,11.505,5.215,0.611,-3473,515.135,2,-2.573,-495.395,1,0
2026-02-21T22:08:54.000Z,1771711734.000,32.634506366,-117.190485879,4.761,12.496,6.567,4.671,0.314,-3474,514.678,2,-2.782,-497.696,1,0
2026-02-21T22:08:55.000Z,1771711735.000,32.634526523,-117.190479831,4.328,7.604,10.885,7.789,3.218,-3475,514.97,2,-2.227,-500.029,1,0
2026-02-21T22:08:56.000Z,1771711736.000,32.634547054,-117.190477428,4.316,4.452,357.277,0.227,-0.181,-3476,513.496,2,-2.025,-502.145,1,0
2026-02-21T22:08:57.000Z,1771711737.000,32.634568083,-117.190472351,4.588,12.839,7.163,8.546,0.998,-3477,514.106,2,-2.728,-504.67,1,0
2026-02-21T22:08:58.000Z,1771711738.000,32.634588589,-117.190469027,4.662,4.477,359.644,-1.089,1.683,-3478,513.198,2,-2.208,-506.876,1,0
2026-02-21T22:08:59.000Z,1771711739.000,32.634609854,-117.190464253,4.814,6.5,3.034,1.168,-0.437,-3479,513.262,2,-2.437,-509.329,1,0