ISODateTimeUTC,SecondsSince1970,Lat,Lon,SOG,COG,Heading,Heel,Trim,TimeToGunCalc,BelowLineCalc,Leg,VMC,XTE
2026-09-26T22:08:01.000Z,1790460481.000,32.642812492,-117.188673649,4.9,208.614,220.327,-12.529,4.323,419,-2.471,,,
2026-09-26T22:08:02.000Z,1790460482.000,32.642793517,-117.188689174,4.466,215.643,218.065,-5.332,6.338,418,-2.792,,,
2026-09-26T22:08:03.000Z,1790460483.000,32.642774453,-117.188701673,4.513,210.653,216.964,-7.596,1.586,417,-2.94,,,
2026-09-26T22:08:04.000Z,1790460484.000,32.642757124,-117.188712026,4.419,209.353,216.255,-8.25,5.643,416,-3.009,,,
2026-09-26T22:08:05.000Z,1790460485.000,32.642738556,-117.188723434,4.477,208.979,216.194,-8.278,1.818,415,-3.166,,,
2026-09-26T22:08:06.000Z,1790460486.000,32.642719355,-117.188736184,4.738,214.91,219.832,-9.005,6.529,414,-3.701,,,
2026-09-26T22:08:07.000Z,1790460487.000,32.64270013,-117.188751102,4.928,213.625,216.441,-7.651,3.378,413,-3.869,,,
2026-09-26T22:08:08.000Z,1790460488.000,32.642680592,-117.188763603,5.069,207.794,213.325,-9.067,2.911,412,-3.835,,,
2026-09-26T22:08:09.000Z,1790460489.000,32.642660658,-117.188776355,4.776,213.079,217.533,-7.107,2.522,411,-4.386,,,
2026-09-26T22:08:10.000Z,1790460490.000,32.642640416,-117.188788092,4.974,203.203,214.527,-11.045,2.886,410,-4.264,,,
2026-09-26T22:08:11.000Z,1790460491.000,32.642619989,-117.188801404,5.085,210.83,217.35,-4.75,2.664,409,-4.731,,,
2026-09-26T22:08:12.000Z,1790460492.000,32.6425981,-117.188814644,5.267,210.801,217.83,-10.176,2.073,408,-4.941,,,
2026-09-26T22:08:13.000Z,1790460493.000,32.642577554,-117.188827666,4.9,207.281,213.997,-7.506,5.174,407,-4.851,,,
2026-09-26T22:08:14.000Z,1790460494.000,32.642556616,-117.18884081,5.159,210.554,219.008,-11.825,-0.545,406,-5.453,,,
2026-09-26T22:08:15.000Z,1790460495.000,32.642538537,-117.188857334,4.869,219.99,217.119,-3.44,6.969,405,-5.928,,,
2026-09-26T22:08:16.000Z,1790460496.000,32.642517608,-117.18886856,4.623,202.058,213.949,-13.258,3.151,404,-5.719,,,
2026-09-26T22:08:17.000Z,1790460497.000,32.642498774,-117.188879465,4.339,207.013,215.155,-6.599,5.22,403,-5.922,,,
2026-09-26T22:08:18.000Z,1790460498.000,32.642478865,-117.188892507,5.154,212.432,219.441,-7.641,1.151,402,-6.502,,,
2026-09-26T22:08:19.000Z,1790460499.000,32.642459083,-117.188908065,5.645,217.615,222.302,-11.92,3.384,401,-7.188,,,
2026-09-26T22:08:20.000Z,1790460500.000,32.642439198,-117.188925875,4.949,217.347,221.717,-11.129,3.446,400,-7.798,,,
2026-09-26T22:08:21.000Z,1790460501.000,32.642420717,-117.188942915,4.84,214.587,221.697,-5.441,6.532,399,-8.446,,,
2026-09-26T22:08:22.000Z,1790460502.000,32.642402628,-117.188959488,4.909,217.834,220.821,-2.964,1.966,398,-9.005,,,
2026-09-26T22:08:23.000Z,1790460503.000,32.642383512,-117.188973196,5.272,213.379,219.66,-11.371,-0.167,397,-9.25,,,
2026-09-26T22:08:24.000Z,1790460504.000,32.642365892,-117.188986685,4.713,207.702,214.831,-3.014,10.957,396,-9.252,,,
2026-09-26T22:08:25.000Z,1790460505.000,32.642346041,-117.188997662,4.8,207.195,218.295,-9.989,1.279,395,-9.594,,,
2026-09-26T22:08:26.000Z,1790460506.000,32.642328225,-117.189009817,4.5,207.483,216.803,-6.427,6.1,394,-9.736,,,
2026-09-26T22:08:27.000Z,1790460507.000,32.642309151,-117.189024573,5.076,219.315,222.164,-5.902,1.919,393,-10.581,,,
2026-09-26T22:08:28.000Z,1790460508.000,32.642290038,-117.189038369,5.335,207.299,218.425,-14.891,1.245,392,-10.634,,,
2026-09-26T22:08:29.000Z,1790460509.000,32.642272681,-117.1890525,4.194,212.937,216.877,-4.869,7.614,391,-10.961,,,
2026-09-26T22:08:30.000Z,1790460510.000,32.642253694,-117.189063326,4.322,206.391,216.524,-8.095,4.708,390,-11.027,,,
2026-09-26T22:08:31.000Z,1790460511.000,32.642235647,-117.189075381,4.675,211.584,218.849,-4.331,1.849,389,-11.45,,,
2026-09-26T22:08:32.000Z,1790460512.000,32.642217235,-117.189090012,4.96,219.681,221.18,-3.682,3.216,388,-12.077,,,
2026-09-26T22:08:33.000Z,1790460513.000,32.642199294,-117.189104558,4.7,212.564,214.887,-2.613,6.289,387,-12.042,,,
2026-09-26T22:08:34.000Z,1790460514.000,32.64218085,-117.18911744,4.436,210.788,215.637,-4.351,4.969,386,-12.396,,,
2026-09-26T22:08:35.000Z,1790460515.000,32.642162658,-117.18912915,4.487,208.4,215.249,-3.345,4.194,385,-12.569,,,
2026-09-26T22:08:36.000Z,1790460516.000,32.642144741,-117.18914058,4.362,208.254,213.904,-2.062,4.179,384,-12.655,,,
2026-09-26T22:08:37.000Z,1790460517.000,32.642125124,-117.189149192,4.923,197.808,210.418,-11.708,2.803,383,-12.25,,,
2026-09-26T22:08:38.000Z,1790460518.000,32.642106171,-117.18915879,4.6,204.454,212.89,-9.798,3.586,382,-12.438,,,
2026-09-26T22:08:39.000Z,1790460519.000,32.64208529,-117.189169721,5.319,203.361,217.791,-14.507,1.983,381,-12.845,,,
2026-09-26T22:08:40.000Z,1790460520.000,32.642065443,-117.189183443,4.831,205.771,214.77,-10.523,9.442,380,-12.911,,,
2026-09-26T22:08:41.000Z,1790460521.000,32.64204509,-117.189198396,4.97,215.751,217.116,-7.239,1.785,379,-13.485,,,
2026-09-26T22:08:42.000Z,1790460522.000,32.642025201,-117.189210722,4.974,208.477,216.749,-13.679,1.437,378,-13.638,,,
2026-09-26T22:08:43.000Z,1790460523.000,32.642006983,-117.189224259,4.837,210.266,217.384,-7.769,4.313,377,-14.049,,,
2026-09-26T22:08:44.000Z,1790460524.000,32.641987619,-117.189236676,4.731,206.176,217.455,-9.071,5.018,376,-14.268,,,
2026-09-26T22:08:45.000Z,1790460525.000,32.641968773,-117.189250634,4.524,216.271,218.864,-4.746,3.111,375,-14.747,,,
2026-09-26T22:08:46.000Z,1790460526.000,32.641950016,-117.189264247,4.946,211.134,219.74,-8.537,1.919,374,-15.158,,,
2026-09-26T22:08:47.000Z,1790460527.000,32.64193243,-117.189279748,4.515,219.914,220.892,-3.079,4.411,373,-15.804,,,
2026-09-26T22:08:48.000Z,1790460528.000,32.64191373,-117.189296338,4.8,220.622,219.476,-0.263,1.537,372,-16.296,,,
2026-09-26T22:08:49.000Z,1790460529.000,32.641894648,-117.189307333,4.837,203.274,214.022,-13.148,4.379,371,-15.969,,,
2026-09-26T22:08:50.000Z,1790460530.000,32.641877502,-117.189319974,4.128,210.432,214.535,-2.318,10.085,370,-16.34,,,
2026-09-26T22:08:51.000Z,1790460531.000,32.641858625,-117.189331386,4.646,208.13,216.329,-7.324,2.819,369,-16.631,,,
2026-09-26T22:08:52.000Z,1790460532.000,32.641841394,-117.189344145,4.562,211.538,219.076,-5.35,0.772,368,-17.184,,,
2026-09-26T22:08:53.000Z,1790460533.000,32.641824072,-117.18935494,4.609,198.978,214.157,-5.298,9.207,367,-16.96,,,
2026-09-26T22:08:54.000Z,1790460534.000,32.6418059,-117.189366013,4.092,208.933,215.659,-6.682,3.329,366,-17.23,,,
2026-09-26T22:08:55.000Z,1790460535.000,32.641788287,-117.189379538,4.766,216.305,219.671,-3.052,-0.261,365,-17.931,,,
2026-09-26T22:08:56.000Z,1790460536.000,32.641771617,-117.189389561,4.225,199.322,212.394,-8.148,10.808,364,-17.482,,,
2026-09-26T22:08:57.000Z,1790460537.000,32.641754634,-117.189400494,3.987,211.703,218.161,-5.98,0.398,363,-18.13,,,
2026-09-26T22:08:58.000Z,1790460538.000,32.641738727,-117.189410836,4.192,209.509,218.29,-7.756,6.335,362,-18.328,,,
2026-09-26T22:08:59.000Z,1790460539.000,32.64172248,-117.18942408,4.136,218.087,220.154,-3.537,1.457,361,-18.895,,,
2026-09-26T22:09:00.000Z,1790460540.000,32.641706884,-117.189435227,4.412,208.052,216.27,-8.441,6.642,360,-18.861,,,
2026-09-26T22:09:01.000Z,1790460541.000,32.641690837,-117.189446921,4.033,208.736,215.732,-1.092,6.652,359,-19.116,,,
2026-09-26T22:09:02.000Z,1790460542.000,32.641674183,-117.189457366,3.845,210.539,215.489,-5.689,-0.1,358,-19.26,,,
2026-09-26T22:09:03.000Z,1790460543.000,32.641658533,-117.189465479,3.674,195.849,212.189,-7.077,8.952,357,-19.004,,,
2026-09-26T22:09:04.000Z,1790460544.000,32.641641849,-117.189475123,3.709,212.292,216.033,-1.914,1.401,356,-19.404,,,
2026-09-26T22:09:05.000Z,1790460545.000,32.641624725,-117.189482972,4.354,202.014,214.561,-10.362,3.317,355,-19.206,,,
2026-09-26T22:09:06.000Z,1790460546.000,32.641608662,-117.189494822,3.889,208.809,215.704,-1.108,4.686,354,-19.608,,,
2026-09-26T22:09:07.000Z,1790460547.000,32.641592303,-117.189504129,3.887,204.4,213.247,-7.538,4.289,353,-19.491,,,
2026-09-26T22:09:08.000Z,1790460548.000,32.641576134,-117.18951529,4.354,206.631,216.324,-4.42,3.878,352,-19.982,,,
2026-09-26T22:09:09.000Z,1790460549.000,32.641558804,-117.189525736,4.692,205.177,218.229,-12.533,0.296,351,-20.265,,,
2026-09-26T22:09:10.000Z,1790460550.000,32.641543004,-117.189537803,3.486,208.918,216.828,-3.295,7.145,350,-20.496,,,
2026-09-26T22:09:11.000Z,1790460551.000,32.64152628,-117.189547962,4.04,208.366,218.561,-8.278,0.349,349,-20.768,,,
2026-09-26T22:09:12.000Z,1790460552.000,32.64150971,-117.189556796,4.138,197.66,215.374,-11.303,4.882,348,-20.545,,,
2026-09-26T22:09:13.000Z,1790460553.000,32.641492954,-117.189567776,3.769,212.431,216.224,-5.993,8.521,347,-20.817,,,
2026-09-26T22:09:14.000Z,1790460554.000,32.641475895,-117.189580588,4.465,214.093,218.357,-4.442,0.321,346,-21.334,,,
2026-09-26T22:09:15.000Z,1790460555.000,32.641458131,-117.189591406,4.629,200.499,212.464,-6.773,6.029,345,-21.014,,,
2026-09-26T22:09:16.000Z,1790460556.000,32.64143944,-117.189602551,4.432,209.031,215.538,-4.016,4.173,344,-21.392,,,
2026-09-26T22:09:17.000Z,1790460557.000,32.64141995,-117.189614509,4.538,209.241,214.038,-3.792,2.023,343,-21.442,,,
2026-09-26T22:09:18.000Z,1790460558.000,32.64140017,-117.18962594,4.787,208.58,212.775,-4.992,3.773,342,-21.451,,,
2026-09-26T22:09:19.000Z,1790460559.000,32.641380017,-117.189636514,4.9,201.157,209.7,-10.478,0.944,341,-21.224,,,
2026-09-26T22:09:20.000Z,1790460560.000,32.641358998,-117.189649228,5.042,205.576,212.829,-6.918,1.916,340,-21.642,,,
2026-09-26T22:09:21.000Z,1790460561.000,32.641336665,-117.189658799,5.362,201.337,211.514,-11.798,1.28,339,-21.374,,,
2026-09-26T22:09:22.000Z,1790460562.000,32.641314801,-117.189669329,4.986,203.162,212.667,-8.747,6.844,338,-21.407,,,
2026-09-26T22:09:23.000Z,1790460563.000,32.641292116,-117.189682832,5.7,207.858,215.407,-9.097,0.642,337,-21.786,,,
2026-09-26T22:09:24.000Z,1790460564.000,32.641268562,-117.189697139,5.512,203.14,211.246,-11.588,5.368,336,-21.645,,,
2026-09-26T22:09:25.000Z,1790460565.000,32.641244287,-117.189709445,5.687,202.646,213.216,-15.528,1.939,335,-21.79,,,
2026-09-26T22:09:26.000Z,1790460566.000,32.641221078,-117.18972328,5.577,205.917,212.907,-10.464,5.946,334,-21.931,,,
2026-09-26T22:09:27.000Z,1790460567.000,32.641196825,-117.189738584,5.985,208.702,213.407,-4.992,1.561,333,-22.217,,,
2026-09-26T22:09:28.000Z,1790460568.000,32.64117077,-117.189751683,6.326,202.74,211.645,-12.797,-1.31,332,-22.053,,,
2026-09-26T22:09:29.000Z,1790460569.000,32.641145882,-117.189765299,5.627,205.402,207.827,-6.847,7.814,331,-21.818,,,
2026-09-26T22:09:30.000Z,1790460570.000,32.641121102,-117.189778672,5.931,201.057,203.68,-1.482,6.463,330,-21.539,,,
2026-09-26T22:09:31.000Z,1790460571.000,32.64109411,-117.189785937,5.835,190.752,202.279,-12.932,1.002,329,-20.86,,,
2026-09-26T22:09:32.000Z,1790460572.000,32.641068139,-117.18979728,6.087,202.098,204.745,-4.436,4.521,328,-20.89,,,
2026-09-26T22:09:33.000Z,1790460573.000,32.641040347,-117.189805481,6.286,190.786,197.85,-8.514,1.722,327,-19.81,,,
2026-09-26T22:09:34.000Z,1790460574.000,32.641012013,-117.189810817,6.1,192.035,198.073,-10.467,3.89,326,-19.037,,,
2026-09-26T22:09:35.000Z,1790460575.000,32.64098227,-117.189817186,6.35,195.352,201.584,-15.62,0.15,325,-18.558,,,
2026-09-26T22:09:36.000Z,1790460576.000,32.640953412,-117.189825545,6.648,195.138,205.482,-20.416,5.128,324,-18.32,,,
2026-09-26T22:09:37.000Z,1790460577.000,32.640924726,-117.189838442,6.647,202.305,208.677,-13.829,6.222,323,-18.422,,,
2026-09-26T22:09:38.000Z,1790460578.000,32.640893994,-117.189851477,7,199.639,209.189,-16.254,0.867,322,-18.229,,,
2026-09-26T22:09:39.000Z,1790460579.000,32.64086562,-117.189866561,6.537,204.302,207.696,-8.234,4.899,321,-18.153,,,
2026-09-26T22:09:40.000Z,1790460580.000,32.640836247,-117.189879574,6.8,202.209,207.183,-11.514,-0.475,320,-17.935,,,
2026-09-26T22:09:41.000Z,1790460581.000,32.640807558,-117.189890118,6.847,194.58,199.649,-12.867,4.436,319,-16.966,,,
2026-09-26T22:09:42.000Z,1790460582.000,32.640777345,-117.189900982,6.346,200.975,205.078,-9.534,2.317,318,-17.008,,,
2026-09-26T22:09:43.000Z,1790460583.000,32.64074866,-117.189910207,6.561,190.981,200.469,-12.309,3.35,317,-16.162,,,
2026-09-26T22:09:44.000Z,1790460584.000,32.640720153,-117.189919656,6.077,195.534,202.076,-8.738,6.372,316,-15.847,,,
2026-09-26T22:09:45.000Z,1790460585.000,32.640690421,-117.189928354,6.485,194.684,201.689,-10.111,1.207,315,-15.252,,,
2026-09-26T22:09:46.000Z,1790460586.000,32.64066068,-117.189937039,6.563,193.82,202.34,-12.388,3.66,314,-14.74,,,
2026-09-26T22:09:47.000Z,1790460587.000,32.640630915,-117.189947014,6.7,193.722,203.037,-13.31,4.796,313,-14.342,,,
2026-09-26T22:09:48.000Z,1790460588.000,32.640601173,-117.189958764,6.8,201.42,202.921,-13.136,1.959,312,-14.031,,,
2026-09-26T22:09:49.000Z,1790460589.000,32.640570574,-117.189965703,6.423,185.287,185.196,-10.442,0.207,311,-11.867,,,
2026-09-26T22:09:50.000Z,1790460590.000,32.640541507,-117.189965415,6.125,177.185,169.625,-7.672,7.011,310,-9.43,,,
2026-09-26T22:09:51.000Z,1790460591.000,32.640511937,-117.189955449,6.86,153.249,147.542,8.779,1.409,309,-6.009,,,
2026-09-26T22:09:52.000Z,1790460592.000,32.64048825,-117.189929912,7.306,132.683,132.934,-3.515,3.098,308,-2.229,,,
2026-09-26T22:09:53.000Z,1790460593.000,32.640469144,-117.189896717,7.112,117.942,119.342,-0.268,3.256,307,1.707,,,
2026-09-26T22:09:54.000Z,1790460594.000,32.640458483,-117.18986198,6.466,106.436,105.272,5.546,4.693,306,5.144,,,
2026-09-26T22:09:55.000Z,1790460595.000,32.640455938,-117.189829979,5.493,90.25,91.18,7.648,4.137,305,7.709,,,
2026-09-26T22:09:56.000Z,1790460596.000,32.640461666,-117.189804447,4.422,68.285,70.681,1.877,0.696,304,8.761,,,
2026-09-26T22:09:57.000Z,1790460597.000,32.640472107,-117.189785401,4.025,49.16,49.742,0.639,3.641,303,8.588,,,
2026-09-26T22:09:58.000Z,1790460598.000,32.640485445,-117.189768463,4.187,40.347,38.358,2.628,4.216,302,8.596,,,
2026-09-26T22:09:59.000Z,1790460599.000,32.640501655,-117.189749953,5.438,41.057,25.886,20.328,5.621,301,8.475,,,
2026-09-26T22:10:00.000Z,1790460600.000,32.64052223,-117.189734369,5.211,26.179,22.235,18.049,8.29,300,8.611,,,
2026-09-26T22:10:01.000Z,1790460601.000,32.640544551,-117.189723641,5.087,20.144,11.225,3.277,3.208,299,7.664,,,
2026-09-26T22:10:02.000Z,1790460602.000,32.640567653,-117.189712471,5.516,22.681,9.42,5.592,1.941,298,7.462,,,
2026-09-26T22:10:03.000Z,1790460603.000,32.64059252,-117.189700739,5.966,16.909,16.245,5.572,4.847,297,7.918,,,
2026-09-26T22:10:04.000Z,1790460604.000,32.640619256,-117.189689553,6.125,22.648,7.783,-0.924,3.779,296,7.028,,,
2026-09-26T22:10:05.000Z,1790460605.000,32.640644859,-117.189671919,6.632,32.883,17.643,3.685,2.069,295,8.2,,,
2026-09-26T22:10:06.000Z,1790460606.000,32.64066926,-117.189651723,6.415,36.975,27.824,3.837,4.049,294,9.684,,,
2026-09-26T22:10:07.000Z,1790460607.000,32.6406932,-117.189631758,6.148,36.091,27.224,-1.83,2.725,293,10.296,,,
2026-09-26T22:10:08.000Z,1790460608.000,32.640714914,-117.189613318,5.7,37.476,25.219,0.96,3.276,292,10.762,,,
2026-09-26T22:10:09.000Z,1790460609.000,32.640735749,-117.189594535,5.715,36.431,25.384,6.408,4.469,291,11.471,,,
2026-09-26T22:10:10.000Z,1790460610.000,32.640758356,-117.189576656,5.878,33.444,28.321,5.422,3.433,290,12.248,,,
2026-09-26T22:10:11.000Z,1790460611.000,32.640781132,-117.189560391,5.838,31.238,18.457,-0.631,3.355,289,11.843,,,
2026-09-26T22:10:12.000Z,1790460612.000,32.640805757,-117.189543086,6.129,32.186,19.184,9.782,3.878,288,12.304,,,
2026-09-26T22:10:13.000Z,1790460613.000,32.64083083,-117.1895258,6.316,27.509,21.418,5.202,3.73,287,12.865,,,
2026-09-26T22:10:14.000Z,1790460614.000,32.640856291,-117.189509406,5.947,32.085,17.197,-1.837,3.494,286,12.81,,,
2026-09-26T22:10:15.000Z,1790460615.000,32.64087841,-117.189491221,5.752,36.207,23.144,-0.539,3.736,285,13.879,,,
2026-09-26T22:10:16.000Z,1790460616.000,32.640899596,-117.189474455,5.854,30.341,25.097,1.232,2.848,284,14.544,,,
2026-09-26T22:10:17.000Z,1790460617.000,32.640922096,-117.189457894,5.444,30.921,20.689,5.003,5.574,283,14.618,,,
2026-09-26T22:10:18.000Z,1790460618.000,32.640945042,-117.189441206,5.636,32.34,19.845,5.56,4.803,282,14.972,,,
2026-09-26T22:10:19.000Z,1790460619.000,32.640967839,-117.18942383,5.74,30.712,23.371,1.165,5.195,281,15.746,,,
2026-09-26T22:10:20.000Z,1790460620.000,32.640990687,-117.189406846,6.031,31.418,20.975,-1.428,4.54,280,16.005,,,
2026-09-26T22:10:21.000Z,1790460621.000,32.641013883,-117.189388708,5.9,31.897,24.091,3.34,3.343,279,16.793,,,
2026-09-26T22:10:22.000Z,1790460622.000,32.64103649,-117.189371486,5.846,31.702,23.142,3.116,5.405,278,17.2,,,
2026-09-26T22:10:23.000Z,1790460623.000,32.64105901,-117.189354404,5.846,29.671,20.218,0.201,5.696,277,17.438,,,
2026-09-26T22:10:24.000Z,1790460624.000,32.641082167,-117.18933706,6.144,31.694,20.828,1.431,2.19,276,17.957,,,
2026-09-26T22:10:25.000Z,1790460625.000,32.641105215,-117.189320597,5.874,30.898,17.463,0.732,3.079,275,18.084,,,
2026-09-26T22:10:26.000Z,1790460626.000,32.641128771,-117.189302357,6.186,32.757,25.287,3.219,3.051,274,19.246,,,
2026-09-26T22:10:27.000Z,1790460627.000,32.641152935,-117.189283903,6.2,33.846,16.535,-1.581,5.326,273,19.059,,,
2026-09-26T22:10:28.000Z,1790460628.000,32.641176896,-117.189264696,5.939,33.251,23.061,4.224,4.639,272,20.181,,,
2026-09-26T22:10:29.000Z,1790460629.000,32.64120012,-117.18924754,5.841,31.353,19.156,-1.111,4.053,271,20.315,,,
2026-09-26T22:10:30.000Z,1790460630.000,32.641222451,-117.189231655,5.6,29.528,21.906,3.632,3.831,270,20.919,,,
2026-09-26T22:10:31.000Z,1790460631.000,32.641245736,-117.189218319,5.381,27.861,15.742,1.394,8.037,269,20.54,,,
2026-09-26T22:10:32.000Z,1790460632.000,32.64126999,-117.189204359,5.494,24.636,12.921,0.153,2.183,268,20.446,,,
2026-09-26T22:10:33.000Z,1790460633.000,32.641292674,-117.189189589,5.872,27.644,18.475,2.742,2.395,267,21.16,,,
2026-09-26T22:10:34.000Z,1790460634.000,32.641313767,-117.189175125,5.316,30.149,17.732,-5.258,2.092,266,21.413,,,
2026-09-26T22:10:35.000Z,1790460635.000,32.641333958,-117.189159256,5.2,35.302,21.307,-1.599,2.109,265,22.176,,,
2026-09-26T22:10:36.000Z,1790460636.000,32.641354678,-117.18914377,5.548,29.433,21.912,3.995,2.78,264,22.643,,,
2026-09-26T22:10:37.000Z,1790460637.000,32.641377978,-117.189128886,6.084,29.886,10.833,-0.132,2.89,263,22.004,,,
2026-09-26T22:10:38.000Z,1790460638.000,32.641401365,-117.189111008,6.032,32.411,18.598,3.241,4.127,262,23.132,,,
2026-09-26T22:10:39.000Z,1790460639.000,32.641424723,-117.189095397,5.687,26.606,15.053,-4.154,2.649,261,23.159,,,
2026-09-26T22:10:40.000Z,1790460640.000,32.641446104,-117.189081011,5.531,29.786,20.162,0.782,2.964,260,23.864,,,
2026-09-26T22:10:41.000Z,1790460641.000,32.641467418,-117.189068206,5.3,26.433,11.954,0.03,5.234,259,23.366,,,
2026-09-26T22:10:42.000Z,1790460642.000,32.641490739,-117.189054122,5.447,23.333,19.897,4.008,3.343,258,24.185,,,
2026-09-26T22:10:43.000Z,1790460643.000,32.641516192,-117.189041573,6.448,25.809,6.378,-0.047,3.182,257,23.066,,,
2026-09-26T22:10:44.000Z,1790460644.000,32.641542359,-117.189024883,6.431,26.926,12.779,8.159,3.742,256,23.849,,,
2026-09-26T22:10:45.000Z,1790460645.000,32.64156886,-117.189008723,6.366,24.632,17.362,4.166,5.211,255,24.438,,,
2026-09-26T22:10:46.000Z,1790460646.000,32.641594415,-117.18899329,5.962,29.32,11.338,-2.162,4.323,254,24.155,,,
2026-09-26T22:10:47.000Z,1790460647.000,32.641616847,-117.188976517,5.267,33.304,25.68,4.23,4.337,253,25.764,,,
2026-09-26T22:10:48.000Z,1790460648.000,32.64163828,-117.188961173,5.231,29.301,23.202,0.593,2.701,252,25.937,,,
2026-09-26T22:10:49.000Z,1790460649.000,32.641659774,-117.188945369,5.565,34.682,18.313,1.12,4.377,251,25.951,,,
2026-09-26T22:10:50.000Z,1790460650.000,32.641681249,-117.188930191,5.575,27.712,23.962,3.815,3.796,250,26.767,,,
2026-09-26T22:10:51.000Z,1790460651.000,32.641704375,-117.188915663,5.838,30.761,17.985,2.957,2.215,249,26.511,,,
2026-09-26T22:10:52.000Z,1790460652.000,32.641727976,-117.18889943,5.938,30.475,21.073,4.917,4.896,248,27.116,,,
2026-09-26T22:10:53.000Z,1790460653.000,32.641753,-117.188884078,5.924,25.649,13.542,-2.231,2.407,247,26.726,,,
2026-09-26T22:10:54.000Z,1790460654.000,32.641777397,-117.188867313,6.245,31.009,14.358,0.821,0.681,246,27.155,,,
2026-09-26T22:10:55.000Z,1790460655.000,32.641801502,-117.188848453,6.369,36.302,23.936,6.63,2.371,245,28.488,,,
2026-09-26T22:10:56.000Z,1790460656.000,32.64182728,-117.188829931,6.157,31.94,21.508,-1.381,3.142,244,28.746,,,
2026-09-26T22:10:57.000Z,1790460657.000,32.641851395,-117.188812239,6.287,31.575,19.382,-3.473,3.481,243,29.031,,,
2026-09-26T22:10:58.000Z,1790460658.000,32.641873512,-117.188794484,5.715,32.787,21.394,0.076,3.256,242,29.745,,,
2026-09-26T22:10:59.000Z,1790460659.000,32.641895038,-117.188776451,5.731,33.888,27.234,4.141,4.328,241,30.819,,,
2026-09-26T22:11:00.000Z,1790460660.000,32.641918797,-117.188759415,6.262,31.087,16.667,1.719,3.225,240,30.38,,,
2026-09-26T22:11:01.000Z,1790460661.000,32.64194241,-117.18874164,6.313,30.477,18.878,4.572,5.004,239,31.046,,,
2026-09-26T22:11:02.000Z,1790460662.000,32.641966883,-117.188724645,6.4,29.431,20.497,3.034,4.846,238,31.558,,,
2026-09-26T22:11:03.000Z,1790460663.000,32.641992551,-117.188708474,6.023,27.592,19.854,0.671,2.256,237,31.764,,,
2026-09-26T22:11:04.000Z,1790460664.000,32.642017357,-117.188694873,5.813,25.149,16.433,3.624,2.553,236,31.563,,,
2026-09-26T22:11:05.000Z,1790460665.000,32.642041374,-117.188682701,5.684,21.573,13.734,3.286,3.681,235,31.333,,,
2026-09-26T22:11:06.000Z,1790460666.000,32.642064322,-117.188669736,5.4,26.039,19.352,5.62,6.274,234,31.888,,,
2026-09-26T22:11:07.000Z,1790460667.000,32.642088131,-117.188657072,5.612,25.576,9.872,0.721,4.205,233,31.168,,,
2026-09-26T22:11:08.000Z,1790460668.000,32.642112135,-117.188642926,6.06,26.54,12.789,2.949,3.046,232,31.557,,,
2026-09-26T22:11:09.000Z,1790460669.000,32.64213618,-117.188627869,5.946,29.76,20.995,7.127,4.838,231,32.452,,,
2026-09-26T22:11:10.000Z,1790460670.000,32.642162128,-117.188614347,6.377,24.716,7.609,0.571,4.046,230,31.4,,,
2026-09-26T22:11:11.000Z,1790460671.000,32.642187062,-117.188598996,6.087,27.401,14.587,6.954,4.526,229,32.172,,,
2026-09-26T22:11:12.000Z,1790460672.000,32.642212553,-117.188585837,6.253,20.324,8.758,0.571,3.288,228,31.726,,,
2026-09-26T22:11:13.000Z,1790460673.000,32.6422394,-117.188571613,6.184,24.738,13.249,4.984,3.192,227,32.111,,,
2026-09-26T22:11:14.000Z,1790460674.000,32.642267364,-117.188558344,6.388,21.773,13.676,1.825,1.642,226,32.052,,,
2026-09-26T22:11:15.000Z,1790460675.000,32.642293594,-117.188544812,6.216,25.646,21.759,7.815,5.701,225,32.711,,,
2026-09-26T22:11:16.000Z,1790460676.000,32.642320127,-117.188530643,6.21,26.133,15.998,7.936,9.868,224,32.293,,,
2026-09-26T22:11:17.000Z,1790460677.000,32.642347699,-117.188516883,6.034,22.036,14.407,6.884,5.811,223,32.132,,,
2026-09-26T22:11:18.000Z,1790460678.000,32.642375192,-117.188505272,6.163,22.618,10.748,4.913,4.32,222,31.626,,,
2026-09-26T22:11:19.000Z,1790460679.000,32.64240194,-117.188492855,6.4,18.201,13.899,3.181,1.347,221,31.765,,,
2026-09-26T22:11:20.000Z,1790460680.000,32.642429141,-117.188478712,6.653,25.219,12.321,4.039,2.867,220,31.655,,,
2026-09-26T22:11:21.000Z,1790460681.000,32.64245714,-117.188460611,6.888,28.203,16.109,8.249,3.486,219,32.279,,,
2026-09-26T22:11:22.000Z,1790460682.000,32.64248589,-117.188442986,7.187,27.573,14.284,5.658,3.527,218,32.38,,,
2026-09-26T22:11:23.000Z,1790460683.000,32.642513936,-117.188425714,6.793,27.276,16.733,3.208,7.305,217,32.826,,,
2026-09-26T22:11:24.000Z,1790460684.000,32.642543104,-117.188409649,6.557,25.728,9.716,-2.274,3.914,216,32.361,,,
2026-09-26T22:11:25.000Z,1790460685.000,32.64256954,-117.188393918,6.574,24.984,19.235,9.668,3.374,215,33.308,,,
2026-09-26T22:11:26.000Z,1790460686.000,32.642596649,-117.188382173,6.416,23.09,3.91,3.735,3.554,214,31.909,,,
2026-09-26T22:11:27.000Z,1790460687.000,32.642624418,-117.188369145,6.5,16.804,14.414,9.567,2.296,213,32.629,,,
2026-09-26T22:11:28.000Z,1790460688.000,32.642652905,-117.188359998,6.287,16.273,5.319,7.385,1.487,212,31.442,,,
2026-09-26T22:11:29.000Z,1790460689.000,32.64268053,-117.188351508,6.213,12.472,9.121,9.781,3.94,211,31.25,,,
2026-09-26T22:11:30.000Z,1790460690.000,32.642707389,-117.188344505,5.969,14.157,8.381,5.839,5.696,210,30.61,,,
2026-09-26T22:11:31.000Z,1790460691.000,32.642735238,-117.188335321,6.189,15.668,8.216,4.017,4.567,209,30.158,,,
2026-09-26T22:11:32.000Z,1790460692.000,32.642762903,-117.188324248,6.212,20.764,3.548,6.015,3.703,208,29.528,,,
2026-09-26T22:11:33.000Z,1790460693.000,32.642789982,-117.188310809,6.21,22.141,14.251,10.299,5.059,207,30.329,,,
2026-09-26T22:11:34.000Z,1790460694.000,32.642817966,-117.188299638,6.4,20.969,7.634,-2.318,3.117,206,29.531,,,
2026-09-26T22:11:35.000Z,1790460695.000,32.642844121,-117.188285378,6.088,29.676,17.433,1.396,5.693,205,30.385,,,
2026-09-26T22:11:36.000Z,1790460696.000,32.64286837,-117.188271375,5.713,23.584,13.767,-1.584,3.838,204,30.224,,,
2026-09-26T22:11:37.000Z,1790460697.000,32.642892639,-117.188253716,6.775,34.816,17.761,7.948,1.133,203,30.993,,,
2026-09-26T22:11:38.000Z,1790460698.000,32.642919021,-117.188233286,6.677,32.423,21.055,10.986,5.774,202,31.851,,,
2026-09-26T22:11:39.000Z,1790460699.000,32.642946878,-117.188215575,7.137,26.249,11.341,-1.936,5.097,201,31.365,,,
2026-09-26T22:11:40.000Z,1790460700.000,32.642973376,-117.188197091,6.456,29.651,19.496,4.024,2.803,200,32.439,,,
2026-09-26T22:11:41.000Z,1790460701.000,32.642998259,-117.188181774,5.778,26.35,18.245,3.39,4.597,199,32.557,,,
2026-09-26T22:11:42.000Z,1790460702.000,32.643023395,-117.188169338,5.764,18.317,11.724,-2.336,1.891,198,31.996,,,
2026-09-26T22:11:43.000Z,1790460703.000,32.643048073,-117.188157974,5.874,19.484,14.679,6.166,2.817,197,32.119,,,
2026-09-26T22:11:44.000Z,1790460704.000,32.643073486,-117.188148935,6.069,14.357,6.753,1.215,4.205,196,31.15,,,
2026-09-26T22:11:45.000Z,1790460705.000,32.64309948,-117.188139135,6.1,19.237,5.912,2.514,2.522,195,30.78,,,
2026-09-26T22:11:46.000Z,1790460706.000,32.64312598,-117.18812755,6.061,19.114,5.74,2.963,1.407,194,30.593,,,
2026-09-26T22:11:47.000Z,1790460707.000,32.643151361,-117.1881159,5.741,19.431,9.473,2.825,1.126,193,30.767,,,
2026-09-26T22:11:48.000Z,1790460708.000,32.643175725,-117.188103578,5.7,23.681,14.278,7.661,4.15,192,31.136,,,
2026-09-26T22:11:49.000Z,1790460709.000,32.643202484,-117.188093076,5.937,13.634,6.815,4.508,3.966,191,30.266,,,
2026-09-26T22:11:50.000Z,1790460710.000,32.643228982,-117.188084738,6.174,12.415,8.667,7.484,2.712,190,29.96,,,
2026-09-26T22:11:51.000Z,1790460711.000,32.643255986,-117.18807642,6.1,17.243,1.163,3.228,4.765,189,28.906,,,
2026-09-26T22:11:52.000Z,1790460712.000,32.643284308,-117.18806622,6.366,13.832,4.261,3.793,0.776,188,28.771,,,
2026-09-26T22:11:53.000Z,1790460713.000,32.6433104,-117.18805648,6,19.348,10.735,5.358,4.502,187,28.962,,,
2026-09-26T22:11:54.000Z,1790460714.000,32.643336878,-117.188048342,5.914,11.248,2.072,-1.447,2.768,186,27.824,,,
2026-09-26T22:11:55.000Z,1790460715.000,32.643362349,-117.188039236,5.769,16.978,6.495,7.683,1.238,185,27.819,,,
2026-09-26T22:11:56.000Z,1790460716.000,32.6433889,-117.188033579,5.876,1.914,9.107,18.007,4.625,184,27.339,,,
2026-09-26T22:11:57.000Z,1790460717.000,32.643414108,-117.188038347,5.674,346.021,344.363,10.758,6.81,183,24.037,,,
2026-09-26T22:11:58.000Z,1790460718.000,32.643436263,-117.188051836,5.332,326.254,327.801,9.372,1.755,182,21.015,,,
2026-09-26T22:11:59.000Z,1790460719.000,32.643452948,-117.188073994,5.4,303.859,304.75,7.911,1.743,181,17.64,,,
2026-09-26T22:12:00.000Z,1790460720.000,32.643460938,-117.188097823,4.6,285.676,282.206,1.624,3.031,180,15.231,,,
2026-09-26T22:12:01.000Z,1790460721.000,32.643463559,-117.188120065,4.042,277.614,265.751,3.428,2.751,179,13.642,,,
2026-09-26T22:12:02.000Z,1790460722.000,32.643460975,-117.188141322,3.578,260.191,251.615,6.701,2.591,178,12.579,,,
2026-09-26T22:12:03.000Z,1790460723.000,32.643451925,-117.188158715,3.7,238.244,239.218,-1.672,3.208,177,12.226,,,
2026-09-26T22:12:04.000Z,1790460724.000,32.643442201,-117.188174248,3.519,228.804,230.405,4.796,3.236,176,11.93,,,
2026-09-26T22:12:05.000Z,1790460725.000,32.643428117,-117.188186153,4.377,209.053,220.51,-1.089,1.218,175,12.27,,,
2026-09-26T22:12:06.000Z,1790460726.000,32.643413058,-117.188196554,3.846,210.165,216.55,-3.072,4.465,174,12.35,,,
2026-09-26T22:12:07.000Z,1790460727.000,32.643395678,-117.188205973,3.912,202.838,212.253,-3.788,4.584,173,12.648,,,
2026-09-26T22:12:08.000Z,1790460728.000,32.64337739,-117.188214277,4.126,198.899,210.322,-6.06,4.067,172,12.896,,,
2026-09-26T22:12:09.000Z,1790460729.000,32.643359281,-117.188222249,4.016,198.743,210.513,-6.606,2.351,171,12.994,,,
2026-09-26T22:12:10.000Z,1790460730.000,32.643340883,-117.188230439,4.165,197.577,212.384,-8.35,1.581,170,12.951,,,
2026-09-26T22:12:11.000Z,1790460731.000,32.643322172,-117.188238443,4.287,199.906,213.939,-9.329,1.354,169,12.964,,,
2026-09-26T22:12:12.000Z,1790460732.000,32.643303483,-117.188249144,4.517,211.372,218.752,-4.107,-0.432,168,12.488,,,
2026-09-26T22:12:13.000Z,1790460733.000,32.643284796,-117.188259665,4.537,207.869,217.388,-3.607,8.567,167,12.515,,,
2026-09-26T22:12:14.000Z,1790460734.000,32.643264524,-117.188270776,4.549,201.957,212.907,-3.381,5.234,166,12.81,,,
2026-09-26T22:12:15.000Z,1790460735.000,32.643244132,-117.188281361,5.04,204.186,213.861,-6.185,3.439,165,12.723,,,
2026-09-26T22:12:16.000Z,1790460736.000,32.643223557,-117.188292817,4.869,204.926,210.326,-3.222,1.36,164,12.929,,,
2026-09-26T22:12:17.000Z,1790460737.000,32.643200669,-117.18830181,5.244,197.634,208.982,-10.143,3.343,163,13.273,,,
2026-09-26T22:12:18.000Z,1790460738.000,32.6431786,-117.188312225,4.851,202.049,210.4,-3.937,3.421,162,13.237,,,
2026-09-26T22:12:19.000Z,1790460739.000,32.643155773,-117.188319678,5.158,195.837,205.105,-10.153,6.222,161,14.031,,,
2026-09-26T22:12:20.000Z,1790460740.000,32.643132559,-117.188328553,5.268,198.883,205.865,-7.431,7.814,160,14.231,,,
2026-09-26T22:12:21.000Z,1790460741.000,32.643107444,-117.188339325,5.776,200.596,209.365,-9.97,5.091,159,14.129,,,
2026-09-26T22:12:22.000Z,1790460742.000,32.643083464,-117.188352728,5.625,210.555,215.759,-8.438,2.11,158,13.523,,,
2026-09-26T22:12:23.000Z,1790460743.000,32.643060317,-117.188366237,5.669,208.923,219.115,-9.202,3.896,157,13.119,,,
2026-09-26T22:12:24.000Z,1790460744.000,32.643038015,-117.188382082,5.511,219.052,225.195,-4.862,7.868,156,12.274,,,
2026-09-26T22:12:25.000Z,1790460745.000,32.643019061,-117.188400329,5.14,221.043,224.216,0.028,8.9,155,11.614,,,
2026-09-26T22:12:26.000Z,1790460746.000,32.642999982,-117.188418492,5.007,220.418,225.36,-2.145,2.519,154,10.808,,,
2026-09-26T22:12:27.000Z,1790460747.000,32.642982297,-117.188435858,4.831,217.369,220.886,2.454,7.212,153,10.437,,,
2026-09-26T22:12:28.000Z,1790460748.000,32.642961096,-117.188450438,5.289,212.659,220.324,-7.851,-0.216,152,10.162,,,
2026-09-26T22:12:29.000Z,1790460749.000,32.642942761,-117.188465405,5.2,216.621,222.282,-9.691,3.782,151,9.533,,,
2026-09-26T22:12:30.000Z,1790460750.000,32.642924073,-117.188480571,4.754,222.402,224.278,-16.61,2.169,150,8.901,,,
2026-09-26T22:12:31.000Z,1790460751.000,32.642906567,-117.188496248,4.937,210.917,220.87,-9.092,4.127,149,8.588,,,
2026-09-26T22:12:32.000Z,1790460752.000,32.642886922,-117.188511927,5.012,217.287,227.609,-12.832,0.194,148,7.595,,,
2026-09-26T22:12:33.000Z,1790460753.000,32.642869159,-117.188531001,5.273,226.207,227.832,-11.461,3.063,147,6.722,,,
2026-09-26T22:12:34.000Z,1790460754.000,32.642850909,-117.188549281,5.131,223.243,226.206,-9.541,2.458,146,6.076,,,
2026-09-26T22:12:35.000Z,1790460755.000,32.642831718,-117.18856573,5.177,215.487,222.607,-8.399,1.535,145,5.781,,,
2026-09-26T22:12:36.000Z,1790460756.000,32.642812668,-117.188578985,5.075,202.636,215.526,-6.415,7.707,144,6.035,,,
2026-09-26T22:12:37.000Z,1790460757.000,32.64279144,-117.188593005,5.386,213.593,220.854,-9.776,1.662,143,5.348,,,
2026-09-26T22:12:38.000Z,1790460758.000,32.642769768,-117.188610695,5.763,214.321,219.045,-10.687,3.788,142,4.924,,,
2026-09-26T22:12:39.000Z,1790460759.000,32.642746349,-117.188625519,5.564,208.443,214.459,-15.589,4.183,141,5.044,,,
2026-09-26T22:12:40.000Z,1790460760.000,32.642723715,-117.188639508,5.413,209.002,214.267,-13.625,4.896,140,4.855,,,
2026-09-26T22:12:41.000Z,1790460761.000,32.64270024,-117.188653456,5.631,207.02,213.428,-14.175,1.764,139,4.758,,,
2026-09-26T22:12:42.000Z,1790460762.000,32.642674386,-117.188665099,6.034,199.487,209.303,-18.743,0.218,138,5.229,,,
2026-09-26T22:12:43.000Z,1790460763.000,32.642648371,-117.188677487,6.2,204.842,212.404,-17.596,0.207,137,5.062,,,
2026-09-26T22:12:44.000Z,1790460764.000,32.642621632,-117.188689502,6.358,197.852,208.748,-19.129,2.066,136,5.502,,,
2026-09-26T22:12:45.000Z,1790460765.000,32.642594541,-117.188702587,6.346,205.352,211.488,-17.793,4.099,135,5.352,,,
2026-09-26T22:12:46.000Z,1790460766.000,32.64256622,-117.188716419,6.435,204.413,210.432,-17.92,1.159,134,5.497,,,
2026-09-26T22:12:47.000Z,1790460767.000,32.642538924,-117.188731286,6.413,206.506,212.341,-16.421,-0.483,133,5.269,,,
2026-09-26T22:12:48.000Z,1790460768.000,32.642512083,-117.188746443,6.778,205.52,213.878,-17.187,0.148,132,5.027,,,
2026-09-26T22:12:49.000Z,1790460769.000,32.642485088,-117.188758879,6.231,194.436,203.596,-11.074,5.861,131,5.978,,,
2026-09-26T22:12:50.000Z,1790460770.000,32.642455645,-117.188766885,6.263,198.349,209.663,-16.335,0.086,130,6.097,,,
2026-09-26T22:12:51.000Z,1790460771.000,32.642427154,-117.18877774,6.822,195.992,208.342,-16.914,0.878,129,6.527,,,
2026-09-26T22:12:52.000Z,1790460772.000,32.642398607,-117.188791695,6.731,204.928,215.077,-18.664,3.823,128,6.046,,,
2026-09-26T22:12:53.000Z,1790460773.000,32.642369533,-117.188809411,6.667,209.39,216.517,-18.886,3.852,127,5.691,,,
2026-09-26T22:12:54.000Z,1790460774.000,32.642342308,-117.188826649,6.775,210.419,219.517,-21.136,-2.435,126,5.175,,,
2026-09-26T22:12:55.000Z,1790460775.000,32.642317045,-117.188843772,6.393,210.275,215.861,-14.99,2.928,125,5.104,,,
2026-09-26T22:12:56.000Z,1790460776.000,32.642291936,-117.188860604,6.116,211.843,216.373,-12.889,3.188,124,4.724,,,
2026-09-26T22:12:57.000Z,1790460777.000,32.64226588,-117.188875266,6,204.267,211.963,-13.064,3.37,123,4.964,,,
2026-09-26T22:12:58.000Z,1790460778.000,32.642239791,-117.188888289,6.113,205.272,214.301,-14.196,3.393,122,4.808,,,
2026-09-26T22:12:59.000Z,1790460779.000,32.642213555,-117.188903715,6.272,210.717,218.696,-15.615,0.001,121,4.292,,,
2026-09-26T22:13:00.000Z,1790460780.000,32.64218648,-117.188921386,7.054,207.357,212.795,-15.507,0.858,120,4.434,,,
2026-09-26T22:13:01.000Z,1790460781.000,32.642157642,-117.188935352,6.461,199.792,208.834,-18.327,5.93,119,4.824,,,
2026-09-26T22:13:02.000Z,1790460782.000,32.642129175,-117.188949242,6.638,205.413,212.486,-18.581,0.023,118,4.592,,,
2026-09-26T22:13:03.000Z,1790460783.000,32.642101476,-117.188961942,6.385,197.904,203.204,-16.601,2.632,117,5.471,,,
2026-09-26T22:13:04.000Z,1790460784.000,32.642072981,-117.188969008,6.111,185.571,185.176,-9.026,2.81,116,7.556,,,
2026-09-26T22:13:05.000Z,1790460785.000,32.642044832,-117.188964627,6.175,163.981,166.927,-9.227,6.105,115,10.48,,,
2026-09-26T22:13:06.000Z,1790460786.000,32.642017316,-117.188950924,6.614,154.923,152.262,-6.634,2.688,114,13.731,,,
2026-09-26T22:13:07.000Z,1790460787.000,32.641993492,-117.188929186,6.4,134.383,132.76,-0.543,2.084,113,17.413,,,
2026-09-26T22:13:08.000Z,1790460788.000,32.64197653,-117.188902172,6.012,118.576,110.097,4.818,4.326,112,20.739,,,
2026-09-26T22:13:09.000Z,1790460789.000,32.64196977,-117.188875458,4.677,101.245,91.073,7.276,3.038,111,22.996,,,
2026-09-26T22:13:10.000Z,1790460790.000,32.641971357,-117.188850183,4.638,78.299,74.737,4.417,2.161,110,24.43,,,
2026-09-26T22:13:11.000Z,1790460791.000,32.641978589,-117.1888245,5.121,69.7,59.063,3.975,2.355,109,25.399,,,
2026-09-26T22:13:12.000Z,1790460792.000,32.641990488,-117.1887959,6.125,61.337,53.283,3.02,1.603,108,26.943,,,
2026-09-26T22:13:13.000Z,1790460793.000,32.642003923,-117.188765394,6.431,63.312,50.86,1.824,2.806,107,28.799,,,
2026-09-26T22:13:14.000Z,1790460794.000,32.642016363,-117.188733953,6.063,64.059,57.914,-1.463,3.884,106,31.443,,,
2026-09-26T22:13:15.000Z,1790460795.000,32.642028657,-117.18870423,5.38,66.121,56.667,-6.242,1.819,105,33.373,,,
2026-09-26T22:13:16.000Z,1790460796.000,32.642037483,-117.188677807,5,68.594,55.041,1.162,5.382,104,35.144,,,
2026-09-26T22:13:17.000Z,1790460797.000,32.642045958,-117.188653862,4.615,63.149,59.425,-0.076,3.188,103,37.123,,,
2026-09-26T22:13:18.000Z,1790460798.000,32.642055699,-117.188631121,4.585,63.167,55.11,-0.985,3.805,102,38.358,,,
2026-09-26T22:13:19.000Z,1790460799.000,32.642066588,-117.188608225,4.875,59.3,48.282,-1.498,3.419,101,39.358,,,
2026-09-26T22:13:20.000Z,1790460800.000,32.642078167,-117.188585629,4.914,54.955,44.526,-0.173,1.956,100,40.509,,,
2026-09-26T22:13:21.000Z,1790460801.000,32.642090317,-117.188563191,4.848,57.017,49.856,5.216,4.512,99,42.297,,,
2026-09-26T22:13:22.000Z,1790460802.000,32.642103616,-117.188542087,4.765,53.427,43.737,0.096,3.446,98,43.071,,,
2026-09-26T22:13:23.000Z,1790460803.000,32.64211765,-117.188521686,4.9,51.217,36.552,0.11,4.323,97,43.648,,,
2026-09-26T22:13:24.000Z,1790460804.000,32.642133194,-117.188499501,5.246,49.499,36.045,4.413,5.59,96,44.829,,,
2026-09-26T22:13:25.000Z,1790460805.000,32.6421508,-117.188477828,5.465,42.963,32.67,3.7,4.096,95,45.647,,,
2026-09-26T22:13:26.000Z,1790460806.000,32.642169821,-117.18845777,5.287,41.424,29.03,2.544,5.303,94,46.239,,,
2026-09-26T22:13:27.000Z,1790460807.000,32.642188506,-117.188440469,5.014,37.309,22.544,-1.969,4.284,93,46.377,,,
2026-09-26T22:13:28.000Z,1790460808.000,32.642205122,-117.188422643,5.068,43.619,37.878,4.913,5.646,92,48.407,,,
2026-09-26T22:13:29.000Z,1790460809.000,32.642223688,-117.18840655,4.913,38.126,25.439,-2.456,2.217,91,47.976,,,
2026-09-26T22:13:30.000Z,1790460810.000,32.642241126,-117.188388076,5.466,40.654,31.041,6.678,3.873,90,49.248,,,
2026-09-26T22:13:31.000Z,1790460811.000,32.642262342,-117.1883685,5.814,36.188,23.531,4.718,6.333,89,49.387,,,
2026-09-26T22:13:32.000Z,1790460812.000,32.642283873,-117.188348698,5.716,38.074,25.806,5.366,3.737,88,50.325,,,
2026-09-26T22:13:33.000Z,1790460813.000,32.642305747,-117.188330247,5.552,34.981,22.215,1.949,2.392,87,50.655,,,
2026-09-26T22:13:34.000Z,1790460814.000,32.642326951,-117.188313842,5.6,28.552,23.611,5.108,2.425,86,51.243,,,
2026-09-26T22:13:35.000Z,1790460815.000,32.642349077,-117.18830019,5.3,27.47,16.847,4.901,4.368,85,50.893,,,
2026-09-26T22:13:36.000Z,1790460816.000,32.642371693,-117.188285091,5.412,27.343,21.348,7.257,3.734,84,51.558,,,
2026-09-26T22:13:37.000Z,1790460817.000,32.642395205,-117.188271654,5.986,23.72,13.428,1.491,2.265,83,51.039,,,
2026-09-26T22:13:38.000Z,1790460818.000,32.64241826,-117.188255886,5.986,32.146,20.31,6.545,6.183,82,51.931,,,
2026-09-26T22:13:39.000Z,1790460819.000,32.642441553,-117.188238162,6.047,33.622,20.668,6.018,5.187,81,52.456,,,
2026-09-26T22:13:40.000Z,1790460820.000,32.64246511,-117.188221,5.812,29.429,20.845,3.267,4.928,80,52.906,,,
2026-09-26T22:13:41.000Z,1790460821.000,32.642487918,-117.188205231,5.961,31.188,20.585,0.8,5.044,79,53.235,,,
2026-09-26T22:13:42.000Z,1790460822.000,32.642510507,-117.18818979,5.9,29.662,18.926,4.951,3.414,78,53.432,,,
2026-09-26T22:13:43.000Z,1790460823.000,32.642535177,-117.188174986,5.877,25.25,15.247,5.773,3.299,77,53.32,,,
2026-09-26T22:13:44.000Z,1790460824.000,32.64256031,-117.188161375,5.975,27.057,11.94,3.12,2.583,76,53.117,,,
2026-09-26T22:13:45.000Z,1790460825.000,32.642586421,-117.18814581,6.4,28.193,12.313,3.919,3.525,75,53.333,,,
2026-09-26T22:13:46.000Z,1790460826.000,32.64261322,-117.188128012,6.816,29.555,17.546,5.524,3.492,74,54.101,,,
2026-09-26T22:13:47.000Z,1790460827.000,32.642640593,-117.188109767,6.548,30.5,19.988,6.359,5.282,73,54.66,,,
2026-09-26T22:13:48.000Z,1790460828.000,32.642667376,-117.188093609,6.5,27.596,11.085,-0.063,3.243,72,54.154,,,
2026-09-26T22:13:49.000Z,1790460829.000,32.642691998,-117.188075369,6.416,34.824,19.267,4.826,4.726,71,55.291,,,
2026-09-26T22:13:50.000Z,1790460830.000,32.642715719,-117.188055149,6.167,34.977,25.201,3.193,4.538,70,56.464,,,
2026-09-26T22:13:51.000Z,1790460831.000,32.642739158,-117.188037121,6.2,33.506,21.906,0.112,1.382,69,56.713,,,
2026-09-26T22:13:52.000Z,1790460832.000,32.642763035,-117.188019268,6.2,30.436,22.94,8.761,3.59,68,57.278,,,
2026-09-26T22:13:53.000Z,1790460833.000,32.642788435,-117.18800519,5.591,24.17,16.885,10.958,4.094,67,56.878,,,
2026-09-26T22:13:54.000Z,1790460834.000,32.642814682,-117.187993342,6.053,21.323,14.719,7.782,4.532,66,56.565,,,
2026-09-26T22:13:55.000Z,1790460835.000,32.642839008,-117.187981846,5.762,24.945,13.207,6.252,7.14,65,56.359,,,
2026-09-26T22:13:56.000Z,1790460836.000,32.642862842,-117.187970521,5.7,21.505,14.091,6.181,2.701,64,56.353,,,
2026-09-26T22:13:57.000Z,1790460837.000,32.642888699,-117.187959049,6.053,20.651,10.731,7.771,2.164,63,55.93,,,
2026-09-26T22:13:58.000Z,1790460838.000,32.642917134,-117.18794779,6.723,15.513,6.766,8.836,4.735,62,55.333,,,
2026-09-26T22:13:59.000Z,1790460839.000,32.642947273,-117.187935713,7.013,21.484,4.852,6.194,3.895,61,54.895,,,
2026-09-26T22:14:00.000Z,1790460840.000,32.642976787,-117.187922454,6.919,21.953,8.115,4.721,3.176,60,54.986,,,
2026-09-26T22:14:01.000Z,1790460841.000,32.643007856,-117.187909537,6.7,19.96,8.453,6.047,3.158,59,54.753,,,
2026-09-26T22:14:02.000Z,1790460842.000,32.643037412,-117.187898398,6.478,19.067,6.873,8.197,5.561,58,54.283,,,
2026-09-26T22:14:03.000Z,1790460843.000,32.643066278,-117.187890421,6.261,11.107,1.382,5.456,2.703,57,53.278,,,
2026-09-26T22:14:04.000Z,1790460844.000,32.643094661,-117.187882032,5.934,16.83,8.853,5.9,3.034,56,53.321,,,
2026-09-26T22:14:05.000Z,1790460845.000,32.643121516,-117.187873404,6,14.093,5.892,0.225,3.91,55,52.647,,,
2026-09-26T22:14:06.000Z,1790460846.000,32.643147884,-117.187862466,6.128,22.602,6.36,3.97,3.809,54,52.46,,,
2026-09-26T22:14:07.000Z,1790460847.000,32.643173827,-117.187849429,6.367,21.502,16.151,10.803,4.554,53,53.212,,,
2026-09-26T22:14:08.000Z,1790460848.000,32.643202475,-117.187839972,6.2,13.338,0.934,7.451,3.822,52,51.573,,,
2026-09-26T22:14:09.000Z,1790460849.000,32.643229638,-117.187834312,5.675,5.434,357.832,13.748,3.749,51,50.632,,,
2026-09-26T22:14:10.000Z,1790460850.000,32.643255501,-117.187836582,5.958,348.917,354.365,13.055,0.869,50,49.045,,,
2026-09-26T22:14:11.000Z,1790460851.000,32.643280224,-117.187845178,6.006,343.555,345.052,13.445,4.717,49,46.592,,,
2026-09-26T22:14:12.000Z,1790460852.000,32.643305607,-117.187858609,6.1,333.057,332.802,9.556,6.452,48,43.608,,,
2026-09-26T22:14:13.000Z,1790460853.000,32.643330492,-117.187871542,5.678,341.93,325.91,11.197,5.757,47,41.068,,,
2026-09-26T22:14:14.000Z,1790460854.000,32.64335559,-117.187882568,5.715,334.068,332.238,13.512,3.914,46,39.314,,,
2026-09-26T22:14:15.000Z,1790460855.000,32.64338125,-117.187897559,6.423,337.929,324.047,14.097,4.206,45,36.514,,,
2026-09-26T22:14:16.000Z,1790460856.000,32.643404045,-117.187916119,5.852,317.954,311.862,10.468,4.01,44,33.513,,,
2026-09-26T22:14:17.000Z,1790460857.000,32.643420714,-117.187938935,5.14,300.187,292.688,11.12,-0.151,43,30.583,,,
2026-09-26T22:14:18.000Z,1790460858.000,32.64342549,-117.187963318,4.263,273.645,269.208,2.398,3.743,42,28.675,,,
2026-09-26T22:14:19.000Z,1790460859.000,32.643421863,-117.187987695,4.865,253.201,249.109,4.044,0.4,41,27.65,,,
2026-09-26T22:14:20.000Z,1790460860.000,32.643411466,-117.188008759,4.861,225.575,227.56,12.407,7.641,40,27.721,,,
2026-09-26T22:14:21.000Z,1790460861.000,32.643394012,-117.188023804,4.408,217.368,215.465,-0.101,2.836,39,28.124,,,
2026-09-26T22:14:22.000Z,1790460862.000,32.643374747,-117.188032226,4.147,194.368,203.571,-12.492,2.423,38,29.207,,,
2026-09-26T22:14:23.000Z,1790460863.000,32.643354027,-117.188034979,4.576,182.61,199.047,-20.283,2.693,37,30.251,,,
2026-09-26T22:14:24.000Z,1790460864.000,32.643332724,-117.188037241,4.774,188.083,205.782,-26.412,-0.421,36,30.45,,,
2026-09-26T22:14:25.000Z,1790460865.000,32.643311722,-117.18804498,5.106,198.356,215.487,-25.706,0.124,35,29.931,,,
2026-09-26T22:14:26.000Z,1790460866.000,32.643291266,-117.188056482,5,203.465,213.597,-14.857,5.851,34,29.995,,,
2026-09-26T22:14:27.000Z,1790460867.000,32.643269,-117.188065325,4.913,199.063,209.569,-16.809,1.248,33,30.54,,,
2026-09-26T22:14:28.000Z,1790460868.000,32.643245014,-117.18807367,5.632,195.444,202.075,-15.302,2.476,32,31.487,,,
2026-09-26T22:14:29.000Z,1790460869.000,32.643217734,-117.188081752,6.435,191.804,195.478,-3.53,3.205,31,32.529,,,
2026-09-26T22:14:30.000Z,1790460870.000,32.643187582,-117.188086539,6.377,183.761,187.869,-2.875,5.146,30,34.051,,,
2026-09-26T22:14:31.000Z,1790460871.000,32.643157639,-117.188089045,6.365,183.494,185.744,0.505,2.744,29,35.321,,,
2026-09-26T22:14:32.000Z,1790460872.000,32.643128879,-117.188088515,6.4,181.008,187.517,-6.068,2.384,28,36.497,,,
2026-09-26T22:14:33.000Z,1790460873.000,32.643100614,-117.188090546,6.1,184.231,191.227,-0.592,4.344,27,37.277,,,
2026-09-26T22:14:34.000Z,1790460874.000,32.643073258,-117.188094555,5.812,193.532,203.497,-1.475,-0.471,26,37.151,,,
2026-09-26T22:14:35.000Z,1790460875.000,32.643049428,-117.188101876,5.718,192.77,206.444,1.973,1.728,25,37.333,,,
2026-09-26T22:14:36.000Z,1790460876.000,32.64302733,-117.188108287,5.558,197.351,216.898,-6.716,3.454,24,36.921,,,
2026-09-26T22:14:37.000Z,1790460877.000,32.64300745,-117.18812223,4.945,216.376,223.42,3.188,4.729,23,36.09,,,
2026-09-26T22:14:38.000Z,1790460878.000,32.642988179,-117.188140532,5.5,220.531,230.84,-1.663,1.835,22,34.817,,,
2026-09-26T22:14:39.000Z,1790460879.000,32.642971802,-117.18816131,5.368,233.665,241.052,-2.676,3.466,21,33.057,,,
2026-09-26T22:14:40.000Z,1790460880.000,32.642960566,-117.188181889,4.548,246.062,248.896,-1.197,5.745,20,31.309,,,
2026-09-26T22:14:41.000Z,1790460881.000,32.642954114,-117.188202278,3.484,253.271,253.651,4.845,3.172,19,29.58,,,
2026-09-26T22:14:42.000Z,1790460882.000,32.642950383,-117.188220236,3.026,255.518,258.065,6.766,2.524,18,27.983,,,
2026-09-26T22:14:43.000Z,1790460883.000,32.64294828,-117.188237894,3.4,262.249,261.603,3.937,4.096,17,26.401,,,
2026-09-26T22:14:44.000Z,1790460884.000,32.642947096,-117.188256293,3.4,264.835,262.561,5.934,7.479,16,24.83,,,
2026-09-26T22:14:45.000Z,1790460885.000,32.642944594,-117.18827522,3.413,261.733,263.601,7.295,0.094,15,23.272,,,
2026-09-26T22:14:46.000Z,1790460886.000,32.642940005,-117.188291965,3.619,244.125,258.414,7.35,7.719,14,22.259,,,
2026-09-26T22:14:47.000Z,1790460887.000,32.642934254,-117.188308283,2.877,249.761,253.263,7.263,2.76,13,21.365,,,
2026-09-26T22:14:48.000Z,1790460888.000,32.642927544,-117.188323211,3.156,238.62,246.631,6.951,2.298,12,20.748,,,
2026-09-26T22:14:49.000Z,1790460889.000,32.642919806,-117.188333677,2.513,220.212,239.865,6.038,8.496,11,20.61,,,
2026-09-26T22:14:50.000Z,1790460890.000,32.642912124,-117.188343815,2.382,235.595,236.618,5.392,1.116,10,20.294,,,
2026-09-26T22:14:51.000Z,1790460891.000,32.642904113,-117.18835128,2.66,212.2,233.477,-0.518,3.627,9,20.221,,,
2026-09-26T22:14:52.000Z,1790460892.000,32.642895843,-117.188358965,1.936,216.348,228.054,-2.853,7.73,8,20.316,,,
2026-09-26T22:14:53.000Z,1790460893.000,32.642886005,-117.188364674,2.56,209.302,229.004,-13.813,2.163,7,20.19,,,
2026-09-26T22:14:54.000Z,1790460894.000,32.64287699,-117.188372409,2.54,218.476,228.427,-10.688,4.256,6,19.965,,,
2026-09-26T22:14:55.000Z,1790460895.000,32.642865272,-117.188381417,3.278,222.628,232.297,-10.935,-0.189,5,19.428,,,
2026-09-26T22:14:56.000Z,1790460896.000,32.642854248,-117.188389974,3.1,202.15,227.957,-7.794,8.694,4,19.492,,,
2026-09-26T22:14:57.000Z,1790460897.000,32.642840571,-117.188399014,3.474,214.528,232.527,-13.641,-1.666,3,18.988,,,
2026-09-26T22:14:58.000Z,1790460898.000,32.642828518,-117.188409339,3.506,217.934,234.301,-12.756,6.413,2,18.507,,,
2026-09-26T22:14:59.000Z,1790460899.000,32.642815866,-117.188423362,3.536,228.581,234.988,-8.207,1.691,1,17.812,,,
2026-09-26T22:15:00.000Z,1790460900.000,32.642803065,-117.188436647,3.836,222.413,235.976,-10.752,1.868,0,17.167,,,
2026-09-26T22:15:01.000Z,1790460901.000,32.642791867,-117.188447772,3.269,205.27,234.006,-7.299,7.742,-1,16.84,,,
2026-09-26T22:15:02.000Z,1790460902.000,32.642781355,-117.188459238,3.015,219.592,235.611,-8.493,0.602,-2,16.207,,,
2026-09-26T22:15:03.000Z,1790460903.000,32.642771765,-117.188472259,3.452,230.945,238.562,-6.875,3.667,-3,15.312,,,
2026-09-26T22:15:04.000Z,1790460904.000,32.642761991,-117.188484756,2.94,216.469,232.775,-8.834,6.007,-4,15.065,,,
2026-09-26T22:15:05.000Z,1790460905.000,32.642750861,-117.188496909,3.539,231.844,238.699,-9.661,-1.615,-5,14.106,,,
2026-09-26T22:15:06.000Z,1790460906.000,32.642739589,-117.188511289,4,224.843,237.787,-8.442,6.942,-6,13.428,,,
2026-09-26T22:15:07.000Z,1790460907.000,32.642727672,-117.188528422,4.126,233.255,236.698,-4.098,0.92,-7,12.554,,,
2026-09-26T22:15:08.000Z,1790460908.000,32.642715269,-117.188543997,4.087,223.795,233.588,-5.574,6.581,-8,11.976,,,
2026-09-26T22:15:09.000Z,1790460909.000,32.64270355,-117.188558518,3.546,227.257,231.783,-4.763,1.828,-9,11.373,,,
2026-09-26T22:15:10.000Z,1790460910.000,32.642691323,-117.188568584,3.389,212.896,229.479,-9.87,2.078,-10,11.213,,,
2026-09-26T22:15:11.000Z,1790460911.000,32.64268054,-117.188578722,2.975,219.463,233.492,-6.651,2.177,-11,10.53,,,
2026-09-26T22:15:12.000Z,1790460912.000,32.642670126,-117.188591221,3.3,225.478,230.756,-6.158,3.197,-12,10.109,,,
2026-09-26T22:15:13.000Z,1790460913.000,32.64265776,-117.188602727,4.06,211.284,229.696,-9.769,4.326,-13,9.742,,,
2026-09-26T22:15:14.000Z,1790460914.000,32.64264395,-117.188615062,3.688,220.98,234.515,-12.657,0.438,-14,8.948,,,
2026-09-26T22:15:15.000Z,1790460915.000,32.642630711,-117.188631165,4.26,227.411,236.952,-10.692,2.069,-15,7.981,,,
2026-09-26T22:15:16.000Z,1790460916.000,32.642616383,-117.188647408,4.522,221.84,237.525,-13.753,3.593,-16,7.179,,,
2026-09-26T22:15:17.000Z,1790460917.000,32.642601991,-117.18866503,4.3,217.901,233.357,-8.638,4.211,-17,6.585,,,
2026-09-26T22:15:18.000Z,1790460918.000,32.642586517,-117.188678172,4.45,214.413,232.736,-16.028,-1.002,-18,6.181,,,
2026-09-26T22:15:19.000Z,1790460919.000,32.642574298,-117.18869059,3.5,225.249,241.078,-21.24,2.806,-19,5.091,,,
2026-09-26T22:15:20.000Z,1790460920.000,32.642564817,-117.188705431,3.5,232.574,244.063,-17.175,0.37,-20,4.044,,,
2026-09-26T22:15:21.000Z,1790460921.000,32.642556185,-117.188720571,3.059,236.466,242.249,-12.11,8.412,-21,3.236,,,
2026-09-26T22:15:22.000Z,1790460922.000,32.642545925,-117.188736591,3.5,238.392,245.973,-14.977,-1.591,-22,2.082,,,
2026-09-26T22:15:23.000Z,1790460923.000,32.64253715,-117.188754216,4.038,238,245.989,-13.794,3.217,-23,0.954,,,
2026-09-26T22:15:24.000Z,1790460924.000,32.642525679,-117.188773682,4.334,227.715,242.841,-15.57,3.791,-24,-0.021,1,2.039,-55.068
2026-09-26T22:15:25.000Z,1790460925.000,32.642514297,-117.188792042,3.724,230.873,239.966,-11.861,5.111,-25,-0.913,1,1.927,-56.963
2026-09-26T22:15:26.000Z,1790460926.000,32.642501463,-117.188807708,4.013,225.467,241.14,-17.966,-1.642,-26,-1.77,1,1.741,-58.709
2026-09-26T22:15:27.000Z,1790460927.000,32.642489898,-117.188823961,3.885,227.949,243.459,-17.015,5.908,-27,-2.803,1,1.832,-60.271
2026-09-26T22:15:28.000Z,1790460928.000,32.642479541,-117.188841901,3.582,231.678,240.687,-14.378,2.866,-28,-3.713,1,1.888,-62.042
2026-09-26T22:15:29.000Z,1790460929.000,32.642470025,-117.188857505,3.413,239.559,242.007,-16.543,-0.687,-29,-4.719,1,2.178,-63.427
2026-09-26T22:15:30.000Z,1790460930.000,32.64246099,-117.188870709,3.238,228.623,242.162,-13.744,5.456,-30,-5.465,1,1.554,-64.755
2026-09-26T22:15:31.000Z,1790460931.000,32.642450461,-117.188885551,3.331,232.979,240.096,-14.491,1.352,-31,-6.145,1,1.813,-66.413
2026-09-26T22:15:32.000Z,1790460932.000,32.642436957,-117.188900492,4.39,221.601,235.141,-20.208,-0.049,-32,-6.501,1,1.611,-68.53
2026-09-26T22:15:33.000Z,1790460933.000,32.64242334,-117.18891648,4.087,221.185,230.859,-16.449,7.271,-33,-6.972,1,1.468,-70.63
2026-09-26T22:15:34.000Z,1790460934.000,32.642407208,-117.188933025,4.784,231.432,236.305,-20.716,-2.146,-34,-8.065,1,2.482,-72.559
2026-09-26T22:15:35.000Z,1790460935.000,32.642393724,-117.18894902,4.022,231.245,238.714,-15.962,7.227,-35,-9.007,1,2.072,-74.323
2026-09-26T22:15:36.000Z,1790460936.000,32.642382406,-117.188966812,3.849,238.482,244.534,-13.612,-1.99,-36,-10.408,1,2.38,-75.71
2026-09-26T22:15:37.000Z,1790460937.000,32.642374321,-117.188986806,4.377,249.345,252.533,-9.664,2.293,-37,-12.226,1,3.305,-76.641
2026-09-26T22:15:38.000Z,1790460938.000,32.642370524,-117.189005509,3.524,264.13,264.251,-8.626,3.264,-38,-14.206,1,3.162,-76.758
2026-09-26T22:15:39.000Z,1790460939.000,32.642374136,-117.189020043,2.6,285.816,281.72,-1.098,2.158,-39,-16.107,1,2.592,-75.435
2026-09-26T22:15:40.000Z,1790460940.000,32.642382484,-117.189029328,2.252,329.353,298.12,3.81,3.449,-40,-17.353,1,1.747,-73.497
2026-09-26T22:15:41.000Z,1790460941.000,32.642394418,-117.18903782,3.507,327.16,311.24,11.012,0.718,-41,-18.404,1,2.801,-71.463
2026-09-26T22:15:42.000Z,1790460942.000,32.642407257,-117.189047912,3.9,323.176,318.033,12.938,7.463,-42,-19.638,1,3.269,-69.905
2026-09-26T22:15:43.000Z,1790460943.000,32.642422626,-117.189057081,3.676,333.144,317.871,16.62,5.531,-43,-21.111,1,2.686,-68.556
2026-09-26T22:15:44.000Z,1790460944.000,32.642439233,-117.189063977,4.072,339.361,324.394,22.828,0.403,-44,-22.189,1,2.654,-66.556
2026-09-26T22:15:45.000Z,1790460945.000,32.642454811,-117.189072308,3.821,331.51,330.26,15.671,9.949,-45,-23.321,1,2.86,-64.786
2026-09-26T22:15:46.000Z,1790460946.000,32.642472548,-117.189084354,4.323,329.61,329.156,14.916,4.888,-46,-25.197,1,3.327,-63.322
2026-09-26T22:15:47.000Z,1790460947.000,32.642491566,-117.189095746,4.923,336.259,328.008,12.03,3.346,-47,-27.069,1,3.396,-61.711
2026-09-26T22:15:48.000Z,1790460948.000,32.642512299,-117.189104957,4.958,338.677,329.866,12.942,5.09,-48,-28.687,1,3.262,-59.671
2026-09-26T22:15:49.000Z,1790460949.000,32.64253394,-117.189112439,5.016,350.862,327.358,10.085,7.494,-49,-30.399,1,2.424,-57.755
2026-09-26T22:15:50.000Z,1790460950.000,32.642556896,-117.189120202,4.924,338.741,331.777,8.285,5.125,-50,-31.868,1,3.227,-55.283
2026-09-26T22:15:51.000Z,1790460951.000,32.642577969,-117.189131396,4.751,332.377,325.58,9.406,4.866,-51,-34.052,1,3.49,-53.758
2026-09-26T22:15:52.000Z,1790460952.000,32.642598128,-117.189143313,5.238,331.347,319.34,9.367,3.329,-52,-36.207,1,3.908,-52.391
2026-09-26T22:15:53.000Z,1790460953.000,32.642619569,-117.189153279,5.198,338.567,325.878,19.531,0.967,-53,-37.752,1,3.408,-49.975
2026-09-26T22:15:54.000Z,1790460954.000,32.642638925,-117.189169213,5.2,322.163,323.87,16.714,4.844,-54,-40.062,1,4.377,-48.517
2026-09-26T22:15:55.000Z,1790460955.000,32.642658556,-117.18918738,5.514,324.931,318.957,12.713,6.358,-55,-42.676,1,4.49,-47.3
2026-09-26T22:15:56.000Z,1790460956.000,32.642678462,-117.189203623,5.247,328.384,315.23,9.237,7.362,-56,-45.072,1,4.079,-45.929
2026-09-26T22:15:57.000Z,1790460957.000,32.642701248,-117.189215482,5.335,339.079,316.923,13.066,1.857,-57,-47.043,1,3.448,-43.741
2026-09-26T22:15:58.000Z,1790460958.000,32.642723796,-117.189225793,5.3,335.457,326.65,17.001,0.784,-58,-48.549,1,3.669,-41
2026-09-26T22:15:59.000Z,1790460959.000,32.642745203,-117.189238474,5.369,337.68,326.003,13.733,7.808,-59,-50.606,1,3.56,-39.148
2026-09-26T22:16:00.000Z,1790460960.000,32.6427682,-117.189251462,5.653,328.862,325.144,16.431,4.864,-60,-52.778,1,4.349,-37.144
2026-09-26T22:16:01.000Z,1790460961.000,32.642790431,-117.189267071,5.627,328.973,321.627,19.803,4.477,-61,-55.244,1,4.318,-35.477
2026-09-26T22:16:02.000Z,1790460962.000,32.642810054,-117.189286261,5.44,316.931,315.767,18.573,2.781,-62,-57.96,1,4.809,-34.366
2026-09-26T22:16:03.000Z,1790460963.000,32.642829557,-117.189305368,5.232,318.74,313.989,21.677,1.726,-63,-60.517,1,4.544,-32.984
2026-09-26T22:16:04.000Z,1790460964.000,32.642849902,-117.189324121,5.5,322.629,314.266,24.959,4.317,-64,-63.017,1,4.578,-31.356
2026-09-26T22:16:05.000Z,1790460965.000,32.642868212,-117.189345388,4.926,315.354,309.576,22.922,6.628,-65,-65.775,1,4.412,-30.382
2026-09-26T22:16:06.000Z,1790460966.000,32.642886879,-117.18936774,5.456,312.73,307.239,21.191,3.271,-66,-68.568,1,4.991,-29.233
2026-09-26T22:16:07.000Z,1790460967.000,32.642905176,-117.189389162,5.803,317.721,308.625,20.002,4.731,-67,-71.188,1,5.082,-27.812
2026-09-26T22:16:08.000Z,1790460968.000,32.642924549,-117.189412487,6.023,309.945,308.953,22.544,0.232,-68,-74.039,1,5.619,-26.414
2026-09-26T22:16:09.000Z,1790460969.000,32.642941905,-117.189435194,5.774,317.052,311.134,22.14,4.421,-69,-76.704,1,5.085,-25.072
2026-09-26T22:16:10.000Z,1790460970.000,32.642961847,-117.189456113,5.6,315.897,308.932,23.772,7.27,-70,-79.435,1,4.983,-23.733
2026-09-26T22:16:11.000Z,1790460971.000,32.642981745,-117.189476506,5.277,318.815,307.13,23.484,3.715,-71,-82.103,1,4.565,-22.356
2026-09-26T22:16:12.000Z,1790460972.000,32.643002058,-117.189497715,5.988,314.713,310.146,29.545,2.975,-72,-84.757,1,5.379,-20.592
2026-09-26T22:16:13.000Z,1790460973.000,32.6430184,-117.189523143,5.513,308.016,305.032,18.525,7.795,-73,-87.765,1,5.201,-19.991
2026-09-26T22:16:14.000Z,1790460974.000,32.643037268,-117.189546252,5.985,316.793,305.719,21.077,3.016,-74,-90.571,1,5.274,-18.611
2026-09-26T22:16:15.000Z,1790460975.000,32.643056154,-117.18957136,6.055,310.1,307.532,20.489,2.765,-75,-93.529,1,5.631,-17.201
2026-09-26T22:16:16.000Z,1790460976.000,32.643073397,-117.189597373,6.348,308.816,305.689,17.658,4.199,-76,-96.56,1,5.954,-16.272
2026-09-26T22:16:17.000Z,1790460977.000,32.643089848,-117.18962264,5.814,316.557,305.706,15.342,5.372,-77,-99.456,1,5.13,-15.262
2026-09-26T22:16:18.000Z,1790460978.000,32.643106541,-117.189644906,5.647,317.106,306.51,16.162,4.68,-78,-102.091,1,4.955,-14.079
2026-09-26T22:16:19.000Z,1790460979.000,32.643124358,-117.189668148,5.612,314.81,305.198,12.998,5.953,-79,-104.899,1,5.027,-12.968
2026-09-26T22:16:20.000Z,1790460980.000,32.643142536,-117.189690996,5.826,310.253,306.336,9.905,4.905,-80,-107.644,1,5.406,-11.619
2026-09-26T22:16:21.000Z,1790460981.000,32.643162028,-117.189712157,5.869,315.94,308.229,13.29,0.551,-81,-110.282,1,5.2,-10.026
2026-09-26T22:16:22.000Z,1790460982.000,32.643181215,-117.189732327,5.416,325.135,310.28,11.657,3.596,-82,-112.82,1,4.333,-8.425
2026-09-26T22:16:23.000Z,1790460983.000,32.643201717,-117.189750654,5.412,317.703,309.494,13.614,3.056,-83,-115.317,1,4.711,-6.846
2026-09-26T22:16:24.000Z,1790460984.000,32.643221708,-117.189768794,6.234,320.348,313.74,16.042,2.183,-84,-117.65,1,5.276,-4.942
2026-09-26T22:16:25.000Z,1790460985.000,32.643239381,-117.189789124,5.207,314.529,311.666,10.968,6.549,-85,-120.233,1,4.664,-3.814
2026-09-26T22:16:26.000Z,1790460986.000,32.643259075,-117.189810972,5.7,315.19,310.46,16.607,1.253,-86,-123.009,1,5.074,-2.453
2026-09-26T22:16:27.000Z,1790460987.000,32.643278613,-117.189829598,5.921,317.992,314.297,18.244,3.103,-87,-125.368,1,5.129,-0.643
2026-09-26T22:16:28.000Z,1790460988.000,32.643298903,-117.189846245,5.114,325.557,315.601,14.087,6.199,-88,-127.654,1,4.052,1.115
2026-09-26T22:16:29.000Z,1790460989.000,32.64331987,-117.189864261,5.564,323.084,313.987,13.391,4.716,-89,-130.177,1,4.548,2.695
2026-09-26T22:16:30.000Z,1790460990.000,32.64333906,-117.18988436,5.529,317.449,311.952,9.742,5.169,-90,-132.807,1,4.809,3.993
2026-09-26T22:16:31.000Z,1790460991.000,32.643359355,-117.189901485,5.255,326.298,313.027,14.578,3.571,-91,-135.145,1,4.114,5.723
2026-09-26T22:16:32.000Z,1790460992.000,32.643379319,-117.189918534,5.133,321.729,312.275,12.72,4.982,-92,-137.51,1,4.257,7.286
2026-09-26T22:16:33.000Z,1790460993.000,32.643400243,-117.189935922,5.416,320.822,318.632,21.917,3.551,-93,-139.732,1,4.536,9.452
2026-09-26T22:16:34.000Z,1790460994.000,32.643419934,-117.189956247,5.379,322.079,316.738,16.729,8.8,-94,-142.412,1,4.437,10.813
2026-09-26T22:16:35.000Z,1790460995.000,32.643438778,-117.189976356,5.586,320.064,313.613,18.022,7.853,-95,-145.066,1,4.714,11.999
2026-09-26T22:16:36.000Z,1790460996.000,32.643458394,-117.189995688,5.884,318.987,309.461,21.727,1.189,-96,-147.696,1,5.022,13.204
2026-09-26T22:16:37.000Z,1790460997.000,32.643477264,-117.190015706,5.807,313.067,311.718,19.402,1.323,-97,-150.197,1,5.24,14.791
2026-09-26T22:16:38.000Z,1790460998.000,32.643495016,-117.190035363,5.261,318.263,312.547,15.356,9.106,-98,-152.644,1,4.519,16.159
2026-09-26T22:16:39.000Z,1790460999.000,32.643513677,-117.190055576,5.307,314.081,312.25,19.484,7.213,-99,-155.215,1,4.743,17.527
2026-09-26T22:16:40.000Z,1790461000.000,32.643532161,-117.190076922,5.896,313.496,308.927,16.482,4.073,-100,-157.942,1,5.295,18.614
2026-09-26T22:16:41.000Z,1790461001.000,32.643551971,-117.190097,5.952,312.434,311.058,22.905,0.987,-101,-160.495,1,5.391,20.29
2026-09-26T22:16:42.000Z,1790461002.000,32.643570748,-117.190117819,5.723,316.753,310.538,20.32,3.641,-102,-163.125,1,4.983,21.634
2026-09-26T22:16:43.000Z,1790461003.000,32.643588135,-117.190139584,5.163,310.302,308.296,15.602,5.34,-103,-165.813,1,4.751,22.674
2026-09-26T22:16:44.000Z,1790461004.000,32.643607231,-117.190159799,5.8,316.499,308.046,14.239,3.809,-104,-168.398,1,5.059,24.089
2026-09-26T22:16:45.000Z,1790461005.000,32.643627439,-117.190178247,4.872,325.026,312.279,13.86,7.211,-105,-170.774,1,3.845,26.01
2026-09-26T22:16:46.000Z,1790461006.000,32.643648701,-117.19019646,5.599,322.384,312.727,11.328,3.943,-106,-173.266,1,4.57,27.765
2026-09-26T22:16:47.000Z,1790461007.000,32.643668343,-117.19021481,5.553,322.005,316.485,15.048,0.494,-107,-175.597,1,4.55,29.583
2026-09-26T22:16:48.000Z,1790461008.000,32.643691845,-117.190230764,5.5,326.743,320.11,19.437,8.012,-108,-177.88,1,4.226,31.86
2026-09-26T22:16:49.000Z,1790461009.000,32.643715208,-117.190248023,5.851,323.36,316.661,19.986,4.79,-109,-180.514,1,4.705,33.591
2026-09-26T22:16:50.000Z,1790461010.000,32.643737062,-117.190266326,5.542,321.934,317.098,21.494,1.786,-110,-183.037,1,4.534,35.404
2026-09-26T22:16:51.000Z,1790461011.000,32.643759647,-117.190285081,5.984,321.232,316.996,19.598,3.071,-111,-185.649,1,4.934,37.242
2026-09-26T22:16:52.000Z,1790461012.000,32.643782574,-117.190302373,5.764,331.216,319.132,18.264,4.69,-112,-188.073,1,4.11,39.316
2026-09-26T22:16:53.000Z,1790461013.000,32.643805904,-117.190318244,5.55,326.378,322.017,22.674,4.73,-113,-190.359,1,4.267,41.522
2026-09-26T22:16:54.000Z,1790461014.000,32.643826923,-117.190337446,6.054,315.903,318.553,21.615,2.104,-114,-193.062,1,5.278,42.95
2026-09-26T22:16:55.000Z,1790461015.000,32.643847057,-117.190358246,6.301,322.502,318.466,24.196,1.84,-115,-195.742,1,5.099,44.473
2026-09-26T22:16:56.000Z,1790461016.000,32.643868654,-117.190378151,6.137,320.435,316.211,21.783,9.233,-116,-198.479,1,5.09,46.021
2026-09-26T22:16:57.000Z,1790461017.000,32.643890261,-117.190400431,6.177,312.126,313.52,19.951,2.852,-117,-201.426,1,5.565,47.466
2026-09-26T22:16:58.000Z,1790461018.000,32.643911926,-117.190421335,6.2,318.339,312.437,18.025,4.557,-118,-204.21,1,5.259,49.073
2026-09-26T22:16:59.000Z,1790461019.000,32.64393534,-117.190440588,5.79,329.081,311.893,18.174,5.199,-119,-206.911,1,4.249,50.952
2026-09-26T22:17:00.000Z,1790461020.000,32.643958237,-117.190460373,6.112,324.238,313.039,17.977,2.497,-120,-209.591,1,4.816,52.886
2026-09-26T22:17:01.000Z,1790461021.000,32.643980816,-117.190479301,5.8,331.178,313.641,17.905,2.003,-121,-212.197,1,4.1,54.77
2026-09-26T22:17:02.000Z,1790461022.000,32.644001631,-117.190498806,5.563,313.929,315.889,20.734,4.371,-122,-214.724,1,4.919,56.569
2026-09-26T22:17:03.000Z,1790461023.000,32.644020378,-117.190521827,5.7,312.493,310.271,15.365,7.266,-123,-217.684,1,5.104,57.473
2026-09-26T22:17:04.000Z,1790461024.000,32.644038081,-117.190542984,5.242,312.29,307.694,13.356,4.342,-124,-220.337,1,4.701,58.537
2026-09-26T22:17:05.000Z,1790461025.000,32.644058107,-117.190560747,5.727,323.289,315.421,23.405,-1.225,-125,-222.553,1,4.554,60.716
2026-09-26T22:17:06.000Z,1790461026.000,32.644076978,-117.190580567,6.005,319.388,317.873,22.485,8.254,-126,-225.007,1,5.008,62.311
2026-09-26T22:17:07.000Z,1790461027.000,32.644095767,-117.190604469,5.737,304.585,308.39,19.154,4.916,-127,-228.152,1,5.434,62.912
2026-09-26T22:17:08.000Z,1790461028.000,32.644114921,-117.190625073,5.7,321.579,309.477,18.973,2.865,-128,-230.745,1,4.625,64.424
2026-09-26T22:17:09.000Z,1790461029.000,32.644135097,-117.190643031,5.922,325.197,313.903,21.927,2.483,-129,-233.066,1,4.573,66.367
2026-09-26T22:17:10.000Z,1790461030.000,32.644155071,-117.190663438,5.834,314.163,310.53,16.987,4.797,-130,-235.789,1,5.129,67.64
2026-09-26T22:17:11.000Z,1790461031.000,32.644176007,-117.190683645,5.913,322.137,310.482,21.23,1.496,-131,-238.449,1,4.753,69.265
2026-09-26T22:17:12.000Z,1790461032.000,32.64419685,-117.190703857,5.713,321.605,312.365,20.662,3.746,-132,-241.059,1,4.621,71.025
2026-09-26T22:17:13.000Z,1790461033.000,32.644216514,-117.190724382,5.8,320.449,310.859,11.057,6.387,-133,-243.729,1,4.756,72.399
2026-09-26T22:17:14.000Z,1790461034.000,32.644239403,-117.190744285,5.912,322.393,310.662,17.892,2.13,-134,-246.454,1,4.726,74.228
2026-09-26T22:17:15.000Z,1790461035.000,32.644261085,-117.190762218,6.349,323.817,317.102,22.41,0.984,-135,-248.765,1,4.973,76.471
2026-09-26T22:17:16.000Z,1790461036.000,32.644280267,-117.190782011,5.789,316.949,316.515,20.529,6.307,-136,-251.333,1,4.93,77.886
2026-09-26T22:17:17.000Z,1790461037.000,32.644299697,-117.190802428,5.461,321.287,316.306,24.593,5.367,-137,-253.952,1,4.417,79.335
2026-09-26T22:17:18.000Z,1790461038.000,32.644318255,-117.190824778,5.712,311.688,311.847,21.639,7.096,-138,-256.82,1,5.114,80.327
2026-09-26T22:17:19.000Z,1790461039.000,32.644337323,-117.19084709,5.951,313.827,309.94,25.029,3.463,-139,-259.624,1,5.223,81.555
2026-09-26T22:17:20.000Z,1790461040.000,32.644355116,-117.190870328,5.869,309.815,309.665,23.566,6.346,-140,-262.413,1,5.333,82.743
2026-09-26T22:17:21.000Z,1790461041.000,32.644372673,-117.190895729,5.889,300.528,304.706,19.757,5.926,-141,-265.467,1,5.677,83.485
2026-09-26T22:17:22.000Z,1790461042.000,32.64439188,-117.190918666,5.663,315.035,305.286,19.288,3.432,-142,-268.275,1,4.906,84.898
2026-09-26T22:17:23.000Z,1790461043.000,32.644410925,-117.190940053,5.86,311.384,306.206,17.738,0.505,-143,-270.937,1,5.25,86.364
2026-09-26T22:17:24.000Z,1790461044.000,32.644427924,-117.190961741,5.578,309.528,309.289,15.631,2.4,-144,-273.489,1,5.073,87.769
2026-09-26T22:17:25.000Z,1790461045.000,32.644445795,-117.190985172,5.359,310.999,306.516,6.925,8.971,-145,-276.347,1,4.813,88.77
2026-09-26T22:17:26.000Z,1790461046.000,32.644465358,-117.191004354,5.652,324.1,306.198,10.38,3.786,-146,-278.865,1,4.377,90.26
2026-09-26T22:17:27.000Z,1790461047.000,32.644487302,-117.191021898,5.845,327.327,313.872,16.02,2.567,-147,-281.162,1,4.306,92.649
2026-09-26T22:17:28.000Z,1790461048.000,32.644508196,-117.19103969,5.838,321.456,316.443,16.322,6.213,-148,-283.534,1,4.678,94.529
2026-09-26T22:17:29.000Z,1790461049.000,32.644530518,-117.191058659,5.638,321.608,314.799,18.882,7.281,-149,-286.201,1,4.504,96.223
2026-09-26T22:17:30.000Z,1790461050.000,32.644552625,-117.191077184,6.148,327.383,316.324,24.229,3.084,-150,-288.721,1,4.51,98.135
2026-09-26T22:17:31.000Z,1790461051.000,32.644570472,-117.191098592,5.716,310.331,313.082,21.171,7.367,-151,-291.444,1,5.146,99.168
2026-09-26T22:17:32.000Z,1790461052.000,32.644590791,-117.191120756,6,316.398,313.849,27.135,1.918,-152,-294.223,1,5.092,100.731
2026-09-26T22:17:33.000Z,1790461053.000,32.644607518,-117.191145015,5.962,307.863,311.463,23.886,2.802,-153,-297.11,1,5.47,101.623
2026-09-26T22:17:34.000Z,1790461054.000,32.644626959,-117.191167364,6.086,319.494,309.313,26.283,4.907,-154,-299.939,1,4.979,102.87
2026-09-26T22:17:35.000Z,1790461055.000,32.64464574,-117.191189798,5.8,311.825,307.911,29.271,4.127,-155,-302.726,1,5.145,104.101
2026-09-26T22:17:36.000Z,1790461056.000,32.644661785,-117.191215546,5.226,310.381,302.783,16.672,5.177,-156,-305.732,1,4.694,104.656
2026-09-26T22:17:37.000Z,1790461057.000,32.644679303,-117.191238274,5.874,312.35,304.806,15.891,1.259,-157,-308.429,1,5.181,106.009
2026-09-26T22:17:38.000Z,1790461058.000,32.644698406,-117.191259765,5.917,315.607,311.423,17.305,3.693,-158,-310.979,1,5.049,107.91
2026-09-26T22:17:39.000Z,1790461059.000,32.644719981,-117.191280228,6.338,326.117,312.259,19.503,2.837,-159,-313.67,1,4.709,109.662
2026-09-26T22:17:40.000Z,1790461060.000,32.644742351,-117.191301188,6.088,320.405,316.708,19.542,4.908,-160,-316.327,1,4.902,111.744
2026-09-26T22:17:41.000Z,1790461061.000,32.644762476,-117.19132326,5.875,314.829,312.833,16.65,5.813,-161,-319.228,1,5.043,112.954
2026-09-26T22:17:42.000Z,1790461062.000,32.644784121,-117.19134466,6.292,320.661,311.63,18.848,6.648,-162,-322.053,1,5.042,114.535
2026-09-26T22:17:43.000Z,1790461063.000,32.644807345,-117.191365265,5.646,313.077,309.9,24.363,2.488,-163,-324.889,1,4.927,116.265
2026-09-26T22:17:44.000Z,1790461064.000,32.644827606,-117.191386281,6.051,312.902,310.053,22.792,2.328,-164,-327.586,1,5.286,117.811
2026-09-26T22:17:45.000Z,1790461065.000,32.644847996,-117.19140611,5.973,323.159,311.698,21.73,4.179,-165,-330.149,1,4.613,119.517
2026-09-26T22:17:46.000Z,1790461066.000,32.644867839,-117.191426285,5.631,320.761,311.36,19.13,4.583,-166,-332.767,1,4.491,121.006
2026-09-26T22:17:47.000Z,1790461067.000,32.644887685,-117.191447016,5.057,316.023,313.135,21.429,3.798,-167,-335.378,1,4.269,122.637
2026-09-26T22:17:48.000Z,1790461068.000,32.644906642,-117.191468462,5.787,312.965,312.271,21.665,5.561,-168,-338.08,1,5.041,123.957
2026-09-26T22:17:49.000Z,1790461069.000,32.644925617,-117.191492044,6.155,313.3,310.869,22.772,0.95,-169,-340.979,1,5.341,125.177
2026-09-26T22:17:50.000Z,1790461070.000,32.644941734,-117.191516506,6.612,312.973,310.934,19.591,6.852,-170,-343.791,1,5.753,126.179
2026-09-26T22:17:51.000Z,1790461071.000,32.644961264,-117.191540062,5.707,314.546,306.218,20.931,5.658,-171,-346.777,1,4.884,127.204
2026-09-26T22:17:52.000Z,1790461072.000,32.644981028,-117.191562751,6.335,316.232,308.182,24.026,1.915,-172,-349.56,1,5.319,128.788
2026-09-26T22:17:53.000Z,1790461073.000,32.64499929,-117.191585465,5.715,312.907,305.121,15.23,5.875,-173,-352.376,1,4.969,129.827
2026-09-26T22:17:54.000Z,1790461074.000,32.645018752,-117.191607625,5.646,316.625,305.083,16.424,2.936,-174,-355.138,1,4.713,131.241
2026-09-26T22:17:55.000Z,1790461075.000,32.645036737,-117.191627176,5.187,314.93,307.336,18.47,2.455,-175,-357.572,1,4.41,132.751
2026-09-26T22:17:56.000Z,1790461076.000,32.645055706,-117.191648536,5.892,313.525,307.621,17.672,2.753,-176,-360.238,1,5.081,134.161
2026-09-26T22:17:57.000Z,1790461077.000,32.645074489,-117.191668484,5.416,315.172,310.905,19.58,6.864,-177,-362.705,1,4.586,135.817
2026-09-26T22:17:58.000Z,1790461078.000,32.645094208,-117.191691345,5.579,306.704,310.143,18.84,5.241,-178,-365.561,1,5.108,137.185
2026-09-26T22:17:59.000Z,1790461079.000,32.645112496,-117.191713343,6.062,319.967,308.456,19.958,3.879,-179,-368.296,1,4.839,138.355
2026-09-26T22:18:00.000Z,1790461080.000,32.645133239,-117.191735806,6.317,311.133,308.159,23.376,2.413,-180,-371.147,1,5.563,139.876
2026-09-26T22:18:01.000Z,1790461081.000,32.645151178,-117.191758843,5.7,315.034,308.861,21.963,4.751,-181,-373.903,1,4.822,141.16
2026-09-26T22:18:02.000Z,1790461082.000,32.645169865,-117.191783271,5.749,312.984,306.909,18.47,5.822,-182,-376.867,1,4.968,142.281
2026-09-26T22:18:03.000Z,1790461083.000,32.645187728,-117.191806763,5.452,308.405,305.571,17.521,4.468,-183,-379.697,1,4.913,143.387
2026-09-26T22:18:04.000Z,1790461084.000,32.645206254,-117.191827306,5.227,313.999,305.453,19.158,3.34,-184,-382.283,1,4.464,144.743
2026-09-26T22:18:05.000Z,1790461085.000,32.645226227,-117.19184766,6.056,314.408,308.87,19.54,2.021,-185,-384.847,1,5.145,146.528
2026-09-26T22:18:06.000Z,1790461086.000,32.64524429,-117.191867816,5.689,319.834,308.987,16.985,3.355,-186,-387.373,1,4.524,147.864
2026-09-26T22:18:07.000Z,1790461087.000,32.645265511,-117.191887387,6.059,322.308,311.861,19.907,4.362,-187,-389.922,1,4.651,149.757
2026-09-26T22:18:08.000Z,1790461088.000,32.64528676,-117.191908936,6.109,314.643,310.808,19.498,4.428,-188,-392.738,1,5.165,151.302
2026-09-26T22:18:09.000Z,1790461089.000,32.645307257,-117.191931544,5.734,312.296,308.45,18.381,2.38,-189,-395.637,1,4.967,152.638
2026-09-26T22:18:10.000Z,1790461090.000,32.645329354,-117.191949523,6.473,331.287,313.132,26.111,2.151,-190,-398.043,1,4.242,154.804
2026-09-26T22:18:11.000Z,1790461091.000,32.645347803,-117.191970983,5.514,305.832,309.317,18.187,3.965,-191,-400.797,1,5.051,155.85
2026-09-26T22:18:12.000Z,1790461092.000,32.645365475,-117.191993605,6.057,314.024,309.902,19.77,2.405,-192,-403.508,1,5.142,157.109
2026-09-26T22:18:13.000Z,1790461093.000,32.645382227,-117.192016969,5.613,309.683,308.402,18.255,5.424,-193,-406.288,1,4.974,158.091
2026-09-26T22:18:14.000Z,1790461094.000,32.645400266,-117.192038239,5.5,311.316,307.786,22.097,3.62,-194,-408.925,1,4.796,159.336
2026-09-26T22:18:15.000Z,1790461095.000,32.645417727,-117.19206121,5.615,309.77,307.705,20.394,1.116,-195,-411.67,1,4.967,160.512
2026-09-26T22:18:16.000Z,1790461096.000,32.645434504,-117.192083127,5.278,323.131,312.46,20.907,6.916,-196,-414.178,1,3.969,162.007
2026-09-26T22:18:17.000Z,1790461097.000,32.645452059,-117.192104878,5.551,312.371,310.271,19.202,7.522,-197,-416.882,1,4.782,163.074
2026-09-26T22:18:18.000Z,1790461098.000,32.645470767,-117.192126801,5.613,318.069,308.597,17.608,6.272,-198,-419.628,1,4.525,164.292
2026-09-26T22:18:19.000Z,1790461099.000,32.645490454,-117.192148483,5.609,315.298,305.38,15.832,6.779,-199,-422.422,1,4.674,165.499
2026-09-26T22:18:20.000Z,1790461100.000,32.645511318,-117.192168887,5.954,321.244,307.03,17.185,1.942,-200,-425.065,1,4.589,167.242
2026-09-26T22:18:21.000Z,1790461101.000,32.645530347,-117.192188222,5.437,316.15,310.929,18.909,-0.219,-201,-427.481,1,4.477,168.991
2026-09-26T22:18:22.000Z,1790461102.000,32.645549098,-117.192208226,5.661,317.767,316.283,22.062,3.468,-202,-429.872,1,4.565,170.784
2026-09-26T22:18:23.000Z,1790461103.000,32.645569222,-117.192228822,5.985,320.223,313.964,16.299,7.517,-203,-432.604,1,4.665,172.151
2026-09-26T22:18:24.000Z,1790461104.000,32.645591942,-117.192246923,5.8,326.376,313.321,19.502,4.18,-204,-435.181,1,4.1,173.984
2026-09-26T22:18:25.000Z,1790461105.000,32.6456131,-117.192263385,5.509,323.831,316.133,19.658,2.734,-205,-437.445,1,4.059,175.948
2026-09-26T22:18:26.000Z,1790461106.000,32.645631709,-117.192281309,5.354,317.791,315.536,18.274,3.018,-206,-439.824,1,4.299,177.355
2026-09-26T22:18:27.000Z,1790461107.000,32.64565084,-117.192303531,5.8,313.565,314.558,21.044,4.395,-207,-442.607,1,4.897,178.664
2026-09-26T22:18:28.000Z,1790461108.000,32.645668102,-117.192326409,5.901,306.288,310.201,16.721,6.037,-208,-445.45,1,5.341,179.506
2026-09-26T22:18:29.000Z,1790461109.000,32.645685912,-117.192349338,5.873,311.54,307.801,19.46,2.323,-209,-448.258,1,5.062,180.544
2026-09-26T22:18:30.000Z,1790461110.000,32.645702585,-117.192372243,5.822,307.31,307.668,16.498,1.144,-210,-450.966,1,5.219,181.635
2026-09-26T22:18:31.000Z,1790461111.000,32.645719455,-117.192394364,5.755,319.553,310.717,11.068,5.106,-211,-453.54,1,4.496,183.008
2026-09-26T22:18:32.000Z,1790461112.000,32.645738531,-117.192412184,4.764,323.344,312.777,10.515,7.406,-212,-455.862,1,3.513,184.664
2026-09-26T22:18:33.000Z,1790461113.000,32.645759574,-117.192430389,5.929,314.43,311.481,10.729,2.384,-213,-458.384,1,4.936,186.265
2026-09-26T22:18:34.000Z,1790461114.000,32.645782157,-117.192446176,5.615,334.081,315.309,15.228,2.371,-214,-460.636,1,3.35,188.479
2026-09-26T22:18:35.000Z,1790461115.000,32.645804533,-117.192463126,5.588,325.128,313.632,12.628,4.67,-215,-463.129,1,3.985,190.233
2026-09-26T22:18:36.000Z,1790461116.000,32.645825105,-117.192482905,6.212,315.402,312.806,12.674,2.421,-216,-465.759,1,5.098,191.776
2026-09-26T22:18:37.000Z,1790461117.000,32.645843959,-117.192503658,5.9,314.351,311.932,10.947,5.346,-217,-468.397,1,4.899,193.105
2026-09-26T22:18:38.000Z,1790461118.000,32.645863883,-117.192523606,6.331,324.446,311.639,17.019,3.098,-218,-470.998,1,4.551,194.613
2026-09-26T22:18:39.000Z,1790461119.000,32.645883865,-117.192543053,5.824,322.399,312.21,20.908,3.111,-219,-473.535,1,4.324,196.206
2026-09-26T22:18:40.000Z,1790461120.000,32.645902545,-117.192564296,5.816,310.422,311.773,17.612,2.89,-220,-476.196,1,5.03,197.534
2026-09-26T22:18:41.000Z,1790461121.000,32.645920693,-117.192586599,6.107,311.699,308.725,13.329,3.953,-221,-478.985,1,5.209,198.579
2026-09-26T22:18:42.000Z,1790461122.000,32.64594113,-117.192608497,6.011,319.764,311.392,16.047,2.349,-222,-481.707,1,4.63,200.307
2026-09-26T22:18:43.000Z,1790461123.000,32.645961649,-117.192627634,6.048,322.553,313.278,19.163,2.726,-223,-484.205,1,4.46,202.063
2026-09-26T22:18:44.000Z,1790461124.000,32.645982158,-117.19264744,5.659,317.872,315.675,21.706,3.092,-224,-486.743,1,4.466,203.833
2026-09-26T22:18:45.000Z,1790461125.000,32.646001386,-117.192668468,5.631,310.227,313.922,18.648,6.63,-225,-489.45,1,4.861,205.131
2026-09-26T22:18:46.000Z,1790461126.000,32.646021783,-117.192689232,5.751,321.838,311.642,18.35,5.76,-226,-492.196,1,4.274,206.519
2026-09-26T22:18:47.000Z,1790461127.000,32.646043149,-117.192708363,5.862,322.459,312.81,23.302,3.379,-227,-494.752,1,4.308,208.312
2026-09-26T22:18:48.000Z,1790461128.000,32.646061941,-117.192729749,6.075,313.743,310.393,18.844,4.726,-228,-497.479,1,5.033,209.5
2026-09-26T22:18:49.000Z,1790461129.000,32.646080256,-117.192753906,6.236,310.777,307.39,16.635,3.811,-229,-500.429,1,5.338,210.511
2026-09-26T22:18:50.000Z,1790461130.000,32.646100937,-117.192774943,5.985,323.652,310.352,22.894,0.733,-230,-503.084,1,4.298,212.314
2026-09-26T22:18:51.000Z,1790461131.000,32.64612186,-117.192793876,5.546,322.939,313.419,19.469,5.654,-231,-505.553,1,4.025,214.205
2026-09-26T22:18:52.000Z,1790461132.000,32.646142063,-117.192812857,5.341,321.259,312.912,17.518,6.272,-232,-508.091,1,3.978,215.756
2026-09-26T22:18:53.000Z,1790461133.000,32.646163366,-117.192832955,5.616,317.301,311.324,20.608,6.34,-233,-510.8,1,4.426,217.31
2026-09-26T22:18:54.000Z,1790461134.000,32.646181448,-117.192856804,6.776,310.018,306.929,23.142,3.511,-234,-513.742,1,5.824,218.199
2026-09-26T22:18:55.000Z,1790461135.000,32.646197255,-117.192883219,5.873,302.927,303.023,21.77,2.615,-235,-516.775,1,5.377,218.804
2026-09-26T22:18:56.000Z,1790461136.000,32.64621201,-117.192908383,6.007,303.8,302.722,18.863,5.888,-236,-519.593,1,5.461,219.613
2026-09-26T22:18:57.000Z,1790461137.000,32.646228746,-117.192930237,5.3,315.691,302.618,16.523,4.524,-237,-522.211,1,4.256,220.743
2026-09-26T22:18:58.000Z,1790461138.000,32.64624704,-117.192950923,5.653,308.918,305.997,20.186,1.638,-238,-524.743,1,4.901,222.342
2026-09-26T22:18:59.000Z,1790461139.000,32.646263854,-117.192972548,5.585,318.792,307.263,17.909,4.887,-239,-527.319,1,4.289,223.592
2026-09-26T22:19:00.000Z,1790461140.000,32.646280856,-117.192995568,5.408,309.433,304.696,15.933,4.351,-240,-530.093,1,4.659,224.526
2026-09-26T22:19:01.000Z,1790461141.000,32.64629832,-117.193017196,6.063,317.736,307.105,18.259,1.177,-241,-532.68,1,4.719,225.933
2026-09-26T22:19:02.000Z,1790461142.000,32.646317775,-117.193038469,6.034,313.403,311.205,21.164,3.216,-242,-535.274,1,4.964,227.684
2026-09-26T22:19:03.000Z,1790461143.000,32.646335519,-117.193060318,5.977,317.868,309.752,22.07,3.293,-243,-537.97,1,4.634,228.82
2026-09-26T22:19:04.000Z,1790461144.000,32.646354877,-117.193082798,5.379,314.581,307.43,17.391,8.022,-244,-540.806,1,4.355,230.041
2026-09-26T22:19:05.000Z,1790461145.000,32.646374365,-117.193103771,5.403,315.938,306.27,16.439,4.956,-245,-543.49,1,4.294,231.406
2026-09-26T22:19:06.000Z,1790461146.000,32.646392632,-117.193123744,5.327,314.428,308.415,17.839,1.523,-246,-545.969,1,4.313,232.923
2026-09-26T22:19:07.000Z,1790461147.000,32.646410789,-117.193142644,4.816,321.052,311.971,19.608,4.332,-247,-548.31,1,3.542,234.564
2026-09-26T22:19:08.000Z,1790461148.000,32.646430448,-117.193162944,5.246,315.464,309.057,16.052,7.397,-248,-550.993,1,4.182,235.838
2026-09-26T22:19:09.000Z,1790461149.000,32.646450568,-117.193181968,5.313,314.741,310.545,17.562,1.986,-249,-553.48,1,4.271,237.527
2026-09-26T22:19:10.000Z,1790461150.000,32.646469251,-117.193202729,5.889,314.289,313.173,17.643,1.635,-250,-556.022,1,4.757,239.097
2026-09-26T22:19:11.000Z,1790461151.000,32.646487297,-117.193224728,5.958,314.01,313.194,17.923,6.096,-251,-558.707,1,4.825,240.37
2026-09-26T22:19:12.000Z,1790461152.000,32.646505859,-117.193248099,5.55,312.416,311.095,17.957,6.997,-252,-561.59,1,4.58,241.502
2026-09-26T22:19:13.000Z,1790461153.000,32.646524292,-117.19326969,5.673,314.854,310.398,19.517,1.897,-253,-564.275,1,4.537,242.775
2026-09-26T22:19:14.000Z,1790461154.000,32.646543435,-117.19329106,5.925,323.125,311.295,17.848,5.805,-254,-566.933,1,4.172,244.247
2026-09-26T22:19:15.000Z,1790461155.000,32.646565039,-117.193312105,5.834,320.375,309.18,17.863,4.639,-255,-569.746,1,4.297,245.765
2026-09-26T22:19:16.000Z,1790461156.000,32.646586435,-117.193332047,5.962,318.249,311.689,18.596,2.169,-256,-572.342,1,4.531,247.638
2026-09-26T22:19:17.000Z,1790461157.000,32.64660813,-117.193350682,5.8,329.211,315.419,22.204,2.791,-257,-574.796,1,3.603,249.666
2026-09-26T22:19:18.000Z,1790461158.000,32.6466298,-117.193368356,6.109,326.787,317.828,22.217,7.79,-258,-577.191,1,3.986,251.617
2026-09-26T22:19:19.000Z,1790461159.000,32.646651128,-117.193389629,5.205,314.433,316.259,22.011,7.666,-259,-580.015,1,4.157,253.148
2026-09-26T22:19:20.000Z,1790461160.000,32.646670615,-117.193412842,5.963,309.002,312.362,24.004,3.808,-260,-582.981,1,5.077,254.253
2026-09-26T22:19:21.000Z,1790461161.000,32.64668868,-117.193437038,6.054,307.445,308.11,25.331,3.252,-261,-585.958,1,5.236,255.144
2026-09-26T22:19:22.000Z,1790461162.000,32.646706377,-117.193460925,5.721,305.673,305.168,19.492,5.238,-262,-588.847,1,5.031,256.099
2026-09-26T22:19:23.000Z,1790461163.000,32.646724635,-117.193482529,5.724,314.097,305.05,16.922,2.435,-263,-591.51,1,4.576,257.396
2026-09-26T22:19:24.000Z,1790461164.000,32.646743992,-117.193504057,6.595,319.439,309.773,19.32,2.787,-264,-594.121,1,4.874,259.181
2026-09-26T22:19:25.000Z,1790461165.000,32.646761318,-117.193525993,5.045,309.355,310.437,20.089,4.612,-265,-596.753,1,4.262,260.428
2026-09-26T22:19:26.000Z,1790461166.000,32.646780869,-117.193550403,6,315.824,308.458,12.666,8.021,-266,-599.76,1,4.67,261.641
2026-09-26T22:19:27.000Z,1790461167.000,32.646800415,-117.193573131,5.849,313.614,310.524,21.761,0.579,-267,-602.528,1,4.686,263.206
2026-09-26T22:19:28.000Z,1790461168.000,32.646819617,-117.193596358,6.042,313.317,311.834,19.501,4.885,-268,-605.338,1,4.854,264.662
2026-09-26T22:19:29.000Z,1790461169.000,32.646838454,-117.193619751,5.781,310.874,308.159,16.868,2.805,-269,-608.266,1,4.783,265.701
2026-09-26T22:19:30.000Z,1790461170.000,32.646859596,-117.193640382,5.863,325.081,312.564,21.196,4.11,-270,-610.865,1,3.886,267.67
2026-09-26T22:19:31.000Z,1790461171.000,32.646880253,-117.193659871,5.427,314.71,308.689,14.171,4.104,-271,-613.544,1,4.266,269.001
2026-09-26T22:19:32.000Z,1790461172.000,32.646902092,-117.193677312,6.487,330.732,313.993,19.299,0.744,-272,-615.875,1,3.784,271.201
2026-09-26T22:19:33.000Z,1790461173.000,32.646923561,-117.193696861,5.889,321.623,315.763,19.927,7.418,-273,-618.447,1,4.142,273.033
2026-09-26T22:19:34.000Z,1790461174.000,32.646941588,-117.193719531,5.432,313.158,311.044,14.872,5.643,-274,-621.323,1,4.344,273.939
2026-09-26T22:19:35.000Z,1790461175.000,32.646961807,-117.193740103,5.859,319.615,313.921,24.288,1.959,-275,-623.907,1,4.253,275.694
2026-09-26T22:19:36.000Z,1790461176.000,32.646979064,-117.193764712,6.021,314.471,308.693,17.401,7.584,-276,-626.913,1,4.721,276.418
2026-09-26T22:19:37.000Z,1790461177.000,32.647000603,-117.19378618,5.946,318.737,307.953,23.346,2.127,-277,-629.724,1,4.369,278.018
2026-09-26T22:19:38.000Z,1790461178.000,32.647019521,-117.193807049,5.465,313.886,309.25,21.861,4.281,-278,-632.325,1,4.309,279.514
2026-09-26T22:19:39.000Z,1790461179.000,32.647038929,-117.193829679,5.884,312.782,307.98,21.623,3.664,-279,-635.152,1,4.703,280.815
2026-09-26T22:19:40.000Z,1790461180.000,32.647058044,-117.193851877,5.631,314.304,308.308,25.157,3.963,-280,-637.896,1,4.405,282.219
2026-09-26T22:19:41.000Z,1790461181.000,32.64707668,-117.193878048,6.565,304.967,305.998,23.637,3.841,-281,-641.012,1,5.727,283.256
2026-09-26T22:19:42.000Z,1790461182.000,32.647094601,-117.193903745,6.061,310.388,303.796,24.132,5.517,-282,-644.047,1,4.979,284.237
2026-09-26T22:19:43.000Z,1790461183.000,32.647111103,-117.193929927,5.579,305.179,302.476,18.634,3.29,-283,-647.043,1,4.85,285.121
2026-09-26T22:19:44.000Z,1790461184.000,32.647127996,-117.193956133,6.169,311.207,304.038,19.343,4.63,-284,-650.018,1,5.009,286.272
2026-09-26T22:19:45.000Z,1790461185.000,32.647147663,-117.193980543,5.8,317.227,305.654,21.785,3.769,-285,-652.958,1,4.322,287.771
2026-09-26T22:19:46.000Z,1790461186.000,32.647166155,-117.194002987,5.5,317.836,307.335,24.154,2.168,-286,-655.671,1,4.054,289.206
2026-09-26T22:19:47.000Z,1790461187.000,32.647184257,-117.194024855,5.393,317.27,308.556,19.459,9.628,-287,-658.321,1,4.005,290.58
2026-09-26T22:19:48.000Z,1790461188.000,32.647204086,-117.19404819,5.655,317.453,307.313,19.932,6.852,-288,-661.229,1,4.182,291.908
2026-09-26T22:19:49.000Z,1790461189.000,32.647222664,-117.194071906,6,311.563,307.804,20.136,4.598,-289,-664.077,1,4.823,293.225
2026-09-26T22:19:50.000Z,1790461190.000,32.64724057,-117.194097238,5.827,307.606,306.527,19.826,3.446,-290,-667.068,1,4.908,294.287
2026-09-26T22:19:51.000Z,1790461191.000,32.64725875,-117.194121995,5.931,315.817,303.69,15.204,3.751,-291,-670.045,1,4.483,295.274
2026-09-26T22:19:52.000Z,1790461192.000,32.647278411,-117.194144589,5.878,312.633,306.316,19.039,2.078,-292,-672.811,1,4.644,296.903
2026-09-26T22:19:53.000Z,1790461193.000,32.647297157,-117.194166782,5.825,314.173,307.136,17.993,5.673,-293,-675.53,1,4.499,298.306
2026-09-26T22:19:54.000Z,1790461194.000,32.647316132,-117.194190035,6.067,309.728,304.089,20.712,3.38,-294,-678.416,1,4.966,299.404
2026-09-26T22:19:55.000Z,1790461195.000,32.647333978,-117.19421249,5.6,316.036,305.106,20.547,1.218,-295,-681.118,1,4.197,300.722
2026-09-26T22:19:56.000Z,1790461196.000,32.647351964,-117.194233809,5.276,315.863,307.523,16.884,7.407,-296,-683.697,1,3.959,302.192
2026-09-26T22:19:57.000Z,1790461197.000,32.647370519,-117.194254866,5.551,312.349,307.224,17.247,3.94,-297,-686.334,1,4.378,303.523
2026-09-26T22:19:58.000Z,1790461198.000,32.64738674,-117.194278265,5.541,302.025,306.82,16.615,1.898,-298,-689.067,1,4.907,304.53
2026-09-26T22:19:59.000Z,1790461199.000,32.64740222,-117.194303444,5.969,304.893,305.032,16.738,5.806,-299,-691.946,1,5.137,305.301
2026-09-26T22:20:00.000Z,1790461200.000,32.647419818,-117.194328115,5.647,307.45,305.854,20.348,3.19,-300,-694.828,1,4.722,306.512
2026-09-26T22:20:01.000Z,1790461201.000,32.647438297,-117.194350136,5.7,318.323,307.342,16.612,8.075,-301,-697.507,1,4.085,307.943
2026-09-26T22:20:02.000Z,1790461202.000,32.64745707,-117.194372391,5.508,311.703,307.408,18.609,3.647,-302,-700.247,1,4.359,309.29
2026-09-26T22:20:03.000Z,1790461203.000,32.647475848,-117.194393694,5.369,320.917,307.514,20.235,2.945,-303,-702.905,1,3.662,310.668
2026-09-26T22:20:04.000Z,1790461204.000,32.647496182,-117.194415033,6.413,316.509,307.724,19.912,2.991,-304,-705.631,1,4.715,312.217
2026-09-26T22:20:05.000Z,1790461205.000,32.647514447,-117.194437189,5.7,314.476,304.674,15.474,5.85,-305,-708.396,1,4.32,313.273
2026-09-26T22:20:06.000Z,1790461206.000,32.647534087,-117.194458785,5.609,310.968,304.753,15.421,2.287,-306,-711.115,1,4.462,314.73
2026-09-26T22:20:07.000Z,1790461207.000,32.647553393,-117.194480469,6.221,319.947,310.315,18.391,0.41,-307,-713.721,1,4.291,316.57
2026-09-26T22:20:08.000Z,1790461208.000,32.647571218,-117.194502384,5.687,315.354,308.769,14.299,6.472,-308,-716.425,1,4.234,317.704
2026-09-26T22:20:09.000Z,1790461209.000,32.647586022,-117.194526216,5.196,301.108,306.971,12.673,9.097,-309,-719.163,1,4.601,318.444
2026-09-26T22:20:10.000Z,1790461210.000,32.647603411,-117.194548216,5.295,306.972,306.235,20.35,3.599,-310,-721.833,1,4.408,319.589
2026-09-26T22:20:11.000Z,1790461211.000,32.647619414,-117.194571248,5.565,306.767,305.494,17.705,2.993,-311,-724.533,1,4.64,320.559
2026-09-26T22:20:12.000Z,1790461212.000,32.647636252,-117.194593728,5.836,303.491,308.729,24.044,-0.626,-312,-727.145,1,5.038,321.937
2026-09-26T22:20:13.000Z,1790461213.000,32.647649504,-117.194619241,5.469,305.481,305.121,12.784,10.564,-313,-729.99,1,4.62,322.323
2026-09-26T22:20:14.000Z,1790461214.000,32.647666476,-117.194642391,5.397,305.277,302.515,17.294,4.378,-314,-732.767,1,4.565,323.245
2026-09-26T22:20:15.000Z,1790461215.000,32.647684095,-117.194663111,5.488,320.42,304.013,17.124,2.591,-315,-735.304,1,3.71,324.626
2026-09-26T22:20:16.000Z,1790461216.000,32.647701575,-117.194682452,5.113,316.502,305.439,16.375,3.025,-316,-737.715,1,3.701,326.026
2026-09-26T22:20:17.000Z,1790461217.000,32.647717829,-117.194704418,5.737,308.832,304.256,11.12,2.474,-317,-740.338,1,4.639,327.017
2026-09-26T22:20:18.000Z,1790461218.000,32.647736508,-117.19472633,5.838,317.012,308.974,16.469,2.642,-318,-742.955,1,4.177,328.721
2026-09-26T22:20:19.000Z,1790461219.000,32.647754407,-117.194751022,5.462,309.791,304.139,8.408,6.927,-319,-745.958,1,4.352,329.528
2026-09-26T22:20:20.000Z,1790461220.000,32.647775632,-117.194769899,5.627,318.687,308.62,20.3,1.599,-320,-748.435,1,3.895,331.572
2026-09-26T22:20:21.000Z,1790461221.000,32.647793736,-117.194788506,5.277,322.994,308.288,18.25,5.045,-321,-750.84,1,3.35,332.923
2026-09-26T22:20:22.000Z,1790461222.000,32.647812225,-117.194807477,5.157,316.895,308.019,17.546,3.763,-322,-753.291,1,3.673,334.309
2026-09-26T22:20:23.000Z,1790461223.000,32.647828108,-117.194828082,4.904,310.817,306.622,12.902,10.73,-323,-755.79,1,3.834,335.285
2026-09-26T22:20:24.000Z,1790461224.000,32.647845946,-117.194849175,5.181,311.181,307.241,21.418,3.054,-324,-758.376,1,4.025,336.609
2026-09-26T22:20:25.000Z,1790461225.000,32.647862181,-117.194872738,5.838,308.86,305.817,22.774,4.173,-325,-761.145,1,4.676,337.535
2026-09-26T22:20:26.000Z,1790461226.000,32.647877764,-117.194897588,5.423,299.993,303.566,21.665,5.022,-326,-764.004,1,4.789,338.289
2026-09-26T22:20:27.000Z,1790461227.000,32.647890945,-117.19492319,5.387,300.96,301.105,15.142,4.585,-327,-766.817,1,4.712,338.749
2026-09-26T22:20:28.000Z,1790461228.000,32.647906746,-117.19494628,5.514,310.927,305.692,19.403,3.84,-328,-769.431,1,4.281,340.11
2026-09-26T22:20:29.000Z,1790461229.000,32.647922456,-117.194970149,5.531,306.964,305.141,15.201,5.862,-329,-772.186,1,4.521,341.039
2026-09-26T22:20:30.000Z,1790461230.000,32.647940638,-117.194992845,5.335,315.192,306.159,15.424,6.35,-330,-774.921,1,3.869,342.384
2026-09-26T22:20:31.000Z,1790461231.000,32.647961028,-117.195012433,5.741,322.532,310.699,20.185,4.501,-331,-777.408,1,3.616,344.318
2026-09-26T22:20:32.000Z,1790461232.000,32.647980809,-117.1950313,5.464,323.867,309.829,15.807,5.993,-332,-779.923,1,3.334,345.799
2026-09-26T22:20:33.000Z,1790461233.000,32.648002723,-117.195048962,5.685,319.457,314.322,21.086,4.568,-333,-782.29,1,3.795,347.938
2026-09-26T22:20:34.000Z,1790461234.000,32.64802305,-117.195070702,5.724,318.684,310.941,19.653,2.924,-334,-785.144,1,3.872,349.209
2026-09-26T22:20:35.000Z,1790461235.000,32.64804118,-117.195091328,5.461,317.017,313.818,23.352,5.609,-335,-787.641,1,3.803,350.743
2026-09-26T22:20:36.000Z,1790461236.000,32.648060392,-117.195111839,5.679,315.077,310.258,19.955,6.454,-336,-790.344,1,4.084,351.918
2026-09-26T22:20:37.000Z,1790461237.000,32.648079851,-117.195133917,5.7,314.812,308.689,21.452,3.119,-337,-793.135,1,4.111,353.218
2026-09-26T22:20:38.000Z,1790461238.000,32.648098098,-117.195155885,5.575,314.287,308.831,20.138,3.617,-338,-795.825,1,4.049,354.523
2026-09-26T22:20:39.000Z,1790461239.000,32.648116796,-117.195178926,5.706,317.361,307.112,14.354,3.527,-339,-798.663,1,3.921,355.703
2026-09-26T22:20:40.000Z,1790461240.000,32.648137922,-117.195197947,6.038,324.67,314.64,23.607,1.766,-340,-801.045,1,3.547,357.949
2026-09-26T22:20:41.000Z,1790461241.000,32.648158667,-117.195219503,6.366,317.701,313.787,20.451,5.686,-341,-803.839,1,4.328,359.458
2026-09-26T22:20:42.000Z,1790461242.000,32.648179576,-117.195241,6.187,316.215,311.163,19.602,4.743,-342,-806.678,1,4.315,360.853
2026-09-26T22:20:43.000Z,1790461243.000,32.648200551,-117.195260903,5.9,320.062,311.695,19.851,4.655,-343,-809.301,1,3.813,362.535
2026-09-26T22:20:44.000Z,1790461244.000,32.648221769,-117.195278115,5.723,328.009,313.074,20.199,2.096,-344,-811.679,1,3.049,364.383
2026-09-26T22:20:45.000Z,1790461245.000,32.648242457,-117.195298364,5.976,324.22,312.567,19.369,3.081,-345,-814.345,1,3.502,365.948
2026-09-26T22:20:46.000Z,1790461246.000,32.648262972,-117.195319057,6.136,314.551,315.315,20.567,1.052,-346,-816.95,1,4.371,367.719
2026-09-26T22:20:47.000Z,1790461247.000,32.648282135,-117.195340605,5.707,317.85,312.217,13.418,8.179,-347,-819.734,1,3.821,368.896
2026-09-26T22:20:48.000Z,1790461248.000,32.648304631,-117.19535936,5.209,325.452,310.435,17.11,5.079,-348,-822.383,1,2.937,370.6
2026-09-26T22:20:49.000Z,1790461249.000,32.648327343,-117.195376317,5.049,317.727,314.595,22.824,1.05,-349,-824.731,1,3.372,372.818
2026-09-26T22:20:50.000Z,1790461250.000,32.648347033,-117.195396558,5.86,316.854,312.71,15.661,4.238,-350,-827.392,1,3.972,374.177
2026-09-26T22:20:51.000Z,1790461251.000,32.648366532,-117.195417016,5.207,315.96,312.34,15.346,3.13,-351,-830.02,1,3.582,375.62
2026-09-26T22:20:52.000Z,1790461252.000,32.648386834,-117.195437434,5.6,318.689,314.139,18.392,3.624,-352,-832.621,1,3.646,377.308
2026-09-26T22:20:53.000Z,1790461253.000,32.648406116,-117.195458576,4.978,318.591,312.42,15.767,3.897,-353,-835.335,1,3.241,378.61
2026-09-26T22:20:54.000Z,1790461254.000,32.648426406,-117.19547836,5.86,322.262,312.885,15.673,1.052,-354,-837.918,1,3.513,380.217
2026-09-26T22:20:55.000Z,1790461255.000,32.648446714,-117.195495582,5.6,327.512,317.457,17.769,5.692,-355,-840.152,1,2.923,382.195
2026-09-26T22:20:56.000Z,1790461256.000,32.64846856,-117.19551361,4.825,318.538,313.444,13.704,6.629,-356,-842.79,1,3.122,383.696
2026-09-26T22:20:57.000Z,1790461257.000,32.648491068,-117.195532407,6.176,323.695,315.141,21.009,1.973,-357,-845.348,1,3.546,385.655
2026-09-26T22:20:58.000Z,1790461258.000,32.648510056,-117.195553213,5.864,317.218,310.428,16.069,4.876,-358,-848.101,1,3.879,386.715
2026-09-26T22:20:59.000Z,1790461259.000,32.64853054,-117.195574609,5.611,316.466,310.665,21.18,3.355,-359,-850.839,1,3.759,388.281
2026-09-26T22:21:00.000Z,1790461260.000,32.648548113,-117.195596955,5.7,314.868,309.543,17.549,5.175,-360,-853.561,1,3.928,389.408
2026-09-26T22:21:01.000Z,1790461261.000,32.648567308,-117.195616765,5.444,323.582,310.387,19.899,3.794,-361,-856.09,1,3.102,390.928
2026-09-26T22:21:02.000Z,1790461262.000,32.648588127,-117.195634399,5.469,325.334,312.565,20.217,3.714,-362,-858.467,1,2.968,392.782
2026-09-26T22:21:03.000Z,1790461263.000,32.648609002,-117.19565408,5.557,319.115,313.391,20.675,2.639,-363,-861.058,1,3.494,394.481
2026-09-26T22:21:04.000Z,1790461264.000,32.648626953,-117.195675089,5.736,315.059,315.968,20.476,7.058,-364,-863.578,1,3.905,395.958
2026-09-26T22:21:05.000Z,1790461265.000,32.648645985,-117.195697104,5.509,314.409,310.589,16.982,8.093,-365,-866.458,1,3.789,396.94
2026-09-26T22:21:06.000Z,1790461266.000,32.648665237,-117.195719237,5.879,310.884,309.288,23.077,1.061,-366,-869.235,1,4.291,398.236
2026-09-26T22:21:07.000Z,1790461267.000,32.648683766,-117.195742599,5.676,314.432,307.079,17.12,3.258,-367,-872.112,1,3.888,399.353
2026-09-26T22:21:08.000Z,1790461268.000,32.648702127,-117.195762763,5.387,321.53,305.488,11.579,3.413,-368,-874.683,1,3.169,400.589
2026-09-26T22:21:09.000Z,1790461269.000,32.648723954,-117.195777891,5.789,330.873,315.071,21.11,1.046,-369,-876.718,1,2.586,403.178
2026-09-26T22:21:10.000Z,1790461270.000,32.648744522,-117.195795867,4.822,317.82,316.79,21.89,4.706,-370,-879.117,1,3.065,404.957
2026-09-26T22:21:11.000Z,1790461271.000,32.648762738,-117.195818331,5.963,313.455,310.629,21.692,4.229,-371,-882.025,1,4.123,405.783
2026-09-26T22:21:12.000Z,1790461272.000,32.648780013,-117.195841713,5.933,309.96,310.5,24.022,4.448,-372,-884.8,1,4.349,406.924
2026-09-26T22:21:13.000Z,1790461273.000,32.648795592,-117.195867064,5.631,301.394,306.01,17.21,5.353,-373,-887.76,1,4.648,407.497
2026-09-26T22:21:14.000Z,1790461274.000,32.648813354,-117.195890524,5.457,312.237,307.922,21.36,2.84,-374,-890.523,1,3.837,408.843
2026-09-26T22:21:15.000Z,1790461275.000,32.648830733,-117.195911383,5.15,316.925,308.074,18.417,4.917,-375,-893.079,1,3.302,410.089
2026-09-26T22:21:16.000Z,1790461276.000,32.648849278,-117.195930719,5.7,318.45,309.755,19.862,3.729,-376,-895.522,1,3.528,411.618
2026-09-26T22:21:17.000Z,1790461277.000,32.648868106,-117.195950828,5.17,317.907,309.287,14.903,3.206,-377,-898.09,1,3.231,412.992
2026-09-26T22:21:18.000Z,1790461278.000,32.648888936,-117.195969452,5.576,326.886,310.128,16.44,4.801,-378,-900.591,1,2.752,414.72
2026-09-26T22:21:19.000Z,1790461279.000,32.648910169,-117.195987672,5.677,321.787,312.422,21.487,1.72,-379,-903.036,1,3.218,416.609
2026-09-26T22:21:20.000Z,1790461280.000,32.64892863,-117.196009068,5.631,319.345,309.67,11.703,4.293,-380,-905.755,1,3.379,417.737
2026-09-26T22:21:21.000Z,1790461281.000,32.648950758,-117.196026917,6.155,325.813,318.168,22.392,1.871,-381,-908.022,1,3.101,420.179
2026-09-26T22:21:22.000Z,1790461282.000,32.648971822,-117.196044048,5.45,326.324,320.294,20.855,9.748,-382,-910.348,1,2.693,422.059
2026-09-26T22:21:23.000Z,1790461283.000,32.648992035,-117.196064547,5.594,315.323,314.379,16.653,3.792,-383,-913.193,1,3.634,423.184
2026-09-26T22:21:24.000Z,1790461284.000,32.649012696,-117.196085427,6,318.126,315.616,23.532,2.751,-384,-915.866,1,3.659,424.857
2026-09-26T22:21:25.000Z,1790461285.000,32.649033846,-117.196108178,6.034,315.305,312.729,17.446,6.53,-385,-918.838,1,3.901,426.225
2026-09-26T22:21:26.000Z,1790461286.000,32.649055092,-117.196130054,6.537,315.879,312.497,15.814,4.222,-386,-921.66,1,4.165,427.822
2026-09-26T22:21:27.000Z,1790461287.000,32.649077222,-117.196149422,5.946,328.256,312.551,17.478,5.757,-387,-924.3,1,2.705,429.606
2026-09-26T22:21:28.000Z,1790461288.000,32.649100277,-117.196167034,5.847,327.433,313.575,20.879,1.645,-388,-926.801,1,2.722,431.61
2026-09-26T22:21:29.000Z,1790461289.000,32.649120616,-117.196187252,5.664,318.899,313.013,14.743,5.1,-389,-929.452,1,3.342,433.135
2026-09-26T22:21:30.000Z,1790461290.000,32.649141524,-117.196206617,5.8,319.372,313.457,18.435,3.265,-390,-932.026,1,3.373,434.818
2026-09-26T22:21:31.000Z,1790461291.000,32.649161327,-117.196227162,5.816,318.197,315.199,19.64,3.918,-391,-934.615,1,3.468,436.445
2026-09-26T22:21:32.000Z,1790461292.000,32.649181065,-117.196249155,5.9,316.916,313.782,22.768,4.857,-392,-937.416,1,3.613,437.793
2026-09-26T22:21:33.000Z,1790461293.000,32.649201466,-117.196272824,6.076,313.875,309.495,17.869,4.449,-393,-940.459,1,3.961,438.947
2026-09-26T22:21:34.000Z,1790461294.000,32.649221898,-117.196293595,5.828,321.097,310.523,22.284,3.877,-394,-943.122,1,3.203,440.585
2026-09-26T22:21:35.000Z,1790461295.000,32.649241484,-117.196314559,5.8,317.313,310.887,22.249,5.106,-395,-945.779,1,3.49,442.077
2026-09-26T22:21:36.000Z,1790461296.000,32.649260447,-117.196338971,5.734,306.67,308.506,22.215,4.116,-396,-948.767,1,4.229,443.196
2026-09-26T22:21:37.000Z,1790461297.000,32.649277434,-117.196363504,5.762,309.475,304.629,16.945,2.702,-397,-951.696,1,4.048,443.985
2026-09-26T22:21:38.000Z,1790461298.000,32.649295909,-117.196383592,5.214,322.468,307.395,14.68,2.86,-398,-954.188,1,2.725,445.571
2026-09-26T22:21:39.000Z,1790461299.000,32.649315168,-117.196402184,5.668,319.684,310.277,13.96,3.984,-399,-956.573,1,3.183,447.289
2026-09-26T22:21:40.000Z,1790461300.000,32.649336341,-117.196421216,5.842,326.569,313.285,20.338,4.116,-400,,1,2.664,449.2
2026-09-26T22:21:41.000Z,1790461301.000,32.649355551,-117.196443648,6.013,312.812,308.665,14.857,2.809,-401,,1,3.927,450.237
2026-09-26T22:21:42.000Z,1790461302.000,32.649375504,-117.196464524,6.811,327.683,312.998,19.63,2.012,-402,,1,2.961,452.067
2026-09-26T22:21:43.000Z,1790461303.000,32.64939512,-117.196485802,5.838,320.302,310.803,15.608,5.568,-403,,1,3.182,453.364
2026-09-26T22:21:44.000Z,1790461304.000,32.649417059,-117.196505893,5.837,320.329,312.177,18.233,2.163,-404,,1,3.167,455.206
2026-09-26T22:21:45.000Z,1790461305.000,32.649437832,-117.196524629,5.76,330.673,317.167,21.627,4.676,-405,,1,2.192,457.22
2026-09-26T22:21:46.000Z,1790461306.000,32.649458937,-117.19654228,5.58,320.125,315.268,17.144,8.317,-406,,1,3.022,458.808
2026-09-26T22:21:47.000Z,1790461307.000,32.649480341,-117.196562695,5.834,316.193,312.331,16.715,3.882,-407,,1,3.478,460.266
2026-09-26T22:21:48.000Z,1790461308.000,32.64950098,-117.196581755,5.587,317.929,315.183,21.702,2.859,-408,,1,3.182,462.106
2026-09-26T22:21:49.000Z,1790461309.000,32.649520189,-117.196603098,5.414,312.558,311.201,16.188,5.186,-409,,1,3.478,463.227
2026-09-26T22:21:50.000Z,1790461310.000,32.64954072,-117.196622974,5.723,323.177,316.928,23.672,1.992,-410,,1,2.792,465.24
2026-09-26T22:21:51.000Z,1790461311.000,32.649559868,-117.196646184,5.635,312.027,316.538,25.187,5.172,-411,,1,3.639,466.567
2026-09-26T22:21:52.000Z,1790461312.000,32.649577464,-117.19667008,5.94,308.566,309.667,20.264,3.539,-412,,1,4.095,467.232
2026-09-26T22:21:53.000Z,1790461313.000,32.64959471,-117.196694015,5.762,312.422,306.465,11.601,3.189,-413,,1,3.674,468.119
2026-09-26T22:21:54.000Z,1790461314.000,32.64961648,-117.196713341,6.085,322.13,312.056,15.812,1.999,-414,,1,3.02,470.285
2026-09-26T22:21:55.000Z,1790461315.000,32.649639258,-117.196732064,6.027,326.724,313.797,19.547,2.952,-415,,1,2.548,472.281
2026-09-26T22:21:56.000Z,1790461316.000,32.649661204,-117.196750776,6.405,339.389,313.209,20.075,4.952,-416,,1,1.354,474.017
2026-09-26T22:21:57.000Z,1790461317.000,32.649680724,-117.196771846,4.778,310.101,309.397,14.633,3.967,-417,,1,3.158,475.188
2026-09-26T22:21:58.000Z,1790461318.000,32.649700844,-117.196793089,5.967,322,312.277,16.58,2.354,-418,,1,2.922,476.917
2026-09-26T22:21:59.000Z,1790461319.000,32.649719911,-117.196814783,5.637,318.63,308.868,10.636,5.619,-419,,1,3.035,478.05
2026-09-26T22:22:00.000Z,1790461320.000,32.649741239,-117.196834207,5.773,318.959,310.759,15.668,1.699,-420,,1,3.068,479.885
2026-09-26T22:22:01.000Z,1790461321.000,32.649761724,-117.196853545,5.868,319.132,314.046,18.217,3.433,-421,,1,3.091,481.736
2026-09-26T22:22:02.000Z,1790461322.000,32.649780844,-117.196875007,5.908,314.985,311.177,12.894,4.827,-422,,1,3.456,482.926
2026-09-26T22:22:03.000Z,1790461323.000,32.649799948,-117.196894984,5.265,317.6,312.556,15.24,3.231,-423,,1,2.871,484.47
2026-09-26T22:22:04.000Z,1790461324.000,32.649818716,-117.196916575,5.547,315.906,311.279,11.183,6.156,-424,,1,3.152,485.736
2026-09-26T22:22:05.000Z,1790461325.000,32.649839492,-117.196936039,5.662,324.63,313.962,18.869,3.887,-425,,1,2.46,487.568
2026-09-26T22:22:06.000Z,1790461326.000,32.649859139,-117.196957106,5.891,317.741,312.649,16.987,4.987,-426,,1,3.166,488.94
2026-09-26T22:22:07.000Z,1790461327.000,32.64987938,-117.196978336,5.613,314.726,311.056,17.869,1.769,-427,,1,3.251,490.348
2026-09-26T22:22:08.000Z,1790461328.000,32.649898874,-117.196998705,6.205,317.947,314.668,16.29,2.329,-428,,1,3.29,492.086
2026-09-26T22:22:09.000Z,1790461329.000,32.649919811,-117.197019756,5.822,320.667,313.87,17.758,6.443,-429,,1,2.837,493.633
2026-09-26T22:22:10.000Z,1790461330.000,32.649939116,-117.197042998,6.138,311.235,311.506,15.389,3.749,-430,,1,3.818,494.828
2026-09-26T22:22:11.000Z,1790461331.000,32.649959255,-117.197064882,6.005,319.319,310.539,17.234,3.779,-431,,1,3.024,496.253
2026-09-26T22:22:12.000Z,1790461332.000,32.649979786,-117.197085518,6.308,316.42,311.748,16.408,3.078,-432,,1,3.435,497.918
2026-09-26T22:22:13.000Z,1790461333.000,32.650001621,-117.197106613,5.546,323.381,312.589,14.831,2.113,-433,,1,2.42,499.679
2026-09-26T22:22:14.000Z,1790461334.000,32.650022389,-117.197124056,4.702,325.435,309.942,9.209,5.426,-434,,1,1.889,501.173
2026-09-26T22:22:15.000Z,1790461335.000,32.650045436,-117.197138353,5.554,331.634,314.168,16.036,3.018,-435,,1,1.654,503.51
2026-09-26T22:22:16.000Z,1790461336.000,32.650067598,-117.197153385,5.919,321.864,319.57,19.119,-1.181,-436,,1,2.681,505.803
2026-09-26T22:22:17.000Z,1790461337.000,32.650087465,-117.197172628,5.724,321.858,322.784,16.442,10.185,-437,,1,2.58,507.562
2026-09-26T22:22:18.000Z,1790461338.000,32.650107409,-117.197191716,5.747,316.059,318.554,14.349,12.835,-438,,1,3.084,508.833
2026-09-26T22:22:19.000Z,1790461339.000,32.650128528,-117.197209723,5.732,324.446,318.565,18.267,6.917,-439,,1,2.325,510.546
2026-09-26T22:22:20.000Z,1790461340.000,32.650150533,-117.197229933,5.478,320.877,316.79,16.306,4.417,-440,,1,2.516,512.162
2026-09-26T22:22:21.000Z,1790461341.000,32.650174247,-117.197247285,5.463,330.374,317.458,18.171,4.142,-441,,1,1.659,514.217
2026-09-26T22:22:22.000Z,1790461342.000,32.650197453,-117.197264151,5.668,323.826,319.52,20.863,3.161,-442,,1,2.312,516.327
2026-09-26T22:22:23.000Z,1790461343.000,32.650219181,-117.197283616,6.053,326.45,317.246,17.514,4.779,-443,,1,2.199,517.903
2026-09-26T22:22:24.000Z,1790461344.000,32.650242338,-117.197303752,5.803,320.961,314.763,16.958,2.956,-444,,1,2.601,519.592
2026-09-26T22:22:25.000Z,1790461345.000,32.650263511,-117.197322155,6.013,324.775,315.924,16.21,2.644,-445,,1,2.317,521.382
2026-09-26T22:22:26.000Z,1790461346.000,32.650284381,-117.197341105,5.255,324.317,312.321,9.39,6.457,-446,,1,2.052,522.779
2026-09-26T22:22:27.000Z,1790461347.000,32.650305548,-117.197358824,5.446,319.103,315.836,17.937,1.96,-447,,1,2.56,524.761
2026-09-26T22:22:28.000Z,1790461348.000,32.650326665,-117.197378637,5.976,322.672,316.005,18.619,4.035,-448,,1,2.461,526.433
2026-09-26T22:22:29.000Z,1790461349.000,32.650345999,-117.197399089,5.814,315.951,313.541,19.07,5.178,-449,,1,2.986,527.708
2026-09-26T22:22:30.000Z,1790461350.000,32.650364238,-117.197421565,5.951,309.985,311.835,18.013,5.265,-450,,1,3.56,528.861
2026-09-26T22:22:31.000Z,1790461351.000,32.650383038,-117.197445207,5.758,312.634,310.227,17.93,5.659,-451,,1,3.215,530.045
2026-09-26T22:22:32.000Z,1790461352.000,32.650401687,-117.197463858,5.234,326.058,312.64,20.23,10.42,-452,,1,1.823,531.656
2026-09-26T22:22:33.000Z,1790461353.000,32.650421686,-117.197483371,5.371,321.714,310.902,17.288,8.099,-453,,1,2.235,533.079
2026-09-26T22:22:34.000Z,1790461354.000,32.650441727,-117.197502993,5.75,320.465,309.119,15.246,2.317,-454,,1,2.493,534.495
2026-09-26T22:22:35.000Z,1790461355.000,32.650462192,-117.197523289,5.927,320.891,310.113,12.411,3.826,-455,,1,2.515,536.149
2026-09-26T22:22:36.000Z,1790461356.000,32.6504833,-117.197542267,6.047,322.287,314.323,16.446,2.2,-456,,1,2.416,538.143
2026-09-26T22:22:37.000Z,1790461357.000,32.650501834,-117.19756364,5.997,314.002,312.061,11.336,4.481,-457,,1,3.151,539.319
2026-09-26T22:22:38.000Z,1790461358.000,32.650521476,-117.197585083,5.648,317.748,311.18,12.177,5.641,-458,,1,2.635,540.711
2026-09-26T22:22:39.000Z,1790461359.000,32.650541437,-117.197604788,5.775,318.873,312.333,10.667,3.366,-459,,1,2.579,542.337
2026-09-26T22:22:40.000Z,1790461360.000,32.650562641,-117.197620456,5.853,328.42,317.454,14.403,3.868,-460,,1,1.694,544.497
2026-09-26T22:22:41.000Z,1790461361.000,32.650583091,-117.197636533,5.347,324.656,313.822,11.154,4.39,-461,,1,1.868,545.932
2026-09-26T22:22:42.000Z,1790461362.000,32.650604638,-117.197651,5.444,329.351,319.335,20.832,2.45,-462,,1,1.463,548.186
2026-09-26T22:22:43.000Z,1790461363.000,32.650624098,-117.197668185,5.338,317.792,316.36,21.664,3.832,-463,,1,2.424,549.538
2026-09-26T22:22:44.000Z,1790461364.000,32.650642218,-117.197690089,5.933,307.345,310.666,17.804,2.25,-464,,1,3.598,550.403
2026-09-26T22:22:45.000Z,1790461365.000,32.650660279,-117.197710724,5.531,315.359,310.46,15.901,2.857,-465,,1,2.696,551.701
2026-09-26T22:22:46.000Z,1790461366.000,32.650680599,-117.197731126,5.512,317.577,309.057,14.752,3.242,-466,,1,2.486,553.155
2026-09-26T22:22:47.000Z,1790461367.000,32.650702149,-117.197748804,5.736,324.215,315.529,18.545,2.694,-467,,1,1.961,555.4
2026-09-26T22:22:48.000Z,1790461368.000,32.650722543,-117.197767851,5.354,323.342,314.866,15.183,6.656,-468,,1,1.894,556.958
2026-09-26T22:22:49.000Z,1790461369.000,32.650742879,-117.197786948,5.516,317.993,314.182,14.347,5.724,-469,,1,2.41,558.507
2026-09-26T22:22:50.000Z,1790461370.000,32.650762686,-117.197807222,5.6,321.98,311.117,12.287,2.745,-470,,1,2.078,559.789
2026-09-26T22:22:51.000Z,1790461371.000,32.650782623,-117.197823579,5.459,325.606,316.486,18.246,2.775,-471,,1,1.686,561.816
2026-09-26T22:22:52.000Z,1790461372.000,32.650802708,-117.19784064,5.354,326.294,316.513,21.088,5.667,-472,,1,1.579,563.449
2026-09-26T22:22:53.000Z,1790461373.000,32.650822641,-117.197859918,5.123,319.379,312.241,19.527,5.879,-473,,1,2.078,564.689
2026-09-26T22:22:54.000Z,1790461374.000,32.65084179,-117.197879522,5.487,315.715,312.885,16.789,2.663,-474,,1,2.529,566.194
2026-09-26T22:22:55.000Z,1790461375.000,32.650860094,-117.197900737,5.472,318.985,310.935,12.696,3.966,-475,,1,2.228,567.372
2026-09-26T22:22:56.000Z,1790461376.000,32.650880816,-117.197921942,5.832,317.739,312.921,16.618,2.958,-476,,1,2.475,569.097
2026-09-26T22:22:57.000Z,1790461377.000,32.650902383,-117.197942843,5.897,319.02,315.047,20.353,3.003,-477,,1,2.367,570.928
2026-09-26T22:22:58.000Z,1790461378.000,32.650922996,-117.197960735,5.173,334.745,313.737,12.713,10.178,-478,,1,0.7,572.495
2026-09-26T22:22:59.000Z,1790461379.000,32.650945454,-117.197978188,5.61,320.902,315.264,16.082,2.103,-479,,1,2.052,574.476
2026-09-26T22:23:00.000Z,1790461380.000,32.65096653,-117.197994917,5.669,328.09,317.312,18.697,3.61,-480,,1,1.382,576.368
2026-09-26T22:23:01.000Z,1790461381.000,32.650987758,-117.198011981,5.375,322.097,314.547,16.494,3.3,-481,,1,1.833,577.921
2026-09-26T22:23:02.000Z,1790461382.000,32.65100753,-117.198029065,5.287,329.279,314.678,17.623,2.898,-482,,1,1.154,579.528
2026-09-26T22:23:03.000Z,1790461383.000,32.651027337,-117.198046975,5.392,321.697,316.994,20.846,2.971,-483,,1,1.847,581.27
2026-09-26T22:23:04.000Z,1790461384.000,32.651046478,-117.198067667,5.9,316.867,315.566,19.497,4.466,-484,,1,2.467,582.594
2026-09-26T22:23:05.000Z,1790461385.000,32.651065793,-117.198087093,5.35,321.674,314.766,24.227,3.444,-485,,1,1.809,584.017
2026-09-26T22:23:06.000Z,1790461386.000,32.651084774,-117.198108485,5.559,304.227,311.973,20.995,2.803,-486,,1,3.35,585.201
2026-09-26T22:23:07.000Z,1790461387.000,32.651103334,-117.198128082,5.332,321.269,311.485,21.096,5.001,-487,,1,1.812,586.56
2026-09-26T22:23:08.000Z,1790461388.000,32.651122295,-117.198149572,5.688,308.525,307.347,21.332,3.837,-488,,1,3.054,587.632
2026-09-26T22:23:09.000Z,1790461389.000,32.651136446,-117.198174962,5.662,290.809,295.802,15.75,1.721,-489,,1,4.342,587.484
2026-09-26T22:23:10.000Z,1790461390.000,32.651143175,-117.198201459,4.846,279.325,277.703,7.134,4.392,-490,,1,4.261,585.969
2026-09-26T22:23:11.000Z,1790461391.000,32.651143094,-117.198226319,4.388,260.928,258.129,-1.716,2.143,-491,,1,4.321,583.759
2026-09-26T22:23:12.000Z,1790461392.000,32.651136841,-117.198247638,4.428,241.565,247.994,-5.567,1.05,-492,,1,4.368,581.806
2026-09-26T22:23:13.000Z,1790461393.000,32.651126693,-117.198266624,4.361,230.974,245.847,-11.565,7.915,-493,,1,4.097,580.051
2026-09-26T22:23:14.000Z,1790461394.000,32.651115554,-117.198285957,4.4,237.45,246.603,-16.685,2.272,-494,,1,4.277,578.36
2026-09-26T22:23:15.000Z,1790461395.000,32.651103997,-117.198307526,4.755,241.594,252.898,-20.041,-0.245,-495,,1,4.69,576.914
2026-09-26T22:23:16.000Z,1790461396.000,32.651094488,-117.198330541,4.874,243.947,257.148,-20.517,2.339,-496,,1,4.837,575.533
2026-09-26T22:23:17.000Z,1790461397.000,32.651086803,-117.198354909,4.456,255.143,257.353,-16.687,2.837,-497,,1,4.444,574.029
2026-09-26T22:23:18.000Z,1790461398.000,32.651079472,-117.198378276,4.669,247.302,255.198,-17.576,1.447,-498,,1,4.659,572.429
2026-09-26T22:23:19.000Z,1790461399.000,32.65107268,-117.198401267,4.235,250.485,253.801,-17.701,2.761,-499,,1,4.234,570.951
2026-09-26T22:23:20.000Z,1790461400.000,32.651066516,-117.198423739,4.475,254.763,253.274,-15.421,0.211,-500,,1,4.465,569.614
2026-09-26T22:23:21.000Z,1790461401.000,32.651059102,-117.198445599,5.147,246.063,253.922,-21.092,-0.47,-501,,1,5.128,568.241
2026-09-26T22:23:22.000Z,1790461402.000,32.651051011,-117.198468929,4.546,249.695,254.022,-19.677,4.441,-502,,1,4.544,566.717
2026-09-26T22:23:23.000Z,1790461403.000,32.651043127,-117.198493361,5.012,251.717,254.147,-18.018,3.716,-503,,1,5.012,565.185
2026-09-26T22:23:24.000Z,1790461404.000,32.65103569,-117.1985172,4.959,249.738,255.451,-19.963,1.57,-504,,1,4.958,563.798
2026-09-26T22:23:25.000Z,1790461405.000,32.651028568,-117.198542035,4.985,250.515,255.677,-14.816,1.596,-505,,1,4.984,562.342
2026-09-26T22:23:26.000Z,1790461406.000,32.65102042,-117.198567654,4.955,246.984,253.636,-13.568,1.581,-506,,1,4.942,560.601
2026-09-26T22:23:27.000Z,1790461407.000,32.651011014,-117.198591409,4.663,244.575,251.138,-13.02,1.72,-507,,1,4.632,558.754
2026-09-26T22:23:28.000Z,1790461408.000,32.650999714,-117.198616163,5.159,242.488,249.934,-15.916,-0.466,-508,,1,5.1,556.765
2026-09-26T22:23:29.000Z,1790461409.000,32.650987767,-117.198639976,5.476,231.037,246.558,-18.206,2.342,-509,,1,5.141,554.602
2026-09-26T22:23:30.000Z,1790461410.000,32.650974535,-117.1986645,5.1,232.252,248.853,-21.212,5.564,-510,,1,4.823,552.636
2026-09-26T22:23:31.000Z,1790461411.000,32.65096272,-117.198689897,5.2,244.635,250.897,-22.44,2.472,-511,,1,5.165,550.782
2026-09-26T22:23:32.000Z,1790461412.000,32.650952324,-117.19871475,5.079,238.671,251.506,-22.338,4.14,-512,,1,4.957,549.003
2026-09-26T22:23:33.000Z,1790461413.000,32.650942375,-117.198741665,5.578,247.79,254.252,-23.284,-0.465,-513,,1,5.568,547.355
2026-09-26T22:23:34.000Z,1790461414.000,32.650935445,-117.198767329,4.8,249.439,253.129,-19.067,2.614,-514,,1,4.798,545.805
2026-09-26T22:23:35.000Z,1790461415.000,32.65092737,-117.198793424,5.06,250.865,252.807,-15.15,3.416,-515,,1,5.06,544.174
2026-09-26T22:23:36.000Z,1790461416.000,32.650917048,-117.198821078,5.7,244.717,250.895,-16.905,3.142,-516,,1,5.662,542.157
2026-09-26T22:23:37.000Z,1790461417.000,32.650906028,-117.198849105,5.38,243.097,246.557,-12.413,4.966,-517,,1,5.324,539.909
2026-09-26T22:23:38.000Z,1790461418.000,32.65089311,-117.198874587,5.453,239.444,246.577,-19.208,1.898,-518,,1,5.335,537.807
2026-09-26T22:23:39.000Z,1790461419.000,32.650880957,-117.198900118,5.4,242.069,248.866,-21.87,1.823,-519,,1,5.328,535.925
2026-09-26T22:23:40.000Z,1790461420.000,32.650868944,-117.198926528,5.753,243.726,252.323,-22.332,0.434,-520,,1,5.701,534.113
2026-09-26T22:23:41.000Z,1790461421.000,32.650858973,-117.198955544,5.651,247.134,252.843,-18.22,3.73,-521,,1,5.635,532.254
2026-09-26T22:23:42.000Z,1790461422.000,32.650848107,-117.198985132,5.7,250.634,251.914,-20.279,3.478,-522,,1,5.699,530.188
2026-09-26T22:23:43.000Z,1790461423.000,32.650837695,-117.199014847,6.116,247.275,251.903,-17.746,1.268,-523,,1,6.099,528.226
2026-09-26T22:23:44.000Z,1790461424.000,32.650826648,-117.199044879,5.711,246.215,249.391,-14.147,1.598,-524,,1,5.687,526.028
2026-09-26T22:23:45.000Z,1790461425.000,32.650815445,-117.199071873,5.388,242.27,248.75,-14.262,5.762,-525,,1,5.317,524.021
2026-09-26T22:23:46.000Z,1790461426.000,32.65080434,-117.199098584,5.56,243.438,249.155,-13.684,1.326,-526,,1,5.504,522.1
2026-09-26T22:23:47.000Z,1790461427.000,32.650792684,-117.199126203,5.991,244.719,250.563,-15.235,-2.163,-527,,1,5.948,520.158
2026-09-26T22:23:48.000Z,1790461428.000,32.650780666,-117.199154896,5.844,243.144,251.608,-15.792,4.911,-528,,1,5.78,518.126
2026-09-26T22:23:49.000Z,1790461429.000,32.650769403,-117.199184173,6.013,241.487,249.452,-15.095,4.023,-529,,1,5.919,515.948
2026-09-26T22:23:50.000Z,1790461430.000,32.650757939,-117.199211508,5.382,243.874,247.304,-14.649,3.554,-530,,1,5.333,513.811
2026-09-26T22:23:51.000Z,1790461431.000,32.650747636,-117.199237454,4.923,247.075,245.585,-13.806,2.127,-531,,1,4.907,511.867
2026-09-26T22:23:52.000Z,1790461432.000,32.650735784,-117.199262555,5.329,242.116,247.871,-17.547,-2.139,-532,,1,5.254,510.026
2026-09-26T22:23:53.000Z,1790461433.000,32.650724366,-117.199287178,5.611,238.681,248.049,-17.385,1.397,-533,,1,5.466,508.118
2026-09-26T22:23:54.000Z,1790461434.000,32.650712596,-117.199313077,5.739,238.296,246.227,-18.54,3.43,-534,,1,5.58,506.012
2026-09-26T22:23:55.000Z,1790461435.000,32.650700083,-117.199340108,5.6,239.682,249.439,-17.296,5.268,-535,,1,5.475,504.106
2026-09-26T22:23:56.000Z,1790461436.000,32.650688803,-117.199367973,6.036,242.809,254.113,-17.975,0.549,-536,,1,5.962,502.413
2026-09-26T22:23:57.000Z,1790461437.000,32.650678876,-117.199397178,5.987,243.984,251.299,-13.011,5.79,-537,,1,5.931,500.332
2026-09-26T22:23:58.000Z,1790461438.000,32.650668227,-117.199426027,5.746,249.205,250.74,-14.771,0.139,-538,,1,5.74,498.335
2026-09-26T22:23:59.000Z,1790461439.000,32.650659264,-117.199453795,5.057,252.664,252.548,-14.856,4.29,-539,,1,5.056,496.702
2026-09-26T22:24:00.000Z,1790461440.000,32.65065039,-117.199480902,5.213,252.134,253.529,-18.03,-1.097,-540,,1,5.213,495.045
2026-09-26T22:24:01.000Z,1790461441.000,32.650642553,-117.199508012,5.872,249.705,254.769,-14.417,0.658,-541,,1,5.868,493.515
2026-09-26T22:24:02.000Z,1790461442.000,32.650633689,-117.199534512,4.978,247.316,252.343,-9.204,6.152,-542,,1,4.963,491.649
2026-09-26T22:24:03.000Z,1790461443.000,32.650623532,-117.199560087,4.762,245.239,250.318,-13.039,0.621,-543,,1,4.73,489.704
2026-09-26T22:24:04.000Z,1790461444.000,32.650614282,-117.199585379,5.074,247.498,254.332,-14.874,0.353,-544,,1,5.059,488.258
2026-09-26T22:24:05.000Z,1790461445.000,32.650606512,-117.199612258,5.184,255.064,256.143,-13.347,4.719,-545,,1,5.177,486.783
2026-09-26T22:24:06.000Z,1790461446.000,32.65059891,-117.199641003,5.456,250.388,255.404,-16.093,-1.027,-546,,1,5.454,485.097
2026-09-26T22:24:07.000Z,1790461447.000,32.650592362,-117.199667516,5.263,252.862,256.275,-14.198,1.321,-547,,1,5.262,483.697
2026-09-26T22:24:08.000Z,1790461448.000,32.650585875,-117.199692919,4.54,255.571,254.727,-9.457,7.401,-548,,1,4.531,482.17
2026-09-26T22:24:09.000Z,1790461449.000,32.650579273,-117.199717407,4.476,254.335,252.727,-11.836,1.154,-549,,1,4.472,480.63
2026-09-26T22:24:10.000Z,1790461450.000,32.650571696,-117.199740726,4.6,245.954,251.605,-9.293,1.998,-550,,1,4.575,479.08
2026-09-26T22:24:11.000Z,1790461451.000,32.650562222,-117.199764101,5.175,238.973,248.902,-10.294,2.002,-551,,1,5.042,477.229
2026-09-26T22:24:12.000Z,1790461452.000,32.650550134,-117.199787248,5.354,236.683,247.23,-14.78,1.897,-552,,1,5.163,475.177
2026-09-26T22:24:13.000Z,1790461453.000,32.650537287,-117.199811895,5.1,241.173,247.58,-14.748,1.582,-553,,1,5.008,473.127
2026-09-26T22:24:14.000Z,1790461454.000,32.650523629,-117.199837867,5.325,241.167,247.879,-19.542,0.534,-554,,1,5.228,470.95
2026-09-26T22:24:15.000Z,1790461455.000,32.6505126,-117.199863153,5.2,241.291,246.517,-20.221,2.146,-555,,1,5.107,468.968
2026-09-26T22:24:16.000Z,1790461456.000,32.650501856,-117.199887187,5.168,246.592,249.503,-19.311,-3.545,-556,,1,5.144,467.322
2026-09-26T22:24:17.000Z,1790461457.000,32.650491431,-117.199910693,4.866,238.148,249.323,-17.384,10.803,-557,,1,4.721,465.529
2026-09-26T22:24:18.000Z,1790461458.000,32.650479581,-117.199935113,5.287,235.253,246.389,-13.332,8.272,-558,,1,5.057,463.387
2026-09-26T22:24:19.000Z,1790461459.000,32.650466191,-117.199960746,5.457,238.328,246.109,-14.56,3.804,-559,,1,5.296,461.213
2026-09-26T22:24:20.000Z,1790461460.000,32.650453214,-117.199985208,5.353,234.921,247.384,-19.477,-1.037,-560,,1,5.108,459.21
2026-09-26T22:24:21.000Z,1790461461.000,32.650441762,-117.200011297,5.123,247.399,252.182,-20.059,2.528,-561,,1,5.104,457.551
2026-09-26T22:24:22.000Z,1790461462.000,32.650432095,-117.200038006,5.187,244.713,252.781,-18.218,2.75,-562,,1,5.141,455.795
2026-09-26T22:24:23.000Z,1790461463.000,32.650423796,-117.200062891,4.968,248.063,251.158,-18.911,-0.51,-563,,1,4.954,454.091
2026-09-26T22:24:24.000Z,1790461464.000,32.650414777,-117.200089023,5.392,247.33,251.908,-18.258,0.328,-564,,1,5.371,452.43
2026-09-26T22:24:25.000Z,1790461465.000,32.650404237,-117.200116507,5.076,246.815,250.748,-17.651,3.779,-565,,1,5.052,450.445
2026-09-26T22:24:26.000Z,1790461466.000,32.650393156,-117.200143636,5.6,246.016,250.243,-16.138,0.134,-566,,1,5.565,448.456
2026-09-26T22:24:27.000Z,1790461467.000,32.650381736,-117.200169726,5.491,242.439,251.068,-16.229,1.742,-567,,1,5.407,446.547
2026-09-26T22:24:28.000Z,1790461468.000,32.650370897,-117.200196508,5.146,244.331,250.041,-11.947,2.895,-568,,1,5.093,444.56
2026-09-26T22:24:29.000Z,1790461469.000,32.650360116,-117.200223375,5.413,245.226,249.886,-13.3,1.519,-569,,1,5.369,442.633
2026-09-26T22:24:30.000Z,1790461470.000,32.650349009,-117.200250751,5.714,244.601,250.765,-14.934,0.302,-570,,1,5.658,440.723
2026-09-26T22:24:31.000Z,1790461471.000,32.650338062,-117.200278133,5.667,244.549,250.865,-18.563,3.834,-571,,1,5.611,438.78
2026-09-26T22:24:32.000Z,1790461472.000,32.650327172,-117.200307176,5.347,245.245,251.947,-20.029,5.229,-572,,1,5.302,436.858
2026-09-26T22:24:33.000Z,1790461473.000,32.650317299,-117.200337249,5.677,249.645,252.949,-18.824,0.253,-573,,1,5.669,435.011
2026-09-26T22:24:34.000Z,1790461474.000,32.65030825,-117.200365213,5.416,246.418,251.83,-12.055,5.794,-574,,1,5.384,433.171
2026-09-26T22:24:35.000Z,1790461475.000,32.650298093,-117.200392447,5.578,246.037,248.317,-12.771,2.466,-575,,1,5.54,431.084
2026-09-26T22:24:36.000Z,1790461476.000,32.650286438,-117.200418422,5.051,242.871,247.115,-15.297,4.739,-576,,1,4.976,429.026
2026-09-26T22:24:37.000Z,1790461477.000,32.650274768,-117.200443627,4.882,244.471,246.061,-16.226,4.892,-577,,1,4.831,426.998
2026-09-26T22:24:38.000Z,1790461478.000,32.650262583,-117.200469355,5.331,242.411,249.35,-21.168,0.172,-578,,1,5.243,425.169
2026-09-26T22:24:39.000Z,1790461479.000,32.65025219,-117.200497052,5.389,244.767,252.423,-21.724,-0.674,-579,,1,5.336,423.468
2026-09-26T22:24:40.000Z,1790461480.000,32.650243672,-117.200525725,5.562,254.385,255.723,-19.386,0.529,-580,,1,5.56,421.96
2026-09-26T22:24:41.000Z,1790461481.000,32.650235515,-117.20055539,5.858,253.507,252.612,-14.217,0.881,-581,,1,5.858,420.029
2026-09-26T22:24:42.000Z,1790461482.000,32.650224728,-117.200584051,6.023,241.334,249.005,-10.343,2.538,-582,,1,5.901,417.826
2026-09-26T22:24:43.000Z,1790461483.000,32.650211787,-117.200611107,5.412,237.506,247.046,-10.055,7.063,-583,,1,5.216,415.554
2026-09-26T22:24:44.000Z,1790461484.000,32.650198954,-117.200638345,5.386,245.423,247.831,-12.818,3.1,-584,,1,5.339,413.457
2026-09-26T22:24:45.000Z,1790461485.000,32.650187052,-117.200665181,5.546,240.599,246.897,-12.979,2.438,-585,,1,5.416,411.365
2026-09-26T22:24:46.000Z,1790461486.000,32.650175481,-117.200690837,5.115,242.74,248.053,-14.808,2.826,-586,,1,5.032,409.47
2026-09-26T22:24:47.000Z,1790461487.000,32.650163973,-117.20071791,5.476,245.68,250.528,-19.267,0.955,-587,,1,5.43,407.627
2026-09-26T22:24:48.000Z,1790461488.000,32.650154703,-117.200745156,5.474,249.046,249.616,-16.022,2.714,-588,,1,5.46,405.8
2026-09-26T22:24:49.000Z,1790461489.000,32.650144686,-117.200771181,5.008,246.853,246.091,-17.956,1.288,-589,,1,4.977,403.769
2026-09-26T22:24:50.000Z,1790461490.000,32.650132734,-117.200798441,5.744,241.161,246.263,-17.597,-0.326,-590,,1,5.617,401.727
2026-09-26T22:24:51.000Z,1790461491.000,32.650120378,-117.20082618,5.85,244.512,247.887,-16.024,2.083,-591,,1,5.782,399.718
2026-09-26T22:24:52.000Z,1790461492.000,32.650107759,-117.200853887,5.267,243.119,244.632,-12.064,6.166,-592,,1,5.184,397.385
2026-09-26T22:24:53.000Z,1790461493.000,32.650092384,-117.200881437,6.147,238.221,243.72,-15.628,0.132,-593,,1,5.933,394.909
2026-09-26T22:24:54.000Z,1790461494.000,32.650076956,-117.200907102,6.031,234.158,244.85,-17.82,-0.586,-594,,1,5.691,392.601
2026-09-26T22:24:55.000Z,1790461495.000,32.650064823,-117.200932113,5.3,239.4,246.407,-12.994,6.335,-595,,1,5.14,390.687
2026-09-26T22:24:56.000Z,1790461496.000,32.650051928,-117.200958833,5.732,241.227,246.478,-15.055,0.127,-596,,1,5.599,388.555
2026-09-26T22:24:57.000Z,1790461497.000,32.650040459,-117.200984568,5.2,240.903,244.299,-14.18,6.147,-597,,1,5.072,386.468
2026-09-26T22:24:58.000Z,1790461498.000,32.650027355,-117.201009415,5.112,240.278,244.481,-17.578,2.96,-598,,1,4.973,384.374
2026-09-26T22:24:59.000Z,1790461499.000,32.650015384,-117.201035881,5.34,248.208,248.53,-17.493,2.922,-599,,1,5.315,382.589
2026-09-26T22:25:00.000Z,1790461500.000,32.650003618,-117.201064736,5.885,246.308,250.614,-16.763,1.914,-600,,1,5.835,380.642
2026-09-26T22:25:01.000Z,1790461501.000,32.649991848,-117.201093709,5.689,241.471,249.664,-16.899,3.33,-601,,1,5.557,378.499
2026-09-26T22:25:02.000Z,1790461502.000,32.649979542,-117.201121077,5.338,249.846,249.761,-18.911,-1.16,-602,,1,5.325,376.412
2026-09-26T22:25:03.000Z,1790461503.000,32.649968938,-117.201147474,5.473,245.882,252.261,-15.082,0.996,-603,,1,5.42,374.689
2026-09-26T22:25:04.000Z,1790461504.000,32.649959314,-117.201173006,5,245.213,251.404,-17.113,2.569,-604,,1,4.943,372.876
2026-09-26T22:25:05.000Z,1790461505.000,32.649949601,-117.201200415,5.477,247.128,252.386,-18.235,1.357,-605,,1,5.438,371.121
2026-09-26T22:25:06.000Z,1790461506.000,32.649940631,-117.201228309,5.438,249.906,257.972,-20.49,1.024,-606,,1,5.425,369.746
2026-09-26T22:25:07.000Z,1790461507.000,32.64993469,-117.201257103,5.309,260.046,258.914,-16.851,3.728,-607,,1,5.279,368.351
2026-09-26T22:25:08.000Z,1790461508.000,32.649927688,-117.201287848,5.644,252.945,255.547,-14.333,-0.108,-608,,1,5.644,366.487
2026-09-26T22:25:09.000Z,1790461509.000,32.649920104,-117.201315933,5.44,248.552,253.451,-9.931,4.101,-609,,1,5.416,364.731
2026-09-26T22:25:10.000Z,1790461510.000,32.649911074,-117.201342403,5.547,245.567,250.38,-11.663,2.973,-610,,1,5.487,362.809
2026-09-26T22:25:11.000Z,1790461511.000,32.64990077,-117.201367353,5.284,241.871,250.3,-15.11,3.737,-611,,1,5.165,360.993
2026-09-26T22:25:12.000Z,1790461512.000,32.649889524,-117.201394819,5.333,242.178,250.865,-16.795,3.166,-612,,1,5.219,359.045
2026-09-26T22:25:13.000Z,1790461513.000,32.649878417,-117.201422188,5.874,241.865,252.976,-16.899,4.067,-613,,1,5.741,357.218
2026-09-26T22:25:14.000Z,1790461514.000,32.649866949,-117.201451038,5.782,247.482,252.547,-16.086,0.782,-614,,1,5.743,355.142
2026-09-26T22:25:15.000Z,1790461515.000,32.649856802,-117.201478994,5.6,248.645,250.108,-12.883,2.82,-615,,1,5.574,353.102
2026-09-26T22:25:16.000Z,1790461516.000,32.64984485,-117.201507033,5.536,241.295,247.634,-15.657,-1.278,-616,,1,5.395,350.87
2026-09-26T22:25:17.000Z,1790461517.000,32.649833141,-117.201533244,5.8,242.923,248.997,-14.782,2.935,-617,,1,5.686,348.959
2026-09-26T22:25:18.000Z,1790461518.000,32.649821953,-117.201559747,5.026,245.581,249.558,-20.033,2.879,-618,,1,4.968,347.045
2026-09-26T22:25:19.000Z,1790461519.000,32.64981247,-117.201587419,5.331,252.973,252.774,-20.224,-1.536,-619,,1,5.33,345.45
2026-09-26T22:25:20.000Z,1790461520.000,32.64980495,-117.20161493,4.912,250.103,252.743,-12.576,9.176,-620,,1,4.899,343.858
2026-09-26T22:25:21.000Z,1790461521.000,32.649795608,-117.201639626,4.64,246.457,248.041,-13.318,2.095,-621,,1,4.595,341.853
2026-09-26T22:25:22.000Z,1790461522.000,32.64978505,-117.201664691,5.569,243.552,250.457,-15.201,1.073,-622,,1,5.468,340.164
2026-09-26T22:25:23.000Z,1790461523.000,32.649772966,-117.201692888,6.287,239.633,248.964,-17.619,2.155,-623,,1,6.076,337.976
2026-09-26T22:25:24.000Z,1790461524.000,32.649760122,-117.201721732,6,242.964,247.519,-13.962,4.402,-624,,1,5.877,335.693
2026-09-26T22:25:25.000Z,1790461525.000,32.649747035,-117.201750698,5.941,242.537,246.354,-13.423,6.877,-625,,1,5.808,333.4
2026-09-26T22:25:26.000Z,1790461526.000,32.649733754,-117.201779195,5.833,244.107,248.671,-19.231,-0.912,-626,,1,5.733,331.314
2026-09-26T22:25:27.000Z,1790461527.000,32.64972272,-117.201808559,5.754,246.267,251.941,-17.456,3.65,-627,,1,5.691,329.508
2026-09-26T22:25:28.000Z,1790461528.000,32.649713011,-117.201836144,5.439,246.682,251.248,-14.29,2.058,-628,,1,5.385,327.638
2026-09-26T22:25:29.000Z,1790461529.000,32.649704579,-117.201863121,5.4,249.516,251.743,-11.053,1.867,-629,,1,5.377,325.998
2026-09-26T22:25:30.000Z,1790461530.000,32.649694104,-117.201889672,5.384,245.934,252.18,-15.597,1.487,-630,,1,5.319,324.151
2026-09-26T22:25:31.000Z,1790461531.000,32.649683506,-117.201919102,6,245.3,253.618,-19.932,0.234,-631,,1,5.916,322.275
2026-09-26T22:25:32.000Z,1790461532.000,32.649674208,-117.201949417,6.186,247.531,252.465,-18.362,2.967,-632,,1,6.134,320.338
2026-09-26T22:25:33.000Z,1790461533.000,32.649665067,-117.201977938,5.281,246.121,252.655,-18.28,3.737,-633,,1,5.219,318.559
2026-09-26T22:25:34.000Z,1790461534.000,32.649656911,-117.202006655,5.259,253.129,256.497,-18.036,0.725,-634,,1,5.256,317.126
2026-09-26T22:25:35.000Z,1790461535.000,32.649650459,-117.202034411,5.5,251.181,255.829,-12.639,2.024,-635,,1,5.488,315.595
2026-09-26T22:25:36.000Z,1790461536.000,32.649642268,-117.202063116,5.7,248.546,254.202,-11.576,2.346,-636,,1,5.664,313.787
2026-09-26T22:25:37.000Z,1790461537.000,32.649633004,-117.202090686,5.298,246.849,250.467,-10.824,5.702,-637,,1,5.245,311.764
2026-09-26T22:25:38.000Z,1790461538.000,32.649623201,-117.202117322,4.975,246.551,248.056,-13.029,-0.063,-638,,1,4.92,309.806
2026-09-26T22:25:39.000Z,1790461539.000,32.649611494,-117.2021423,5.616,242.846,249.136,-17.668,-2.071,-639,,1,5.487,307.911
2026-09-26T22:25:40.000Z,1790461540.000,32.649600323,-117.20216707,5.419,238.249,250.503,-17.348,6.21,-640,,1,5.184,306.102
2026-09-26T22:25:41.000Z,1790461541.000,32.649588291,-117.202195424,5.867,243.211,250.737,-18.131,2.691,-641,,1,5.738,304.023
2026-09-26T22:25:42.000Z,1790461542.000,32.649576502,-117.20222576,6.148,246.914,250.098,-17.515,2.115,-642,,1,6.082,301.858
2026-09-26T22:25:43.000Z,1790461543.000,32.649565191,-117.20225344,5.442,245.05,249.163,-13.904,5.094,-643,,1,5.353,299.802
2026-09-26T22:25:44.000Z,1790461544.000,32.649553654,-117.202279491,5.027,244.589,248.894,-15.263,2.093,-644,,1,4.937,297.811
2026-09-26T22:25:45.000Z,1790461545.000,32.64954291,-117.202305747,5.267,246.188,250.225,-13.847,0.251,-645,,1,5.197,296
2026-09-26T22:25:46.000Z,1790461546.000,32.649533167,-117.202332614,5.787,247.914,252.095,-11.956,0.054,-646,,1,5.736,294.314
2026-09-26T22:25:47.000Z,1790461547.000,32.649523315,-117.202359199,5.314,244.57,248.73,-9.406,6.64,-647,,1,5.216,292.287
2026-09-26T22:25:48.000Z,1790461548.000,32.649512934,-117.202385696,5.176,249.322,248.139,-13.78,0.711,-648,,1,5.145,290.386
2026-09-26T22:25:49.000Z,1790461549.000,32.649502518,-117.202412061,5.3,245.808,251.485,-19.23,2.586,-649,,1,5.222,288.735
2026-09-26T22:25:50.000Z,1790461550.000,32.649493702,-117.20243856,5.561,247.262,254.126,-19.61,0.258,-650,,1,5.501,287.212
2026-09-26T22:25:51.000Z,1790461551.000,32.649485518,-117.202466036,5.338,251.725,254.661,-14.734,2.122,-651,,1,5.325,285.587
2026-09-26T22:25:52.000Z,1790461552.000,32.649476166,-117.202494497,5.531,245.55,250.946,-12.916,2.198,-652,,1,5.443,283.529
2026-09-26T22:25:53.000Z,1790461553.000,32.649465214,-117.202522472,5.325,248.299,249.019,-15.782,2.105,-653,,1,5.279,281.438
2026-09-26T22:25:54.000Z,1790461554.000,32.649453681,-117.20254926,5.574,244.585,250.856,-19.9,-0.923,-654,,1,5.466,279.561
2026-09-26T22:25:55.000Z,1790461555.000,32.649443585,-117.202576546,5.638,242.21,251.624,-15.319,2.662,-655,,1,5.477,277.754
2026-09-26T22:25:56.000Z,1790461556.000,32.649432589,-117.202604422,5.633,243.278,248.608,-15.836,1.518,-656,,1,5.494,275.592
2026-09-26T22:25:57.000Z,1790461557.000,32.649421306,-117.202629918,5.463,242.476,248.699,-17.044,2.69,-657,,1,5.31,273.667
2026-09-26T22:25:58.000Z,1790461558.000,32.649409767,-117.202656084,5.127,247.047,250.614,-19.123,0.906,-658,,1,5.062,271.812
2026-09-26T22:25:59.000Z,1790461559.000,32.649398781,-117.202683351,5.731,243.651,250.36,-19.848,2.618,-659,,1,5.593,269.845
2026-09-26T22:26:00.000Z,1790461560.000,32.649387576,-117.202712785,5.256,247.232,250.61,-18.582,3.795,-660,,1,5.191,267.825
2026-09-26T22:26:01.000Z,1790461561.000,32.649376512,-117.202741975,5.753,248.594,249.367,-16.877,-0.111,-661,,1,5.7,265.731
2026-09-26T22:26:02.000Z,1790461562.000,32.649365451,-117.202769976,5.428,244.452,246.01,-13.882,1.358,-662,,1,5.309,263.544
2026-09-26T22:26:03.000Z,1790461563.000,32.649353586,-117.202794421,5.2,237.782,243.965,-14.946,0.899,-663,,1,4.923,261.461
2026-09-26T22:26:04.000Z,1790461564.000,32.649340949,-117.202817621,5.041,238.888,247.027,-20.017,1.71,-664,,1,4.801,259.637
2026-09-26T22:26:05.000Z,1790461565.000,32.649329774,-117.20284347,5.387,249.685,250.21,-20.197,1.467,-665,,1,5.347,257.906
2026-09-26T22:26:06.000Z,1790461566.000,32.64931955,-117.202871458,5.854,244.495,248.378,-19.902,1.658,-666,,1,5.72,255.9
2026-09-26T22:26:07.000Z,1790461567.000,32.649308298,-117.202900185,5.5,247.957,247.094,-18.637,0.69,-667,,1,5.434,253.799
2026-09-26T22:26:08.000Z,1790461568.000,32.649295179,-117.20292843,6.374,237.077,248.894,-20.894,-2.367,-668,,1,5.996,251.707
2026-09-26T22:26:09.000Z,1790461569.000,32.649282712,-117.202955636,5.387,239.554,247,-16.891,6.404,-669,,1,5.139,249.484
2026-09-26T22:26:10.000Z,1790461570.000,32.649267897,-117.2029816,5.9,233.994,244.646,-16.844,4.536,-670,,1,5.424,247.025
2026-09-26T22:26:11.000Z,1790461571.000,32.64925277,-117.203009361,5.911,240.969,246.591,-17.728,3.507,-671,,1,5.673,244.738
2026-09-26T22:26:12.000Z,1790461572.000,32.649237427,-117.203037984,5.976,239.664,247.579,-16.665,2.994,-672,,1,5.692,242.349
2026-09-26T22:26:13.000Z,1790461573.000,32.64922368,-117.203066478,5.708,244.056,246.085,-16.343,1.615,-673,,1,5.551,239.979
2026-09-26T22:26:14.000Z,1790461574.000,32.649211151,-117.203094273,5.931,241.988,245.998,-16.917,0.654,-674,,1,5.712,237.845
2026-09-26T22:26:15.000Z,1790461575.000,32.649198878,-117.203121433,5.556,242.677,245.282,-17.713,2.727,-675,,1,5.365,235.719
2026-09-26T22:26:16.000Z,1790461576.000,32.649186491,-117.203147506,5.775,243.885,247.821,-19.627,-0.621,-676,,1,5.605,233.809
2026-09-26T22:26:17.000Z,1790461577.000,32.649176127,-117.203175263,5.76,249.643,248.843,-13.91,2.46,-677,,1,5.7,231.974
2026-09-26T22:26:18.000Z,1790461578.000,32.649164635,-117.203202762,5.431,242.543,245.862,-9.43,8.415,-678,,1,5.235,229.78
2026-09-26T22:26:19.000Z,1790461579.000,32.649150816,-117.203230111,5.015,240.934,243.323,-11.687,4.04,-679,,1,4.791,227.378
2026-09-26T22:26:20.000Z,1790461580.000,32.649137157,-117.20325587,5.626,235.58,244.45,-13.42,-0.544,-680,,1,5.192,225.254
2026-09-26T22:26:21.000Z,1790461581.000,32.649124585,-117.203279987,5.044,238.982,246.05,-13.476,4.994,-681,,1,4.758,223.322
2026-09-26T22:26:22.000Z,1790461582.000,32.649112133,-117.203305007,5.284,241.562,246.112,-16.852,1.668,-682,,1,5.056,221.285
2026-09-26T22:26:23.000Z,1790461583.000,32.649099605,-117.203332205,5.775,242.702,247.794,-17.192,1.361,-683,,1,5.556,219.277
2026-09-26T22:26:24.000Z,1790461584.000,32.649087136,-117.203360703,6.223,241.168,245.926,-16.44,-0.398,-684,,1,5.935,217.02
2026-09-26T22:26:25.000Z,1790461585.000,32.649074087,-117.203388617,6.121,241.001,246.398,-13.503,3.638,-685,,1,5.829,214.861
2026-09-26T22:26:26.000Z,1790461586.000,32.649057948,-117.20341756,5.867,238.943,244.993,-16.13,-0.498,-686,,1,5.512,212.233
2026-09-26T22:26:27.000Z,1790461587.000,32.649043451,-117.20344419,5.888,234.814,243.126,-13.219,2.642,-687,,1,5.365,209.821
2026-09-26T22:26:28.000Z,1790461588.000,32.649028629,-117.203469525,5.527,239.259,243.645,-14.345,2.203,-688,,1,5.193,207.55
2026-09-26T22:26:29.000Z,1790461589.000,32.649015481,-117.203496069,5.7,241.999,247.435,-16.199,0.856,-689,,1,5.44,205.619
2026-09-26T22:26:30.000Z,1790461590.000,32.649005053,-117.20352554,6.044,247.502,250.106,-14.267,0.94,-690,,1,5.913,203.831
2026-09-26T22:26:31.000Z,1790461591.000,32.64899603,-117.203553008,5.487,249.572,247.939,-13.44,4.077,-691,,1,5.405,201.946
2026-09-26T22:26:32.000Z,1790461592.000,32.648986195,-117.203579156,5.155,243.877,244.311,-14.104,3.097,-692,,1,4.961,199.93
2026-09-26T22:26:33.000Z,1790461593.000,32.648974698,-117.203604317,5.569,237.781,244.366,-13.115,2.696,-693,,1,5.164,197.99
2026-09-26T22:26:34.000Z,1790461594.000,32.648960507,-117.20363181,5.8,238.131,245.132,-15.953,0.29,-694,,1,5.386,195.739
2026-09-26T22:26:35.000Z,1790461595.000,32.648945868,-117.203658981,6.087,238.036,246.748,-14.113,0.607,-695,,1,5.643,193.503
2026-09-26T22:26:36.000Z,1790461596.000,32.648931033,-117.203686299,6.059,235.817,248.144,-17.172,2.328,-696,,1,5.519,191.23
2026-09-26T22:26:37.000Z,1790461597.000,32.648918621,-117.203714505,6.022,244.647,252.893,-17.585,-0.723,-697,,1,5.799,189.407
2026-09-26T22:26:38.000Z,1790461598.000,32.648908546,-117.203744409,5.929,251.027,255.968,-17.086,2.696,-698,,1,5.851,187.685
2026-09-26T22:26:39.000Z,1790461599.000,32.648901153,-117.20377324,5.6,251.327,254.545,-13.832,3.098,-699,,1,5.53,185.972
2026-09-26T22:26:40.000Z,1790461600.000,32.64889443,-117.203802747,5.884,257.539,255.729,-13.01,-1.793,-700,,1,5.877,184.488
2026-09-26T22:26:41.000Z,1790461601.000,32.648886969,-117.203832145,5.5,253.555,252.76,-11.449,4.012,-701,,1,5.46,182.648
2026-09-26T22:26:42.000Z,1790461602.000,32.648877789,-117.203860666,5.676,245.764,249.592,-8.466,3.479,-702,,1,5.486,180.647
2026-09-26T22:26:43.000Z,1790461603.000,32.648867721,-117.20388679,5.3,242.274,248.24,-9.862,1.095,-703,,1,5.027,178.742
2026-09-26T22:26:44.000Z,1790461604.000,32.648854569,-117.20391224,5.554,240.774,248.52,-13.676,1.105,-704,,1,5.215,176.632
2026-09-26T22:26:45.000Z,1790461605.000,32.648840026,-117.203938372,5.755,233.99,248.542,-17.761,2.699,-705,,1,5.124,174.34
2026-09-26T22:26:46.000Z,1790461606.000,32.648827809,-117.203964742,5.638,242.661,250.524,-17.332,2.597,-706,,1,5.346,172.411
2026-09-26T22:26:47.000Z,1790461607.000,32.648818491,-117.203992207,5.687,246.767,250.445,-16.313,-0.358,-707,,1,5.505,170.626
2026-09-26T22:26:48.000Z,1790461608.000,32.648810097,-117.204018693,5.823,246.013,249.62,-18.207,2.585,-708,,1,5.614,168.919
2026-09-26T22:26:49.000Z,1790461609.000,32.648800901,-117.20404614,5.277,247.552,249.779,-22.34,0.136,-709,,1,5.122,167.163
2026-09-26T22:26:50.000Z,1790461610.000,32.648791087,-117.204074355,5.649,248.438,252.137,-21.438,0.28,-710,,1,5.502,165.462
2026-09-26T22:26:51.000Z,1790461611.000,32.648780963,-117.204103856,6,248,251.949,-15.918,1.957,-711,,1,5.83,163.526
2026-09-26T22:26:52.000Z,1790461612.000,32.648770121,-117.204132005,5.479,246.842,252.929,-13.75,5.897,-712,,1,5.294,161.63
2026-09-26T22:26:53.000Z,1790461613.000,32.648758752,-117.204160699,5.824,244.665,252.213,-15.608,-0.41,-713,,1,5.562,159.55
2026-09-26T22:26:54.000Z,1790461614.000,32.648747781,-117.204187499,5.724,239.493,249.159,-11.359,3.883,-714,,1,5.284,157.418
2026-09-26T22:26:55.000Z,1790461615.000,32.64873529,-117.204214294,5.494,239.501,247.822,-14.284,1.339,-715,,1,5.066,155.238
2026-09-26T22:26:56.000Z,1790461616.000,32.648723257,-117.204241919,5.584,247.669,249.89,-13.823,0.455,-716,,1,5.4,153.297
2026-09-26T22:26:57.000Z,1790461617.000,32.648711449,-117.204270047,5.836,242.579,248.988,-11.985,1.725,-717,,1,5.484,151.177
2026-09-26T22:26:58.000Z,1790461618.000,32.648698695,-117.204298079,5.762,245.119,248.715,-15.437,0.596,-718,,1,5.491,149.001
2026-09-26T22:26:59.000Z,1790461619.000,32.648687289,-117.204324963,5.572,240.715,247.876,-17.191,1.921,-719,,1,5.159,146.964
2026-09-26T22:27:00.000Z,1790461620.000,32.648675467,-117.204351878,5.144,244.133,249.716,-16.557,6.632,-720,,1,4.866,145.052
2026-09-26T22:27:01.000Z,1790461621.000,32.648665291,-117.204379277,5.287,246.324,249.394,-17.169,2.411,-721,,1,5.059,143.162
2026-09-26T22:27:02.000Z,1790461622.000,32.648656102,-117.204407189,5.762,245.895,250.126,-14.17,0.96,-722,,1,5.498,141.431
2026-09-26T22:27:03.000Z,1790461623.000,32.648645631,-117.20443412,5.469,245.457,249.579,-15.751,1.259,-723,,1,5.2,139.509
2026-09-26T22:27:04.000Z,1790461624.000,32.648634178,-117.204462621,6.085,243.387,249.128,-13.59,0.387,-724,,1,5.709,137.445
2026-09-26T22:27:05.000Z,1790461625.000,32.648621431,-117.204491322,6.111,241.274,248.083,-15.685,3.51,-725,,1,5.642,135.201
2026-09-26T22:27:06.000Z,1790461626.000,32.648608686,-117.204519819,5.945,241.439,247.739,-14.216,5.466,-726,,1,5.488,133.007
2026-09-26T22:27:07.000Z,1790461627.000,32.648596564,-117.204546941,5.347,244.146,248.274,-10.638,3.629,-727,,1,5.022,130.974
2026-09-26T22:27:08.000Z,1790461628.000,32.648584505,-117.204573913,5.5,242.977,249.137,-10.949,0.694,-728,,1,5.119,128.973
2026-09-26T22:27:09.000Z,1790461629.000,32.648574032,-117.2045994,5.026,243.171,247.538,-8.17,9.015,-729,,1,4.678,127.028
2026-09-26T22:27:10.000Z,1790461630.000,32.648562683,-117.204625186,5.346,244.435,245.781,-11.458,2.535,-730,,1,5.012,124.976
2026-09-26T22:27:11.000Z,1790461631.000,32.6485505,-117.204651444,5.822,241.088,247.752,-16.212,-1.3,-731,,1,5.322,123.048
2026-09-26T22:27:12.000Z,1790461632.000,32.648539166,-117.204679321,5.575,243.885,246.727,-15.272,5.362,-732,,1,5.194,120.98
2026-09-26T22:27:13.000Z,1790461633.000,32.648526968,-117.204706798,5.338,241.148,245.235,-13.846,0.65,-733,,1,4.866,118.805
2026-09-26T22:27:14.000Z,1790461634.000,32.64851462,-117.20473302,5.553,240.579,248.178,-13.958,-2.59,-734,,1,5.032,116.921
2026-09-26T22:27:15.000Z,1790461635.000,32.648501709,-117.204758659,5.245,237.945,247.538,-12.183,4.45,-735,,1,4.636,114.774
2026-09-26T22:27:16.000Z,1790461636.000,32.648489678,-117.204783844,5.125,240.789,246.946,-10.379,3.526,-736,,1,4.634,112.737
2026-09-26T22:27:17.000Z,1790461637.000,32.648476761,-117.204810037,5.527,240.313,247.025,-11.68,1.979,-737,,1,4.967,110.618
2026-09-26T22:27:18.000Z,1790461638.000,32.648465064,-117.204836551,5.654,241.411,246.807,-8.094,4.589,-738,,1,5.119,108.601
2026-09-26T22:27:19.000Z,1790461639.000,32.648454328,-117.204864151,5.257,248.241,247.745,-8.962,2.584,-739,,1,4.986,106.725
2026-09-26T22:27:20.000Z,1790461640.000,32.648443658,-117.204891358,5.735,245.665,247.223,-12.428,-0.618,-740,,1,5.344,104.777
2026-09-26T22:27:21.000Z,1790461641.000,32.648433834,-117.204916568,4.827,244.412,245.234,-8.209,10.972,-741,,1,4.452,102.889
2026-09-26T22:27:22.000Z,1790461642.000,32.648421919,-117.204940393,4.832,238.917,242.342,-12.397,4.856,-742,,1,4.245,100.772
2026-09-26T22:27:23.000Z,1790461643.000,32.648408881,-117.20496629,5.552,241.996,243,-11.386,0.45,-743,,1,5.002,98.682
2026-09-26T22:27:24.000Z,1790461644.000,32.648394493,-117.204990435,5.425,235.737,245.086,-17.87,1.174,-744,,1,4.589,96.584
2026-09-26T22:27:25.000Z,1790461645.000,32.648382531,-117.205015034,5.078,243.521,251.577,-19.084,3.69,-745,,1,4.616,95.013
2026-09-26T22:27:26.000Z,1790461646.000,32.648377747,-117.205039879,4.938,261.033,267.743,-15.233,-4.771,-746,,1,4.902,94.94
2026-09-26T22:27:27.000Z,1790461647.000,32.648380957,-117.205061163,3.976,294.073,286.355,-9.033,3.61,-747,,1,3.558,96.138
2026-09-26T22:27:28.000Z,1790461648.000,32.648390699,-117.205078312,3.538,300.965,303.124,1.749,2.429,-748,,1,2.937,98.018
2026-09-26T22:27:29.000Z,1790461649.000,32.648404221,-117.205090432,3.905,330.208,314.63,10.546,0.814,-749,,1,1.736,99.968
2026-09-26T22:27:30.000Z,1790461650.000,32.648420007,-117.205100198,3.778,330.454,321.03,18.229,5.071,-750,,1,1.638,101.805
2026-09-26T22:27:31.000Z,1790461651.000,32.648436719,-117.205110304,3.762,333.701,320.882,20.682,7.029,-751,,1,1.412,103.271
2026-09-26T22:27:32.000Z,1790461652.000,32.648453425,-117.205121095,4.041,334.061,315.589,14.038,4.214,-752,,1,1.471,104.353
2026-09-26T22:27:33.000Z,1790461653.000,32.648471211,-117.205128911,4.653,334.684,320.236,16.793,1.686,-753,,1,1.61,106.336
2026-09-26T22:27:34.000Z,1790461654.000,32.648488323,-117.20513856,3.912,338.247,321.66,14.535,4.966,-754,,1,1.094,107.964
2026-09-26T22:27:35.000Z,1790461655.000,32.648505775,-117.205150637,4.287,325.219,320.609,16.064,3.594,-755,,1,2.069,109.389
2026-09-26T22:27:36.000Z,1790461656.000,32.648523405,-117.205162801,4.559,334.226,322.343,19.091,4.931,-756,,1,1.513,111.018
2026-09-26T22:27:37.000Z,1790461657.000,32.648541327,-117.205176996,4.8,319.224,319.743,18.068,6.317,-757,,1,2.681,112.327
2026-09-26T22:27:38.000Z,1790461658.000,32.648559462,-117.205193573,4.937,320.7,319.853,19.934,1.854,-758,,1,2.617,113.773
2026-09-26T22:27:39.000Z,1790461659.000,32.648575406,-117.205211078,4.376,318.44,314.295,7.926,5.279,-759,,1,2.441,114.559
2026-09-26T22:27:40.000Z,1790461660.000,32.648593813,-117.205225523,5.069,327.243,321.097,15.131,3.315,-760,,1,2.106,116.567
2026-09-26T22:27:41.000Z,1790461661.000,32.648612391,-117.205241217,5.066,324.745,319.69,15.947,5.44,-761,,1,2.266,117.982
2026-09-26T22:27:42.000Z,1790461662.000,32.648631764,-117.205258064,5.049,311.427,319.762,21.261,4.466,-762,,1,3.203,119.547
2026-09-26T22:27:43.000Z,1790461663.000,32.648650947,-117.205276031,5.4,320.298,316.14,25.318,2.194,-763,,1,2.701,120.803
2026-09-26T22:27:44.000Z,1790461664.000,32.648668102,-117.205296774,5.452,313.552,310.961,21.076,3.918,-764,,1,3.23,121.638
2026-09-26T22:27:45.000Z,1790461665.000,32.648685638,-117.20531788,5.334,315.142,307.856,15.493,5.066,-765,,1,3.003,122.648
2026-09-26T22:27:46.000Z,1790461666.000,32.648704456,-117.205334267,4.913,325.545,310.937,16.049,6.653,-766,,1,1.943,124.397
2026-09-26T22:27:47.000Z,1790461667.000,32.648725846,-117.20534895,5.542,328.81,315.438,23.376,1.91,-767,,1,1.841,126.565
2026-09-26T22:27:48.000Z,1790461668.000,32.648745481,-117.205367113,5.437,321.306,314.659,22.564,6.117,-768,,1,2.413,128.06
2026-09-26T22:27:49.000Z,1790461669.000,32.64876478,-117.205387262,4.888,318.877,309.892,15.897,6.693,-769,,1,2.314,129.166
2026-09-26T22:27:50.000Z,1790461670.000,32.648783672,-117.20540792,5.391,316.826,311.116,17.941,1.325,-770,,1,2.673,130.658
2026-09-26T22:27:51.000Z,1790461671.000,32.648801211,-117.20542961,5.831,310.039,311.515,13.654,2.189,-771,,1,3.425,131.915
2026-09-26T22:27:52.000Z,1790461672.000,32.648819462,-117.205451283,5.837,317.04,311.831,13.047,4.562,-772,,1,2.776,133.242
2026-09-26T22:27:53.000Z,1790461673.000,32.648840433,-117.205468756,5.337,325.15,313.599,16.66,3.914,-773,,1,1.795,135.085
2026-09-26T22:27:54.000Z,1790461674.000,32.648862686,-117.20548175,5.313,336.042,318.171,20.731,2.506,-774,,1,0.747,137.39
2026-09-26T22:27:55.000Z,1790461675.000,32.648884144,-117.205495072,5.4,328.458,321.55,21.752,5.587,-775,,1,1.4,139.507
2026-09-26T22:27:56.000Z,1790461676.000,32.648905393,-117.205513193,5.5,318.115,318.548,21.982,3.727,-776,,1,2.303,141.023
2026-09-26T22:27:57.000Z,1790461677.000,32.648924047,-117.205535174,6.05,313.597,314.218,18.59,3.1,-777,,1,2.906,142.051
2026-09-26T22:27:58.000Z,1790461678.000,32.648943414,-117.205554189,5.327,324.567,312.969,24.178,3.388,-778,,1,1.569,143.459
2026-09-26T22:27:59.000Z,1790461679.000,32.648961611,-117.2055724,4.984,316.199,316.131,23.319,3.475,-779,,1,2.097,145.085
2026-09-26T22:28:00.000Z,1790461680.000,32.648978308,-117.205594413,5.389,311.997,312.142,16.543,5.488,-780,,1,2.575,145.925
2026-09-26T22:28:01.000Z,1790461681.000,32.648996781,-117.205614891,5.238,320.018,312.26,19.468,3.604,-781,,1,1.783,147.295
2026-09-26T22:28:02.000Z,1790461682.000,32.649015042,-117.205636337,5.845,316.838,314.291,19.998,2.392,-782,,1,2.231,148.755
2026-09-26T22:28:03.000Z,1790461683.000,32.64903405,-117.205657018,5.753,318.999,314.514,19.884,2.308,-783,,1,1.933,150.183
2026-09-26T22:28:04.000Z,1790461684.000,32.649054497,-117.20567689,5.942,323.447,316.901,19.844,5.303,-784,,1,1.487,151.942
2026-09-26T22:28:05.000Z,1790461685.000,32.649074623,-117.205696052,5.377,328.346,311.695,14.24,9.399,-785,,1,0.838,153.138
2026-09-26T22:28:06.000Z,1790461686.000,32.649095158,-117.205714562,5.741,322.886,311.028,13.178,1.537,-786,,1,1.364,154.724
2026-09-26T22:28:07.000Z,1790461687.000,32.649115467,-117.205731375,5.871,332.374,311.046,10.699,3.948,-787,,1,0.369,156.388
2026-09-26T22:28:08.000Z,1790461688.000,32.649138609,-117.205744405,5.15,329.075,317.682,16.56,3.307,-788,,1,0.552,158.94
2026-09-26T22:28:09.000Z,1790461689.000,32.649159249,-117.205759246,5.246,329.135,320.878,18.608,4.923,-789,,1,0.496,160.915
2026-09-26T22:28:10.000Z,1790461690.000,32.64917964,-117.205775639,5.214,319.644,317.805,21.349,5.081,-790,,1,1.285,162.385
2026-09-26T22:28:11.000Z,1790461691.000,32.649198918,-117.20579497,5.872,317.692,315.142,23.572,0.831,-791,,1,1.575,163.674
2026-09-26T22:28:12.000Z,1790461692.000,32.649216007,-117.205817703,5.642,309.064,310.113,23.178,4.847,-792,,1,2.256,164.454
2026-09-26T22:28:13.000Z,1790461693.000,32.649232327,-117.205839004,5.413,311.284,304.273,19.52,2.685,-793,,1,1.919,165.117
2026-09-26T22:28:14.000Z,1790461694.000,32.649247355,-117.205859232,5.308,311.828,308.781,20.109,1.224,-794,,1,1.78,166.468
2026-09-26T22:28:15.000Z,1790461695.000,32.649262145,-117.205880291,5.116,307.526,308.05,9.637,7.632,-795,,1,2.024,167.368
2026-09-26T22:28:16.000Z,1790461696.000,32.649279508,-117.205900165,5.232,314.668,311.121,16.292,2.251,-796,,1,1.397,168.861
2026-09-26T22:28:17.000Z,1790461697.000,32.649298175,-117.205919136,5.375,324.644,314.961,17.873,3.561,-797,,1,0.451,170.568
2026-09-26T22:28:18.000Z,1790461698.000,32.649318321,-117.205934841,5.2,332.513,316.468,23.635,4.169,-798,,1,-0.339,172.352
2026-09-26T22:28:19.000Z,1790461699.000,32.649337429,-117.205950671,5.157,328.586,314.314,23.091,6.477,-799,,1,-0.041,173.761
2026-09-26T22:28:20.000Z,1790461700.000,32.649357386,-117.205965917,5.081,322.294,313.492,23.525,2.832,-800,,1,0.458,175.37
2026-09-26T22:28:21.000Z,1790461701.000,32.649377811,-117.205983661,5.565,320.569,316.437,24.196,1.299,-801,,1,0.599,177.23
2026-09-26T22:28:22.000Z,1790461702.000,32.649395975,-117.20600407,5.522,316.082,312.551,18.933,6.936,-802,,1,0.958,178.279
2026-09-26T22:28:23.000Z,1790461703.000,32.649415511,-117.206024397,5.471,322.108,309.387,19.726,5.626,-803,,1,0.311,179.521
2026-09-26T22:28:24.000Z,1790461704.000,32.649434924,-117.206044343,5.516,316.484,312.314,19.624,3.164,-804,,1,0.782,181.216
2026-09-26T22:28:25.000Z,1790461705.000,32.649453738,-117.206064874,5.7,316.224,313.422,20.476,3.303,-805,,1,0.762,182.694
2026-09-26T22:28:26.000Z,1790461706.000,32.649472535,-117.206085794,5.338,316.074,314.446,24.021,5.224,-806,,1,0.661,184.151
2026-09-26T22:28:27.000Z,1790461707.000,32.649489967,-117.206106453,5.113,311.805,311.156,23.113,6.845,-807,,1,0.949,185.155
2026-09-26T22:28:28.000Z,1790461708.000,32.649507691,-117.206125334,5.314,321.103,310.22,26,5.117,-808,,1,0.068,186.413
2026-09-26T22:28:29.000Z,1790461709.000,32.649522516,-117.20614582,5.016,303.833,306.056,16.1,6.387,-809,,1,1.499,187.072
2026-09-26T22:28:30.000Z,1790461710.000,32.649536694,-117.206169645,5.464,309.873,305.981,14.68,2.5,-810,,1,1.012,187.876
2026-09-26T22:28:31.000Z,1790461711.000,32.649553752,-117.206191415,5.774,313.111,306.348,15.741,3.351,-811,,1,0.676,189.079
2026-09-26T22:28:32.000Z,1790461712.000,32.649570202,-117.206213454,5.561,311.194,304.686,20.141,2.912,-812,,1,0.768,190.053
2026-09-26T22:28:33.000Z,1790461713.000,32.649583836,-117.206237043,4.898,298.334,292.844,22.999,6.081,-813,,1,1.693,189.87
2026-09-26T22:28:34.000Z,1790461714.000,32.649587049,-117.206263823,4.637,264.198,266.927,7.562,1.103,-814,,1,3.76,187.375
2026-09-26T22:28:35.000Z,1790461715.000,32.64958183,-117.206287248,4.321,237.398,245.215,1.621,4.103,-815,,1,4.269,184.662
2026-09-26T22:28:36.000Z,1790461716.000,32.649568298,-117.206303936,4.527,216.452,229.374,-11.612,-1.128,-816,,1,4.42,181.931
2026-09-26T22:28:37.000Z,1790461717.000,32.649553497,-117.206318682,4.454,222.111,235.435,-18.746,0.483,-817,,1,4.424,180.217
2026-09-26T22:28:38.000Z,1790461718.000,32.649539207,-117.206335311,4.483,225.051,241.169,-22.433,4.376,-818,,1,4.474,178.527
2026-09-26T22:28:39.000Z,1790461719.000,32.649526946,-117.206355708,4.6,237.654,246.218,-18.94,3.007,-819,,1,4.543,176.932
2026-09-26T22:28:40.000Z,1790461720.000,32.64951679,-117.206376193,4.241,243.631,246.548,-16.823,4.372,-820,,1,4.094,175.285
2026-09-26T22:28:41.000Z,1790461721.000,32.649506918,-117.206397105,4.529,241.039,242.437,-13.28,2.417,-821,,1,4.42,173.396
2026-09-26T22:28:42.000Z,1790461722.000,32.649495419,-117.206417808,4.867,238.381,241.977,-17.299,1.23,-822,,1,4.793,171.554
2026-09-26T22:28:43.000Z,1790461723.000,32.649481993,-117.206441135,5.1,238.269,242.474,-17.907,1.437,-823,,1,5.022,169.488
2026-09-26T22:28:44.000Z,1790461724.000,32.649468307,-117.206465877,5.736,237.279,243.25,-16.849,3.124,-824,,1,5.663,167.369
2026-09-26T22:28:45.000Z,1790461725.000,32.649453248,-117.206490867,5.568,232.017,238.43,-12.486,4.647,-825,,1,5.555,164.789
2026-09-26T22:28:46.000Z,1790461726.000,32.649436675,-117.20651289,5.28,226.828,236.031,-16.339,2.037,-826,,1,5.278,162.275
2026-09-26T22:28:47.000Z,1790461727.000,32.649420181,-117.206534038,5.416,229.264,242.206,-22.044,-0.428,-827,,1,5.415,160.25
2026-09-26T22:28:48.000Z,1790461728.000,32.649405866,-117.206559515,5.527,237.988,243.726,-19.018,1.213,-828,,1,5.441,158.085
2026-09-26T22:28:49.000Z,1790461729.000,32.649391236,-117.20658566,6.013,237.818,242.682,-19.254,2.134,-829,,1,5.921,155.722
2026-09-26T22:28:50.000Z,1790461730.000,32.649377476,-117.206611961,5.528,238.53,241.781,-20.912,2.32,-830,,1,5.428,153.455
2026-09-26T22:28:51.000Z,1790461731.000,32.649363573,-117.206637634,5.479,235.497,241.208,-23.413,2.945,-831,,1,5.425,151.21
2026-09-26T22:28:52.000Z,1790461732.000,32.649349814,-117.20666376,5.223,242.824,243.616,-20.791,1.952,-832,,1,5.03,149.136
2026-09-26T22:28:53.000Z,1790461733.000,32.649336082,-117.206690611,6.062,241.82,245.489,-20.67,-0.427,-833,,1,5.86,147.018
2026-09-26T22:28:54.000Z,1790461734.000,32.649321574,-117.206718514,5.913,235.285,238.439,-13.502,6.514,-834,,1,5.851,144.28
2026-09-26T22:28:55.000Z,1790461735.000,32.649304245,-117.206744554,6.016,234.276,237.912,-15.323,-0.391,-835,,1,5.966,141.666
2026-09-26T22:28:56.000Z,1790461736.000,32.649286393,-117.206769362,6.357,225.951,235.74,-17.319,2.683,-836,,1,6.356,138.95
2026-09-26T22:28:57.000Z,1790461737.000,32.64926722,-117.206794095,6.012,231.343,234.878,-18.15,5.579,-837,,1,5.994,136.165
2026-09-26T22:28:58.000Z,1790461738.000,32.649248129,-117.206819213,6.1,229.082,237.904,-20.774,1.371,-838,,1,6.095,133.572
2026-09-26T22:28:59.000Z,1790461739.000,32.649230002,-117.206845252,6.172,229.91,239.411,-21.492,2.909,-839,,1,6.162,130.982
2026-09-26T22:29:00.000Z,1790461740.000,32.649213444,-117.206872774,6.379,232.98,239.063,-15.469,4.487,-840,,1,6.338,128.416
2026-09-26T22:29:01.000Z,1790461741.000,32.649196502,-117.206900361,6.147,234.702,237.883,-16.989,-0.009,-841,,1,6.082,125.764
2026-09-26T22:29:02.000Z,1790461742.000,32.649180167,-117.206926844,5.838,234.393,237.753,-16.527,0.099,-842,,1,5.779,123.264
2026-09-26T22:29:03.000Z,1790461743.000,32.649164579,-117.206949947,5.834,233.11,237.906,-19.378,0.435,-843,,1,5.791,120.955
2026-09-26T22:29:04.000Z,1790461744.000,32.649149803,-117.206974154,5.416,234.448,239.379,-13.011,2.724,-844,,1,5.356,118.77
2026-09-26T22:29:05.000Z,1790461745.000,32.649132187,-117.20700059,6.368,234.29,238.649,-17.105,0.512,-845,,1,6.298,116.104
2026-09-26T22:29:06.000Z,1790461746.000,32.649114556,-117.207028899,6.453,233.51,236.165,-13.718,2.397,-846,,1,6.392,113.293
2026-09-26T22:29:07.000Z,1790461747.000,32.649095356,-117.207054474,6.387,229.274,235.917,-16.353,1.73,-847,,1,6.374,110.51
2026-09-26T22:29:08.000Z,1790461748.000,32.649077142,-117.207080064,5.871,231.458,235.872,-13.362,5.422,-848,,1,5.839,107.842
2026-09-26T22:29:09.000Z,1790461749.000,32.649058556,-117.207106218,6.631,235.899,237.173,-15.276,-0.493,-849,,1,6.519,105.185
2026-09-26T22:29:10.000Z,1790461750.000,32.649040455,-117.207132226,6.077,229.513,235.436,-13.451,1.133,-850,,1,6.061,102.432
2026-09-26T22:29:11.000Z,1790461751.000,32.649021604,-117.207156638,5.987,227.238,234.895,-17.154,1.674,-851,,1,5.984,99.705
2026-09-26T22:29:12.000Z,1790461752.000,32.649003137,-117.207179226,5.7,221.836,232.654,-19.426,1.817,-852,,1,5.689,96.993
2026-09-26T22:29:13.000Z,1790461753.000,32.648985629,-117.207203053,6.068,230.97,235.499,-19.701,0.638,-853,,1,6.036,94.589
2026-09-26T22:29:14.000Z,1790461754.000,32.648967916,-117.207227712,5.8,228.77,232.693,-19.285,6.049,-854,,1,5.788,91.868
2026-09-26T22:29:15.000Z,1790461755.000,32.648948678,-117.207251574,5.562,227.059,231.298,-18.625,-0.631,-855,,1,5.559,89.08
2026-09-26T22:29:16.000Z,1790461756.000,32.648929371,-117.207274001,6.008,227.742,234.716,-17.586,-0.459,-856,,1,6.001,86.549
2026-09-26T22:29:17.000Z,1790461757.000,32.648910899,-117.207297981,6.302,226.126,234.105,-16.063,1.892,-857,,1,6.301,83.872
2026-09-26T22:29:18.000Z,1790461758.000,32.64889175,-117.20732171,5.932,224.816,231.378,-14.825,4.01,-858,,1,5.932,81.035
2026-09-26T22:29:19.000Z,1790461759.000,32.648870666,-117.207346231,6.123,223.942,231.601,-13.534,0.453,-859,,1,6.122,78.106
2026-09-26T22:29:20.000Z,1790461760.000,32.648849824,-117.20737167,6.735,230.687,237.533,-16.742,-0.623,-860,,1,6.698,75.453
2026-09-26T22:29:21.000Z,1790461761.000,32.6488314,-117.207400047,6.413,232.32,235.427,-12.216,4.783,-861,,1,6.354,72.577
2026-09-26T22:29:22.000Z,1790461762.000,32.648813653,-117.207426554,5.674,231.925,232.83,-13.615,1.809,-862,,1,5.624,69.809
2026-09-26T22:29:23.000Z,1790461763.000,32.648797181,-117.207449955,5.265,230.424,231.938,-15.814,-0.285,-863,,1,5.234,67.349
2026-09-26T22:29:24.000Z,1790461764.000,32.648780946,-117.20747198,5.275,224.112,230.792,-16.083,2.317,-864,,1,5.275,64.944
2026-09-26T22:29:25.000Z,1790461765.000,32.648763409,-117.20749234,5.314,226.059,230.442,-16.378,2.062,-865,,1,5.311,62.486
2026-09-26T22:29:26.000Z,1790461766.000,32.648743108,-117.207513864,6.5,221.757,232.907,-18.633,0.072,-866,,1,6.495,59.827
2026-09-26T22:29:27.000Z,1790461767.000,32.648722189,-117.207537182,6.603,219.539,233.452,-18.606,2.79,-867,,1,6.583,56.966
2026-09-26T22:29:28.000Z,1790461768.000,32.648699634,-117.20756346,6.635,228.155,236.483,-24.641,2.1,-868,,1,6.616,53.969
2026-09-26T22:29:29.000Z,1790461769.000,32.648680014,-117.207590209,6.5,228.677,233.745,-22.428,-0.328,-869,,1,6.476,50.987
2026-09-26T22:29:30.000Z,1790461770.000,32.648660165,-117.207614593,6.132,222.396,236.81,-29.752,-0.402,-870,,1,6.131,48.334
2026-09-26T22:29:31.000Z,1790461771.000,32.648643462,-117.207638746,5.098,226.712,235.397,-22.582,4.66,-871,,1,5.088,45.797
2026-09-26T22:29:32.000Z,1790461772.000,32.648626794,-117.207662442,5.851,229.379,235.144,-26.195,1.329,-872,,1,5.811,43.336
2026-09-26T22:29:33.000Z,1790461773.000,32.648609686,-117.207687547,5.787,231.164,232.966,-22.437,3.646,-873,,1,5.718,40.697
2026-09-26T22:29:34.000Z,1790461774.000,32.648590378,-117.207712408,6.173,225.586,228.944,-20.989,0.912,-874,,1,6.163,37.759
2026-09-26T22:29:35.000Z,1790461775.000,32.648568506,-117.207734967,6.542,218.458,229.702,-25.383,-2.125,-875,,1,6.527,34.826
2026-09-26T22:29:36.000Z,1790461776.000,32.648546664,-117.207757465,6.149,218.141,230.39,-20.267,6.863,-876,,1,6.132,31.894
2026-09-26T22:29:37.000Z,1790461777.000,32.648524929,-117.207781863,6.095,221.043,233.507,-21.556,2.799,-877,,1,6.095,29.031
2026-09-26T22:29:38.000Z,1790461778.000,32.648505288,-117.207804846,6.287,226.597,235.094,-17.118,0.64,-878,,1,6.26,26.365
2026-09-26T22:29:39.000Z,1790461779.000,32.648486305,-117.207830266,6.573,234.272,242.237,-23.038,-1.22,-879,,1,6.347,24.001
2026-09-26T22:29:40.000Z,1790461780.000,32.648470743,-117.207856473,5.696,232.063,240.746,-22.67,1.093,-880,,1,5.512,21.513
2026-09-26T22:29:41.000Z,1790461781.000,32.648456077,-117.207883137,5.181,235.734,239.415,-19.463,9.462,-881,,1,4.841,19.119
2026-09-26T22:29:42.000Z,1790461782.000,32.648440319,-117.207910408,5.291,231.852,238.017,-17.011,1.454,-882,,1,4.963,16.591
2026-09-26T22:29:43.000Z,1790461783.000,32.648423825,-117.207935513,5.467,226.067,238.064,-20.059,0.342,-883,,1,5.179,14.121
2026-09-26T22:29:44.000Z,1790461784.000,32.648407695,-117.207959374,5.57,228.031,239.926,-19.769,-1.734,-884,,1,4.968,11.825
2026-09-26T22:29:45.000Z,1790461785.000,32.648391365,-117.207982628,5.786,226.454,238.225,-19.631,3.043,-885,,1,4.847,9.334
2026-09-26T22:29:46.000Z,1790461786.000,32.648373857,-117.208007813,5.46,228.93,234.871,-15.849,7.35,-886,,1,3.561,6.585
2026-09-26T22:29:47.000Z,1790461787.000,32.648356571,-117.208034144,5.962,232.99,232.591,-16.461,-1.486,-887,,1,1.115,3.889
2026-09-26T22:29:48.000Z,1790461788.000,32.648337498,-117.208055781,6.379,222.724,228.631,-19.087,-0.708,-888,,1,-1.339,1.071
2026-09-26T22:29:49.000Z,1790461789.000,32.648316867,-117.208075481,5.116,212.204,214.9,-11.036,6.905,-889,,2,-1.38,2.006
2026-09-26T22:29:50.000Z,1790461790.000,32.648293511,-117.208089732,5.165,202.016,200.021,-5.873,0.676,-890,,2,-0.501,5.102
2026-09-26T22:29:51.000Z,1790461791.000,32.648266845,-117.208096217,5.876,182.651,177.155,0.782,-1.151,-891,,2,1.393,7.859
2026-09-26T22:29:52.000Z,1790461792.000,32.648241838,-117.208091691,5.613,159.431,157.203,5.08,7.598,-892,,2,3.368,9.61
2026-09-26T22:29:53.000Z,1790461793.000,32.648220321,-117.208080582,4.672,163.578,150.886,8.474,3.454,-893,,2,2.522,11.267
2026-09-26T22:29:54.000Z,1790461794.000,32.648200976,-117.20806672,5.084,146.26,148.68,1.074,2.391,-894,,2,3.891,12.826
2026-09-26T22:29:55.000Z,1790461795.000,32.648182362,-117.208047674,5.258,136.254,146.16,-7.117,2.766,-895,,2,4.549,14.145
2026-09-26T22:29:56.000Z,1790461796.000,32.648162074,-117.208030012,5.365,141.431,143.7,4.532,3.489,-896,,2,4.377,15.677
2026-09-26T22:29:57.000Z,1790461797.000,32.648142242,-117.20801067,5.841,139.729,143.36,4.748,2.539,-897,,2,4.861,17.25
2026-09-26T22:29:58.000Z,1790461798.000,32.648122469,-117.207990754,5.9,137.086,143.44,-4.542,2.927,-898,,2,5.053,18.829
2026-09-26T22:29:59.000Z,1790461799.000,32.648102285,-117.207972628,5.584,142.305,141.133,4.603,2.783,-899,,2,4.497,20.341
2026-09-26T22:30:00.000Z,1790461800.000,32.648083079,-117.207952662,5.324,138.347,135.452,6.456,4.425,-900,,2,4.493,21.461
2026-09-26T22:30:01.000Z,1790461801.000,32.648066029,-117.207933795,5.161,140.993,136.997,-3.318,4.159,-901,,2,4.22,22.882
2026-09-26T22:30:02.000Z,1790461802.000,32.64804969,-117.207915604,4.756,135.158,143.361,-7.097,2.994,-902,,2,4.145,24.565
2026-09-26T22:30:03.000Z,1790461803.000,32.648030586,-117.207900033,4.832,144.732,149.327,-2.008,2.65,-903,,2,3.755,26.556
2026-09-26T22:30:04.000Z,1790461804.000,32.648010222,-117.207883226,5.158,144.004,150.496,0.404,3.357,-904,,2,4.046,28.345
2026-09-26T22:30:05.000Z,1790461805.000,32.647990742,-117.207865878,5.113,137.395,147.084,3.927,4.387,-905,,2,4.347,29.751
2026-09-26T22:30:06.000Z,1790461806.000,32.647972258,-117.207846945,5.5,141.146,150.193,1.443,0.909,-906,,2,4.473,31.401
2026-09-26T22:30:07.000Z,1790461807.000,32.647952592,-117.207829319,5.271,143.14,148.972,0.707,5.537,-907,,2,4.175,32.952
2026-09-26T22:30:08.000Z,1790461808.000,32.647930549,-117.207813456,5.716,146.996,147.32,5.52,2.711,-908,,2,4.279,34.775
2026-09-26T22:30:09.000Z,1790461809.000,32.647909503,-117.207795031,5.764,142.993,147.259,-4.528,3.728,-909,,2,4.567,36.521
2026-09-26T22:30:10.000Z,1790461810.000,32.647887047,-117.207779117,6.087,152.411,152.565,-6.862,3.379,-910,,2,4.144,38.8
2026-09-26T22:30:11.000Z,1790461811.000,32.647861776,-117.207765989,6.398,154.671,152.636,1.809,2.917,-911,,2,4.161,41.145
2026-09-26T22:30:12.000Z,1790461812.000,32.64783809,-117.207749389,6.036,146.072,147.883,-1.06,3.662,-912,,2,4.562,42.946
2026-09-26T22:30:13.000Z,1790461813.000,32.647815261,-117.207730695,5.635,146.695,145.472,3.982,3.928,-913,,2,4.215,44.728
2026-09-26T22:30:14.000Z,1790461814.000,32.647796655,-117.207710641,5.539,131.61,140.163,3.857,3.448,-914,,2,4.955,45.826
2026-09-26T22:30:15.000Z,1790461815.000,32.647779595,-117.207690136,5.127,128.547,141.37,2.348,4.581,-915,,2,4.701,47.176
2026-09-26T22:30:16.000Z,1790461816.000,32.64776084,-117.207670938,5.471,138.982,142.178,0.784,2.194,-916,,2,4.535,48.714
2026-09-26T22:30:17.000Z,1790461817.000,32.647741956,-117.207650467,5.7,135.135,141.914,-2.578,2.001,-917,,2,4.926,50.16
2026-09-26T22:30:18.000Z,1790461818.000,32.647721038,-117.207628426,5.888,140.042,144.801,-6.209,4.675,-918,,2,4.812,51.986
2026-09-26T22:30:19.000Z,1790461819.000,32.647699421,-117.207609945,5.553,143.781,147.521,2.473,2.802,-919,,2,4.315,53.965
2026-09-26T22:30:20.000Z,1790461820.000,32.647677495,-117.207593122,5.157,140.946,140.745,5.731,3.833,-920,,2,4.161,55.415
2026-09-26T22:30:21.000Z,1790461821.000,32.647656589,-117.207576008,5.584,144.66,135.071,5.599,2.537,-921,,2,4.279,56.791
2026-09-26T22:30:22.000Z,1790461822.000,32.647637302,-117.207554939,5.843,140.605,131.423,-0.61,2.371,-922,,2,4.729,58.017
2026-09-26T22:30:23.000Z,1790461823.000,32.647618615,-117.207531069,6.013,132.815,131.178,1.813,2.901,-923,,2,5.298,59.351
2026-09-26T22:30:24.000Z,1790461824.000,32.647600961,-117.207505782,5.8,129.081,131.171,4.511,3.918,-924,,2,5.276,60.554
2026-09-26T22:30:25.000Z,1790461825.000,32.647585993,-117.207480692,5.444,124.189,134.6,1.631,3.537,-925,,2,5.126,61.727
2026-09-26T22:30:26.000Z,1790461826.000,32.647572551,-117.207457283,4.981,127.106,137.858,0.873,4.003,-926,,2,4.597,62.762
2026-09-26T22:30:27.000Z,1790461827.000,32.647556547,-117.20743646,4.976,135.7,145.916,-3.951,3.229,-927,,2,4.252,64.442
2026-09-26T22:30:28.000Z,1790461828.000,32.647537712,-117.20741962,5,145.148,158.386,-8.72,3.107,-928,,2,3.784,66.705
2026-09-26T22:30:29.000Z,1790461829.000,32.647514973,-117.207406457,5.5,156.221,159.683,-3.544,2.338,-929,,2,3.388,68.841
2026-09-26T22:30:30.000Z,1790461830.000,32.64749105,-117.20739318,5.748,152.99,152.609,-0.911,4.081,-930,,2,3.786,70.661
2026-09-26T22:30:31.000Z,1790461831.000,32.64746756,-117.207378387,5.865,153.584,152.12,-0.245,3.432,-931,,2,3.811,72.741
2026-09-26T22:30:32.000Z,1790461832.000,32.647444525,-117.207363456,5.785,148.567,148.427,-1.287,4.088,-932,,2,4.124,74.579
2026-09-26T22:30:33.000Z,1790461833.000,32.647422055,-117.207345747,5.786,147.884,145.341,-0.18,5.113,-933,,2,4.169,76.307
2026-09-26T22:30:34.000Z,1790461834.000,32.647400047,-117.207327715,5.501,141.98,140.165,5.584,0.719,-934,,2,4.331,77.83
2026-09-26T22:30:35.000Z,1790461835.000,32.647379868,-117.20730765,6,140.632,143.094,-1.205,-1.682,-935,,2,4.806,79.637
2026-09-26T22:30:36.000Z,1790461836.000,32.647356218,-117.207285196,7.229,143.79,143.386,-3.003,-3.128,-936,,2,5.537,81.576
2026-09-26T22:30:37.000Z,1790461837.000,32.647332282,-117.207261015,6.96,138.531,136.612,2.828,-2.588,-937,,2,5.715,83.019
2026-09-26T22:30:38.000Z,1790461838.000,32.647310892,-117.207233552,6.8,130.907,134.044,-0.464,-0.823,-938,,2,6.046,84.381
2026-09-26T22:30:39.000Z,1790461839.000,32.647290663,-117.207207143,6.029,128.557,132.632,1.828,-0.631,-939,,2,5.467,85.727
2026-09-26T22:30:40.000Z,1790461840.000,32.647271434,-117.207180704,6.036,132.949,133.011,3.4,-1.029,-940,,2,5.259,87.095
2026-09-26T22:30:41.000Z,1790461841.000,32.647252587,-117.207154405,6.287,129.402,132.44,-1.028,-2.213,-941,,2,5.657,88.358
2026-09-26T22:30:42.000Z,1790461842.000,32.647233959,-117.207127057,6.5,130.138,131.561,1.102,-1.766,-942,,2,5.809,89.545
2026-09-26T22:30:43.000Z,1790461843.000,32.647215748,-117.207098137,6.429,125.303,125.45,4.206,-1.346,-943,,2,5.966,90.252
2026-09-26T22:30:44.000Z,1790461844.000,32.647198577,-117.207069774,6.416,124.22,123.273,5.77,-0.915,-944,,2,5.997,91.153
2026-09-26T22:30:45.000Z,1790461845.000,32.647180835,-117.20704167,6.112,129.514,123.657,-0.467,-2.098,-945,,2,5.486,92.321
2026-09-26T22:30:46.000Z,1790461846.000,32.647162141,-117.207014858,6.487,129.878,120.069,2.396,-1.304,-946,,2,5.802,93.314
2026-09-26T22:30:47.000Z,1790461847.000,32.647143555,-117.206986608,6.528,127.353,118.338,3.088,-1.808,-947,,2,5.96,94.401
2026-09-26T22:30:48.000Z,1790461848.000,32.647128012,-117.206957066,6.416,117.571,115.61,2.482,-0.902,-948,,2,6.216,95.048
2026-09-26T22:30:49.000Z,1790461849.000,32.647116598,-117.206925856,6.116,112.733,111.002,4.637,-1.1,-949,,2,6.032,95.057
2026-09-26T22:30:50.000Z,1790461850.000,32.647106884,-117.206892858,5.913,107.376,111.869,5.284,-2.566,-950,,2,5.897,95.279
2026-09-26T22:30:51.000Z,1790461851.000,32.647098041,-117.206859643,6.645,106.403,113.901,-0.534,-2.216,-951,,2,6.635,95.495
2026-09-26T22:30:52.000Z,1790461852.000,32.64708795,-117.206824561,6.642,110.878,117.448,2.551,-1.329,-952,,2,6.583,95.915
2026-09-26T22:30:53.000Z,1790461853.000,32.647076661,-117.206791853,6.468,111.891,116.504,7.163,-0.099,-953,,2,6.393,96.167
2026-09-26T22:30:54.000Z,1790461854.000,32.647065123,-117.20676172,5.6,120.201,121.847,2.089,-0.608,-954,,2,5.353,97.012
2026-09-26T22:30:55.000Z,1790461855.000,32.647050095,-117.206738132,5.4,130.172,127.407,-2.098,-1.535,-955,,2,4.807,98.411
2026-09-26T22:30:56.000Z,1790461856.000,32.647031905,-117.206718131,5.56,139.201,125.892,0.015,-1.815,-956,,2,4.487,99.698
2026-09-26T22:30:57.000Z,1790461857.000,32.647012343,-117.206697959,5.784,142.274,121.152,3.636,0.091,-957,,2,4.476,100.874
2026-09-26T22:30:58.000Z,1790461858.000,32.64699263,-117.206673526,6.177,133.36,119.686,2.439,-1.397,-958,,2,5.326,102.205
2026-09-26T22:30:59.000Z,1790461859.000,32.646974707,-117.206646682,6.487,126.245,121.688,1.153,-1.14,-959,,2,5.954,103.553
2026-09-26T22:31:00.000Z,1790461860.000,32.646958358,-117.206618007,6.348,122.687,122.164,3.841,-0.333,-960,,2,5.97,104.564
2026-09-26T22:31:01.000Z,1790461861.000,32.646944873,-117.206589138,5.758,117.539,124.047,4.843,-1.367,-961,,2,5.568,105.375
2026-09-26T22:31:02.000Z,1790461862.000,32.646934778,-117.206560834,5.397,113.019,126.611,1.828,-0.742,-962,,2,5.311,105.889
2026-09-26T22:31:03.000Z,1790461863.000,32.646924322,-117.206532548,4.982,119.199,131.033,2.826,-1.137,-963,,2,4.777,106.578
2026-09-26T22:31:04.000Z,1790461864.000,32.64691185,-117.206506553,5.474,118.748,128.829,4.899,-2.063,-964,,2,5.26,107.047
2026-09-26T22:31:05.000Z,1790461865.000,32.646897055,-117.206479879,6.286,125.285,131.213,-2.448,-1.427,-965,,2,5.802,108.086
2026-09-26T22:31:06.000Z,1790461866.000,32.64687885,-117.206454834,6.216,133.216,128.963,1.5,-0.872,-966,,2,5.35,109.188
2026-09-26T22:31:07.000Z,1790461867.000,32.646858056,-117.206430402,5.858,135.588,124.474,4.879,-0.307,-967,,2,4.911,110.407
2026-09-26T22:31:08.000Z,1790461868.000,32.64683866,-117.206406027,5.738,138.884,123.965,3.724,-1.203,-968,,2,4.619,111.782
2026-09-26T22:31:09.000Z,1790461869.000,32.646821044,-117.206379998,5.795,127.036,122.603,1.382,-0.635,-969,,2,5.27,112.856
2026-09-26T22:31:10.000Z,1790461870.000,32.646803294,-117.206353563,6.185,129.973,123.804,4.826,-1.029,-970,,2,5.483,114.133
2026-09-26T22:31:11.000Z,1790461871.000,32.646787592,-117.206327737,5.883,125.131,124.849,2.712,-1.56,-971,,2,5.424,115.195
2026-09-26T22:31:12.000Z,1790461872.000,32.646772256,-117.206299911,6.269,121.412,123.058,3.641,-1.904,-972,,2,5.924,115.945
2026-09-26T22:31:13.000Z,1790461873.000,32.646758695,-117.206271203,5.992,121.43,122.258,5.624,-1.628,-973,,2,5.66,116.559
2026-09-26T22:31:14.000Z,1790461874.000,32.646745251,-117.206241529,6.5,114.725,123.623,4.437,-1.449,-974,,2,6.346,117.303
2026-09-26T22:31:15.000Z,1790461875.000,32.646731383,-117.206210998,6.52,121.622,126.013,-1.823,-2.089,-975,,2,6.149,118.147
2026-09-26T22:31:16.000Z,1790461876.000,32.64671533,-117.206180976,6,123.796,125.787,-3.527,-1.518,-976,,2,5.577,119.036
2026-09-26T22:31:17.000Z,1790461877.000,32.646698479,-117.206154981,6.013,131.736,127.307,-4.08,-1.881,-977,,2,5.226,120.251
2026-09-26T22:31:18.000Z,1790461878.000,32.646680291,-117.206129862,5.774,129.861,123.933,-0.186,-2.302,-978,,2,5.107,121.258
2026-09-26T22:31:19.000Z,1790461879.000,32.646662979,-117.206103417,6.525,126.651,118.191,2.694,-0.931,-979,,2,5.931,121.943
2026-09-26T22:31:20.000Z,1790461880.000,32.646648471,-117.20607492,6.049,119.481,111.569,5.863,-1.144,-980,,2,5.77,122.194
2026-09-26T22:31:21.000Z,1790461881.000,32.646638293,-117.206044859,5.512,106.97,106.499,0.787,-1.679,-981,,2,5.491,122.063
2026-09-26T22:31:22.000Z,1790461882.000,32.646633285,-117.206013914,6.315,93.647,98.583,2.799,-1.271,-982,,2,6.248,121.128
2026-09-26T22:31:23.000Z,1790461883.000,32.646631642,-117.205984046,5.528,92.596,91.324,7.467,-1.058,-983,,2,5.453,119.927
2026-09-26T22:31:24.000Z,1790461884.000,32.646631684,-117.205954141,5.788,89.704,89.272,7.869,-0.873,-984,,2,5.654,118.962
2026-09-26T22:31:25.000Z,1790461885.000,32.646631369,-117.205922609,5.588,91.324,90.998,-0.296,-1.968,-985,,2,5.49,118.285
2026-09-26T22:31:26.000Z,1790461886.000,32.646628018,-117.20589156,5.662,100.402,92.387,-2.337,-0.281,-986,,2,5.659,117.919
2026-09-26T22:31:27.000Z,1790461887.000,32.646621706,-117.205861154,5.566,106.077,95.217,-0.099,-0.69,-987,,2,5.552,118.002
2026-09-26T22:31:28.000Z,1790461888.000,32.646615721,-117.20583276,5.484,106.612,94.99,-0.654,-1.879,-988,,2,5.467,117.861
2026-09-26T22:31:29.000Z,1790461889.000,32.646610416,-117.205806882,5.072,98.61,93.833,1.94,-1.443,-989,,2,5.063,117.641
2026-09-26T22:31:30.000Z,1790461890.000,32.646605961,-117.20578274,4.276,101.35,86.199,5.599,-1.083,-990,,2,4.276,116.877
2026-09-26T22:31:31.000Z,1790461891.000,32.64660368,-117.205759097,4.287,95.125,79.77,5.479,-0.464,-991,,2,4.254,116.009
2026-09-26T22:31:32.000Z,1790461892.000,32.646603144,-117.205733049,5.126,89.553,81.987,0.464,-2.002,-992,,2,5.003,115.53
2026-09-26T22:31:33.000Z,1790461893.000,32.646602518,-117.205702474,5.849,91.898,85.368,-3.696,-2.159,-993,,2,5.755,115.031
2026-09-26T22:31:34.000Z,1790461894.000,32.646600451,-117.205670083,5.875,95.399,91.464,-1.351,-1.196,-994,,2,5.834,114.853
2026-09-26T22:31:35.000Z,1790461895.000,32.64659964,-117.205638818,6,93.579,90.561,1.939,-1.448,-995,,2,5.932,114.032
2026-09-26T22:31:36.000Z,1790461896.000,32.646601184,-117.205609527,5.629,83.575,86.129,4.352,-0.467,-996,,2,5.333,112.742
2026-09-26T22:31:37.000Z,1790461897.000,32.646604999,-117.205580543,5.067,83.348,81.145,1.392,-1.393,-997,,2,4.793,111.187
2026-09-26T22:31:38.000Z,1790461898.000,32.646607841,-117.205550627,5.137,86.378,81.797,3.253,-0.836,-998,,2,4.939,110.131
2026-09-26T22:31:39.000Z,1790461899.000,32.646608713,-117.205522628,5.313,88.465,83.417,-3.233,-2.196,-999,,2,5.158,109.408
2026-09-26T22:31:40.000Z,1790461900.000,32.646607036,-117.205494621,5.355,93.724,85.365,-0.4,-2.751,-1000,,2,5.294,108.983
2026-09-26T22:31:41.000Z,1790461901.000,32.646605699,-117.205464552,5.867,93.533,83.671,1.64,-1.762,-1001,,2,5.798,108.193
2026-09-26T22:31:42.000Z,1790461902.000,32.646604657,-117.205432165,5.511,92.463,82.078,5.394,-0.289,-1002,,2,5.429,107.318
2026-09-26T22:31:43.000Z,1790461903.000,32.646604923,-117.205402277,5.051,87.391,80.294,9.058,-1.004,-1003,,2,4.878,106.359
2026-09-26T22:31:44.000Z,1790461904.000,32.646606369,-117.20537621,4.639,84.945,78.116,5.538,-1.072,-1004,,2,4.424,105.35
2026-09-26T22:31:45.000Z,1790461905.000,32.646608438,-117.205352633,4.4,84.415,75,4.464,-0.856,-1005,,2,4.183,104.279
2026-09-26T22:31:46.000Z,1790461906.000,32.646611455,-117.205328375,4.582,82.469,70.946,2.61,-2.351,-1006,,2,4.303,103.034
2026-09-26T22:31:47.000Z,1790461907.000,32.646616539,-117.20529883,5.992,78.165,68.663,5.533,-2.393,-1007,,2,5.455,101.553
2026-09-26T22:31:48.000Z,1790461908.000,32.646623781,-117.205266175,6.547,76.674,69.928,7.021,-0.986,-1008,,2,5.885,99.989
2026-09-26T22:31:49.000Z,1790461909.000,32.646633007,-117.205232096,6.742,71.685,68.517,3.019,-1.632,-1009,,2,5.777,98.002
2026-09-26T22:31:50.000Z,1790461910.000,32.646641513,-117.205198501,6.484,74.376,66.679,4.455,-1.138,-1010,,2,5.703,96.08
2026-09-26T22:31:51.000Z,1790461911.000,32.646651331,-117.205166191,5.783,66.487,63.473,5.715,-0.024,-1011,,2,4.656,93.974
2026-09-26T22:31:52.000Z,1790461912.000,32.646661966,-117.205137274,5.8,64.375,58.368,3.139,-0.392,-1012,,2,4.534,91.778
2026-09-26T22:31:53.000Z,1790461913.000,32.646674365,-117.205108793,5.945,60.151,56.291,4.926,-1.188,-1013,,2,4.356,89.585
2026-09-26T22:31:54.000Z,1790461914.000,32.646687528,-117.205079202,6.3,62.181,51.083,6.252,-0.704,-1014,,2,4.759,87.134
2026-09-26T22:31:55.000Z,1790461915.000,32.6467025,-117.205046894,6.488,58.913,54.435,6.518,-1.524,-1015,,2,4.643,84.834
2026-09-26T22:31:56.000Z,1790461916.000,32.646716921,-117.205012817,6.707,61.385,56.961,2.578,-0.674,-1016,,2,4.991,82.514
2026-09-26T22:31:57.000Z,1790461917.000,32.646728543,-117.20498139,6.069,64.962,59.969,2.59,-1.217,-1017,,2,4.755,80.597
2026-09-26T22:31:58.000Z,1790461918.000,32.646737077,-117.20495257,5.3,70.072,62.697,3.124,-0.888,-1018,,2,4.427,79.071
2026-09-26T22:31:59.000Z,1790461919.000,32.646743908,-117.204926226,4.712,72.757,61.694,2.586,-1.623,-1019,,2,4.05,77.58
2026-09-26T22:32:00.000Z,1790461920.000,32.646749777,-117.204901793,4.773,76.29,60.222,5.857,-0.416,-1020,,2,4.243,76.217
2026-09-26T22:32:01.000Z,1790461921.000,32.646756841,-117.204875437,5.285,70.958,58.582,3.758,-1.784,-1021,,2,4.451,74.668
2026-09-26T22:32:02.000Z,1790461922.000,32.646764946,-117.20484436,6.656,74.833,59.585,0.725,-2.499,-1022,,2,5.831,73.027
2026-09-26T22:32:03.000Z,1790461923.000,32.64677532,-117.204807944,7.087,70.254,58.08,1.653,-1.784,-1023,,2,5.911,70.864
2026-09-26T22:32:04.000Z,1790461924.000,32.646786424,-117.204767904,7.887,71.001,63.516,3.857,-0.699,-1024,,2,6.629,68.916
2026-09-26T22:32:05.000Z,1790461925.000,32.646798767,-117.204726562,7.765,68.687,66.756,3.007,-1.188,-1025,,2,6.345,66.691
2026-09-26T22:32:06.000Z,1790461926.000,32.646810442,-117.204686477,6.845,67.002,68.264,5.472,-0.976,-1026,,2,5.469,64.468
2026-09-26T22:32:07.000Z,1790461927.000,32.646821301,-117.204649239,7.008,72.292,69.258,8.171,-0.818,-1027,,2,5.958,62.378
2026-09-26T22:32:08.000Z,1790461928.000,32.646831308,-117.204615371,6.929,64.103,67.354,4.645,-0.405,-1028,,2,5.306,60.283
2026-09-26T22:32:09.000Z,1790461929.000,32.646839697,-117.204584798,5.567,72.211,67.607,2.068,-1.293,-1029,,2,4.722,58.586
2026-09-26T22:32:10.000Z,1790461930.000,32.646846608,-117.204553283,6.012,74.195,67.347,2.467,-1.23,-1030,,2,5.203,56.99
2026-09-26T22:32:11.000Z,1790461931.000,32.646852532,-117.204523626,5.755,79.136,65.075,3.083,-1.514,-1031,,2,5.207,55.424
2026-09-26T22:32:12.000Z,1790461932.000,32.64685792,-117.204492494,6.176,76.56,66.865,4.073,-1.23,-1032,,2,5.463,54.126
2026-09-26T22:32:13.000Z,1790461933.000,32.646864355,-117.204460408,5.533,76.75,67.499,2.916,-1.9,-1033,,2,4.9,52.621
2026-09-26T22:32:14.000Z,1790461934.000,32.646871253,-117.204428626,5.913,76.963,67.324,2.818,-2.235,-1034,,2,5.244,51.024
2026-09-26T22:32:15.000Z,1790461935.000,32.646877884,-117.204397117,6,78.801,68.44,2.989,-1.087,-1035,,2,5.404,49.544
2026-09-26T22:32:16.000Z,1790461936.000,32.646884355,-117.204365798,5.652,77.532,67.918,0.42,-1.433,-1036,,2,5.032,47.983
2026-09-26T22:32:17.000Z,1790461937.000,32.646892144,-117.204333308,5.93,73.129,65.447,4.715,-0.144,-1037,,2,5.053,46.129
2026-09-26T22:32:18.000Z,1790461938.000,32.646901446,-117.204300632,6.192,71.44,61.318,3.72,-0.753,-1038,,2,5.173,44.019
2026-09-26T22:32:19.000Z,1790461939.000,32.646912421,-117.204265208,7.014,71.37,59.719,4.347,-2.493,-1039,,2,5.85,41.811
2026-09-26T22:32:20.000Z,1790461940.000,32.646923053,-117.204229409,6.88,70.808,61.296,2.594,-1.087,-1040,,2,5.695,39.809
2026-09-26T22:32:21.000Z,1790461941.000,32.646933118,-117.204194124,6.452,67.194,67.079,-2.189,-1.728,-1041,,2,5.097,38.137
2026-09-26T22:32:22.000Z,1790461942.000,32.646940513,-117.204162067,5.739,71.171,72.183,-2.902,-1.37,-1042,,2,4.764,36.821
2026-09-26T22:32:23.000Z,1790461943.000,32.646947261,-117.204132872,5.479,78.087,69.4,1.039,-0.976,-1043,,2,4.88,35.137
2026-09-26T22:32:24.000Z,1790461944.000,32.646953107,-117.204103924,4.946,75.512,68.626,3.183,-0.886,-1044,,2,4.297,33.689
2026-09-26T22:32:25.000Z,1790461945.000,32.646959494,-117.20407783,4.4,71.898,66.221,1.198,-0.996,-1045,,2,3.675,32.158
2026-09-26T22:32:26.000Z,1790461946.000,32.646966699,-117.20405122,5.503,73.82,62.282,1.39,-1.574,-1046,,2,4.692,30.442
2026-09-26T22:32:27.000Z,1790461947.000,32.646974678,-117.204022357,5.7,73.026,60.646,2.758,-1.614,-1047,,2,4.814,28.725
2026-09-26T22:32:28.000Z,1790461948.000,32.646983187,-117.203990294,6.012,71.257,63.04,-0.316,-0.638,-1048,,2,4.972,27.098
2026-09-26T22:32:29.000Z,1790461949.000,32.646990635,-117.203956586,7.455,80.726,67,-1.195,-1.726,-1049,,2,6.767,25.642
2026-09-26T22:32:30.000Z,1790461950.000,32.646996705,-117.203924621,6.316,76.386,69.546,2.112,-1.625,-1050,,2,5.514,24.301
2026-09-26T22:32:31.000Z,1790461951.000,32.647003223,-117.203896098,5.103,78.371,68.77,3.514,-1.162,-1051,,2,4.536,22.792
2026-09-26T22:32:32.000Z,1790461952.000,32.647010132,-117.203867234,5.426,71.212,63.592,1.48,-0.386,-1052,,2,4.471,20.965
2026-09-26T22:32:33.000Z,1790461953.000,32.6470173,-117.20383681,5.985,75.891,64.07,2.163,-1.14,-1053,,2,5.189,19.414
2026-09-26T22:32:34.000Z,1790461954.000,32.647025489,-117.203804264,6.184,73.083,62.54,-1.24,-2.812,-1054,,2,5.199,17.579
2026-09-26T22:32:35.000Z,1790461955.000,32.647034264,-117.203770013,6.371,71.179,64.603,0.48,-0.86,-1055,,2,5.235,15.849
2026-09-26T22:32:36.000Z,1790461956.000,32.647042195,-117.203733807,6.4,73.153,69.214,1.675,-1.859,-1056,,2,5.377,14.322
2026-09-26T22:32:37.000Z,1790461957.000,32.647049853,-117.203696336,7.186,77.199,70.416,2.016,-1.348,-1057,,2,6.292,12.581
2026-09-26T22:32:38.000Z,1790461958.000,32.647057181,-117.203659406,6.564,77.468,71.986,2.063,-1.847,-1058,,2,5.758,10.915
2026-09-26T22:32:39.000Z,1790461959.000,32.64706316,-117.203622564,6.75,79.311,73.337,2.103,-0.547,-1059,,2,6.019,9.382
2026-09-26T22:32:40.000Z,1790461960.000,32.647067429,-117.203589955,5.741,83.448,76.419,-0.952,-1.048,-1060,,2,5.292,8.266
2026-09-26T22:32:41.000Z,1790461961.000,32.647069371,-117.203559948,5.548,86.657,78.024,-1.38,-0.977,-1061,,2,5.225,7.369
2026-09-26T22:32:42.000Z,1790461962.000,32.647071962,-117.203529436,5.057,80.987,77.127,-0.227,-2.323,-1062,,2,4.57,6.212
2026-09-26T22:32:43.000Z,1790461963.000,32.647075036,-117.203498227,5.874,82.466,73.765,3.555,-1.702,-1063,,2,5.368,4.816
2026-09-26T22:32:44.000Z,1790461964.000,32.647080596,-117.203465071,6.272,77.139,70.882,3.595,-2.1,-1064,,2,5.467,3.142
2026-09-26T22:32:45.000Z,1790461965.000,32.647087247,-117.203430326,6.853,77.484,70.772,0.449,-0.938,-1065,,2,5.989,1.495
2026-09-26T22:32:46.000Z,1790461966.000,32.647093035,-117.203392294,7.175,83.935,73.193,-0.016,-1.331,-1066,,2,6.62,0.022
2026-09-26T22:32:47.000Z,1790461967.000,32.647098547,-117.203355108,6.826,80.995,73.252,2.962,-1.368,-1067,,2,6.151,-1.557
2026-09-26T22:32:48.000Z,1790461968.000,32.647104436,-117.203319261,6.548,79.316,73.098,3.176,-0.756,-1068,,2,5.811,-3.155
2026-09-26T22:32:49.000Z,1790461969.000,32.647111504,-117.203283517,6.4,76.172,73.448,0.888,-1.516,-1069,,2,5.505,-4.842
2026-09-26T22:32:50.000Z,1790461970.000,32.647117306,-117.203249559,6.2,76.608,74.917,2.013,-0.628,-1070,,2,5.353,-6.269
2026-09-26T22:32:51.000Z,1790461971.000,32.647123473,-117.203216814,5.9,78.094,72.117,0.263,-1.033,-1071,,2,5.166,-7.993
2026-09-26T22:32:52.000Z,1790461972.000,32.647129638,-117.20318358,6.08,74.066,68.368,1.926,-1.102,-1072,,2,5.099,-9.784
2026-09-26T22:32:53.000Z,1790461973.000,32.647136322,-117.203148873,6.095,77.529,69.124,4.273,-0.081,-1073,,2,5.299,-11.379
2026-09-26T22:32:54.000Z,1790461974.000,32.64714273,-117.20311589,5.619,77.981,69.832,3.472,-1.42,-1074,,2,4.904,-12.899
2026-09-26T22:32:55.000Z,1790461975.000,32.647150253,-117.203085256,5.9,75.237,65.783,3.228,-1.409,-1075,,2,5,-14.777
2026-09-26T22:32:56.000Z,1790461976.000,32.647158285,-117.203053794,6.016,71.53,62.132,7.38,-0.215,-1076,,2,4.876,-16.693
2026-09-26T22:32:57.000Z,1790461977.000,32.647167923,-117.20302227,6.1,72.248,59.309,7.517,-1.047,-1077,,2,4.983,-18.723
2026-09-26T22:32:58.000Z,1790461978.000,32.647179054,-117.20298965,6.527,67.7,57.237,2.874,-1.852,-1078,,2,5.009,-20.895
2026-09-26T22:32:59.000Z,1790461979.000,32.647190414,-117.202954832,6.916,68.501,60.161,1.882,-0.925,-1079,,2,5.362,-22.879
2026-09-26T22:33:00.000Z,1790461980.000,32.647201228,-117.202918302,7.188,72.075,63.792,0.718,-2.087,-1080,,2,5.839,-24.799
2026-09-26T22:33:01.000Z,1790461981.000,32.647210355,-117.202881734,6.953,71.581,66.571,-1.736,-1.528,-1081,,2,5.606,-26.583
2026-09-26T22:33:02.000Z,1790461982.000,32.647220007,-117.202844917,6.942,71.356,67.935,0.336,-0.992,-1082,,2,5.575,-28.512
2026-09-26T22:33:03.000Z,1790461983.000,32.647229966,-117.202808683,6.952,73.192,67.838,4.299,-1.6,-1083,,2,5.706,-30.549
2026-09-26T22:33:04.000Z,1790461984.000,32.647240381,-117.20277209,6.888,70.99,66.966,2.423,-1.258,-1084,,2,5.49,-32.694
2026-09-26T22:33:05.000Z,1790461985.000,32.647249236,-117.202736895,6.861,73.279,69.04,1.621,-0.82,-1085,,2,5.624,-34.448
2026-09-26T22:33:06.000Z,1790461986.000,32.647257622,-117.202703045,6.316,73.422,68.569,3.46,-0.535,-1086,,2,5.181,-36.279
2026-09-26T22:33:07.000Z,1790461987.000,32.647267697,-117.202670186,6.012,66.487,61.673,7.414,-1.126,-1087,,2,4.472,-38.65
2026-09-26T22:33:08.000Z,1790461988.000,32.647279111,-117.202640252,6.148,65.352,53.016,12.926,-1.102,-1088,,2,4.483,-41.126
2026-09-26T22:33:09.000Z,1790461989.000,32.647292268,-117.20261209,6.303,60.036,51.189,10.056,0.31,-1089,,2,4.167,-43.369
2026-09-26T22:33:10.000Z,1790461990.000,32.647306193,-117.202584262,6.032,59.358,49.974,0.848,-0.661,-1090,,2,3.925,-45.653
2026-09-26T22:33:11.000Z,1790461991.000,32.647319614,-117.202555679,5.936,58.237,52.395,1.488,-1.57,-1091,,2,3.766,-47.737
2026-09-26T22:33:12.000Z,1790461992.000,32.647332935,-117.202527183,6.173,63.376,48.331,4.445,-1.584,-1092,,2,4.319,-50.103
2026-09-26T22:33:13.000Z,1790461993.000,32.647346165,-117.20249611,6.484,63.178,52.867,5.601,-1.331,-1093,,2,4.512,-52.138
2026-09-26T22:33:14.000Z,1790461994.000,32.647360286,-117.202463694,6.432,59.739,53.207,-0.788,-1.654,-1094,,2,4.181,-54.495
2026-09-26T22:33:15.000Z,1790461995.000,32.647373185,-117.202429264,6.987,65.115,59.078,4.527,-1.141,-1095,,2,5.011,-56.488
2026-09-26T22:33:16.000Z,1790461996.000,32.647388121,-117.202396612,7.204,60.418,52.794,5.69,-1.984,-1096,,2,4.726,-59.277
2026-09-26T22:33:17.000Z,1790461997.000,32.647404345,-117.2023642,6.768,59.327,52.838,9.13,-1.733,-1097,,2,4.33,-61.872
2026-09-26T22:33:18.000Z,1790461998.000,32.647422098,-117.202329417,7.335,57.91,54.444,6.331,-1.286,-1098,,2,4.538,-64.616
2026-09-26T22:33:19.000Z,1790461999.000,32.64743924,-117.20229406,7.467,60.34,57.738,2.56,-1.517,-1099,,2,4.851,-67.22
2026-09-26T22:33:20.000Z,1790462000.000,32.647454834,-117.202258734,7.258,62.986,59.726,5.188,-1.196,-1100,,2,4.953,-69.72
2026-09-26T22:33:21.000Z,1790462001.000,32.647469711,-117.202224395,7.079,61.601,57.488,6.426,-1.589,-1101,,2,4.692,-72.346
2026-09-26T22:33:22.000Z,1790462002.000,32.647483232,-117.202189498,6.749,65.612,57.641,6.035,-1.171,-1102,,2,4.806,-74.713
2026-09-26T22:33:23.000Z,1790462003.000,32.647493744,-117.202156363,6.166,69.2,60.487,5.227,-0.686,-1103,,2,4.646,-76.565
2026-09-26T22:33:24.000Z,1790462004.000,32.647503236,-117.202123642,6.4,70.782,61.967,-1.64,-1.554,-1104,,2,4.93,-78.368
2026-09-26T22:33:25.000Z,1790462005.000,32.647510991,-117.202089609,6.389,76.439,66.006,-0.78,-2.099,-1105,,2,5.294,-79.865
2026-09-26T22:33:26.000Z,1790462006.000,32.64751778,-117.202057649,6.038,78.569,64.238,0.893,-2.389,-1106,,2,5.121,-81.552
2026-09-26T22:33:27.000Z,1790462007.000,32.647525136,-117.202026789,5.931,71.336,63.727,3.748,-1.135,-1107,,2,4.589,-83.193
2026-09-26T22:33:28.000Z,1790462008.000,32.647533537,-117.201998111,5.684,69.574,61.856,5.445,-1.043,-1108,,2,4.278,-84.965
2026-09-26T22:33:29.000Z,1790462009.000,32.647544262,-117.201969325,5.512,69.768,59.627,5.665,-0.637,-1109,,2,4.154,-87.005
2026-09-26T22:33:30.000Z,1790462010.000,32.647556803,-117.201941674,5.7,59.795,53.581,8.147,-0.956,-1110,,2,3.573,-89.397
2026-09-26T22:33:31.000Z,1790462011.000,32.647572,-117.201913427,6.284,55.429,48.544,12.545,-0.092,-1111,,2,3.543,-92.004
2026-09-26T22:33:32.000Z,1790462012.000,32.647590107,-117.201883651,6.936,54.095,48.288,6.96,-1.136,-1112,,2,3.762,-94.741
2026-09-26T22:33:33.000Z,1790462013.000,32.647609304,-117.201850276,7.375,57.46,47.322,3.478,-1.704,-1113,,2,4.34,-97.721
2026-09-26T22:33:34.000Z,1790462014.000,32.647628103,-117.201812763,8.086,60.183,51.167,6.547,-0.581,-1114,,2,5.048,-100.561
2026-09-26T22:33:35.000Z,1790462015.000,32.647647505,-117.201772889,8.5,58.921,52.581,11.754,-2.12,-1115,,2,5.139,-103.629
2026-09-26T22:33:36.000Z,1790462016.000,32.647669236,-117.201733636,8.453,56.46,52.016,9.92,-1.457,-1116,,2,4.795,-107.023
2026-09-26T22:33:37.000Z,1790462017.000,32.647687918,-117.201697364,7.453,60.688,52.19,5.512,-0.554,-1117,,2,4.653,-109.977
2026-09-26T22:33:38.000Z,1790462018.000,32.647703062,-117.201662036,6.812,63.962,57.413,1.962,-0.414,-1118,,2,4.538,-112.274
2026-09-26T22:33:39.000Z,1790462019.000,32.647713105,-117.201629826,6.016,70.864,66.912,-1.1,-2.326,-1119,,2,4.512,-113.657
2026-09-26T22:33:40.000Z,1790462020.000,32.647719172,-117.201597857,5.551,78.435,72.743,0.415,-3.009,-1120,,2,4.607,-114.781
2026-09-26T22:33:41.000Z,1790462021.000,32.647722816,-117.201567089,5.821,84.973,75.795,1.631,-2.626,-1121,,2,5.167,-115.785
2026-09-26T22:33:42.000Z,1790462022.000,32.647722899,-117.201534595,6.217,92.328,81.868,1.94,-0.908,-1122,,2,5.838,-116.229
2026-09-26T22:33:43.000Z,1790462023.000,32.64771976,-117.201497955,6.544,99.234,90.711,0.327,-1.616,-1123,,2,6.37,-116.203
2026-09-26T22:33:44.000Z,1790462024.000,32.647714823,-117.201462688,6.661,99.638,95.133,-0.896,-2.628,-1124,,2,6.495,-116.274
2026-09-26T22:33:45.000Z,1790462025.000,32.647711164,-117.20142921,6.186,96.25,97.508,-3.454,-0.888,-1125,,2,5.939,-116.591
2026-09-26T22:33:46.000Z,1790462026.000,32.647705897,-117.201399443,5.3,106.719,105.246,-2.264,-1.655,-1126,,2,5.273,-116.202
2026-09-26T22:33:47.000Z,1790462027.000,32.647698652,-117.201372562,5.071,113.054,115.453,-5.338,-1.485,-1127,,2,5.071,-115.325
2026-09-26T22:33:48.000Z,1790462028.000,32.647689685,-117.201348423,4.787,115.246,120.209,-3.63,-1.858,-1128,,2,4.781,-114.638
2026-09-26T22:33:49.000Z,1790462029.000,32.647678462,-117.201323682,5.186,121.368,121.836,1.224,-1.8,-1129,,2,5.123,-113.977
2026-09-26T22:33:50.000Z,1790462030.000,32.647665756,-117.201297596,5.5,120.858,128.548,0.863,-1.687,-1130,,2,5.44,-112.806
2026-09-26T22:33:51.000Z,1790462031.000,32.647648743,-117.201272216,6.013,133.517,140.054,0.436,-2.459,-1131,,2,5.605,-110.849
2026-09-26T22:33:52.000Z,1790462032.000,32.64762865,-117.201251459,5.726,143.258,148.416,-2.883,-0.445,-1132,,2,4.905,-108.726
2026-09-26T22:33:53.000Z,1790462033.000,32.647606542,-117.201235644,5.332,152.294,153.532,-3.342,-1.441,-1133,,2,4.073,-106.497
2026-09-26T22:33:54.000Z,1790462034.000,32.647582207,-117.201219643,5.745,148.439,151.034,-5.773,-1.785,-1134,,2,4.622,-104.474
2026-09-26T22:33:55.000Z,1790462035.000,32.647558003,-117.201202821,6.1,149.052,148.518,-1.828,-1.117,-1135,,2,4.863,-102.495
2026-09-26T22:33:56.000Z,1790462036.000,32.647534746,-117.201183648,6.17,139.873,142.055,2.509,-1.748,-1136,,2,5.447,-100.94
2026-09-26T22:33:57.000Z,1790462037.000,32.647513159,-117.201162923,5.764,137.92,139.242,3.053,-1.156,-1137,,2,5.174,-99.384
2026-09-26T22:33:58.000Z,1790462038.000,32.647492564,-117.201140693,5.835,138.435,141.759,-2.201,-1.094,-1138,,2,5.211,-97.615
2026-09-26T22:33:59.000Z,1790462039.000,32.647472121,-117.201119325,5.813,140.437,139.499,-1.913,-1.322,-1139,,2,5.094,-96.161
2026-09-26T22:34:00.000Z,1790462040.000,32.6474517,-117.201097041,6.114,137.825,134.974,-0.083,-1.7,-1140,,2,5.484,-94.898
2026-09-26T22:34:01.000Z,1790462041.000,32.647431324,-117.201073501,6.236,133.997,135.045,-1.892,-0.948,-1141,,2,5.762,-93.353
2026-09-26T22:34:02.000Z,1790462042.000,32.647408695,-117.201047683,6.676,132.615,135.608,0.146,-2.376,-1142,,2,6.225,-91.593
2026-09-26T22:34:03.000Z,1790462043.000,32.647387247,-117.201020086,6.96,131.934,134.801,1.247,-1.993,-1143,,2,6.517,-90.104
2026-09-26T22:34:04.000Z,1790462044.000,32.647367158,-117.200991751,6.728,128.242,136.937,-0.074,-0.026,-1144,,2,6.437,-88.572
2026-09-26T22:34:05.000Z,1790462045.000,32.647347855,-117.200964526,6.196,126.336,139.101,-0.24,-0.392,-1145,,2,5.982,-87.094
2026-09-26T22:34:06.000Z,1790462046.000,32.647328813,-117.200940261,5.725,138.393,139.662,1.159,-1.278,-1146,,2,5.091,-85.677
2026-09-26T22:34:07.000Z,1790462047.000,32.647309255,-117.200919848,5.426,137.442,139.635,-1.74,-0.74,-1147,,2,4.863,-84.142
2026-09-26T22:34:08.000Z,1790462048.000,32.647289598,-117.20090035,5.616,141.876,146.844,-7.395,-1.681,-1148,,2,4.82,-82.101
2026-09-26T22:34:09.000Z,1790462049.000,32.647266735,-117.200881707,6.421,152.264,152.769,-8.086,-3.244,-1149,,2,4.818,-79.814
2026-09-26T22:34:10.000Z,1790462050.000,32.647242624,-117.200865267,6.362,150.387,152.091,-6.554,-0.554,-1150,,2,4.902,-77.723
2026-09-26T22:34:11.000Z,1790462051.000,32.647215495,-117.200848283,6.946,152.409,152.321,-3.922,-2.691,-1151,,2,5.183,-75.274
2026-09-26T22:34:12.000Z,1790462052.000,32.647188274,-117.200830295,6.584,148.561,148.537,-2.935,-2.218,-1152,,2,5.188,-73.078
2026-09-26T22:34:13.000Z,1790462053.000,32.647161311,-117.200808205,6.923,141.839,146.915,-4.269,-0.661,-1153,,2,5.91,-70.895
2026-09-26T22:34:14.000Z,1790462054.000,32.647135245,-117.20078513,7.074,143.219,145.034,-2.345,-1.85,-1154,,2,5.942,-68.854
2026-09-26T22:34:15.000Z,1790462055.000,32.647110822,-117.200761063,7.045,139.616,145.843,-2.197,-1.493,-1155,,2,6.14,-66.845
2026-09-26T22:34:16.000Z,1790462056.000,32.647088658,-117.20073757,6.432,135.16,148.114,-5.272,-2.388,-1156,,2,5.83,-64.973
2026-09-26T22:34:17.000Z,1790462057.000,32.647063731,-117.200717199,6.3,148.031,149.913,-5.045,-2.37,-1157,,2,4.966,-62.754
2026-09-26T22:34:18.000Z,1790462058.000,32.647038273,-117.200699013,7.54,152.995,151.984,-8.074,-0.841,-1158,,2,5.509,-60.409
2026-09-26T22:34:19.000Z,1790462059.000,32.647012527,-117.200681279,6.472,148.858,152.366,-5.133,-2.526,-1159,,2,5.026,-58.119
2026-09-26T22:34:20.000Z,1790462060.000,32.646985945,-117.200662197,6.616,148.977,152.51,-4.316,-2.431,-1160,,2,5.121,-55.79
2026-09-26T22:34:21.000Z,1790462061.000,32.646958335,-117.200642433,6.977,149.598,151.244,-3.968,-1.217,-1161,,2,5.342,-53.45
2026-09-26T22:34:22.000Z,1790462062.000,32.646931386,-117.20062449,6.874,149.487,150.168,-4.028,-1.02,-1162,,2,5.263,-51.121
2026-09-26T22:34:23.000Z,1790462063.000,32.646904223,-117.200605047,6.828,147.909,151.263,-8.08,-1.322,-1163,,2,5.337,-48.684
2026-09-26T22:34:24.000Z,1790462064.000,32.646876469,-117.20058496,6.916,149.769,154.277,-9.096,-1.366,-1164,,2,5.252,-46.096
2026-09-26T22:34:25.000Z,1790462065.000,32.646846836,-117.200565333,7.187,151.474,151.457,-0.763,-2.818,-1165,,2,5.306,-43.623
2026-09-26T22:34:26.000Z,1790462066.000,32.646820147,-117.200543124,7.187,143.782,148.191,-1.141,-1.539,-1166,,2,5.899,-41.567
2026-09-26T22:34:27.000Z,1790462067.000,32.646794693,-117.20052074,6.916,142.574,146.649,2.252,-1.998,-1167,,2,5.751,-39.549
2026-09-26T22:34:28.000Z,1790462068.000,32.646770938,-117.200497309,6.5,143.739,148.996,-2.755,-1.75,-1168,,2,5.324,-37.502
2026-09-26T22:34:29.000Z,1790462069.000,32.646745594,-117.200476986,6.287,147.423,153.362,-4.59,-1.997,-1169,,2,4.898,-35.094
2026-09-26T22:34:30.000Z,1790462070.000,32.646719925,-117.200459328,6.414,149.469,151.097,-4.786,-1.694,-1170,,2,4.842,-32.96
2026-09-26T22:34:31.000Z,1790462071.000,32.646695606,-117.200441117,6.216,147.841,148.533,-4.06,-1.473,-1171,,2,4.799,-31.009
2026-09-26T22:34:32.000Z,1790462072.000,32.646670645,-117.200422372,6.112,150.392,147.972,-3.394,-2.058,-1172,,2,4.533,-28.885
2026-09-26T22:34:33.000Z,1790462073.000,32.646644985,-117.200403445,6.168,145.33,152.827,-9.755,-0.824,-1173,,2,4.913,-26.375
2026-09-26T22:34:34.000Z,1790462074.000,32.64661847,-117.200384775,6.786,150.448,160.376,-9.543,-3.48,-1174,,2,5.005,-23.655
2026-09-26T22:34:35.000Z,1790462075.000,32.646592958,-117.200367751,6.601,151.405,156.005,-3.767,-0.456,-1175,,2,4.785,-21.614
2026-09-26T22:34:36.000Z,1790462076.000,32.646566843,-117.200350433,6.325,153.79,151.204,1.026,-1.366,-1176,,2,4.39,-19.56
2026-09-26T22:34:37.000Z,1790462077.000,32.646541184,-117.200333736,6.589,151.74,151.307,-1.006,-2.508,-1177,,2,4.73,-17.268
2026-09-26T22:34:38.000Z,1790462078.000,32.64651469,-117.200315119,6.827,148.017,149.976,-5.568,-2.986,-1178,,2,5.189,-15.021
2026-09-26T22:34:39.000Z,1790462079.000,32.646487042,-117.200294452,7.167,145.427,149.694,-8.555,-0.415,-1179,,2,5.642,-12.645
2026-09-26T22:34:40.000Z,1790462080.000,32.646457751,-117.200272721,7.439,148.948,148.384,-3.202,-0.512,-1180,,2,5.551,-10.185
2026-09-26T22:34:41.000Z,1790462081.000,32.646431518,-117.200250768,6.73,142.072,146.013,-1.976,-0.82,-1181,,2,5.514,-8.124
2026-09-26T22:34:42.000Z,1790462082.000,32.646407351,-117.200227168,6.901,141.835,146.611,-1.309,-1.903,-1182,,2,5.663,-6.144
2026-09-26T22:34:43.000Z,1790462083.000,32.64638392,-117.20020469,6.416,143.97,149.499,-2.182,-2.049,-1183,,2,5.117,-4.074
2026-09-26T22:34:44.000Z,1790462084.000,32.646358348,-117.200183643,6.8,145.852,151.84,-4.706,-2.612,-1184,,2,5.275,-1.777
2026-09-26T22:34:45.000Z,1790462085.000,32.646334149,-117.200164467,6.114,150.277,149.904,-4.6,-0.968,-1185,,2,4.423,0.176
2026-09-26T22:34:46.000Z,1790462086.000,32.646309838,-117.200144834,6.452,146.164,143.768,1.037,-3.045,-1186,,2,4.968,1.86
2026-09-26T22:34:47.000Z,1790462087.000,32.646285911,-117.200120803,6.6,136.646,142.326,-3.3,-1.327,-1187,,2,5.702,3.672
2026-09-26T22:34:48.000Z,1790462088.000,32.646263085,-117.20009544,6.8,137.309,147.436,-9.09,-1.299,-1188,,2,5.827,5.749
2026-09-26T22:34:49.000Z,1790462089.000,32.646236199,-117.200073244,7.617,149.803,153.504,-5.628,-2.83,-1189,,2,5.509,8.375
2026-09-26T22:34:50.000Z,1790462090.000,32.646208599,-117.200054503,7.037,150.342,150.383,-3.174,-2.928,-1190,,2,5.032,10.636
2026-09-26T22:34:51.000Z,1790462091.000,32.646181078,-117.200034574,6.688,149.405,149.579,-5.044,-0.627,-1191,,2,4.847,12.987
2026-09-26T22:34:52.000Z,1790462092.000,32.646154973,-117.200014767,6.786,149.383,148.99,-3.379,-2.517,-1192,,2,4.909,15.202
2026-09-26T22:34:53.000Z,1790462093.000,32.646129532,-117.199992688,7.128,141.878,145.872,-1.231,-1.575,-1193,,2,5.746,17.13
2026-09-26T22:34:54.000Z,1790462094.000,32.646106265,-117.199969361,6.649,137.37,142.09,2.564,-0.72,-1194,,2,5.646,18.741
2026-09-26T22:34:55.000Z,1790462095.000,32.646085612,-117.199943616,6.076,132.528,139.286,1.448,-0.912,-1195,,2,5.408,20.063
2026-09-26T22:34:56.000Z,1790462096.000,32.646067485,-117.199918619,5.853,129.482,137.468,-1.682,-2.569,-1196,,2,5.341,21.2
2026-09-26T22:34:57.000Z,1790462097.000,32.646050459,-117.199895102,5.448,130.211,134.66,-1.861,-1.307,-1197,,2,4.94,22.185
2026-09-26T22:34:58.000Z,1790462098.000,32.646033635,-117.199871151,5.335,126.504,127.112,0.312,-2.029,-1198,,2,4.971,22.778
2026-09-26T22:34:59.000Z,1790462099.000,32.646019456,-117.199848495,4.964,122.798,116.334,1.705,-1.595,-1199,,2,4.732,22.839
2026-09-26T22:35:00.000Z,1790462100.000,32.646008101,-117.199824291,5.086,114.12,106.139,3.559,-2.04,-1200,,2,5.025,22.578
2026-09-26T22:35:01.000Z,1790462101.000,32.64599939,-117.19979895,4.952,110.56,100.642,0.784,-1.739,-1201,,2,4.931,22.382
2026-09-26T22:35:02.000Z,1790462102.000,32.64599142,-117.199769582,5.588,108.873,98.088,1.084,-0.377,-1202,,2,5.577,22.239
2026-09-26T22:35:03.000Z,1790462103.000,32.645984906,-117.199739579,5.374,103.48,95.408,6.213,-1.106,-1203,,2,5.371,21.915
2026-09-26T22:35:04.000Z,1790462104.000,32.645982612,-117.199707936,5.872,94.714,90.922,1.032,-2.803,-1204,,2,5.772,20.958
2026-09-26T22:35:05.000Z,1790462105.000,32.645982032,-117.199676868,5.716,92.232,86.063,-0.814,-0.777,-1205,,2,5.566,19.814
2026-09-26T22:35:06.000Z,1790462106.000,32.645984415,-117.199644639,5.549,82.42,78.543,3.076,-0.817,-1206,,2,5.106,18.141
2026-09-26T22:35:07.000Z,1790462107.000,32.645987985,-117.199614697,5.587,78.357,75.809,7.286,-0.967,-1207,,2,4.968,16.765
2026-09-26T22:35:08.000Z,1790462108.000,32.645993198,-117.199587355,4.9,75.541,72.881,4.828,-0.761,-1208,,2,4.238,15.276
2026-09-26T22:35:09.000Z,1790462109.000,32.645998906,-117.199561292,5.077,76.243,71.149,2.658,-0.652,-1209,,2,4.419,13.854
2026-09-26T22:35:10.000Z,1790462110.000,32.646004132,-117.199537389,4.587,77.429,69.692,2.706,-1.635,-1210,,2,4.035,12.562
2026-09-26T22:35:11.000Z,1790462111.000,32.646009069,-117.199511849,4.772,76.376,65.834,3.822,-1.31,-1211,,2,4.152,11.108
2026-09-26T22:35:12.000Z,1790462112.000,32.646015162,-117.199485052,5.084,74.169,63.677,5.608,-2.076,-1212,,2,4.319,9.611
2026-09-26T22:35:13.000Z,1790462113.000,32.646023301,-117.199456852,5.236,69.619,63.837,4.015,0.539,-1213,,2,4.209,7.998
2026-09-26T22:35:14.000Z,1790462114.000,32.646031262,-117.199428384,5.3,72.862,64.076,-2.43,-2.091,-1214,,2,4.427,6.402
2026-09-26T22:35:15.000Z,1790462115.000,32.646039536,-117.199399657,5.821,71.747,62.222,2.472,-2.474,-1215,,2,4.793,4.641
2026-09-26T22:35:16.000Z,1790462116.000,32.646047262,-117.19936924,5.765,72.165,62.483,6.846,-0.259,-1216,,2,4.765,3.018
2026-09-26T22:35:17.000Z,1790462117.000,32.646055296,-117.199338628,5.975,72.067,66.651,-0.979,-1.117,-1217,,2,4.927,1.593
2026-09-26T22:35:18.000Z,1790462118.000,32.646063138,-117.199307307,5.77,73.139,67.336,-1.364,-1.264,-1218,,2,4.812,-0.038
2026-09-26T22:35:19.000Z,1790462119.000,32.646071046,-117.199276684,5.833,72.296,63.273,4.971,-1.096,-1219,,2,4.81,-1.949
2026-09-26T22:35:20.000Z,1790462120.000,32.64608024,-117.199246439,5.724,67.555,62.055,8.551,-1.176,-1220,,2,4.428,-3.81
2026-09-26T22:35:21.000Z,1790462121.000,32.646091675,-117.199216809,6.073,64.546,56.68,6.729,-1.907,-1221,,2,4.48,-6.117
2026-09-26T22:35:22.000Z,1790462122.000,32.646103973,-117.199186802,6.1,64.655,56.268,3.01,-1.206,-1222,,2,4.497,-8.253
2026-09-26T22:35:23.000Z,1790462123.000,32.646116466,-117.199156076,6.567,63.48,55.651,1.063,-1.133,-1223,,2,4.738,-10.439
2026-09-26T22:35:24.000Z,1790462124.000,32.64612878,-117.199123695,6.238,69.394,56.841,4.285,-0.013,-1224,,2,4.912,-12.557
2026-09-26T22:35:25.000Z,1790462125.000,32.64614087,-117.199092835,6,64.642,59.114,3.643,-1.506,-1225,,2,4.393,-14.55
2026-09-26T22:35:26.000Z,1790462126.000,32.646152018,-117.199063738,5.589,64.105,59.864,2.687,-0.712,-1226,,2,4.047,-16.475
2026-09-26T22:35:27.000Z,1790462127.000,32.646163669,-117.199034789,5.711,64.253,58.793,0.964,-2.016,-1227,,2,4.136,-18.551
2026-09-26T22:35:28.000Z,1790462128.000,32.646174374,-117.199007214,5.587,65.404,56.353,2.877,-2.008,-1228,,2,4.114,-20.56
2026-09-26T22:35:29.000Z,1790462129.000,32.646185883,-117.198977985,5.958,65.545,56.005,6.138,-0.565,-1229,,2,4.387,-22.587
2026-09-26T22:35:30.000Z,1790462130.000,32.646198927,-117.198946711,6.4,63.008,52.168,3.663,-0.873,-1230,,2,4.503,-25.003
2026-09-26T22:35:31.000Z,1790462131.000,32.646214083,-117.198912001,6.948,60.921,52.018,9.882,-1.052,-1231,,2,4.69,-27.555
2026-09-26T22:35:32.000Z,1790462132.000,32.646231031,-117.198878458,7.073,57.392,51.079,6.751,-1.872,-1232,,2,4.427,-30.304
2026-09-26T22:35:33.000Z,1790462133.000,32.646246438,-117.198845273,6.816,62.168,55.975,4.623,-0.303,-1233,,2,4.68,-32.593
2026-09-26T22:35:34.000Z,1790462134.000,32.646259371,-117.198811491,6.548,68.38,58.096,3.33,-1.203,-1234,,2,4.973,-34.767
2026-09-26T22:35:35.000Z,1790462135.000,32.646270811,-117.198777543,6.326,69.047,58.898,7.931,-0.714,-1235,,2,4.841,-36.852
2026-09-26T22:35:36.000Z,1790462136.000,32.646282853,-117.198745362,5.909,61.787,58.564,9.502,-0.173,-1236,,2,3.994,-39.014
2026-09-26T22:35:37.000Z,1790462137.000,32.646296581,-117.198714089,6.552,61.564,54.606,8.691,-1.241,-1237,,2,4.395,-41.521
2026-09-26T22:35:38.000Z,1790462138.000,32.646310749,-117.19868286,6.335,60.161,55.654,9.906,0.288,-1238,,2,4.119,-43.815
2026-09-26T22:35:39.000Z,1790462139.000,32.646325319,-117.198653809,6.174,58.988,53.254,8.522,-0.539,-1239,,2,3.903,-46.264
2026-09-26T22:35:40.000Z,1790462140.000,32.646340811,-117.198626381,6.028,56.727,49.482,11.684,-0.492,-1240,,2,3.608,-48.824
2026-09-26T22:35:41.000Z,1790462141.000,32.646357819,-117.198600081,6.084,52.2,44.537,8.723,-1.079,-1241,,2,3.228,-51.542
2026-09-26T22:35:42.000Z,1790462142.000,32.646375829,-117.198572304,6.288,52.941,44.834,10.057,-1.014,-1242,,2,3.388,-54.195
2026-09-26T22:35:43.000Z,1790462143.000,32.646394021,-117.198544778,6.559,52.354,42.631,7.457,-1.351,-1243,,2,3.458,-56.952
2026-09-26T22:35:44.000Z,1790462144.000,32.646411161,-117.198518396,6.184,53.201,43.62,8.095,-0.714,-1244,,2,3.321,-59.449
2026-09-26T22:35:45.000Z,1790462145.000,32.646428911,-117.198491023,6.289,50.923,41.736,6.137,-1.457,-1245,,2,3.145,-62.141
2026-09-26T22:35:46.000Z,1790462146.000,32.646445799,-117.198463993,6.449,53.49,43.278,7.438,-1.947,-1246,,2,3.455,-64.61
2026-09-26T22:35:47.000Z,1790462147.000,32.6464635,-117.198435433,6.559,51.663,46.46,8.754,-1.83,-1247,,2,3.317,-67.138
2026-09-26T22:35:48.000Z,1790462148.000,32.646483774,-117.198405362,7.52,51.04,42.759,8.873,-1.499,-1248,,2,3.707,-70.245
2026-09-26T22:35:49.000Z,1790462149.000,32.64650611,-117.198373388,7.965,51.624,40.068,10.396,-1.81,-1249,-996.372,2,3.968,-73.572
2026-09-26T22:35:50.000Z,1790462150.000,32.646529257,-117.198340658,7.813,48.575,43.822,12.701,-0.892,-1250,-994.29,2,3.497,-76.786
2026-09-26T22:35:51.000Z,1790462151.000,32.646552097,-117.198308785,7.27,49.178,43.345,9.084,-0.063,-1251,-992.594,2,3.295,-80.091
2026-09-26T22:35:52.000Z,1790462152.000,32.64657125,-117.198277774,6.847,56.274,50.341,5.913,-1.386,-1252,-990.253,2,3.814,-82.676
2026-09-26T22:35:53.000Z,1790462153.000,32.646587386,-117.198246765,6.249,59.4,52.463,1.458,-1.049,-1253,-988.147,2,3.742,-85.128
2026-09-26T22:35:54.000Z,1790462154.000,32.646601747,-117.198216372,6.387,61.526,53.137,4.392,-2.139,-1254,-986.12,2,3.996,-87.44
2026-09-26T22:35:55.000Z,1790462155.000,32.646616029,-117.198186739,6.352,57.16,51.49,8.084,-2.277,-1255,-984.319,2,3.569,-89.834
2026-09-26T22:35:56.000Z,1790462156.000,32.646631715,-117.198156102,6.477,57.249,50.895,8.33,-0.941,-1256,-982.42,2,3.629,-92.353
2026-09-26T22:35:57.000Z,1790462157.000,32.646647245,-117.198126635,6.065,59.523,51.151,5.221,-0.633,-1257,-980.554,2,3.579,-94.785
2026-09-26T22:35:58.000Z,1790462158.000,32.646662336,-117.198097202,5.914,59.542,48.764,5.352,-2.648,-1258,-978.862,2,3.475,-97.288
2026-09-26T22:35:59.000Z,1790462159.000,32.646678121,-117.198068089,6.453,58.295,49.305,8.852,-0.709,-1259,-977.016,2,3.66,-99.726
2026-09-26T22:36:00.000Z,1790462160.000,32.646695607,-117.19803847,6.323,55.085,44.359,7.054,-1.525,-1260,-975.61,2,3.268,-102.584
2026-09-26T22:36:01.000Z,1790462161.000,32.646711933,-117.1980087,6.673,55.647,46.178,3.519,-2.487,-1261,-973.633,2,3.486,-105.051
2026-09-26T22:36:02.000Z,1790462162.000,32.646728257,-117.197977287,6.786,59.822,48.888,1.165,-2.654,-1262,-971.453,2,3.937,-107.518
2026-09-26T22:36:03.000Z,1790462163.000,32.646742865,-117.197943479,7.068,63.221,56.008,0.869,-2.443,-1263,-968.687,2,4.418,-109.642
2026-09-26T22:36:04.000Z,1790462164.000,32.646755836,-117.197908576,6.551,67.896,60.426,1.863,-1.64,-1264,-965.964,2,4.483,-111.721
2026-09-26T22:36:05.000Z,1790462165.000,32.646767366,-117.197876672,6.126,68.42,60.676,2.427,-0.457,-1265,-963.714,2,4.219,-113.79
2026-09-26T22:36:06.000Z,1790462166.000,32.646778298,-117.197847899,5.784,61.169,59.53,3.456,-0.542,-1266,-961.797,2,3.409,-115.79
2026-09-26T22:36:07.000Z,1790462167.000,32.646790684,-117.197820724,5.335,61.285,56.492,5.1,-2.177,-1267,-960.21,2,3.139,-118.001
2026-09-26T22:36:08.000Z,1790462168.000,32.646804352,-117.197796139,5.436,55.988,49.482,9.947,-0.889,-1268,-959.194,2,2.764,-120.453
2026-09-26T22:36:09.000Z,1790462169.000,32.646821032,-117.197771418,6.031,51.235,42.523,9.378,-0.514,-1269,-958.325,2,2.606,-123.168
2026-09-26T22:36:10.000Z,1790462170.000,32.646838296,-117.197746358,5.984,49.097,43.755,9.073,0.285,-1270,-956.838,2,2.364,-125.634
2026-09-26T22:36:11.000Z,1790462171.000,32.64685743,-117.197718387,6.612,52.372,39.911,6.838,-1.599,-1271,-955.573,2,2.931,-128.555
2026-09-26T22:36:12.000Z,1790462172.000,32.646875224,-117.19768849,6.7,54.799,44.934,7.399,-1.258,-1272,-953.403,2,3.2,-131.074
2026-09-26T22:36:13.000Z,1790462173.000,32.646894428,-117.197658822,6.872,53.171,44.211,6.528,-1.816,-1273,-951.754,2,3.084,-133.943
2026-09-26T22:36:14.000Z,1790462174.000,32.64691478,-117.197627741,7.252,54.903,43.414,8.128,-2.052,-1274,-950.04,2,3.422,-136.974
2026-09-26T22:36:15.000Z,1790462175.000,32.646933348,-117.197593642,7.075,60.424,49.651,8.114,-1.044,-1275,-947.465,2,3.899,-139.611
2026-09-26T22:36:16.000Z,1790462176.000,32.646950714,-117.19756067,6.827,54.254,51.32,5.498,-0.476,-1276,-945.274,2,3.104,-142.271
2026-09-26T22:36:17.000Z,1790462177.000,32.646966921,-117.197529968,6.347,56.263,53.804,8.3,-1.083,-1277,-943.174,2,3.062,-144.702
2026-09-26T22:36:18.000Z,1790462178.000,32.646983295,-117.197501446,6,54.957,49.355,7.658,-1.686,-1278,-941.762,2,2.754,-147.418
2026-09-26T22:36:19.000Z,1790462179.000,32.646997621,-117.197475616,5.339,57.103,51.587,7.878,-0.75,-1279,-940.013,2,2.611,-149.535
2026-09-26T22:36:20.000Z,1790462180.000,32.64701196,-117.197449984,5.53,59.078,48.292,5.969,-1.657,-1280,-938.681,2,2.853,-151.896
2026-09-26T22:36:21.000Z,1790462181.000,32.647026537,-117.197424562,6.14,52.21,45.188,6.636,-2.326,-1281,-937.37,2,2.497,-154.256
2026-09-26T22:36:22.000Z,1790462182.000,32.647043837,-117.197396347,6.451,53.53,41.769,9.419,-1.204,-1282,-935.967,2,2.735,-156.981
2026-09-26T22:36:23.000Z,1790462183.000,32.647062588,-117.197368642,6.487,50.431,41.429,8.115,-1.801,-1283,-934.439,2,2.405,-159.733
2026-09-26T22:36:24.000Z,1790462184.000,32.647082275,-117.1973409,6.668,50.675,39.324,8.746,-1.423,-1284,-933.086,2,2.472,-162.642
2026-09-26T22:36:25.000Z,1790462185.000,32.647102671,-117.197312599,6.8,47.774,40.804,11.998,-0.425,-1285,-931.437,2,2.171,-165.525
2026-09-26T22:36:26.000Z,1790462186.000,32.647124972,-117.197285078,7.05,44.588,37.079,11.799,-1.277,-1286,-930.347,2,1.845,-168.752
2026-09-26T22:36:27.000Z,1790462187.000,32.647149037,-117.197257983,7.153,42.706,37.896,15.127,-1.253,-1287,-929.014,2,1.612,-172.02
2026-09-26T22:36:28.000Z,1790462188.000,32.647174651,-117.197232027,7.537,40.964,34.561,15.078,-1.515,-1288,-928.176,2,1.438,-175.535
2026-09-26T22:36:29.000Z,1790462189.000,32.647202244,-117.197203036,7.658,42.715,33.154,12.855,-0.804,-1289,-927.013,2,1.651,-179.284
2026-09-26T22:36:30.000Z,1790462190.000,32.647226506,-117.197172909,7.674,47.348,39.558,12.12,-1.554,-1290,-924.987,2,2.219,-182.501
2026-09-26T22:36:31.000Z,1790462191.000,32.647248027,-117.197142188,7.3,50.851,44.439,8.908,-0.849,-1291,-922.92,2,2.502,-185.449
2026-09-26T22:36:32.000Z,1790462192.000,32.647267412,-117.197112946,6.565,50.526,44.457,8.765,-0.219,-1292,-921.26,2,2.189,-188.296
2026-09-26T22:36:33.000Z,1790462193.000,32.647285467,-117.197083843,6.55,50.783,46.373,7.082,-1.349,-1293,-919.411,2,2.186,-190.924
2026-09-26T22:36:34.000Z,1790462194.000,32.647301566,-117.197057127,6,58.543,47.446,10.743,-1.1,-1294,-917.745,2,2.728,-193.311
2026-09-26T22:36:35.000Z,1790462195.000,32.6473176,-117.197031808,5.605,54.697,45.935,10.637,-0.24,-1295,-916.387,2,2.189,-195.76
2026-09-26T22:36:36.000Z,1790462196.000,32.647335574,-117.197005798,6.089,49.304,43.978,11.784,-1.915,-1296,-915.092,2,1.817,-198.447
2026-09-26T22:36:37.000Z,1790462197.000,32.647354422,-117.196980761,6.523,49.151,42.67,14.148,-0.932,-1297,-913.871,2,1.905,-201.174
2026-09-26T22:36:38.000Z,1790462198.000,32.647376554,-117.196955106,6.886,43.392,35.316,12.579,-1.412,-1298,-913.215,2,1.309,-204.446
2026-09-26T22:36:39.000Z,1790462199.000,32.647400109,-117.196927332,7.69,46.284,32.646,8.509,-2.282,-1299,-912.08,2,1.804,-207.764
2026-09-26T22:36:40.000Z,1790462200.000,32.647422836,-117.196894078,7.888,54.014,42.391,5.727,-0.148,-1300,-909.459,2,2.829,-210.792
2026-09-26T22:36:41.000Z,1790462201.000,32.647444301,-117.196859623,7.726,53.652,46.154,2.24,-1.837,-1301,-907.158,2,2.689,-213.863
2026-09-26T22:36:42.000Z,1790462202.000,32.647463949,-117.196827699,7.2,54.656,50.045,10.827,-0.645,-1302,-904.993,2,2.593,-216.646
2026-09-26T22:36:43.000Z,1790462203.000,32.647483446,-117.19679909,6.9,50.76,48.191,8.955,-1.768,-1303,-903.529,2,2.013,-219.571
2026-09-26T22:36:44.000Z,1790462204.000,32.647502845,-117.196771316,6.649,50.205,46.676,8.81,-1.072,-1304,-902.109,2,1.849,-222.445
2026-09-26T22:36:45.000Z,1790462205.000,32.647521673,-117.196745435,5.94,48.277,45.058,14.117,0.704,-1305,-900.836,2,1.435,-225.209
2026-09-26T22:36:46.000Z,1790462206.000,32.647540381,-117.196721518,5.9,46.511,41.498,15.204,-1.206,-1306,-899.877,2,1.225,-227.972
2026-09-26T22:36:47.000Z,1790462207.000,32.647560648,-117.196697648,6.1,42.692,40.732,15.467,-0.053,-1307,-898.778,2,0.841,-230.797
2026-09-26T22:36:48.000Z,1790462208.000,32.647580764,-117.196674358,6.1,49.259,32.996,8.678,-1.209,-1308,-898.273,2,1.501,-233.781
2026-09-26T22:36:49.000Z,1790462209.000,32.647599914,-117.196649394,6.114,43.102,38.982,6.305,-0.652,-1309,-896.498,2,0.835,-236.329
2026-09-26T22:36:50.000Z,1790462210.000,32.647619268,-117.196623638,6.416,52.006,39.793,5.114,-2.036,-1310,-895.074,2,1.824,-239.055
2026-09-26T22:36:51.000Z,1790462211.000,32.647639404,-117.196596651,6.676,49.288,39.921,6.559,-1.371,-1311,-893.632,2,1.563,-241.92
2026-09-26T22:36:52.000Z,1790462212.000,32.647659887,-117.196569453,7.047,45.733,38.285,7.154,-0.918,-1312,-892.325,2,1.19,-244.882
2026-09-26T22:36:53.000Z,1790462213.000,32.647681145,-117.196541865,6.852,48.88,35.868,8.866,-1.737,-1313,-891.082,2,1.495,-247.954
2026-09-26T22:36:54.000Z,1790462214.000,32.647703222,-117.196513626,6.916,47.66,37.691,10.556,-1.852,-1314,-889.484,2,1.333,-251.012
2026-09-26T22:36:55.000Z,1790462215.000,32.647725195,-117.196486133,6.539,43.236,38.195,7.767,0.599,-1315,-888.05,2,0.731,-254.075
2026-09-26T22:36:56.000Z,1790462216.000,32.647744708,-117.196459542,5.869,50.923,42.608,5.546,-1.806,-1316,-886.283,2,1.405,-256.722
2026-09-26T22:36:57.000Z,1790462217.000,32.647762421,-117.196433697,6.111,50.443,44.197,7.59,-1.17,-1317,-884.721,2,1.389,-259.243
2026-09-26T22:36:58.000Z,1790462218.000,32.64777974,-117.196408063,5.812,52.218,44.377,9.934,-1.695,-1318,-883.268,2,1.473,-261.768
2026-09-26T22:36:59.000Z,1790462219.000,32.647797869,-117.19638319,6.354,46.137,39.608,10.006,-1.751,-1319,-882.297,2,0.924,-264.529
2026-09-26T22:37:00.000Z,1790462220.000,32.647818763,-117.196356728,7.002,48.346,33.49,10.179,-0.926,-1320,-881.426,2,1.253,-267.635
2026-09-26T22:37:01.000Z,1790462221.000,32.647841139,-117.196326051,7.636,49.831,40.795,8.71,-1.794,-1321,-879.2,2,1.522,-270.634
2026-09-26T22:37:02.000Z,1790462222.000,32.647863793,-117.196292054,7.863,54.93,42.134,2.893,-1.352,-1322,-877.173,2,2.205,-273.913
2026-09-26T22:37:03.000Z,1790462223.000,32.647883541,-117.196257033,7.119,55.9,54.802,2.828,-1.732,-1323,-874.106,2,2.079,-276.413
2026-09-26T22:37:04.000Z,1790462224.000,32.647898073,-117.1962244,6.532,64.638,60.963,3.502,-0.873,-1324,-871.53,2,2.81,-278.506
2026-09-26T22:37:05.000Z,1790462225.000,32.64790803,-117.196193098,5.557,73.732,67.586,2.233,-0.191,-1325,-868.872,2,3.138,-280.01
2026-09-26T22:37:06.000Z,1790462226.000,32.647914362,-117.19616316,5.165,77.564,72.425,2.928,-2,-1326,-866.309,2,3.183,-281.172
2026-09-26T22:37:07.000Z,1790462227.000,32.647917718,-117.196132388,5.6,84.905,75.491,0.869,-2.757,-1327,-863.654,2,3.975,-282.144
2026-09-26T22:37:08.000Z,1790462228.000,32.647917279,-117.196100921,5.616,95.17,83.664,3.391,-2,-1328,-860.565,2,4.621,-282.348
2026-09-26T22:37:09.000Z,1790462229.000,32.647912807,-117.196068466,5.771,98.752,95.063,-2.758,-1.208,-1329,-857.202,2,4.941,-281.861
2026-09-26T22:37:10.000Z,1790462230.000,32.647903952,-117.196037909,5.827,111.915,106.029,-5.155,-1.693,-1330,-853.987,2,5.542,-280.853
2026-09-26T22:37:11.000Z,1790462231.000,32.647894712,-117.196010536,5.468,116.189,109.214,-2.509,-1.679,-1331,-851.199,2,5.312,-280.343
2026-09-26T22:37:12.000Z,1790462232.000,32.647886102,-117.19598471,4.768,105.251,110.656,2.323,-1.693,-1332,-848.593,2,4.33,-280.001
2026-09-26T22:37:13.000Z,1790462233.000,32.647877806,-117.195959745,4.639,113.657,117.161,-0.838,-1.213,-1333,-846.087,2,4.451,-279.263
2026-09-26T22:37:14.000Z,1790462234.000,32.64786764,-117.19593709,4.386,126.519,132.29,-7.879,-3.078,-1334,-843.939,2,4.378,-277.626
2026-09-26T22:37:15.000Z,1790462235.000,32.647853381,-117.195915477,5.137,130.327,144.368,-6.506,-2.631,-1335,-841.86,2,5.137,-275.851
2026-09-26T22:37:16.000Z,1790462236.000,32.647835883,-117.195894364,5.477,127.243,140.908,0.348,-0.241,-1336,-839.136,2,5.471,-274.78
2026-09-26T22:37:17.000Z,1790462237.000,32.64781881,-117.195873216,5.139,135.487,138.702,2.887,-0.414,-1337,-836.485,2,5.114,-273.676
2026-09-26T22:37:18.000Z,1790462238.000,32.647802473,-117.195854683,4.697,137.197,137.846,0.18,-0.821,-1338,-834.142,2,4.658,-272.491
2026-09-26T22:37:19.000Z,1790462239.000,32.647785641,-117.195835986,5.172,136.792,134.01,0.36,-2.455,-1339,-831.674,2,5.134,-271.47
2026-09-26T22:37:20.000Z,1790462240.000,32.647766469,-117.195815481,5.5,140.106,133.26,-0.547,-0.321,-1340,-829.045,2,5.412,-270.031
2026-09-26T22:37:21.000Z,1790462241.000,32.647746315,-117.195794274,5.827,138.446,131.143,0.961,-1.205,-1341,-826.279,2,5.761,-268.607
2026-09-26T22:37:22.000Z,1790462242.000,32.647728064,-117.195770118,5.828,130.93,126.378,1.741,-0.18,-1342,-823.295,2,5.827,-267.667
2026-09-26T22:37:23.000Z,1790462243.000,32.647712516,-117.195746079,5.568,127.484,125.085,4.907,-1.187,-1343,-820.52,2,5.564,-266.753
2026-09-26T22:37:24.000Z,1790462244.000,32.647700328,-117.195721081,5.125,114.363,121.286,2.463,-0.017,-1344,-817.782,2,4.937,-266.42
2026-09-26T22:37:25.000Z,1790462245.000,32.647689311,-117.195696219,5.013,116.623,123.506,6.257,-1.575,-1345,-815.187,2,4.878,-265.739
2026-09-26T22:37:26.000Z,1790462246.000,32.647678984,-117.195671289,5.032,117.408,129.485,1.882,-1.838,-1346,-812.702,2,4.911,-264.851
2026-09-26T22:37:27.000Z,1790462247.000,32.6476654,-117.195647651,4.911,126.176,139.476,0.995,-1.353,-1347,-810.362,2,4.901,-263.321
2026-09-26T22:37:28.000Z,1790462248.000,32.647648647,-117.195627979,5.087,135.978,150.681,-6.025,-0.129,-1348,-808.409,2,5.058,-261.353
2026-09-26T22:37:29.000Z,1790462249.000,32.647629403,-117.19561068,5.2,146.997,156.062,-7.955,-1.016,-1349,-806.354,2,4.966,-259.466
2026-09-26T22:37:30.000Z,1790462250.000,32.647608168,-117.195599,5.337,158.663,156.054,-3.049,-0.587,-1350,-804.413,2,4.667,-257.516
2026-09-26T22:37:31.000Z,1790462251.000,32.647585719,-117.195585796,5.376,154.333,153.974,-5.47,-1.665,-1351,-802.176,2,4.882,-255.59
2026-09-26T22:37:32.000Z,1790462252.000,32.647561563,-117.195572554,6.031,159.547,158.047,-7.383,-2.374,-1352,-800.197,2,5.217,-253.157
2026-09-26T22:37:33.000Z,1790462253.000,32.647535232,-117.195559573,6.286,156.472,156.188,-4.519,-1.522,-1353,-797.816,2,5.592,-250.794
2026-09-26T22:37:34.000Z,1790462254.000,32.647510151,-117.195545539,6.033,156.254,157.081,-0.48,-1.374,-1354,-795.553,2,5.372,-248.451
2026-09-26T22:37:35.000Z,1790462255.000,32.647487273,-117.19552977,5.377,145.214,152.306,-0.772,-0.325,-1355,-792.933,2,5.166,-246.695
2026-09-26T22:37:36.000Z,1790462256.000,32.647466367,-117.195515256,5.114,152.967,156.142,4.217,-1.341,-1356,-790.968,2,4.673,-244.647
2026-09-26T22:37:37.000Z,1790462257.000,32.647447081,-117.195500367,4.967,141.192,153.02,-0.044,-1.044,-1357,-788.671,2,4.854,-243.16
2026-09-26T22:37:38.000Z,1790462258.000,32.64742711,-117.195485391,4.924,151.781,160.088,-1.7,3.359,-1358,-786.896,2,4.534,-241.065
2026-09-26T22:37:39.000Z,1790462259.000,32.647405144,-117.195473707,4.87,156.298,165.576,-1.508,-0.849,-1359,-785.262,2,4.315,-238.791
2026-09-26T22:37:40.000Z,1790462260.000,32.64738108,-117.195464655,5.242,164.208,173.222,-4.555,-1.455,-1360,-783.936,2,4.257,-236.185
2026-09-26T22:37:41.000Z,1790462261.000,32.647356055,-117.195458644,5.349,170.886,172.447,-0.977,-1.75,-1361,-782.262,2,3.942,-233.705
2026-09-26T22:37:42.000Z,1790462262.000,32.647331575,-117.195453635,5.263,168.469,168.484,3.565,-2.334,-1362,-780.482,2,4.016,-231.373
2026-09-26T22:37:43.000Z,1790462263.000,32.647309552,-117.195445432,4.84,158.917,165.175,-0.99,-2.588,-1363,-778.59,2,4.157,-229.379
2026-09-26T22:37:44.000Z,1790462264.000,32.647289209,-117.195435218,4.556,158.542,167.044,-3.35,0.738,-1364,-776.937,2,3.923,-227.409
2026-09-26T22:37:45.000Z,1790462265.000,32.647268239,-117.195428704,4.7,166.658,173.127,3.24,-2.2,-1365,-775.864,2,3.66,-225.128
2026-09-26T22:37:46.000Z,1790462266.000,32.647247029,-117.195421535,4.875,164.301,175.872,-6.569,-1.512,-1366,-774.508,2,3.911,-222.977
2026-09-26T22:37:47.000Z,1790462267.000,32.647225479,-117.195416358,4.539,174.192,178.615,-12.049,0.972,-1367,-773.312,2,3.113,-220.745
2026-09-26T22:37:48.000Z,1790462268.000,32.647203702,-117.195414141,4.752,172.276,174.659,-8.255,-3.75,-1368,-771.876,2,3.364,-218.596
2026-09-26T22:37:49.000Z,1790462269.000,32.647182836,-117.195405682,4.72,154.913,156.348,-3.153,-0.73,-1369,-769.065,2,4.184,-217.368
2026-09-26T22:37:50.000Z,1790462270.000,32.64716439,-117.195389342,5.175,135.238,136.863,3.251,-0.208,-1370,-765.984,2,5.126,-217.042
2026-09-26T22:37:51.000Z,1790462271.000,32.647148006,-117.195367296,5.242,129.42,131.149,4.532,0.127,-1371,-763.2,2,5.239,-216.297
2026-09-26T22:37:52.000Z,1790462272.000,32.647134373,-117.195342322,5.164,123.476,133.804,-3.217,-1.006,-1372,-760.522,2,5.152,-215.319
2026-09-26T22:37:53.000Z,1790462273.000,32.647119176,-117.19531899,5.427,132.157,126.657,0.1,-2.571,-1373,-757.679,2,5.409,-214.856
2026-09-26T22:37:54.000Z,1790462274.000,32.647105525,-117.19529653,5,122.032,119.692,2.324,1.45,-1374,-755.051,2,4.977,-214.545
2026-09-26T22:37:55.000Z,1790462275.000,32.647093027,-117.195271439,5.371,116.513,120.094,-2.94,-3.248,-1375,-752.346,2,5.272,-213.853
2026-09-26T22:37:56.000Z,1790462276.000,32.647077902,-117.19524701,5.636,128.527,119.468,0.871,1.187,-1376,-749.573,2,5.635,-212.946
2026-09-26T22:37:57.000Z,1790462277.000,32.647061357,-117.195221153,5.475,126.45,125.675,-1.72,0.715,-1377,-746.703,2,5.474,-211.392
2026-09-26T22:37:58.000Z,1790462278.000,32.64704388,-117.195195791,5.913,128.123,127.745,-0.685,-2.65,-1378,-743.791,2,5.913,-210.051
2026-09-26T22:37:59.000Z,1790462279.000,32.647028098,-117.19517226,5.263,127.968,127.249,-0.303,3.434,-1379,-741.062,2,5.263,-209.038
2026-09-26T22:38:00.000Z,1790462280.000,32.647013119,-117.195148328,4.995,124.527,126.806,1.464,-0.912,-1380,-738.336,2,4.988,-208.116
2026-09-26T22:38:01.000Z,1790462281.000,32.646998271,-117.195125282,5.487,125.334,124.819,1.693,-3.13,-1381,-735.666,2,5.483,-207.304
2026-09-26T22:38:02.000Z,1790462282.000,32.64698382,-117.195101318,5.1,126.196,128.631,-4.54,2.517,-1382,-733.04,2,5.099,-206.116
2026-09-26T22:38:03.000Z,1790462283.000,32.646967465,-117.19507493,5.964,126.748,131.658,-0.913,-2.678,-1383,-730.123,2,5.964,-204.855
2026-09-26T22:38:04.000Z,1790462284.000,32.646950779,-117.195047902,6.442,128.405,125.753,2.453,-1.882,-1384,-726.937,2,6.442,-204.245
2026-09-26T22:38:05.000Z,1790462285.000,32.646935806,-117.195020799,5.753,118.628,125.243,0.033,3.177,-1385,-723.938,2,5.683,-203.415
2026-09-26T22:38:06.000Z,1790462286.000,32.646920032,-117.194994847,5.684,124.997,130.002,-0.098,-3.057,-1386,-721.109,2,5.678,-202.07
2026-09-26T22:38:07.000Z,1790462287.000,32.646902547,-117.194972446,5.717,134.486,135.89,-4.363,-2.707,-1387,-718.572,2,5.674,-200.379
2026-09-26T22:38:08.000Z,1790462288.000,32.64688332,-117.194950651,5.6,137.281,135.556,-3.693,2.347,-1388,-715.84,2,5.517,-198.937
2026-09-26T22:38:09.000Z,1790462289.000,32.646863824,-117.194928886,5.868,135.792,132.111,1.493,-2.294,-1389,-713.011,2,5.805,-197.691
2026-09-26T22:38:10.000Z,1790462290.000,32.646845358,-117.194906283,6.179,135.545,130.342,0.188,-2.958,-1390,-710.21,2,6.116,-196.46
2026-09-26T22:38:11.000Z,1790462291.000,32.64682606,-117.194882275,6.153,134.501,134.249,-2.876,2.013,-1391,-707.399,2,6.104,-194.761
2026-09-26T22:38:12.000Z,1790462292.000,32.646806292,-117.194856694,6.063,131.213,137.07,-4.008,-0.597,-1392,-704.415,2,6.048,-193.14
2026-09-26T22:38:13.000Z,1790462293.000,32.64678676,-117.194832453,6.187,132.707,136.071,0.32,-1.4,-1393,-701.439,2,6.158,-191.779
2026-09-26T22:38:14.000Z,1790462294.000,32.646768624,-117.194808278,5.9,133.073,131.904,2.458,-0.725,-1394,-698.443,2,5.869,-190.795
2026-09-26T22:38:15.000Z,1790462295.000,32.646750897,-117.19478219,5.9,131.806,134.819,-0.653,-0.12,-1395,-695.499,2,5.881,-189.393
2026-09-26T22:38:16.000Z,1790462296.000,32.646732142,-117.194757337,5.938,132.663,140.502,-1.982,-1.943,-1396,-692.727,2,5.911,-187.667
2026-09-26T22:38:17.000Z,1790462297.000,32.646711179,-117.194735181,6.072,141.981,144.438,-5.945,-0.789,-1397,-690.053,2,5.867,-185.768
2026-09-26T22:38:18.000Z,1790462298.000,32.646688426,-117.194716009,6.184,146.341,144.305,-2.649,1.25,-1398,-687.396,2,5.833,-183.865
2026-09-26T22:38:19.000Z,1790462299.000,32.646664088,-117.194696731,6.3,146.463,143.992,-3.999,-1.65,-1399,-684.652,2,5.933,-181.809
2026-09-26T22:38:20.000Z,1790462300.000,32.646638961,-117.194677295,6.426,144.809,143.169,-2.078,-2.8,-1400,-681.84,2,6.108,-179.705
2026-09-26T22:38:21.000Z,1790462301.000,32.646616419,-117.194656248,6.071,138.181,141.725,-1.088,-0.281,-1401,-678.98,2,5.948,-177.963
2026-09-26T22:38:22.000Z,1790462302.000,32.646596009,-117.194633338,5.964,134.399,141.267,-0.021,0.465,-1402,-676.094,2,5.908,-176.432
2026-09-26T22:38:23.000Z,1790462303.000,32.646575287,-117.194609335,6.188,138.292,144.66,-0.425,-2.325,-1403,-673.254,2,6.057,-174.646
2026-09-26T22:38:24.000Z,1790462304.000,32.646554208,-117.194586995,6.274,141.02,152.745,-3.793,-2.216,-1404,-670.783,2,6.069,-172.513
2026-09-26T22:38:25.000Z,1790462305.000,32.646530617,-117.194567161,6.584,150.032,160.036,-7.359,-1.49,-1405,-668.443,2,6.021,-170.15
2026-09-26T22:38:26.000Z,1790462306.000,32.646504212,-117.194550755,6.6,151.42,153.921,-3.624,-2.255,-1406,-665.526,2,5.963,-168.091
2026-09-26T22:38:27.000Z,1790462307.000,32.646476907,-117.194532292,6.962,148.076,144.575,-1.32,-2.11,-1407,-662.291,2,6.45,-166.234
2026-09-26T22:38:28.000Z,1790462308.000,32.646450688,-117.194510693,6.914,140.911,139.056,-5.18,0.142,-1408,-659.064,2,6.677,-164.384
2026-09-26T22:38:29.000Z,1790462309.000,32.64642567,-117.194487186,6.984,135.78,136.105,-2.937,-1.173,-1409,-655.842,2,6.878,-162.553
2026-09-26T22:38:30.000Z,1790462310.000,32.646402376,-117.194460113,6.711,131.577,134.986,-3.018,-2.068,-1410,-652.454,2,6.676,-160.876
2026-09-26T22:38:31.000Z,1790462311.000,32.646381632,-117.194432394,7.061,129.913,129.799,-1.47,-1.251,-1411,-649.02,2,7.042,-159.788
2026-09-26T22:38:32.000Z,1790462312.000,32.646362511,-117.194403874,6.729,127.086,127.476,1.438,-2.615,-1412,-645.675,2,6.727,-158.689
2026-09-26T22:38:33.000Z,1790462313.000,32.646344404,-117.194374141,6.936,124.512,126.112,-4.487,-2.551,-1413,-642.295,2,6.935,-157.66
2026-09-26T22:38:34.000Z,1790462314.000,32.646324685,-117.194342118,7.241,127.477,130.978,-7.223,-1.647,-1414,-638.777,2,7.238,-156.051
2026-09-26T22:38:35.000Z,1790462315.000,32.646304513,-117.194312043,6.839,127.623,129.681,-1.954,-0.165,-1415,-635.272,2,6.836,-154.804
2026-09-26T22:38:36.000Z,1790462316.000,32.646284341,-117.194282747,6.756,129.437,124.539,3.368,-0.551,-1416,-631.766,2,6.742,-153.83
2026-09-26T22:38:37.000Z,1790462317.000,32.646268195,-117.194253802,6.568,125.465,123.223,-0.074,-1.036,-1417,-628.546,2,6.568,-152.987
2026-09-26T22:38:38.000Z,1790462318.000,32.646252603,-117.194224306,6.137,120.547,122.787,-2.497,-0.936,-1418,-625.317,2,6.112,-152.15
2026-09-26T22:38:39.000Z,1790462319.000,32.646237708,-117.194195597,6.1,121.908,122.242,-0.772,-0.651,-1419,-622.186,2,6.086,-151.375
2026-09-26T22:38:40.000Z,1790462320.000,32.646222905,-117.194166946,6.284,122.946,121.851,1.2,-2.509,-1420,-619.066,2,6.276,-150.596
2026-09-26T22:38:41.000Z,1790462321.000,32.646208339,-117.194137003,6.384,116.898,120.972,-3.4,-1.785,-1421,-615.84,2,6.305,-149.915
2026-09-26T22:38:42.000Z,1790462322.000,32.646192244,-117.194106084,6.338,123.162,122.661,0.155,-1.827,-1422,-612.493,2,6.331,-148.896
2026-09-26T22:38:43.000Z,1790462323.000,32.646177198,-117.194075161,6.772,118.306,120.328,1.739,-1.004,-1423,-609.145,2,6.712,-148.304
2026-09-26T22:38:44.000Z,1790462324.000,32.646163816,-117.19404453,6.179,117.57,119.63,2.013,-0.604,-1424,-605.915,2,6.112,-147.754
2026-09-26T22:38:45.000Z,1790462325.000,32.646150549,-117.19401495,5.912,119.364,120.693,0.52,-1.354,-1425,-602.798,2,5.871,-147.049
2026-09-26T22:38:46.000Z,1790462326.000,32.646138464,-117.193987462,5.726,116.631,120.947,-1.246,-0.354,-1426,-599.905,2,5.647,-146.478
2026-09-26T22:38:47.000Z,1790462327.000,32.646125452,-117.193961366,5.441,122.624,118.438,1.5,-1.163,-1427,-597.066,2,5.431,-145.989
2026-09-26T22:38:48.000Z,1790462328.000,32.646111171,-117.193935525,5.7,120.8,116.252,1.292,0.121,-1428,-594.203,2,5.674,-145.334
2026-09-26T22:38:49.000Z,1790462329.000,32.646095567,-117.193907347,6.012,124.557,120.299,-3.424,-1.39,-1429,-591.121,2,6.009,-144.105
2026-09-26T22:38:50.000Z,1790462330.000,32.646078664,-117.193878122,6.847,125.095,120.254,-4.452,-0.294,-1430,-587.863,2,6.846,-143.09
2026-09-26T22:38:51.000Z,1790462331.000,32.6460619,-117.193846857,6.914,123.157,122.861,-0.048,-1.573,-1431,-584.467,2,6.904,-141.937
2026-09-26T22:38:52.000Z,1790462332.000,32.646046567,-117.193815778,6.516,117.451,120.786,6.378,-0.24,-1432,-581.095,2,6.438,-141.299
2026-09-26T22:38:53.000Z,1790462333.000,32.646034518,-117.193784505,5.837,115.202,119.336,3.236,-0.69,-1433,-577.862,2,5.726,-140.967
2026-09-26T22:38:54.000Z,1790462334.000,32.646023069,-117.193756169,5.773,117.808,117.757,5.146,-0.95,-1434,-574.91,2,5.707,-140.632
2026-09-26T22:38:55.000Z,1790462335.000,32.646011311,-117.193727023,6.068,115.652,117.966,-1.052,-2.99,-1435,-571.888,2,5.958,-140.143
2026-09-26T22:38:56.000Z,1790462336.000,32.645997153,-117.193694453,6.937,118.942,116.976,-2.247,-2.461,-1436,-568.458,2,6.874,-139.586
2026-09-26T22:38:57.000Z,1790462337.000,32.645981041,-117.193658607,7.388,121.694,120.876,-2.19,-2.322,-1437,-564.697,2,7.359,-138.521
2026-09-26T22:38:58.000Z,1790462338.000,32.645964842,-117.193625076,7.087,116.43,120.625,1.382,-0.385,-1438,-561.098,2,6.971,-137.713
2026-09-26T22:38:59.000Z,1790462339.000,32.645950912,-117.193595017,6.232,122.394,118.709,4.963,-0.526,-1439,-557.883,2,6.213,-137.186
2026-09-26T22:39:00.000Z,1790462340.000,32.645937976,-117.193567099,5.434,117.382,114.644,1.125,-0.091,-1440,-554.895,2,5.358,-136.88
2026-09-26T22:39:01.000Z,1790462341.000,32.645925218,-117.193541336,5.313,119.892,114.041,1.607,-1.485,-1441,-552.116,2,5.272,-136.259
2026-09-26T22:39:02.000Z,1790462342.000,32.645911179,-117.193514663,5.827,123.905,115.169,-1.741,-1.14,-1442,-549.207,2,5.818,-135.387
2026-09-26T22:39:03.000Z,1790462343.000,32.645896701,-117.193485518,6.216,117.552,117.039,-0.146,-0.97,-1443,-546.071,2,6.13,-134.476
2026-09-26T22:39:04.000Z,1790462344.000,32.645882405,-117.19345284,6.623,118.437,120.241,-0.609,-1.471,-1444,-542.656,2,6.547,-133.574
2026-09-26T22:39:05.000Z,1790462345.000,32.645869024,-117.193421335,6.177,114.182,122.706,1.914,-0.246,-1445,-539.386,2,6.019,-132.799
2026-09-26T22:39:06.000Z,1790462346.000,32.645855638,-117.193391987,6.014,118.417,124.922,5.379,-1.06,-1446,-536.306,2,5.943,-131.988
2026-09-26T22:39:07.000Z,1790462347.000,32.645841996,-117.193364187,6,120.952,124.111,0.505,-1.648,-1447,-533.302,2,5.963,-131.341
2026-09-26T22:39:08.000Z,1790462348.000,32.645827389,-117.193335382,6.088,123.616,124.019,-0.524,-1.465,-1448,-530.181,2,6.075,-130.564
2026-09-26T22:39:09.000Z,1790462349.000,32.645812181,-117.193305875,6.574,122.243,122.459,0.223,-1.132,-1449,-526.952,2,6.547,-129.855
2026-09-26T22:39:10.000Z,1790462350.000,32.645796578,-117.193275814,6.428,122.13,122.673,3.87,-0.215,-1450,-523.683,2,6.4,-128.982
2026-09-26T22:39:11.000Z,1790462351.000,32.64578185,-117.193246685,6.184,118.551,121.729,4.473,-0.835,-1451,-520.518,2,6.108,-128.267
2026-09-26T22:39:12.000Z,1790462352.000,32.645767438,-117.193220206,5.425,124.597,119.553,5.731,-0.286,-1452,-517.585,2,5.417,-127.612
2026-09-26T22:39:13.000Z,1790462353.000,32.645753527,-117.193195929,5.3,121.95,119.228,0.589,-0.94,-1453,-514.881,2,5.274,-126.806
2026-09-26T22:39:14.000Z,1790462354.000,32.64573919,-117.193170638,6.02,125.698,119.939,0.164,-1.623,-1454,-512.082,2,6.017,-125.899
2026-09-26T22:39:15.000Z,1790462355.000,32.64572242,-117.193141859,6.355,123.339,119.573,2.673,-0.402,-1455,-508.866,2,6.336,-124.913
2026-09-26T22:39:16.000Z,1790462356.000,32.645706922,-117.193109521,6.987,121.927,121.869,0.787,-1.515,-1456,-505.427,2,6.951,-123.947
2026-09-26T22:39:17.000Z,1790462357.000,32.645690957,-117.193076777,6.8,117.915,122.576,2.346,-1.215,-1457,-501.917,2,6.699,-123.068
2026-09-26T22:39:18.000Z,1790462358.000,32.645676116,-117.193045263,6.332,120.805,123.428,4.19,-1.163,-1458,-498.565,2,6.283,-122.265
2026-09-26T22:39:19.000Z,1790462359.000,32.645661441,-117.193014982,6.135,120.422,124.71,3.728,-1.945,-1459,-495.335,2,6.082,-121.413
2026-09-26T22:39:20.000Z,1790462360.000,32.645647309,-117.192986556,6.113,118.943,121.315,-0.361,-0.539,-1460,-492.223,2,6.036,-120.933
2026-09-26T22:39:21.000Z,1790462361.000,32.645633846,-117.19295882,5.886,119.703,119.125,4.466,0.28,-1461,-489.224,2,5.822,-120.415
2026-09-26T22:39:22.000Z,1790462362.000,32.645620453,-117.192931333,5.816,118.778,117.721,6.617,-1.001,-1462,-486.26,2,5.736,-119.836
2026-09-26T22:39:23.000Z,1790462363.000,32.645608188,-117.19290126,5.888,116.088,118.765,-2.968,-1.255,-1463,-483.142,2,5.753,-119.252
2026-09-26T22:39:24.000Z,1790462364.000,32.64559454,-117.192873127,5.7,118.031,117.45,4.537,0.024,-1464,-480.113,2,5.606,-118.656
2026-09-26T22:39:25.000Z,1790462365.000,32.645580608,-117.19284646,5.772,124.992,119.18,4.877,0.043,-1465,-477.219,2,5.761,-117.748
2026-09-26T22:39:26.000Z,1790462366.000,32.645566726,-117.192819972,5.936,120.741,119.977,0.775,-1.389,-1466,-474.337,2,5.88,-116.916
2026-09-26T22:39:27.000Z,1790462367.000,32.645551543,-117.192792568,5.965,124.07,122.063,0.714,-1.025,-1467,-471.335,2,5.946,-115.869
2026-09-26T22:39:28.000Z,1790462368.000,32.645534807,-117.192764473,6.36,123.9,123.806,2.041,-1.684,-1468,-468.205,2,6.339,-114.702
2026-09-26T22:39:29.000Z,1790462369.000,32.64551933,-117.192734308,6.735,119.887,123.33,1.422,-1.045,-1469,-464.923,2,6.656,-113.898
2026-09-26T22:39:30.000Z,1790462370.000,32.645504342,-117.192703168,6.652,119.941,123.296,6.447,-1.048,-1470,-461.585,2,6.573,-113.138
2026-09-26T22:39:31.000Z,1790462371.000,32.645489819,-117.192672039,6.151,119.205,123.274,3.638,-1.051,-1471,-458.269,2,6.063,-112.427
2026-09-26T22:39:32.000Z,1790462372.000,32.645475516,-117.192642954,5.84,120.243,121.86,2.723,-1.376,-1472,-455.12,2,5.772,-111.793
2026-09-26T22:39:33.000Z,1790462373.000,32.645462346,-117.192615656,5.748,119.598,117.786,3.989,-0.993,-1473,-452.156,2,5.668,-111.442
2026-09-26T22:39:34.000Z,1790462374.000,32.645448562,-117.192588904,5.5,120.376,117.154,4.058,-0.601,-1474,-449.245,2,5.434,-110.741
2026-09-26T22:39:35.000Z,1790462375.000,32.6454356,-117.192561175,5.888,114.362,120.414,-3.797,-1.051,-1475,-446.316,2,5.688,-109.844
2026-09-26T22:39:36.000Z,1790462376.000,32.645418933,-117.192533431,6.326,123.508,122.361,3.705,-1.539,-1476,-443.217,2,6.294,-108.659
2026-09-26T22:39:37.000Z,1790462377.000,32.64540285,-117.192504399,6.4,121.523,121.75,5.094,-1.137,-1477,-440.005,2,6.34,-107.771
2026-09-26T22:39:38.000Z,1790462378.000,32.645388855,-117.192474407,6.012,116.835,119.719,2.927,-0.248,-1478,-436.789,2,5.864,-107.243
2026-09-26T22:39:39.000Z,1790462379.000,32.645376025,-117.192446487,5.613,119.612,120.139,2.726,-1.119,-1479,-433.828,2,5.526,-106.591
2026-09-26T22:39:40.000Z,1790462380.000,32.645362646,-117.192419779,5.786,118.731,122.265,-0.115,-1.372,-1480,-430.966,2,5.68,-105.714
2026-09-26T22:39:41.000Z,1790462381.000,32.645348358,-117.192392873,6,123.457,123.352,0.137,-0.665,-1481,-428.037,2,5.963,-104.828
2026-09-26T22:39:42.000Z,1790462382.000,32.64533419,-117.192363495,6.443,120.623,122.593,2.854,-0.569,-1482,-424.877,2,6.358,-104.165
2026-09-26T22:39:43.000Z,1790462383.000,32.645322147,-117.192335307,5.987,112.379,118.576,5.319,-0.793,-1483,-421.883,2,5.702,-103.953
2026-09-26T22:39:44.000Z,1790462384.000,32.645311235,-117.19230868,5.4,115.173,116.823,6.129,-0.407,-1484,-419.102,2,5.213,-103.643
2026-09-26T22:39:45.000Z,1790462385.000,32.64530002,-117.192282998,5.2,115.735,117.827,0.756,-1.43,-1485,-416.406,2,5.03,-103.056
2026-09-26T22:39:46.000Z,1790462386.000,32.645287077,-117.192257303,5.475,122.362,119.796,-1.398,-1.137,-1486,-413.641,2,5.42,-102.21
2026-09-26T22:39:47.000Z,1790462387.000,32.645272023,-117.192231044,5.774,124.83,119.981,4.102,-0.52,-1487,-410.722,2,5.745,-101.295
2026-09-26T22:39:48.000Z,1790462388.000,32.645257319,-117.192202701,6.168,121.484,121.055,4.685,-0.202,-1488,-407.649,2,6.089,-100.403
2026-09-26T22:39:49.000Z,1790462389.000,32.645243639,-117.192172836,5.845,118.18,120.57,2.822,-0.01,-1489,-404.473,2,5.703,-99.783
2026-09-26T22:39:50.000Z,1790462390.000,32.645230294,-117.192146348,5.613,122.806,117.529,8.082,-1.693,-1490,-401.584,2,5.556,-99.312
2026-09-26T22:39:51.000Z,1790462391.000,32.645218771,-117.192118952,5.427,117.962,114.438,0.594,-1.188,-1491,-398.709,2,5.282,-99.066
2026-09-26T22:39:52.000Z,1790462392.000,32.64520558,-117.192092292,5.921,120.197,117.493,-0.618,-1.512,-1492,-395.847,2,5.81,-98.13
2026-09-26T22:39:53.000Z,1790462393.000,32.645190346,-117.192062626,6.443,119.32,120.504,-0.315,-1.4,-1493,-392.65,2,6.3,-97.063
2026-09-26T22:39:54.000Z,1790462394.000,32.645174807,-117.192032538,6.326,119.864,124.705,1.357,-0.879,-1494,-389.434,2,6.197,-95.886
2026-09-26T22:39:55.000Z,1790462395.000,32.645158664,-117.192003048,6.5,125.318,125.349,4.952,0.045,-1495,-386.197,2,6.461,-94.907
2026-09-26T22:39:56.000Z,1790462396.000,32.645143384,-117.191974911,6.047,120.379,122.802,8.218,-1.521,-1496,-383.067,2,5.929,-94.23
2026-09-26T22:39:57.000Z,1790462397.000,32.645130097,-117.191946272,5.9,113.81,120.117,0.62,-1.33,-1497,-379.988,2,5.606,-93.792
2026-09-26T22:39:58.000Z,1790462398.000,32.645116986,-117.191919119,5.687,121.896,121.217,0.176,-0.027,-1498,-377.088,2,5.597,-93.036
2026-09-26T22:39:59.000Z,1790462399.000,32.645103976,-117.191891352,5.9,120.997,122.701,-1.059,-0.243,-1499,-374.146,2,5.786,-92.278
2026-09-26T22:40:00.000Z,1790462400.000,32.645090607,-117.191864036,5.869,121.018,123.707,0.149,0.868,-1500,-371.222,2,5.753,-91.507
2026-09-26T22:40:01.000Z,1790462401.000,32.645074525,-117.191837582,5.712,127.03,124.612,3.879,-0.128,-1501,-368.253,2,5.686,-90.432
2026-09-26T22:40:02.000Z,1790462402.000,32.645060101,-117.191809266,6.149,118.972,121.354,-1.729,0.865,-1502,-365.139,2,5.973,-89.908
2026-09-26T22:40:03.000Z,1790462403.000,32.645045258,-117.191780465,6.316,127.188,121.336,1.833,1.385,-1503,-362.009,2,6.284,-89.099
2026-09-26T22:40:04.000Z,1790462404.000,32.64502894,-117.191751284,6.536,123.19,120.552,4.721,2.558,-1504,-358.772,2,6.439,-88.204
2026-09-26T22:40:05.000Z,1790462405.000,32.645012365,-117.191720766,6.675,125.112,122.771,-0.931,2.321,-1505,-355.445,2,6.609,-87.082
2026-09-26T22:40:06.000Z,1790462406.000,32.644995355,-117.191692146,6.14,126.495,123.201,1.394,3.587,-1506,-352.24,2,6.096,-86.003
2026-09-26T22:40:07.000Z,1790462407.000,32.644980791,-117.191663831,5.933,121.626,121.121,2.439,3.21,-1507,-349.139,2,5.805,-85.372
2026-09-26T22:40:08.000Z,1790462408.000,32.644967042,-117.191635041,5.722,119.902,119.841,5.171,4.606,-1508,-346.045,2,5.554,-84.78
2026-09-26T22:40:09.000Z,1790462409.000,32.644955207,-117.191607725,5.674,110.739,118.258,1.153,3.666,-1509,-343.162,2,5.208,-84.376
2026-09-26T22:40:10.000Z,1790462410.000,32.644944247,-117.191579627,5.773,111.483,117.476,0.76,3.196,-1510,-340.259,2,5.315,-84.023
2026-09-26T22:40:11.000Z,1790462411.000,32.64493272,-117.191550379,6.168,114.707,117.696,2.614,2.845,-1511,-337.238,2,5.794,-83.561
2026-09-26T22:40:12.000Z,1790462412.000,32.644920254,-117.191517751,6.466,117.852,122.034,-4.299,3.745,-1512,-333.924,2,6.177,-82.765
2026-09-26T22:40:13.000Z,1790462413.000,32.644904777,-117.19148747,6.353,125.539,124.163,2.069,3.552,-1513,-330.668,2,6.261,-81.761
2026-09-26T22:40:14.000Z,1790462414.000,32.644889143,-117.191457113,6.427,122.243,119.516,5.778,3.908,-1514,-327.314,2,6.252,-81.273
2026-09-26T22:40:15.000Z,1790462415.000,32.644874626,-117.191427361,6.116,115.811,114.195,4.896,4.352,-1515,-324.091,2,5.737,-80.948
2026-09-26T22:40:16.000Z,1790462416.000,32.644862121,-117.191395743,6.553,112.717,110.365,1.019,2.988,-1516,-320.827,2,5.991,-80.772
2026-09-26T22:40:17.000Z,1790462417.000,32.644850156,-117.191364797,6.374,111.26,107.231,2.606,4.332,-1517,-317.66,2,5.735,-80.58
2026-09-26T22:40:18.000Z,1790462418.000,32.64483833,-117.19133232,6.514,114.519,108.318,1.871,3.04,-1518,-314.338,2,5.993,-80.102
2026-09-26T22:40:19.000Z,1790462419.000,32.644827144,-117.191299107,6.784,109.459,107.69,1.215,3.319,-1519,-310.995,2,5.951,-79.851
2026-09-26T22:40:20.000Z,1790462420.000,32.644817604,-117.191264627,6.436,108.244,107.196,2.084,3.515,-1520,-307.614,2,5.542,-79.798
2026-09-26T22:40:21.000Z,1790462421.000,32.644810264,-117.191231875,6.113,104.232,105.385,6.016,4.177,-1521,-304.494,2,4.988,-80.041
2026-09-26T22:40:22.000Z,1790462422.000,32.644805115,-117.191201411,5.584,98.599,100.749,6.208,3.445,-1522,-301.716,2,4.164,-80.684
2026-09-26T22:40:23.000Z,1790462423.000,32.644801189,-117.191168807,5.8,96.176,96.712,3.992,2.801,-1523,-298.823,2,4.092,-81.463
2026-09-26T22:40:24.000Z,1790462424.000,32.644797912,-117.191133387,6.6,100.089,96.016,-0.077,2.248,-1524,-295.651,2,4.89,-82.119
2026-09-26T22:40:25.000Z,1790462425.000,32.644794347,-117.19109542,7.155,97.546,98.408,-2.174,3.103,-1525,-292.176,2,4.993,-82.565
2026-09-26T22:40:26.000Z,1790462426.000,32.644789049,-117.191059452,6.548,100.944,105.396,0.588,3.754,-1526,-288.739,2,4.777,-82.399
2026-09-26T22:40:27.000Z,1790462427.000,32.644780547,-117.191027099,5.734,105.837,108.37,3.971,3.878,-1527,-285.555,2,4.456,-82.119
2026-09-26T22:40:28.000Z,1790462428.000,32.644770797,-117.191000016,5.313,114.74,110.552,-0.444,2.706,-1528,-282.785,2,4.569,-81.629
2026-09-26T22:40:29.000Z,1790462429.000,32.644759797,-117.190973511,5.645,116.237,108.967,-4.908,2.602,-1529,-280.03,2,4.897,-81.296
2026-09-26T22:40:30.000Z,1790462430.000,32.64474633,-117.190944804,6.184,119.084,108.785,-0.408,3.748,-1530,-276.97,2,5.479,-80.645
2026-09-26T22:40:31.000Z,1790462431.000,32.644732544,-117.190911708,6.588,115.472,110.292,1.298,3.072,-1531,-273.509,2,5.587,-79.941
2026-09-26T22:40:32.000Z,1790462432.000,32.644720758,-117.190878933,6.251,117.227,112.62,3.744,3.292,-1532,-270.166,2,5.354,-79.375
2026-09-26T22:40:33.000Z,1790462433.000,32.644709808,-117.19084655,6.472,108.108,113.699,0.996,4.317,-1533,-266.899,2,4.876,-78.989
2026-09-26T22:40:34.000Z,1790462434.000,32.644699704,-117.190815043,6.047,115.386,118.553,-1.651,3.227,-1534,-263.765,2,4.974,-78.368
2026-09-26T22:40:35.000Z,1790462435.000,32.644687854,-117.19078463,6.087,115.702,121.607,-1.518,3.757,-1535,-260.657,2,4.976,-77.679
2026-09-26T22:40:36.000Z,1790462436.000,32.644675425,-117.190755262,5.973,116.146,121.283,0.135,4.156,-1536,-257.581,2,4.854,-77.167
2026-09-26T22:40:37.000Z,1790462437.000,32.64466376,-117.190728013,5.684,114.57,120.913,1.196,4.068,-1537,-254.72,2,4.472,-76.684
2026-09-26T22:40:38.000Z,1790462438.000,32.644651425,-117.190702251,5.216,118.288,120.388,1.212,3.771,-1538,-251.957,2,4.26,-76.101
2026-09-26T22:40:39.000Z,1790462439.000,32.64463798,-117.190676481,5.647,121.767,120.557,-3.194,3.747,-1539,-249.151,2,4.757,-75.346
2026-09-26T22:40:40.000Z,1790462440.000,32.644622809,-117.190650531,5.956,124.582,122.924,-4.558,3.758,-1540,-246.279,2,5.129,-74.239
2026-09-26T22:40:41.000Z,1790462441.000,32.644604537,-117.190624262,6.552,129.276,121.764,0.907,3.659,-1541,-243.201,2,5.853,-73.087
2026-09-26T22:40:42.000Z,1790462442.000,32.644587116,-117.190594218,6.764,123.208,120.843,-2.044,3.131,-1542,-239.84,2,5.613,-72.108
2026-09-26T22:40:43.000Z,1790462443.000,32.644570729,-117.190563947,6.772,118.313,121.534,-2.143,3.851,-1543,-236.523,2,5.189,-71.119
2026-09-26T22:40:44.000Z,1790462444.000,32.644554306,-117.190534558,6.314,122.66,120.791,2.903,3.302,-1544,-233.265,2,5.05,-70.215
2026-09-26T22:40:45.000Z,1790462445.000,32.644540857,-117.190505122,6.064,117.988,121.44,0.708,3.075,-1545,-230.149,2,4.441,-69.52
2026-09-26T22:40:46.000Z,1790462446.000,32.644528473,-117.190476069,5.875,119.575,122.288,-1.542,3.822,-1546,-227.115,2,4.315,-68.912
2026-09-26T22:40:47.000Z,1790462447.000,32.644515721,-117.190449706,5.413,123.864,121.62,-3.321,4.116,-1547,-224.279,2,4.156,-68.312
2026-09-26T22:40:48.000Z,1790462448.000,32.64450284,-117.19042205,5.714,121.267,120.683,0.841,3.879,-1548,-221.324,2,4.112,-67.754
2026-09-26T22:40:49.000Z,1790462449.000,32.644489866,-117.190393512,6.1,116.62,118.295,0.947,3.609,-1549,-218.278,2,3.891,-67.326
2026-09-26T22:40:50.000Z,1790462450.000,32.644475992,-117.190362092,6.575,115.665,118.731,-1.629,2.871,-1550,-214.969,2,3.937,-66.655
2026-09-26T22:40:51.000Z,1790462451.000,32.644462818,-117.190330103,6.54,117.242,120.339,-5.342,3.18,-1551,-211.652,2,3.876,-65.981
2026-09-26T22:40:52.000Z,1790462452.000,32.644447105,-117.190299991,6.569,122.848,121.776,-3.36,3.91,-1552,-208.387,2,4.221,-65.001
2026-09-26T22:40:53.000Z,1790462453.000,32.644430113,-117.190269568,6.256,125.101,120.061,0.123,2.994,-1553,-205.004,2,4.023,-64.14
2026-09-26T22:40:54.000Z,1790462454.000,32.644414762,-117.190240062,6.374,118.064,118.054,-2.158,3.619,-1554,-201.775,2,3.252,-63.454
2026-09-26T22:40:55.000Z,1790462455.000,32.644399971,-117.190210166,6.3,119.133,118.463,-4.037,2.819,-1555,-198.556,2,3.091,-62.647
2026-09-26T22:40:56.000Z,1790462456.000,32.644385925,-117.190180275,6.384,118.628,118.452,-4.02,2.39,-1556,-195.367,2,2.836,-61.952
2026-09-26T22:40:57.000Z,1790462457.000,32.644373541,-117.190149942,5.922,112.846,116.311,-1.889,3.719,-1557,-192.202,2,1.819,-61.616
2026-09-26T22:40:58.000Z,1790462458.000,32.644363965,-117.190122186,5.4,109.157,111.962,-2.778,4.425,-1558,-189.39,2,1.089,-61.689
2026-09-26T22:40:59.000Z,1790462459.000,32.644356648,-117.19009487,5.142,109.45,107.865,-2.977,3.25,-1559,-186.739,2,0.843,-61.973
2026-09-26T22:41:00.000Z,1790462460.000,32.644349372,-117.190067072,5.552,109,103.117,0.095,3.374,-1560,-184.082,2,0.626,-62.328
2026-09-26T22:41:01.000Z,1790462461.000,32.644343311,-117.190035778,5.864,99.202,101.979,-2.633,3.46,-1561,-181.141,2,-0.621,-62.613
2026-09-26T22:41:02.000Z,1790462462.000,32.644337536,-117.190003438,6.187,103.285,102.94,-3.519,3.689,-1562,-178.092,2,-0.52,-62.786
2026-09-26T22:41:03.000Z,1790462463.000,32.644330936,-117.18997355,5.531,101.869,104.6,1.146,4.668,-1563,-175.21,2,-0.854,-62.749
2026-09-26T22:41:04.000Z,1790462464.000,32.644325592,-117.189945573,5.089,102.391,104.573,-3.046,3.757,-1564,-172.57,3,-5.081,63.038
2026-09-26T22:41:05.000Z,1790462465.000,32.644320221,-117.189921557,4.3,105.386,100.151,-2.284,3.357,-1565,-170.337,3,-4.3,63.503
2026-09-26T22:41:06.000Z,1790462466.000,32.644314592,-117.189898222,4.559,106.614,99.006,-3.529,3.313,-1566,-168.105,3,-4.559,63.657
2026-09-26T22:41:07.000Z,1790462467.000,32.644308932,-117.189872762,5.036,102.028,93.603,-0.051,2.45,-1567,-165.797,3,-5.027,64.204
2026-09-26T22:41:08.000Z,1790462468.000,32.644307644,-117.189843897,5.022,88.374,78.661,4.444,4.869,-1568,-163.815,3,-4.803,66.006
2026-09-26T22:41:09.000Z,1790462469.000,32.644313108,-117.189815988,5.239,72.847,62.764,5.215,3.298,-1569,-162.527,3,-4.42,68.4
2026-09-26T22:41:10.000Z,1790462470.000,32.644323365,-117.189793147,4.772,54.836,49.107,8.766,3.947,-1570,-161.949,3,-3.042,70.815
2026-09-26T22:41:11.000Z,1790462471.000,32.644336947,-117.189777458,3.779,38.625,34.7,12.121,5.249,-1571,-162.302,3,-1.504,73.181
2026-09-26T22:41:12.000Z,1790462472.000,32.644354401,-117.189769195,4.351,12.355,8.487,11.555,5.805,-1572,-164.465,3,0.208,75.41
2026-09-26T22:41:13.000Z,1790462473.000,32.644373493,-117.189765853,4.3,3.468,359.003,19.102,3.47,-1573,-165.744,3,0.861,77.348
2026-09-26T22:41:14.000Z,1790462474.000,32.644391982,-117.189769222,4.2,352.19,343.833,15.552,7.839,-1574,-167.891,3,1.627,78.678
2026-09-26T22:41:15.000Z,1790462475.000,32.644411516,-117.189775755,4.4,341.076,331.334,16.487,1.861,-1575,-170.018,3,2.451,79.914
2026-09-26T22:41:16.000Z,1790462476.000,32.644429354,-117.189783772,4.148,342.571,325.741,13.322,5.327,-1576,-171.758,3,2.218,81.239
2026-09-26T22:41:17.000Z,1790462477.000,32.644447563,-117.189791246,4.027,342.829,320.669,7.95,5.21,-1577,-173.407,3,2.135,82.624
2026-09-26T22:41:18.000Z,1790462478.000,32.644465704,-117.189798317,4.369,343.896,321.648,7.189,4.664,-1578,-174.779,3,2.243,84.415
2026-09-26T22:41:19.000Z,1790462479.000,32.644484839,-117.189806422,4.347,337.81,325.359,11.573,4.973,-1579,-176.168,3,2.61,86.459
2026-09-26T22:41:20.000Z,1790462480.000,32.644503096,-117.189815054,4.62,340.432,325.686,17.109,3.137,-1580,-177.701,3,2.599,88.172
2026-09-26T22:41:21.000Z,1790462481.000,32.644520732,-117.189826246,4.231,324.717,324.687,15.924,5.728,-1581,-179.482,3,3.236,89.661
2026-09-26T22:41:22.000Z,1790462482.000,32.644538419,-117.189837067,4.322,338.845,325.463,20.287,2.974,-1582,-181.16,3,2.522,91.281
2026-09-26T22:41:23.000Z,1790462483.000,32.644557135,-117.189848486,4.562,327.751,328.404,19.455,5.374,-1583,-182.835,3,3.322,93.128
2026-09-26T22:41:24.000Z,1790462484.000,32.644575964,-117.189862002,4.816,328.499,324.288,20.423,4.131,-1584,-185.009,3,3.461,94.483
2026-09-26T22:41:25.000Z,1790462485.000,32.644595215,-117.189875759,5.121,325.776,323.53,18.929,5.639,-1585,-187.071,3,3.841,96.087
2026-09-26T22:41:26.000Z,1790462486.000,32.644615474,-117.189889922,4.581,328.448,318.453,16.939,5.404,-1586,-189.373,3,3.289,97.491
2026-09-26T22:41:27.000Z,1790462487.000,32.644637407,-117.189903713,5.896,332.458,320.944,17.531,2.051,-1587,-191.435,3,3.93,99.598
2026-09-26T22:41:28.000Z,1790462488.000,32.644659153,-117.189917586,5.627,336.161,319.214,14.835,7.096,-1588,-193.65,3,3.467,101.395
2026-09-26T22:41:29.000Z,1790462489.000,32.64468286,-117.189930262,5.516,335.299,319.081,16.629,4.215,-1589,-195.789,3,3.458,103.541
2026-09-26T22:41:30.000Z,1790462490.000,32.644707672,-117.189942036,5.863,336.04,321.431,19.621,1.999,-1590,-197.81,3,3.609,106.001
2026-09-26T22:41:31.000Z,1790462491.000,32.64473115,-117.189954038,5.661,337.803,322.282,19.616,5.641,-1591,-199.843,3,3.34,108.208
2026-09-26T22:41:32.000Z,1790462492.000,32.644753604,-117.189969215,5.769,326.231,321.941,19.491,3.993,-1592,-202.152,3,4.264,110.138
2026-09-26T22:41:33.000Z,1790462493.000,32.644775354,-117.189987779,5.611,325.906,320.191,21.158,6.803,-1593,-204.772,3,4.165,111.802
2026-09-26T22:41:34.000Z,1790462494.000,32.644796351,-117.190008384,5.726,314.792,316.888,22.22,4.513,-1594,-207.581,3,4.907,113.216
2026-09-26T22:41:35.000Z,1790462495.000,32.644816587,-117.190029887,5.927,323.474,311.516,22.88,4.075,-1595,-210.478,3,4.558,114.367
2026-09-26T22:41:36.000Z,1790462496.000,32.644834969,-117.190050733,5.463,313.813,309.831,21.87,2.758,-1596,-213.122,3,4.725,115.602
2026-09-26T22:41:37.000Z,1790462497.000,32.644851982,-117.190072216,5.124,318.691,307.34,11.668,6.248,-1597,-215.771,3,4.195,116.611
2026-09-26T22:41:38.000Z,1790462498.000,32.644871226,-117.190089621,5.261,325.828,308.816,13.746,4.133,-1598,-218.085,3,3.895,118.273
2026-09-26T22:41:39.000Z,1790462499.000,32.644889812,-117.190109085,5.553,312.263,310.514,15.364,1.175,-1599,-220.537,3,4.87,119.821
2026-09-26T22:41:40.000Z,1790462500.000,32.644908192,-117.190128887,5.673,322.1,313.027,16.155,3.915,-1600,-222.987,3,4.432,121.398
2026-09-26T22:41:41.000Z,1790462501.000,32.644927563,-117.190146738,5.075,325.404,310.551,13.535,8.937,-1601,-225.44,3,3.773,122.765
2026-09-26T22:41:42.000Z,1790462502.000,32.644948712,-117.190163092,5.547,325.98,313.719,24.736,2.581,-1602,-227.695,3,4.081,124.78
2026-09-26T22:41:43.000Z,1790462503.000,32.644966172,-117.190184931,5.684,307.51,311.508,22.69,3.988,-1603,-230.4,3,5.185,125.852
2026-09-26T22:41:44.000Z,1790462504.000,32.644983255,-117.190207974,5.058,324.233,304.131,14.295,8.074,-1604,-233.285,3,3.82,126.453
2026-09-26T22:41:45.000Z,1790462505.000,32.645003721,-117.19022586,5.626,320.431,308.732,24.846,1.562,-1605,-235.639,3,4.48,128.471
2026-09-26T22:41:46.000Z,1790462506.000,32.645020749,-117.190247783,5.558,315.641,307.065,13.969,3.765,-1606,-238.308,3,4.689,129.531
2026-09-26T22:41:47.000Z,1790462507.000,32.645039644,-117.190268528,5.5,321.609,307.307,13.176,6.355,-1607,-240.921,3,4.305,130.968
2026-09-26T22:41:48.000Z,1790462508.000,32.645060629,-117.190288517,5.323,320.845,306.801,13.611,3.299,-1608,-243.574,3,4.207,132.59
2026-09-26T22:41:49.000Z,1790462509.000,32.645079923,-117.190306415,5.261,323.526,309.936,13.855,6.185,-1609,-245.897,3,3.998,134.369
2026-09-26T22:41:50.000Z,1790462510.000,32.645097466,-117.190326399,5.284,314.278,306.229,10.332,3.87,-1610,-248.463,3,4.514,135.383
2026-09-26T22:41:51.000Z,1790462511.000,32.645116131,-117.190347397,5.289,316.717,310.186,14.521,3.728,-1611,-251.011,3,4.393,137.07
2026-09-26T22:41:52.000Z,1790462512.000,32.645132944,-117.1903691,5.251,309.372,307.246,13.653,5.063,-1612,-253.681,3,4.698,138.018
2026-09-26T22:41:53.000Z,1790462513.000,32.645150375,-117.190388906,5.272,318.677,307.702,16.924,3.838,-1613,-256.143,3,4.271,139.342
2026-09-26T22:41:54.000Z,1790462514.000,32.645167549,-117.190406686,5.191,318.898,311.424,17.526,2.358,-1614,-258.343,3,4.191,140.941
2026-09-26T22:41:55.000Z,1790462515.000,32.645184341,-117.190426219,5.039,320.296,313.425,16.566,6.899,-1615,-260.708,3,3.992,142.317
2026-09-26T22:41:56.000Z,1790462516.000,32.645200422,-117.190447933,5.126,305.989,308.862,14.167,4.409,-1616,-263.397,3,4.706,143.071
2026-09-26T22:41:57.000Z,1790462517.000,32.645217941,-117.190468847,5.906,318.973,311.2,21.218,1.917,-1617,-265.914,3,4.755,144.514
2026-09-26T22:41:58.000Z,1790462518.000,32.645235069,-117.190493181,5.953,310.2,305.761,11.467,5.864,-1618,-268.876,3,5.274,145.232
2026-09-26T22:41:59.000Z,1790462519.000,32.645253158,-117.190513845,5.45,318.05,304.353,11.601,2.842,-1619,-271.473,3,4.435,146.458
2026-09-26T22:42:00.000Z,1790462520.000,32.645272728,-117.190530948,5.214,325.748,308.55,14.381,0.918,-1620,-273.729,3,3.794,148.372
2026-09-26T22:42:01.000Z,1790462521.000,32.645291519,-117.190547487,5.104,318.524,311.37,11.212,1.331,-1621,-275.913,3,4.121,150.109
2026-09-26T22:42:02.000Z,1790462522.000,32.6453091,-117.190566123,5.112,321.176,306.751,2.435,8.64,-1622,-278.391,3,3.981,151.099
2026-09-26T22:42:03.000Z,1790462523.000,32.645329187,-117.190581612,4.704,325.721,311.823,10.429,2.817,-1623,-280.497,3,3.414,153.174
2026-09-26T22:42:04.000Z,1790462524.000,32.645347742,-117.190596679,4.516,325.018,314.782,12.628,4.785,-1624,-282.528,3,3.312,154.933
2026-09-26T22:42:05.000Z,1790462525.000,32.645366557,-117.190611599,4.784,322.824,318.563,20.809,3.357,-1625,-284.519,3,3.626,156.775
2026-09-26T22:42:06.000Z,1790462526.000,32.645383571,-117.190630981,4.713,315.768,314.218,17.284,7.562,-1626,-287.073,3,3.921,157.723
2026-09-26T22:42:07.000Z,1790462527.000,32.645400772,-117.190651117,5.227,312.617,311.695,19.049,3.662,-1627,-289.629,3,4.5,158.794
2026-09-26T22:42:08.000Z,1790462528.000,32.645416693,-117.190671466,5.384,308.369,308.848,17.01,3.445,-1628,-292.149,3,4.824,159.695
2026-09-26T22:42:09.000Z,1790462529.000,32.645435427,-117.19069135,5.555,318.723,308.66,14.331,5.159,-1629,-294.688,3,4.448,161.106
2026-09-26T22:42:10.000Z,1790462530.000,32.645454099,-117.190709821,5.126,317.874,310.288,12.701,2.229,-1630,-297.061,3,4.147,162.687
2026-09-26T22:42:11.000Z,1790462531.000,32.645472436,-117.190728335,5.486,321.006,309.86,9.838,3.122,-1631,-299.472,3,4.252,164.077
2026-09-26T22:42:12.000Z,1790462532.000,32.645492484,-117.190744066,5.231,325.061,313.743,12.741,4.25,-1632,-301.608,3,3.806,166.046
2026-09-26T22:42:13.000Z,1790462533.000,32.64551209,-117.190761815,5.2,323.425,310.438,8.122,2.951,-1633,-304.082,3,3.88,167.379
2026-09-26T22:42:14.000Z,1790462534.000,32.645532882,-117.1907774,5.34,324.165,317.185,17.961,0.812,-1634,-306.15,3,3.933,169.636
2026-09-26T22:42:15.000Z,1790462535.000,32.645552595,-117.190794129,5.552,323.846,316.401,16.072,8.078,-1635,-308.479,3,4.106,171.197
2026-09-26T22:42:16.000Z,1790462536.000,32.645572916,-117.190812584,5.434,320.177,312.165,15.112,4.345,-1636,-311.087,3,4.241,172.525
2026-09-26T22:42:17.000Z,1790462537.000,32.645593122,-117.19083023,5.761,324.052,313.496,19.786,3.607,-1637,-313.459,3,4.238,174.268
2026-09-26T22:42:18.000Z,1790462538.000,32.645612189,-117.190848775,5.328,320.586,309.841,19.035,5.348,-1638,-315.987,3,4.127,175.495
2026-09-26T22:42:19.000Z,1790462539.000,32.645631303,-117.19086724,5.4,319.673,310.805,25.062,2.974,-1639,-318.394,3,4.233,177.073
2026-09-26T22:42:20.000Z,1790462540.000,32.645647149,-117.190892361,5.842,302.473,307.396,17.553,3.942,-1640,-321.327,3,5.446,177.788
2026-09-26T22:42:21.000Z,1790462541.000,32.645662643,-117.190917582,5.687,308.509,303.001,11.916,4.387,-1641,-324.251,3,5.054,178.379
2026-09-26T22:42:22.000Z,1790462542.000,32.645681022,-117.190938296,5.584,318.164,307.287,15.534,2.162,-1642,-326.771,3,4.46,180.075
2026-09-26T22:42:23.000Z,1790462543.000,32.645699968,-117.190957884,5.616,321.326,310.282,15.283,7.548,-1643,-329.225,3,4.287,181.757
2026-09-26T22:42:24.000Z,1790462544.000,32.645718446,-117.190978992,5.613,314.205,303.746,11.872,3.716,-1644,-331.977,3,4.699,182.621
2026-09-26T22:42:25.000Z,1790462545.000,32.645738085,-117.19099524,5.659,329.316,310.155,16.704,1.722,-1645,-334.119,3,3.761,184.735
2026-09-26T22:42:26.000Z,1790462546.000,32.645756532,-117.191011932,5.047,319.639,310.214,11.449,5.491,-1646,-336.367,3,3.937,186.225
2026-09-26T22:42:27.000Z,1790462547.000,32.645775731,-117.191031553,5.678,316.716,311.546,18.536,2.461,-1647,-338.867,3,4.601,187.807
2026-09-26T22:42:28.000Z,1790462548.000,32.645792949,-117.191052985,5.513,314.907,309.52,15.163,6.939,-1648,-341.517,3,4.565,188.876
2026-09-26T22:42:29.000Z,1790462549.000,32.645811264,-117.1910745,5.442,313.306,307.642,20.533,4.419,-1649,-344.214,3,4.586,190.069
2026-09-26T22:42:30.000Z,1790462550.000,32.645827939,-117.191096695,5.553,309.536,305.541,18.55,4.727,-1650,-346.894,3,4.865,191.049
2026-09-26T22:42:31.000Z,1790462551.000,32.645844973,-117.191118551,5.062,305.878,303.228,17.526,5.513,-1651,-349.562,3,4.579,192.06
2026-09-26T22:42:32.000Z,1790462552.000,32.645861191,-117.191141634,5.152,308.745,302.706,12.313,1.93,-1652,-352.266,3,4.543,193.086
2026-09-26T22:42:33.000Z,1790462553.000,32.645877872,-117.191161793,5.216,319.753,305.696,9.086,3.404,-1653,-354.691,3,4.041,194.519
2026-09-26T22:42:34.000Z,1790462554.000,32.645897669,-117.191179097,5.189,328.306,309.256,11.127,5.395,-1654,-356.98,3,3.482,196.401
2026-09-26T22:42:35.000Z,1790462555.000,32.645917396,-117.191195659,5.149,320.784,309.75,9.507,1.526,-1655,-359.259,3,3.922,198.062
2026-09-26T22:42:36.000Z,1790462556.000,32.645937967,-117.191209314,5.214,328.952,319.269,17.956,-0.548,-1656,-361.062,3,3.444,200.545
2026-09-26T22:42:37.000Z,1790462557.000,32.645957284,-117.191226921,5.653,317.308,317.395,17.982,3.388,-1657,-363.494,3,4.51,201.968
2026-09-26T22:42:38.000Z,1790462558.000,32.645976099,-117.191248655,5.236,318.013,310.535,18.318,4.525,-1658,-366.388,3,4.136,202.851
2026-09-26T22:42:39.000Z,1790462559.000,32.645994891,-117.191268201,5.461,319.624,312.97,19.197,1.974,-1659,-368.834,3,4.214,204.472
2026-09-26T22:42:40.000Z,1790462560.000,32.646012231,-117.19128814,5.316,316.052,310.779,15.313,6.675,-1660,-371.368,3,4.302,205.586
2026-09-26T22:42:41.000Z,1790462561.000,32.646030222,-117.191307933,4.922,317,307.87,15.198,6.188,-1661,-373.928,3,3.932,206.717
2026-09-26T22:42:42.000Z,1790462562.000,32.646048745,-117.191327045,5.338,318.152,309.454,17.466,1.513,-1662,-376.354,3,4.195,208.261
2026-09-26T22:42:43.000Z,1790462563.000,32.646066505,-117.191346864,5.286,321.969,309.875,10.305,6.16,-1663,-378.831,3,3.924,209.617
2026-09-26T22:42:44.000Z,1790462564.000,32.646086422,-117.191366096,5.7,317.478,310.847,12.832,3.569,-1664,-381.339,3,4.513,211.259
2026-09-26T22:42:45.000Z,1790462565.000,32.646107782,-117.191383459,5.724,330.809,312.617,13.855,2.131,-1665,-383.728,3,3.597,213.165
2026-09-26T22:42:46.000Z,1790462566.000,32.646129264,-117.191397834,5.335,326.939,317.577,22.198,3.53,-1666,-385.761,3,3.619,215.393
2026-09-26T22:42:47.000Z,1790462567.000,32.64614872,-117.191415608,5.186,315.659,313.817,20.177,3.266,-1667,-388.262,3,4.192,216.685
2026-09-26T22:42:48.000Z,1790462568.000,32.646167553,-117.191434747,5.569,320.608,311.879,22.908,4.939,-1668,-390.792,3,4.198,218.001
2026-09-26T22:42:49.000Z,1790462569.000,32.64618682,-117.191454295,5.187,318.137,308.798,23.153,5.201,-1669,-393.394,3,4.051,219.262
2026-09-26T22:42:50.000Z,1790462570.000,32.646205228,-117.19147586,5.774,312.649,307.422,20.695,2.369,-1670,-396.087,3,4.83,220.5
2026-09-26T22:42:51.000Z,1790462571.000,32.646223321,-117.191497193,6.072,316.403,310.318,21.095,0.798,-1671,-398.655,3,4.846,222.035
2026-09-26T22:42:52.000Z,1790462572.000,32.646240995,-117.191520237,5.666,311.503,309.022,18.059,7.71,-1672,-401.445,3,4.794,223.162
2026-09-26T22:42:53.000Z,1790462573.000,32.646256851,-117.191544104,4.652,299.026,303.674,12.403,7.355,-1673,-404.294,3,4.378,223.76
2026-09-26T22:42:54.000Z,1790462574.000,32.646275436,-117.191565267,5.656,318.969,306.889,18.752,4.084,-1674,-406.878,3,4.346,225.382
2026-09-26T22:42:55.000Z,1790462575.000,32.646294316,-117.191585058,5.363,314.125,306.744,18.618,3.314,-1675,-409.414,3,4.393,226.814
2026-09-26T22:42:56.000Z,1790462576.000,32.646314752,-117.191602933,5.388,322.833,310.488,18.423,3.349,-1676,-411.772,3,3.889,228.76
2026-09-26T22:42:57.000Z,1790462577.000,32.646333812,-117.191622123,5.513,317.921,311.321,15.059,4.536,-1677,-414.242,3,4.287,230.302
2026-09-26T22:42:58.000Z,1790462578.000,32.646352503,-117.191643372,5.8,312.984,311.438,15.751,2.841,-1678,-416.889,3,4.804,231.692
2026-09-26T22:42:59.000Z,1790462579.000,32.646371464,-117.191666747,5.723,315.199,309.602,12.338,7.301,-1679,-419.779,3,4.609,232.906
2026-09-26T22:43:00.000Z,1790462580.000,32.646392569,-117.191686607,5.489,320.121,310.705,18.871,2.451,-1680,-422.389,3,4.12,234.666
2026-09-26T22:43:01.000Z,1790462581.000,32.646414077,-117.19170443,5.786,324.321,312.867,20.782,3.565,-1681,-424.815,3,4.046,236.604
2026-09-26T22:43:02.000Z,1790462582.000,32.646434627,-117.191722306,5.516,318.95,313.362,20.991,2.514,-1682,-427.244,3,4.204,238.315
2026-09-26T22:43:03.000Z,1790462583.000,32.646453824,-117.191745183,5.954,312.585,309.68,14.711,2.51,-1683,-430.15,3,4.934,239.432
2026-09-26T22:43:04.000Z,1790462584.000,32.646474193,-117.191766076,5.961,325.39,310.986,17.851,7.102,-1684,-432.811,3,4.072,241.099
2026-09-26T22:43:05.000Z,1790462585.000,32.646495718,-117.191784614,5.556,326.284,309.127,15.51,6.651,-1685,-435.399,3,3.726,242.72
2026-09-26T22:43:06.000Z,1790462586.000,32.646517897,-117.191801809,5.563,325.069,313.347,18.396,1.694,-1686,-437.749,3,3.81,244.9
2026-09-26T22:43:07.000Z,1790462587.000,32.646540054,-117.191819215,5.488,328.196,316.389,16.178,4.575,-1687,-440.132,3,3.529,246.977
2026-09-26T22:43:08.000Z,1790462588.000,32.646562018,-117.191835341,5.513,327.22,318.422,21.17,3.92,-1688,-442.42,3,3.61,248.994
2026-09-26T22:43:09.000Z,1790462589.000,32.646582412,-117.19185309,5.853,319.624,318.19,23.456,4.096,-1689,-444.853,3,4.379,250.64
2026-09-26T22:43:10.000Z,1790462590.000,32.646603314,-117.191872184,5.589,321.805,318.002,25.058,5.062,-1690,-447.421,3,4.032,252.304
2026-09-26T22:43:11.000Z,1790462591.000,32.64662316,-117.191892148,5.713,319.495,314.852,19.158,7.39,-1691,-450.113,3,4.273,253.622
2026-09-26T22:43:12.000Z,1790462592.000,32.64664456,-117.191912301,5.969,318.702,312.69,21.902,4.559,-1692,-452.85,3,4.514,255.165
2026-09-26T22:43:13.000Z,1790462593.000,32.646665179,-117.191933542,5.9,317.137,311.08,20.547,4.054,-1693,-455.626,3,4.561,256.633
2026-09-26T22:43:14.000Z,1790462594.000,32.646686193,-117.191954174,5.612,322.736,307.976,14.28,5.337,-1694,-458.396,3,3.965,258.045
2026-09-26T22:43:15.000Z,1790462595.000,32.646706892,-117.191972233,5.351,323.197,313.474,17.62,2.974,-1695,-460.728,3,3.744,260.14
2026-09-26T22:43:16.000Z,1790462596.000,32.646727366,-117.191992738,5.828,321.18,313.271,16.762,3.994,-1696,-463.399,3,4.217,261.718
2026-09-26T22:43:17.000Z,1790462597.000,32.646747535,-117.192012793,5.784,321.482,312.771,16.983,3.756,-1697,-466.025,3,4.159,263.254
2026-09-26T22:43:18.000Z,1790462598.000,32.646770186,-117.192031179,5.888,327.633,316.134,23.611,4.207,-1698,-468.505,3,3.763,265.379
2026-09-26T22:43:19.000Z,1790462599.000,32.646791744,-117.19205006,5.674,321.361,315.686,20.131,6.846,-1699,-471.094,3,4.076,267.101
2026-09-26T22:43:20.000Z,1790462600.000,32.646812631,-117.192070378,6.016,316.372,313.442,19.994,4.605,-1700,-473.826,3,4.664,268.58
2026-09-26T22:43:21.000Z,1790462601.000,32.646833766,-117.192091288,5.816,318.478,313.073,22.523,2.958,-1701,-476.565,3,4.365,270.204
2026-09-26T22:43:22.000Z,1790462602.000,32.646854842,-117.192112495,6.281,317.947,312.593,22.981,3.137,-1702,-479.332,3,4.747,271.806
2026-09-26T22:43:23.000Z,1790462603.000,32.646875048,-117.192133381,5.527,318.178,309.797,22.125,3.469,-1703,-482.087,3,4.158,273.151
2026-09-26T22:43:24.000Z,1790462604.000,32.646894037,-117.192154464,5.426,314.364,306.19,14.616,4.085,-1704,-484.81,3,4.307,274.296
2026-09-26T22:43:25.000Z,1790462605.000,32.646914375,-117.192174995,5.711,314.839,309.449,17.049,1.832,-1705,-487.406,3,4.5,276.121
2026-09-26T22:43:26.000Z,1790462606.000,32.646933066,-117.192197035,5.923,315.733,307.674,13.656,2.48,-1706,-490.162,3,4.605,277.347
2026-09-26T22:43:27.000Z,1790462607.000,32.646953083,-117.192217325,5.486,319.703,311.571,18.684,4.755,-1707,-492.698,3,4.01,279.188
2026-09-26T22:43:28.000Z,1790462608.000,32.646972417,-117.192238611,5.564,314.225,307.808,17.705,3.912,-1708,-495.468,3,4.408,280.356
2026-09-26T22:43:29.000Z,1790462609.000,32.646991972,-117.192261197,5.965,316.012,309.183,19.001,2.476,-1709,-498.243,3,4.604,281.897
2026-09-26T22:43:30.000Z,1790462610.000,32.647009536,-117.192283111,5.513,316.913,307.781,14.325,7.652,-1710,-500.93,3,4.196,283.035
2026-09-26T22:43:31.000Z,1790462611.000,32.647027005,-117.192303442,5.242,310.733,306.9,14.814,3.784,-1711,-503.465,3,4.329,284.246
2026-09-26T22:43:32.000Z,1790462612.000,32.64704549,-117.192323011,5.406,317.725,309.1,15.715,1.383,-1712,-505.915,3,4.055,285.82
2026-09-26T22:43:33.000Z,1790462613.000,32.647065273,-117.192342435,5.7,319.386,313.174,16.21,4.587,-1713,-508.357,3,4.159,287.673
2026-09-26T22:43:34.000Z,1790462614.000,32.647084656,-117.192362842,5.427,319.414,309.634,13.91,6.026,-1714,-511.056,3,3.954,288.89
2026-09-26T22:43:35.000Z,1790462615.000,32.647104915,-117.192383626,5.8,313.716,311.856,18.584,2.699,-1715,-513.681,3,4.594,290.617
2026-09-26T22:43:36.000Z,1790462616.000,32.647125138,-117.192404095,5.876,325.682,312.053,19.094,4.654,-1716,-516.326,3,3.803,292.199
2026-09-26T22:43:37.000Z,1790462617.000,32.647145246,-117.192422256,5.441,321.059,312.654,17.429,5.394,-1717,-518.759,3,3.838,293.863
2026-09-26T22:43:38.000Z,1790462618.000,32.647164712,-117.192441354,5.5,315.524,313.109,17.741,3.672,-1718,-521.247,3,4.233,295.422
2026-09-26T22:43:39.000Z,1790462619.000,32.647184821,-117.192460501,5.716,322.694,312.906,23.383,4.038,-1719,-523.784,3,3.904,296.999
2026-09-26T22:43:40.000Z,1790462620.000,32.647204434,-117.192483091,5.962,311.748,308.918,17.679,4.254,-1720,-526.688,3,4.82,298.144
2026-09-26T22:43:41.000Z,1790462621.000,32.647223184,-117.192506065,6.014,311.364,307.96,18.955,2.474,-1721,-529.51,3,4.882,299.412
2026-09-26T22:43:42.000Z,1790462622.000,32.647242211,-117.192529223,5.884,316.771,310.415,18.719,4.129,-1722,-532.284,3,4.426,300.96
2026-09-26T22:43:43.000Z,1790462623.000,32.647261586,-117.192551961,5.849,313.63,306.995,15.273,3.705,-1723,-535.168,3,4.6,302.115
2026-09-26T22:43:44.000Z,1790462624.000,32.647283237,-117.192569986,5.787,329.297,310.37,20.483,4.811,-1724,-537.598,3,3.409,304.157
2026-09-26T22:43:45.000Z,1790462625.000,32.647304311,-117.192587998,5.54,316.217,311.181,23.556,4.484,-1725,-540.057,3,4.186,305.944
2026-09-26T22:43:46.000Z,1790462626.000,32.647321883,-117.192610312,5.617,310.212,307.429,16.459,5.771,-1726,-542.833,3,4.602,306.895
2026-09-26T22:43:47.000Z,1790462627.000,32.647341409,-117.19263481,6.077,308.391,308.406,21.513,3.204,-1727,-545.78,3,5.083,308.349
2026-09-26T22:43:48.000Z,1790462628.000,32.647358722,-117.1926612,6.027,306.213,305.498,20.686,5.64,-1728,-548.867,3,5.16,309.218
2026-09-26T22:43:49.000Z,1790462629.000,32.647375933,-117.192686779,5.871,303.797,300.111,18.804,3.714,-1729,-551.896,3,5.147,309.899
2026-09-26T22:43:50.000Z,1790462630.000,32.647393223,-117.192709932,5.464,316.128,300.902,14.516,6.338,-1730,-554.64,3,4.114,311.142
2026-09-26T22:43:51.000Z,1790462631.000,32.647412679,-117.192731131,5.262,315.98,304.522,16.687,3.613,-1731,-557.272,3,3.965,312.89
2026-09-26T22:43:52.000Z,1790462632.000,32.647430769,-117.192754303,5.641,311.07,305.225,16.298,3.27,-1732,-560.049,3,4.548,314.209
2026-09-26T22:43:53.000Z,1790462633.000,32.647448429,-117.192777998,5.752,314.762,306.39,19.113,3.005,-1733,-562.846,3,4.404,315.503
2026-09-26T22:43:54.000Z,1790462634.000,32.647465282,-117.192803346,5.848,306.976,304.844,15.627,4.812,-1734,-565.794,3,4.942,316.456
2026-09-26T22:43:55.000Z,1790462635.000,32.647484123,-117.192826044,5.7,314.697,306.226,15.202,4.885,-1735,-568.551,3,4.359,317.919
2026-09-26T22:43:56.000Z,1790462636.000,32.647503798,-117.192846543,5.182,317.648,306.839,14.343,8.346,-1736,-571.17,3,3.781,319.474
2026-09-26T22:43:57.000Z,1790462637.000,32.647522388,-117.192867387,5.58,312.023,307.326,18.398,3.488,-1737,-573.771,3,4.421,320.895
2026-09-26T22:43:58.000Z,1790462638.000,32.647541003,-117.192889731,5.824,314.001,306.942,18.41,2.604,-1738,-576.521,3,4.484,322.209
2026-09-26T22:43:59.000Z,1790462639.000,32.64755822,-117.19291218,5.96,312.693,305.358,16.379,3.485,-1739,-579.238,3,4.67,323.279
2026-09-26T22:44:00.000Z,1790462640.000,32.647575686,-117.192934943,5.814,309.242,306.895,17.021,2.725,-1740,-581.937,3,4.761,324.607
2026-09-26T22:44:01.000Z,1790462641.000,32.647592968,-117.192958696,5.933,309.498,303.849,15.962,3.736,-1741,-584.792,3,4.838,325.534
2026-09-26T22:44:02.000Z,1790462642.000,32.647612039,-117.192980943,5.524,314.16,304.423,19.145,3.266,-1742,-587.536,3,4.226,326.973
2026-09-26T22:44:03.000Z,1790462643.000,32.6476305,-117.19300102,5.353,317.22,304.948,15.031,7.82,-1743,-590.067,3,3.9,328.405
2026-09-26T22:44:04.000Z,1790462644.000,32.647649072,-117.193019847,5.384,312.626,306.126,18.905,3.406,-1744,-592.484,3,4.2,329.934
2026-09-26T22:44:05.000Z,1790462645.000,32.647666376,-117.193041107,5.316,315.457,305.638,15.789,3.52,-1745,-595.083,3,3.973,331.131
2026-09-26T22:44:06.000Z,1790462646.000,32.647685694,-117.193060671,5.674,319.758,310.47,23.49,2.932,-1746,-597.517,3,3.94,332.995
2026-09-26T22:44:07.000Z,1790462647.000,32.64770382,-117.193082677,5.72,310.475,307.76,20.337,5.341,-1747,-600.268,3,4.579,334.092
2026-09-26T22:44:08.000Z,1790462648.000,32.6477207,-117.19310661,5.832,309.732,304.341,19.734,4.547,-1748,-603.13,3,4.71,334.943
2026-09-26T22:44:09.000Z,1790462649.000,32.647737511,-117.19313198,5.612,308.2,301.943,14.238,6.093,-1749,-606.085,3,4.615,335.823
2026-09-26T22:44:10.000Z,1790462650.000,32.647753894,-117.193155585,5.455,306.829,301.434,15.847,1.491,-1750,-608.84,3,4.556,336.853
2026-09-26T22:44:11.000Z,1790462651.000,32.647770054,-117.193178074,5.93,314.154,308.664,16.349,1.341,-1751,-611.366,3,4.491,338.491
2026-09-26T22:44:12.000Z,1790462652.000,32.647786914,-117.193198971,5.437,312.736,307.827,11.814,8.108,-1752,-613.924,3,4.199,339.626
2026-09-26T22:44:13.000Z,1790462653.000,32.647805138,-117.193220988,5.363,308.385,306.339,17.974,3.741,-1753,-616.65,3,4.384,340.824
2026-09-26T22:44:14.000Z,1790462654.000,32.647822336,-117.193243348,5.4,313.821,304.674,16.69,3.762,-1754,-619.359,3,4.096,341.888
2026-09-26T22:44:15.000Z,1790462655.000,32.647840523,-117.193263696,5.652,314.002,306.533,15.997,2.512,-1755,-621.877,3,4.271,343.386
2026-09-26T22:44:16.000Z,1790462656.000,32.647859376,-117.193283995,5.719,318.3,307.499,12.934,5.105,-1756,-624.435,3,4.022,344.886
2026-09-26T22:44:17.000Z,1790462657.000,32.647880163,-117.193303979,5.687,322.304,307.614,16.92,4.552,-1757,-627.067,3,3.701,346.535
2026-09-26T22:44:18.000Z,1790462658.000,32.647900001,-117.193323592,5.527,317.215,307.482,15.531,2.634,-1758,-629.63,3,3.949,348.075
2026-09-26T22:44:19.000Z,1790462659.000,32.647919746,-117.193341736,5.935,324.259,309.704,17.446,3.472,-1759,-632.012,3,3.691,349.825
2026-09-26T22:44:20.000Z,1790462660.000,32.64794017,-117.193358919,5.212,319.64,312.704,19.607,4.234,-1760,-634.315,3,3.553,351.729
2026-09-26T22:44:21.000Z,1790462661.000,32.647957319,-117.193379016,5.413,312.022,310.78,15.179,5.868,-1761,-636.848,3,4.178,352.838
2026-09-26T22:44:22.000Z,1790462662.000,32.64797472,-117.19340107,5.771,309.004,310.695,21.214,3.183,-1762,-639.513,3,4.637,354.055
2026-09-26T22:44:23.000Z,1790462663.000,32.647991818,-117.193426051,6.068,306.018,309.276,22.366,5.25,-1763,-642.447,3,5.053,355.057
2026-09-26T22:44:24.000Z,1790462664.000,32.648008589,-117.193452761,5.959,306.871,302.593,16.693,5.472,-1764,-645.6,3,4.909,355.567
2026-09-26T22:44:25.000Z,1790462665.000,32.648026537,-117.193474137,5.542,321.88,303.361,17.9,3.524,-1765,-648.219,3,3.59,356.927
2026-09-26T22:44:26.000Z,1790462666.000,32.648045675,-117.193492391,5.521,320.954,306.206,20.702,4.275,-1766,-650.585,3,3.637,358.662
2026-09-26T22:44:27.000Z,1790462667.000,32.64806336,-117.193513141,5.316,313.996,304.595,15.659,4.404,-1767,-653.176,3,3.956,359.827
2026-09-26T22:44:28.000Z,1790462668.000,32.648081809,-117.193533232,5.213,318.667,306.52,14.457,4.906,-1768,-655.684,3,3.577,361.365
2026-09-26T22:44:29.000Z,1790462669.000,32.64810109,-117.193554015,5.687,316.224,307.348,18.416,4.334,-1769,-658.304,3,4.069,362.887
2026-09-26T22:44:30.000Z,1790462670.000,32.648119112,-117.193577238,6.068,309.065,307.086,20.388,3.059,-1770,-661.099,3,4.831,364.122
2026-09-26T22:44:31.000Z,1790462671.000,32.648136789,-117.193602681,6.112,315.529,305.978,19.605,4.661,-1771,-664.087,3,4.412,365.194
2026-09-26T22:44:32.000Z,1790462672.000,32.648155158,-117.193625722,6.123,310.207,304.976,21.751,2.19,-1772,-666.894,3,4.789,366.414
2026-09-26T22:44:33.000Z,1790462673.000,32.648172631,-117.193648366,5.944,313.651,306.975,17.94,7.545,-1773,-669.573,3,4.412,367.781
2026-09-26T22:44:34.000Z,1790462674.000,32.648191989,-117.193669607,5.433,316.634,306.307,23.292,8.21,-1774,-672.267,3,3.832,369.184
2026-09-26T22:44:35.000Z,1790462675.000,32.648210763,-117.193692034,5.461,311.559,306.363,22.254,5.082,-1775,-675.021,3,4.174,370.546
2026-09-26T22:44:36.000Z,1790462676.000,32.648227075,-117.193716167,5.973,305.92,303.782,17.436,4.201,-1776,-677.858,3,4.918,371.396
2026-09-26T22:44:37.000Z,1790462677.000,32.648244855,-117.193740562,5.9,309.797,304.746,18.841,5.919,-1777,-680.724,3,4.614,372.668
2026-09-26T22:44:38.000Z,1790462678.000,32.648263011,-117.193763906,5.832,316.788,303.79,19.9,4.94,-1778,-683.545,3,4.079,373.86
2026-09-26T22:44:39.000Z,1790462679.000,32.648280886,-117.193786566,5.426,311.397,303.621,20.637,1.943,-1779,-686.283,3,4.137,375.103
2026-09-26T22:44:40.000Z,1790462680.000,32.64829836,-117.193808187,5.733,313.967,306.509,19.711,3.093,-1780,-688.864,3,4.195,376.569
2026-09-26T22:44:41.000Z,1790462681.000,32.648315273,-117.193830391,5.616,309.226,307.143,20.644,5.023,-1781,-691.507,3,4.406,377.784
2026-09-26T22:44:42.000Z,1790462682.000,32.648333479,-117.193854746,6.043,312.372,306.142,20.355,6.446,-1782,-694.422,3,4.523,378.951
2026-09-26T22:44:43.000Z,1790462683.000,32.648351492,-117.193879645,5.926,307.887,303.769,21.771,4.498,-1783,-697.394,3,4.724,379.975
2026-09-26T22:44:44.000Z,1790462684.000,32.648368723,-117.193904349,6.032,304.606,301.859,21.316,2.529,-1784,-700.302,3,5.004,380.955
2026-09-26T22:44:45.000Z,1790462685.000,32.648384847,-117.193927058,5.637,323.14,300.391,15.191,6.346,-1785,-702.982,3,3.428,381.909
2026-09-26T22:44:46.000Z,1790462686.000,32.648403455,-117.193948487,5.425,308.358,302.337,14.01,0.047,-1786,-705.621,3,4.284,383.43
2026-09-26T22:44:47.000Z,1790462687.000,32.648421724,-117.19396925,6.034,321.215,310.835,14.992,1.109,-1787,-708.053,3,3.812,385.432
2026-09-26T22:44:48.000Z,1790462688.000,32.648441945,-117.19398699,5.828,326.823,313.571,21.726,5.201,-1788,-710.397,3,3.214,387.277
2026-09-26T22:44:49.000Z,1790462689.000,32.648462986,-117.194005286,5.63,321.691,312.612,25.589,5.009,-1789,-712.926,3,3.505,388.923
2026-09-26T22:44:50.000Z,1790462690.000,32.648481336,-117.194028365,5.8,311.436,307.402,22.702,3.86,-1790,-715.84,3,4.356,389.827
2026-09-26T22:44:51.000Z,1790462691.000,32.64849862,-117.194051211,5.7,311.926,306.5,17.735,6.327,-1791,-718.583,3,4.243,390.946
2026-09-26T22:44:52.000Z,1790462692.000,32.648516848,-117.194072829,5.7,314.555,307.441,22.479,3.879,-1792,-721.227,3,4.057,392.341
2026-09-26T22:44:53.000Z,1790462693.000,32.648534136,-117.194097566,5.723,306.99,308.072,24.018,3.16,-1793,-724.102,3,4.562,393.525
2026-09-26T22:44:54.000Z,1790462694.000,32.648549782,-117.19412276,5.862,309.015,303.74,17.85,5.094,-1794,-727.034,3,4.541,394.139
2026-09-26T22:44:55.000Z,1790462695.000,32.648568014,-117.194143611,5.472,321.305,305.095,22.165,2.808,-1795,-729.609,3,3.398,395.59
2026-09-26T22:44:56.000Z,1790462696.000,32.648587234,-117.194162365,5.568,320.637,308.808,22.187,4.852,-1796,-731.996,3,3.5,397.382
2026-09-26T22:44:57.000Z,1790462697.000,32.648606059,-117.19418448,5.557,309.933,306.55,17.072,7.905,-1797,-734.774,3,4.23,398.583
2026-09-26T22:44:58.000Z,1790462698.000,32.648622566,-117.194208055,5.383,307.372,303.641,15.789,4.349,-1798,-737.575,3,4.245,399.443
2026-09-26T22:44:59.000Z,1790462699.000,32.648640489,-117.194230453,5.573,309.426,306.109,19.263,3.965,-1799,-740.251,3,4.263,400.903
2026-09-26T22:45:00.000Z,1790462700.000,32.648658424,-117.194252803,5.6,312.131,305.413,16.674,3.708,-1800,-742.975,3,4.103,402.12
2026-09-26T22:45:01.000Z,1790462701.000,32.648677173,-117.194274009,5.7,318.602,307.33,18.455,2.481,-1801,-745.589,3,3.704,403.657
2026-09-26T22:45:02.000Z,1790462702.000,32.648696396,-117.194293739,5.786,319.449,309.959,20.22,4.486,-1802,-748.075,3,3.687,405.337
2026-09-26T22:45:03.000Z,1790462703.000,32.648716381,-117.19431429,5.916,318.268,308.03,18.197,4.788,-1803,-750.766,3,3.855,406.731
2026-09-26T22:45:04.000Z,1790462704.000,32.648736804,-117.194335969,5.8,316.577,306.426,18.509,3.319,-1804,-753.561,3,3.901,408.163
2026-09-26T22:45:05.000Z,1790462705.000,32.648756792,-117.194355992,5.773,313.482,310.438,22.227,1.411,-1805,-756.079,3,4.099,410.021
2026-09-26T22:45:06.000Z,1790462706.000,32.648775983,-117.194377485,5.844,318.917,312.544,22.445,4.572,-1806,-758.717,3,3.733,411.605
2026-09-26T22:45:07.000Z,1790462707.000,32.648794686,-117.194400962,5.411,309.775,309.831,24.989,5.782,-1807,-761.629,3,4.069,412.725
2026-09-26T22:45:08.000Z,1790462708.000,32.648812362,-117.194427304,5.924,308.871,305.198,20.276,4.409,-1808,-764.764,3,4.51,413.503
2026-09-26T22:45:09.000Z,1790462709.000,32.648830686,-117.194448843,5.5,317.187,305.579,25.862,4.009,-1809,-767.417,3,3.621,414.868
2026-09-26T22:45:10.000Z,1790462710.000,32.64884635,-117.194469987,4.776,316.443,304.893,16.799,9.041,-1810,-769.935,3,3.185,415.879
2026-09-26T22:45:11.000Z,1790462711.000,32.6488628,-117.194490011,4.896,313.082,307.044,17.897,5.27,-1811,-772.345,3,3.468,417.224
2026-09-26T22:45:12.000Z,1790462712.000,32.648880768,-117.194512229,5.263,310.353,308.652,21.879,3.419,-1812,-775.014,3,3.895,418.625
2026-09-26T22:45:13.000Z,1790462713.000,32.648899723,-117.194537097,7.087,317.334,307.301,20.007,5.423,-1813,-778.015,3,4.617,419.831
2026-09-26T22:45:14.000Z,1790462714.000,32.648918253,-117.194561233,5.832,310.606,305.569,22.419,4.358,-1814,-780.938,3,4.285,420.982
2026-09-26T22:45:15.000Z,1790462715.000,32.648936969,-117.194586036,5.811,310.076,304.949,23.194,2.724,-1815,-783.906,3,4.3,422.218
2026-09-26T22:45:16.000Z,1790462716.000,32.648955258,-117.19460943,6.049,313.124,306.848,23.886,2.88,-1816,-786.688,3,4.246,423.644
2026-09-26T22:45:17.000Z,1790462717.000,32.648973531,-117.194633082,5.57,310.996,305.24,15.71,4.927,-1817,-789.557,3,4.047,424.791
2026-09-26T22:45:18.000Z,1790462718.000,32.64899451,-117.194653568,6,326.618,308.855,16.44,5.221,-1818,-792.17,3,3.078,426.712
2026-09-26T22:45:19.000Z,1790462719.000,32.649016575,-117.194672598,5.946,319.23,312.242,16.234,5.273,-1819,-794.7,3,3.671,428.769
2026-09-26T22:45:20.000Z,1790462720.000,32.649037535,-117.194692312,5.777,320.567,310.379,17.697,4.063,-1820,-797.365,3,3.451,430.297
2026-09-26T22:45:21.000Z,1790462721.000,32.649058139,-117.194711048,5.442,323.157,311.512,18.924,5.219,-1821,-799.856,3,3.041,432.038
2026-09-26T22:45:22.000Z,1790462722.000,32.649078256,-117.194730408,5.464,319.964,311.12,19.196,2.789,-1822,-802.417,3,3.293,433.595
2026-09-26T22:45:23.000Z,1790462723.000,32.649097971,-117.194751159,5.978,319.837,316.279,22.588,5.59,-1823,-804.922,3,3.604,435.475
2026-09-26T22:45:24.000Z,1790462724.000,32.649116566,-117.194774714,5.8,310.696,312.229,23.079,5.703,-1824,-807.886,3,4.181,436.49
2026-09-26T22:45:25.000Z,1790462725.000,32.649134166,-117.194798719,5.663,313.611,307.374,20.147,6.24,-1825,-810.837,3,3.871,437.314
2026-09-26T22:45:26.000Z,1790462726.000,32.649153258,-117.194821047,5.522,316.067,305.074,17.494,4.545,-1826,-813.639,3,3.592,438.532
2026-09-26T22:45:27.000Z,1790462727.000,32.649171806,-117.194841579,5.675,316.813,307.932,16.397,3.597,-1827,-816.169,3,3.626,440.139
2026-09-26T22:45:28.000Z,1790462728.000,32.649191154,-117.194861694,5.495,324.661,309.049,13.14,7.012,-1828,-818.727,3,2.892,441.707
2026-09-26T22:45:29.000Z,1790462729.000,32.649212161,-117.194880671,5.832,323.606,309.959,16.521,3.295,-1829,-821.264,3,3.15,443.468
2026-09-26T22:45:30.000Z,1790462730.000,32.649232918,-117.194901784,5.4,318.435,311.85,14.062,3.206,-1830,-823.948,3,3.306,445.214
2026-09-26T22:45:31.000Z,1790462731.000,32.649253108,-117.194921714,5.7,322.816,310.579,10.23,4.53,-1831,-826.583,3,3.126,446.698
2026-09-26T22:45:32.000Z,1790462732.000,32.649275338,-117.194936235,5.242,334.477,313.363,12.758,6.043,-1832,-828.738,3,1.919,448.851
2026-09-26T22:45:33.000Z,1790462733.000,32.649297859,-117.194949228,4.756,325.329,319.356,17.299,3.695,-1833,-830.658,3,2.413,451.299
2026-09-26T22:45:34.000Z,1790462734.000,32.649319203,-117.194964874,5.188,330.228,318.996,17.56,3.13,-1834,-832.957,3,2.231,453.096
2026-09-26T22:45:35.000Z,1790462735.000,32.649339311,-117.194982698,5.561,318.916,318.485,19.027,3.795,-1835,-835.393,3,3.322,454.689
2026-09-26T22:45:36.000Z,1790462736.000,32.649358724,-117.19500223,5.974,316.995,318.385,24.428,3.295,-1836,-837.932,3,3.718,456.19
2026-09-26T22:45:37.000Z,1790462737.000,32.649377637,-117.195023942,5.847,317.48,314.547,25.634,3.672,-1837,-840.754,3,3.592,457.31
2026-09-26T22:45:38.000Z,1790462738.000,32.649396569,-117.195046784,6.051,317.821,309.136,15.939,8.545,-1838,-843.691,3,3.681,458.273
2026-09-26T22:45:39.000Z,1790462739.000,32.6494164,-117.19506584,5.294,322.08,309.816,16.707,4.077,-1839,-846.187,3,2.891,459.889
2026-09-26T22:45:40.000Z,1790462740.000,32.649436717,-117.19508538,5.9,318.092,311.571,16.885,2.276,-1840,-848.717,3,3.548,461.622
2026-09-26T22:45:41.000Z,1790462741.000,32.649457481,-117.195105651,5.8,323.242,308.606,13.341,4.96,-1841,-851.448,3,3.048,463.031
2026-09-26T22:45:42.000Z,1790462742.000,32.649479189,-117.195123891,5.664,321.699,308.926,16.712,2.848,-1842,-853.966,3,3.095,464.843
2026-09-26T22:45:43.000Z,1790462743.000,32.649499392,-117.195143978,5.456,321.251,308.931,12.698,3.116,-1843,-856.581,3,3.008,466.418
2026-09-26T22:45:44.000Z,1790462744.000,32.649520276,-117.195162073,5.447,330.636,309.419,12.832,7.391,-1844,-859.047,3,2.212,468.159
2026-09-26T22:45:45.000Z,1790462745.000,32.649543073,-117.195179744,5.637,322.954,311.397,12.644,0.594,-1845,-861.522,3,2.946,470.225
2026-09-26T22:45:46.000Z,1790462746.000,32.649565583,-117.195196179,5.773,332.626,317.585,17.914,2.026,-1846,-863.747,3,2.134,472.595
2026-09-26T22:45:47.000Z,1790462747.000,32.64958797,-117.195212157,5.447,330.393,317.642,21.679,5.132,-1847,-866.108,3,2.198,474.523
2026-09-26T22:45:48.000Z,1790462748.000,32.64960993,-117.195230224,5.968,321.323,319.108,30.584,2.264,-1848,-868.579,3,3.228,476.444
2026-09-26T22:45:49.000Z,1790462749.000,32.649627381,-117.195253903,5.625,308.002,311.059,23.003,5.62,-1849,-871.624,3,4.045,477.048
2026-09-26T22:45:50.000Z,1790462750.000,32.649644796,-117.195275469,5.433,313.514,309.422,25.863,2.544,-1850,-874.285,3,3.519,478.164
2026-09-26T22:45:51.000Z,1790462751.000,32.649662469,-117.195296486,5.569,315.747,310.535,26.678,4.427,-1851,-876.845,3,3.431,479.528
2026-09-26T22:45:52.000Z,1790462752.000,32.649681049,-117.195318234,5.677,318.266,308.321,22.461,5.055,-1852,-879.583,3,3.289,480.718
2026-09-26T22:45:53.000Z,1790462753.000,32.649699936,-117.195338808,5.525,311.659,309.661,22.921,5,-1853,-882.155,3,3.69,482.242
2026-09-26T22:45:54.000Z,1790462754.000,32.649718238,-117.195361409,5.527,312.437,307.895,19.495,6.751,-1854,-884.942,3,3.627,483.411
2026-09-26T22:45:55.000Z,1790462755.000,32.649737153,-117.195383828,5.931,318.348,306.144,18.857,6.61,-1855,-887.737,3,3.402,484.651
2026-09-26T22:45:56.000Z,1790462756.000,32.649758703,-117.195407104,6.288,313.939,308.086,19.561,1.562,-1856,-890.648,3,3.98,486.427
2026-09-26T22:45:57.000Z,1790462757.000,32.649780018,-117.195429996,6.508,318.448,310.153,19.361,2.712,-1857,-893.512,3,3.699,488.198
2026-09-26T22:45:58.000Z,1790462758.000,32.649801653,-117.195451716,6.484,320.581,310.127,15.306,5.713,-1858,-896.333,3,3.472,489.877
2026-09-26T22:45:59.000Z,1790462759.000,32.649824157,-117.195470484,5.9,324.467,310.971,18.519,3.457,-1859,-898.918,3,2.802,491.797
2026-09-26T22:46:00.000Z,1790462760.000,32.64984654,-117.195489322,5.8,320.786,311.927,18.061,2.19,-1860,-901.499,3,3.065,493.709
2026-09-26T22:46:01.000Z,1790462761.000,32.649867094,-117.195507318,5.647,324.457,312.129,15.363,5.248,-1861,-903.948,3,2.661,495.396
2026-09-26T22:46:02.000Z,1790462762.000,32.64988684,-117.195526262,5.447,317.417,310.737,15.15,5.071,-1862,-906.481,3,3.126,496.852
2026-09-26T22:46:03.000Z,1790462763.000,32.649906634,-117.195548065,5.978,313.838,310.032,16.097,3.777,-1863,-909.245,3,3.721,498.283
2026-09-26T22:46:04.000Z,1790462764.000,32.649925019,-117.195570714,5.975,309.586,309.557,18.582,3.49,-1864,-912.013,3,4.047,499.558
2026-09-26T22:46:05.000Z,1790462765.000,32.649943106,-117.195593469,5.7,313.963,308.682,17.811,4.09,-1865,-914.786,3,3.521,500.768
2026-09-26T22:46:06.000Z,1790462766.000,32.64996189,-117.195615538,5.669,312.104,307.466,18.546,3.319,-1866,-917.536,3,3.635,502.045
2026-09-26T22:46:07.000Z,1790462767.000,32.64998116,-117.19563846,5.635,316.729,307.799,14.868,2.58,-1867,-920.349,3,3.244,503.467
2026-09-26T22:46:08.000Z,1790462768.000,32.650000987,-117.195659612,5.874,320.667,311.184,16.024,4.656,-1868,,3,3.032,505.226
2026-09-26T22:46:09.000Z,1790462769.000,32.650021594,-117.195679509,5.784,318.783,314.175,19.18,3.85,-1869,,3,3.136,507.07
2026-09-26T22:46:10.000Z,1790462770.000,32.650042066,-117.195699568,5.547,325.164,312.239,17.084,5.332,-1870,,3,2.46,508.534
2026-09-26T22:46:11.000Z,1790462771.000,32.650063609,-117.195718356,5.712,322.421,313.249,19.288,4.959,-1871,,3,2.764,510.362
2026-09-26T22:46:12.000Z,1790462772.000,32.650085476,-117.195736196,5.774,323.93,314.269,22.543,1.999,-1872,,3,2.648,512.252
2026-09-26T22:46:13.000Z,1790462773.000,32.650105705,-117.195756558,5.968,319.847,311.849,16.364,5.156,-1873,,3,3.097,513.645
2026-09-26T22:46:14.000Z,1790462774.000,32.650127418,-117.195777707,6.011,324.559,311.559,17.118,3.635,-1874,,3,2.674,515.329
2026-09-26T22:46:15.000Z,1790462775.000,32.650148903,-117.195796493,5.9,323.936,314.975,17.62,3.849,-1875,,3,2.669,517.327
2026-09-26T22:46:16.000Z,1790462776.000,32.650171133,-117.195814822,5.7,323.63,314.371,18.778,3.426,-1876,,3,2.594,519.124
2026-09-26T22:46:17.000Z,1790462777.000,32.650192941,-117.195833506,5.769,326.94,315.575,20.036,4.624,-1877,,3,2.312,520.995
2026-09-26T22:46:18.000Z,1790462778.000,32.650214123,-117.195854211,5.812,320.228,314.198,16.752,7.048,-1878,,3,2.924,522.558
2026-09-26T22:46:19.000Z,1790462779.000,32.650233849,-117.195876899,5.767,313.863,308.836,15.137,4.724,-1879,,3,3.427,523.612
2026-09-26T22:46:20.000Z,1790462780.000,32.650254358,-117.195898617,5.883,317.934,309.079,19.85,2.953,-1880,,3,3.14,525.193
2026-09-26T22:46:21.000Z,1790462781.000,32.650273294,-117.195919902,5.6,316.908,305.444,9.738,5.252,-1881,,3,3.064,526.323
2026-09-26T22:46:22.000Z,1790462782.000,32.650295113,-117.195938249,5.8,324.515,312.357,16.709,1.592,-1882,,3,2.489,528.641
2026-09-26T22:46:23.000Z,1790462783.000,32.65031515,-117.195957276,5.661,323.126,314.261,14.041,3.367,-1883,,3,2.541,530.368
2026-09-26T22:46:24.000Z,1790462784.000,32.650335564,-117.195975147,5.6,324.924,314.834,16.962,4.468,-1884,,3,2.344,532.069
2026-09-26T22:46:25.000Z,1790462785.000,32.650357059,-117.195993787,5.789,323.009,314.606,20.454,4.869,-1885,,3,2.585,533.807
2026-09-26T22:46:26.000Z,1790462786.000,32.65037586,-117.196014243,5.613,314.637,312.371,16.559,6.065,-1886,,3,3.202,535.06
2026-09-26T22:46:27.000Z,1790462787.000,32.65039487,-117.196036572,5.508,312.399,311.611,17.083,3.757,-1887,,3,3.307,536.389
2026-09-26T22:46:28.000Z,1790462788.000,32.650413921,-117.196058095,5.716,320.19,310.808,14.96,4.851,-1888,,3,2.77,537.743
2026-09-26T22:46:29.000Z,1790462789.000,32.650435514,-117.196078857,6.277,315.18,315.144,19.957,0.483,-1889,,3,3.496,539.764
2026-09-26T22:46:30.000Z,1790462790.000,32.650455654,-117.196100406,6.722,321.924,314.13,16.386,4.621,-1890,,3,3.049,541.219
2026-09-26T22:46:31.000Z,1790462791.000,32.650478103,-117.196119817,5.986,320.613,311.51,16.52,4.109,-1891,,3,2.824,542.859
2026-09-26T22:46:32.000Z,1790462792.000,32.650499558,-117.196140511,5.947,319.968,309.986,13.887,3.762,-1892,,3,2.852,544.437
2026-09-26T22:46:33.000Z,1790462793.000,32.650520666,-117.196162017,5.813,320.249,307.717,7.443,4.786,-1893,,3,2.751,545.897
2026-09-26T22:46:34.000Z,1790462794.000,32.650542552,-117.196180676,5.887,323.582,313.518,12.538,1.123,-1894,,3,2.466,548.124
2026-09-26T22:46:35.000Z,1790462795.000,32.650564085,-117.19619791,5.668,330.257,315.318,12.888,5.676,-1895,,3,1.746,550.05
2026-09-26T22:46:36.000Z,1790462796.000,32.650587777,-117.196215656,5.989,323.574,314.715,16.656,2.583,-1896,,3,2.482,552.019
2026-09-26T22:46:37.000Z,1790462797.000,32.650607834,-117.196234003,5.735,323.487,316.118,14.377,3.471,-1897,,3,2.372,553.729
2026-09-26T22:46:38.000Z,1790462798.000,32.650628274,-117.196252231,5.243,322.899,314.473,12.257,4.976,-1898,,3,2.207,555.264
2026-09-26T22:46:39.000Z,1790462799.000,32.650648743,-117.196269261,5.617,325.267,317.153,15.886,2.232,-1899,,3,2.139,557.146
2026-09-26T22:46:40.000Z,1790462800.000,32.65066882,-117.196287557,5.425,321.879,316.549,15.388,4.957,-1900,,3,2.348,558.716
2026-09-26T22:46:41.000Z,1790462801.000,32.650687384,-117.196307524,5.34,316.607,313.207,15.938,3.153,-1901,,3,2.735,559.88
2026-09-26T22:46:42.000Z,1790462802.000,32.650707291,-117.19632722,5.786,317.304,316.738,22.862,2.877,-1902,,3,2.89,561.689
2026-09-26T22:46:43.000Z,1790462803.000,32.650727512,-117.19634684,5.616,320.855,314.89,23.085,4.611,-1903,,3,2.487,563.148
2026-09-26T22:46:44.000Z,1790462804.000,32.650749356,-117.196365455,5.763,324.05,313.096,22.469,2.495,-1904,,3,2.247,564.809
2026-09-26T22:46:45.000Z,1790462805.000,32.650771977,-117.196382173,6.12,330.212,313.738,24.185,4.096,-1905,,3,1.753,566.782
2026-09-26T22:46:46.000Z,1790462806.000,32.65079267,-117.196400973,5.397,317.106,309.105,24.093,5.931,-1906,,3,2.668,568.102
2026-09-26T22:46:47.000Z,1790462807.000,32.650809039,-117.196425568,5.257,301.335,297.734,23.124,3.988,-1907,,3,3.737,568.258
2026-09-26T22:46:48.000Z,1790462808.000,32.650816201,-117.196453679,5.4,278.317,279.733,16.293,1.828,-1908,,3,5.018,566.773
2026-09-26T22:46:49.000Z,1790462809.000,32.650815464,-117.196480526,5,259.891,260.559,3.311,0.778,-1909,,3,4.992,564.464
2026-09-26T22:46:50.000Z,1790462810.000,32.650809534,-117.196504461,4.569,250.064,246.169,3.109,3.483,-1910,,3,4.537,562.194
2026-09-26T22:46:51.000Z,1790462811.000,32.650797644,-117.19652533,4.235,229.471,235.063,-3.108,5.339,-1911,,3,3.761,559.728
2026-09-26T22:46:52.000Z,1790462812.000,32.650782401,-117.196541421,4.103,222.937,230.121,-12.395,1.58,-1912,,3,3.402,557.427
2026-09-26T22:46:53.000Z,1790462813.000,32.65076611,-117.196555177,4.506,215.809,231.394,-20.325,-0.416,-1913,,3,3.391,555.369
2026-09-26T22:46:54.000Z,1790462814.000,32.650749739,-117.196569064,4.622,215.756,237.585,-27.751,-0.715,-1914,,3,3.472,553.545
2026-09-26T22:46:55.000Z,1790462815.000,32.650736653,-117.196587152,4.475,232.005,244.842,-26.897,4.603,-1915,,3,4.053,552.053
2026-09-26T22:46:56.000Z,1790462816.000,32.650726696,-117.196608737,4.441,250.183,248.776,-22.887,1.698,-1916,,3,4.408,550.628
2026-09-26T22:46:57.000Z,1790462817.000,32.650717889,-117.196630837,4.553,249.968,252.241,-24.369,-0.709,-1917,,3,4.518,549.296
2026-09-26T22:46:58.000Z,1790462818.000,32.650710152,-117.196654379,4.677,246.769,252.297,-23.586,0.541,-1918,,3,4.601,547.815
2026-09-26T22:46:59.000Z,1790462819.000,32.650702621,-117.196677689,4.662,248.882,252.638,-18.787,2.033,-1919,,3,4.614,546.382
2026-09-26T22:47:00.000Z,1790462820.000,32.650693113,-117.196701281,4.973,242.099,250.655,-17.865,0.495,-1920,,3,4.801,544.578
2026-09-26T22:47:01.000Z,1790462821.000,32.650683534,-117.196725056,4.863,245.147,246.393,-12.059,4.314,-1921,,3,4.755,542.624
2026-09-26T22:47:02.000Z,1790462822.000,32.650671493,-117.196747514,4.788,237.296,243.9,-16.195,0.297,-1922,,3,4.5,540.563
2026-09-26T22:47:03.000Z,1790462823.000,32.650659978,-117.196769567,4.713,244.428,248.807,-18.236,5.724,-1923,,3,4.594,539.021
2026-09-26T22:47:04.000Z,1790462824.000,32.650650633,-117.196793444,4.662,248.149,247.162,-16.549,4.162,-1924,,3,4.603,537.253
2026-09-26T22:47:05.000Z,1790462825.000,32.650639353,-117.196818695,5.111,242.666,246.376,-15.035,-0.813,-1925,,3,4.943,535.297
2026-09-26T22:47:06.000Z,1790462826.000,32.650628253,-117.196842656,5.212,239.039,246.402,-13.337,3.375,-1926,,3,4.946,533.445
2026-09-26T22:47:07.000Z,1790462827.000,32.650615584,-117.196866868,5.3,238.005,246.379,-15.422,8.043,-1927,,3,4.997,531.418
2026-09-26T22:47:08.000Z,1790462828.000,32.650603403,-117.196891939,5.262,239.629,246.943,-16.395,2.833,-1928,,3,5.008,529.454
2026-09-26T22:47:09.000Z,1790462829.000,32.650590204,-117.196919215,6.13,237.924,245.658,-15.121,-3.197,-1929,,3,5.773,527.207
2026-09-26T22:47:10.000Z,1790462830.000,32.650576207,-117.196942748,5.348,229.907,243.001,-17.433,8.239,-1930,,3,4.734,524.902
2026-09-26T22:47:11.000Z,1790462831.000,32.650561834,-117.196965838,4.956,237.684,243.365,-23.043,1.253,-1931,,3,4.657,522.748
2026-09-26T22:47:12.000Z,1790462832.000,32.650550134,-117.196988763,5.253,240.711,248.603,-22.213,0.044,-1932,,3,5.024,521.178
2026-09-26T22:47:13.000Z,1790462833.000,32.650540442,-117.197014237,5.262,247.309,251.855,-18.474,0.622,-1933,,3,5.175,519.642
2026-09-26T22:47:14.000Z,1790462834.000,32.650530816,-117.197042012,5.674,250.62,249.979,-16.4,0.794,-1934,,3,5.63,517.716
2026-09-26T22:47:15.000Z,1790462835.000,32.650520225,-117.197070459,5.869,245.935,248.761,-15.295,2.6,-1935,,3,5.743,515.713
2026-09-26T22:47:16.000Z,1790462836.000,32.650510464,-117.19709859,5.411,245.033,246.097,-10.358,1.036,-1936,,3,5.277,513.719
2026-09-26T22:47:17.000Z,1790462837.000,32.650498639,-117.197125459,5.85,245.349,245.938,-9.891,0.378,-1937,,3,5.71,511.698
2026-09-26T22:47:18.000Z,1790462838.000,32.650485994,-117.197151912,5.6,236.998,244.379,-8.945,3.23,-1938,,3,5.23,509.518
2026-09-26T22:47:19.000Z,1790462839.000,32.650472068,-117.197176905,5.432,233.436,242.169,-11.151,3.476,-1939,,3,4.94,507.208
2026-09-26T22:47:20.000Z,1790462840.000,32.650457189,-117.197203526,5.514,239.912,243.401,-11.676,1.688,-1940,,3,5.24,504.95
2026-09-26T22:47:21.000Z,1790462841.000,32.650442217,-117.197227977,5.7,233.901,243.123,-16.85,0.268,-1941,,3,5.198,502.657
2026-09-26T22:47:22.000Z,1790462842.000,32.650428812,-117.197252823,5.584,237.793,247.376,-18.087,2.3,-1942,,3,5.235,500.791
2026-09-26T22:47:23.000Z,1790462843.000,32.650417042,-117.197278619,5.262,244.39,248.85,-20.881,3.168,-1943,,3,5.11,498.907
2026-09-26T22:47:24.000Z,1790462844.000,32.650408288,-117.197305072,4.925,251.462,252.36,-19.633,-0.053,-1944,,3,4.891,497.46
2026-09-26T22:47:25.000Z,1790462845.000,32.650400717,-117.197331178,5.127,251.869,255.033,-19.928,0.145,-1945,,3,5.096,496.101
2026-09-26T22:47:26.000Z,1790462846.000,32.650394066,-117.197358919,5.469,252.852,253.972,-15.375,0.981,-1946,,3,5.444,494.542
2026-09-26T22:47:27.000Z,1790462847.000,32.650384629,-117.197388231,5.743,246.571,252.156,-14.121,-0.059,-1947,,3,5.624,492.593
2026-09-26T22:47:28.000Z,1790462848.000,32.650374204,-117.197416475,5.761,247.361,251.983,-13.526,2.595,-1948,,3,5.657,490.68
2026-09-26T22:47:29.000Z,1790462849.000,32.650364197,-117.197443765,5.672,247.843,252.666,-15.268,1.256,-1949,,3,5.577,488.894
2026-09-26T22:47:30.000Z,1790462850.000,32.650355455,-117.19746856,4.916,249.34,252.206,-13.339,5.104,-1950,,3,4.855,487.238
2026-09-26T22:47:31.000Z,1790462851.000,32.650346599,-117.197493828,4.95,248.651,252.662,-14.923,-0.114,-1951,,3,4.879,485.616
2026-09-26T22:47:32.000Z,1790462852.000,32.650338822,-117.197520324,5.535,251.065,253.833,-12.79,3.453,-1952,,3,5.489,484.123
2026-09-26T22:47:33.000Z,1790462853.000,32.650329709,-117.197547978,5.363,250.559,254.757,-16.612,1.971,-1953,,3,5.313,482.439
2026-09-26T22:47:34.000Z,1790462854.000,32.650322013,-117.197576916,5.269,255.479,254.498,-14.589,3.31,-1954,,3,5.262,480.789
2026-09-26T22:47:35.000Z,1790462855.000,32.65031503,-117.197602731,4.938,252.661,252.419,-11.08,3.709,-1955,,3,4.913,479.182
2026-09-26T22:47:36.000Z,1790462856.000,32.650306132,-117.197627268,5.041,247.241,251.785,-14.043,-1.259,-1956,,3,4.944,477.504
2026-09-26T22:47:37.000Z,1790462857.000,32.650298099,-117.197653056,5.136,248.42,252.838,-11.742,2.266,-1957,,3,5.057,475.994
2026-09-26T22:47:38.000Z,1790462858.000,32.650289036,-117.197679915,5.542,250.715,251.83,-11.879,-1.235,-1958,,3,5.49,474.209
2026-09-26T22:47:39.000Z,1790462859.000,32.650280015,-117.197704895,4.767,248.219,254.786,-19.909,5.23,-1959,,3,4.689,472.748
2026-09-26T22:47:40.000Z,1790462860.000,32.650276562,-117.197731008,4.593,268.002,265.836,-17.511,1.74,-1960,,3,4.53,472.441
2026-09-26T22:47:41.000Z,1790462861.000,32.650281524,-117.197754466,4.009,293.732,280.057,-8.023,1.74,-1961,,3,3.27,473.418
2026-09-26T22:47:42.000Z,1790462862.000,32.650292648,-117.197770436,3.463,313.599,300.281,2.715,1.984,-1962,,3,1.967,475.776
2026-09-26T22:47:43.000Z,1790462863.000,32.650306812,-117.197778074,3.559,351.221,314.606,12.567,5.817,-1963,,3,-0.196,478.15
2026-09-26T22:47:44.000Z,1790462864.000,32.650323073,-117.197786051,3.9,330.405,318.012,18.29,3.397,-1964,,3,1.176,479.894
2026-09-26T22:47:45.000Z,1790462865.000,32.650339793,-117.197796133,4.431,332.504,323.408,28.02,4.462,-1965,,3,1.17,481.748
2026-09-26T22:47:46.000Z,1790462866.000,32.65035465,-117.197812386,4.621,314.509,317.21,24.029,4.881,-1966,,3,2.531,482.444
2026-09-26T22:47:47.000Z,1790462867.000,32.650369412,-117.197830975,4.414,318.725,312.259,24.158,6.417,-1967,,3,2.132,483.128
2026-09-26T22:47:48.000Z,1790462868.000,32.65038484,-117.197849174,4.816,310.627,310.423,20.08,3.173,-1968,,3,2.89,484.114
2026-09-26T22:47:49.000Z,1790462869.000,32.650401422,-117.197865713,4.512,327.998,312.218,16.262,7.056,-1969,,3,1.496,485.539
2026-09-26T22:47:50.000Z,1790462870.000,32.650420534,-117.197878462,4.58,326.983,316.132,19.751,4.548,-1970,,3,1.584,487.49
2026-09-26T22:47:51.000Z,1790462871.000,32.650438569,-117.19789214,5.052,328.251,317.852,21.14,2.903,-1971,,3,1.63,489.138
2026-09-26T22:47:52.000Z,1790462872.000,32.650457194,-117.197909149,5.2,315.671,315.475,19.903,3.487,-1972,,3,2.699,490.464
2026-09-26T22:47:53.000Z,1790462873.000,32.650475885,-117.19792896,5.787,316.925,313.017,18.082,3.65,-1973,,3,2.883,491.71
2026-09-26T22:47:54.000Z,1790462874.000,32.650494943,-117.197949988,5.859,320.074,309.823,14.217,5.107,-1974,,3,2.623,492.9
2026-09-26T22:47:55.000Z,1790462875.000,32.650516981,-117.197967931,5.916,325.966,313.98,20.463,3.237,-1975,,3,2.074,495.038
2026-09-26T22:47:56.000Z,1790462876.000,32.650538706,-117.197985677,5.6,325.066,312.866,19.572,4.797,-1976,,3,2.031,496.76
2026-09-26T22:47:57.000Z,1790462877.000,32.650558677,-117.198003464,5.574,320.182,310.95,17.939,2.956,-1977,,3,2.443,498.234
2026-09-26T22:47:58.000Z,1790462878.000,32.650577953,-117.198020531,5.589,325.591,312.978,19.222,1.222,-1978,,3,1.951,499.946
2026-09-26T22:47:59.000Z,1790462879.000,32.65059755,-117.198038344,5.737,321.65,314.503,19.171,1.739,-1979,,3,2.354,501.632
2026-09-26T22:48:00.000Z,1790462880.000,32.650617124,-117.198059591,5.776,314.312,314.511,19.039,2.217,-1980,,3,3.01,503.109
2026-09-26T22:48:01.000Z,1790462881.000,32.650635916,-117.198080864,5.587,317.433,314.796,17.613,7.215,-1981,,3,2.634,504.522
2026-09-26T22:48:02.000Z,1790462882.000,32.650655284,-117.198101728,5.378,316.649,312.512,17.884,7.786,-1982,,3,2.588,505.822
2026-09-26T22:48:03.000Z,1790462883.000,32.650674488,-117.198124018,5.689,311.831,313.138,21.685,1.696,-1983,,3,3.134,507.274
2026-09-26T22:48:04.000Z,1790462884.000,32.650691685,-117.19814713,5.625,311.139,310.055,17.183,3.37,-1984,,3,3.144,508.218
2026-09-26T22:48:05.000Z,1790462885.000,32.650710545,-117.198166908,5.441,324.557,308.646,15.546,6.998,-1985,,3,1.898,509.554
2026-09-26T22:48:06.000Z,1790462886.000,32.650730909,-117.198184081,5.569,320.51,313.28,18.58,2.459,-1986,,3,2.291,511.574
2026-09-26T22:48:07.000Z,1790462887.000,32.650751884,-117.198203133,5.789,324.13,313.084,12.694,4.965,-1987,,3,2.028,513.246
2026-09-26T22:48:08.000Z,1790462888.000,32.650775603,-117.198219584,6.035,327.771,318.267,20.028,2.779,-1988,,3,1.732,515.668
2026-09-26T22:48:09.000Z,1790462889.000,32.65079966,-117.198237392,6.472,324.69,320.37,21.273,3.164,-1989,,3,2.168,517.861
2026-09-26T22:48:10.000Z,1790462890.000,32.650822868,-117.198257995,6.416,319.863,313.132,17.187,2.7,-1990,,3,2.633,519.228
2026-09-26T22:48:11.000Z,1790462891.000,32.650847571,-117.198276209,6.616,330.258,318.511,21.877,1.968,-1991,,3,1.559,521.718
2026-09-26T22:48:12.000Z,1790462892.000,32.650870288,-117.198293968,5.725,326.72,316.837,16.409,4.875,-1992,,3,1.674,523.509
2026-09-26T22:48:13.000Z,1790462893.000,32.650892905,-117.198309347,5.6,332.874,317.729,22.34,1.865,-1993,,3,1.037,525.536
2026-09-26T22:48:14.000Z,1790462894.000,32.650915208,-117.198326776,5.389,322.762,320.708,21.599,6.644,-1994,,3,1.896,527.614
2026-09-26T22:48:15.000Z,1790462895.000,32.65093542,-117.19834798,5.937,316.339,314.587,18.054,5.615,-1995,,3,2.683,528.73
2026-09-26T22:48:16.000Z,1790462896.000,32.65095636,-117.198366731,5.429,327.601,318.615,22.445,4.685,-1996,,3,1.445,530.706
2026-09-26T22:48:17.000Z,1790462897.000,32.65097634,-117.198384708,5.568,324.516,317.491,14.483,10.974,-1997,,3,1.754,532.24
2026-09-26T22:48:18.000Z,1790462898.000,32.650997481,-117.198401033,5.005,324.922,316.509,16.743,4.674,-1998,,3,1.529,533.952
2026-09-26T22:48:19.000Z,1790462899.000,32.651018229,-117.198415593,5.647,327.341,322.894,26.973,2.408,-1999,,3,1.481,536.179
2026-09-26T22:48:20.000Z,1790462900.000,32.651037099,-117.198435288,5.569,315.617,317.041,18.406,4.231,-2000,,3,2.509,537.224
2026-09-26T22:48:21.000Z,1790462901.000,32.651056369,-117.198454033,5.153,321.721,317.346,19.319,4.931,-2001,,3,1.806,538.76
2026-09-26T22:48:22.000Z,1790462902.000,32.651077887,-117.198472437,5.525,322.8,315.845,16.789,6.63,-2002,,3,1.823,540.417
2026-09-26T22:48:23.000Z,1790462903.000,32.651100292,-117.198490345,6.073,325.687,315.932,15.408,4.156,-2003,,3,1.695,542.293
2026-09-26T22:48:24.000Z,1790462904.000,32.651123528,-117.198507941,6.016,326.171,317.202,19.973,2.818,-2004,,3,1.611,544.351
2026-09-26T22:48:25.000Z,1790462905.000,32.65114716,-117.198525327,5.966,328.152,318.403,17.602,4.995,-2005,,3,1.379,546.45
2026-09-26T22:48:26.000Z,1790462906.000,32.651170432,-117.198543205,6.077,326.624,316.363,15.973,5.068,-2006,,3,1.544,548.27
2026-09-26T22:48:27.000Z,1790462907.000,32.651193965,-117.198559705,5.986,328.198,320.815,18.464,4.608,-2007,,3,1.341,550.609
2026-09-26T22:48:28.000Z,1790462908.000,32.651215897,-117.198575427,5.333,329.652,319.534,18.951,4.989,-2008,,3,1.047,552.404
2026-09-26T22:48:29.000Z,1790462909.000,32.651238648,-117.198591216,5.225,327.653,321.161,20.091,2.279,-2009,,3,1.188,554.482
2026-09-26T22:48:30.000Z,1790462910.000,32.651259702,-117.198607204,5.448,331.763,322.242,17.207,6.143,-2010,,3,0.839,556.335
2026-09-26T22:48:31.000Z,1790462911.000,32.65128109,-117.198623322,5.333,326.934,322.65,17.012,9.456,-2011,,3,1.247,558.176
2026-09-26T22:48:32.000Z,1790462912.000,32.651305132,-117.198639858,5.834,328.988,322.322,19.637,6.016,-2012,,3,1.141,560.237
2026-09-26T22:48:33.000Z,1790462913.000,32.651328138,-117.198655125,6.174,331.536,321.225,19.766,5.414,-2013,,3,0.918,562.172
2026-09-26T22:48:34.000Z,1790462914.000,32.65135153,-117.198670584,5.555,329.413,323.605,23.547,3.859,-2014,,3,1.012,564.375
2026-09-26T22:48:35.000Z,1790462915.000,32.651373585,-117.198689303,6.184,322.699,319.099,18.287,4.371,-2015,,3,1.812,565.882
2026-09-26T22:48:36.000Z,1790462916.000,32.651396674,-117.198707688,5.9,327.914,319.569,17.573,5.589,-2016,,3,1.189,567.844
2026-09-26T22:48:37.000Z,1790462917.000,32.651420068,-117.198724358,6.187,328.743,320.222,19.378,3.617,-2017,,3,1.14,569.899
2026-09-26T22:48:38.000Z,1790462918.000,32.651444215,-117.198740945,6.316,329.539,320.337,20.389,3.647,-2018,,3,1.056,571.999
2026-09-26T22:48:39.000Z,1790462919.000,32.651469636,-117.198755618,5.947,337.049,322.151,24.943,1.968,-2019,,3,0.199,574.403
2026-09-26T22:48:40.000Z,1790462920.000,32.651494847,-117.198773328,5.849,327.062,321.587,19.669,4.479,-2020,,3,1.187,576.539
2026-09-26T22:48:41.000Z,1790462921.000,32.651519427,-117.198789986,5.979,332.354,319.944,16.098,4.392,-2021,,3,0.648,578.564
2026-09-26T22:48:42.000Z,1790462922.000,32.651543346,-117.198805234,5.832,331.11,324.155,19.011,2.173,-2022,,3,0.739,580.952
2026-09-26T22:48:43.000Z,1790462923.000,32.651568065,-117.198821774,6.319,332.381,324.227,19.052,6.114,-2023,,3,0.64,583.11
2026-09-26T22:48:44.000Z,1790462924.000,32.651592187,-117.198837655,6,324.217,325.587,24.11,4.464,-2024,,3,1.43,585.309
2026-09-26T22:48:45.000Z,1790462925.000,32.651613864,-117.198860273,6.555,316.989,315.179,17.115,3.709,-2025,,3,2.332,586.259
2026-09-26T22:48:46.000Z,1790462926.000,32.651637341,-117.198877833,6.132,326.397,320.621,22.834,2.95,-2026,,3,1.194,588.634
2026-09-26T22:48:47.000Z,1790462927.000,32.651659912,-117.198896942,5.935,321.688,318.923,18.04,5.859,-2027,,3,1.612,590.373
2026-09-26T22:48:48.000Z,1790462928.000,32.651682989,-117.198915719,6.313,324.802,314.534,16.354,2.219,-2028,,3,1.362,591.979
2026-09-26T22:48:49.000Z,1790462929.000,32.651705732,-117.1989314,5.679,329.8,320.103,17.315,1.999,-2029,,3,0.719,594.341
2026-09-26T22:48:50.000Z,1790462930.000,32.651729653,-117.198948224,6.144,328.435,319.152,18.288,5.207,-2030,,3,0.902,596.337
2026-09-26T22:48:51.000Z,1790462931.000,32.651753432,-117.198963246,5.763,330.588,318.075,25.459,4.549,-2031,,3,0.613,598.36
2026-09-26T22:48:52.000Z,1790462932.000,32.65177524,-117.19898077,5.6,325.27,315.911,22.992,3.594,-2032,,3,1.092,600.025
2026-09-26T22:48:53.000Z,1790462933.000,32.651795393,-117.1990003,5.547,315.879,316.128,20.407,2.708,-2033,,3,1.939,601.627
2026-09-26T22:48:54.000Z,1790462934.000,32.651815832,-117.199021686,5.977,317.537,314.709,20.528,1.987,-2034,,3,1.909,603.089
2026-09-26T22:48:55.000Z,1790462935.000,32.651836685,-117.19904255,5.9,322.642,316.419,25.499,4.069,-2035,,3,1.361,604.834
2026-09-26T22:48:56.000Z,1790462936.000,32.651856834,-117.199065252,6.014,313.937,312.935,21.838,5.317,-2036,,3,2.24,606.079
2026-09-26T22:48:57.000Z,1790462937.000,32.651874342,-117.199089389,5.778,310.316,303.315,20.178,4.533,-2037,,3,2.473,606.524
2026-09-26T22:48:58.000Z,1790462938.000,32.651886681,-117.19911583,5.488,292.58,290.191,16.875,3.546,-2038,,3,3.741,606.038
2026-09-26T22:48:59.000Z,1790462939.000,32.651891295,-117.199141551,4.479,272.607,271.107,13.479,5.134,-2039,,3,3.988,604.274
2026-09-26T22:49:00.000Z,1790462940.000,32.651887871,-117.199163415,3.773,253.112,247.035,4.105,3.044,-2040,,3,3.741,601.597
2026-09-26T22:49:01.000Z,1790462941.000,32.651877234,-117.199181506,3.889,230.494,232.394,-1.904,0.982,-2041,,3,3.752,599.156
2026-09-26T22:49:02.000Z,1790462942.000,32.651862479,-117.199197544,4.152,220.603,234.016,-15.101,4.215,-2042,,3,3.757,597.215
2026-09-26T22:49:03.000Z,1790462943.000,32.651847353,-117.199216486,4.642,231.535,239.651,-17.799,0.165,-2043,,3,4.499,595.366
2026-09-26T22:49:04.000Z,1790462944.000,32.651833085,-117.199237353,5.275,230.53,241.822,-19.755,0.632,-2044,,3,5.088,593.385
2026-09-26T22:49:05.000Z,1790462945.000,32.65181993,-117.199259861,5.151,235.807,244.991,-18.45,4.07,-2045,,3,5.073,591.541
2026-09-26T22:49:06.000Z,1790462946.000,32.651807538,-117.199281278,4.726,231.645,244.677,-17.29,3.943,-2046,,3,4.581,589.604
2026-09-26T22:49:07.000Z,1790462947.000,32.651796295,-117.199302426,4.632,239.008,243.096,-14.85,0.683,-2047,,3,4.598,587.723
2026-09-26T22:49:08.000Z,1790462948.000,32.651784095,-117.19932407,4.689,239.561,242.917,-16.865,3.791,-2048,,3,4.66,585.808
2026-09-26T22:49:09.000Z,1790462949.000,32.651772087,-117.199345968,4.752,235.723,244.019,-19.077,-0.304,-2049,,3,4.676,583.982
2026-09-26T22:49:10.000Z,1790462950.000,32.651761307,-117.199368802,5.175,242.653,248.746,-19.606,0.376,-2050,,3,5.166,582.483
2026-09-26T22:49:11.000Z,1790462951.000,32.651750998,-117.199393727,5.253,242.31,252.219,-19.197,2.238,-2051,,3,5.243,580.913
2026-09-26T22:49:12.000Z,1790462952.000,32.651740469,-117.199421898,5.4,248.351,252.086,-15.73,3.495,-2052,,3,5.395,578.992
2026-09-26T22:49:13.000Z,1790462953.000,32.651731016,-117.199448409,5.139,245.146,248.891,-11.867,4.392,-2053,,3,5.139,577.036
2026-09-26T22:49:14.000Z,1790462954.000,32.651720639,-117.19947322,4.862,247.71,245.245,-12.018,0.25,-2054,,3,4.86,575.011
2026-09-26T22:49:15.000Z,1790462955.000,32.6517073,-117.199496859,5.266,239.159,245.207,-16.736,1.692,-2055,,3,5.229,572.928
2026-09-26T22:49:16.000Z,1790462956.000,32.651696017,-117.199521965,5.275,242.249,246.984,-17.276,-0.981,-2056,,3,5.264,571.131
2026-09-26T22:49:17.000Z,1790462957.000,32.651686653,-117.199547032,5.305,245.897,252.434,-15.213,4.531,-2057,,3,5.305,569.781
2026-09-26T22:49:18.000Z,1790462958.000,32.651677286,-117.199572097,4.794,245.388,250.235,-16.061,2.239,-2058,,3,4.793,567.936
2026-09-26T22:49:19.000Z,1790462959.000,32.651666313,-117.199598158,5.677,240.607,250.109,-18.486,-2.151,-2059,,3,5.652,566.03
2026-09-26T22:49:20.000Z,1790462960.000,32.651655333,-117.199623268,5.423,240.878,250.714,-18.155,7.25,-2060,,3,5.401,564.197
2026-09-26T22:49:21.000Z,1790462961.000,32.65164324,-117.199649561,5.293,244.583,250.564,-22.724,1.836,-2061,,3,5.292,562.163
2026-09-26T22:49:22.000Z,1790462962.000,32.651632925,-117.19967669,5.86,244.422,254.687,-21.334,-1.396,-2062,,3,5.858,560.579
2026-09-26T22:49:23.000Z,1790462963.000,32.651624251,-117.199704547,5.413,250.488,254.09,-15.805,6.275,-2063,,3,5.396,558.833
2026-09-26T22:49:24.000Z,1790462964.000,32.651615695,-117.199731483,4.908,249.573,246.755,-11.529,0.977,-2064,,3,4.899,556.694
2026-09-26T22:49:25.000Z,1790462965.000,32.651604869,-117.199753866,4.769,235.387,239.47,-18.058,-0.491,-2065,,3,4.686,554.491
2026-09-26T22:49:26.000Z,1790462966.000,32.651589832,-117.1997739,5.01,227.017,235.311,-25.029,-0.477,-2066,,3,4.734,552.115
2026-09-26T22:49:27.000Z,1790462967.000,32.651572926,-117.199796169,5.624,229.749,237.18,-25.088,1.25,-2067,,3,5.394,549.789
2026-09-26T22:49:28.000Z,1790462968.000,32.651554576,-117.199821503,6.4,231.087,237.718,-25.477,3.387,-2068,,3,6.177,547.157
2026-09-26T22:49:29.000Z,1790462969.000,32.651537345,-117.199848937,6.147,233.88,241.382,-22.326,1.836,-2069,,3,6.003,544.756
2026-09-26T22:49:30.000Z,1790462970.000,32.651522554,-117.199876254,5.574,242.172,243.8,-18.288,-0.088,-2070,,3,5.56,542.556
2026-09-26T22:49:31.000Z,1790462971.000,32.651507874,-117.199901344,5.835,232.414,240.29,-13.873,-3.158,-2071,,3,5.663,540.092
2026-09-26T22:49:32.000Z,1790462972.000,32.651492656,-117.199926075,6.174,236.912,242.669,-15.737,1.193,-2072,,3,6.09,537.915
2026-09-26T22:49:33.000Z,1790462973.000,32.651475911,-117.199953167,6.178,233.311,244.428,-21.147,3.188,-2073,,3,6.017,535.478
2026-09-26T22:49:34.000Z,1790462974.000,32.651462238,-117.199982133,6.038,241.735,249.747,-23.505,1.626,-2074,,3,6.018,533.54
2026-09-26T22:49:35.000Z,1790462975.000,32.651452027,-117.20001141,5.627,250.382,251.789,-21.21,0.903,-2075,,3,5.614,531.764
2026-09-26T22:49:36.000Z,1790462976.000,32.651444736,-117.200040231,5.668,251.684,251.474,-14.868,1.86,-2076,,3,5.644,530.158
2026-09-26T22:49:37.000Z,1790462977.000,32.65143612,-117.200068453,5.235,248.531,246.879,-11.541,3.934,-2077,,3,5.231,528.156
2026-09-26T22:49:38.000Z,1790462978.000,32.651423891,-117.200093288,5.039,238.744,243.096,-16.436,-0.426,-2078,,3,4.994,525.933
2026-09-26T22:49:39.000Z,1790462979.000,32.651409523,-117.200117514,5.742,234.485,243.78,-20.935,-0.21,-2079,,3,5.617,523.766
2026-09-26T22:49:40.000Z,1790462980.000,32.651395597,-117.20014384,5.967,239.291,246.865,-20.697,1.842,-2080,,3,5.92,521.732
2026-09-26T22:49:41.000Z,1790462981.000,32.65138182,-117.200173127,6.113,242.619,248.34,-17.536,1.968,-2081,,3,6.099,519.537
2026-09-26T22:49:42.000Z,1790462982.000,32.651368978,-117.20020183,5.786,240.447,245.822,-14.999,1.317,-2082,,3,5.754,517.211
2026-09-26T22:49:43.000Z,1790462983.000,32.651355879,-117.200229307,5.884,240.446,244.493,-15.686,2.321,-2083,,3,5.851,514.967
2026-09-26T22:49:44.000Z,1790462984.000,32.65134263,-117.200256274,5.181,238.013,242.019,-15.245,3.747,-2084,,3,5.123,512.658
2026-09-26T22:49:45.000Z,1790462985.000,32.651329347,-117.200279776,5.619,235.217,242.942,-22.211,-2.362,-2085,,3,5.508,510.64
2026-09-26T22:49:46.000Z,1790462986.000,32.651318214,-117.200303284,4.785,243.163,244.485,-18.416,3.232,-2086,,3,4.777,508.887
2026-09-26T22:49:47.000Z,1790462987.000,32.651305765,-117.200328654,5.5,238.314,244.295,-14.907,2.694,-2087,,3,5.442,506.84
2026-09-26T22:49:48.000Z,1790462988.000,32.651291655,-117.20035625,6.152,235.769,242.368,-12.721,3.574,-2088,,3,6.04,504.454
2026-09-26T22:49:49.000Z,1790462989.000,32.651275166,-117.20038361,6.327,232.531,236.774,-10.097,3.295,-2089,,3,6.132,501.631
2026-09-26T22:49:50.000Z,1790462990.000,32.651256493,-117.200409702,6.128,232.715,237.599,-16.465,-1.601,-2090,,3,5.942,498.957
2026-09-26T22:49:51.000Z,1790462991.000,32.651240105,-117.200434911,6.089,227.879,239.034,-18.799,2.472,-2091,,3,5.756,496.586
2026-09-26T22:49:52.000Z,1790462992.000,32.651225616,-117.200460132,5.138,234.24,237.861,-12.93,8.694,-2092,,3,5.011,494.275
2026-09-26T22:49:53.000Z,1790462993.000,32.651211633,-117.200483453,5.213,234.487,238.877,-15.273,0.744,-2093,,3,5.089,492.188
2026-09-26T22:49:54.000Z,1790462994.000,32.651198023,-117.200505865,5.321,235.847,240.909,-15.349,1.631,-2094,,3,5.22,490.224
2026-09-26T22:49:55.000Z,1790462995.000,32.651183454,-117.200530214,5.477,232.866,239.827,-11.556,5.335,-2095,,3,5.309,487.933
2026-09-26T22:49:56.000Z,1790462996.000,32.651168013,-117.20055534,5.887,234.609,242.32,-17.657,-0.552,-2096,,3,5.747,485.727
2026-09-26T22:49:57.000Z,1790462997.000,32.651153839,-117.200582088,5.886,234.737,241.51,-13.542,1.509,-2097,,3,5.748,483.424
2026-09-26T22:49:58.000Z,1790462998.000,32.6511388,-117.200607242,5.768,228.816,239.091,-12.067,2.822,-2098,,3,5.473,480.986
2026-09-26T22:49:59.000Z,1790462999.000,32.651122353,-117.200632107,5.36,233.674,236.128,-13.902,1.446,-2099,,3,5.209,478.387
2026-09-26T22:50:00.000Z,1790463000.000,32.651104039,-117.2006556,6.135,226.342,237.828,-22.426,-1.267,-2100,,3,5.727,475.87
2026-09-26T22:50:01.000Z,1790463001.000,32.651086978,-117.200679918,5.943,231.998,242.48,-25.863,4.708,-2101,,3,5.729,473.632
2026-09-26T22:50:02.000Z,1790463002.000,32.651072856,-117.200706176,5.43,243.209,247.572,-25.197,0.102,-2102,,3,5.415,471.697
2026-09-26T22:50:03.000Z,1790463003.000,32.651062308,-117.200733977,5.425,246.512,247.735,-18.288,1.121,-2103,,3,5.424,469.805
2026-09-26T22:50:04.000Z,1790463004.000,32.651050934,-117.200760846,5.807,240.785,245.802,-14.712,-0.058,-2104,,3,5.768,467.722
2026-09-26T22:50:05.000Z,1790463005.000,32.651038279,-117.200787509,5.736,239.352,244.63,-15.147,2.765,-2105,,3,5.678,465.558
2026-09-26T22:50:06.000Z,1790463006.000,32.651023934,-117.200816885,5.836,238.698,245.074,-14.559,1.733,-2106,,3,5.767,463.235
2026-09-26T22:50:07.000Z,1790463007.000,32.651010351,-117.200844868,5.752,239.086,243.821,-14.07,0.115,-2107,,3,5.69,460.932
2026-09-26T22:50:08.000Z,1790463008.000,32.650996747,-117.200870485,5.414,234.829,238.171,-10.067,4.15,-2108,,3,5.279,458.452
2026-09-26T22:50:09.000Z,1790463009.000,32.650980421,-117.20089356,5.416,227.731,238.222,-16.196,1.14,-2109,,3,5.09,456.073
2026-09-26T22:50:10.000Z,1790463010.000,32.65096368,-117.200918947,5.788,229.589,238.452,-16.917,5.651,-2110,,3,5.499,453.594
2026-09-26T22:50:11.000Z,1790463011.000,32.650946916,-117.200945541,6.152,234.67,241.245,-22.188,1.907,-2111,,3,5.991,451.219
2026-09-26T22:50:12.000Z,1790463012.000,32.650931383,-117.20097329,6.116,236.287,242.848,-23.335,1.014,-2112,,3,5.991,448.88
2026-09-26T22:50:13.000Z,1790463013.000,32.650916784,-117.201001315,5.884,238.52,244.041,-24.982,0.398,-2113,,3,5.806,446.612
2026-09-26T22:50:14.000Z,1790463014.000,32.650901828,-117.201028942,5.812,236.393,244.625,-24.018,1.24,-2114,,3,5.695,444.281
2026-09-26T22:50:15.000Z,1790463015.000,32.650888008,-117.201055801,5.552,236.6,244.345,-20.46,1.674,-2115,,3,5.443,442.042
2026-09-26T22:50:16.000Z,1790463016.000,32.650874407,-117.201082126,5.462,240.128,244.7,-19.643,2.171,-2116,,3,5.411,439.879
2026-09-26T22:50:17.000Z,1790463017.000,32.650859036,-117.201111382,6.011,241.96,247.296,-19.897,-0.938,-2117,,3,5.978,437.581
2026-09-26T22:50:18.000Z,1790463018.000,32.650843729,-117.201142206,6.749,240.098,247.05,-20.923,0.198,-2118,,3,6.684,435.074
2026-09-26T22:50:19.000Z,1790463019.000,32.650829263,-117.201171382,6.086,235.91,241.374,-20.631,4.008,-2119,,3,5.948,432.382
2026-09-26T22:50:20.000Z,1790463020.000,32.650814852,-117.201198128,5.357,238.243,243.171,-23.778,0.143,-2120,,3,5.276,430.203
2026-09-26T22:50:21.000Z,1790463021.000,32.650801856,-117.201224643,5.885,240.634,248.93,-29.022,-3.878,-2121,,3,5.834,428.428
2026-09-26T22:50:22.000Z,1790463022.000,32.650792227,-117.201251512,5.522,249.713,251.786,-20.776,4.21,-2122,,3,5.52,426.833
2026-09-26T22:50:23.000Z,1790463023.000,32.650781532,-117.201280663,5.8,242.092,245.851,-13.606,2.036,-2123,,3,5.767,424.502
2026-09-26T22:50:24.000Z,1790463024.000,32.650766151,-117.201309701,6.722,234.004,242.331,-16.489,0.169,-2124,,3,6.514,421.844
2026-09-26T22:50:25.000Z,1790463025.000,32.650749479,-117.201338527,6,239.206,244.841,-19.189,4.718,-2125,,3,5.924,419.411
2026-09-26T22:50:26.000Z,1790463026.000,32.650734388,-117.201368078,5.866,243.591,246.562,-15.343,3.503,-2126,,3,5.846,417.08
2026-09-26T22:50:27.000Z,1790463027.000,32.650720629,-117.201396689,6.085,240.762,244.37,-10.846,2.018,-2127,,3,6.03,414.683
2026-09-26T22:50:28.000Z,1790463028.000,32.650706374,-117.2014237,5.447,237.982,243.024,-16.499,0.977,-2128,,3,5.356,412.331
2026-09-26T22:50:29.000Z,1790463029.000,32.650695354,-117.201450952,5.487,248.173,246.571,-12.809,0.495,-2129,,3,5.487,410.605
2026-09-26T22:50:30.000Z,1790463030.000,32.650685554,-117.201477577,5.228,245.715,244.092,-8.569,5.637,-2130,,3,5.222,408.666
2026-09-26T22:50:31.000Z,1790463031.000,32.650673142,-117.201502374,5.432,239.895,241.026,-10.874,0.985,-2131,,3,5.369,406.475
2026-09-26T22:50:32.000Z,1790463032.000,32.650658757,-117.201527829,5.677,235.097,240.093,-12.688,0.84,-2132,,3,5.519,404.18
2026-09-26T22:50:33.000Z,1790463033.000,32.650642392,-117.201554794,6.087,236.804,240.203,-13.485,1.544,-2133,,3,5.957,401.691
2026-09-26T22:50:34.000Z,1790463034.000,32.650625365,-117.201581686,6.333,230.97,240.096,-15.87,0.169,-2134,,3,6.029,399.121
2026-09-26T22:50:35.000Z,1790463035.000,32.650608603,-117.201607014,5.921,229.82,240.751,-17.239,1.386,-2135,,3,5.598,396.665
2026-09-26T22:50:36.000Z,1790463036.000,32.650593026,-117.201632872,5.425,236.867,241.26,-12.01,4.602,-2136,,3,5.305,394.313
2026-09-26T22:50:37.000Z,1790463037.000,32.650577747,-117.201658041,5.727,235.657,240.658,-17.103,-2.328,-2137,,3,5.573,391.95
2026-09-26T22:50:38.000Z,1790463038.000,32.650564374,-117.201682792,5.638,238.196,242.044,-19.902,0.373,-2138,,3,5.537,389.912
2026-09-26T22:50:39.000Z,1790463039.000,32.650550601,-117.201708826,5.565,236.339,241.233,-18.113,1.846,-2139,,3,5.428,387.671
2026-09-26T22:50:40.000Z,1790463040.000,32.650537235,-117.201734555,5.487,240.364,242.016,-18.365,4.035,-2140,,3,5.423,385.573
2026-09-26T22:50:41.000Z,1790463041.000,32.650523858,-117.201760122,5.528,240.286,241.404,-18.816,-1.385,-2141,,3,5.461,383.399
2026-09-26T22:50:42.000Z,1790463042.000,32.650509061,-117.20178457,6.022,229.587,241.095,-19.526,-1.68,-2142,,3,5.671,381.123
2026-09-26T22:50:43.000Z,1790463043.000,32.650493613,-117.201811318,6.063,234.634,241.189,-12.219,9.944,-2143,,3,5.866,378.736
2026-09-26T22:50:44.000Z,1790463044.000,32.650476964,-117.2018388,6.066,234.693,241.054,-16.573,0.451,-2144,,3,5.867,376.188
2026-09-26T22:50:45.000Z,1790463045.000,32.650461243,-117.201866325,6.062,236.565,241.631,-19.342,0.873,-2145,,3,5.909,373.777
2026-09-26T22:50:46.000Z,1790463046.000,32.650446226,-117.201893876,5.481,238.456,239.954,-18.008,1.796,-2146,,3,5.379,371.315
2026-09-26T22:50:47.000Z,1790463047.000,32.650431329,-117.2019184,5.513,236.475,242.11,-22.16,-1.494,-2147,,3,5.369,369.164
2026-09-26T22:50:48.000Z,1790463048.000,32.650418085,-117.201943735,5.559,236.756,242.958,-20.336,-0.117,-2148,,3,5.419,367.094
2026-09-26T22:50:49.000Z,1790463049.000,32.650403772,-117.201969131,5.5,234.949,241.016,-18.03,5.159,-2149,,3,5.318,364.75
2026-09-26T22:50:50.000Z,1790463050.000,32.6503865,-117.201995799,5.847,232.14,241.377,-23.034,0.897,-2150,,3,5.571,362.187
2026-09-26T22:50:51.000Z,1790463051.000,32.650369943,-117.202023346,6.487,234.39,245.079,-22.004,2.405,-2151,,3,6.252,359.869
2026-09-26T22:50:52.000Z,1790463052.000,32.650354937,-117.202052495,6.181,239.26,243.497,-18.21,2.545,-2152,,3,6.074,357.364
2026-09-26T22:50:53.000Z,1790463053.000,32.650340128,-117.202081074,6.2,237.854,239.815,-16.938,0.075,-2153,,3,6.061,354.779
2026-09-26T22:50:54.000Z,1790463054.000,32.650325509,-117.202108057,6,232.274,238.191,-20.118,-0.821,-2154,,3,5.712,352.38
2026-09-26T22:50:55.000Z,1790463055.000,32.650310923,-117.202132851,5.486,235.338,241.458,-22.32,1.912,-2155,,3,5.304,350.314
2026-09-26T22:50:56.000Z,1790463056.000,32.650296636,-117.202158339,5.616,237.309,243.618,-25.083,0.907,-2156,,3,5.474,348.204
2026-09-26T22:50:57.000Z,1790463057.000,32.650282755,-117.202186178,5.745,237.915,241.675,-18.145,2.698,-2157,,3,5.612,345.835
2026-09-26T22:50:58.000Z,1790463058.000,32.650267692,-117.202213436,5.813,234.874,237.755,-13.669,1.956,-2158,,3,5.602,343.256
2026-09-26T22:50:59.000Z,1790463059.000,32.650249214,-117.20224017,6.445,232.158,236.854,-17.42,-2.032,-2159,,3,6.118,340.496
2026-09-26T22:51:00.000Z,1790463060.000,32.650230759,-117.202266626,6.575,228.365,232.127,-15.498,1.932,-2160,,3,6.085,337.562
2026-09-26T22:51:01.000Z,1790463061.000,32.650209934,-117.202291282,6.049,224.493,230.982,-20.603,1.088,-2161,,3,5.423,334.607
2026-09-26T22:51:02.000Z,1790463062.000,32.650189979,-117.202312992,6.061,223.706,235.148,-26.333,-2.824,-2162,,3,5.391,332.076
2026-09-26T22:51:03.000Z,1790463063.000,32.650173332,-117.202336218,5.903,232.51,238.547,-19.974,2.156,-2163,,3,5.598,329.83
2026-09-26T22:51:04.000Z,1790463064.000,32.65015606,-117.202362743,6.023,232.618,235.836,-16.221,2.748,-2164,,3,5.711,327.111
2026-09-26T22:51:05.000Z,1790463065.000,32.650135646,-117.202387849,6.675,228.606,235.695,-23.518,-1.718,-2165,,3,6.16,324.23
2026-09-26T22:51:06.000Z,1790463066.000,32.650115816,-117.202414881,6.545,229.985,237.678,-26.783,3.139,-2166,,3,6.094,321.467
2026-09-26T22:51:07.000Z,1790463067.000,32.650097518,-117.202442173,6.029,233.155,237.151,-24.853,1.376,-2167,,3,5.722,318.73
2026-09-26T22:51:08.000Z,1790463068.000,32.650080522,-117.202467884,5.877,230.341,236.057,-21.822,-2.669,-2168,,3,5.476,316.147
2026-09-26T22:51:09.000Z,1790463069.000,32.650063401,-117.20249086,6.183,228.083,239.004,-25.756,-0.395,-2169,,3,5.664,313.838
2026-09-26T22:51:10.000Z,1790463070.000,32.650046924,-117.20251612,5.968,233.885,243.587,-25.898,-0.385,-2170,,3,5.68,311.636
2026-09-26T22:51:11.000Z,1790463071.000,32.650031738,-117.202545123,6.269,238.099,242.61,-20.366,2.292,-2171,,3,6.089,309.151
2026-09-26T22:51:12.000Z,1790463072.000,32.650015749,-117.202574288,6.412,238.961,243.794,-22.526,0.454,-2172,,3,6.248,306.701
2026-09-26T22:51:13.000Z,1790463073.000,32.650000349,-117.202601943,6.1,236.25,244.472,-24.88,0.283,-2173,,3,5.87,304.329
2026-09-26T22:51:14.000Z,1790463074.000,32.649986256,-117.202629118,5.662,237.465,244.051,-23.767,0.974,-2174,,3,5.478,302.043
2026-09-26T22:51:15.000Z,1790463075.000,32.649971898,-117.20265728,6.043,240.926,245.796,-25.144,-2.17,-2175,,3,5.927,299.831
2026-09-26T22:51:16.000Z,1790463076.000,32.649959537,-117.202685371,5.713,239.249,245.788,-20.155,3.523,-2176,,3,5.567,297.727
2026-09-26T22:51:17.000Z,1790463077.000,32.649945578,-117.202713472,5.828,239.811,242.959,-21.74,-1.4,-2177,,3,5.689,295.287
2026-09-26T22:51:18.000Z,1790463078.000,32.649931281,-117.202741248,6.238,239.888,243.127,-17.2,1.055,-2178,,3,6.089,292.998
2026-09-26T22:51:19.000Z,1790463079.000,32.649914802,-117.202770481,6.312,237.79,242.217,-18.82,2.127,-2179,,3,6.104,290.374
2026-09-26T22:51:20.000Z,1790463080.000,32.64989882,-117.202798977,6.2,237.641,244.055,-19.486,1.67,-2180,,3,5.989,287.982
2026-09-26T22:51:21.000Z,1790463081.000,32.649884849,-117.202826555,5.763,239.018,242.704,-13.896,3.838,-2181,,3,5.599,285.645
2026-09-26T22:51:22.000Z,1790463082.000,32.649869866,-117.20285346,5.534,234.71,239.042,-15.518,0.086,-2182,,3,5.259,283.093
2026-09-26T22:51:23.000Z,1790463083.000,32.649855138,-117.202879575,5.888,237.25,240.528,-15.72,1.205,-2183,,3,5.669,280.876
2026-09-26T22:51:24.000Z,1790463084.000,32.649839376,-117.202905302,6.338,231.719,242.31,-24.803,-2.897,-2184,,3,5.905,278.58
2026-09-26T22:51:25.000Z,1790463085.000,32.649825175,-117.202931604,5.668,237.491,242.862,-24.335,2.101,-2185,,3,5.459,276.364
2026-09-26T22:51:26.000Z,1790463086.000,32.649810361,-117.202959541,5.612,238.528,241.697,-23.627,6.076,-2186,,3,5.428,273.939
2026-09-26T22:51:27.000Z,1790463087.000,32.649794333,-117.202987108,5.878,233.675,242.163,-26.012,0.232,-2187,,3,5.536,271.489
2026-09-26T22:51:28.000Z,1790463088.000,32.649778353,-117.203014714,6.2,234.969,243.682,-23.958,-1.499,-2188,,3,5.881,269.103
2026-09-26T22:51:29.000Z,1790463089.000,32.649763085,-117.203041948,6,239.932,240.63,-18.922,2.277,-2189,,3,5.831,266.543
2026-09-26T22:51:30.000Z,1790463090.000,32.649745495,-117.20306904,6.2,229.197,237.706,-18.605,-1.458,-2190,,3,5.64,263.756
2026-09-26T22:51:31.000Z,1790463091.000,32.649726535,-117.203093941,6.434,225.526,233.999,-23.141,-1.916,-2191,,3,5.66,260.857
2026-09-26T22:51:32.000Z,1790463092.000,32.649707779,-117.203119904,6.181,232.019,242.9,-31.776,4.392,-2192,,3,5.732,258.613
2026-09-26T22:51:33.000Z,1790463093.000,32.649696449,-117.20315089,5.701,256.144,259.452,-29.577,-0.123,-2193,,3,5.697,257.613
2026-09-26T22:51:34.000Z,1790463094.000,32.649700241,-117.20317725,4.651,302.158,276.239,-19.653,-2.758,-2194,,3,3.078,258.548
2026-09-26T22:51:35.000Z,1790463095.000,32.649715452,-117.203190655,4.531,336.385,301.772,-0.931,-1.425,-2195,,3,0.534,261.832
2026-09-26T22:51:36.000Z,1790463096.000,32.649731859,-117.203197088,3.975,350.12,318.544,5.607,6.873,-2196,,3,-0.505,264.641
2026-09-26T22:51:37.000Z,1790463097.000,32.6497503,-117.203201921,3.837,344.127,327.816,19.068,2.388,-2197,,3,-0.107,267.076
2026-09-26T22:51:38.000Z,1790463098.000,32.649767538,-117.203207556,4.382,340.437,329.369,23.017,8.241,-2198,,3,0.141,268.839
2026-09-26T22:51:39.000Z,1790463099.000,32.649785565,-117.203215161,4.216,340.488,327.931,25.574,7.252,-2199,,3,0.113,270.449
2026-09-26T22:51:40.000Z,1790463100.000,32.649803308,-117.203227598,4.279,324.451,323.884,22.052,3.202,-2200,,3,1.273,271.719
2026-09-26T22:51:41.000Z,1790463101.000,32.649820627,-117.203240609,4.6,329.007,324.082,28.846,4.242,-2201,,3,0.994,273.204
2026-09-26T22:51:42.000Z,1790463102.000,32.64983725,-117.203256395,4.7,316.83,319.638,24.896,2.896,-2202,,3,1.941,274.224
2026-09-26T22:51:43.000Z,1790463103.000,32.649853689,-117.203272989,4.632,319.428,315.971,22.048,5.847,-2203,,3,1.7,275.242
2026-09-26T22:51:44.000Z,1790463104.000,32.649871121,-117.203290986,4.882,316,315.705,18.755,3.638,-2204,,3,2.038,276.564
2026-09-26T22:51:45.000Z,1790463105.000,32.649890546,-117.203306655,5.213,328.864,316.084,20.265,2.728,-2205,,3,1.038,278.209
2026-09-26T22:51:46.000Z,1790463106.000,32.64991059,-117.203321168,5.316,330.64,317.131,15.453,8.443,-2206,,3,0.867,279.999
2026-09-26T22:51:47.000Z,1790463107.000,32.649932547,-117.203332896,4.947,336.297,322.029,20.256,2.566,-2207,,3,0.292,282.333
2026-09-26T22:51:48.000Z,1790463108.000,32.649952981,-117.203346663,4.951,328.23,326.839,21.235,0.943,-2208,,3,0.955,284.423
2026-09-26T22:51:49.000Z,1790463109.000,32.64997312,-117.203363434,5.287,326.793,320.056,18.656,5.582,-2209,,3,1.121,285.641
2026-09-26T22:51:50.000Z,1790463110.000,32.649994079,-117.203381654,5.475,321.957,317.759,21.809,2.963,-2210,,3,1.577,287.19
2026-09-26T22:51:51.000Z,1790463111.000,32.650014811,-117.203400021,5.458,326.114,318.363,22.456,6.529,-2211,,3,1.157,288.912
2026-09-26T22:51:52.000Z,1790463112.000,32.650035316,-117.203416473,5.141,325.784,316.356,17.035,6.424,-2212,,3,1.089,290.482
2026-09-26T22:51:53.000Z,1790463113.000,32.650058338,-117.203431664,5.543,327.261,320.211,22.839,3.14,-2213,,3,0.998,292.763
2026-09-26T22:51:54.000Z,1790463114.000,32.650081725,-117.203448513,6.137,325.699,319.149,22.877,2.636,-2214,,3,1.23,294.695
2026-09-26T22:51:55.000Z,1790463115.000,32.650105262,-117.20346806,6.288,324.063,316.412,18.757,1.181,-2215,,3,1.395,296.448
2026-09-26T22:51:56.000Z,1790463116.000,32.650126868,-117.203488139,5.653,321.747,314.24,8.369,5.238,-2216,,3,1.441,298.016
2026-09-26T22:51:57.000Z,1790463117.000,32.650149941,-117.203503284,5.584,336.239,317.121,13.16,3.917,-2217,,3,-0.01,300.241
2026-09-26T22:51:58.000Z,1790463118.000,32.65017447,-117.203514214,5.256,340.521,327.887,24.66,4.999,-2218,,3,-0.438,303.248
2026-09-26T22:51:59.000Z,1790463119.000,32.65019788,-117.203528523,5.451,320.785,329.712,29.049,3.906,-2219,,3,1.373,305.439
2026-09-26T22:52:00.000Z,1790463120.000,32.650218542,-117.203547622,5.328,326.209,318.086,27.18,4.427,-2220,,3,0.818,306.332
2026-09-26T22:52:01.000Z,1790463121.000,32.650238038,-117.203566607,5.463,319.208,317.401,25.735,3.129,-2221,,3,1.459,307.817
2026-09-26T22:52:02.000Z,1790463122.000,32.650257199,-117.203586076,5.212,317.704,317.45,22.117,6.163,-2222,,3,1.494,309.303
2026-09-26T22:52:03.000Z,1790463123.000,32.6502768,-117.203604078,5.425,322.422,317.99,28.242,3.141,-2223,,3,1.09,310.912
2026-09-26T22:52:04.000Z,1790463124.000,32.650292255,-117.203626797,5.109,303.809,305.631,29.983,4.226,-2224,,3,2.55,310.996
2026-09-26T22:52:05.000Z,1790463125.000,32.650297911,-117.203655884,5.066,276.839,278.743,11.843,0.051,-2225,,3,4.242,308.626
2026-09-26T22:52:06.000Z,1790463126.000,32.650293545,-117.203682333,4.875,248.87,252.802,-4.331,-2.681,-2226,,3,4.856,305.483
2026-09-26T22:52:07.000Z,1790463127.000,32.650284777,-117.203703209,4.228,234.281,238.99,-12.413,5.27,-2227,,3,4.167,303.123
2026-09-26T22:52:08.000Z,1790463128.000,32.65027368,-117.203723376,4.38,241.903,242.835,-21.516,0.257,-2228,,3,4.377,301.592
2026-09-26T22:52:09.000Z,1790463129.000,32.650264116,-117.203745515,4.943,241.098,247.228,-17.622,2.621,-2229,,3,4.936,300.215
2026-09-26T22:52:10.000Z,1790463130.000,32.650254631,-117.203767896,4.552,238.487,243.095,-13.118,2.396,-2230,,3,4.53,298.331
2026-09-26T22:52:11.000Z,1790463131.000,32.65024362,-117.203790413,5.322,240.399,244.12,-12.309,0.643,-2231,,3,5.311,296.588
2026-09-26T22:52:12.000Z,1790463132.000,32.650230798,-117.203813022,5.169,234.39,245.206,-15.366,5.705,-2232,,3,5.095,294.656
2026-09-26T22:52:13.000Z,1790463133.000,32.650218153,-117.203837869,5.075,241.399,247.086,-15.928,1.695,-2233,,3,5.07,292.729
2026-09-26T22:52:14.000Z,1790463134.000,32.650205174,-117.203863565,5.487,236.54,246.243,-17.492,2.226,-2234,,3,5.439,290.576
2026-09-26T22:52:15.000Z,1790463135.000,32.650191643,-117.203889723,5.247,240.507,245.306,-17.041,6.978,-2235,,3,5.236,288.347
2026-09-26T22:52:16.000Z,1790463136.000,32.650176833,-117.203917035,5.645,239.751,244.963,-22.991,0.707,-2236,,3,5.628,285.986
2026-09-26T22:52:17.000Z,1790463137.000,32.650163524,-117.203943049,5.6,242.395,247.613,-25.018,-1.448,-2237,,3,5.597,284.003
2026-09-26T22:52:18.000Z,1790463138.000,32.650152263,-117.203967244,5.33,240.816,246.05,-24.292,5.198,-2238,,3,5.321,282.031
2026-09-26T22:52:19.000Z,1790463139.000,32.650141362,-117.203992431,4.979,245.93,246.029,-24.46,2.459,-2239,,3,4.977,280.163
2026-09-26T22:52:20.000Z,1790463140.000,32.650131116,-117.204018949,5.375,245.943,248.774,-23.582,-0.713,-2240,,3,5.373,278.499
2026-09-26T22:52:21.000Z,1790463141.000,32.650121319,-117.204044998,5.274,245.264,251.707,-21.333,1.449,-2241,,3,5.273,276.915
2026-09-26T22:52:22.000Z,1790463142.000,32.650111363,-117.204072434,5.569,244.518,246.99,-17.037,3.785,-2242,,3,5.569,274.786
2026-09-26T22:52:23.000Z,1790463143.000,32.650097058,-117.204102129,6.921,237.306,245.038,-18.643,1.398,-2243,,3,6.87,272.313
2026-09-26T22:52:24.000Z,1790463144.000,32.650082014,-117.204131884,6.5,240.687,245.68,-18.87,3.053,-2244,,3,6.487,269.917
2026-09-26T22:52:25.000Z,1790463145.000,32.65006767,-117.204161249,6.5,240.978,246.551,-19.39,-0.219,-2245,,3,6.489,267.621
2026-09-26T22:52:26.000Z,1790463146.000,32.650053942,-117.204188775,6.068,237.134,244.476,-15.768,1.44,-2246,,3,6.019,265.264
2026-09-26T22:52:27.000Z,1790463147.000,32.650038709,-117.204216238,6,235.488,244.552,-20.07,-1.938,-2247,,3,5.926,262.879
2026-09-26T22:52:28.000Z,1790463148.000,32.650025622,-117.204243286,5.861,242.169,248.267,-18.235,4.991,-2248,,3,5.856,260.956
2026-09-26T22:52:29.000Z,1790463149.000,32.650013351,-117.204272215,5.947,248.324,248.804,-20.206,2.781,-2249,,3,5.934,258.873
2026-09-26T22:52:30.000Z,1790463150.000,32.650002727,-117.20430137,5.531,247.313,247.069,-20.022,-0.023,-2250,,3,5.524,256.816
2026-09-26T22:52:31.000Z,1790463151.000,32.649991339,-117.204329297,5.587,239.388,245.219,-19.743,4.306,-2251,,3,5.565,254.708
2026-09-26T22:52:32.000Z,1790463152.000,32.649978342,-117.204356543,5.873,242.873,248.248,-26.258,1.3,-2252,,3,5.871,252.748
2026-09-26T22:52:33.000Z,1790463153.000,32.649965389,-117.204385259,6.153,238.779,248.566,-23.347,0.773,-2253,,3,6.123,250.584
2026-09-26T22:52:34.000Z,1790463154.000,32.649951523,-117.204415872,6.555,244.315,250.524,-20.584,1.949,-2254,,3,6.555,248.376
2026-09-26T22:52:35.000Z,1790463155.000,32.649938237,-117.204447646,6.413,245.332,249.469,-23.283,1.658,-2255,,3,6.412,246.003
2026-09-26T22:52:36.000Z,1790463156.000,32.649925492,-117.204479001,6.227,242.69,245.705,-20.677,1.476,-2256,,3,6.224,243.534
2026-09-26T22:52:37.000Z,1790463157.000,32.649912089,-117.204507857,6.033,243.358,248.97,-26.627,-1.392,-2257,,3,6.032,241.502
2026-09-26T22:52:38.000Z,1790463158.000,32.64990094,-117.204538202,5.8,246.428,247.517,-18.556,1.53,-2258,,3,5.797,239.372
2026-09-26T22:52:39.000Z,1790463159.000,32.649888942,-117.204566705,5.7,243.432,247.08,-21.804,-1.285,-2259,,3,5.699,237.269
2026-09-26T22:52:40.000Z,1790463160.000,32.649876809,-117.204594584,5.951,240.803,248.429,-25.429,0.565,-2260,,3,5.938,235.281
2026-09-26T22:52:41.000Z,1790463161.000,32.649864394,-117.204623781,6.167,244.252,249.574,-24.789,2.5,-2261,,3,6.167,233.214
2026-09-26T22:52:42.000Z,1790463162.000,32.649851053,-117.204654199,6.126,242.735,249.177,-25.496,3.865,-2262,,3,6.123,230.916
2026-09-26T22:52:43.000Z,1790463163.000,32.649837954,-117.204684973,6.329,244.159,251.526,-27.417,2.03,-2263,,3,6.329,228.812
2026-09-26T22:52:44.000Z,1790463164.000,32.649826595,-117.204717349,6.283,250.653,250.359,-19.728,5.242,-2264,,3,6.248,226.618
2026-09-26T22:52:45.000Z,1790463165.000,32.649813559,-117.20474985,6.271,244.415,247.806,-19.219,2.516,-2265,,3,6.271,224.157
2026-09-26T22:52:46.000Z,1790463166.000,32.649801541,-117.204779966,6.273,244.458,246.542,-17.122,1.689,-2266,,3,6.273,221.955
2026-09-26T22:52:47.000Z,1790463167.000,32.649789067,-117.20480762,5.401,240.176,244.25,-19.038,6.127,-2267,,3,5.384,219.715
2026-09-26T22:52:48.000Z,1790463168.000,32.649776511,-117.204832978,5.212,239.095,245.7,-24.375,-2.335,-2268,,3,5.187,217.755
2026-09-26T22:52:49.000Z,1790463169.000,32.649764618,-117.204860117,5.5,241.699,248.605,-23.165,2.669,-2269,,3,5.493,215.909
2026-09-26T22:52:50.000Z,1790463170.000,32.649753534,-117.204889646,6.113,245.705,247.84,-16.394,3.862,-2270,,3,6.112,213.853
2026-09-26T22:52:51.000Z,1790463171.000,32.649740714,-117.204919852,6.231,244.445,248.515,-19.78,-0.834,-2271,,3,6.231,211.684
2026-09-26T22:52:52.000Z,1790463172.000,32.649727945,-117.204952493,6.6,244.245,249.327,-16.054,4.739,-2272,,3,6.6,209.461
2026-09-26T22:52:53.000Z,1790463173.000,32.649713845,-117.204984277,6.215,244.901,246.372,-16.871,0.228,-2273,,3,6.215,206.886
2026-09-26T22:52:54.000Z,1790463174.000,32.649698755,-117.205014185,6.53,233.845,244.08,-20.088,-1.408,-2274,,3,6.41,204.304
2026-09-26T22:52:55.000Z,1790463175.000,32.649683636,-117.20504236,6.284,235.618,243.715,-16.934,6.738,-2275,,3,6.201,201.886
2026-09-26T22:52:56.000Z,1790463176.000,32.649668332,-117.20507106,5.795,239.815,245.338,-20.348,-0.987,-2276,,3,5.772,199.55
2026-09-26T22:52:57.000Z,1790463177.000,32.649655338,-117.205100258,6.262,244.521,250.063,-20.59,0.895,-2277,,3,6.262,197.643
2026-09-26T22:52:58.000Z,1790463178.000,32.649643229,-117.205129276,6.222,241.572,251.351,-21.497,-3.261,-2278,,3,6.211,195.625
2026-09-26T22:52:59.000Z,1790463179.000,32.649630867,-117.205158923,6.238,241.208,249.385,-20.861,4.864,-2279,,3,6.224,193.351
2026-09-26T22:53:00.000Z,1790463180.000,32.64962021,-117.205189258,5.576,249.349,249.694,-16.85,4.628,-2280,,3,5.56,191.385
2026-09-26T22:53:01.000Z,1790463181.000,32.649611085,-117.205217728,5.454,253.549,252.442,-20.547,-0.816,-2281,,3,5.392,189.794
2026-09-26T22:53:02.000Z,1790463182.000,32.649602901,-117.205245655,5.668,250.604,251.742,-18.875,1.937,-2282,,3,5.639,188.092
2026-09-26T22:53:03.000Z,1790463183.000,32.64959111,-117.205276336,6.277,244.425,250.129,-22.922,-1.828,-2283,,3,6.277,185.872
2026-09-26T22:53:04.000Z,1790463184.000,32.649578909,-117.205307638,6.287,243.3,250.257,-19.499,4.555,-2284,,3,6.285,183.704
2026-09-26T22:53:05.000Z,1790463185.000,32.649565289,-117.205339699,6.642,245.926,250.294,-24.353,-1.439,-2285,,3,6.641,181.358
2026-09-26T22:53:06.000Z,1790463186.000,32.649554104,-117.205370536,6.253,247.637,251.716,-22.959,0.82,-2286,,3,6.246,179.395
2026-09-26T22:53:07.000Z,1790463187.000,32.64954333,-117.205401019,5.812,246.327,250.868,-21.813,1.551,-2287,,3,5.81,177.338
2026-09-26T22:53:08.000Z,1790463188.000,32.649533612,-117.205429254,5.164,245.778,247.041,-16.943,7.067,-2288,,3,5.163,175.269
2026-09-26T22:53:09.000Z,1790463189.000,32.649522727,-117.205457761,5.816,248.793,248.545,-16.535,-1.574,-2289,,3,5.801,173.405
2026-09-26T22:53:10.000Z,1790463190.000,32.649511187,-117.205488442,6.344,246.377,251.585,-17.051,1.479,-2290,,3,6.341,171.512
2026-09-26T22:53:11.000Z,1790463191.000,32.649499189,-117.205520271,6.662,245.575,250.135,-15.825,2.479,-2291,,3,6.662,169.247
2026-09-26T22:53:12.000Z,1790463192.000,32.649486221,-117.205550536,5.795,242.627,244.86,-13.703,5.92,-2292,,3,5.79,166.691
2026-09-26T22:53:13.000Z,1790463193.000,32.649472389,-117.205579344,6.047,241.895,243.893,-14.302,1.766,-2293,,3,6.039,164.355
2026-09-26T22:53:14.000Z,1790463194.000,32.649459354,-117.205608401,5.836,240.624,245.457,-12.803,1.979,-2294,,3,5.819,162.247
2026-09-26T22:53:15.000Z,1790463195.000,32.649447406,-117.205636382,5.913,242.465,247.035,-12.77,2.249,-2295,,3,5.908,160.287
2026-09-26T22:53:16.000Z,1790463196.000,32.649436053,-117.205664492,5.528,245.479,246.241,-13.783,0.28,-2296,,3,5.528,158.242
2026-09-26T22:53:17.000Z,1790463197.000,32.649424679,-117.205690946,5.516,240.054,242.952,-10.237,4.828,-2297,,3,5.495,156.095
2026-09-26T22:53:18.000Z,1790463198.000,32.649410689,-117.205717609,5.561,238.709,242.863,-15.011,-0.976,-2298,,3,5.526,153.854
2026-09-26T22:53:19.000Z,1790463199.000,32.649396985,-117.205743377,5.994,235.372,247.458,-19.019,-2.433,-2299,,3,5.907,151.951
2026-09-26T22:53:20.000Z,1790463200.000,32.649385232,-117.205771379,5.668,244.305,250.213,-16.794,5.508,-2300,,3,5.668,150.089
2026-09-26T22:53:21.000Z,1790463201.000,32.649373198,-117.205801884,5.477,248.301,248.692,-16.778,5.992,-2301,,3,5.469,147.855
2026-09-26T22:53:22.000Z,1790463202.000,32.649360575,-117.205830096,5.951,242.03,247.664,-20.892,-0.191,-2302,,3,5.942,145.657
2026-09-26T22:53:23.000Z,1790463203.000,32.649347913,-117.205858453,5.973,241.321,247.245,-23.288,-1,-2303,,3,5.959,143.489
2026-09-26T22:53:24.000Z,1790463204.000,32.649334489,-117.205887143,6.169,239.702,246.128,-20.732,1.394,-2304,,3,6.139,141.188
2026-09-26T22:53:25.000Z,1790463205.000,32.649320066,-117.205916288,6.089,242.47,246.695,-17.727,0.865,-2305,,3,6.081,138.872
2026-09-26T22:53:26.000Z,1790463206.000,32.649306286,-117.205943692,5.738,239.311,245.386,-18.397,1.639,-2306,,3,5.704,136.558
2026-09-26T22:53:27.000Z,1790463207.000,32.64929247,-117.20597126,6.058,238.402,245.178,-14.674,0.652,-2307,,3,6.01,134.303
2026-09-26T22:53:28.000Z,1790463208.000,32.649278166,-117.205998073,5.7,237.053,246.597,-18.377,3.492,-2308,,3,5.635,132.117
2026-09-26T22:53:29.000Z,1790463209.000,32.649264709,-117.206027764,6.1,245.328,248.664,-19.852,1.153,-2309,,3,6.1,129.981
2026-09-26T22:53:30.000Z,1790463210.000,32.649253605,-117.206057729,5.852,248.569,246.434,-16.109,1.753,-2310,,3,5.845,127.821
2026-09-26T22:53:31.000Z,1790463211.000,32.649241139,-117.206086265,5.657,241.169,243.346,-17.534,-0.338,-2311,,3,5.638,125.51
2026-09-26T22:53:32.000Z,1790463212.000,32.649228135,-117.206112266,5.852,237.955,245.402,-19.633,0.112,-2312,,3,5.795,123.519
2026-09-26T22:53:33.000Z,1790463213.000,32.64921553,-117.206139269,5.476,242.149,246.601,-17.663,2.537,-2313,,3,5.463,121.494
2026-09-26T22:53:34.000Z,1790463214.000,32.649202625,-117.206165973,5.539,237.664,245.081,-19.619,2.603,-2314,,3,5.478,119.281
2026-09-26T22:53:35.000Z,1790463215.000,32.649189627,-117.206193074,5.5,244.035,247.045,-21.494,-2.12,-2315,,3,5.496,117.258
2026-09-26T22:53:36.000Z,1790463216.000,32.649176954,-117.206220193,5.755,239.863,249.552,-22.584,2.928,-2316,,3,5.72,115.307
2026-09-26T22:53:37.000Z,1790463217.000,32.649165571,-117.206247517,5.276,245.132,248.559,-17.888,4.65,-2317,,3,5.275,113.266
2026-09-26T22:53:38.000Z,1790463218.000,32.649153114,-117.206276845,6.073,244.273,249.07,-16.973,-0.624,-2318,,3,6.07,111.151
2026-09-26T22:53:39.000Z,1790463219.000,32.649140887,-117.206307368,6.352,245.904,249.345,-18.929,0.957,-2319,,3,6.352,109.011
2026-09-26T22:53:40.000Z,1790463220.000,32.649129263,-117.206339797,6.565,244.63,248.73,-15.504,5.124,-2320,,3,6.562,106.825
2026-09-26T22:53:41.000Z,1790463221.000,32.649119319,-117.206369578,5.214,251.915,248.379,-14.952,4.478,-2321,,3,5.189,104.909
2026-09-26T22:53:42.000Z,1790463222.000,32.649109187,-117.206397572,5.196,244.871,245.829,-14.288,-0.395,-2322,,3,5.194,102.889
2026-09-26T22:53:43.000Z,1790463223.000,32.649098968,-117.206422884,5.489,242.195,246.533,-12.587,-0.017,-2323,,3,5.475,101.134
2026-09-26T22:53:44.000Z,1790463224.000,32.649086921,-117.206448634,5.531,240.845,245.513,-12.547,0.514,-2324,,3,5.504,99.068
2026-09-26T22:53:45.000Z,1790463225.000,32.64907329,-117.206473707,5.909,235.908,244.086,-12.673,0.76,-2325,,3,5.804,96.831
2026-09-26T22:53:46.000Z,1790463226.000,32.649059132,-117.206500993,6.144,240.689,245.007,-14.31,3.81,-2326,,3,6.109,94.615
2026-09-26T22:53:47.000Z,1790463227.000,32.649045468,-117.20652857,5.747,240.131,241.754,-13.975,3.491,-2327,,3,5.704,92.199
2026-09-26T22:53:48.000Z,1790463228.000,32.649030813,-117.206555724,5.8,240.086,246.015,-17.208,0.273,-2328,,3,5.755,90.13
2026-09-26T22:53:49.000Z,1790463229.000,32.649018818,-117.206583137,5.713,243.891,247.85,-16.461,4.569,-2329,,3,5.703,88.198
2026-09-26T22:53:50.000Z,1790463230.000,32.649008109,-117.206610414,5.293,246.587,246.31,-11.98,1.137,-2330,,3,5.293,86.199
2026-09-26T22:53:51.000Z,1790463231.000,32.648996921,-117.206637092,5.611,246.979,249.877,-16.058,-1.835,-2331,,3,5.611,84.484
2026-09-26T22:53:52.000Z,1790463232.000,32.648987789,-117.206664469,5.736,245.535,255.291,-14.686,4.541,-2332,,3,5.734,83.104
2026-09-26T22:53:53.000Z,1790463233.000,32.648978991,-117.206694738,6.086,251.469,253.886,-13.807,3.412,-2333,,3,6.068,81.221
2026-09-26T22:53:54.000Z,1790463234.000,32.648969938,-117.206725083,6.069,247.725,254.924,-12.406,3.945,-2334,,3,6.068,79.476
2026-09-26T22:53:55.000Z,1790463235.000,32.648960017,-117.206756298,5.503,255.339,252.143,-15.087,3.386,-2335,,3,5.445,77.357
2026-09-26T22:53:56.000Z,1790463236.000,32.648949148,-117.206785134,5.276,246.951,249.997,-15.643,5.106,-2336,,3,5.276,75.251
2026-09-26T22:53:57.000Z,1790463237.000,32.648938039,-117.206812704,5.442,239.083,249.283,-14.353,-1.302,-2337,,3,5.388,73.25
2026-09-26T22:53:58.000Z,1790463238.000,32.648927587,-117.206839352,5.553,241.622,249.478,-12.582,1.3,-2338,,3,5.527,71.403
2026-09-26T22:53:59.000Z,1790463239.000,32.64891545,-117.20686817,5.6,245.605,248.169,-15.55,4.802,-2339,,3,5.597,69.22
2026-09-26T22:54:00.000Z,1790463240.000,32.648902898,-117.206896191,5.813,242.712,249.778,-19.998,-3.28,-2340,,3,5.793,67.202
2026-09-26T22:54:01.000Z,1790463241.000,32.648893205,-117.206922653,5.621,246.621,255.13,-20.739,0.962,-2341,,3,5.621,65.784
2026-09-26T22:54:02.000Z,1790463242.000,32.648884675,-117.206949981,4.931,250.357,254.085,-17.897,1.901,-2342,,3,4.924,64.037
2026-09-26T22:54:03.000Z,1790463243.000,32.648876149,-117.206977229,5.238,251.238,255.49,-18.325,-0.979,-2343,,3,5.224,62.46
2026-09-26T22:54:04.000Z,1790463244.000,32.648867723,-117.207004192,5.505,248.786,255.078,-17.118,1.271,-2344,,3,5.503,60.778
2026-09-26T22:54:05.000Z,1790463245.000,32.648858304,-117.207032499,5.637,247.199,255.104,-22.037,0.029,-2345,,3,5.637,58.983
2026-09-26T22:54:06.000Z,1790463246.000,32.648848895,-117.207064712,6.189,253.721,257.565,-22.623,1.532,-2346,,3,6.143,57.248
2026-09-26T22:54:07.000Z,1790463247.000,32.648840731,-117.207097574,6.126,255.565,254.209,-18.901,3.549,-2347,,3,6.052,55.224
2026-09-26T22:54:08.000Z,1790463248.000,32.648831738,-117.207127946,5.468,248.105,249.297,-15.24,4.377,-2348,,3,5.466,53.091
2026-09-26T22:54:09.000Z,1790463249.000,32.648819817,-117.207155941,5.953,237.352,248.451,-17.47,-0.074,-2349,,3,5.87,50.984
2026-09-26T22:54:10.000Z,1790463250.000,32.648807868,-117.207184225,6.253,240.637,250.489,-16.007,-0.132,-2350,,3,6.215,49.05
2026-09-26T22:54:11.000Z,1790463251.000,32.648795196,-117.207214464,6.474,243.6,250.747,-13.407,2.291,-2351,,3,6.462,46.87
2026-09-26T22:54:12.000Z,1790463252.000,32.648782318,-117.207244826,6.242,242.49,249.085,-17.53,3.152,-2352,,3,6.219,44.542
2026-09-26T22:54:13.000Z,1790463253.000,32.648771493,-117.207275075,5.795,250.471,252.208,-17.963,0.034,-2353,,3,5.786,42.744
2026-09-26T22:54:14.000Z,1790463254.000,32.648763487,-117.207303784,5.124,250.626,251.866,-13.621,1.304,-2354,,3,5.114,41.063
2026-09-26T22:54:15.000Z,1790463255.000,32.648755183,-117.207330475,5.174,249.107,250.843,-13.866,1.237,-2355,,3,5.17,39.362
2026-09-26T22:54:16.000Z,1790463256.000,32.648746571,-117.207355719,5.169,245.368,251.507,-14.838,2.018,-2356,,3,5.167,37.781
2026-09-26T22:54:17.000Z,1790463257.000,32.648736432,-117.207383259,5.511,247.29,252.533,-14.635,-1.087,-2357,,3,5.511,35.997
2026-09-26T22:54:18.000Z,1790463258.000,32.648726739,-117.207412209,5.7,250.05,251.837,-12.501,3.207,-2358,,3,5.691,34.107
2026-09-26T22:54:19.000Z,1790463259.000,32.648715585,-117.207441362,6,246.601,252.11,-17.126,0.706,-2359,,3,6,32.12
2026-09-26T22:54:20.000Z,1790463260.000,32.648705662,-117.207470761,5.493,246.495,250.063,-14.747,4.234,-2360,,3,5.493,30.106
2026-09-26T22:54:21.000Z,1790463261.000,32.648692111,-117.207501174,6.289,238.991,248.593,-20.329,-0.702,-2361,,3,6.22,27.718
2026-09-26T22:54:22.000Z,1790463262.000,32.648679596,-117.207530677,6.261,244.778,252.055,-21.003,0.508,-2362,,3,6.254,25.782
2026-09-26T22:54:23.000Z,1790463263.000,32.648667411,-117.207561556,6.373,245.86,253.545,-25.845,1.474,-2363,,3,6.37,23.72
2026-09-26T22:54:24.000Z,1790463264.000,32.648658427,-117.20759337,6.2,252.679,253.405,-19.727,1.883,-2364,,3,6.17,21.86
2026-09-26T22:54:25.000Z,1790463265.000,32.648649278,-117.207626584,6.188,251.921,250.984,-16.267,1.405,-2365,,3,6.164,19.793
2026-09-26T22:54:26.000Z,1790463266.000,32.648638628,-117.207658008,6.387,245.743,246.54,-13.74,2.503,-2366,,3,6.384,17.498
2026-09-26T22:54:27.000Z,1790463267.000,32.648624698,-117.20768631,5.863,238.621,244.181,-18.503,3.586,-2367,,3,5.767,15.08
2026-09-26T22:54:28.000Z,1790463268.000,32.648609107,-117.207714839,5.916,240.19,247.352,-20.649,1.076,-2368,,3,5.827,12.814
2026-09-26T22:54:29.000Z,1790463269.000,32.648593258,-117.207745694,6.739,236.302,248.149,-19.913,1.086,-2369,,3,6.485,10.313
2026-09-26T22:54:30.000Z,1790463270.000,32.64857816,-117.207777686,6.874,239.263,250.094,-19.732,0.23,-2370,,3,6.644,7.934
2026-09-26T22:54:31.000Z,1790463271.000,32.648564427,-117.207810179,6.447,239.538,246.114,-16.455,3.586,-2371,,3,6.076,5.313
2026-09-26T22:54:32.000Z,1790463272.000,32.648549033,-117.207841912,6.246,241.649,245.876,-21.656,2.701,-2372,,3,5.633,2.771
2026-09-26T22:54:33.000Z,1790463273.000,32.648537038,-117.207871188,5.525,249.577,252.265,-28.784,1.377,-2373,,3,4.98,1.08
2026-09-26T22:54:34.000Z,1790463274.000,32.648529466,-117.207901955,5.754,257.362,258.085,-25.699,-2.59,-2374,,3,4.706,-0.192
2026-09-26T22:54:35.000Z,1790463275.000,32.648525112,-117.20793262,5.669,260.375,259.427,-18.123,0.876,-2375,,,,
2026-09-26T22:54:36.000Z,1790463276.000,32.648519732,-117.207965124,6.138,252.865,256.891,-12.91,0.511,-2376,,,,
2026-09-26T22:54:37.000Z,1790463277.000,32.648511798,-117.207996081,6.173,250.785,256.767,-10.913,3.027,-2377,,,,
2026-09-26T22:54:38.000Z,1790463278.000,32.648503192,-117.20802779,6.086,251.386,255.984,-11.153,0.034,-2378,,,,
2026-09-26T22:54:39.000Z,1790463279.000,32.648494906,-117.208059173,6.29,252.31,257.092,-10.708,-0.155,-2379,,,,
2026-09-26T22:54:40.000Z,1790463280.000,32.64848592,-117.208090914,5.8,251.052,256.594,-12.442,6.593,-2380,,,,
2026-09-26T22:54:41.000Z,1790463281.000,32.648477651,-117.208123486,6.3,255.42,259.091,-15.054,0.06,-2381,,,,
2026-09-26T22:54:42.000Z,1790463282.000,32.648472383,-117.208155752,6.068,263.221,264.097,-16.776,3.442,-2382,,,,
2026-09-26T22:54:43.000Z,1790463283.000,32.64846959,-117.208188652,5.778,262.114,260.538,-12.936,2.338,-2383,,,,
2026-09-26T22:54:44.000Z,1790463284.000,32.648466442,-117.208218393,5.376,258.953,256.924,-6.284,6.371,-2384,,,,
2026-09-26T22:54:45.000Z,1790463285.000,32.648460111,-117.208246508,5.214,253.104,253.605,-10.587,-0.772,-2385,,,,
2026-09-26T22:54:46.000Z,1790463286.000,32.648452154,-117.208272994,4.969,249.7,251.263,-10.421,1.752,-2386,,,,
2026-09-26T22:54:47.000Z,1790463287.000,32.648441996,-117.208298769,5.123,246.52,251.128,-15.664,2.837,-2387,,,,
2026-09-26T22:54:48.000Z,1790463288.000,32.648431373,-117.208325373,5.4,246.171,254.433,-16.128,0.967,-2388,,,,
2026-09-26T22:54:49.000Z,1790463289.000,32.648421392,-117.208354462,6,250.722,255.084,-13.772,5.697,-2389,,,,
2026-09-26T22:54:50.000Z,1790463290.000,32.648410484,-117.208385321,6.332,246.426,253.366,-16.905,-0.629,-2390,,,,
2026-09-26T22:54:51.000Z,1790463291.000,32.648399829,-117.208416105,6.142,247.653,253.03,-18.3,-0.507,-2391,,,,
2026-09-26T22:54:52.000Z,1790463292.000,32.6483904,-117.208443229,5.226,246.174,251.891,-16.28,9.024,-2392,,,,
2026-09-26T22:54:53.000Z,1790463293.000,32.648380744,-117.208471371,5.447,251.881,253.743,-18.878,-0.021,-2393,,,,
2026-09-26T22:54:54.000Z,1790463294.000,32.648373968,-117.208498932,5.638,254.597,258.839,-19.987,1.475,-2394,,,,
2026-09-26T22:54:55.000Z,1790463295.000,32.648368589,-117.208526694,4.788,259.199,257.485,-20.378,4.486,-2395,,,,
2026-09-26T22:54:56.000Z,1790463296.000,32.648363639,-117.208554391,5.432,260.666,259.97,-20.396,-3.819,-2396,,,,
2026-09-26T22:54:57.000Z,1790463297.000,32.648359759,-117.208581728,5.322,257.468,262.888,-14.843,7.698,-2397,,,,
2026-09-26T22:54:58.000Z,1790463298.000,32.648353361,-117.208612343,5.256,257.314,259.286,-15.567,2.431,-2398,,,,
2026-09-26T22:54:59.000Z,1790463299.000,32.648347,-117.208643597,5.865,261.321,259.655,-13.183,-0.575,-2399,,,,
2026-09-26T22:55:00.000Z,1790463300.000,32.648340246,-117.208673913,5.659,256.321,260.234,-12.812,4.56,-2400,,,,
2026-09-26T22:55:01.000Z,1790463301.000,32.648334432,-117.20870219,5.064,257.28,259.14,-12.143,0.938,-2401,,,,
2026-09-26T22:55:02.000Z,1790463302.000,32.648328644,-117.208729646,5.1,250.474,259.185,-10.385,5.979,-2402,,,,
2026-09-26T22:55:03.000Z,1790463303.000,32.648323338,-117.208755649,4.6,255.164,253.573,-9.936,6.902,-2403,,,,
2026-09-26T22:55:04.000Z,1790463304.000,32.648316488,-117.208779578,4.564,253.733,253.297,-15.267,-0.198,-2404,,,,
2026-09-26T22:55:05.000Z,1790463305.000,32.648310797,-117.208805035,5.016,256.364,256.431,-17.205,0.902,-2405,,,,
2026-09-26T22:55:06.000Z,1790463306.000,32.648305063,-117.208832359,5.275,255.276,260.003,-19.949,-0.115,-2406,,,,
2026-09-26T22:55:07.000Z,1790463307.000,32.648299904,-117.208857467,4.653,255.659,257.898,-16.579,10.968,-2407,,,,
2026-09-26T22:55:08.000Z,1790463308.000,32.648293752,-117.208883673,5.109,256.126,256.993,-16.187,-1.481,-2408,,,,
2026-09-26T22:55:09.000Z,1790463309.000,32.648285686,-117.208911862,5.566,252.097,257.083,-13.137,0.891,-2409,,,,
2026-09-26T22:55:10.000Z,1790463310.000,32.648275976,-117.208939222,5.687,245.513,255.31,-17.656,3.94,-2410,,,,
2026-09-26T22:55:11.000Z,1790463311.000,32.648266996,-117.208966641,5.269,253.184,255.913,-16.46,0.235,-2411,,,,
2026-09-26T22:55:12.000Z,1790463312.000,32.648260061,-117.208991451,5.138,248.861,257.529,-13.104,3.584,-2412,,,,
2026-09-26T22:55:13.000Z,1790463313.000,32.648254361,-117.209016991,4.7,258.627,260.325,-16.819,-1.026,-2413,,,,
2026-09-26T22:55:14.000Z,1790463314.000,32.648252478,-117.209041455,4.861,263.548,263.002,-12.029,2.051,-2414,,,,
2026-09-26T22:55:15.000Z,1790463315.000,32.648250813,-117.209065649,4.729,259.811,260.284,-10.678,3.025,-2415,,,,
2026-09-26T22:55:16.000Z,1790463316.000,32.648248103,-117.209090304,4.469,265.29,260.657,-13.655,0.475,-2416,,,,
2026-09-26T22:55:17.000Z,1790463317.000,32.648243891,-117.209117627,5.188,257.26,260.755,-15.168,1.334,-2417,,,,
2026-09-26T22:55:18.000Z,1790463318.000,32.648237613,-117.209146476,5.487,258.051,259.024,-14.472,1.767,-2418,,,,
2026-09-26T22:55:19.000Z,1790463319.000,32.648230219,-117.209173646,5.64,249.235,258.705,-13.428,-2.289,-2419,,,,
2026-09-26T22:55:20.000Z,1790463320.000,32.648223652,-117.209198705,4.445,254.043,258.689,-11.574,8.961,-2420,,,,
2026-09-26T22:55:21.000Z,1790463321.000,32.648216674,-117.209223028,4.65,254.377,256.776,-12.523,-0.62,-2421,,,,
2026-09-26T22:55:22.000Z,1790463322.000,32.648210954,-117.209246141,4.614,257.133,260.411,-15.55,2.023,-2422,,,,
2026-09-26T22:55:23.000Z,1790463323.000,32.648206682,-117.209270194,4.72,262.975,261.609,-17.541,-0.772,-2423,,,,
2026-09-26T22:55:24.000Z,1790463324.000,32.648204369,-117.209294272,4.412,262.9,262.845,-9.981,6.826,-2424,,,,
2026-09-26T22:55:25.000Z,1790463325.000,32.648201073,-117.20931732,4.113,260.907,261.147,-13.68,0.914,-2425,,,,
2026-09-26T22:55:26.000Z,1790463326.000,32.648199109,-117.209340227,4.33,263.344,262.964,-10.471,0.553,-2426,,,,
2026-09-26T22:55:27.000Z,1790463327.000,32.648194595,-117.209365632,5.137,256.505,260.07,-10.205,3.765,-2427,,,,
2026-09-26T22:55:28.000Z,1790463328.000,32.648186987,-117.209393308,5.149,255.313,255.994,-15.363,1.503,-2428,,,,
2026-09-26T22:55:29.000Z,1790463329.000,32.648180038,-117.209417318,4.6,248.787,255.877,-14.37,4.341,-2429,,,,
2026-09-26T22:55:30.000Z,1790463330.000,32.648172974,-117.209440063,4.432,250.632,256.902,-15.836,2.775,-2430,,,,
2026-09-26T22:55:31.000Z,1790463331.000,32.648167789,-117.209462376,3.869,256.408,257.262,-12.244,2.445,-2431,,,,
2026-09-26T22:55:32.000Z,1790463332.000,32.648162601,-117.209484772,4.462,258.5,257.377,-11.8,3.245,-2432,,,,
2026-09-26T22:55:33.000Z,1790463333.000,32.648155441,-117.209509047,4.31,255.828,254.725,-16.035,2.697,-2433,,,,
2026-09-26T22:55:34.000Z,1790463334.000,32.648148478,-117.209533247,4.884,249.222,254.444,-18.001,2.198,-2434,,,,
2026-09-26T22:55:35.000Z,1790463335.000,32.648141408,-117.209558149,5.24,250.32,256.392,-23.639,-0.793,-2435,,,,
2026-09-26T22:55:36.000Z,1790463336.000,32.64813568,-117.209583323,4.674,254.742,258.171,-20.703,1.435,-2436,,,,